#
# A fatal error has been detected by the Java Runtime Environment:
#
#  EXCEPTION_ACCESS_VIOLATION (0xc0000005) at pc=0x00007ffa305cf707, pid=29672, tid=31652
#
# JRE version: OpenJDK Runtime Environment JBR-21.0.10+1-1163.110-jcef (21.0.10+1) (build 21.0.10+1-b1163.110)
# Java VM: OpenJDK 64-Bit Server VM JBR-21.0.10+1-1163.110-jcef (21.0.10+1-b1163.110, mixed mode, sharing, tiered, compressed oops, compressed class ptrs, g1 gc, windows-amd64)
# Problematic frame:
# C  0x00007ffa305cf707
#
# No core dump will be written. Minidumps are not enabled by default on client versions of Windows
#
# If you would like to submit a bug report, please visit:
#   https://youtrack.jetbrains.com/issues/JBR
# The crash happened outside the Java Virtual Machine in native code.
# See problematic frame for where to report the bug.
#

---------------  S U M M A R Y ------------

Command Line: abort vfprintf -XX:ErrorFile=C:\Users\user1\java_error_in_rider_%p.log -XX:HeapDumpPath=C:\Users\user1\java_error_in_rider.hprof -Xms128m -Xmx2048m -XX:JbrShrinkingGcMaxHeapFreeRatio=40 -XX:ReservedCodeCacheSize=512m -XX:+HeapDumpOnOutOfMemoryError -XX:-OmitStackTraceInFastThrow -XX:CICompilerCount=2 -XX:+IgnoreUnrecognizedVMOptions -XX:+UnlockDiagnosticVMOptions -XX:TieredOldPercentage=100000 -ea -Dsun.io.useCanonCaches=false -Dsun.java2d.metal=true -Djbr.catch.SIGABRT=true -Djdk.http.auth.tunneling.disabledSchemes="" -Djdk.attach.allowAttachSelf=true -Djdk.module.illegalAccess.silent=true -Djdk.nio.maxCachedBufferSize=2097152 -Djava.util.zip.use.nio.for.zip.file.access=true -Dkotlinx.coroutines.debug=off -Djava.nio.file.spi.DefaultFileSystemProvider=com.intellij.platform.core.nio.fs.MultiRoutingFileSystemProvider -Dllm.show.ai.promotion.window.on.start=false -Xms128m -Xmx1024m -XX:ReservedCodeCacheSize=512m -XX:+IgnoreUnrecognizedVMOptions -XX:+UseG1GC -XX:SoftRefLRUPolicyMSPerMB=50 -XX:CICompilerCount=2 -XX:+HeapDumpOnOutOfMemoryError -XX:-OmitStackTraceInFastThrow -ea -Dsun.io.useCanonCaches=false -Djdk.http.auth.tunneling.disabledSchemes="" -Djdk.attach.allowAttachSelf=true -Djdk.module.illegalAccess.silent=true -Dkotlinx.coroutines.debug=off -XX:ErrorFile=$USER_HOME/java_error_in_idea_%p.log -XX:HeapDumpPath=$USER_HOME/java_error_in_idea.hprof --add-opens=java.base/jdk.internal.org.objectweb.asm=ALL-UNNAMED --add-opens=java.base/jdk.internal.org.objectweb.asm.tree=ALL-UNNAMED -javaagent:C:\JetBrains ja-netfilter-all Build 2024.1.11\ja-netfilter-all\ja-netfilter.jar=jetbrains -Djb.vmOptionsFile=C:\JetBrains ja-netfilter-all Build 2024.1.11\ja-netfilter-all\vmoptions\rider.vmoptions -Xbootclasspath/a:C:\Program Files\JetBrains\JetBrains Rider 2025.3.4\lib\nio-fs.jar -Djava.system.class.loader=com.intellij.util.lang.PathClassLoader -Didea.vendor.name=JetBrains -Didea.paths.selector=Rider2025.3 -Djna.boot.library.path=C:\Program Files\JetBrains\JetBrains Rider 2025.3.4/lib/jna/amd64 -Djna.nosys=true -Djna.noclasspath=true -Dpty4j.preferred.native.folder=C:\Program Files\JetBrains\JetBrains Rider 2025.3.4/lib/pty4j -Dio.netty.allocator.type=pooled -Dskiko.library.path=C:\Program Files\JetBrains\JetBrains Rider 2025.3.4/lib/skiko-awt-runtime-all -Dintellij.platform.runtime.repository.path=C:\Program Files\JetBrains\JetBrains Rider 2025.3.4/modules/module-descriptors.dat -Didea.platform.prefix=Rider -Dwsl.use.remote.agent.for.nio.filesystem=true -Djava.nio.file.spi.DefaultFileSystemProvider=com.intellij.platform.core.nio.fs.MultiRoutingFileSystemProvider -Didea.class.before.app=com.jetbrains.rider.protocol.EarlyBackendStarter -Didea.show.customize.ide.wizard=true -DFilePageCache.THROW_ERROR_ON_DUPLICATE_STORAGE_REGISTRATION=false -Dsplash=true -Daether.connector.resumeDownloads=false -Dcompose.swing.render.on.graphics=true --add-opens=java.base/java.io=ALL-UNNAMED --add-opens=java.base/java.lang=ALL-UNNAMED --add-opens=java.base/java.lang.ref=ALL-UNNAMED --add-opens=java.base/java.lang.reflect=ALL-UNNAMED --add-opens=java.base/java.net=ALL-UNNAMED --add-opens=java.base/java.nio=ALL-UNNAMED --add-opens=java.base/java.nio.charset=ALL-UNNAMED --add-opens=java.base/java.text=ALL-UNNAMED --add-opens=java.base/java.time=ALL-UNNAMED --add-opens=java.base/java.util=ALL-UNNAMED --add-opens=java.base/java.util.concurrent=ALL-UNNAMED --add-opens=java.base/java.util.concurrent.atomic=ALL-UNNAMED --add-opens=java.base/java.util.concurrent.locks=ALL-UNNAMED --add-opens=java.base/jdk.internal.ref=ALL-UNNAMED --add-opens=java.base/jdk.internal.vm=ALL-UNNAMED --add-opens=java.base/sun.net.dns=ALL-UNNAMED --add-opens=java.base/sun.nio=ALL-UNNAMED --add-opens=java.base/sun.nio.ch=ALL-UNNAMED --add-opens=java.base/sun.nio.fs=ALL-UNNAMED --add-opens=java.base/sun.security.ssl=ALL-UNNAMED --add-opens=java.base/sun.security.util=ALL-UNNAMED --add-opens=java.desktop/com.sun.java.swing=ALL-UNNAMED --add-opens=java.desktop/java.awt=ALL-UNNAMED --add-opens=java.desktop/java.awt.dnd.peer=ALL-UNNAMED --add-opens=java.desktop/java.awt.event=ALL-UNNAMED --add-opens=java.desktop/java.awt.font=ALL-UNNAMED --add-opens=java.desktop/java.awt.image=ALL-UNNAMED --add-opens=java.desktop/java.awt.peer=ALL-UNNAMED --add-opens=java.desktop/javax.swing=ALL-UNNAMED --add-opens=java.desktop/javax.swing.plaf.basic=ALL-UNNAMED --add-opens=java.desktop/javax.swing.text=ALL-UNNAMED --add-opens=java.desktop/javax.swing.text.html=ALL-UNNAMED --add-opens=java.desktop/javax.swing.text.html.parser=ALL-UNNAMED --add-opens=java.desktop/sun.awt=ALL-UNNAMED --add-opens=java.desktop/sun.awt.datatransfer=ALL-UNNAMED --add-opens=java.desktop/sun.awt.image=ALL-UNNAMED --add-opens=java.desktop/sun.awt.windows=ALL-UNNAMED --add-opens=java.desktop/sun.font=ALL-UNNAMED --add-opens=java.desktop/sun.java2d=ALL-UNNAMED --add-opens=java.desktop/sun.swing=ALL-UNNAMED --add-opens=java.management/sun.management=ALL-UNNAMED --add-opens=jdk.attach/sun.tools.attach=ALL-UNNAMED --add-opens=jdk.compiler/com.sun.tools.javac.api=ALL-UNNAMED --add-opens=jdk.internal.jvmstat/sun.jvmstat.monitor=ALL-UNNAMED --add-opens=jdk.jdi/com.sun.tools.jdi=ALL-UNNAMED -Dide.native.launcher=true -Djcef.sandbox.ptr=00000184146CF890 -Djcef.sandbox.cefVersion=122.1.9+gd14e051+chromium-122.0.6261.94 com.intellij.idea.Main F:\Unity\Unity_Project\Willcraf_Playable\Willcraf_Playable.sln --line -1 --column -1 F:\Unity\Unity_Project\Willcraf_Playable\Assets\_Scripts\HorseMount.cs

Host: 12th Gen Intel(R) Core(TM) i5-12400F, 12 cores, 31G,  Windows 11 , 64 bit Build 26100 (10.0.26100.7920)
Time: Mon Mar 30 11:52:51 2026 SE Asia Standard Time elapsed time: 3130.550315 seconds (0d 0h 52m 10s)

---------------  T H R E A D  ---------------

Current thread (0x00000184b0e13ad0):  JavaThread "AWT-EventQueue-0"        [_thread_in_native, id=31652, stack(0x00000063aab00000,0x00000063aac00000) (1024K)]

Stack: [0x00000063aab00000,0x00000063aac00000],  sp=0x00000063aabfb0c0,  free space=1004k
Native frames: (J=compiled Java code, j=interpreted, Vv=VM code, C=native code)
C  0x00007ffa305cf707

Java frames: (J=compiled Java code, j=interpreted, Vv=VM code)
J 83681  org.jetbrains.skia.DirectContextKt._nFlushAndSubmit(JJZ)V (0 bytes) @ 0x000001842c710a21 [0x000001842c7109c0+0x0000000000000061]
J 107143 c2 org.jetbrains.skiko.ResourceUtilsKt.autoCloseScope(Lkotlin/jvm/functions/Function1;)V (166 bytes) @ 0x000001842d42eea0 [0x000001842d42d5a0+0x0000000000001900]
J 107157 c2 org.jetbrains.skiko.swing.Direct3DSwingRedrawer.onRender(Ljava/awt/Graphics2D;IIJ)V (21 bytes) @ 0x000001842d42c5e0 [0x000001842d42c520+0x00000000000000c0]
J 104891 c2 androidx.compose.ui.scene.skia.SwingSkiaLayerComponent$contentComponent$1.paint(Ljava/awt/Graphics;)V (25 bytes) @ 0x000001842d2763b4 [0x000001842d275da0+0x0000000000000614]
J 113140 c1 javax.swing.JComponent.paintChildren(Ljava/awt/Graphics;)V java.desktop (684 bytes) @ 0x000001841ab45414 [0x000001841ab447c0+0x0000000000000c54]
J 80336 c2 javax.swing.JComponent.paint(Ljava/awt/Graphics;)V java.desktop (379 bytes) @ 0x000001842c4fe7e4 [0x000001842c4fe040+0x00000000000007a4]
J 84012 c2 javax.swing.JLayeredPane.paint(Ljava/awt/Graphics;)V java.desktop (77 bytes) @ 0x000001842c751e10 [0x000001842c751d00+0x0000000000000110]
J 113140 c1 javax.swing.JComponent.paintChildren(Ljava/awt/Graphics;)V java.desktop (684 bytes) @ 0x000001841ab45414 [0x000001841ab447c0+0x0000000000000c54]
J 80336 c2 javax.swing.JComponent.paint(Ljava/awt/Graphics;)V java.desktop (379 bytes) @ 0x000001842c4fe7e4 [0x000001842c4fe040+0x00000000000007a4]
J 113140 c1 javax.swing.JComponent.paintChildren(Ljava/awt/Graphics;)V java.desktop (684 bytes) @ 0x000001841ab45414 [0x000001841ab447c0+0x0000000000000c54]
J 80336 c2 javax.swing.JComponent.paint(Ljava/awt/Graphics;)V java.desktop (379 bytes) @ 0x000001842c4fe7e4 [0x000001842c4fe040+0x00000000000007a4]
J 113140 c1 javax.swing.JComponent.paintChildren(Ljava/awt/Graphics;)V java.desktop (684 bytes) @ 0x000001841ab45414 [0x000001841ab447c0+0x0000000000000c54]
J 80336 c2 javax.swing.JComponent.paint(Ljava/awt/Graphics;)V java.desktop (379 bytes) @ 0x000001842c4fe7e4 [0x000001842c4fe040+0x00000000000007a4]
J 113140 c1 javax.swing.JComponent.paintChildren(Ljava/awt/Graphics;)V java.desktop (684 bytes) @ 0x000001841ab45414 [0x000001841ab447c0+0x0000000000000c54]
J 80336 c2 javax.swing.JComponent.paint(Ljava/awt/Graphics;)V java.desktop (379 bytes) @ 0x000001842c4fe7e4 [0x000001842c4fe040+0x00000000000007a4]
J 113140 c1 javax.swing.JComponent.paintChildren(Ljava/awt/Graphics;)V java.desktop (684 bytes) @ 0x000001841ab45414 [0x000001841ab447c0+0x0000000000000c54]
J 80336 c2 javax.swing.JComponent.paint(Ljava/awt/Graphics;)V java.desktop (379 bytes) @ 0x000001842c4fe7e4 [0x000001842c4fe040+0x00000000000007a4]
J 113140 c1 javax.swing.JComponent.paintChildren(Ljava/awt/Graphics;)V java.desktop (684 bytes) @ 0x000001841ab45414 [0x000001841ab447c0+0x0000000000000c54]
J 80336 c2 javax.swing.JComponent.paint(Ljava/awt/Graphics;)V java.desktop (379 bytes) @ 0x000001842c4fe7e4 [0x000001842c4fe040+0x00000000000007a4]
J 113140 c1 javax.swing.JComponent.paintChildren(Ljava/awt/Graphics;)V java.desktop (684 bytes) @ 0x000001841ab45414 [0x000001841ab447c0+0x0000000000000c54]
J 80336 c2 javax.swing.JComponent.paint(Ljava/awt/Graphics;)V java.desktop (379 bytes) @ 0x000001842c4fe7e4 [0x000001842c4fe040+0x00000000000007a4]
J 113140 c1 javax.swing.JComponent.paintChildren(Ljava/awt/Graphics;)V java.desktop (684 bytes) @ 0x000001841ab45414 [0x000001841ab447c0+0x0000000000000c54]
J 80336 c2 javax.swing.JComponent.paint(Ljava/awt/Graphics;)V java.desktop (379 bytes) @ 0x000001842c4fe7e4 [0x000001842c4fe040+0x00000000000007a4]
J 113140 c1 javax.swing.JComponent.paintChildren(Ljava/awt/Graphics;)V java.desktop (684 bytes) @ 0x000001841ab45414 [0x000001841ab447c0+0x0000000000000c54]
J 85217 c2 com.intellij.toolWindow.xNext.island.XNextIslandHolder.paintChildren(Ljava/awt/Graphics;)V (26 bytes) @ 0x000001842b2e17f4 [0x000001842b2e17a0+0x0000000000000054]
J 80336 c2 javax.swing.JComponent.paint(Ljava/awt/Graphics;)V java.desktop (379 bytes) @ 0x000001842c4fe7e4 [0x000001842c4fe040+0x00000000000007a4]
J 113140 c1 javax.swing.JComponent.paintChildren(Ljava/awt/Graphics;)V java.desktop (684 bytes) @ 0x000001841ab45414 [0x000001841ab447c0+0x0000000000000c54]
J 80336 c2 javax.swing.JComponent.paint(Ljava/awt/Graphics;)V java.desktop (379 bytes) @ 0x000001842c4fe7e4 [0x000001842c4fe040+0x00000000000007a4]
J 113140 c1 javax.swing.JComponent.paintChildren(Ljava/awt/Graphics;)V java.desktop (684 bytes) @ 0x000001841ab45414 [0x000001841ab447c0+0x0000000000000c54]
J 80336 c2 javax.swing.JComponent.paint(Ljava/awt/Graphics;)V java.desktop (379 bytes) @ 0x000001842c4fe7e4 [0x000001842c4fe040+0x00000000000007a4]
J 113140 c1 javax.swing.JComponent.paintChildren(Ljava/awt/Graphics;)V java.desktop (684 bytes) @ 0x000001841ab45414 [0x000001841ab447c0+0x0000000000000c54]
J 80336 c2 javax.swing.JComponent.paint(Ljava/awt/Graphics;)V java.desktop (379 bytes) @ 0x000001842c4fe7e4 [0x000001842c4fe040+0x00000000000007a4]
J 113140 c1 javax.swing.JComponent.paintChildren(Ljava/awt/Graphics;)V java.desktop (684 bytes) @ 0x000001841ab45414 [0x000001841ab447c0+0x0000000000000c54]
J 80336 c2 javax.swing.JComponent.paint(Ljava/awt/Graphics;)V java.desktop (379 bytes) @ 0x000001842c4fe7e4 [0x000001842c4fe040+0x00000000000007a4]
J 84012 c2 javax.swing.JLayeredPane.paint(Ljava/awt/Graphics;)V java.desktop (77 bytes) @ 0x000001842c751e10 [0x000001842c751d00+0x0000000000000110]
J 113140 c1 javax.swing.JComponent.paintChildren(Ljava/awt/Graphics;)V java.desktop (684 bytes) @ 0x000001841ab45414 [0x000001841ab447c0+0x0000000000000c54]
j  com.intellij.toolWindow.ToolWindowPane.paintChildren(Ljava/awt/Graphics;)V+9
J 80336 c2 javax.swing.JComponent.paint(Ljava/awt/Graphics;)V java.desktop (379 bytes) @ 0x000001842c4fe7e4 [0x000001842c4fe040+0x00000000000007a4]
J 84012 c2 javax.swing.JLayeredPane.paint(Ljava/awt/Graphics;)V java.desktop (77 bytes) @ 0x000001842c751e10 [0x000001842c751d00+0x0000000000000110]
j  javax.swing.JComponent.paintChildren(Ljava/awt/Graphics;)V+516 java.desktop
J 80336 c2 javax.swing.JComponent.paint(Ljava/awt/Graphics;)V java.desktop (379 bytes) @ 0x000001842c4fe7e4 [0x000001842c4fe040+0x00000000000007a4]
j  javax.swing.JComponent.paintChildren(Ljava/awt/Graphics;)V+516 java.desktop
J 80336 c2 javax.swing.JComponent.paint(Ljava/awt/Graphics;)V java.desktop (379 bytes) @ 0x000001842c4fe7e4 [0x000001842c4fe040+0x00000000000007a4]
j  javax.swing.JComponent.paintChildren(Ljava/awt/Graphics;)V+516 java.desktop
J 80336 c2 javax.swing.JComponent.paint(Ljava/awt/Graphics;)V java.desktop (379 bytes) @ 0x000001842c4fe7e4 [0x000001842c4fe040+0x00000000000007a4]
J 84012 c2 javax.swing.JLayeredPane.paint(Ljava/awt/Graphics;)V java.desktop (77 bytes) @ 0x000001842c751e10 [0x000001842c751d00+0x0000000000000110]
j  javax.swing.JComponent.paintChildren(Ljava/awt/Graphics;)V+516 java.desktop
j  javax.swing.JComponent.paintToOffscreen(Ljava/awt/Graphics;IIIIII)V+72 java.desktop
j  javax.swing.RepaintManager$PaintManager.paintDoubleBufferedImpl(Ljavax/swing/JComponent;Ljava/awt/Image;Ljava/awt/Graphics;IIII)V+163 java.desktop
j  javax.swing.RepaintManager$PaintManager.paintDoubleBuffered(Ljavax/swing/JComponent;Ljava/awt/Image;Ljava/awt/Graphics;IIII)V+46 java.desktop
j  javax.swing.RepaintManager$PaintManager.paint(Ljavax/swing/JComponent;Ljavax/swing/JComponent;Ljava/awt/Graphics;IIII)Z+128 java.desktop
j  javax.swing.RepaintManager.paint(Ljavax/swing/JComponent;Ljavax/swing/JComponent;Ljava/awt/Graphics;IIII)V+52 java.desktop
J 80336 c2 javax.swing.JComponent.paint(Ljava/awt/Graphics;)V java.desktop (379 bytes) @ 0x000001842c4ff39c [0x000001842c4fe040+0x000000000000135c]
J 92373 c1 java.awt.GraphicsCallback$PaintCallback.run(Ljava/awt/Component;Ljava/awt/Graphics;)V java.desktop (6 bytes) @ 0x000001841c11273c [0x000001841c1126c0+0x000000000000007c]
J 91719 c1 sun.awt.SunGraphicsCallback.runOneComponent(Ljava/awt/Component;Ljava/awt/Rectangle;Ljava/awt/Graphics;Ljava/awt/Shape;I)V java.desktop (152 bytes) @ 0x000001841bdb02a4 [0x000001841bdaf280+0x0000000000001024]
J 55488 c1 sun.awt.SunGraphicsCallback.runComponents([Ljava/awt/Component;Ljava/awt/Graphics;I)V java.desktop (167 bytes) @ 0x000001841c63162c [0x000001841c630ea0+0x000000000000078c]
J 53828 c1 java.awt.Container.paint(Ljava/awt/Graphics;)V java.desktop (62 bytes) @ 0x000001841c3ed554 [0x000001841c3ed300+0x0000000000000254]
J 53827 c1 java.awt.Window.paint(Ljava/awt/Graphics;)V java.desktop (72 bytes) @ 0x000001841c2c9cf4 [0x000001841c2c9a60+0x0000000000000294]
J 54422 c1 com.intellij.openapi.wm.impl.IdeFrameImpl.paint(Ljava/awt/Graphics;)V (62 bytes) @ 0x000001841b24fe84 [0x000001841b24f660+0x0000000000000824]
J 84101 c2 javax.swing.RepaintManager.paintDirtyRegions()V java.desktop (50 bytes) @ 0x000001842c773ec8 [0x000001842c771a00+0x00000000000024c8]
J 85827 c2 javax.swing.RepaintManager$ProcessingRunnable.run()V java.desktop (41 bytes) @ 0x000001842b459cdc [0x000001842b459700+0x00000000000005dc]
J 44522 c2 com.intellij.util.concurrency.ChildContext$runInChildContext$1.invoke()Ljava/lang/Object; (8 bytes) @ 0x000001842b90b794 [0x000001842b90b720+0x0000000000000074]
J 40481 c2 com.intellij.util.concurrency.ChildContext.runInChildContext(ZLkotlin/jvm/functions/Function0;)Ljava/lang/Object; (92 bytes) @ 0x000001842b60a7b4 [0x000001842b60a220+0x0000000000000594]
J 42439 c2 com.intellij.util.concurrency.ContextRunnable.run()V (11 bytes) @ 0x000001842b2e7ad8 [0x000001842b2e79e0+0x00000000000000f8]
J 56223 c2 java.awt.EventQueue.dispatchEventImpl(Ljava/awt/AWTEvent;Ljava/lang/Object;)V java.desktop (139 bytes) @ 0x000001842b09ffd8 [0x000001842b09fcc0+0x0000000000000318]
J 59813 c2 java.awt.EventQueue.dispatchEvent(Ljava/awt/AWTEvent;)V java.desktop (80 bytes) @ 0x000001842b3816e0 [0x000001842b381060+0x0000000000000680]
J 82487 c2 com.intellij.ide.IdeEventQueue._dispatchEvent(Ljava/awt/AWTEvent;)V (456 bytes) @ 0x000001842c6724ac [0x000001842c671dc0+0x00000000000006ec]
J 44117 c2 com.intellij.ide.IdeEventQueue$$Lambda+0x0000018442837918.invoke()Ljava/lang/Object; (20 bytes) @ 0x000001842b895e24 [0x000001842b895b40+0x00000000000002e4]
J 61571 c2 com.intellij.openapi.application.TransactionGuardImpl.performActivity(ZLjava/lang/Runnable;)V (89 bytes) @ 0x000001842be4686c [0x000001842be46760+0x000000000000010c]
J 68614 c2 com.intellij.ide.IdeEventQueue.dispatchEvent$lambda$0(Lcom/intellij/ide/IdeEventQueue;Ljava/awt/AWTEvent;ZLjava/awt/AWTEvent;Lcom/intellij/diagnostic/EventWatcher;Ljava/lang/Runnable;Ljava/lang/Class;J)V (390 bytes) @ 0x000001842b17ba24 [0x000001842b17b5a0+0x0000000000000484]
J 44399 c2 com.intellij.ide.IdeEventQueue$$Lambda+0x00000184428364c0.run()V (36 bytes) @ 0x000001842b8d5594 [0x000001842b8d5520+0x0000000000000074]
J 78926 c2 com.intellij.ide.IdeEventQueue.dispatchEvent(Ljava/awt/AWTEvent;)V (618 bytes) @ 0x000001842c3922e8 [0x000001842c3913c0+0x0000000000000f28]
J 89464 c2 java.awt.EventDispatchThread.pumpOneEventForFilters(I)V java.desktop (106 bytes) @ 0x000001842ca023d4 [0x000001842ca01fa0+0x0000000000000434]
J 88376% c2 java.awt.EventDispatchThread.pumpEventsForFilter(ILjava/awt/Conditional;Ljava/awt/EventFilter;)V java.desktop (47 bytes) @ 0x000001842c0ced5c [0x000001842c0cecc0+0x000000000000009c]
j  java.awt.EventDispatchThread.pumpEventsForHierarchy(ILjava/awt/Conditional;Ljava/awt/Component;)V+11 java.desktop
j  java.awt.EventDispatchThread.pumpEvents(ILjava/awt/Conditional;)V+4 java.desktop
j  java.awt.EventDispatchThread.pumpEvents(Ljava/awt/Conditional;)V+3 java.desktop
j  java.awt.EventDispatchThread.run()V+18 java.desktop
v  ~StubRoutines::call_stub 0x000001842a2d100d

siginfo: EXCEPTION_ACCESS_VIOLATION (0xc0000005), reading address 0x0000000000000000


Registers:
RAX=0x0000000000000011, RBX=0x0000000000000000, RCX=0x000001853a64ee40, RDX=0x0000000000000000
RSP=0x00000063aabfb0c0, RBP=0x0000000000000020, RSI=0x00000063aabfb170, RDI=0x000001856e3884c0
R8 =0x00000184b4ed0000, R9 =0x0000018535f85b30, R10=0x0000000000000000, R11=0x00000063aabfb030
R12=0x0000000000000000, R13=0x00000000d33de5d8, R14=0x0000000000000000, R15=0x00000184b0e13ad0
RIP=0x00007ffa305cf707, EFLAGS=0x0000000000010206

XMM[0]=0x0000000000000008 0x0000000000000000
XMM[1]=0x00000063aabfab20 0x0000000000000002
XMM[2]=0x00007ffa30dedfe2 0x0000018500001fa3
XMM[3]=0x00007ffa31064ed8 0x00007ffa30f6a728
XMM[4]=0x0000000000000000 0x0000000000000000
XMM[5]=0x00000063aabfa0b0 0x0000000000000000
XMM[6]=0x0000000000000000 0x0000000041000000
XMM[7]=0x0000000000000000 0x409cc80000000000
XMM[8]=0x0000000000000000 0xc0519a6020000000
XMM[9]=0x0000000000000000 0x4025cc37cd000000
XMM[10]=0x0000000000000000 0x40bd8899e4198000
XMM[11]=0x0000000000000000 0x411cc919a6020000
XMM[12]=0x0000000000000000 0x4067322a20000000
XMM[13]=0x0000000000000000 0x4070000000000000
XMM[14]=0x0000000000000000 0x4096dd1b798616bf
XMM[15]=0x0000000000000000 0x01a56e1fc2f8f359
  MXCSR=0x00001fa3


Register to memory mapping:

RAX=0x0000000000000011 is an unknown value
RBX=0x0 is null
RCX=0x000001853a64ee40 points into unknown readable memory: 0x00007ffb21e97ca0 | a0 7c e9 21 fb 7f 00 00
RDX=0x0 is null
RSP=0x00000063aabfb0c0 is pointing into the stack for thread: 0x00000184b0e13ad0
RBP=0x0000000000000020 is an unknown value
RSI=0x00000063aabfb170 is pointing into the stack for thread: 0x00000184b0e13ad0
RDI=0x000001856e3884c0 points into unknown readable memory: 0x0000000000000000 | 00 00 00 00 00 00 00 00
R8 =0x00000184b4ed0000 points into unknown readable memory: 0x00007ffb1eeb9430 | 30 94 eb 1e fb 7f 00 00
R9 =0x0000018535f85b30 points into unknown readable memory: 0x00007ffa30fcf480 | 80 f4 fc 30 fa 7f 00 00
R10=0x0 is null
R11=0x00000063aabfb030 is pointing into the stack for thread: 0x00000184b0e13ad0
R12=0x0 is null
R13=0x00000000d33de5d8 is an oop: java.lang.Object 
{0x00000000d33de5d8} - klass: 'java/lang/Object'
 - ---- fields (total size 2 words):
R14=0x0 is null
R15=0x00000184b0e13ad0 is a thread

Top of Stack: (sp=0x00000063aabfb0c0)
0x00000063aabfb0c0:   000000007fffffff 0000076db3904314
0x00000063aabfb0d0:   0000000000000000 000001857daa5d60
0x00000063aabfb0e0:   00000063aabfb150 0000000000000000
0x00000063aabfb0f0:   0000010000000000 0000000000000001
0x00000063aabfb100:   00000000d33de5d8 0000076db3904354
0x00000063aabfb110:   0000000000000100 0000000000000000
0x00000063aabfb120:   000001857daa5d60 000001857daa5f00
0x00000063aabfb130:   00000063aabfb3f8 00007ffa304704e9
0x00000063aabfb140:   0000000000000040 00007ffa30784f0f
0x00000063aabfb150:   0000000000000000 0000000000000000
0x00000063aabfb160:   0000076d00000001 00007ffa301eeb10
0x00000063aabfb170:   00000063aabfb208 0000076db39042d4
0x00000063aabfb180:   000001857daa5d60 0000000000000001
0x00000063aabfb190:   000001857daa5f00 000001857daa5d60
0x00000063aabfb1a0:   00000063aabfb3f8 00007ffa30470421
0x00000063aabfb1b0:   000000006306c900 000001857daa5d60
0x00000063aabfb1c0:   000001857daa6030 0000000000000000
0x00000063aabfb1d0:   0000000000000000 00000063aabfb310
0x00000063aabfb1e0:   000001857daa5df8 00007ffa30231fa7
0x00000063aabfb1f0:   000001842c710810 0000076db3904234
0x00000063aabfb200:   0000000041000000 0000000000000000
0x00000063aabfb210:   000001857daa5df8 00007ffa2ffc7861
0x00000063aabfb220:   0000000000000000 000001857e15c630
0x00000063aabfb230:   00000063aabfb301 0000000000000000
0x00000063aabfb240:   00000000d33de5d8 0000076db39041b4
0x00000063aabfb250:   000000006306c900 00000063aabfb410
0x00000063aabfb260:   00000063aabfb310 000001857daa5d60
0x00000063aabfb270:   0000000000000000 00000063aabfb3f8
0x00000063aabfb280:   00000184b0e13ad0 00007ffa2ffa1f1a
0x00000063aabfb290:   0000000000000001 00007ffa2fdfc737
0x00000063aabfb2a0:   0000076db39041f4 000000006306c900
0x00000063aabfb2b0:   000001857e00e9a0 000000006306c900 

Instructions: (pc=0x00007ffa305cf707)
0x00007ffa305cf607:   63 40 04 49 8d 0c 04 48 83 c1 08 4c 8b 46 38 48
0x00007ffa305cf617:   8d 15 c6 6e 3b 00 e8 5e 0b b3 ff 48 8b 4c 24 60
0x00007ffa305cf627:   48 31 e1 48 3b 0d 8f 7b 47 00 75 11 48 83 c4 68
0x00007ffa305cf637:   5b 5d 5f 5e 41 5c 41 5d 41 5e 41 5f c3 e8 27 5b
0x00007ffa305cf647:   1b 00 cc 0f 0b cc cc cc cc 41 56 56 57 55 53 48
0x00007ffa305cf657:   83 ec 50 44 89 c3 49 89 d6 48 89 ce 8b 84 24 a0
0x00007ffa305cf667:   00 00 00 48 8b 0d 4f 7b 47 00 48 31 e1 48 89 4c
0x00007ffa305cf677:   24 48 c7 44 24 3c 00 00 00 00 44 89 44 24 30 44
0x00007ffa305cf687:   89 4c 24 34 89 44 24 38 48 8b 8a 80 00 00 00 48
0x00007ffa305cf697:   8b 01 4c 8d 05 70 6e 3b 00 48 8d 54 24 30 4c 8d
0x00007ffa305cf6a7:   4c 24 28 ff 50 70 b9 28 00 00 00 e8 39 58 1b 00
0x00007ffa305cf6b7:   48 89 c7 49 8b 8e 80 00 00 00 48 8b 01 89 da ff
0x00007ffa305cf6c7:   50 78 89 c5 48 8b 5c 24 28 48 85 db 74 09 48 8b
0x00007ffa305cf6d7:   03 48 89 d9 ff 50 08 48 89 1f 89 e8 48 89 47 08
0x00007ffa305cf6e7:   66 0f 1f 84 00 00 00 00 00 b8 01 00 00 00 f0 0f
0x00007ffa305cf6f7:   c1 05 8b e9 47 00 85 c0 74 ef 89 47 20 4c 8b 37
0x00007ffa305cf707:   49 8b 06 48 89 fa 48 83 c2 10 4c 89 f1 ff 50 48
0x00007ffa305cf717:   49 8b 06 48 8d 54 24 40 4c 89 f1 ff 50 50 48 8b
0x00007ffa305cf727:   44 24 40 48 89 47 18 48 89 3e 48 85 db 74 09 48
0x00007ffa305cf737:   8b 03 48 89 d9 ff 50 10 48 8b 4c 24 48 48 31 e1
0x00007ffa305cf747:   48 3b 0d 72 7a 47 00 75 0e 48 89 f0 48 83 c4 50
0x00007ffa305cf757:   5b 5d 5f 5e 41 5e c3 e8 0d 5a 1b 00 cc cc cc cc
0x00007ffa305cf767:   cc cc cc cc cc cc cc cc cc 56 57 53 48 83 ec 30
0x00007ffa305cf777:   44 89 c7 48 89 ce 48 8b 05 3c 7a 47 00 48 31 e0
0x00007ffa305cf787:   48 89 44 24 28 48 8b 1a 48 85 db 74 09 48 8b 03
0x00007ffa305cf797:   48 89 d9 ff 50 08 48 89 1e 89 f8 48 89 46 08 66
0x00007ffa305cf7a7:   2e 0f 1f 84 00 00 00 00 00 b8 01 00 00 00 f0 0f
0x00007ffa305cf7b7:   c1 05 cb e8 47 00 85 c0 74 ef 89 46 20 48 8b 0e
0x00007ffa305cf7c7:   48 8b 01 48 8d 54 24 20 ff 50 48 48 8b 44 24 20
0x00007ffa305cf7d7:   48 89 46 10 48 8b 0e 48 8b 01 48 8d 54 24 20 ff
0x00007ffa305cf7e7:   50 50 48 8b 44 24 20 48 89 46 18 48 8b 4c 24 28
0x00007ffa305cf7f7:   48 31 e1 48 3b 0d bf 79 47 00 75 0b 48 89 f0 48 


Stack slot to memory mapping:

stack at sp + 0 slots: 0x000000007fffffff is an unknown value
stack at sp + 1 slots: 0x0000076db3904314 is an unknown value
stack at sp + 2 slots: 0x0 is null
stack at sp + 3 slots: 0x000001857daa5d60 points into unknown readable memory: 0x00007ffa308fd630 | 30 d6 8f 30 fa 7f 00 00
stack at sp + 4 slots: 0x00000063aabfb150 is pointing into the stack for thread: 0x00000184b0e13ad0
stack at sp + 5 slots: 0x0 is null
stack at sp + 6 slots: 0x0000010000000000 is an unknown value
stack at sp + 7 slots: 0x0000000000000001 is an unknown value


Compiled method (n/a) 3130638 83681     n 0       org.jetbrains.skia.DirectContextKt::_nFlushAndSubmit (native)
 total in heap  [0x000001842c710810,0x000001842c710be8] = 984
 relocation     [0x000001842c710970,0x000001842c7109a8] = 56
 main code      [0x000001842c7109c0,0x000001842c710be0] = 544
 oops           [0x000001842c710be0,0x000001842c710be8] = 8

[Constant Pool (empty)]

[MachCode]
[Entry Point]
  # {method} {0x0000018542094640} '_nFlushAndSubmit' '(JJZ)V' in 'org/jetbrains/skia/DirectContextKt'
  # parm0:    rdx:rdx   = long
  # parm1:    r8:r8     = long
  # parm2:    r9        = boolean
  #           [sp+0x80]  (sp of caller)
  0x000001842c7109c0: 448b 5208 | 49bb 0000 | 0040 8401 | 0000 4d03 | d349 3bc2 | 0f84 0600 

  0x000001842c7109d8: ;   {runtime_call ic_miss_stub}
  0x000001842c7109d8: 0000 e9a1 | ddc0 fd90 
[Verified Entry Point]
  0x000001842c7109e0: 8984 2400 | 80ff ff55 | 488b ec48 | 83ec 7090 | 4181 7f20 | 3f36 0000 

  0x000001842c7109f8: ;   {runtime_call StubRoutines (final stubs)}
  0x000001842c7109f8: 7405 e8a1 | 5abf fd4c | 894c 2420 | 4d8b c84c 

  0x000001842c710a08: ;   {oop(a 'java/lang/Class'{0x00000000d0ee4400} = 'org/jetbrains/skia/DirectContextKt')}
  0x000001842c710a08: 8bc2 49be | 0044 eed0 | 0000 0000 | 4c89 7424 | 584c 8d74 | 2458 498b | d6c5 f877 

  0x000001842c710a24: ;   {internal_word}
  0x000001842c710a24: 49ba 210a | 712c 8401 | 0000 4d89 | 97a8 0300 | 0049 89a7 | a003 0000 

  0x000001842c710a3c: ;   {external_word}
  0x000001842c710a3c: 49ba 9700 | 4f4e fa7f | 0000 4180 | 3a00 0f84 | 4e00 0000 | 5241 5041 

  0x000001842c710a54: ;   {metadata({method} {0x0000018542094640} '_nFlushAndSubmit' '(JJZ)V' in 'org/jetbrains/skia/DirectContextKt')}
  0x000001842c710a54: 5148 ba38 | 4609 4285 | 0100 0049 | 8bcf 4883 | ec20 40f6 | c40f 0f84 | 1900 0000 | 4883 ec08 
  0x000001842c710a74: ;   {runtime_call}
  0x000001842c710a74: 48b8 7043 | f84d fa7f | 0000 ffd0 | 4883 c408 | e90c 0000 

  0x000001842c710a88: ;   {runtime_call}
  0x000001842c710a88: 0048 b870 | 43f8 4dfa | 7f00 00ff | d048 83c4 | 2041 5941 | 585a 498d | 8fc0 0300 | 0041 c787 
  0x000001842c710aa8: 4c04 0000 | 0400 0000 

  0x000001842c710ab0: ;   {runtime_call}
  0x000001842c710ab0: 48b8 605d | d62f fa7f | 0000 ffd0 | c5f8 7741 | c787 4c04 | 0000 0500 | 0000 f083 | 4424 c000 
  0x000001842c710ad0: 493b af50 | 0400 000f | 870e 0000 | 0041 83bf | 4804 0000 | 000f 8423 | 0000 00c5 | f877 498b 
  0x000001842c710af0: cf4c 8be4 | 4883 ec20 | 4883 e4f0 

  0x000001842c710afc: ;   {runtime_call}
  0x000001842c710afc: 48b8 c01f | c34d fa7f | 0000 ffd0 | 498b e44d | 33e4 41c7 | 874c 0400 | 0008 0000 | 0041 83bf 
  0x000001842c710b1c: c804 0000 | 020f 8494 

  0x000001842c710b24: ;   {external_word}
  0x000001842c710b24: 0000 0049 | ba97 004f | 4efa 7f00 | 0041 803a | 000f 8444 

  0x000001842c710b38: ;   {metadata({method} {0x0000018542094640} '_nFlushAndSubmit' '(JJZ)V' in 'org/jetbrains/skia/DirectContextKt')}
  0x000001842c710b38: 0000 0048 | ba38 4609 | 4285 0100 | 0049 8bcf | 4883 ec20 | 40f6 c40f | 0f84 1900 | 0000 4883 
  0x000001842c710b58: ;   {runtime_call}
  0x000001842c710b58: ec08 48b8 | 7043 f84d | fa7f 0000 | ffd0 4883 | c408 e90c 

  0x000001842c710b6c: ;   {runtime_call}
  0x000001842c710b6c: 0000 0048 | b870 43f8 | 4dfa 7f00 | 00ff d048 | 83c4 2049 | c787 a003 | 0000 0000 | 0000 49c7 
  0x000001842c710b8c: 87a8 0300 | 0000 0000 | 00c5 f877 | 498b 8f30 | 0400 00c7 | 8100 0100 | 0000 0000 | 00c9 4983 
  0x000001842c710bac: 7f08 000f | 8501 0000 

  0x000001842c710bb4: ;   {runtime_call StubRoutines (initial stubs)}
  0x000001842c710bb4: 00c3 e945 | 03bc fdc5 | f877 4c8b | e448 83ec | 2048 83e4 

  0x000001842c710bc8: ;   {runtime_call}
  0x000001842c710bc8: f048 b8a0 | 7af8 4dfa | 7f00 00ff | d049 8be4 | 4d33 e4e9 | 47ff ffff 
[/MachCode]


Compiled method (c2) 3130644 107143   !   4       org.jetbrains.skiko.ResourceUtilsKt::autoCloseScope (166 bytes)
 total in heap  [0x000001842d42cc90,0x000001842d43a878] = 56296
 relocation     [0x000001842d42cdf0,0x000001842d42d578] = 1928
 constants      [0x000001842d42d580,0x000001842d42d5a0] = 32
 main code      [0x000001842d42d5a0,0x000001842d434c78] = 30424
 stub code      [0x000001842d434c78,0x000001842d434e80] = 520
 oops           [0x000001842d434e80,0x000001842d434f78] = 248
 metadata       [0x000001842d434f78,0x000001842d435708] = 1936
 scopes data    [0x000001842d435708,0x000001842d438e38] = 14128
 scopes pcs     [0x000001842d438e38,0x000001842d439d98] = 3936
 dependencies   [0x000001842d439d98,0x000001842d439fc8] = 560
 handler table  [0x000001842d439fc8,0x000001842d43a6a0] = 1752
 nul chk table  [0x000001842d43a6a0,0x000001842d43a878] = 472


[Constant Pool]
             Address          hex4                    hex8      
  0x000001842d42d580:   0x3f800000      0xf4f4f4f43f800000      
  0x000001842d42d584:   0xf4f4f4f4                              
  0x000001842d42d588:   0xf4f4f4f4      0xf4f4f4f4f4f4f4f4      
  0x000001842d42d58c:   0xf4f4f4f4                              
  0x000001842d42d590:   0xf4f4f4f4      0xf4f4f4f4f4f4f4f4      
  0x000001842d42d594:   0xf4f4f4f4                              
  0x000001842d42d598:   0xf4f4f4f4      0xf4f4f4f4f4f4f4f4      
  0x000001842d42d59c:   0xf4f4f4f4                              

[MachCode]
[Verified Entry Point]
  # {method} {0x0000018541f368d0} 'autoCloseScope' '(Lkotlin/jvm/functions/Function1;)V' in 'org/jetbrains/skiko/ResourceUtilsKt'
  # parm0:    rdx:rdx   = 'kotlin/jvm/functions/Function1'
  #           [sp+0x110]  (sp of caller)
  0x000001842d42d5a0: ;   {no_reloc}
  0x000001842d42d5a0: 8984 2400 | 80ff ff55 | 4881 ec00 | 0100 0090 | 4181 7f20 | 3f36 0000 | 0f85 b076 | 0000 4c8b 
  0x000001842d42d5c0: d28b 6a08 | 498b 87b8 | 0100 004d | 8b9f 8803 | 0000 4c8b | c049 83c0 | 1849 8b13 | 4d3b 87c8 
  0x000001842d42d5e0: 0100 000f | 837e 3500 | 004d 8987 | b801 0000 | 410f 0d88 | c000 0000 | 48c7 0001 

  0x000001842d42d5fc: ;   {metadata('java/util/ArrayList')}
  0x000001842d42d5fc: 0000 00c7 | 4008 5802 | 1000 4489 | 600c 4489 

  0x000001842d42d60c: ;   {oop(a 'java/lang/Object'[0] {0x00000000c07503d0})}
  0x000001842d42d60c: 6010 c740 | 14d0 0375 | c048 8bc8 

  0x000001842d42d618: ;   {metadata('org/jetbrains/skiko/swing/Direct3DSwingRedrawer$$Lambda+0x0000018445f586c0')}
  0x000001842d42d618: 81fd c086 | f505 0f85 | 7440 0000 | 418b 5a1c | 458b 4a20 | 418b 7a0c | 498b 7210 | 458b 5a18 
  0x000001842d42d638: ; implicit exception: dispatches to 0x000001842d433a58
  0x000001842d42d638: 4c8b 4330 | 4585 c90f | 84bf 4700 | 0044 8bd7 | 41c1 fa1f | 41c1 ea1a | 4403 d741 | 83e2 c08b 
  0x000001842d42d658: ef41 2bea | 413b fa0f | 84cf 4700 | 0044 895c | 2458 4889 | 7424 5044 | 894c 2440 | 4889 4c24 
  0x000001842d42d678: 4848 8954 | 2420 4c8b | 4b38 897c | 2444 2bfd | 4c8b d34c | 8954 2430 | 895c 2428 

  0x000001842d42d694: ;   {oop(a 'org/jetbrains/skiko/graphicapi/InternalDirectXApi'{0x00000000d295dcf0})}
  0x000001842d42d694: 83c7 4048 | baf0 dc95 | d200 0000 | 0041 8bf3 

  0x000001842d42d6a4: ;   {optimized virtual_call}
  0x000001842d42d6a4: 488b e9e8 

  0x000001842d42d6a8: ; ImmutableOopMap {rbp=Oop [32]=Oop [40]=NarrowOop [48]=Oop [64]=NarrowOop [72]=Oop }
                      ;*invokevirtual makeDirectXTexture {reexecute=0 rethrow=0 return_oop=0}
                      ; - org.jetbrains.skiko.swing.Direct3DSwingRedrawer::onRender$lambda$1@44 (line 66)
                      ; - org.jetbrains.skiko.swing.Direct3DSwingRedrawer$$Lambda/0x0000018445f586c0::invoke@24
                      ; - org.jetbrains.skiko.ResourceUtilsKt::autoCloseScope@29 (line 34)
  0x000001842d42d6a8: 9415 2eff 

  0x000001842d42d6ac: ;   {other}
  0x000001842d42d6ac: 0f1f 8400 | 1c0a 0000 | 448b 5424 | 2848 8be8 | 4989 4238 | 4885 c00f | 849b 4700 | 0049 8b87 
  0x000001842d42d6cc: b801 0000 | 4c8b d849 | 83c3 184d | 3b9f c801 | 0000 0f83 | b334 0000 | 4d89 9fb8 | 0100 0041 
  0x000001842d42d6ec: 0f0d 8bc0 | 0000 0048 | c700 0100 

  0x000001842d42d6f8: ;   {metadata('org/jetbrains/skia/BackendRenderTarget')}
  0x000001842d42d6f8: 0000 c740 | 08a8 8df5 | 0544 8960 | 0c4c 8960 | 1044 8954 | 245c 4889 

  0x000001842d42d710: ;   {oop(a 'org/jetbrains/skiko/graphicapi/InternalDirectXApi'{0x00000000d295dcf0})}
  0x000001842d42d710: 4424 6048 | baf0 dc95 | d200 0000 | 004c 8bc5 | 488b 6c24 

  0x000001842d42d724: ;   {optimized virtual_call}
  0x000001842d42d724: 4866 90e8 

  0x000001842d42d728: ; ImmutableOopMap {rbp=Oop [32]=Oop [48]=Oop [64]=NarrowOop [72]=Oop [92]=NarrowOop [96]=Oop }
                      ;*invokevirtual makeDirectXRenderTargetOffScreen {reexecute=0 rethrow=0 return_oop=0}
                      ; - org.jetbrains.skiko.swing.Direct3DSwingRedrawer::makeRenderTarget@11 (line 96)
                      ; - org.jetbrains.skiko.swing.Direct3DSwingRedrawer::onRender$lambda$1@75 (line 70)
                      ; - org.jetbrains.skiko.swing.Direct3DSwingRedrawer$$Lambda/0x0000018445f586c0::invoke@24
                      ; - org.jetbrains.skiko.ResourceUtilsKt::autoCloseScope@29 (line 34)
  0x000001842d42d728: 1419 2eff 

  0x000001842d42d72c: ;   {other}
  0x000001842d42d72c: 0f1f 8400 | 9c0a 0001 | 49b9 7021 | d62f fa7f | 0000 488b | 5424 604c | 8bc0 bf01 

  0x000001842d42d748: ;   {optimized virtual_call}
  0x000001842d42d748: 0000 00e8 

  0x000001842d42d74c: ; ImmutableOopMap {rbp=Oop [32]=Oop [48]=Oop [64]=NarrowOop [72]=Oop [92]=NarrowOop [96]=Oop }
                      ;*invokespecial <init> {reexecute=0 rethrow=0 return_oop=0}
                      ; - org.jetbrains.skia.impl.Managed::<init>@15 (line 10)
                      ; - org.jetbrains.skia.BackendRenderTarget::<init>@11 (line 10)
                      ; - org.jetbrains.skiko.swing.Direct3DSwingRedrawer::makeRenderTarget@14 (line 95)
                      ; - org.jetbrains.skiko.swing.Direct3DSwingRedrawer::onRender$lambda$1@75 (line 70)
                      ; - org.jetbrains.skiko.swing.Direct3DSwingRedrawer$$Lambda/0x0000018445f586c0::invoke@24
                      ; - org.jetbrains.skiko.ResourceUtilsKt::autoCloseScope@29 (line 34)
  0x000001842d42d74c: 3020 33ff 

  0x000001842d42d750: ;   {other}
  0x000001842d42d750: 0f1f 8400 | c00a 0002 | 4c8b c541 | ff40 0c45 | 8b58 1445 | 8b53 0c45 | 8bca 458b | 4010 4489 
  0x000001842d42d770: 4424 6841 | ffc0 4489 | 4424 2844 | 8b44 2468 | 453b c20f | 847f 1b00 | 0049 8bdb | 448b 5b0c 
  0x000001842d42d790: 448b 5424 | 6845 3bd3 | 0f83 cb3a | 0000 448b 

  0x000001842d42d7a0: ;   {metadata('java/lang/Object'[])}
  0x000001842d42d7a0: 5b08 4181 | fb78 1300 | 000f 8505 | 3f00 004a | 8d5c 9310 | 4180 7f40 | 000f 85ae | 2e00 004c 
  0x000001842d42d7c0: 8bd3 4c8b | 5c24 6044 | 895c 242c | 4489 1b4c | 8b5c 2460 | 4d33 da49 | c1eb 144d | 85db 741a 
  0x000001842d42d7e0: 49c1 ea09 | 48b9 0000 | 053b 8401 | 0000 4903 | ca80 3902 | 0f85 f12f | 0000 4c8b | 4424 4844 
  0x000001842d42d800: 8b5c 2428 | 4589 5810 | 448b 5c24 | 5c45 8b53 | 444d 8b4a | 104c 894c | 2468 4489 | 5424 3c48 
  0x000001842d42d820: 8944 24f8 | 8b44 245c | 8944 2438 | 488b 4424 

  0x000001842d42d830: ;   {oop(a 'java/lang/Class'{0x00000000d1b07170} = 'org/jetbrains/skia/impl/Stats')}
  0x000001842d42d830: f849 ba70 | 71b0 d100 | 0000 0041 | 0fb6 aa80 | 0000 0085 | ed0f 8541 | 4600 0049 | 8b8f b801 
  0x000001842d42d850: 0000 4c8b | 5424 604d | 8b52 104c | 8954 2470 | 4c8b d149 | 83c2 1844 | 8b5c 243c 

  0x000001842d42d86c: ;   {oop(a 'org/jetbrains/skia/ColorSpace'{0x00000000d0ee89b8})}
  0x000001842d42d86c: 498b eb49 | bbb8 89ee | d000 0000 | 004d 8b5b | 104c 895c | 2478 4d3b | 97c8 0100 | 000f 832a 
  0x000001842d42d88c: 3300 004d | 8997 b801 | 0000 410f | 0d8a c000 | 0000 48c7 | 0101 0000 | 0041 0f0d | 8a00 0100 
  0x000001842d42d8ac: ;   {metadata({type array int})}
  0x000001842d42d8ac: 00c7 4108 | f029 0000 | 410f 0d8a | 4001 0000 | c741 0c02 | 0000 0041 | 0f0d 8a80 | 0100 004c 
  0x000001842d42d8cc: 8961 10bf | 0600 0000 | 488b 5424 | 684c 8b44 | 2470 4533 | c948 8b74 

  0x000001842d42d8e4: ;   {static_call}
  0x000001842d42d8e4: 2478 90e8 

  0x000001842d42d8e8: ; ImmutableOopMap {rbp=Oop [32]=Oop [44]=NarrowOop [48]=Oop [56]=NarrowOop [60]=NarrowOop [64]=NarrowOop [72]=Oop [92]=NarrowOop [96]=Oop }
                      ;*invokestatic _nMakeFromBackendRenderTarget {reexecute=0 rethrow=0 return_oop=0}
                      ; - org.jetbrains.skia.SurfaceKt::access$_nMakeFromBackendRenderTarget@10 (line 1)
                      ; - org.jetbrains.skia.Surface$Companion::makeFromBackendRenderTarget@96 (line 281)
                      ; - org.jetbrains.skiko.swing.Direct3DSwingRedrawer::onRender$lambda$1@125 (line 72)
                      ; - org.jetbrains.skiko.swing.Direct3DSwingRedrawer$$Lambda/0x0000018445f586c0::invoke@24
                      ; - org.jetbrains.skiko.ResourceUtilsKt::autoCloseScope@29 (line 34)
  0x000001842d42d8e8: 741e 2eff 

  0x000001842d42d8ec: ;   {other}
  0x000001842d42d8ec: 0f1f 8400 | 5c0c 0003 | 4889 4424 | 6848 85c0 | 0f84 ae45 | 0000 498b | 87b8 0100 | 004c 8bd0 
  0x000001842d42d90c: 4983 c220 | 4d3b 97c8 | 0100 000f | 83c3 3200 | 004d 8997 | b801 0000 | 410f 0d8a | c000 0000 
  0x000001842d42d92c: 48c7 0001 

  0x000001842d42d930: ;   {metadata('org/jetbrains/skia/Surface')}
  0x000001842d42d930: 0000 00c7 | 4008 c096 | f505 4489 | 600c 4c89 | 6010 4c89 | 6018 4889 | 4424 7049 | b930 17d7 
  0x000001842d42d950: 2ffa 7f00 | 0048 8bd0 | 4c8b 4424 | 68bf 0100 | 0000 4889 

  0x000001842d42d964: ;   {optimized virtual_call}
  0x000001842d42d964: 4424 68e8 

  0x000001842d42d968: ; ImmutableOopMap {rbp=Oop [32]=Oop [44]=NarrowOop [48]=Oop [56]=NarrowOop [60]=NarrowOop [64]=NarrowOop [72]=Oop [92]=NarrowOop [96]=Oop [104]=Oop [112]=Oop }
                      ;*invokespecial <init> {reexecute=0 rethrow=0 return_oop=0}
                      ; - org.jetbrains.skia.impl.RefCnt::<init>@9 (line 6)
                      ; - org.jetbrains.skia.Surface::<init>@2 (line 999)
                      ; - org.jetbrains.skia.Surface$Companion::makeFromBackendRenderTarget@127 (line 293)
                      ; - org.jetbrains.skiko.swing.Direct3DSwingRedrawer::onRender$lambda$1@125 (line 72)
                      ; - org.jetbrains.skiko.swing.Direct3DSwingRedrawer$$Lambda/0x0000018445f586c0::invoke@24
                      ; - org.jetbrains.skiko.ResourceUtilsKt::autoCloseScope@29 (line 34)
  0x000001842d42d968: 141e 33ff 

  0x000001842d42d96c: ;   {other}
  0x000001842d42d96c: 0f1f 8400 | dc0c 0004 | 4180 7f40 | 000f 8558 | 2d00 004c | 8b54 2468 | 448b 5c24 | 3c45 895a 
  0x000001842d42d98c: 184c 8bd5 | 4c8b 5c24 | 684d 33d3 | 49c1 ea14 | 4d85 d274 | 1a49 c1eb | 0948 b900 | 0005 3b84 
  0x000001842d42d9ac: 0100 0049 | 03cb 8039 | 020f 857e | 2e00 0041 | 807f 4000 | 0f85 d92c | 0000 4c8b | 5424 6844 
  0x000001842d42d9cc: 8b44 242c | 4589 421c | 4c8b 5424 | 604c 8b5c | 2468 4d33 | d349 c1ea | 144d 85d2 | 741a 49c1 
  0x000001842d42d9ec: eb09 48b9 | 0000 053b | 8401 0000 | 4903 cb80 | 3902 0f85 | 832e 0000 | 4c8b 5424 | 4845 8b5a 
  0x000001842d42da0c: 1441 ff42 | 0c45 8b53 | 0c4c 8b44 | 2448 458b | 4810 4489 | 4c24 3c45 | 8d41 0144 | 8944 2428 
  0x000001842d42da2c: 453b ca0f | 847e 1a00 | 0049 8bdb | 448b 5b0c | 448b 4424 | 3c45 3bc3 | 0f83 7a38 | 0000 448b 
  0x000001842d42da4c: ;   {metadata('java/lang/Object'[])}
  0x000001842d42da4c: 5b08 4181 | fb78 1300 | 000f 85b1 | 3c00 004a | 8d5c 8310 | 4180 7f40 | 000f 85a4 | 2c00 004c 
  0x000001842d42da6c: 8bd3 4c8b | 5c24 6844 | 895c 242c | 4489 1b4c | 8b5c 2468 | 4d33 da49 | c1eb 144d | 85db 741a 
  0x000001842d42da8c: 49c1 ea09 | 48b9 0000 | 053b 8401 | 0000 4903 | ca80 3902 | 0f85 2f2e | 0000 4c8b | 5424 4844 
  0x000001842d42daac: 8b44 2428 | 4589 4210 

  0x000001842d42dab4: ;   {oop(a 'java/lang/Class'{0x00000000d1b07170} = 'org/jetbrains/skia/impl/Stats')}
  0x000001842d42dab4: 49bb 7071 | b0d1 0000 | 0000 410f | b6ab 8000 | 0000 85ed | 0f85 1e44 | 0000 4c8b | 5424 6849 
  0x000001842d42dad4: ;   {static_call}
  0x000001842d42dad4: 8b52 10e8 

  0x000001842d42dad8: ; ImmutableOopMap {[32]=Oop [44]=NarrowOop [48]=Oop [56]=NarrowOop [64]=NarrowOop [72]=Oop [92]=NarrowOop [104]=Oop }
                      ;*invokestatic _nGetCanvas {reexecute=0 rethrow=0 return_oop=0}
                      ; - org.jetbrains.skia.SurfaceKt::access$_nGetCanvas@1 (line 1)
                      ; - org.jetbrains.skia.Surface::getCanvas@11 (line 657)
                      ; - org.jetbrains.skiko.swing.Direct3DSwingRedrawer::onRender$lambda$1@180 (line 81)
                      ; - org.jetbrains.skiko.swing.Direct3DSwingRedrawer$$Lambda/0x0000018445f586c0::invoke@24
                      ; - org.jetbrains.skiko.ResourceUtilsKt::autoCloseScope@29 (line 34)
  0x000001842d42dad8: 0421 2eff 

  0x000001842d42dadc: ;   {other}
  0x000001842d42dadc: 0f1f 8400 | 4c0e 0005 | 4885 c00f | 8437 4400 | 0048 8944 | 2460 498b | 87b8 0100 | 004c 8bd0 
  0x000001842d42dafc: 4983 c220 | 4d3b 97c8 | 0100 000f | 83f0 3000 | 004d 8997 | b801 0000 | 410f 0d8a | c000 0000 
  0x000001842d42db1c: 48c7 0001 

  0x000001842d42db20: ;   {metadata('org/jetbrains/skia/Canvas')}
  0x000001842d42db20: 0000 00c7 | 4008 b086 | d805 4489 | 600c 4c89 | 6010 4c89 | 6018 488b | e849 b9c0 | 34d6 2ffa 
  0x000001842d42db40: 7f00 0048 | 8bd5 4c8b | 4424 6033 | ff4c 8b54 | 2468 4c89 

  0x000001842d42db54: ;   {optimized virtual_call}
  0x000001842d42db54: 5424 60e8 

  0x000001842d42db58: ; ImmutableOopMap {rbp=Oop [32]=Oop [44]=NarrowOop [48]=Oop [56]=NarrowOop [64]=NarrowOop [72]=Oop [92]=NarrowOop [96]=Oop [104]=Oop }
                      ;*invokespecial <init> {reexecute=0 rethrow=0 return_oop=0}
                      ; - org.jetbrains.skia.Canvas::<init>@16 (line 8)
                      ; - org.jetbrains.skia.Surface::getCanvas@41 (line 658)
                      ; - org.jetbrains.skiko.swing.Direct3DSwingRedrawer::onRender$lambda$1@180 (line 81)
                      ; - org.jetbrains.skiko.swing.Direct3DSwingRedrawer$$Lambda/0x0000018445f586c0::invoke@24
                      ; - org.jetbrains.skiko.ResourceUtilsKt::autoCloseScope@29 (line 34)
  0x000001842d42db58: 241c 33ff 

  0x000001842d42db5c: ;   {other}
  0x000001842d42db5c: 0f1f 8400 | cc0e 0006 | 4180 7f40 | 000f 85d2 | 2b00 004c | 8bc5 448b | 5c24 2c45 | 8958 184c 
  0x000001842d42db7c: 8b4c 2460 | 4d8b d14d | 8bd8 4d33 | d349 c1ea | 144d 85d2 | 741a 49c1 | eb09 48b9 | 0000 053b 
  0x000001842d42db9c: 8401 0000 | 4903 cb80 | 3902 0f85 | 772d 0000 

  0x000001842d42dbac: ;   {oop(a 'java/lang/Class'{0x00000000d1b07170} = 'org/jetbrains/skia/impl/Stats')}
  0x000001842d42dbac: 49ba 7071 | b0d1 0000 | 0000 410f | b6aa 8000 | 0000 85ed | 0f85 ae43 | 0000 4c89 | 4c24 6049 
  0x000001842d42dbcc: 8b50 104c | 8944 2468 

  0x000001842d42dbd4: ;   {static_call}
  0x000001842d42dbd4: 4533 c0e8 

  0x000001842d42dbd8: ; ImmutableOopMap {[32]=Oop [48]=Oop [56]=NarrowOop [64]=NarrowOop [72]=Oop [92]=NarrowOop [96]=Oop [104]=Oop }
                      ;*invokestatic _nClear {reexecute=0 rethrow=0 return_oop=0}
                      ; - org.jetbrains.skia.CanvasKt::access$_nClear@2 (line 1)
                      ; - org.jetbrains.skia.Canvas::clear@12 (line 952)
                      ; - org.jetbrains.skiko.swing.Direct3DSwingRedrawer::onRender$lambda$1@188 (line 82)
                      ; - org.jetbrains.skiko.swing.Direct3DSwingRedrawer$$Lambda/0x0000018445f586c0::invoke@24
                      ; - org.jetbrains.skiko.ResourceUtilsKt::autoCloseScope@29 (line 34)
  0x000001842d42dbd8: 0424 2eff 

  0x000001842d42dbdc: ;   {other}
  0x000001842d42dbdc: 0f1f 8400 | 4c0f 0007 | 448b 4c24 | 5c41 8b69 | 2444 8b5d 

  0x000001842d42dbf0: ;   {metadata('org/jetbrains/skiko/swing/SkiaSwingLayer$renderDelegateWithClipping$1')}
  0x000001842d42dbf0: 0841 81fb | 680d d905 | 0f85 663b | 0000 4c8b | c545 8b50 | 1441 8b6a | 6444 8b5d 

  0x000001842d42dc0c: ;   {metadata('sun/awt/Win32GraphicsConfig')}
  0x000001842d42dc0c: 0841 81fb | 48bc 2c02 | 0f85 7a3b | 0000 4c8b | d545 8b52 | 10c4 c17a 

  0x000001842d42dc24: ;   {section_word}
  0x000001842d42dc24: 104a 20c5 | f82e 0d51 | f9ff ff7a | 1c75 1ac4 | c17a 1052 

  0x000001842d42dc38: ;   {section_word}
  0x000001842d42dc38: 24c5 f82e | 153f f9ff | ff0f 8a69 | 4500 000f | 8563 4500 | 0045 8b50 | 1445 85d2 | 0f84 c236 
  0x000001842d42dc58: 0000 418b | 6810 448b 

  0x000001842d42dc60: ;   {metadata('androidx/compose/ui/scene/ComposeSceneMediator')}
  0x000001842d42dc60: 5508 4181 | fae8 b6d6 | 050f 855d | 3b00 004c | 8bc5 458b | 5860 458b | 5320 4489 | 5424 4444 
  0x000001842d42dc80: 895c 243c | 4c89 4424 | 5845 8b5a | 1c44 895c | 2428 4585 | db0f 8499 | 3600 0044 | 8b54 243c 
  0x000001842d42dca0: 4c89 5424 | 704d 8bd3 | 4c89 5424 | 7844 8b54 | 2444 4c89 | 9424 8000 | 0000 4c8b | 5c24 7848 
  0x000001842d42dcc0: 8d9c 24e0 | 0000 0049 | 8b03 a802 | 0f85 2300 | 0000 4883 | c801 4889 | 03f0 490f | b11b 0f84 
  0x000001842d42dce0: 3700 0000 | 482b c448 | 2507 f0ff | ff48 8903 | e924 0000 | 004c 8bd0 | 4833 c0f0 | 4d0f b17a 
  0x000001842d42dd00: 3e48 c703 | 0300 0000 | 7411 4c3b | f875 1549 | ff82 8600 | 0000 4833 | c075 0949 | ff87 5005 
  0x000001842d42dd20: 0000 33c0 | 0f85 d23a | 0000 448b | 5c24 4441 | 0fb6 6b0c | 85ed 0f84 | 7c42 0000 | 458b d345 
  0x000001842d42dd40: 8862 0c4c | 8b5c 2478 | 488d 8424 | e000 0000 | 4883 3800 | 0f84 7900 | 0000 4d8b | 1341 f6c2 
  0x000001842d42dd60: ;   {no_reloc}
  0x000001842d42dd60: 020f 8462 | 0000 0049 | 83ba 8600 | 0000 0074 | 0949 ff8a | 8600 0000 | eb4b 498b | 8296 0000 
  0x000001842d42dd80: 0049 0b82 | 8e00 0000 | 750a 49c7 | 423e 0000 | 0000 eb3d | 4983 ba9e | 0000 0000 | 7422 4833 
  0x000001842d42dda0: c049 c742 | 3e00 0000 | 00f0 8304 | 2400 4983 | ba9e 0000 | 0000 750d | f04d 0fb1 | 7a3e 7505 
  0x000001842d42ddc0: 83c8 01eb | 0ca8 00eb | 084c 8b10 | f04d 0fb1 | 1375 0a49 | ff8f 5005 | 0000 4533 | d20f 853e 
  0x000001842d42dde0: 3a00 004c | 8b54 2458 | 418b aa80 | 0000 0085 | ed0f 85f1 | 4100 0041 | 8b6a 5044 

  0x000001842d42ddfc: ;   {metadata('androidx/compose/ui/scene/skia/SwingSkiaLayerComponent')}
  0x000001842d42ddfc: 8b5d 0841 | 81fb 50af | d705 0f85 | 3d3a 0000 | 4c8b d545 | 8b52 1041 | 8b6a 6444 

  0x000001842d42de18: ;   {metadata('sun/awt/Win32GraphicsConfig')}
  0x000001842d42de18: 8b5d 0841 | 81fb 48bc | 2c02 0f85 | 7c3a 0000 | 4c8b dd45 | 8b43 10c4 | c17a 1040 

  0x000001842d42de34: ;   {section_word}
  0x000001842d42de34: 20c5 f82e | 0543 f7ff | ff7a 1c75 | 1ac4 c17a 

  0x000001842d42de44: ;   {section_word}
  0x000001842d42de44: 1048 24c5 | f82e 0d31 | f7ff ff0f | 8ae7 4300 | 000f 85e1 | 4300 00c4 | c16a 2a52 

  0x000001842d42de60: ;   {oop(a 'java/lang/Class'{0x00000000d1b07170} = 'org/jetbrains/skia/impl/Stats')}
  0x000001842d42de60: 1849 bb70 | 71b0 d100 | 0000 0045 | 0fb6 9b80 | 0000 00c5 | ea59 c8c4 | c162 2a5a | 0cc5 e259 
  0x000001842d42de80: c0c4 c179 | 7ec8 c4c1 | 797e c24d | 63d2 49c1 | e220 4d0b | d045 8bca | c4c1 796e | c149 c1fa 
  0x000001842d42dea0: 2045 8bd2 | c4c1 796e | d2c5 f057 | c9c5 f25c | dac5 f25c | c0c4 c179 | 7ed8 c4c1 | 797e c24d 
  0x000001842d42dec0: 63c0 49c1 | e020 4d0b | c24c 8944 | 2428 4585 | db0f 8575 | 4100 004c | 8b54 2468 | 498b 5210 
  0x000001842d42dee0: ;   {static_call}
  0x000001842d42dee0: 498b eae8 

  0x000001842d42dee4: ; ImmutableOopMap {rbp=Oop [32]=Oop [48]=Oop [56]=NarrowOop [60]=NarrowOop [64]=NarrowOop [68]=NarrowOop [72]=Oop [88]=Oop [96]=Oop [104]=Oop [112]=Oop [128]=Oop }
                      ;*invokestatic _nSave {reexecute=0 rethrow=0 return_oop=0}
                      ; - org.jetbrains.skia.CanvasKt::access$_nSave@1 (line 1)
                      ; - org.jetbrains.skia.Canvas::save@11 (line 1280)
                      ; - androidx.compose.ui.scene.ComposeSceneMediator::onRender$lambda$0$0@140 (line 1103)
                      ; - androidx.compose.ui.scene.ComposeSceneMediator$$Lambda/0x0000018445f5de80::invoke@12
                      ; - androidx.compose.ui.viewinterop.SwingInteropContainer::postponingExecutingScheduledUpdates@84 (line 251)
                      ; - androidx.compose.ui.scene.ComposeSceneMediator::onRender@30 (line 675)
                      ; - org.jetbrains.skiko.swing.SkiaSwingLayer$renderDelegateWithClipping$1::onRender@78 (line 53)
                      ; - org.jetbrains.skiko.swing.Direct3DSwingRedrawer::onRender$lambda$1@201 (line 83)
                      ; - org.jetbrains.skiko.swing.Direct3DSwingRedrawer$$Lambda/0x0000018445f586c0::invoke@24
                      ; - org.jetbrains.skiko.ResourceUtilsKt::autoCloseScope@29 (line 34)
  0x000001842d42dee4: 78aa 2cff 

  0x000001842d42dee8: ;   {other}
  0x000001842d42dee8: 0f1f 8400 | 5812 0008 

  0x000001842d42def0: ;   {oop(a 'java/lang/Class'{0x00000000d1b07170} = 'org/jetbrains/skia/impl/Stats')}
  0x000001842d42def0: 49ba 7071 | b0d1 0000 | 0000 410f | b6aa 8000 | 0000 4c8b | 5424 2849 | c1fa 204c | 8b5c 2428 
  0x000001842d42df10: 458b db45 | 8bd2 85ed | 0f85 9a41 | 0000 4c8b | 4424 6849 | 8b50 10c4 | c179 6ec2 | c4c1 796e 
  0x000001842d42df30: cb49 8be8 

  0x000001842d42df34: ;   {static_call}
  0x000001842d42df34: 6666 90e8 

  0x000001842d42df38: ; ImmutableOopMap {rbp=Oop [32]=Oop [48]=Oop [56]=NarrowOop [60]=NarrowOop [64]=NarrowOop [68]=NarrowOop [72]=Oop [88]=Oop [96]=Oop [104]=Oop [112]=Oop [128]=Oop }
                      ;*invokestatic _nTranslate {reexecute=0 rethrow=0 return_oop=0}
                      ; - org.jetbrains.skia.CanvasKt::access$_nTranslate@3 (line 1)
                      ; - org.jetbrains.skia.Canvas::translate@25 (line 1091)
                      ; - androidx.compose.ui.scene.ComposeSceneMediator::onRender$lambda$0$0@211 (line 1104)
                      ; - androidx.compose.ui.scene.ComposeSceneMediator$$Lambda/0x0000018445f5de80::invoke@12
                      ; - androidx.compose.ui.viewinterop.SwingInteropContainer::postponingExecutingScheduledUpdates@84 (line 251)
                      ; - androidx.compose.ui.scene.ComposeSceneMediator::onRender@30 (line 675)
                      ; - org.jetbrains.skiko.swing.SkiaSwingLayer$renderDelegateWithClipping$1::onRender@78 (line 53)
                      ; - org.jetbrains.skiko.swing.Direct3DSwingRedrawer::onRender$lambda$1@201 (line 83)
                      ; - org.jetbrains.skiko.swing.Direct3DSwingRedrawer$$Lambda/0x0000018445f586c0::invoke@24
                      ; - org.jetbrains.skiko.ResourceUtilsKt::autoCloseScope@29 (line 34)
  0x000001842d42df38: 24c4 29ff 

  0x000001842d42df3c: ;   {other}
  0x000001842d42df3c: 0f1f 8400 | ac12 0009 | 4c8b 5424 | 5841 8baa | 8800 0000 

  0x000001842d42df50: ; implicit exception: dispatches to 0x000001842d43355c
  0x000001842d42df50: 448b 5508 

  0x000001842d42df54: ;   {metadata('kotlin/SynchronizedLazyImpl')}
  0x000001842d42df54: 4181 fa70 | 9911 020f | 85ab 3900 | 004c 8bd5 | 4c89 5424 | 2841 8b6a 

  0x000001842d42df6c: ;   {oop(a 'kotlin/UNINITIALIZED_VALUE'{0x00000000c09e61b0})}
  0x000001842d42df6c: 1081 fdb0 | 619e c00f | 8469 1700 | 0044 8b55 

  0x000001842d42df7c: ;   {metadata('androidx/compose/ui/scene/CanvasLayersComposeSceneImpl')}
  0x000001842d42df7c: 0841 81fa | f0e5 da05 | 0f85 7252 | 0000 498b | 87b8 0100 | 004c 8bd0 | 4983 c218 | 4c8b dd4c 
  0x000001842d42df9c: 895c 2478 | 4d3b 97c8 | 0100 000f | 8374 2c00 | 004d 8997 | b801 0000 | 410f 0d8a | c000 0000 
  0x000001842d42dfbc: 48c7 0001 

  0x000001842d42dfc0: ;   {metadata('androidx/compose/ui/graphics/SkiaBackedCanvas')}
  0x000001842d42dfc0: 0000 00c7 | 4008 18e3 | f505 4c89 | 6010 c740 | 0c00 0080 | 3f48 8984 | 2488 0000 | 004c 8b54 
  0x000001842d42dfe0: 2468 4d8b | da44 8958 | 104c 8b54 | 2478 410f | b66a 0c85 | ed0f 8541 | 4100 0041 | c642 0d01 
  0x000001842d42e000: 458b 5214 | 4489 5424 | 2845 85d2 | 0f84 6e33 | 0000 4c89 | 9424 9000 

  0x000001842d42e018: ;   {oop(a 'androidx/compose/runtime/SynchronizedObject'{0x00000000c52bf790})}
  0x000001842d42e018: 0000 49bb | 90f7 2bc5 | 0000 0000 | 488d 9c24 | e000 0000 | 498b 03a8 | 020f 8523 | 0000 0048 
  0x000001842d42e038: 83c8 0148 | 8903 f049 | 0fb1 1b0f | 8437 0000 | 0048 2bc4 | 4825 07f0 | ffff 4889 | 03e9 2400 
  0x000001842d42e058: 0000 4c8b | d048 33c0 | f04d 0fb1 | 7a3e 48c7 | 0303 0000 | 0074 114c | 3bf8 7515 | 49ff 8286 
  0x000001842d42e078: 0000 0048 | 33c0 7509 | 49ff 8750 | 0500 0033 | c00f 8510 

  0x000001842d42e08c: ;   {oop(a 'androidx/compose/runtime/snapshots/GlobalSnapshot'{0x00000000c52bf528})}
  0x000001842d42e08c: 3900 0049 | ba28 f52b | c500 0000 | 0045 8b5a | 3045 85db | 0f85 f920 | 0000 33db 

  0x000001842d42e0a8: ;   {oop(a 'androidx/compose/runtime/SynchronizedObject'{0x00000000c52bf790})}
  0x000001842d42e0a8: 49bb 90f7 | 2bc5 0000 | 0000 488d | 8424 e000 | 0000 4883 | 3800 0f84 | 7900 0000 | 4d8b 1341 
  0x000001842d42e0c8: f6c2 020f | 8462 0000 | 0049 83ba | 8600 0000 | 0074 0949 | ff8a 8600 | 0000 eb4b | 498b 8296 
  0x000001842d42e0e8: 0000 0049 | 0b82 8e00 | 0000 750a | 49c7 423e | 0000 0000 | eb3d 4983 | ba9e 0000 | 0000 7422 
  0x000001842d42e108: 4833 c049 | c742 3e00 | 0000 00f0 | 8304 2400 | 4983 ba9e | 0000 0000 | 750d f04d | 0fb1 7a3e 
  0x000001842d42e128: 7505 83c8 | 01eb 0ca8 | 00eb 084c | 8b10 f04d | 0fb1 1375 | 0a49 ff8f | 5005 0000 | 4533 d20f 
  0x000001842d42e148: 8523 3800 | 0085 db0f | 8507 2100 | 0044 8b5c | 2428 458b | 5b14 4585 | db0f 8479 | 3200 0049 
  0x000001842d42e168: ;   {optimized virtual_call}
  0x000001842d42e168: 8bd3 90e8 

  0x000001842d42e16c: ; ImmutableOopMap {[32]=Oop [48]=Oop [56]=NarrowOop [60]=NarrowOop [64]=NarrowOop [68]=NarrowOop [72]=Oop [88]=Oop [96]=Oop [104]=Oop [112]=Oop [120]=Oop [128]=Oop [136]=Oop }
                      ;*invokevirtual perform {reexecute=0 rethrow=0 return_oop=0}
                      ; - androidx.compose.ui.node.SnapshotInvalidationTracker::sendAndPerformSnapshotChanges@10 (line 84)
                      ; - androidx.compose.ui.scene.BaseComposeScene::render@84 (line 365)
                      ; - androidx.compose.ui.scene.ComposeSceneMediator::onRender$lambda$0$0@232 (line 677)
                      ; - androidx.compose.ui.scene.ComposeSceneMediator$$Lambda/0x0000018445f5de80::invoke@12
                      ; - androidx.compose.ui.viewinterop.SwingInteropContainer::postponingExecutingScheduledUpdates@84 (line 251)
                      ; - androidx.compose.ui.scene.ComposeSceneMediator::onRender@30 (line 675)
                      ; - org.jetbrains.skiko.swing.SkiaSwingLayer$renderDelegateWithClipping$1::onRender@78 (line 53)
                      ; - org.jetbrains.skiko.swing.Direct3DSwingRedrawer::onRender$lambda$1@201 (line 83)
                      ; - org.jetbrains.skiko.swing.Direct3DSwingRedrawer$$Lambda/0x0000018445f586c0::invoke@24
                      ; - org.jetbrains.skiko.ResourceUtilsKt::autoCloseScope@29 (line 34)
  0x000001842d42e16c: 10f1 65fe 

  0x000001842d42e170: ;   {other}
  0x000001842d42e170: 0f1f 8400 | e014 000a | 4c8b 5424 | 2049 8b6a | 184c 8b54 | 2478 458b | 5a14 4489 | 9c24 9000 
  0x000001842d42e190: 0000 4883 | fd80 7c0a | 4883 fd7f | 0f8e 0d15 | 0000 498b | 9fb8 0100 | 004c 8bd3 | 4983 c218 
  0x000001842d42e1b0: 4d3b 97c8 | 0100 000f | 8365 2b00 | 004d 8997 | b801 0000 | 410f 0d8a | c000 0000 | 48c7 0301 
  0x000001842d42e1d0: ;   {metadata('java/lang/Long')}
  0x000001842d42e1d0: 0000 00c7 | 4308 60f7 | 0300 4489 | 630c 4c89 | 6310 4889 | 6b10 448b | 9424 9000 | 0000 4585 
  0x000001842d42e1f0: d20f 8449 | 3200 0041 | 807f 4000 | 0f85 7825 | 0000 4c8b | d344 8b9c | 2490 0000 | 004c 895c 
  0x000001842d42e210: 2420 4c8b | c344 8b8c | 2490 0000 | 0045 8941 | 184d 33d3 | 49c1 ea14 | 4d85 d274 | 1a49 c1eb 
  0x000001842d42e230: 0948 b900 | 0005 3b84 | 0100 0049 | 03cb 8039 | 020f 852f | 2700 00f0 | 8344 24c0 | 004c 8b54 
  0x000001842d42e250: 2478 458b | 5224 458b | 5214 4489 | 5424 2c45 | 8b5a 2c44 | 899c 2494 | 0000 0045 | 85db 0f84 
  0x000001842d42e270: 3832 0000 | 4d8b d34c | 8994 2498 | 0000 0044 | 8b5c 242c | 4d8b d34c | 8994 24a0 | 0000 004c 
  0x000001842d42e290: 8b9c 2498 | 0000 0048 | 8d9c 24e0 | 0000 0049 | 8b03 a802 | 0f85 2300 | 0000 4883 | c801 4889 
  0x000001842d42e2b0: 03f0 490f | b11b 0f84 | 3700 0000 | 482b c448 | 2507 f0ff | ff48 8903 | e924 0000 | 004c 8bd0 
  0x000001842d42e2d0: ;   {no_reloc}
  0x000001842d42e2d0: 4833 c0f0 | 4d0f b17a | 3e48 c703 | 0300 0000 | 7411 4c3b | f875 1549 | ff82 8600 | 0000 4833 
  0x000001842d42e2f0: c075 0949 | ff87 5005 | 0000 33c0 | 0f85 c736 | 0000 448b | 5424 2c41 | c642 1001 | f083 4424 
  0x000001842d42e310: c000 41ba | 0100 0000 | 4489 9424 | d800 0000 | 448b 5c24 | 2c41 8b6b | 2085 ed0f | 8417 2e00 
  0x000001842d42e330: 004c 8bd5 | 4c89 9424 | a800 0000 | 4c8b 9c24 | a800 0000 | 488d 9c24 | e800 0000 | 498b 03a8 
  0x000001842d42e350: 020f 8523 | 0000 0048 | 83c8 0148 | 8903 f049 | 0fb1 1b0f | 8437 0000 | 0048 2bc4 | 4825 07f0 
  0x000001842d42e370: ffff 4889 | 03e9 2400 | 0000 4c8b | d048 33c0 | f04d 0fb1 | 7a3e 48c7 | 0303 0000 | 0074 114c 
  0x000001842d42e390: 3bf8 7515 | 49ff 8286 | 0000 0048 | 33c0 7509 | 49ff 8750 | 0500 0033 | c00f 857d | 2e00 0044 
  0x000001842d42e3b0: 8b54 242c | 418b 7218 

  0x000001842d42e3b8: ; implicit exception: dispatches to 0x000001842d4332b4
  0x000001842d42e3b8: 448b 5614 | 4585 d20f | 85f4 1400 | 004c 8b9c | 24a8 0000 | 0048 8d84 

  0x000001842d42e3d0: ;   {no_reloc}
  0x000001842d42e3d0: 24e8 0000 | 0048 8338 | 000f 8479 | 0000 004d | 8b13 41f6 | c202 0f84 | 6200 0000 | 4983 ba86 
  0x000001842d42e3f0: 0000 0000 | 7409 49ff | 8a86 0000 | 00eb 4b49 | 8b82 9600 | 0000 490b | 828e 0000 | 0075 0a49 
  0x000001842d42e410: c742 3e00 | 0000 00eb | 3d49 83ba | 9e00 0000 | 0074 2248 | 33c0 49c7 | 423e 0000 | 0000 f083 
  0x000001842d42e430: 0424 0049 | 83ba 9e00 | 0000 0075 | 0df0 4d0f | b17a 3e75 | 0583 c801 | eb0c a800 | eb08 4c8b 
  0x000001842d42e450: 10f0 4d0f | b113 750a | 49ff 8f50 | 0500 0045 | 33d2 0f85 | 8535 0000 | 448b 5c24 | 2c45 8863 
  0x000001842d42e470: 10f0 8344 | 24c0 004c | 8b9c 2498 | 0000 0048 | 8d84 24e0 | 0000 0048 | 8338 000f | 8479 0000 
  0x000001842d42e490: 004d 8b13 | 41f6 c202 | 0f84 6200 | 0000 4983 | ba86 0000 | 0000 7409 | 49ff 8a86 | 0000 00eb 
  0x000001842d42e4b0: 4b49 8b82 | 9600 0000 | 490b 828e | 0000 0075 | 0a49 c742 | 3e00 0000 | 00eb 3d49 | 83ba 9e00 
  0x000001842d42e4d0: ;   {no_reloc}
  0x000001842d42e4d0: 0000 0074 | 2248 33c0 | 49c7 423e | 0000 0000 | f083 0424 | 0049 83ba | 9e00 0000 | 0075 0df0 
  0x000001842d42e4f0: 4d0f b17a | 3e75 0583 | c801 eb0c | a800 eb08 | 4c8b 10f0 | 4d0f b113 | 750a 49ff | 8f50 0500 
  0x000001842d42e510: 0045 33d2 | 0f85 fb34 | 0000 4c8b | 5424 7845 | 8b5a 2445 | 8b53 1844 | 8954 2428 

  0x000001842d42e52c: ; implicit exception: dispatches to 0x000001842d433714
  0x000001842d42e52c: 458b 5a2c | 4489 5c24 | 2c45 85db | 0f84 da2f | 0000 4d8b | d34c 8994 | 2498 0000 | 0044 8b5c 
  0x000001842d42e54c: 2428 4d8b | d34c 8994 | 24a0 0000 | 004c 8b9c | 2498 0000 | 0048 8d9c | 24e0 0000 | 0049 8b03 
  0x000001842d42e56c: a802 0f85 | 2300 0000 | 4883 c801 | 4889 03f0 | 490f b11b | 0f84 3700 | 0000 482b | c448 2507 
  0x000001842d42e58c: f0ff ff48 | 8903 e924 | 0000 004c | 8bd0 4833 | c0f0 4d0f | b17a 3e48 | c703 0300 | 0000 7411 
  0x000001842d42e5ac: 4c3b f875 | 1549 ff82 | 8600 0000 | 4833 c075 | 0949 ff87 | 5005 0000 | 33c0 0f85 | 7134 0000 
  0x000001842d42e5cc: ;   {no_reloc}
  0x000001842d42e5cc: 448b 5424 | 2841 c642 | 1001 f083 | 4424 c000 | 448b 5c24 | 2841 8b6b | 2085 ed0f | 84d7 2b00 
  0x000001842d42e5ec: 004c 8bd5 | 4c89 9424 | a800 0000 | 4c8b 9c24 | a800 0000 | 488d 9c24 | e800 0000 | 498b 03a8 
  0x000001842d42e60c: 020f 8523 | 0000 0048 | 83c8 0148 | 8903 f049 | 0fb1 1b0f | 8437 0000 | 0048 2bc4 | 4825 07f0 
  0x000001842d42e62c: ffff 4889 | 03e9 2400 | 0000 4c8b | d048 33c0 | f04d 0fb1 | 7a3e 48c7 | 0303 0000 | 0074 114c 
  0x000001842d42e64c: 3bf8 7515 | 49ff 8286 | 0000 0048 | 33c0 7509 | 49ff 8750 | 0500 0033 | c00f 85de | 2b00 0044 
  0x000001842d42e66c: 8b54 2428 | 418b 7a18 

  0x000001842d42e674: ; implicit exception: dispatches to 0x000001842d433330
  0x000001842d42e674: 448b 5714 | 4585 d20f | 8542 1400 | 004c 8b9c | 24a8 0000 | 0048 8d84 | 24e8 0000 | 0048 8338 
  0x000001842d42e694: 000f 8479 | 0000 004d | 8b13 41f6 | c202 0f84 | 6200 0000 | 4983 ba86 | 0000 0000 | 7409 49ff 
  0x000001842d42e6b4: 8a86 0000 | 00eb 4b49 | 8b82 9600 | 0000 490b | 828e 0000 | 0075 0a49 

  0x000001842d42e6cc: ;   {no_reloc}
  0x000001842d42e6cc: c742 3e00 | 0000 00eb | 3d49 83ba | 9e00 0000 | 0074 2248 | 33c0 49c7 | 423e 0000 | 0000 f083 
  0x000001842d42e6ec: 0424 0049 | 83ba 9e00 | 0000 0075 | 0df0 4d0f | b17a 3e75 | 0583 c801 | eb0c a800 | eb08 4c8b 
  0x000001842d42e70c: 10f0 4d0f | b113 750a | 49ff 8f50 | 0500 0045 | 33d2 0f85 | 3d33 0000 | 448b 5c24 | 2845 8863 
  0x000001842d42e72c: 10f0 8344 | 24c0 004c | 8b9c 2498 | 0000 0048 | 8d84 24e0 | 0000 0048 | 8338 000f | 8479 0000 
  0x000001842d42e74c: 004d 8b13 | 41f6 c202 | 0f84 6200 | 0000 4983 | ba86 0000 | 0000 7409 | 49ff 8a86 | 0000 00eb 
  0x000001842d42e76c: 4b49 8b82 | 9600 0000 | 490b 828e | 0000 0075 | 0a49 c742 | 3e00 0000 | 00eb 3d49 | 83ba 9e00 
  0x000001842d42e78c: 0000 0074 | 2248 33c0 | 49c7 423e | 0000 0000 | f083 0424 | 0049 83ba | 9e00 0000 | 0075 0df0 
  0x000001842d42e7ac: 4d0f b17a | 3e75 0583 | c801 eb0c | a800 eb08 | 4c8b 10f0 | 4d0f b113 | 750a 49ff | 8f50 0500 
  0x000001842d42e7cc: ;   {no_reloc}
  0x000001842d42e7cc: 0045 33d2 | 0f85 b332 | 0000 4c8b | 5424 7845 | 8b5a 2041 | 8b6b 104d | 8b87 b801 | 0000 4d8b 
  0x000001842d42e7ec: d049 83c2 | 184d 3b97 | c801 0000 | 0f83 4724 | 0000 4d89 | 97b8 0100 | 0041 0f0d | 8ac0 0000 
  0x000001842d42e80c: 0049 c700 | 0100 0000 

  0x000001842d42e814: ;   {metadata('androidx/compose/runtime/BroadcastFrameClock$$Lambda+0x0000018442f76a60')}
  0x000001842d42e814: 41c7 4008 | 606a f702 | 4589 600c | 4c8b 5424 | 504d 8950 | 1085 ed0f | 844f 2d00 | 0048 8bd5 
  0x000001842d42e834: ;   {optimized virtual_call}
  0x000001842d42e834: 6666 90e8 

  0x000001842d42e838: ; ImmutableOopMap {[32]=Oop [48]=Oop [56]=NarrowOop [60]=NarrowOop [64]=NarrowOop [68]=NarrowOop [72]=Oop [88]=Oop [96]=Oop [104]=Oop [112]=Oop [120]=Oop [128]=Oop [136]=Oop [144]=NarrowOop }
                      ;*invokevirtual flushAndDispatchAwaiters {reexecute=0 rethrow=0 return_oop=0}
                      ; - androidx.compose.runtime.BroadcastFrameClock::sendFrame@10 (line 71)
                      ; - androidx.compose.ui.scene.BaseComposeScene::render@131 (line 179)
                      ; - androidx.compose.ui.scene.ComposeSceneMediator::onRender$lambda$0$0@232 (line 677)
                      ; - androidx.compose.ui.scene.ComposeSceneMediator$$Lambda/0x0000018445f5de80::invoke@12
                      ; - androidx.compose.ui.viewinterop.SwingInteropContainer::postponingExecutingScheduledUpdates@84 (line 251)
                      ; - androidx.compose.ui.scene.ComposeSceneMediator::onRender@30 (line 675)
                      ; - org.jetbrains.skiko.swing.SkiaSwingLayer$renderDelegateWithClipping$1::onRender@78 (line 53)
                      ; - org.jetbrains.skiko.swing.Direct3DSwingRedrawer::onRender$lambda$1@201 (line 83)
                      ; - org.jetbrains.skiko.swing.Direct3DSwingRedrawer$$Lambda/0x0000018445f586c0::invoke@24
                      ; - org.jetbrains.skiko.ResourceUtilsKt::autoCloseScope@29 (line 34)
  0x000001842d42e838: 2496 affe 

  0x000001842d42e83c: ;   {other}
  0x000001842d42e83c: 0f1f 8400 | ac1b 000b | 4c8b 5424 | 7845 8b52 | 1445 8862 | 0c48 8b54 

  0x000001842d42e854: ;   {optimized virtual_call}
  0x000001842d42e854: 2478 90e8 

  0x000001842d42e858: ; ImmutableOopMap {[32]=Oop [48]=Oop [56]=NarrowOop [60]=NarrowOop [64]=NarrowOop [68]=NarrowOop [72]=Oop [88]=Oop [96]=Oop [104]=Oop [112]=Oop [120]=Oop [128]=Oop [136]=Oop [144]=NarrowOop }
                      ;*invokevirtual measureAndLayout {reexecute=0 rethrow=0 return_oop=0}
                      ; - androidx.compose.ui.scene.BaseComposeScene::doMeasureAndLayout@8 (line 295)
                      ; - androidx.compose.ui.scene.BaseComposeScene::render@135 (line 181)
                      ; - androidx.compose.ui.scene.ComposeSceneMediator::onRender$lambda$0$0@232 (line 677)
                      ; - androidx.compose.ui.scene.ComposeSceneMediator$$Lambda/0x0000018445f5de80::invoke@12
                      ; - androidx.compose.ui.viewinterop.SwingInteropContainer::postponingExecutingScheduledUpdates@84 (line 251)
                      ; - androidx.compose.ui.scene.ComposeSceneMediator::onRender@30 (line 675)
                      ; - org.jetbrains.skiko.swing.SkiaSwingLayer$renderDelegateWithClipping$1::onRender@78 (line 53)
                      ; - org.jetbrains.skiko.swing.Direct3DSwingRedrawer::onRender$lambda$1@201 (line 83)
                      ; - org.jetbrains.skiko.swing.Direct3DSwingRedrawer$$Lambda/0x0000018445f586c0::invoke@24
                      ; - org.jetbrains.skiko.ResourceUtilsKt::autoCloseScope@29 (line 34)
  0x000001842d42e858: 8459 fdff 

  0x000001842d42e85c: ;   {other}
  0x000001842d42e85c: 0f1f 8400 | cc1b 000c | 4c8b 5424 | 7845 8b5a | 1845 8b53 | 2045 0fb6 | 5a0c 4585 | db0f 856a 
  0x000001842d42e87c: ;   {oop(a 'androidx/compose/runtime/SynchronizedObject'{0x00000000c52bf790})}
  0x000001842d42e87c: 1a00 0049 | bb90 f72b | c500 0000 | 0048 8d9c | 24e0 0000 | 0049 8b03 | a802 0f85 | 2300 0000 
  0x000001842d42e89c: 4883 c801 | 4889 03f0 | 490f b11b | 0f84 3700 | 0000 482b | c448 2507 | f0ff ff48 | 8903 e924 
  0x000001842d42e8bc: 0000 004c | 8bd0 4833 | c0f0 4d0f | b17a 3e48 | c703 0300 | 0000 7411 | 4c3b f875 | 1549 ff82 
  0x000001842d42e8dc: 8600 0000 | 4833 c075 | 0949 ff87 | 5005 0000 | 33c0 0f85 | ec31 0000 

  0x000001842d42e8f4: ;   {oop(a 'androidx/compose/runtime/snapshots/GlobalSnapshot'{0x00000000c52bf528})}
  0x000001842d42e8f4: 49ba 28f5 | 2bc5 0000 | 0000 458b | 5a30 4585 | db0f 85b4 | 1800 0033 

  0x000001842d42e90c: ;   {oop(a 'androidx/compose/runtime/SynchronizedObject'{0x00000000c52bf790})}
  0x000001842d42e90c: ff49 bb90 | f72b c500 | 0000 0048 | 8d84 24e0 | 0000 0048 | 8338 000f | 8479 0000 | 004d 8b13 
  0x000001842d42e92c: 41f6 c202 | 0f84 6200 | 0000 4983 | ba86 0000 | 0000 7409 | 49ff 8a86 | 0000 00eb | 4b49 8b82 
  0x000001842d42e94c: 9600 0000 | 490b 828e | 0000 0075 | 0a49 c742 | 3e00 0000 | 00eb 3d49 | 83ba 9e00 | 0000 0074 
  0x000001842d42e96c: 2248 33c0 | 49c7 423e | 0000 0000 | f083 0424 | 0049 83ba | 9e00 0000 | 0075 0df0 | 4d0f b17a 
  0x000001842d42e98c: 3e75 0583 | c801 eb0c | a800 eb08 | 4c8b 10f0 | 4d0f b113 | 750a 49ff | 8f50 0500 | 0045 33d2 
  0x000001842d42e9ac: 0f85 ff30 | 0000 85ff | 0f85 c318 | 0000 4c8b | 5424 7845 | 8b52 1445 | 8862 0c48 | 8b54 2478 
  0x000001842d42e9cc: ;   {optimized virtual_call}
  0x000001842d42e9cc: 6666 90e8 

  0x000001842d42e9d0: ; ImmutableOopMap {[32]=Oop [48]=Oop [56]=NarrowOop [60]=NarrowOop [64]=NarrowOop [68]=NarrowOop [72]=Oop [88]=Oop [96]=Oop [104]=Oop [112]=Oop [120]=Oop [128]=Oop [136]=Oop [144]=NarrowOop }
                      ;*invokevirtual measureAndLayout {reexecute=0 rethrow=0 return_oop=0}
                      ; - androidx.compose.ui.scene.BaseComposeScene::doMeasureAndLayout@8 (line 295)
                      ; - androidx.compose.ui.scene.BaseComposeScene::render@173 (line 196)
                      ; - androidx.compose.ui.scene.ComposeSceneMediator::onRender$lambda$0$0@232 (line 677)
                      ; - androidx.compose.ui.scene.ComposeSceneMediator$$Lambda/0x0000018445f5de80::invoke@12
                      ; - androidx.compose.ui.viewinterop.SwingInteropContainer::postponingExecutingScheduledUpdates@84 (line 251)
                      ; - androidx.compose.ui.scene.ComposeSceneMediator::onRender@30 (line 675)
                      ; - org.jetbrains.skiko.swing.SkiaSwingLayer$renderDelegateWithClipping$1::onRender@78 (line 53)
                      ; - org.jetbrains.skiko.swing.Direct3DSwingRedrawer::onRender$lambda$1@201 (line 83)
                      ; - org.jetbrains.skiko.swing.Direct3DSwingRedrawer$$Lambda/0x0000018445f586c0::invoke@24
                      ; - org.jetbrains.skiko.ResourceUtilsKt::autoCloseScope@29 (line 34)
  0x000001842d42e9d0: 0c58 fdff 

  0x000001842d42e9d4: ;   {other}
  0x000001842d42e9d4: 0f1f 8400 | 441d 000d 

  0x000001842d42e9dc: ;   {oop(a 'androidx/compose/runtime/SynchronizedObject'{0x00000000c52bf790})}
  0x000001842d42e9dc: 49bb 90f7 | 2bc5 0000 | 0000 488d | 9c24 e000 | 0000 498b | 03a8 020f | 8523 0000 | 0048 83c8 
  0x000001842d42e9fc: 0148 8903 | f049 0fb1 | 1b0f 8437 | 0000 0048 | 2bc4 4825 | 07f0 ffff | 4889 03e9 | 2400 0000 
  0x000001842d42ea1c: 4c8b d048 | 33c0 f04d | 0fb1 7a3e | 48c7 0303 | 0000 0074 | 114c 3bf8 | 7515 49ff | 8286 0000 
  0x000001842d42ea3c: 0048 33c0 | 7509 49ff | 8750 0500 | 0033 c00f | 85b8 3000 

  0x000001842d42ea50: ;   {oop(a 'androidx/compose/runtime/snapshots/GlobalSnapshot'{0x00000000c52bf528})}
  0x000001842d42ea50: 0049 ba28 | f52b c500 | 0000 0045 | 8b5a 3045 | 85db 0f85 | 7717 0000 

  0x000001842d42ea68: ;   {oop(a 'androidx/compose/runtime/SynchronizedObject'{0x00000000c52bf790})}
  0x000001842d42ea68: 33ff 49bb | 90f7 2bc5 | 0000 0000 | 488d 8424 | e000 0000 | 4883 3800 | 0f84 7900 | 0000 4d8b 
  0x000001842d42ea88: 1341 f6c2 | 020f 8462 | 0000 0049 | 83ba 8600 | 0000 0074 | 0949 ff8a | 8600 0000 | eb4b 498b 
  0x000001842d42eaa8: 8296 0000 | 0049 0b82 | 8e00 0000 | 750a 49c7 | 423e 0000 | 0000 eb3d | 4983 ba9e | 0000 0000 
  0x000001842d42eac8: 7422 4833 | c049 c742 | 3e00 0000 | 00f0 8304 | 2400 4983 | ba9e 0000 | 0000 750d | f04d 0fb1 
  0x000001842d42eae8: 7a3e 7505 | 83c8 01eb | 0ca8 00eb | 084c 8b10 | f04d 0fb1 | 1375 0a49 | ff8f 5005 | 0000 4533 
  0x000001842d42eb08: d20f 8526 | 3000 0085 | ff0f 858a | 1700 004c | 8b54 2478 | 458b 5214 

  0x000001842d42eb20: ; implicit exception: dispatches to 0x000001842d433964
  0x000001842d42eb20: 4588 620d | 488b 5424 | 784c 8b84 | 2488 0000 

  0x000001842d42eb30: ;   {optimized virtual_call}
  0x000001842d42eb30: 0066 90e8 

  0x000001842d42eb34: ; ImmutableOopMap {[32]=Oop [48]=Oop [56]=NarrowOop [60]=NarrowOop [64]=NarrowOop [68]=NarrowOop [72]=Oop [88]=Oop [96]=Oop [104]=Oop [112]=Oop [120]=Oop [128]=Oop [144]=NarrowOop }
                      ;*invokevirtual draw {reexecute=0 rethrow=0 return_oop=0}
                      ; - androidx.compose.ui.scene.BaseComposeScene::render@191 (line 201)
                      ; - androidx.compose.ui.scene.ComposeSceneMediator::onRender$lambda$0$0@232 (line 677)
                      ; - androidx.compose.ui.scene.ComposeSceneMediator$$Lambda/0x0000018445f5de80::invoke@12
                      ; - androidx.compose.ui.viewinterop.SwingInteropContainer::postponingExecutingScheduledUpdates@84 (line 251)
                      ; - androidx.compose.ui.scene.ComposeSceneMediator::onRender@30 (line 675)
                      ; - org.jetbrains.skiko.swing.SkiaSwingLayer$renderDelegateWithClipping$1::onRender@78 (line 53)
                      ; - org.jetbrains.skiko.swing.Direct3DSwingRedrawer::onRender$lambda$1@201 (line 83)
                      ; - org.jetbrains.skiko.swing.Direct3DSwingRedrawer$$Lambda/0x0000018445f586c0::invoke@24
                      ; - org.jetbrains.skiko.ResourceUtilsKt::autoCloseScope@29 (line 34)
  0x000001842d42eb34: 88f4 24fe 

  0x000001842d42eb38: ;   {other}
  0x000001842d42eb38: 0f1f 8400 | a81e 000e | 4180 7f40 | 000f 8565 | 1c00 0044 | 8b9c 2490 | 0000 0045 | 8963 18f0 
  0x000001842d42eb58: 8344 24c0 | 004c 8b54 | 2478 458b | 5214 4489 | 5424 2845 | 85d2 0f84 | 782a 0000 | 4c89 5424 
  0x000001842d42eb78: ;   {oop(a 'androidx/compose/runtime/SynchronizedObject'{0x00000000c52bf790})}
  0x000001842d42eb78: 2049 bb90 | f72b c500 | 0000 0048 | 8d9c 24e0 | 0000 0049 | 8b03 a802 | 0f85 2300 | 0000 4883 
  0x000001842d42eb98: c801 4889 | 03f0 490f | b11b 0f84 | 3700 0000 | 482b c448 | 2507 f0ff | ff48 8903 | e924 0000 
  0x000001842d42ebb8: 004c 8bd0 | 4833 c0f0 | 4d0f b17a | 3e48 c703 | 0300 0000 | 7411 4c3b | f875 1549 | ff82 8600 
  0x000001842d42ebd8: 0000 4833 | c075 0949 | ff87 5005 | 0000 33c0 | 0f85 a52f 

  0x000001842d42ebec: ;   {oop(a 'androidx/compose/runtime/snapshots/GlobalSnapshot'{0x00000000c52bf528})}
  0x000001842d42ebec: 0000 49ba | 28f5 2bc5 | 0000 0000 | 458b 5a30 | 4585 db0f | 85fa 1500 | 0045 33db | 4489 9c24 
  0x000001842d42ec0c: d800 0000 

  0x000001842d42ec10: ;   {oop(a 'androidx/compose/runtime/SynchronizedObject'{0x00000000c52bf790})}
  0x000001842d42ec10: 49bb 90f7 | 2bc5 0000 | 0000 488d | 8424 e000 | 0000 4883 | 3800 0f84 | 7900 0000 | 4d8b 1341 
  0x000001842d42ec30: f6c2 020f | 8462 0000 | 0049 83ba | 8600 0000 | 0074 0949 | ff8a 8600 | 0000 eb4b | 498b 8296 
  0x000001842d42ec50: 0000 0049 | 0b82 8e00 | 0000 750a | 49c7 423e | 0000 0000 | eb3d 4983 | ba9e 0000 | 0000 7422 
  0x000001842d42ec70: 4833 c049 | c742 3e00 | 0000 00f0 | 8304 2400 | 4983 ba9e | 0000 0000 | 750d f04d | 0fb1 7a3e 
  0x000001842d42ec90: 7505 83c8 | 01eb 0ca8 | 00eb 084c | 8b10 f04d | 0fb1 1375 | 0a49 ff8f | 5005 0000 | 4533 d20f 
  0x000001842d42ecb0: 85af 2e00 | 0044 8b9c | 24d8 0000 | 0045 85db | 0f85 ff15 | 0000 448b | 5424 2845 | 8b5a 1445 
  0x000001842d42ecd0: 85db 0f84 | 5429 0000 

  0x000001842d42ecd8: ;   {optimized virtual_call}
  0x000001842d42ecd8: 498b d3e8 

  0x000001842d42ecdc: ; ImmutableOopMap {[48]=Oop [56]=NarrowOop [60]=NarrowOop [64]=NarrowOop [68]=NarrowOop [72]=Oop [88]=Oop [96]=Oop [104]=Oop [112]=Oop [120]=Oop [128]=Oop }
                      ;*invokevirtual perform {reexecute=0 rethrow=0 return_oop=0}
                      ; - androidx.compose.ui.node.SnapshotInvalidationTracker::sendAndPerformSnapshotChanges@10 (line 84)
                      ; - androidx.compose.ui.scene.BaseComposeScene::render@230 (line 373)
                      ; - androidx.compose.ui.scene.ComposeSceneMediator::onRender$lambda$0$0@232 (line 677)
                      ; - androidx.compose.ui.scene.ComposeSceneMediator$$Lambda/0x0000018445f5de80::invoke@12
                      ; - androidx.compose.ui.viewinterop.SwingInteropContainer::postponingExecutingScheduledUpdates@84 (line 251)
                      ; - androidx.compose.ui.scene.ComposeSceneMediator::onRender@30 (line 675)
                      ; - org.jetbrains.skiko.swing.SkiaSwingLayer$renderDelegateWithClipping$1::onRender@78 (line 53)
                      ; - org.jetbrains.skiko.swing.Direct3DSwingRedrawer::onRender$lambda$1@201 (line 83)
                      ; - org.jetbrains.skiko.swing.Direct3DSwingRedrawer$$Lambda/0x0000018445f586c0::invoke@24
                      ; - org.jetbrains.skiko.ResourceUtilsKt::autoCloseScope@29 (line 34)
  0x000001842d42ecdc: a0e5 65fe 

  0x000001842d42ece0: ;   {other}
  0x000001842d42ece0: 0f1f 8400 | 5020 000f | 4c8b 5424 | 7845 8862 | 0d49 8bd2 

  0x000001842d42ecf4: ;   {optimized virtual_call}
  0x000001842d42ecf4: 6666 90e8 

  0x000001842d42ecf8: ; ImmutableOopMap {[48]=Oop [56]=NarrowOop [60]=NarrowOop [64]=NarrowOop [68]=NarrowOop [72]=Oop [88]=Oop [96]=Oop [104]=Oop [112]=Oop [128]=Oop }
                      ;*invokevirtual updateInvalidations {reexecute=0 rethrow=0 return_oop=0}
                      ; - androidx.compose.ui.scene.BaseComposeScene::render@274 (line 376)
                      ; - androidx.compose.ui.scene.ComposeSceneMediator::onRender$lambda$0$0@232 (line 677)
                      ; - androidx.compose.ui.scene.ComposeSceneMediator$$Lambda/0x0000018445f5de80::invoke@12
                      ; - androidx.compose.ui.viewinterop.SwingInteropContainer::postponingExecutingScheduledUpdates@84 (line 251)
                      ; - androidx.compose.ui.scene.ComposeSceneMediator::onRender@30 (line 675)
                      ; - org.jetbrains.skiko.swing.SkiaSwingLayer$renderDelegateWithClipping$1::onRender@78 (line 53)
                      ; - org.jetbrains.skiko.swing.Direct3DSwingRedrawer::onRender$lambda$1@201 (line 83)
                      ; - org.jetbrains.skiko.swing.Direct3DSwingRedrawer$$Lambda/0x0000018445f586c0::invoke@24
                      ; - org.jetbrains.skiko.ResourceUtilsKt::autoCloseScope@29 (line 34)
  0x000001842d42ecf8: a4fc e1ff 

  0x000001842d42ecfc: ;   {other}
  0x000001842d42ecfc: 0f1f 8400 | 6c20 0010 

  0x000001842d42ed04: ;   {oop(a 'java/lang/Class'{0x00000000d1b07170} = 'org/jetbrains/skia/impl/Stats')}
  0x000001842d42ed04: 49ba 7071 | b0d1 0000 | 0000 410f | b6aa 8000 | 0000 85ed | 0f85 c635 | 0000 4c8b | 5424 6849 
  0x000001842d42ed24: ;   {static_call}
  0x000001842d42ed24: 8b52 10e8 

  0x000001842d42ed28: ; ImmutableOopMap {[48]=Oop [56]=NarrowOop [60]=NarrowOop [64]=NarrowOop [68]=NarrowOop [72]=Oop [88]=Oop [96]=Oop [104]=Oop [112]=Oop [128]=Oop }
                      ;*invokestatic _nRestore {reexecute=0 rethrow=0 return_oop=0}
                      ; - org.jetbrains.skia.CanvasKt::access$_nRestore@1 (line 1)
                      ; - org.jetbrains.skia.Canvas::restore@10 (line 1392)
                      ; - androidx.compose.ui.scene.ComposeSceneMediator::onRender$lambda$0$0@241 (line 1111)
                      ; - androidx.compose.ui.scene.ComposeSceneMediator$$Lambda/0x0000018445f5de80::invoke@12
                      ; - androidx.compose.ui.viewinterop.SwingInteropContainer::postponingExecutingScheduledUpdates@84 (line 251)
                      ; - androidx.compose.ui.scene.ComposeSceneMediator::onRender@30 (line 675)
                      ; - org.jetbrains.skiko.swing.SkiaSwingLayer$renderDelegateWithClipping$1::onRender@78 (line 53)
                      ; - org.jetbrains.skiko.swing.Direct3DSwingRedrawer::onRender$lambda$1@201 (line 83)
                      ; - org.jetbrains.skiko.swing.Direct3DSwingRedrawer$$Lambda/0x0000018445f586c0::invoke@24
                      ; - org.jetbrains.skiko.ResourceUtilsKt::autoCloseScope@29 (line 34)
  0x000001842d42ed28: 34a0 2cff 

  0x000001842d42ed2c: ;   {other}
  0x000001842d42ed2c: 0f1f 8400 | 9c20 0011 | 448b 5c24 | 4445 8b43 | 1c45 85c0 | 0f84 2629 | 0000 488d | 9c24 e000 
  0x000001842d42ed4c: 0000 498b | 00a8 020f | 8523 0000 | 0048 83c8 | 0148 8903 | f049 0fb1 | 180f 8437 | 0000 0048 
  0x000001842d42ed6c: 2bc4 4825 | 07f0 ffff | 4889 03e9 | 2400 0000 | 4c8b d048 | 33c0 f04d | 0fb1 7a3e | 48c7 0303 
  0x000001842d42ed8c: 0000 0074 | 114c 3bf8 | 7515 49ff | 8286 0000 | 0048 33c0 | 7509 49ff | 8750 0500 | 0033 c00f 
  0x000001842d42edac: 8523 2e00 | 0041 c643 | 0c01 488d | 8424 e000 | 0000 4883 | 3800 0f84 | 7900 0000 | 4d8b 1041 
  0x000001842d42edcc: f6c2 020f | 8462 0000 | 0049 83ba | 8600 0000 | 0074 0949 | ff8a 8600 | 0000 eb4b | 498b 8296 
  0x000001842d42edec: 0000 0049 | 0b82 8e00 | 0000 750a | 49c7 423e | 0000 0000 | eb3d 4983 | ba9e 0000 | 0000 7422 
  0x000001842d42ee0c: 4833 c049 | c742 3e00 | 0000 00f0 | 8304 2400 | 4983 ba9e | 0000 0000 | 750d f04d 

  0x000001842d42ee28: ;   {no_reloc}
  0x000001842d42ee28: 0fb1 7a3e | 7505 83c8 | 01eb 0ca8 | 00eb 084c | 8b10 f04d | 0fb1 1075 | 0a49 ff8f | 5005 0000 
  0x000001842d42ee48: 4533 d20f | 85c0 2d00 | 0048 8b54 

  0x000001842d42ee54: ;   {optimized virtual_call}
  0x000001842d42ee54: 2470 90e8 

  0x000001842d42ee58: ; ImmutableOopMap {[48]=Oop [56]=NarrowOop [64]=NarrowOop [72]=Oop [88]=Oop [96]=Oop }
                      ;*invokespecial executeScheduledUpdates {reexecute=0 rethrow=0 return_oop=0}
                      ; - androidx.compose.ui.viewinterop.SwingInteropContainer::postponingExecutingScheduledUpdates@178 (line 254)
                      ; - androidx.compose.ui.scene.ComposeSceneMediator::onRender@30 (line 675)
                      ; - org.jetbrains.skiko.swing.SkiaSwingLayer$renderDelegateWithClipping$1::onRender@78 (line 53)
                      ; - org.jetbrains.skiko.swing.Direct3DSwingRedrawer::onRender$lambda$1@201 (line 83)
                      ; - org.jetbrains.skiko.swing.Direct3DSwingRedrawer$$Lambda/0x0000018445f586c0::invoke@24
                      ; - org.jetbrains.skiko.ResourceUtilsKt::autoCloseScope@29 (line 34)
  0x000001842d42ee58: 647a c7ff 

  0x000001842d42ee5c: ;   {other}
  0x000001842d42ee5c: 0f1f 8400 | cc21 0012 | 4c8b 5424 | 6041 8b4a | 1848 8b51 

  0x000001842d42ee70: ;   {oop(a 'java/lang/Class'{0x00000000d1b07170} = 'org/jetbrains/skia/impl/Stats')}
  0x000001842d42ee70: 1049 bb70 | 71b0 d100 | 0000 0041 | 0fb6 ab80 | 0000 0085 | ed0f 85f5 | 3200 004c | 8954 2428 
  0x000001842d42ee90: 4d8b 4210 | 488b e945 

  0x000001842d42ee98: ;   {static_call}
  0x000001842d42ee98: 33c9 90e8 

  0x000001842d42ee9c: ; ImmutableOopMap {rbp=Oop [40]=Oop [48]=Oop [56]=NarrowOop [64]=NarrowOop [72]=Oop }
                      ;*invokestatic _nFlushAndSubmit {reexecute=0 rethrow=0 return_oop=0}
                      ; - org.jetbrains.skia.DirectContextKt::access$_nFlushAndSubmit@4 (line 1)
                      ; - org.jetbrains.skia.DirectContext::flushAndSubmit@22 (line 96)
                      ; - org.jetbrains.skia.Surface::flushAndSubmit@10 (line 967)
                      ; - org.jetbrains.skiko.swing.Direct3DSwingRedrawer::flush@14 (line 89)
                      ; - org.jetbrains.skiko.swing.Direct3DSwingRedrawer::onRender$lambda$1@211 (line 84)
                      ; - org.jetbrains.skiko.swing.Direct3DSwingRedrawer$$Lambda/0x0000018445f586c0::invoke@24
                      ; - org.jetbrains.skiko.ResourceUtilsKt::autoCloseScope@29 (line 34)
  0x000001842d42ee9c: 401b 2eff 

  0x000001842d42eea0: ;   {other}
  0x000001842d42eea0: 0f1f 8400 | 1022 0013 | 448b 5424 | 384d 8b4a | 384d 8b42 

  0x000001842d42eeb4: ;   {oop(a 'org/jetbrains/skiko/graphicapi/InternalDirectXApi'{0x00000000d295dcf0})}
  0x000001842d42eeb4: 3048 baf0 | dc95 d200 

  0x000001842d42eebc: ;   {optimized virtual_call}
  0x000001842d42eebc: 0000 00e8 

  0x000001842d42eec0: ; ImmutableOopMap {[40]=Oop [48]=Oop [56]=NarrowOop [64]=NarrowOop [72]=Oop }
                      ;*invokevirtual waitForCompletion {reexecute=0 rethrow=0 return_oop=0}
                      ; - org.jetbrains.skiko.swing.Direct3DSwingRedrawer::flush@28 (line 90)
                      ; - org.jetbrains.skiko.swing.Direct3DSwingRedrawer::onRender$lambda$1@211 (line 84)
                      ; - org.jetbrains.skiko.swing.Direct3DSwingRedrawer$$Lambda/0x0000018445f586c0::invoke@24
                      ; - org.jetbrains.skiko.ResourceUtilsKt::autoCloseScope@29 (line 34)
  0x000001842d42eec0: fc21 2eff 

  0x000001842d42eec4: ;   {other}
  0x000001842d42eec4: 0f1f 8400 | 3422 0014 | 448b 5c24 | 3841 8b6b | 4049 8b7b | 3844 8b55 

  0x000001842d42eedc: ;   {metadata('org/jetbrains/skiko/swing/SoftwareSwingPainter')}
  0x000001842d42eedc: 0841 81fa | b858 d905 | 0f85 d32c | 0000 488b | d544 8b54 | 2440 4d8b | c24c 8b4c 

  0x000001842d42eef8: ;   {optimized virtual_call}
  0x000001842d42eef8: 2428 90e8 

  0x000001842d42eefc: ; ImmutableOopMap {[72]=Oop }
                      ;*invokeinterface paint {reexecute=0 rethrow=0 return_oop=0}
                      ; - org.jetbrains.skiko.swing.Direct3DSwingRedrawer::flush@41 (line 92)
                      ; - org.jetbrains.skiko.swing.Direct3DSwingRedrawer::onRender$lambda$1@211 (line 84)
                      ; - org.jetbrains.skiko.swing.Direct3DSwingRedrawer$$Lambda/0x0000018445f586c0::invoke@24
                      ; - org.jetbrains.skiko.ResourceUtilsKt::autoCloseScope@29 (line 34)
  0x000001842d42eefc: 60a2 e2ff 

  0x000001842d42ef00: ;   {other}
  0x000001842d42ef00: 0f1f 8400 | 7022 0015 | 488b 5424 

  0x000001842d42ef0c: ;   {optimized virtual_call}
  0x000001842d42ef0c: 4866 90e8 

  0x000001842d42ef10: ; ImmutableOopMap {[72]=Oop }
                      ;*invokeinterface size {reexecute=0 rethrow=0 return_oop=0}
                      ; - kotlin.collections.ReversedList::getSize@4 (line 30)
                      ; - kotlin.collections.AbstractMutableList::size@1 (line 15)
                      ; - kotlin.collections.CollectionsKt__ReversedViewsKt::reversePositionIndex$CollectionsKt__ReversedViewsKt@7 (line 68)
                      ; - kotlin.collections.CollectionsKt__ReversedViewsKt::access$reversePositionIndex@2 (line 1)
                      ; - kotlin.collections.ReversedList$listIterator$1::<init>@19 (line 45)
                      ; - kotlin.collections.ReversedList::listIterator@6 (line 44)
                      ; - kotlin.collections.ReversedList::iterator@2 (line 41)
                      ; - org.jetbrains.skiko.ResourceUtilsKt::autoCloseScope@47 (line 41)
  0x000001842d42ef10: 2cfb 44fd 

  0x000001842d42ef14: ;   {other}
  0x000001842d42ef14: 0f1f 8400 | 8422 0016 | 85c0 0f8c | c32e 0000 | 488b 5424 

  0x000001842d42ef28: ;   {optimized virtual_call}
  0x000001842d42ef28: 4866 90e8 

  0x000001842d42ef2c: ; ImmutableOopMap {[72]=Oop }
                      ;*invokeinterface size {reexecute=0 rethrow=0 return_oop=0}
                      ; - kotlin.collections.ReversedList::getSize@4 (line 30)
                      ; - kotlin.collections.AbstractMutableList::size@1 (line 15)
                      ; - kotlin.collections.CollectionsKt__ReversedViewsKt::reversePositionIndex$CollectionsKt__ReversedViewsKt@28 (line 68)
                      ; - kotlin.collections.CollectionsKt__ReversedViewsKt::access$reversePositionIndex@2 (line 1)
                      ; - kotlin.collections.ReversedList$listIterator$1::<init>@19 (line 45)
                      ; - kotlin.collections.ReversedList::listIterator@6 (line 44)
                      ; - kotlin.collections.ReversedList::iterator@2 (line 41)
                      ; - org.jetbrains.skiko.ResourceUtilsKt::autoCloseScope@47 (line 41)
  0x000001842d42ef2c: 10fb 44fd 

  0x000001842d42ef30: ;   {other}
  0x000001842d42ef30: 0f1f 8400 | a022 0017 | 488b 5424 | 4844 8bc0 

  0x000001842d42ef40: ;   {optimized virtual_call}
  0x000001842d42ef40: 6666 90e8 

  0x000001842d42ef44: ; ImmutableOopMap {[72]=Oop }
                      ;*invokeinterface listIterator {reexecute=0 rethrow=0 return_oop=1}
                      ; - kotlin.collections.ReversedList$listIterator$1::<init>@22 (line 45)
                      ; - kotlin.collections.ReversedList::listIterator@6 (line 44)
                      ; - kotlin.collections.ReversedList::iterator@2 (line 41)
                      ; - org.jetbrains.skiko.ResourceUtilsKt::autoCloseScope@47 (line 41)
  0x000001842d42ef44: 7874 31ff 

  0x000001842d42ef48: ;   {other}
  0x000001842d42ef48: 0f1f 8400 | b822 0018 | 4c8b c844 

  0x000001842d42ef54: ;   {metadata('java/util/AbstractList$ListItr')}
  0x000001842d42ef54: 8b58 0841 | 81fb 9868 | 3c02 741f 

  0x000001842d42ef60: ;   {metadata('java/util/ArrayList$ListItr')}
  0x000001842d42ef60: 4181 fb80 | 2c3f 020f | 85bb 3300 | 004c 8bd0 | 458b 420c | 33ed 4585 | c040 0f95 | c5eb 104c 
  0x000001842d42ef80: 8bd0 458b | 420c 33ed | 4585 c040 | 0f95 c585 | ed0f 8495 

  0x000001842d42ef94: ;   {metadata('java/util/ArrayList$ListItr')}
  0x000001842d42ef94: 0000 0041 | 81fb 802c | 3f02 0f85 | b42c 0000 

  0x000001842d42efa4: ;   {metadata('java/util/AbstractList$ListItr')}
  0x000001842d42efa4: 4181 fb98 | 683c 0274 | 084c 8bc0 | e9f6 0100 | 004c 8bc0 | e988 0000 | 004d 8b5a | 104d 85db 
  0x000001842d42efc4: 0f84 0c34 | 0000 418b | 6a0c 8b4d | 0848 8bd5 

  0x000001842d42efd4: ;   {metadata('org/jetbrains/skia/impl/CleanableImpl')}
  0x000001842d42efd4: 81f9 606b | d905 0f85 | ac2c 0000 | 4c89 5424 | 284c 8944 | 2420 498b 

  0x000001842d42efec: ;   {optimized virtual_call}
  0x000001842d42efec: e966 90e8 

  0x000001842d42eff0: ; ImmutableOopMap {rbp=Oop [32]=Oop [40]=Oop [72]=Oop }
                      ;*invokeinterface clean {reexecute=0 rethrow=0 return_oop=0}
                      ; - org.jetbrains.skia.impl.Managed::close@108 (line 20)
                      ; - org.jetbrains.skiko.ResourceUtilsKt::autoCloseScope@85 (line 37)
  0x000001842d42eff0: 8cfa eefc 

  0x000001842d42eff4: ;   {other}
  0x000001842d42eff4: 0f1f 8400 | 6423 0019 | 4180 7f40 | 000f 85bd | 1900 0048 | 8b5c 2428 | 4c89 6310 | 4489 630c 
  0x000001842d42f014: 4c8b 4424 | 2045 8b58 | 0c4d 8b97 

  0x000001842d42f020: ; ImmutableOopMap {r8=Oop rbp=Oop [72]=Oop }
                      ;*goto {reexecute=1 rethrow=0 return_oop=0}
                      ; - (reexecute) org.jetbrains.skiko.ResourceUtilsKt::autoCloseScope@92 (line 41)
  0x000001842d42f020: 5804 0000 

  0x000001842d42f024: ;   {poll}
  0x000001842d42f024: 4185 0245 | 85db 7516 | 4881 c400 | 0100 005d 

  0x000001842d42f034: ;   {poll_return}
  0x000001842d42f034: 493b a750 | 0400 000f | 8717 5c00 | 00c3 4c8b | cd45 8b58 | 1845 8b5b | 0c45 8b50 | 1445 3bda 
  0x000001842d42f054: 0f85 7a2c | 0000 418b | 500c 418b | 781c 448d | 52ff 8b4f | 084c 8bdf 

  0x000001842d42f06c: ;   {metadata('java/util/Collections$SingletonList')}
  0x000001842d42f06c: 81f9 a077 | 3100 0f85 | b810 0000 | 83fa 010f | 8577 2c00 | 0041 8b5b | 1045 8950 | 1045 8950 
  0x000001842d42f08c: 0c44 8b5b | 084c 8bd3 | 48be 0000 | 0040 8401 | 0000 4903 | f34c 8b5e 

  0x000001842d42f0a4: ;   {metadata('java/lang/AutoCloseable')}
  0x000001842d42f0a4: 2048 b920 | d400 4084 | 0100 004c | 3bd9 0f85 | e501 0000 | 458b 5a08 

  0x000001842d42f0bc: ;   {metadata('org/jetbrains/skia/Surface')}
  0x000001842d42f0bc: 4181 fbc0 | 96f5 050f | 84f4 feff 

  0x000001842d42f0c8: ;   {metadata('org/jetbrains/skia/BackendRenderTarget')}
  0x000001842d42f0c8: ff41 81fb | a88d f505 | 0f85 9a2b | 0000 4d8b | 5a10 4d85 | db0f 8425 | 3300 0041 | 8b6a 0c44 
  0x000001842d42f0e8: 8b5d 0848 

  0x000001842d42f0ec: ;   {metadata('org/jetbrains/skia/impl/CleanableImpl')}
  0x000001842d42f0ec: 8bd5 4181 | fb60 6bd9 | 050f 85b5 | 2b00 004c | 8954 2428 | 4c89 4424 | 2049 8be9 

  0x000001842d42f108: ;   {optimized virtual_call}
  0x000001842d42f108: 6666 90e8 

  0x000001842d42f10c: ; ImmutableOopMap {rbp=Oop [32]=Oop [40]=Oop [72]=Oop }
                      ;*invokeinterface clean {reexecute=0 rethrow=0 return_oop=0}
                      ; - org.jetbrains.skia.impl.Managed::close@108 (line 20)
                      ; - org.jetbrains.skiko.ResourceUtilsKt::autoCloseScope@85 (line 37)
  0x000001842d42f10c: 70f9 eefc 

  0x000001842d42f110: ;   {other}
  0x000001842d42f110: 0f1f 8400 | 8024 001b | 4180 7f40 | 000f 85d9 | 1800 0048 | 8b5c 2428 | 4c89 6310 | 4489 630c 
  0x000001842d42f130: e9df feff | ff4d 8b5a | 104d 85db | 0f84 9432 | 0000 418b | 6a0c 448b | 5d08 488b 

  0x000001842d42f14c: ;   {metadata('org/jetbrains/skia/impl/CleanableImpl')}
  0x000001842d42f14c: d541 81fb | 606b d905 | 0f85 372b | 0000 4c89 | 4424 284c | 8954 2420 

  0x000001842d42f164: ;   {optimized virtual_call}
  0x000001842d42f164: 498b e9e8 

  0x000001842d42f168: ; ImmutableOopMap {rbp=Oop [32]=Oop [40]=Oop [72]=Oop }
                      ;*invokeinterface clean {reexecute=0 rethrow=0 return_oop=0}
                      ; - org.jetbrains.skia.impl.Managed::close@108 (line 20)
                      ; - org.jetbrains.skiko.ResourceUtilsKt::autoCloseScope@85 (line 37)
  0x000001842d42f168: 7468 b4fe 

  0x000001842d42f16c: ;   {other}
  0x000001842d42f16c: 0f1f 8400 | dc24 001c | 4180 7f40 | 000f 85b5 | 1800 0048 | 8b5c 2420 | 4c89 6310 | 4489 630c 
  0x000001842d42f18c: 4c8b 4424 | 2845 8b58 | 0c4d 8b97 

  0x000001842d42f198: ; ImmutableOopMap {r8=Oop rbp=Oop [72]=Oop }
                      ;*goto {reexecute=1 rethrow=0 return_oop=0}
                      ; - (reexecute) org.jetbrains.skiko.ResourceUtilsKt::autoCloseScope@92 (line 41)
  0x000001842d42f198: 5804 0000 

  0x000001842d42f19c: ;   {poll}
  0x000001842d42f19c: 4185 0245 | 85db 0f84 | 84fe ffff | 4c8b cd45 | 8b50 1845 | 8b52 0c41 | 8b68 1444 | 3bd5 0f85 
  0x000001842d42f1bc: 8031 0000 | 458b 500c | 458d 5aff | 4585 db0f | 8c93 3100 | 0041 8b58 | 1c8b 5b14 

  0x000001842d42f1d8: ; implicit exception: dispatches to 0x000001842d433a28
  0x000001842d42f1d8: 8b6b 0c44 | 3bdd 0f8d | 9c31 0000 | 4589 5810 | 4589 580c | 443b dd0f | 8344 2a00 | 0046 8b54 
  0x000001842d42f1f8: 930c 418b | 4a08 48be | 0000 0040 | 8401 0000 | 4803 f14c 

  0x000001842d42f20c: ;   {metadata('java/lang/AutoCloseable')}
  0x000001842d42f20c: 8b5e 2048 | b920 d400 | 4084 0100 | 004c 3bd9 | 0f85 3a04 | 0000 418b 

  0x000001842d42f224: ;   {metadata('org/jetbrains/skia/Surface')}
  0x000001842d42f224: 4a08 81f9 | c096 f505 | 0f84 03ff 

  0x000001842d42f230: ;   {metadata('org/jetbrains/skia/BackendRenderTarget')}
  0x000001842d42f230: ffff 81f9 | a88d f505 | 0f85 322a | 0000 4d8b | 5a10 4d85 | db0f 84bd | 3100 0041 | 8b6a 0c44 
  0x000001842d42f250: 8b5d 0848 

  0x000001842d42f254: ;   {metadata('org/jetbrains/skia/impl/CleanableImpl')}
  0x000001842d42f254: 8bd5 4181 | fb60 6bd9 | 050f 8552 | 2a00 004c | 8944 2428 | 4c89 5424 | 2049 8be9 

  0x000001842d42f270: ;   {optimized virtual_call}
  0x000001842d42f270: 6666 90e8 

  0x000001842d42f274: ; ImmutableOopMap {rbp=Oop [32]=Oop [40]=Oop [72]=Oop }
                      ;*invokeinterface clean {reexecute=0 rethrow=0 return_oop=0}
                      ; - org.jetbrains.skia.impl.Managed::close@108 (line 20)
                      ; - org.jetbrains.skiko.ResourceUtilsKt::autoCloseScope@85 (line 37)
  0x000001842d42f274: 6867 b4fe 

  0x000001842d42f278: ;   {other}
  0x000001842d42f278: 0f1f 8400 | e825 001e | 4180 7f40 | 000f 85e1 | 1700 0048 | 8b5c 2420 | 4c89 6310 | 4489 630c 
  0x000001842d42f298: e9ef feff 

  0x000001842d42f29c: ;   {metadata('java/lang/AutoCloseable')}
  0x000001842d42f29c: ff48 b820 | d400 4084 | 0100 0048 | 33ff 4c8b | 9ea0 0000 | 0049 8bd3 | 48c1 e204 | 0f89 2100 
  0x000001842d42f2bc: 0000 f348 | 0fb8 d248 | 8b5e 2848 | 3b04 d374 | 1549 0fba | e33c 730b | 49c1 cb3b 

  0x000001842d42f2d8: ;   {runtime_call StubRoutines (compiler stubs)}
  0x000001842d42f2d8: e83a 43fa | fceb 0348 | ffc7 4885 | ff0f 84cd | fdff ffba | deff ffff | 498b ea4c | 894c 2420 
  0x000001842d42f2f8: ;   {runtime_call UncommonTrapBlob}
  0x000001842d42f2f8: 6666 90e8 

  0x000001842d42f2fc: ; ImmutableOopMap {rbp=Oop [32]=Oop [72]=Oop }
                      ;*checkcast {reexecute=0 rethrow=0 return_oop=0}
                      ; - org.jetbrains.skiko.ResourceUtilsKt::autoCloseScope@75 (line 41)
  0x000001842d42f2fc: 8050 effc 

  0x000001842d42f300: ;   {other}
  0x000001842d42f300: 0f1f 8400 | 7026 001f | 4585 d20f | 8720 1100 

  0x000001842d42f310: ;   {oop(a 'java/lang/Object'[0] {0x00000000c07503d0})}
  0x000001842d42f310: 0041 81fb | d003 75c0 | 0f85 1311 | 0000 41bb | 0a00 0000 | 443b 5c24 | 2841 b80a | 0000 0044 
  0x000001842d42f330: 8b54 2428 | 450f 4cc2 | 4181 f800 | 0004 000f | 878d 3300 | 004d 63d0 | 4181 f800 | 0004 000f 
  0x000001842d42f350: 8707 1c00 | 0049 8b9f | b801 0000 | 4a8d 0c95 | 1700 0000 | 4c8b d949 | 83e3 f84c | 8bd3 4d03 
  0x000001842d42f370: d34d 3b97 | c801 0000 | 0f83 de1b | 0000 4d89 | 97b8 0100 | 0041 0f0d | 8ac0 0000 | 0048 c703 
  0x000001842d42f390: 0100 0000 | 410f 0d8a | 0001 0000 

  0x000001842d42f39c: ;   {metadata('java/lang/Object'[])}
  0x000001842d42f39c: c743 0878 | 1300 0044 | 8943 0c41 | 0f0d 8a40 | 0100 0048 | 8bfb 4883 | c710 410f | 0d8a 8001 
  0x000001842d42f3bc: 0000 48c1 | e903 4883 | c1fe 4833 | c048 83f9 | 087f 1048 | ffc9 784f | 4889 04cf | 48ff c97d 
  0x000001842d42f3dc: f7eb 44c5 | fdef c0e9 | 0d00 0000 | c5fe 7f07 | c5fe 7f47 | 2048 83c7 | 4048 83e9 | 087d ed48 
  0x000001842d42f3fc: 83c1 047c | 0cc5 fe7f | 0748 83c7 | 2048 83e9 | 0448 83c1 | 047e 1048 | ffc9 c5f9 | d607 4883 
  0x000001842d42f41c: c708 48ff | c97d f341 | 807f 4000 | 0f85 ce16 | 0000 4c8b | c54c 8bdb | 4d33 d84c | 8bd3 4489 
  0x000001842d42f43c: 5514 49c1 | eb14 4d85 | db0f 8441 | e3ff ff49 | c1e8 0948 | b900 0005 | 3b84 0100 | 0049 03c8 
  0x000001842d42f45c: 8039 020f | 8427 e3ff | ff4d 8b57 | 584d 8b5f | 48f0 8344 | 24c0 0080 | 3900 0f84 | 10e3 ffff 
  0x000001842d42f47c: 4488 214d | 85db 751d | 498b d749 | ba00 41b6 | 4dfa 7f00 | 0041 ffd2 

  0x000001842d42f494: ;   {other}
  0x000001842d42f494: 0f1f 8400 | 0000 0000 | e9eb e2ff | ff4b 894c | 1af8 4983 | c3f8 4d89 | 5f48 e9d9 | e2ff ff45 
  0x000001842d42f4b4: 85d2 0f87 | 2010 0000 

  0x000001842d42f4bc: ;   {oop(a 'java/lang/Object'[0] {0x00000000c07503d0})}
  0x000001842d42f4bc: 4181 fbd0 | 0375 c00f | 8513 1000 | 0041 ba0a | 0000 0045 | 3bd0 41b9 | 0a00 0000 | 450f 4cc8 
  0x000001842d42f4dc: 4181 f900 | 0004 000f | 87f1 3100 | 004d 63d1 | 4181 f900 | 0004 000f | 8783 1a00 | 0049 8b9f 
  0x000001842d42f4fc: b801 0000 | 4a8d 0c95 | 1700 0000 | 4c8b d149 | 83e2 f84c | 8bdb 4d03 | da4d 3b9f | c801 0000 
  0x000001842d42f51c: 0f83 5a1a | 0000 4d89 | 9fb8 0100 | 0041 0f0d | 8bc0 0000 | 0048 c703 | 0100 0000 | 410f 0d8b 
  0x000001842d42f53c: 0001 0000 

  0x000001842d42f540: ;   {metadata('java/lang/Object'[])}
  0x000001842d42f540: c743 0878 | 1300 0044 | 894b 0c41 | 0f0d 8b40 | 0100 0048 | 8bfb 4883 | c710 410f | 0d8b 8001 
  0x000001842d42f560: 0000 48c1 | e903 4883 | c1fe 4833 | c048 83f9 | 087f 1048 | ffc9 784f | 4889 04cf | 48ff c97d 
  0x000001842d42f580: f7eb 44c5 | fdef c0e9 | 0d00 0000 | c5fe 7f07 | c5fe 7f47 | 2048 83c7 | 4048 83e9 | 087d ed48 
  0x000001842d42f5a0: 83c1 047c | 0cc5 fe7f | 0748 83c7 | 2048 83e9 | 0448 83c1 | 047e 1048 | ffc9 c5f9 | d607 4883 
  0x000001842d42f5c0: c708 48ff | c97d f341 | 807f 4000 | 0f85 5d15 | 0000 4c8b | d34c 8b5c | 2448 4589 | 5314 4d8b 
  0x000001842d42f5e0: d34c 8bdb | 4d33 da49 | c1eb 144d | 85db 0f84 | 44e4 ffff | 49c1 ea09 | 48b9 0000 | 053b 8401 
  0x000001842d42f600: 0000 4903 | ca80 3902 | 0f84 2ae4 | ffff 4d8b | 5758 4d8b | 5f48 f083 | 4424 c000 | 8039 000f 
  0x000001842d42f620: 8413 e4ff | ff44 8821 | 4d85 db75 | 1d49 8bd7 | 49ba 0041 | b64d fa7f | 0000 41ff 

  0x000001842d42f63c: ;   {other}
  0x000001842d42f63c: d20f 1f84 | 0000 0000 | 00e9 eee3 | ffff 4b89 | 4c1a f849 | 83c3 f84d | 895f 48e9 | dce3 ffff 
  0x000001842d42f65c: ;   {metadata('java/lang/AutoCloseable')}
  0x000001842d42f65c: 48b8 20d4 | 0040 8401 | 0000 4833 | ff4c 8b9e | a000 0000 | 498b d348 | c1e2 040f | 8921 0000 
  0x000001842d42f67c: 00f3 480f | b8d2 488b | 5e28 483b | 04d3 7415 | 490f bae3 | 3c73 0b49 

  0x000001842d42f694: ;   {runtime_call StubRoutines (compiler stubs)}
  0x000001842d42f694: c1cb 3be8 | 7b3f fafc | eb03 48ff | c748 85ff | 0f84 78fb | ffff e93c | fcff ff44 | 8bd5 418d 
  0x000001842d42f6b4: aa80 0000 | 0081 fd00 | 0100 000f | 835f 3400 | 004d 63d2 

  0x000001842d42f6c8: ;   {oop(a 'java/lang/Long'[256] {0x00000000c1434168})}
  0x000001842d42f6c8: 49bb 6841 | 43c1 0000 | 0000 478b | 9c93 1002 | 0000 498b | dbe9 04eb | ffff 458b | 5214 4585 
  0x000001842d42f6e8: d20f 84b1 | 3400 004c | 8954 2478 | 4c8b 5c24 | 7848 8d9c | 24e0 0000 | 0049 8b03 | a802 0f85 
  0x000001842d42f708: 2300 0000 | 4883 c801 | 4889 03f0 | 490f b11b | 0f84 3700 | 0000 482b | c448 2507 | f0ff ff48 
  0x000001842d42f728: 8903 e924 | 0000 004c | 8bd0 4833 | c0f0 4d0f | b17a 3e48 | c703 0300 | 0000 7411 | 4c3b f875 
  0x000001842d42f748: 1549 ff82 | 8600 0000 | 4833 c075 | 0949 ff87 | 5005 0000 | 33c0 0f85 | 9c34 0000 | 4c8b 5424 
  0x000001842d42f768: 2845 8b52 

  0x000001842d42f76c: ;   {oop(a 'kotlin/UNINITIALIZED_VALUE'{0x00000000c09e61b0})}
  0x000001842d42f76c: 1041 81fa | b061 9ec0 | 0f85 b20e | 0000 4c8b | 5424 2841 | 8b6a 0c85 | ed0f 84c2 | 3400 0048 
  0x000001842d42f78c: 8bd5 488b | 6c24 7866 | 9048 b8ff | ffff ffff 

  0x000001842d42f79c: ;   {virtual_call}
  0x000001842d42f79c: ffff ffe8 

  0x000001842d42f7a0: ; ImmutableOopMap {rbp=Oop [32]=Oop [40]=Oop [48]=Oop [56]=NarrowOop [60]=NarrowOop [64]=NarrowOop [68]=NarrowOop [72]=Oop [88]=Oop [96]=Oop [104]=Oop [112]=Oop [120]=Oop [128]=Oop }
                      ;*invokeinterface invoke {reexecute=0 rethrow=0 return_oop=1}
                      ; - kotlin.SynchronizedLazyImpl::getValue@51 (line 86)
                      ; - androidx.compose.ui.scene.ComposeSceneMediator::getScene@6 (line 321)
                      ; - androidx.compose.ui.scene.ComposeSceneMediator::onRender$lambda$0$0@223 (line 677)
                      ; - androidx.compose.ui.scene.ComposeSceneMediator$$Lambda/0x0000018445f5de80::invoke@12
                      ; - androidx.compose.ui.viewinterop.SwingInteropContainer::postponingExecutingScheduledUpdates@84 (line 251)
                      ; - androidx.compose.ui.scene.ComposeSceneMediator::onRender@30 (line 675)
                      ; - org.jetbrains.skiko.swing.SkiaSwingLayer$renderDelegateWithClipping$1::onRender@78 (line 53)
                      ; - org.jetbrains.skiko.swing.Direct3DSwingRedrawer::onRender$lambda$1@201 (line 83)
                      ; - org.jetbrains.skiko.swing.Direct3DSwingRedrawer$$Lambda/0x0000018445f586c0::invoke@24
                      ; - org.jetbrains.skiko.ResourceUtilsKt::autoCloseScope@29 (line 34)
  0x000001842d42f7a0: dcf5 eefc 

  0x000001842d42f7a4: ;   {other}
  0x000001842d42f7a4: 0f1f 8400 | 142b 0020 | 488b d841 | 807f 4000 | 0f85 e214 | 0000 4c8b | d34c 8b5c | 2428 4589 
  0x000001842d42f7c4: 5310 4d8b | d34c 8bdb | 4d33 da49 | c1eb 144d | 85db 741f | 4885 db74 | 1a49 c1ea | 0948 b900 
  0x000001842d42f7e4: 0005 3b84 | 0100 0049 | 03ca 8039 | 020f 85dd | 1400 00f0 | 8344 24c0 | 0041 807f | 4000 0f85 
  0x000001842d42f804: 5c14 0000 | 4c8b 5424 | 2845 8962 | 0c4c 8b5c | 2478 488d | 8424 e000 | 0000 4883 | 3800 0f84 
  0x000001842d42f824: 7900 0000 | 4d8b 1341 | f6c2 020f | 8462 0000 | 0049 83ba | 8600 0000 | 0074 0949 | ff8a 8600 
  0x000001842d42f844: 0000 eb4b | 498b 8296 | 0000 0049 | 0b82 8e00 | 0000 750a | 49c7 423e | 0000 0000 | eb3d 4983 
  0x000001842d42f864: ba9e 0000 | 0000 7422 | 4833 c049 | c742 3e00 | 0000 00f0 | 8304 2400 | 4983 ba9e | 0000 0000 
  0x000001842d42f884: 750d f04d | 0fb1 7a3e | 7505 83c8 | 01eb 0ca8 | 00eb 084c | 8b10 f04d | 0fb1 1375 

  0x000001842d42f8a0: ;   {no_reloc}
  0x000001842d42f8a0: 0a49 ff8f | 5005 0000 | 4533 d20f | 8574 3300 | 0048 8beb | e9c0 e6ff | ff41 807f | 4000 0f85 
  0x000001842d42f8c0: 8014 0000 | 448b 5c24 | 2c41 8b5b | 2845 8bd3 | 4189 7228 | 4c8b 9424 | a000 0000 | 488b fb4c 
  0x000001842d42f8e0: 8bde 4d33 | da49 c1eb | 144d 85db | 741a 49c1 | ea09 48b9 | 0000 053b | 8401 0000 | 4903 ca80 
  0x000001842d42f900: 3902 0f85 | 1c15 0000 | 4180 7f40 | 000f 8569 | 1400 0044 | 8b54 242c | 4189 5a18 | 4c8b d74c 
  0x000001842d42f920: 8b9c 24a0 | 0000 004d | 33d3 49c1 | ea14 4d85 | d274 1e85 | db74 1a49 | c1eb 0948 | b900 0005 
  0x000001842d42f940: 3b84 0100 | 0049 03cb | 8039 020f | 856f 1500 | 004c 8b9c | 24a8 0000 | 0048 8d84 | 24e8 0000 
  0x000001842d42f960: 0048 8338 | 000f 8479 | 0000 004d | 8b13 41f6 | c202 0f84 | 6200 0000 | 4983 ba86 | 0000 0000 
  0x000001842d42f980: 7409 49ff | 8a86 0000 | 00eb 4b49 | 8b82 9600 | 0000 490b | 828e 0000 | 0075 0a49 | c742 3e00 
  0x000001842d42f9a0: ;   {no_reloc}
  0x000001842d42f9a0: 0000 00eb | 3d49 83ba | 9e00 0000 | 0074 2248 | 33c0 49c7 | 423e 0000 | 0000 f083 | 0424 0049 
  0x000001842d42f9c0: 83ba 9e00 | 0000 0075 | 0df0 4d0f | b17a 3e75 | 0583 c801 | eb0c a800 | eb08 4c8b | 10f0 4d0f 
  0x000001842d42f9e0: b113 750a | 49ff 8f50 | 0500 0045 | 33d2 0f85 | 8c33 0000 | 448b 5c24 | 2c41 8b6b | 2844 8b5d 
  0x000001842d42fa00: 0c4d 8b97 | b801 0000 | 4d8b c249 | 83c0 204c | 8bcd 4c89 | 8c24 a800 | 0000 4d3b | 87c8 0100 
  0x000001842d42fa20: 000f 837f | 1600 004d | 8987 b801 | 0000 410f | 0d88 c000 | 0000 49c7 | 0201 0000 

  0x000001842d42fa3c: ;   {metadata('java/util/AbstractList$Itr')}
  0x000001842d42fa3c: 0041 c742 | 08e8 c602 | 0245 8962 | 0c4d 8962 | 1841 b8ff | ffff ff4d | 8942 104c | 8994 24b0 
  0x000001842d42fa5c: 0000 0045 | 895a 1441 | 896a 1848 | 8b94 24a8 | 0000 0048 | 8b6c 2448 

  0x000001842d42fa74: ;   {optimized virtual_call}
  0x000001842d42fa74: 6666 90e8 

  0x000001842d42fa78: ; ImmutableOopMap {rbp=Oop [32]=Oop [44]=NarrowOop [48]=Oop [56]=NarrowOop [60]=NarrowOop [64]=NarrowOop [68]=NarrowOop [72]=Oop [88]=Oop [96]=Oop [104]=Oop [112]=Oop [120]=Oop [128]=Oop [136]=Oop [144]=NarrowOop [148]=NarrowOop [152]=Oop [160]=Oop [176]=Oop }
                      ;*invokevirtual size {reexecute=0 rethrow=0 return_oop=0}
                      ; - java.util.AbstractList$Itr::hasNext@8 (line 366)
                      ; - androidx.compose.ui.platform.FlushCoroutineDispatcher::flush$lambda$0@93 (line 146)
                      ; - androidx.compose.ui.platform.FlushCoroutineDispatcher$$Lambda/0x0000018445e01738::invoke@4
                      ; - androidx.compose.ui.platform.FlushCoroutineDispatcher::performRun@24 (line 105)
                      ; - androidx.compose.ui.platform.FlushCoroutineDispatcher::flush@7 (line 83)
                      ; - androidx.compose.ui.scene.ComposeSceneRecomposer::performScheduledEffects@11 (line 91)
                      ; - androidx.compose.ui.scene.BaseComposeScene::render@116 (line 176)
                      ; - androidx.compose.ui.scene.ComposeSceneMediator::onRender$lambda$0$0@232 (line 677)
                      ; - androidx.compose.ui.scene.ComposeSceneMediator$$Lambda/0x0000018445f5de80::invoke@12
                      ; - androidx.compose.ui.viewinterop.SwingInteropContainer::postponingExecutingScheduledUpdates@84 (line 251)
                      ; - androidx.compose.ui.scene.ComposeSceneMediator::onRender@30 (line 675)
                      ; - org.jetbrains.skiko.swing.SkiaSwingLayer$renderDelegateWithClipping$1::onRender@78 (line 53)
                      ; - org.jetbrains.skiko.swing.Direct3DSwingRedrawer::onRender$lambda$1@201 (line 83)
                      ; - org.jetbrains.skiko.swing.Direct3DSwingRedrawer$$Lambda/0x0000018445f586c0::invoke@24
                      ; - org.jetbrains.skiko.ResourceUtilsKt::autoCloseScope@29 (line 34)
  0x000001842d42fa78: 04f0 eefc 

  0x000001842d42fa7c: ;   {other}
  0x000001842d42fa7c: 0f1f 8400 | ec2d 0021 | 85c0 0f85 | a902 0000 | 448b 5424 | 2c45 8b5a | 2845 85db | 0f84 fd31 
  0x000001842d42fa9c: 0000 498b | d348 8b6c 

  0x000001842d42faa4: ;   {optimized virtual_call}
  0x000001842d42faa4: 2448 90e8 

  0x000001842d42faa8: ; ImmutableOopMap {rbp=Oop [32]=Oop [44]=NarrowOop [48]=Oop [56]=NarrowOop [60]=NarrowOop [64]=NarrowOop [68]=NarrowOop [72]=Oop [88]=Oop [96]=Oop [104]=Oop [112]=Oop [120]=Oop [128]=Oop [136]=Oop [144]=NarrowOop [148]=NarrowOop [152]=Oop [160]=Oop }
                      ;*invokevirtual clear {reexecute=0 rethrow=0 return_oop=0}
                      ; - androidx.compose.ui.platform.FlushCoroutineDispatcher::flush$lambda$0@135 (line 97)
                      ; - androidx.compose.ui.platform.FlushCoroutineDispatcher$$Lambda/0x0000018445e01738::invoke@4
                      ; - androidx.compose.ui.platform.FlushCoroutineDispatcher::performRun@24 (line 105)
                      ; - androidx.compose.ui.platform.FlushCoroutineDispatcher::flush@7 (line 83)
                      ; - androidx.compose.ui.scene.ComposeSceneRecomposer::performScheduledEffects@11 (line 91)
                      ; - androidx.compose.ui.scene.BaseComposeScene::render@116 (line 176)
                      ; - androidx.compose.ui.scene.ComposeSceneMediator::onRender$lambda$0$0@232 (line 677)
                      ; - androidx.compose.ui.scene.ComposeSceneMediator$$Lambda/0x0000018445f5de80::invoke@12
                      ; - androidx.compose.ui.viewinterop.SwingInteropContainer::postponingExecutingScheduledUpdates@84 (line 251)
                      ; - androidx.compose.ui.scene.ComposeSceneMediator::onRender@30 (line 675)
                      ; - org.jetbrains.skiko.swing.SkiaSwingLayer$renderDelegateWithClipping$1::onRender@78 (line 53)
                      ; - org.jetbrains.skiko.swing.Direct3DSwingRedrawer::onRender$lambda$1@201 (line 83)
                      ; - org.jetbrains.skiko.swing.Direct3DSwingRedrawer$$Lambda/0x0000018445f586c0::invoke@24
                      ; - org.jetbrains.skiko.ResourceUtilsKt::autoCloseScope@29 (line 34)
  0x000001842d42faa8: d4ef eefc 

  0x000001842d42faac: ;   {other}
  0x000001842d42faac: 0f1f 8400 | 1c2e 0022 | 4d8b 9758 

  0x000001842d42fab8: ; ImmutableOopMap {rbp=Oop [32]=Oop [44]=NarrowOop [48]=Oop [56]=NarrowOop [60]=NarrowOop [64]=NarrowOop [68]=NarrowOop [72]=Oop [88]=Oop [96]=Oop [104]=Oop [112]=Oop [120]=Oop [128]=Oop [136]=Oop [144]=NarrowOop [148]=NarrowOop [152]=Oop [160]=Oop }
                      ;*goto {reexecute=1 rethrow=0 return_oop=0}
                      ; - (reexecute) androidx.compose.ui.platform.FlushCoroutineDispatcher::flush$lambda$0@138 (line 97)
                      ; - androidx.compose.ui.platform.FlushCoroutineDispatcher$$Lambda/0x0000018445e01738::invoke@4
                      ; - androidx.compose.ui.platform.FlushCoroutineDispatcher::performRun@24 (line 105)
                      ; - androidx.compose.ui.platform.FlushCoroutineDispatcher::flush@7 (line 83)
                      ; - androidx.compose.ui.scene.ComposeSceneRecomposer::performScheduledEffects@11 (line 91)
                      ; - androidx.compose.ui.scene.BaseComposeScene::render@116 (line 176)
                      ; - androidx.compose.ui.scene.ComposeSceneMediator::onRender$lambda$0$0@232 (line 677)
                      ; - androidx.compose.ui.scene.ComposeSceneMediator$$Lambda/0x0000018445f5de80::invoke@12
                      ; - androidx.compose.ui.viewinterop.SwingInteropContainer::postponingExecutingScheduledUpdates@84 (line 251)
                      ; - androidx.compose.ui.scene.ComposeSceneMediator::onRender@30 (line 675)
                      ; - org.jetbrains.skiko.swing.SkiaSwingLayer$renderDelegateWithClipping$1::onRender@78 (line 53)
                      ; - org.jetbrains.skiko.swing.Direct3DSwingRedrawer::onRender$lambda$1@201 (line 83)
                      ; - org.jetbrains.skiko.swing.Direct3DSwingRedrawer$$Lambda/0x0000018445f586c0::invoke@24
                      ; - org.jetbrains.skiko.ResourceUtilsKt::autoCloseScope@29 (line 34)
                      ;   {poll}
  0x000001842d42fab8: 0400 0041 | 8502 e95d | e8ff ff41 | 807f 4000 | 0f85 1e13 | 0000 448b | 5424 2841 | 8b5a 2841 
  0x000001842d42fad8: 897a 284c | 8b94 24a0 | 0000 0048 | 8bf3 4c8b | df4d 33da | 49c1 eb14 | 4d85 db74 | 1a49 c1ea 
  0x000001842d42faf8: 0948 b900 | 0005 3b84 | 0100 0049 | 03ca 8039 | 020f 8563 | 1300 0041 | 807f 4000 | 0f85 9a12 
  0x000001842d42fb18: 0000 448b | 5c24 2841 | 895b 184c | 8bd6 4c8b | 9c24 a000 | 0000 4d33 | d349 c1ea | 144d 85d2 
  0x000001842d42fb38: 741e 85db | 741a 49c1 | eb09 48b9 | 0000 053b | 8401 0000 | 4903 cb80 | 3902 0f85 | b613 0000 
  0x000001842d42fb58: 4c8b 9c24 | a800 0000 | 488d 8424 | e800 0000 | 4883 3800 | 0f84 7900 | 0000 4d8b | 1341 f6c2 
  0x000001842d42fb78: 020f 8462 | 0000 0049 | 83ba 8600 | 0000 0074 | 0949 ff8a | 8600 0000 | eb4b 498b | 8296 0000 
  0x000001842d42fb98: 0049 0b82 | 8e00 0000 | 750a 49c7 | 423e 0000 | 0000 eb3d | 4983 ba9e | 0000 0000 | 7422 4833 
  0x000001842d42fbb8: ;   {no_reloc}
  0x000001842d42fbb8: c049 c742 | 3e00 0000 | 00f0 8304 | 2400 4983 | ba9e 0000 | 0000 750d | f04d 0fb1 | 7a3e 7505 
  0x000001842d42fbd8: 83c8 01eb | 0ca8 00eb | 084c 8b10 | f04d 0fb1 | 1375 0a49 | ff8f 5005 | 0000 4533 | d20f 85ad 
  0x000001842d42fbf8: 3100 0044 | 8b54 2428 | 418b 6a28 

  0x000001842d42fc04: ; implicit exception: dispatches to 0x000001842d43404c
  0x000001842d42fc04: 448b 5d0c | 4d8b 97b8 | 0100 004d | 8bc2 4983 | c020 4c8b | cd4c 898c | 24a8 0000 | 004d 3b87 
  0x000001842d42fc24: c801 0000 | 0f83 aa14 | 0000 4d89 | 87b8 0100 | 0041 0f0d | 88c0 0000 | 0049 c702 | 0100 0000 
  0x000001842d42fc44: ;   {metadata('java/util/AbstractList$Itr')}
  0x000001842d42fc44: 41c7 4208 | e8c6 0202 | 4589 620c | 4d89 6218 | 41b8 ffff | ffff 4d89 | 4210 4c89 | 9424 b000 
  0x000001842d42fc64: 0000 4589 | 5a14 4189 | 6a18 488b | 9424 a800 | 0000 488b 

  0x000001842d42fc78: ;   {optimized virtual_call}
  0x000001842d42fc78: 6c24 48e8 

  0x000001842d42fc7c: ; ImmutableOopMap {rbp=Oop [32]=Oop [40]=NarrowOop [44]=NarrowOop [48]=Oop [56]=NarrowOop [60]=NarrowOop [64]=NarrowOop [68]=NarrowOop [72]=Oop [88]=Oop [96]=Oop [104]=Oop [112]=Oop [120]=Oop [128]=Oop [136]=Oop [144]=NarrowOop [152]=Oop [160]=Oop [176]=Oop }
                      ;*invokevirtual size {reexecute=0 rethrow=0 return_oop=0}
                      ; - java.util.AbstractList$Itr::hasNext@8 (line 366)
                      ; - androidx.compose.ui.platform.FlushCoroutineDispatcher::flush$lambda$0@93 (line 146)
                      ; - androidx.compose.ui.platform.FlushCoroutineDispatcher$$Lambda/0x0000018445e01738::invoke@4
                      ; - androidx.compose.ui.platform.FlushCoroutineDispatcher::performRun@24 (line 105)
                      ; - androidx.compose.ui.platform.FlushCoroutineDispatcher::flush@7 (line 83)
                      ; - androidx.compose.ui.scene.ComposeSceneRecomposer::performScheduledRecomposerTasks@11 (line 84)
                      ; - androidx.compose.ui.scene.BaseComposeScene::render@123 (line 178)
                      ; - androidx.compose.ui.scene.ComposeSceneMediator::onRender$lambda$0$0@232 (line 677)
                      ; - androidx.compose.ui.scene.ComposeSceneMediator$$Lambda/0x0000018445f5de80::invoke@12
                      ; - androidx.compose.ui.viewinterop.SwingInteropContainer::postponingExecutingScheduledUpdates@84 (line 251)
                      ; - androidx.compose.ui.scene.ComposeSceneMediator::onRender@30 (line 675)
                      ; - org.jetbrains.skiko.swing.SkiaSwingLayer$renderDelegateWithClipping$1::onRender@78 (line 53)
                      ; - org.jetbrains.skiko.swing.Direct3DSwingRedrawer::onRender$lambda$1@201 (line 83)
                      ; - org.jetbrains.skiko.swing.Direct3DSwingRedrawer$$Lambda/0x0000018445f586c0::invoke@24
                      ; - org.jetbrains.skiko.ResourceUtilsKt::autoCloseScope@29 (line 34)
  0x000001842d42fc7c: 00ee eefc 

  0x000001842d42fc80: ;   {other}
  0x000001842d42fc80: 0f1f 8400 | f02f 0024 | 85c0 0f85 | e902 0000 | 448b 5424 | 2845 8b52 | 2845 85d2 | 0f84 7630 
  0x000001842d42fca0: 0000 498b | d248 8b6c 

  0x000001842d42fca8: ;   {optimized virtual_call}
  0x000001842d42fca8: 2448 90e8 

  0x000001842d42fcac: ; ImmutableOopMap {rbp=Oop [32]=Oop [40]=NarrowOop [44]=NarrowOop [48]=Oop [56]=NarrowOop [60]=NarrowOop [64]=NarrowOop [68]=NarrowOop [72]=Oop [88]=Oop [96]=Oop [104]=Oop [112]=Oop [120]=Oop [128]=Oop [136]=Oop [144]=NarrowOop [152]=Oop [160]=Oop }
                      ;*invokevirtual clear {reexecute=0 rethrow=0 return_oop=0}
                      ; - androidx.compose.ui.platform.FlushCoroutineDispatcher::flush$lambda$0@135 (line 97)
                      ; - androidx.compose.ui.platform.FlushCoroutineDispatcher$$Lambda/0x0000018445e01738::invoke@4
                      ; - androidx.compose.ui.platform.FlushCoroutineDispatcher::performRun@24 (line 105)
                      ; - androidx.compose.ui.platform.FlushCoroutineDispatcher::flush@7 (line 83)
                      ; - androidx.compose.ui.scene.ComposeSceneRecomposer::performScheduledRecomposerTasks@11 (line 84)
                      ; - androidx.compose.ui.scene.BaseComposeScene::render@123 (line 178)
                      ; - androidx.compose.ui.scene.ComposeSceneMediator::onRender$lambda$0$0@232 (line 677)
                      ; - androidx.compose.ui.scene.ComposeSceneMediator$$Lambda/0x0000018445f5de80::invoke@12
                      ; - androidx.compose.ui.viewinterop.SwingInteropContainer::postponingExecutingScheduledUpdates@84 (line 251)
                      ; - androidx.compose.ui.scene.ComposeSceneMediator::onRender@30 (line 675)
                      ; - org.jetbrains.skiko.swing.SkiaSwingLayer$renderDelegateWithClipping$1::onRender@78 (line 53)
                      ; - org.jetbrains.skiko.swing.Direct3DSwingRedrawer::onRender$lambda$1@201 (line 83)
                      ; - org.jetbrains.skiko.swing.Direct3DSwingRedrawer$$Lambda/0x0000018445f586c0::invoke@24
                      ; - org.jetbrains.skiko.ResourceUtilsKt::autoCloseScope@29 (line 34)
  0x000001842d42fcac: d0ed eefc 

  0x000001842d42fcb0: ;   {other}
  0x000001842d42fcb0: 0f1f 8400 | 2030 0025 | 4d8b 9758 

  0x000001842d42fcbc: ; ImmutableOopMap {rbp=Oop [32]=Oop [40]=NarrowOop [44]=NarrowOop [48]=Oop [56]=NarrowOop [60]=NarrowOop [64]=NarrowOop [68]=NarrowOop [72]=Oop [88]=Oop [96]=Oop [104]=Oop [112]=Oop [120]=Oop [128]=Oop [136]=Oop [144]=NarrowOop [152]=Oop [160]=Oop }
                      ;*goto {reexecute=1 rethrow=0 return_oop=0}
                      ; - (reexecute) androidx.compose.ui.platform.FlushCoroutineDispatcher::flush$lambda$0@138 (line 97)
                      ; - androidx.compose.ui.platform.FlushCoroutineDispatcher$$Lambda/0x0000018445e01738::invoke@4
                      ; - androidx.compose.ui.platform.FlushCoroutineDispatcher::performRun@24 (line 105)
                      ; - androidx.compose.ui.platform.FlushCoroutineDispatcher::flush@7 (line 83)
                      ; - androidx.compose.ui.scene.ComposeSceneRecomposer::performScheduledRecomposerTasks@11 (line 84)
                      ; - androidx.compose.ui.scene.BaseComposeScene::render@123 (line 178)
                      ; - androidx.compose.ui.scene.ComposeSceneMediator::onRender$lambda$0$0@232 (line 677)
                      ; - androidx.compose.ui.scene.ComposeSceneMediator$$Lambda/0x0000018445f5de80::invoke@12
                      ; - androidx.compose.ui.viewinterop.SwingInteropContainer::postponingExecutingScheduledUpdates@84 (line 251)
                      ; - androidx.compose.ui.scene.ComposeSceneMediator::onRender@30 (line 675)
                      ; - org.jetbrains.skiko.swing.SkiaSwingLayer$renderDelegateWithClipping$1::onRender@78 (line 53)
                      ; - org.jetbrains.skiko.swing.Direct3DSwingRedrawer::onRender$lambda$1@201 (line 83)
                      ; - org.jetbrains.skiko.swing.Direct3DSwingRedrawer$$Lambda/0x0000018445f586c0::invoke@24
                      ; - org.jetbrains.skiko.ResourceUtilsKt::autoCloseScope@29 (line 34)
                      ;   {poll}
  0x000001842d42fcbc: 0400 0041 | 8502 e915 | e9ff ff66 | 0f1f 8400 | 0000 0000 | 498b d048 | 8bac 24a0 | 0000 0066 
  0x000001842d42fcdc: 9048 b830 | 3638 6e85 

  0x000001842d42fce4: ;   {virtual_call}
  0x000001842d42fce4: 0100 00e8 

  0x000001842d42fce8: ; ImmutableOopMap {rbp=Oop [32]=Oop [44]=NarrowOop [48]=Oop [56]=NarrowOop [60]=NarrowOop [64]=NarrowOop [68]=NarrowOop [72]=Oop [88]=Oop [96]=Oop [104]=Oop [112]=Oop [120]=Oop [128]=Oop [136]=Oop [144]=NarrowOop [148]=NarrowOop [152]=Oop [160]=Oop [176]=Oop }
                      ;*invokeinterface run {reexecute=0 rethrow=0 return_oop=0}
                      ; - androidx.compose.ui.platform.FlushCoroutineDispatcher::flush$lambda$0@121 (line 96)
                      ; - androidx.compose.ui.platform.FlushCoroutineDispatcher$$Lambda/0x0000018445e01738::invoke@4
                      ; - androidx.compose.ui.platform.FlushCoroutineDispatcher::performRun@24 (line 105)
                      ; - androidx.compose.ui.platform.FlushCoroutineDispatcher::flush@7 (line 83)
                      ; - androidx.compose.ui.scene.ComposeSceneRecomposer::performScheduledEffects@11 (line 91)
                      ; - androidx.compose.ui.scene.BaseComposeScene::render@116 (line 176)
                      ; - androidx.compose.ui.scene.ComposeSceneMediator::onRender$lambda$0$0@232 (line 677)
                      ; - androidx.compose.ui.scene.ComposeSceneMediator$$Lambda/0x0000018445f5de80::invoke@12
                      ; - androidx.compose.ui.viewinterop.SwingInteropContainer::postponingExecutingScheduledUpdates@84 (line 251)
                      ; - androidx.compose.ui.scene.ComposeSceneMediator::onRender@30 (line 675)
                      ; - org.jetbrains.skiko.swing.SkiaSwingLayer$renderDelegateWithClipping$1::onRender@78 (line 53)
                      ; - org.jetbrains.skiko.swing.Direct3DSwingRedrawer::onRender$lambda$1@201 (line 83)
                      ; - org.jetbrains.skiko.swing.Direct3DSwingRedrawer$$Lambda/0x0000018445f586c0::invoke@24
                      ; - org.jetbrains.skiko.ResourceUtilsKt::autoCloseScope@29 (line 34)
  0x000001842d42fce8: 243f fbfc 

  0x000001842d42fcec: ;   {other}
  0x000001842d42fcec: 0f1f 8400 | 5c30 0027 | 4d8b 9758 

  0x000001842d42fcf8: ; ImmutableOopMap {rbp=Oop [32]=Oop [44]=NarrowOop [48]=Oop [56]=NarrowOop [60]=NarrowOop [64]=NarrowOop [68]=NarrowOop [72]=Oop [88]=Oop [96]=Oop [104]=Oop [112]=Oop [120]=Oop [128]=Oop [136]=Oop [144]=NarrowOop [148]=NarrowOop [152]=Oop [160]=Oop [176]=Oop }
                      ;*goto {reexecute=1 rethrow=0 return_oop=0}
                      ; - (reexecute) androidx.compose.ui.platform.FlushCoroutineDispatcher::flush$lambda$0@127 (line 146)
                      ; - androidx.compose.ui.platform.FlushCoroutineDispatcher$$Lambda/0x0000018445e01738::invoke@4
                      ; - androidx.compose.ui.platform.FlushCoroutineDispatcher::performRun@24 (line 105)
                      ; - androidx.compose.ui.platform.FlushCoroutineDispatcher::flush@7 (line 83)
                      ; - androidx.compose.ui.scene.ComposeSceneRecomposer::performScheduledEffects@11 (line 91)
                      ; - androidx.compose.ui.scene.BaseComposeScene::render@116 (line 176)
                      ; - androidx.compose.ui.scene.ComposeSceneMediator::onRender$lambda$0$0@232 (line 677)
                      ; - androidx.compose.ui.scene.ComposeSceneMediator$$Lambda/0x0000018445f5de80::invoke@12
                      ; - androidx.compose.ui.viewinterop.SwingInteropContainer::postponingExecutingScheduledUpdates@84 (line 251)
                      ; - androidx.compose.ui.scene.ComposeSceneMediator::onRender@30 (line 675)
                      ; - org.jetbrains.skiko.swing.SkiaSwingLayer$renderDelegateWithClipping$1::onRender@78 (line 53)
                      ; - org.jetbrains.skiko.swing.Direct3DSwingRedrawer::onRender$lambda$1@201 (line 83)
                      ; - org.jetbrains.skiko.swing.Direct3DSwingRedrawer$$Lambda/0x0000018445f586c0::invoke@24
                      ; - org.jetbrains.skiko.ResourceUtilsKt::autoCloseScope@29 (line 34)
                      ;   {poll}
  0x000001842d42fcf8: 0400 0041 | 8502 4c8b | 9424 b000 | 0000 458b | 5218 458b | 4208 4c8b | 9c24 b000 | 0000 418b 
  0x000001842d42fd18: 6b0c 498b 

  0x000001842d42fd1c: ;   {metadata('com/intellij/util/SmartList')}
  0x000001842d42fd1c: d241 81f8 | b8ec 2802 | 0f85 0a09 | 0000 8b42 | 103b e80f | 8457 fdff | ff4c 8b94 | 24b0 0000 
  0x000001842d42fd3c: 0045 8b42 | 1845 8b50 | 0c4c 8b9c | 24b0 0000 | 0041 8b6b | 1444 3bd5 | 0f85 022b | 0000 458b 
  0x000001842d42fd5c: 5808 4c8b | 9424 b000 | 0000 458b | 520c 4489 | 9424 a800 

  0x000001842d42fd70: ;   {metadata('com/intellij/util/SmartList')}
  0x000001842d42fd70: 0000 4181 | fbb8 ec28 | 020f 8525 | 0d00 0041 | 8b48 1045 | 85d2 0f8c | 5629 0000 | 443b d10f 
  0x000001842d42fd90: 8d03 2c00 | 0041 8b68 | 1483 f901 | 7445 448b | 5d08 49ba | 0000 0040 | 8401 0000 | 4d03 d34d 
  0x000001842d42fdb0: ;   {metadata('java/lang/Object'[])}
  0x000001842d42fdb0: 8b52 3849 | bb78 1300 | 4084 0100 | 004d 3bd3 | 0f85 b627 | 0000 448b | 5d0c 448b | 8424 a800 
  0x000001842d42fdd0: 0000 453b | c30f 8361 | 2600 0045 | 8bd0 428b | 6c95 104c | 8bc5 4c8b | 9424 b000 | 0000 448b 
  0x000001842d42fdf0: 8c24 a800 | 0000 4589 | 4a10 458d | 5101 4c8b | 9c24 b000 | 0000 4589 | 530c 458b | 5008 48be 
  0x000001842d42fe10: 0000 0040 | 8401 0000 | 4903 f24c 

  0x000001842d42fe1c: ;   {metadata('java/lang/Runnable')}
  0x000001842d42fe1c: 8b56 2049 | bbe8 bb01 | 4084 0100 | 004d 3bd3 | 0f84 9efe 

  0x000001842d42fe30: ;   {metadata('java/lang/Runnable')}
  0x000001842d42fe30: ffff 48b8 | e8bb 0140 | 8401 0000 | 4833 ff4c | 8b9e a000 | 0000 498b | d348 c1e2 | 0b0f 8921 
  0x000001842d42fe50: 0000 00f3 | 480f b8d2 | 488b 5e28 | 483b 04d3 | 7415 490f | bae3 3573 | 0b49 c1cb 

  0x000001842d42fe6c: ;   {runtime_call StubRoutines (compiler stubs)}
  0x000001842d42fe6c: 34e8 a537 | fafc eb03 | 48ff c748 | 85ff 0f84 | 50fe ffff | bade ffff | ff48 8b6c | 2448 448b 
  0x000001842d42fe8c: 5424 2c44 | 8954 2424 | 448b 5424 | 3844 8954 | 2428 448b | 5c24 4044 | 895c 242c | 4c8b 5424 
  0x000001842d42feac: 604c 8954 | 2430 48ff | 7424 5848 | 8f44 2448 | 448b 5424 | 3c44 8954 | 2438 448b | 5c24 4444 
  0x000001842d42fecc: 895c 243c | 4c8b 5424 | 684c 8954 | 2440 4c8b | 5424 784c | 8954 2458 | 4c8b 9424 | 8800 0000 
  0x000001842d42feec: 4c89 5424 | 6044 8b9c | 2494 0000 | 0044 895c | 2478 4c89 | 8424 8800 

  0x000001842d42ff04: ;   {runtime_call UncommonTrapBlob}
  0x000001842d42ff04: 0000 90e8 

  0x000001842d42ff08: ; ImmutableOopMap {rbp=Oop [36]=NarrowOop [40]=NarrowOop [44]=NarrowOop [48]=Oop [56]=NarrowOop [60]=NarrowOop [64]=Oop [72]=Oop [88]=Oop [96]=Oop [120]=NarrowOop [136]=Oop [144]=NarrowOop [148]=NarrowOop [176]=Oop }
                      ;*checkcast {reexecute=0 rethrow=0 return_oop=0}
                      ; - androidx.compose.ui.platform.FlushCoroutineDispatcher::flush$lambda$0@111 (line 146)
                      ; - androidx.compose.ui.platform.FlushCoroutineDispatcher$$Lambda/0x0000018445e01738::invoke@4
                      ; - androidx.compose.ui.platform.FlushCoroutineDispatcher::performRun@24 (line 105)
                      ; - androidx.compose.ui.platform.FlushCoroutineDispatcher::flush@7 (line 83)
                      ; - androidx.compose.ui.scene.ComposeSceneRecomposer::performScheduledEffects@11 (line 91)
                      ; - androidx.compose.ui.scene.BaseComposeScene::render@116 (line 176)
                      ; - androidx.compose.ui.scene.ComposeSceneMediator::onRender$lambda$0$0@232 (line 677)
                      ; - androidx.compose.ui.scene.ComposeSceneMediator$$Lambda/0x0000018445f5de80::invoke@12
                      ; - androidx.compose.ui.viewinterop.SwingInteropContainer::postponingExecutingScheduledUpdates@84 (line 251)
                      ; - androidx.compose.ui.scene.ComposeSceneMediator::onRender@30 (line 675)
                      ; - org.jetbrains.skiko.swing.SkiaSwingLayer$renderDelegateWithClipping$1::onRender@78 (line 53)
                      ; - org.jetbrains.skiko.swing.Direct3DSwingRedrawer::onRender$lambda$1@201 (line 83)
                      ; - org.jetbrains.skiko.swing.Direct3DSwingRedrawer$$Lambda/0x0000018445f586c0::invoke@24
                      ; - org.jetbrains.skiko.ResourceUtilsKt::autoCloseScope@29 (line 34)
  0x000001842d42ff08: 7444 effc 

  0x000001842d42ff0c: ;   {other}
  0x000001842d42ff0c: 0f1f 8400 | 7c32 0029 | 498b d248 | 8bac 24a0 | 0000 0066 | 9048 b8a0 | 0a0b 4284 

  0x000001842d42ff28: ;   {virtual_call}
  0x000001842d42ff28: 0100 00e8 

  0x000001842d42ff2c: ; ImmutableOopMap {rbp=Oop [32]=Oop [40]=NarrowOop [44]=NarrowOop [48]=Oop [56]=NarrowOop [60]=NarrowOop [64]=NarrowOop [68]=NarrowOop [72]=Oop [88]=Oop [96]=Oop [104]=Oop [112]=Oop [120]=Oop [128]=Oop [136]=Oop [144]=NarrowOop [152]=Oop [160]=Oop [176]=Oop }
                      ;*invokeinterface run {reexecute=0 rethrow=0 return_oop=0}
                      ; - androidx.compose.ui.platform.FlushCoroutineDispatcher::flush$lambda$0@121 (line 96)
                      ; - androidx.compose.ui.platform.FlushCoroutineDispatcher$$Lambda/0x0000018445e01738::invoke@4
                      ; - androidx.compose.ui.platform.FlushCoroutineDispatcher::performRun@24 (line 105)
                      ; - androidx.compose.ui.platform.FlushCoroutineDispatcher::flush@7 (line 83)
                      ; - androidx.compose.ui.scene.ComposeSceneRecomposer::performScheduledRecomposerTasks@11 (line 84)
                      ; - androidx.compose.ui.scene.BaseComposeScene::render@123 (line 178)
                      ; - androidx.compose.ui.scene.ComposeSceneMediator::onRender$lambda$0$0@232 (line 677)
                      ; - androidx.compose.ui.scene.ComposeSceneMediator$$Lambda/0x0000018445f5de80::invoke@12
                      ; - androidx.compose.ui.viewinterop.SwingInteropContainer::postponingExecutingScheduledUpdates@84 (line 251)
                      ; - androidx.compose.ui.scene.ComposeSceneMediator::onRender@30 (line 675)
                      ; - org.jetbrains.skiko.swing.SkiaSwingLayer$renderDelegateWithClipping$1::onRender@78 (line 53)
                      ; - org.jetbrains.skiko.swing.Direct3DSwingRedrawer::onRender$lambda$1@201 (line 83)
                      ; - org.jetbrains.skiko.swing.Direct3DSwingRedrawer$$Lambda/0x0000018445f586c0::invoke@24
                      ; - org.jetbrains.skiko.ResourceUtilsKt::autoCloseScope@29 (line 34)
  0x000001842d42ff2c: 5091 6bfe 

  0x000001842d42ff30: ;   {other}
  0x000001842d42ff30: 0f1f 8400 | a032 002a | 4d8b 9758 

  0x000001842d42ff3c: ; ImmutableOopMap {rbp=Oop [32]=Oop [40]=NarrowOop [44]=NarrowOop [48]=Oop [56]=NarrowOop [60]=NarrowOop [64]=NarrowOop [68]=NarrowOop [72]=Oop [88]=Oop [96]=Oop [104]=Oop [112]=Oop [120]=Oop [128]=Oop [136]=Oop [144]=NarrowOop [152]=Oop [160]=Oop [176]=Oop }
                      ;*goto {reexecute=1 rethrow=0 return_oop=0}
                      ; - (reexecute) androidx.compose.ui.platform.FlushCoroutineDispatcher::flush$lambda$0@127 (line 146)
                      ; - androidx.compose.ui.platform.FlushCoroutineDispatcher$$Lambda/0x0000018445e01738::invoke@4
                      ; - androidx.compose.ui.platform.FlushCoroutineDispatcher::performRun@24 (line 105)
                      ; - androidx.compose.ui.platform.FlushCoroutineDispatcher::flush@7 (line 83)
                      ; - androidx.compose.ui.scene.ComposeSceneRecomposer::performScheduledRecomposerTasks@11 (line 84)
                      ; - androidx.compose.ui.scene.BaseComposeScene::render@123 (line 178)
                      ; - androidx.compose.ui.scene.ComposeSceneMediator::onRender$lambda$0$0@232 (line 677)
                      ; - androidx.compose.ui.scene.ComposeSceneMediator$$Lambda/0x0000018445f5de80::invoke@12
                      ; - androidx.compose.ui.viewinterop.SwingInteropContainer::postponingExecutingScheduledUpdates@84 (line 251)
                      ; - androidx.compose.ui.scene.ComposeSceneMediator::onRender@30 (line 675)
                      ; - org.jetbrains.skiko.swing.SkiaSwingLayer$renderDelegateWithClipping$1::onRender@78 (line 53)
                      ; - org.jetbrains.skiko.swing.Direct3DSwingRedrawer::onRender$lambda$1@201 (line 83)
                      ; - org.jetbrains.skiko.swing.Direct3DSwingRedrawer$$Lambda/0x0000018445f586c0::invoke@24
                      ; - org.jetbrains.skiko.ResourceUtilsKt::autoCloseScope@29 (line 34)
                      ;   {poll}
  0x000001842d42ff3c: 0400 0041 | 8502 4c8b | 9424 b000 | 0000 458b | 5a18 458b | 5308 4c8b | 8424 b000 | 0000 418b 
  0x000001842d42ff5c: 680c 498b 

  0x000001842d42ff60: ;   {metadata('com/intellij/util/SmartList')}
  0x000001842d42ff60: d341 81fa | b8ec 2802 | 0f85 e306 | 0000 8b42 | 103b e80f | 8417 fdff | ff4c 8b94 | 24b0 0000 
  0x000001842d42ff80: 0045 8b52 | 1845 8b4a | 0c4c 8b9c | 24b0 0000 | 0041 8b6b | 1444 3bcd | 0f85 6629 | 0000 458b 
  0x000001842d42ffa0: 5a08 4c8b | 8424 b000 | 0000 458b | 480c 4489 | 8c24 9400 | 0000 4d8b 

  0x000001842d42ffb8: ;   {metadata('com/intellij/util/SmartList')}
  0x000001842d42ffb8: c241 81fb | b8ec 2802 | 0f85 0a0b | 0000 418b | 4810 4585 | c90f 8ce1 | 2700 0044 | 3bc9 0f8d 
  0x000001842d42ffd8: 982a 0000 | 418b 6814 | 83f9 0174 | 3a44 8b55 | 0849 bb00 | 0000 4084 | 0100 004d | 03da 4d8b 
  0x000001842d42fff8: ;   {metadata('java/lang/Object'[])}
  0x000001842d42fff8: 5338 49bb | 7813 0040 | 8401 0000 | 4d3b d30f | 850b 2600 | 0044 8b55 | 0c45 3bca | 0f83 ce24 
  0x000001842d430018: 0000 428b | 6c8d 104c | 8bd5 4c8b | 9c24 b000 | 0000 448b | 8c24 9400 | 0000 4589 | 4b10 458d 
  0x000001842d430038: 4101 4589 | 430c 458b | 4208 48be | 0000 0040 | 8401 0000 | 4903 f04c 

  0x000001842d430050: ;   {metadata('java/lang/Runnable')}
  0x000001842d430050: 8b5e 2049 | b8e8 bb01 | 4084 0100 | 004d 3bd8 | 0f84 aefe 

  0x000001842d430064: ;   {metadata('java/lang/Runnable')}
  0x000001842d430064: ffff 48b8 | e8bb 0140 | 8401 0000 | 4833 ff4c | 8b9e a000 | 0000 498b | d348 c1e2 | 0b0f 8921 
  0x000001842d430084: 0000 00f3 | 480f b8d2 | 488b 5e28 | 483b 04d3 | 7415 490f | bae3 3573 | 0b49 c1cb 

  0x000001842d4300a0: ;   {runtime_call StubRoutines (compiler stubs)}
  0x000001842d4300a0: 34e8 7135 | fafc eb03 | 48ff c748 | 85ff 0f84 | 60fe ffff | bade ffff | ff48 8b6c | 2448 448b 
  0x000001842d4300c0: 5c24 3844 | 895c 2420 | 448b 4424 | 4044 8944 | 2424 4c8b | 5c24 604c | 895c 2430 | 48ff 7424 
  0x000001842d4300e0: 5848 8f44 | 2448 448b | 5c24 3c44 | 895c 2438 | 448b 4424 | 4444 8944 | 243c 4c8b | 5c24 684c 
  0x000001842d430100: 895c 2440 | 4c8b 5c24 | 784c 895c | 2458 4c8b | 9c24 8800 | 0000 4c89 | 5c24 604c | 8994 2488 
  0x000001842d430120: ;   {runtime_call UncommonTrapBlob}
  0x000001842d430120: 0000 00e8 

  0x000001842d430124: ; ImmutableOopMap {rbp=Oop [32]=NarrowOop [36]=NarrowOop [40]=NarrowOop [44]=NarrowOop [48]=Oop [56]=NarrowOop [60]=NarrowOop [64]=Oop [72]=Oop [88]=Oop [96]=Oop [136]=Oop [144]=NarrowOop [176]=Oop }
                      ;*checkcast {reexecute=0 rethrow=0 return_oop=0}
                      ; - androidx.compose.ui.platform.FlushCoroutineDispatcher::flush$lambda$0@111 (line 146)
                      ; - androidx.compose.ui.platform.FlushCoroutineDispatcher$$Lambda/0x0000018445e01738::invoke@4
                      ; - androidx.compose.ui.platform.FlushCoroutineDispatcher::performRun@24 (line 105)
                      ; - androidx.compose.ui.platform.FlushCoroutineDispatcher::flush@7 (line 83)
                      ; - androidx.compose.ui.scene.ComposeSceneRecomposer::performScheduledRecomposerTasks@11 (line 84)
                      ; - androidx.compose.ui.scene.BaseComposeScene::render@123 (line 178)
                      ; - androidx.compose.ui.scene.ComposeSceneMediator::onRender$lambda$0$0@232 (line 677)
                      ; - androidx.compose.ui.scene.ComposeSceneMediator$$Lambda/0x0000018445f5de80::invoke@12
                      ; - androidx.compose.ui.viewinterop.SwingInteropContainer::postponingExecutingScheduledUpdates@84 (line 251)
                      ; - androidx.compose.ui.scene.ComposeSceneMediator::onRender@30 (line 675)
                      ; - org.jetbrains.skiko.swing.SkiaSwingLayer$renderDelegateWithClipping$1::onRender@78 (line 53)
                      ; - org.jetbrains.skiko.swing.Direct3DSwingRedrawer::onRender$lambda$1@201 (line 83)
                      ; - org.jetbrains.skiko.swing.Direct3DSwingRedrawer$$Lambda/0x0000018445f586c0::invoke@24
                      ; - org.jetbrains.skiko.ResourceUtilsKt::autoCloseScope@29 (line 34)
  0x000001842d430124: 5842 effc 

  0x000001842d430128: ;   {other}
  0x000001842d430128: 0f1f 8400 | 9834 002c 

  0x000001842d430130: ;   {metadata('com/intellij/util/SmartList')}
  0x000001842d430130: 81f9 b8ec | 2802 0f85 | f02c 0000 | 418b 6b10 | 4585 d20f | 8c73 2e00 | 0044 3bd5 | 0f8d 962e 
  0x000001842d430150: 0000 418b | 5b14 83fd | 010f 8426 | efff ff8b | 4b08 49bb | 0000 0040 | 8401 0000 | 4c03 d94d 
  0x000001842d430170: ;   {metadata('java/lang/Object'[])}
  0x000001842d430170: 8b5b 3848 | b978 1300 | 4084 0100 | 004c 3bd9 | 0f85 ca2c | 0000 488b | eb44 8b5d | 0c45 3bd3 
  0x000001842d430190: 0f83 742c | 0000 8b5c | 950c e9e6 | eeff ff45 | 8b5b 1033 | ed45 85db | 400f 95c5 | 83fd 010f 
  0x000001842d4301b0: 855f 2e00 | 00bb 0100 | 0000 e9e9 | deff ff45 | 8b5b 1033 | ed45 85db | 400f 95c5 | 83fd 010f 
  0x000001842d4301d0: 8597 2e00 | 00bf 0100 | 0000 e92e | e7ff ff45 | 8b5b 1033 | ed45 85db | 400f 95c5 | 83fd 010f 
  0x000001842d4301f0: 85e3 2e00 | 00bf 0100 | 0000 e96b | e8ff ff45 | 8b5b 1033 | ed45 85db | 400f 95c5 | 83fd 010f 
  0x000001842d430210: 84fb e9ff | ffba 45ff | ffff 4c8b | 5424 484c | 8954 2420 | 448b 5c24 | 3844 895c | 242c 448b 
  0x000001842d430230: 5424 4044 | 8954 2430 | 48ff 7424 | 5848 8f44 | 2450 448b | 5424 4444 | 8954 2438 

  0x000001842d43024c: ;   {runtime_call UncommonTrapBlob}
  0x000001842d43024c: 6666 90e8 

  0x000001842d430250: ; ImmutableOopMap {[32]=Oop [40]=NarrowOop [44]=NarrowOop [48]=NarrowOop [56]=NarrowOop [60]=NarrowOop [80]=Oop [96]=Oop [104]=Oop [120]=Oop }
                      ;*if_icmpne {reexecute=1 rethrow=0 return_oop=0}
                      ; - (reexecute) androidx.compose.runtime.snapshots.MutableSnapshot::hasPendingChanges@12 (line 756)
                      ; - androidx.compose.runtime.snapshots.Snapshot$Companion::sendApplyNotifications@22 (line 688)
                      ; - androidx.compose.ui.node.SnapshotInvalidationTracker::sendAndPerformSnapshotChanges@3 (line 83)
                      ; - androidx.compose.ui.scene.BaseComposeScene::render@230 (line 373)
                      ; - androidx.compose.ui.scene.ComposeSceneMediator::onRender$lambda$0$0@232 (line 677)
                      ; - androidx.compose.ui.scene.ComposeSceneMediator$$Lambda/0x0000018445f5de80::invoke@12
                      ; - androidx.compose.ui.viewinterop.SwingInteropContainer::postponingExecutingScheduledUpdates@84 (line 251)
                      ; - androidx.compose.ui.scene.ComposeSceneMediator::onRender@30 (line 675)
                      ; - org.jetbrains.skiko.swing.SkiaSwingLayer$renderDelegateWithClipping$1::onRender@78 (line 53)
                      ; - org.jetbrains.skiko.swing.Direct3DSwingRedrawer::onRender$lambda$1@201 (line 83)
                      ; - org.jetbrains.skiko.swing.Direct3DSwingRedrawer$$Lambda/0x0000018445f586c0::invoke@24
                      ; - org.jetbrains.skiko.ResourceUtilsKt::autoCloseScope@29 (line 34)
  0x000001842d430250: 2c41 effc 

  0x000001842d430254: ;   {other}
  0x000001842d430254: 0f1f 8400 | c435 002d 

  0x000001842d43025c: ;   {oop(a 'androidx/compose/runtime/snapshots/SnapshotKt$$Lambda+0x0000018442e196e8'{0x00000000c52bf7d8})}
  0x000001842d43025c: 48ba d8f7 | 2bc5 0000 | 0000 488b 

  0x000001842d430268: ;   {static_call}
  0x000001842d430268: 6c24 78e8 

  0x000001842d43026c: ; ImmutableOopMap {rbp=Oop [32]=Oop [40]=NarrowOop [48]=Oop [56]=NarrowOop [60]=NarrowOop [64]=NarrowOop [68]=NarrowOop [72]=Oop [88]=Oop [96]=Oop [104]=Oop [112]=Oop [120]=Oop [128]=Oop [136]=Oop [144]=Oop }
                      ;*invokestatic advanceGlobalSnapshot {reexecute=0 rethrow=0 return_oop=1}
                      ; - androidx.compose.runtime.snapshots.SnapshotKt::advanceGlobalSnapshot@3 (line 2037)
                      ; - androidx.compose.runtime.snapshots.SnapshotKt::access$advanceGlobalSnapshot@0 (line 1)
                      ; - androidx.compose.runtime.snapshots.Snapshot$Companion::sendApplyNotifications@50 (line 689)
                      ; - androidx.compose.ui.node.SnapshotInvalidationTracker::sendAndPerformSnapshotChanges@3 (line 83)
                      ; - androidx.compose.ui.scene.BaseComposeScene::render@84 (line 365)
                      ; - androidx.compose.ui.scene.ComposeSceneMediator::onRender$lambda$0$0@232 (line 677)
                      ; - androidx.compose.ui.scene.ComposeSceneMediator$$Lambda/0x0000018445f5de80::invoke@12
                      ; - androidx.compose.ui.viewinterop.SwingInteropContainer::postponingExecutingScheduledUpdates@84 (line 251)
                      ; - androidx.compose.ui.scene.ComposeSceneMediator::onRender@30 (line 675)
                      ; - org.jetbrains.skiko.swing.SkiaSwingLayer$renderDelegateWithClipping$1::onRender@78 (line 53)
                      ; - org.jetbrains.skiko.swing.Direct3DSwingRedrawer::onRender$lambda$1@201 (line 83)
                      ; - org.jetbrains.skiko.swing.Direct3DSwingRedrawer$$Lambda/0x0000018445f586c0::invoke@24
                      ; - org.jetbrains.skiko.ResourceUtilsKt::autoCloseScope@29 (line 34)
  0x000001842d43026c: 10ee eefc 

  0x000001842d430270: ;   {other}
  0x000001842d430270: 0f1f 8400 | e035 002e | e9d8 deff 

  0x000001842d43027c: ;   {oop(a 'androidx/compose/runtime/snapshots/SnapshotKt$$Lambda+0x0000018442e196e8'{0x00000000c52bf7d8})}
  0x000001842d43027c: ff48 bad8 | f72b c500 | 0000 0048 | 8b6c 2478 

  0x000001842d43028c: ;   {static_call}
  0x000001842d43028c: 6666 90e8 

  0x000001842d430290: ; ImmutableOopMap {rbp=Oop [32]=Oop [48]=Oop [56]=NarrowOop [60]=NarrowOop [64]=NarrowOop [68]=NarrowOop [72]=Oop [88]=Oop [96]=Oop [104]=Oop [112]=Oop [120]=Oop [128]=Oop [136]=Oop [144]=NarrowOop }
                      ;*invokestatic advanceGlobalSnapshot {reexecute=0 rethrow=0 return_oop=1}
                      ; - androidx.compose.runtime.snapshots.SnapshotKt::advanceGlobalSnapshot@3 (line 2037)
                      ; - androidx.compose.runtime.snapshots.SnapshotKt::access$advanceGlobalSnapshot@0 (line 1)
                      ; - androidx.compose.runtime.snapshots.Snapshot$Companion::sendApplyNotifications@50 (line 689)
                      ; - androidx.compose.ui.scene.BaseComposeScene::render@169 (line 192)
                      ; - androidx.compose.ui.scene.ComposeSceneMediator::onRender$lambda$0$0@232 (line 677)
                      ; - androidx.compose.ui.scene.ComposeSceneMediator$$Lambda/0x0000018445f5de80::invoke@12
                      ; - androidx.compose.ui.viewinterop.SwingInteropContainer::postponingExecutingScheduledUpdates@84 (line 251)
                      ; - androidx.compose.ui.scene.ComposeSceneMediator::onRender@30 (line 675)
                      ; - org.jetbrains.skiko.swing.SkiaSwingLayer$renderDelegateWithClipping$1::onRender@78 (line 53)
                      ; - org.jetbrains.skiko.swing.Direct3DSwingRedrawer::onRender$lambda$1@201 (line 83)
                      ; - org.jetbrains.skiko.swing.Direct3DSwingRedrawer$$Lambda/0x0000018445f586c0::invoke@24
                      ; - org.jetbrains.skiko.ResourceUtilsKt::autoCloseScope@29 (line 34)
  0x000001842d430290: ec58 fdfd 

  0x000001842d430294: ;   {other}
  0x000001842d430294: 0f1f 8400 | 0436 002f | e919 e7ff 

  0x000001842d4302a0: ;   {oop(a 'androidx/compose/runtime/snapshots/SnapshotKt$$Lambda+0x0000018442e196e8'{0x00000000c52bf7d8})}
  0x000001842d4302a0: ff48 bad8 | f72b c500 | 0000 0048 | 8b6c 2478 

  0x000001842d4302b0: ;   {static_call}
  0x000001842d4302b0: 6666 90e8 

  0x000001842d4302b4: ; ImmutableOopMap {rbp=Oop [32]=Oop [48]=Oop [56]=NarrowOop [60]=NarrowOop [64]=NarrowOop [68]=NarrowOop [72]=Oop [88]=Oop [96]=Oop [104]=Oop [112]=Oop [120]=Oop [128]=Oop [136]=Oop [144]=NarrowOop }
                      ;*invokestatic advanceGlobalSnapshot {reexecute=0 rethrow=0 return_oop=1}
                      ; - androidx.compose.runtime.snapshots.SnapshotKt::advanceGlobalSnapshot@3 (line 2037)
                      ; - androidx.compose.runtime.snapshots.SnapshotKt::access$advanceGlobalSnapshot@0 (line 1)
                      ; - androidx.compose.runtime.snapshots.Snapshot$Companion::sendApplyNotifications@50 (line 689)
                      ; - androidx.compose.ui.scene.BaseComposeScene::render@179 (line 197)
                      ; - androidx.compose.ui.scene.ComposeSceneMediator::onRender$lambda$0$0@232 (line 677)
                      ; - androidx.compose.ui.scene.ComposeSceneMediator$$Lambda/0x0000018445f5de80::invoke@12
                      ; - androidx.compose.ui.viewinterop.SwingInteropContainer::postponingExecutingScheduledUpdates@84 (line 251)
                      ; - androidx.compose.ui.scene.ComposeSceneMediator::onRender@30 (line 675)
                      ; - org.jetbrains.skiko.swing.SkiaSwingLayer$renderDelegateWithClipping$1::onRender@78 (line 53)
                      ; - org.jetbrains.skiko.swing.Direct3DSwingRedrawer::onRender$lambda$1@201 (line 83)
                      ; - org.jetbrains.skiko.swing.Direct3DSwingRedrawer$$Lambda/0x0000018445f586c0::invoke@24
                      ; - org.jetbrains.skiko.ResourceUtilsKt::autoCloseScope@29 (line 34)
  0x000001842d4302b4: c8ed eefc 

  0x000001842d4302b8: ;   {other}
  0x000001842d4302b8: 0f1f 8400 | 2836 0030 | e952 e8ff 

  0x000001842d4302c4: ;   {oop(a 'androidx/compose/runtime/snapshots/SnapshotKt$$Lambda+0x0000018442e196e8'{0x00000000c52bf7d8})}
  0x000001842d4302c4: ff48 bad8 | f72b c500 | 0000 0048 | 8b6c 2460 

  0x000001842d4302d4: ;   {static_call}
  0x000001842d4302d4: 6666 90e8 

  0x000001842d4302d8: ; ImmutableOopMap {rbp=Oop [32]=Oop [40]=NarrowOop [48]=Oop [56]=NarrowOop [60]=NarrowOop [64]=NarrowOop [68]=NarrowOop [72]=Oop [88]=Oop [96]=Oop [104]=Oop [112]=Oop [120]=Oop [128]=Oop }
                      ;*invokestatic advanceGlobalSnapshot {reexecute=0 rethrow=0 return_oop=1}
                      ; - androidx.compose.runtime.snapshots.SnapshotKt::advanceGlobalSnapshot@3 (line 2037)
                      ; - androidx.compose.runtime.snapshots.SnapshotKt::access$advanceGlobalSnapshot@0 (line 1)
                      ; - androidx.compose.runtime.snapshots.Snapshot$Companion::sendApplyNotifications@50 (line 689)
                      ; - androidx.compose.ui.node.SnapshotInvalidationTracker::sendAndPerformSnapshotChanges@3 (line 83)
                      ; - androidx.compose.ui.scene.BaseComposeScene::render@230 (line 373)
                      ; - androidx.compose.ui.scene.ComposeSceneMediator::onRender$lambda$0$0@232 (line 677)
                      ; - androidx.compose.ui.scene.ComposeSceneMediator$$Lambda/0x0000018445f5de80::invoke@12
                      ; - androidx.compose.ui.viewinterop.SwingInteropContainer::postponingExecutingScheduledUpdates@84 (line 251)
                      ; - androidx.compose.ui.scene.ComposeSceneMediator::onRender@30 (line 675)
                      ; - org.jetbrains.skiko.swing.SkiaSwingLayer$renderDelegateWithClipping$1::onRender@78 (line 53)
                      ; - org.jetbrains.skiko.swing.Direct3DSwingRedrawer::onRender$lambda$1@201 (line 83)
                      ; - org.jetbrains.skiko.swing.Direct3DSwingRedrawer$$Lambda/0x0000018445f586c0::invoke@24
                      ; - org.jetbrains.skiko.ResourceUtilsKt::autoCloseScope@29 (line 34)
  0x000001842d4302d8: a4ed eefc 

  0x000001842d4302dc: ;   {other}
  0x000001842d4302dc: 0f1f 8400 | 4c36 0031 | e9dd e9ff | ff49 8b87 | b801 0000 | 4c8b 5424 | 7845 8b52 | 2444 8954 
  0x000001842d4302fc: 2428 4c8b | d049 83c2 | 104d 3b97 | c801 0000 | 0f83 f60d | 0000 4d89 | 97b8 0100 | 0041 0f0d 
  0x000001842d43031c: 8ac0 0000 | 0048 c700 | 0100 0000 

  0x000001842d430328: ;   {metadata('androidx/compose/ui/scene/BaseComposeScene$render$1$1')}
  0x000001842d430328: c740 0860 | a1f8 0544 | 8960 0c4c | 8bd0 4c89 | 5424 504c | 8b54 2478 | 4d8b da4c | 8b54 2450 
  0x000001842d430348: 4589 5a0c | 448b 5424 | 2845 85d2 | 0f84 8e2b | 0000 498b 

  0x000001842d43035c: ;   {oop("block"{0x00000000c2211e70})}
  0x000001842d43035c: ea49 b870 | 1e21 c200 | 0000 0048 | 8b54 2450 

  0x000001842d43036c: ;   {static_call}
  0x000001842d43036c: 6666 90e8 

  0x000001842d430370: ; ImmutableOopMap {rbp=Oop [32]=Oop [40]=NarrowOop [48]=Oop [56]=NarrowOop [60]=NarrowOop [64]=NarrowOop [68]=NarrowOop [72]=Oop [80]=Oop [88]=Oop [96]=Oop [104]=Oop [112]=Oop [120]=Oop [128]=Oop [136]=Oop [144]=NarrowOop }
                      ;*invokestatic checkNotNullParameter {reexecute=0 rethrow=0 return_oop=0}
                      ; - androidx.compose.ui.scene.ComposeSceneRecomposer::scheduleAsEffect@3
                      ; - androidx.compose.ui.scene.BaseComposeScene::render@163 (line 185)
                      ; - androidx.compose.ui.scene.ComposeSceneMediator::onRender$lambda$0$0@232 (line 677)
                      ; - androidx.compose.ui.scene.ComposeSceneMediator$$Lambda/0x0000018445f5de80::invoke@12
                      ; - androidx.compose.ui.viewinterop.SwingInteropContainer::postponingExecutingScheduledUpdates@84 (line 251)
                      ; - androidx.compose.ui.scene.ComposeSceneMediator::onRender@30 (line 675)
                      ; - org.jetbrains.skiko.swing.SkiaSwingLayer$renderDelegateWithClipping$1::onRender@78 (line 53)
                      ; - org.jetbrains.skiko.swing.Direct3DSwingRedrawer::onRender$lambda$1@201 (line 83)
                      ; - org.jetbrains.skiko.swing.Direct3DSwingRedrawer$$Lambda/0x0000018445f586c0::invoke@24
                      ; - org.jetbrains.skiko.ResourceUtilsKt::autoCloseScope@29 (line 34)
  0x000001842d430370: 2c4d 4cfd 

  0x000001842d430374: ;   {other}
  0x000001842d430374: 0f1f 8400 | e436 0032 | 448b 5424 | 2845 8b5a | 0c45 8bd3 | 448b 4424 | 2841 8b68 | 1445 8b43 
  0x000001842d430394: ;   {metadata('kotlin/coroutines/CoroutineContext')}
  0x000001842d430394: 0848 b830 | 4608 4284 | 0100 0048 | be00 0000 | 4084 0100 | 0049 03f0 | 4c8b 5e20 | 4c3b d80f 
  0x000001842d4303b4: 85cb 0100 | 004d 8b9f | b801 0000 | 4d8b c349 | 83c0 104c | 8954 2428 | 4d3b 87c8 | 0100 000f 
  0x000001842d4303d4: 8350 0d00 | 004d 8987 | b801 0000 | 410f 0d88 | c000 0000 | 49c7 0301 

  0x000001842d4303ec: ;   {metadata('androidx/compose/ui/scene/ComposeSceneRecomposer$$Lambda+0x0000018445f8a3b8')}
  0x000001842d4303ec: 0000 0041 | c743 08b8 | a3f8 054c | 8b54 2450 | 4d8b c245 | 8943 0c4d | 8bd3 4d8b | ca85 ed0f 
  0x000001842d43040c: 843f 2b00 | 0048 8bd5 | 4c8b 4424 | 2848 8b6c 

  0x000001842d43041c: ;   {optimized virtual_call}
  0x000001842d43041c: 2448 90e8 

  0x000001842d430420: ; ImmutableOopMap {rbp=Oop [32]=Oop [48]=Oop [56]=NarrowOop [60]=NarrowOop [64]=NarrowOop [68]=NarrowOop [72]=Oop [88]=Oop [96]=Oop [104]=Oop [112]=Oop [120]=Oop [128]=Oop [136]=Oop [144]=NarrowOop }
                      ;*invokevirtual dispatch {reexecute=0 rethrow=0 return_oop=0}
                      ; - androidx.compose.ui.scene.ComposeSceneRecomposer::scheduleAsEffect@23 (line 98)
                      ; - androidx.compose.ui.scene.BaseComposeScene::render@163 (line 185)
                      ; - androidx.compose.ui.scene.ComposeSceneMediator::onRender$lambda$0$0@232 (line 677)
                      ; - androidx.compose.ui.scene.ComposeSceneMediator$$Lambda/0x0000018445f5de80::invoke@12
                      ; - androidx.compose.ui.viewinterop.SwingInteropContainer::postponingExecutingScheduledUpdates@84 (line 251)
                      ; - androidx.compose.ui.scene.ComposeSceneMediator::onRender@30 (line 675)
                      ; - org.jetbrains.skiko.swing.SkiaSwingLayer$renderDelegateWithClipping$1::onRender@78 (line 53)
                      ; - org.jetbrains.skiko.swing.Direct3DSwingRedrawer::onRender$lambda$1@201 (line 83)
                      ; - org.jetbrains.skiko.swing.Direct3DSwingRedrawer$$Lambda/0x0000018445f586c0::invoke@24
                      ; - org.jetbrains.skiko.ResourceUtilsKt::autoCloseScope@29 (line 34)
  0x000001842d430420: 1c21 c9fd 

  0x000001842d430424: ;   {other}
  0x000001842d430424: 0f1f 8400 | 9437 0033 | e94e e4ff | ff41 8be8 | 412b ea45 | 8bc2 41d1 | f8ff c544 | 3bc5 458b 
  0x000001842d430444: d044 0f4c | d547 8d04 | 0a41 8bc8 | 41ff c841 | 81f8 f7ff | ff7f 0f83 | 1e2d 0000 | 498b d344 
  0x000001842d430464: 8bc1 488b 

  0x000001842d430468: ;   {static_call}
  0x000001842d430468: 6c24 48e8 

  0x000001842d43046c: ; ImmutableOopMap {rbp=Oop [32]=Oop [48]=Oop [64]=NarrowOop [72]=Oop [92]=NarrowOop [96]=Oop }
                      ;*invokestatic copyOf {reexecute=0 rethrow=0 return_oop=1}
                      ; - java.util.ArrayList::grow@37 (line 237)
                      ; - java.util.ArrayList::grow@7 (line 244)
                      ; - java.util.ArrayList::add@7 (line 483)
                      ; - java.util.ArrayList::add@20 (line 496)
                      ; - org.jetbrains.skiko.ResourceUtilsKt$autoCloseScope$scope$1::autoClose@11 (line 29)
                      ; - org.jetbrains.skiko.swing.Direct3DSwingRedrawer::onRender$lambda$1@81 (line 70)
                      ; - org.jetbrains.skiko.swing.Direct3DSwingRedrawer$$Lambda/0x0000018445f586c0::invoke@24
                      ; - org.jetbrains.skiko.ResourceUtilsKt::autoCloseScope@29 (line 34)
  0x000001842d43046c: 10ec eefc 

  0x000001842d430470: ;   {other}
  0x000001842d430470: 0f1f 8400 | e037 0034 | 488b d841 | 807f 4000 | 0f85 1e0b | 0000 4c8b | d54c 8bdb | 4d33 da4c 
  0x000001842d430490: 8bc3 4489 | 4514 49c1 | eb14 4d85 | db74 1f48 | 85db 741a | 49c1 ea09 | 48b9 0000 | 053b 8401 
  0x000001842d4304b0: 0000 4903 | ca80 3902 | 0f85 4c0b | 0000 4885 | db0f 85c5 | d2ff ffba | f6ff ffff 

  0x000001842d4304cc: ;   {runtime_call UncommonTrapBlob}
  0x000001842d4304cc: 6666 90e8 

  0x000001842d4304d0: ; ImmutableOopMap {rbp=Oop [96]=Oop }
                      ;*aastore {reexecute=1 rethrow=0 return_oop=0}
                      ; - (reexecute) java.util.ArrayList::add@14 (line 484)
                      ; - java.util.ArrayList::add@20 (line 496)
                      ; - org.jetbrains.skiko.ResourceUtilsKt$autoCloseScope$scope$1::autoClose@11 (line 29)
                      ; - org.jetbrains.skiko.swing.Direct3DSwingRedrawer::onRender$lambda$1@81 (line 70)
                      ; - org.jetbrains.skiko.swing.Direct3DSwingRedrawer$$Lambda/0x0000018445f586c0::invoke@24
                      ; - org.jetbrains.skiko.ResourceUtilsKt::autoCloseScope@29 (line 34)
  0x000001842d4304d0: ac3e effc 

  0x000001842d4304d4: ;   {other}
  0x000001842d4304d4: 0f1f 8400 | 4438 0035 | 418b e941 | 2bea 458b | ca41 d1f9 | ffc5 443b | cd44 0f4c | cd47 8d04 
  0x000001842d4304f4: 1145 8bc8 | 418d 48ff | 81f9 f7ff | ff7f 0f83 | b42c 0000 | 498b d348 | 8b6c 2448 

  0x000001842d430510: ;   {static_call}
  0x000001842d430510: 6666 90e8 

  0x000001842d430514: ; ImmutableOopMap {rbp=Oop [32]=Oop [48]=Oop [56]=NarrowOop [64]=NarrowOop [72]=Oop [92]=NarrowOop [104]=Oop }
                      ;*invokestatic copyOf {reexecute=0 rethrow=0 return_oop=1}
                      ; - java.util.ArrayList::grow@37 (line 237)
                      ; - java.util.ArrayList::grow@7 (line 244)
                      ; - java.util.ArrayList::add@7 (line 483)
                      ; - java.util.ArrayList::add@20 (line 496)
                      ; - org.jetbrains.skiko.ResourceUtilsKt$autoCloseScope$scope$1::autoClose@11 (line 29)
                      ; - org.jetbrains.skiko.swing.Direct3DSwingRedrawer::onRender$lambda$1@142 (line 79)
                      ; - org.jetbrains.skiko.swing.Direct3DSwingRedrawer$$Lambda/0x0000018445f586c0::invoke@24
                      ; - org.jetbrains.skiko.ResourceUtilsKt::autoCloseScope@29 (line 34)
  0x000001842d430514: 68eb eefc 

  0x000001842d430518: ;   {other}
  0x000001842d430518: 0f1f 8400 | 8838 0036 | 488b d841 | 807f 4000 | 0f85 a90a | 0000 4c8b | d54c 8bdb | 4d33 da4c 
  0x000001842d430538: 8bc3 4489 | 4514 49c1 | eb14 4d85 | db74 1f48 | 85db 741a | 49c1 ea09 | 48b9 0000 | 053b 8401 
  0x000001842d430558: 0000 4903 | ca80 3902 | 0f85 f20a | 0000 4885 | db0f 85c9 | d4ff ffba | f6ff ffff 

  0x000001842d430574: ;   {runtime_call UncommonTrapBlob}
  0x000001842d430574: 6666 90e8 

  0x000001842d430578: ; ImmutableOopMap {rbp=Oop [104]=Oop }
                      ;*aastore {reexecute=1 rethrow=0 return_oop=0}
                      ; - (reexecute) java.util.ArrayList::add@14 (line 484)
                      ; - java.util.ArrayList::add@20 (line 496)
                      ; - org.jetbrains.skiko.ResourceUtilsKt$autoCloseScope$scope$1::autoClose@11 (line 29)
                      ; - org.jetbrains.skiko.swing.Direct3DSwingRedrawer::onRender$lambda$1@142 (line 79)
                      ; - org.jetbrains.skiko.swing.Direct3DSwingRedrawer$$Lambda/0x0000018445f586c0::invoke@24
                      ; - org.jetbrains.skiko.ResourceUtilsKt::autoCloseScope@29 (line 34)
  0x000001842d430578: 043e effc 

  0x000001842d43057c: ;   {other}
  0x000001842d43057c: 0f1f 8400 | ec38 0037 | 4833 ff4c | 8b9e a000 | 0000 498b | d348 c1e2 | 3b0f 8921 | 0000 00f3 
  0x000001842d43059c: 480f b8d2 | 488b 5e28 | 483b 04d3 | 7415 490f | bae3 0573 | 0b49 c1cb 

  0x000001842d4305b4: ;   {runtime_call StubRoutines (compiler stubs)}
  0x000001842d4305b4: 04e8 5d30 | fafc eb03 | 48ff c748 | 85ff 0f84 | f1fd ffff | bade ffff | ff48 8b6c | 2448 448b 
  0x000001842d4305d4: 5c24 3844 | 895c 2420 | 448b 4424 | 4044 8944 | 2424 4c8b | 5c24 604c | 895c 2428 | 4c8b 5c24 
  0x000001842d4305f4: 584c 895c | 2430 448b | 5c24 3c44 | 895c 2438 | 448b 4424 | 4444 8944 | 243c 4c8b | 5c24 784c 
  0x000001842d430614: 895c 2448 | 4489 5424 

  0x000001842d43061c: ;   {runtime_call UncommonTrapBlob}
  0x000001842d43061c: 6466 90e8 

  0x000001842d430620: ; ImmutableOopMap {rbp=Oop [32]=NarrowOop [36]=NarrowOop [40]=Oop [48]=Oop [56]=NarrowOop [60]=NarrowOop [72]=Oop [100]=NarrowOop [104]=Oop [136]=Oop [144]=NarrowOop }
                      ;*checkcast {reexecute=0 rethrow=0 return_oop=0}
                      ; - androidx.compose.ui.scene.ComposeSceneRecomposer::scheduleAsEffect@14 (line 98)
                      ; - androidx.compose.ui.scene.BaseComposeScene::render@163 (line 185)
                      ; - androidx.compose.ui.scene.ComposeSceneMediator::onRender$lambda$0$0@232 (line 677)
                      ; - androidx.compose.ui.scene.ComposeSceneMediator$$Lambda/0x0000018445f5de80::invoke@12
                      ; - androidx.compose.ui.viewinterop.SwingInteropContainer::postponingExecutingScheduledUpdates@84 (line 251)
                      ; - androidx.compose.ui.scene.ComposeSceneMediator::onRender@30 (line 675)
                      ; - org.jetbrains.skiko.swing.SkiaSwingLayer$renderDelegateWithClipping$1::onRender@78 (line 53)
                      ; - org.jetbrains.skiko.swing.Direct3DSwingRedrawer::onRender$lambda$1@201 (line 83)
                      ; - org.jetbrains.skiko.swing.Direct3DSwingRedrawer$$Lambda/0x0000018445f586c0::invoke@24
                      ; - org.jetbrains.skiko.ResourceUtilsKt::autoCloseScope@29 (line 34)
  0x000001842d430620: 5c3d effc 

  0x000001842d430624: ;   {other}
  0x000001842d430624: 0f1f 8400 | 9439 0038 | 498b dae9 | ddf1 ffff | 9048 b8ff | ffff ffff 

  0x000001842d43063c: ;   {virtual_call}
  0x000001842d43063c: ffff ffe8 

  0x000001842d430640: ; ImmutableOopMap {[32]=Oop [44]=NarrowOop [48]=Oop [56]=NarrowOop [60]=NarrowOop [64]=NarrowOop [68]=NarrowOop [72]=Oop [88]=Oop [96]=Oop [104]=Oop [112]=Oop [120]=Oop [128]=Oop [136]=Oop [144]=NarrowOop [148]=NarrowOop [152]=Oop [160]=Oop [176]=Oop }
                      ;*invokevirtual size {reexecute=0 rethrow=0 return_oop=0}
                      ; - java.util.AbstractList$Itr::hasNext@8 (line 366)
                      ; - androidx.compose.ui.platform.FlushCoroutineDispatcher::flush$lambda$0@93 (line 146)
                      ; - androidx.compose.ui.platform.FlushCoroutineDispatcher$$Lambda/0x0000018445e01738::invoke@4
                      ; - androidx.compose.ui.platform.FlushCoroutineDispatcher::performRun@24 (line 105)
                      ; - androidx.compose.ui.platform.FlushCoroutineDispatcher::flush@7 (line 83)
                      ; - androidx.compose.ui.scene.ComposeSceneRecomposer::performScheduledEffects@11 (line 91)
                      ; - androidx.compose.ui.scene.BaseComposeScene::render@116 (line 176)
                      ; - androidx.compose.ui.scene.ComposeSceneMediator::onRender$lambda$0$0@232 (line 677)
                      ; - androidx.compose.ui.scene.ComposeSceneMediator$$Lambda/0x0000018445f5de80::invoke@12
                      ; - androidx.compose.ui.viewinterop.SwingInteropContainer::postponingExecutingScheduledUpdates@84 (line 251)
                      ; - androidx.compose.ui.scene.ComposeSceneMediator::onRender@30 (line 675)
                      ; - org.jetbrains.skiko.swing.SkiaSwingLayer$renderDelegateWithClipping$1::onRender@78 (line 53)
                      ; - org.jetbrains.skiko.swing.Direct3DSwingRedrawer::onRender$lambda$1@201 (line 83)
                      ; - org.jetbrains.skiko.swing.Direct3DSwingRedrawer$$Lambda/0x0000018445f586c0::invoke@24
                      ; - org.jetbrains.skiko.ResourceUtilsKt::autoCloseScope@29 (line 34)
  0x000001842d430640: 3ce7 eefc 

  0x000001842d430644: ;   {other}
  0x000001842d430644: 0f1f 8400 | b439 0039 | e9dc f6ff | ff48 b8ff | ffff ffff 

  0x000001842d430658: ;   {virtual_call}
  0x000001842d430658: ffff ffe8 

  0x000001842d43065c: ; ImmutableOopMap {[32]=Oop [40]=NarrowOop [44]=NarrowOop [48]=Oop [56]=NarrowOop [60]=NarrowOop [64]=NarrowOop [68]=NarrowOop [72]=Oop [88]=Oop [96]=Oop [104]=Oop [112]=Oop [120]=Oop [128]=Oop [136]=Oop [144]=NarrowOop [152]=Oop [160]=Oop [176]=Oop }
                      ;*invokevirtual size {reexecute=0 rethrow=0 return_oop=0}
                      ; - java.util.AbstractList$Itr::hasNext@8 (line 366)
                      ; - androidx.compose.ui.platform.FlushCoroutineDispatcher::flush$lambda$0@93 (line 146)
                      ; - androidx.compose.ui.platform.FlushCoroutineDispatcher$$Lambda/0x0000018445e01738::invoke@4
                      ; - androidx.compose.ui.platform.FlushCoroutineDispatcher::performRun@24 (line 105)
                      ; - androidx.compose.ui.platform.FlushCoroutineDispatcher::flush@7 (line 83)
                      ; - androidx.compose.ui.scene.ComposeSceneRecomposer::performScheduledRecomposerTasks@11 (line 84)
                      ; - androidx.compose.ui.scene.BaseComposeScene::render@123 (line 178)
                      ; - androidx.compose.ui.scene.ComposeSceneMediator::onRender$lambda$0$0@232 (line 677)
                      ; - androidx.compose.ui.scene.ComposeSceneMediator$$Lambda/0x0000018445f5de80::invoke@12
                      ; - androidx.compose.ui.viewinterop.SwingInteropContainer::postponingExecutingScheduledUpdates@84 (line 251)
                      ; - androidx.compose.ui.scene.ComposeSceneMediator::onRender@30 (line 675)
                      ; - org.jetbrains.skiko.swing.SkiaSwingLayer$renderDelegateWithClipping$1::onRender@78 (line 53)
                      ; - org.jetbrains.skiko.swing.Direct3DSwingRedrawer::onRender$lambda$1@201 (line 83)
                      ; - org.jetbrains.skiko.swing.Direct3DSwingRedrawer$$Lambda/0x0000018445f586c0::invoke@24
                      ; - org.jetbrains.skiko.ResourceUtilsKt::autoCloseScope@29 (line 34)
  0x000001842d43065c: 20e7 eefc 

  0x000001842d430660: ;   {other}
  0x000001842d430660: 0f1f 8400 | d039 003a | e904 f9ff | ff44 8b13 | 4585 d20f | 8446 d1ff | ff4d 8b5f | 2849 8bca 
  0x000001842d430680: 4d85 db0f | 8493 1600 | 004d 8b57 | 384b 894c | 1af8 4983 | c3f8 4d89 | 5f28 e920 | d1ff ff4c 
  0x000001842d4306a0: 8b54 2468 | 458b 521c | 4585 d20f | 8415 d3ff | ff4d 8b5f | 2849 8bca | 4d85 db0f | 8478 1600 
  0x000001842d4306c0: 004d 8b57 | 384b 894c | 1af8 4983 | c3f8 4d89 | 5f28 e9ef | d2ff ff4c | 8b54 2468 | 458b 5218 
  0x000001842d4306e0: 4585 d20f | 8496 d2ff | ff4d 8b5f | 2849 8bca | 4d85 db0f | 845d 1600 | 004d 8b57 | 384b 894c 
  0x000001842d430700: 1af8 4983 | c3f8 4d89 | 5f28 e970 | d2ff ff44 | 8b13 4585 | d20f 8450 | d3ff ff4d | 8b5f 2849 
  0x000001842d430720: 8bca 4d85 | db0f 8448 | 1600 004d | 8b57 384b | 894c 1af8 | 4983 c3f8 | 4d89 5f28 | e92a d3ff 
  0x000001842d430740: ff4c 8bc5 | 448b 5d18 | 4585 db0f | 8421 d4ff | ff4d 8b57 | 2849 8bcb | 4d85 d20f 

  0x000001842d43075c: ;   {no_reloc}
  0x000001842d43075c: 842f 1600 | 004d 8b5f | 384b 894c | 13f8 4983 | c2f8 4d89 | 5728 4c8b | c5e9 f8d3 | ffff 458b 
  0x000001842d43077c: da45 8b5b | 1845 85db | 0f84 78da | ffff 4d8b | 5728 498b | cb4d 85d2 | 0f84 1316 | 0000 4d8b 
  0x000001842d43079c: 5f38 4b89 | 4c13 f849 | 83c2 f84d | 8957 28e9 | 52da ffff | 448b 9424 | 9000 0000 | 458b 5218 
  0x000001842d4307bc: 4585 d20f | 8486 e3ff | ff4d 8b5f | 2849 8bca | 4d85 db0f | 84f5 1500 | 004d 8b57 | 384b 894c 
  0x000001842d4307dc: 1af8 4983 | c3f8 4d89 | 5f28 e960 | e3ff ff4d | 8b57 484d | 8b5f 58f0 | 8344 24c0 | 0080 3900 
  0x000001842d4307fc: 0f84 f8cf | ffff 4488 | 214d 85d2 | 751d 498b | d749 ba00 | 41b6 4dfa | 7f00 0041 

  0x000001842d430818: ;   {other}
  0x000001842d430818: ffd2 0f1f | 8400 0000 | 0000 e9d3 | cfff ff4b | 894c 13f8 | 4983 c2f8 | 4d89 5748 | e9c1 cfff 
  0x000001842d430838: ff4d 8b57 | 484d 8b5f | 58f0 8344 | 24c0 0080 | 3900 0f84 | 6bd1 ffff | 4488 214d | 85d2 751d 
  0x000001842d430858: 498b d749 | ba00 41b6 | 4dfa 7f00 | 0041 ffd2 

  0x000001842d430868: ;   {other}
  0x000001842d430868: 0f1f 8400 | 0000 0000 | e946 d1ff | ff4b 894c | 13f8 4983 | c2f8 4d89 | 5748 e934 | d1ff ff4d 
  0x000001842d430888: 8b57 484d | 8b5f 58f0 | 8344 24c0 | 0080 3900 | 0f84 66d1 | ffff 4488 | 214d 85d2 | 751d 498b 
  0x000001842d4308a8: d749 ba00 | 41b6 4dfa | 7f00 0041 

  0x000001842d4308b4: ;   {other}
  0x000001842d4308b4: ffd2 0f1f | 8400 0000 | 0000 e941 | d1ff ff4b | 894c 13f8 | 4983 c2f8 | 4d89 5748 | e92f d1ff 
  0x000001842d4308d4: ff4d 8b57 | 584d 8b5f | 48f0 8344 | 24c0 0080 | 3900 0f84 | bad1 ffff | 4488 214d | 85db 751d 
  0x000001842d4308f4: 498b d749 | ba00 41b6 | 4dfa 7f00 | 0041 ffd2 

  0x000001842d430904: ;   {other}
  0x000001842d430904: 0f1f 8400 | 0000 0000 | e995 d1ff | ff4b 894c | 1af8 4983 | c3f8 4d89 | 5f48 e983 | d1ff ff49 
  0x000001842d430924: 8bf8 498b | d94d 8b57 | 484d 8b5f | 58f0 8344 | 24c0 0080 | 3900 742f | 4488 214d | 85d2 740f 
  0x000001842d430944: 4b89 4c13 | f849 83c2 | f84d 8957 | 48eb 1849 | 8bd7 49ba | 0041 b64d | fa7f 0000 

  0x000001842d430960: ;   {other}
  0x000001842d430960: 41ff d20f | 1f84 0000 | 0000 004c | 8bcb 4c8b | c7e9 36d2 | ffff 4d8b | 5748 4d8b | 5f58 f083 
  0x000001842d430980: 4424 c000 | 8039 000f | 84ba d8ff | ff44 8821 | 4d85 d275 | 1d49 8bd7 | 49ba 0041 | b64d fa7f 
  0x000001842d4309a0: 0000 41ff 

  0x000001842d4309a4: ;   {other}
  0x000001842d4309a4: d20f 1f84 | 0000 0000 | 00e9 95d8 | ffff 4b89 | 4c13 f849 | 83c2 f84d | 8957 48e9 | 83d8 ffff 
  0x000001842d4309c4: 488b 5c24 | 2844 8b5b | 0c45 85db | 0f84 36e6 | ffff 4d8b | 5728 498b | cb4d 85d2 | 0f84 b619 
  0x000001842d4309e4: 0000 4d8b | 5f38 4b89 | 4c13 f849 | 83c2 f84d | 8957 28e9 | 10e6 ffff | 488b 5c24 | 2844 8b53 
  0x000001842d430a04: 0c45 85d2 | 0f84 1ae7 | ffff 4d8b | 5f28 498b | ca4d 85db | 0f84 9b19 | 0000 4d8b | 5738 4b89 
  0x000001842d430a24: 4c1a f849 | 83c3 f84d | 895f 28e9 | f4e6 ffff | 488b 5c24 | 2044 8b53 | 0c45 85d2 | 0f84 3ee7 
  0x000001842d430a44: ffff 4d8b | 5f28 498b | ca4d 85db | 0f84 421c | 0000 4d8b | 5738 4b89 | 4c1a f849 | 83c3 f84d 
  0x000001842d430a64: 895f 28e9 | 18e7 ffff | 488b 5c24 | 2044 8b53 | 0c45 85d2 | 0f84 12e8 | ffff 4d8b | 5f28 498b 
  0x000001842d430a84: ca4d 85db | 0f84 271c | 0000 4d8b | 5738 4b89 | 4c1a f849 | 83c3 f84d | 895f 28e9 | ece7 ffff 
  0x000001842d430aa4: ;   {no_reloc}
  0x000001842d430aa4: 498b d045 | 8bc2 488b | 6c24 4866 | 9048 b8ff | ffff ffff 

  0x000001842d430ab8: ;   {virtual_call}
  0x000001842d430ab8: ffff ffe8 

  0x000001842d430abc: ; ImmutableOopMap {rbp=Oop [32]=Oop [44]=NarrowOop [48]=Oop [56]=NarrowOop [60]=NarrowOop [64]=NarrowOop [68]=NarrowOop [72]=Oop [88]=Oop [96]=Oop [104]=Oop [112]=Oop [120]=Oop [128]=Oop [136]=Oop [144]=NarrowOop [148]=NarrowOop [152]=Oop [160]=Oop [176]=Oop }
                      ;*invokevirtual get {reexecute=0 rethrow=0 return_oop=1}
                      ; - java.util.AbstractList$Itr::next@14 (line 373)
                      ; - androidx.compose.ui.platform.FlushCoroutineDispatcher::flush$lambda$0@102 (line 146)
                      ; - androidx.compose.ui.platform.FlushCoroutineDispatcher$$Lambda/0x0000018445e01738::invoke@4
                      ; - androidx.compose.ui.platform.FlushCoroutineDispatcher::performRun@24 (line 105)
                      ; - androidx.compose.ui.platform.FlushCoroutineDispatcher::flush@7 (line 83)
                      ; - androidx.compose.ui.scene.ComposeSceneRecomposer::performScheduledEffects@11 (line 91)
                      ; - androidx.compose.ui.scene.BaseComposeScene::render@116 (line 176)
                      ; - androidx.compose.ui.scene.ComposeSceneMediator::onRender$lambda$0$0@232 (line 677)
                      ; - androidx.compose.ui.scene.ComposeSceneMediator$$Lambda/0x0000018445f5de80::invoke@12
                      ; - androidx.compose.ui.viewinterop.SwingInteropContainer::postponingExecutingScheduledUpdates@84 (line 251)
                      ; - androidx.compose.ui.scene.ComposeSceneMediator::onRender@30 (line 675)
                      ; - org.jetbrains.skiko.swing.SkiaSwingLayer$renderDelegateWithClipping$1::onRender@78 (line 53)
                      ; - org.jetbrains.skiko.swing.Direct3DSwingRedrawer::onRender$lambda$1@201 (line 83)
                      ; - org.jetbrains.skiko.swing.Direct3DSwingRedrawer$$Lambda/0x0000018445f586c0::invoke@24
                      ; - org.jetbrains.skiko.ResourceUtilsKt::autoCloseScope@29 (line 34)
  0x000001842d430abc: c0e2 eefc 

  0x000001842d430ac0: ;   {other}
  0x000001842d430ac0: 0f1f 8400 | 303e 003b | 4c8b c0e9 | 16f3 ffff | 498b d045 | 8bc1 488b | 6c24 4866 | 9048 b8ff 
  0x000001842d430ae0: ffff ffff 

  0x000001842d430ae4: ;   {virtual_call}
  0x000001842d430ae4: ffff ffe8 

  0x000001842d430ae8: ; ImmutableOopMap {rbp=Oop [32]=Oop [40]=NarrowOop [44]=NarrowOop [48]=Oop [56]=NarrowOop [60]=NarrowOop [64]=NarrowOop [68]=NarrowOop [72]=Oop [88]=Oop [96]=Oop [104]=Oop [112]=Oop [120]=Oop [128]=Oop [136]=Oop [144]=NarrowOop [152]=Oop [160]=Oop [176]=Oop }
                      ;*invokevirtual get {reexecute=0 rethrow=0 return_oop=1}
                      ; - java.util.AbstractList$Itr::next@14 (line 373)
                      ; - androidx.compose.ui.platform.FlushCoroutineDispatcher::flush$lambda$0@102 (line 146)
                      ; - androidx.compose.ui.platform.FlushCoroutineDispatcher$$Lambda/0x0000018445e01738::invoke@4
                      ; - androidx.compose.ui.platform.FlushCoroutineDispatcher::performRun@24 (line 105)
                      ; - androidx.compose.ui.platform.FlushCoroutineDispatcher::flush@7 (line 83)
                      ; - androidx.compose.ui.scene.ComposeSceneRecomposer::performScheduledRecomposerTasks@11 (line 84)
                      ; - androidx.compose.ui.scene.BaseComposeScene::render@123 (line 178)
                      ; - androidx.compose.ui.scene.ComposeSceneMediator::onRender$lambda$0$0@232 (line 677)
                      ; - androidx.compose.ui.scene.ComposeSceneMediator$$Lambda/0x0000018445f5de80::invoke@12
                      ; - androidx.compose.ui.viewinterop.SwingInteropContainer::postponingExecutingScheduledUpdates@84 (line 251)
                      ; - androidx.compose.ui.scene.ComposeSceneMediator::onRender@30 (line 675)
                      ; - org.jetbrains.skiko.swing.SkiaSwingLayer$renderDelegateWithClipping$1::onRender@78 (line 53)
                      ; - org.jetbrains.skiko.swing.Direct3DSwingRedrawer::onRender$lambda$1@201 (line 83)
                      ; - org.jetbrains.skiko.swing.Direct3DSwingRedrawer$$Lambda/0x0000018445f586c0::invoke@24
                      ; - org.jetbrains.skiko.ResourceUtilsKt::autoCloseScope@29 (line 34)
  0x000001842d430ae8: 94e2 eefc 

  0x000001842d430aec: ;   {other}
  0x000001842d430aec: 0f1f 8400 | 5c3e 003c | 4c8b d0e9 | 26f5 ffff | 448b 5d14 | 4585 db0f | 8425 e9ff | ff4d 8b57 
  0x000001842d430b0c: 2849 8bcb | 4d85 d20f | 8448 2100 | 004d 8b5f | 384b 894c | 13f8 4983 | c2f8 4d89 | 5728 e9ff 
  0x000001842d430b2c: e8ff ff4c | 8b54 2448 | 458b 5a14 | 4585 db0f | 8491 eaff | ff4d 8b57 | 2849 8bcb | 4d85 d20f 
  0x000001842d430b4c: 842d 2100 | 004d 8b5f | 384b 894c | 13f8 4983 | c2f8 4d89 | 5728 e96b | eaff ff48 | 8954 2428 
  0x000001842d430b6c: 4c89 5424 

  0x000001842d430b70: ;   {metadata('java/util/ArrayList')}
  0x000001842d430b70: 2048 ba58 | 0210 4084 

  0x000001842d430b78: ;   {runtime_call _new_instance_Java}
  0x000001842d430b78: 0100 00e8 

  0x000001842d430b7c: ; ImmutableOopMap {[32]=Oop [40]=Oop }
                      ;*new {reexecute=0 rethrow=0 return_oop=1}
                      ; - org.jetbrains.skiko.ResourceUtilsKt::autoCloseScope@6 (line 26)
  0x000001842d430b7c: 0066 fbfc 

  0x000001842d430b80: ;   {other}
  0x000001842d430b80: 0f1f 8400 | f03e 003d | 4c8b 5424 | 2048 8b54 | 2428 e977 | caff ff44 | 8954 245c 

  0x000001842d430b9c: ;   {metadata('org/jetbrains/skia/BackendRenderTarget')}
  0x000001842d430b9c: 48ba a88d | f545 8401 

  0x000001842d430ba4: ;   {runtime_call _new_instance_Java}
  0x000001842d430ba4: 0000 90e8 

  0x000001842d430ba8: ; ImmutableOopMap {[32]=Oop [48]=Oop [64]=NarrowOop [72]=Oop [92]=NarrowOop }
                      ;*new {reexecute=0 rethrow=0 return_oop=1}
                      ; - org.jetbrains.skiko.swing.Direct3DSwingRedrawer::makeRenderTarget@0 (line 95)
                      ; - org.jetbrains.skiko.swing.Direct3DSwingRedrawer::onRender$lambda$1@75 (line 70)
                      ; - org.jetbrains.skiko.swing.Direct3DSwingRedrawer$$Lambda/0x0000018445f586c0::invoke@24
                      ; - org.jetbrains.skiko.ResourceUtilsKt::autoCloseScope@29 (line 34)
  0x000001842d430ba8: d465 fbfc 

  0x000001842d430bac: ;   {other}
  0x000001842d430bac: 0f1f 8400 | 1c3f 003e | e955 cbff 

  0x000001842d430bb8: ;   {metadata({type array int})}
  0x000001842d430bb8: ff48 baf0 | 2900 4084 | 0100 0041 | b802 0000 

  0x000001842d430bc8: ;   {runtime_call _new_array_Java}
  0x000001842d430bc8: 0066 90e8 

  0x000001842d430bcc: ; ImmutableOopMap {rbp=Oop [32]=Oop [44]=NarrowOop [48]=Oop [56]=NarrowOop [60]=NarrowOop [64]=NarrowOop [72]=Oop [92]=NarrowOop [96]=Oop }
                      ;*newarray {reexecute=0 rethrow=0 return_oop=1}
                      ; - org.jetbrains.skia.SurfaceProps::packToIntArray$skiko@1 (line 48)
                      ; - org.jetbrains.skia.Surface$Companion::makeFromBackendRenderTarget@85 (line 287)
                      ; - org.jetbrains.skiko.swing.Direct3DSwingRedrawer::onRender$lambda$1@125 (line 72)
                      ; - org.jetbrains.skiko.swing.Direct3DSwingRedrawer$$Lambda/0x0000018445f586c0::invoke@24
                      ; - org.jetbrains.skiko.ResourceUtilsKt::autoCloseScope@29 (line 34)
  0x000001842d430bcc: b068 fbfc 

  0x000001842d430bd0: ;   {other}
  0x000001842d430bd0: 0f1f 8400 | 403f 003f | 488b c8e9 | efcc ffff 

  0x000001842d430be0: ;   {metadata('org/jetbrains/skia/Surface')}
  0x000001842d430be0: 48ba c096 | f545 8401 

  0x000001842d430be8: ;   {runtime_call _new_instance_Java}
  0x000001842d430be8: 0000 90e8 

  0x000001842d430bec: ; ImmutableOopMap {rbp=Oop [32]=Oop [44]=NarrowOop [48]=Oop [56]=NarrowOop [60]=NarrowOop [64]=NarrowOop [72]=Oop [92]=NarrowOop [96]=Oop }
                      ;*new {reexecute=0 rethrow=0 return_oop=1}
                      ; - org.jetbrains.skia.Surface$Companion::makeFromBackendRenderTarget@119 (line 293)
                      ; - org.jetbrains.skiko.swing.Direct3DSwingRedrawer::onRender$lambda$1@125 (line 72)
                      ; - org.jetbrains.skiko.swing.Direct3DSwingRedrawer$$Lambda/0x0000018445f586c0::invoke@24
                      ; - org.jetbrains.skiko.ResourceUtilsKt::autoCloseScope@29 (line 34)
  0x000001842d430bec: 9065 fbfc 

  0x000001842d430bf0: ;   {other}
  0x000001842d430bf0: 0f1f 8400 | 603f 0040 | e949 cdff 

  0x000001842d430bfc: ;   {metadata('org/jetbrains/skia/Canvas')}
  0x000001842d430bfc: ff48 bab0 | 86d8 4584 | 0100 0048 | 8b6c 2448 

  0x000001842d430c0c: ;   {runtime_call _new_instance_Java}
  0x000001842d430c0c: 6666 90e8 

  0x000001842d430c10: ; ImmutableOopMap {rbp=Oop [32]=Oop [44]=NarrowOop [48]=Oop [56]=NarrowOop [64]=NarrowOop [72]=Oop [92]=NarrowOop [104]=Oop }
                      ;*new {reexecute=0 rethrow=0 return_oop=1}
                      ; - org.jetbrains.skia.Surface::getCanvas@34 (line 658)
                      ; - org.jetbrains.skiko.swing.Direct3DSwingRedrawer::onRender$lambda$1@180 (line 81)
                      ; - org.jetbrains.skiko.swing.Direct3DSwingRedrawer$$Lambda/0x0000018445f586c0::invoke@24
                      ; - org.jetbrains.skiko.ResourceUtilsKt::autoCloseScope@29 (line 34)
  0x000001842d430c10: 6c65 fbfc 

  0x000001842d430c14: ;   {other}
  0x000001842d430c14: 0f1f 8400 | 843f 0041 | e915 cfff 

  0x000001842d430c20: ;   {metadata('androidx/compose/ui/graphics/SkiaBackedCanvas')}
  0x000001842d430c20: ff48 ba18 | e3f5 4584 | 0100 0048 | 8b6c 2448 

  0x000001842d430c30: ;   {runtime_call _new_instance_Java}
  0x000001842d430c30: 6666 90e8 

  0x000001842d430c34: ; ImmutableOopMap {rbp=Oop [32]=Oop [48]=Oop [56]=NarrowOop [60]=NarrowOop [64]=NarrowOop [68]=NarrowOop [72]=Oop [88]=Oop [96]=Oop [104]=Oop [112]=Oop [120]=Oop [128]=Oop }
                      ;*new {reexecute=0 rethrow=0 return_oop=1}
                      ; - androidx.compose.ui.graphics.SkiaBackedCanvas_skikoKt::asComposeCanvas@6 (line 51)
                      ; - androidx.compose.ui.scene.ComposeSceneMediator::onRender$lambda$0$0@228 (line 677)
                      ; - androidx.compose.ui.scene.ComposeSceneMediator$$Lambda/0x0000018445f5de80::invoke@12
                      ; - androidx.compose.ui.viewinterop.SwingInteropContainer::postponingExecutingScheduledUpdates@84 (line 251)
                      ; - androidx.compose.ui.scene.ComposeSceneMediator::onRender@30 (line 675)
                      ; - org.jetbrains.skiko.swing.SkiaSwingLayer$renderDelegateWithClipping$1::onRender@78 (line 53)
                      ; - org.jetbrains.skiko.swing.Direct3DSwingRedrawer::onRender$lambda$1@201 (line 83)
                      ; - org.jetbrains.skiko.swing.Direct3DSwingRedrawer$$Lambda/0x0000018445f586c0::invoke@24
                      ; - org.jetbrains.skiko.ResourceUtilsKt::autoCloseScope@29 (line 34)
  0x000001842d430c34: 4865 fbfc 

  0x000001842d430c38: ;   {other}
  0x000001842d430c38: 0f1f 8400 | a83f 0042 | e989 d3ff 

  0x000001842d430c44: ;   {metadata('androidx/compose/runtime/BroadcastFrameClock$$Lambda+0x0000018442f76a60')}
  0x000001842d430c44: ff48 ba60 | 6af7 4284 

  0x000001842d430c4c: ;   {runtime_call _new_instance_Java}
  0x000001842d430c4c: 0100 00e8 

  0x000001842d430c50: ; ImmutableOopMap {rbp=NarrowOop [32]=Oop [48]=Oop [56]=NarrowOop [60]=NarrowOop [64]=NarrowOop [68]=NarrowOop [72]=Oop [88]=Oop [96]=Oop [104]=Oop [112]=Oop [120]=Oop [128]=Oop [136]=Oop [144]=NarrowOop }
                      ;*invokevirtual allocateInstance {reexecute=0 rethrow=0 return_oop=1}
                      ; - java.lang.invoke.DirectMethodHandle::allocateInstance@12 (line 501)
                      ; - java.lang.invoke.DirectMethodHandle$Holder::newInvokeSpecial@1
                      ; - java.lang.invoke.Invokers$Holder::linkToTargetMethod@5
                      ; - androidx.compose.runtime.BroadcastFrameClock::sendFrame@5 (line 71)
                      ; - androidx.compose.ui.scene.BaseComposeScene::render@131 (line 179)
                      ; - androidx.compose.ui.scene.ComposeSceneMediator::onRender$lambda$0$0@232 (line 677)
                      ; - androidx.compose.ui.scene.ComposeSceneMediator$$Lambda/0x0000018445f5de80::invoke@12
                      ; - androidx.compose.ui.viewinterop.SwingInteropContainer::postponingExecutingScheduledUpdates@84 (line 251)
                      ; - androidx.compose.ui.scene.ComposeSceneMediator::onRender@30 (line 675)
                      ; - org.jetbrains.skiko.swing.SkiaSwingLayer$renderDelegateWithClipping$1::onRender@78 (line 53)
                      ; - org.jetbrains.skiko.swing.Direct3DSwingRedrawer::onRender$lambda$1@201 (line 83)
                      ; - org.jetbrains.skiko.swing.Direct3DSwingRedrawer$$Lambda/0x0000018445f586c0::invoke@24
                      ; - org.jetbrains.skiko.ResourceUtilsKt::autoCloseScope@29 (line 34)
  0x000001842d430c50: 2c65 fbfc 

  0x000001842d430c54: ;   {other}
  0x000001842d430c54: 0f1f 8400 | c43f 0043 | 4c8b c0e9 | bcdb ffff | 4c8b 5424 | 2845 8b5a | 0c45 85db | 0f84 92eb 
  0x000001842d430c74: ffff 4d8b | 5728 498b | cb4d 85d2 | 0f84 6721 | 0000 4d8b | 5f38 4b89 | 4c13 f849 | 83c2 f84d 
  0x000001842d430c94: 8957 28e9 | 6ceb ffff | 4c8b 5424 | 2845 8b5a | 1045 85db | 0f84 0ceb | ffff 4d8b | 5728 498b 
  0x000001842d430cb4: cb4d 85d2 | 0f84 1221 | 0000 4d8b | 5f38 4b89 | 4c13 f849 | 83c2 f84d | 8957 28e9 | e6ea ffff 
  0x000001842d430cd4: 4d8b 5758 | 4d8b 5f48 | f083 4424 | c000 8039 | 000f 840c | ebff ff44 | 8821 4d85 | db75 1d49 
  0x000001842d430cf4: 8bd7 49ba | 0041 b64d | fa7f 0000 

  0x000001842d430d00: ;   {other}
  0x000001842d430d00: 41ff d20f | 1f84 0000 | 0000 00e9 | e7ea ffff | 4b89 4c1a | f849 83c3 | f84d 895f | 48e9 d5ea 
  0x000001842d430d20: ;   {metadata('java/lang/Long')}
  0x000001842d430d20: ffff 48ba | 60f7 0340 | 8401 0000 

  0x000001842d430d2c: ;   {runtime_call _new_instance_Java}
  0x000001842d430d2c: 6666 90e8 

  0x000001842d430d30: ; ImmutableOopMap {[48]=Oop [56]=NarrowOop [60]=NarrowOop [64]=NarrowOop [68]=NarrowOop [72]=Oop [88]=Oop [96]=Oop [104]=Oop [112]=Oop [120]=Oop [128]=Oop [136]=Oop [144]=NarrowOop }
                      ;*new {reexecute=0 rethrow=0 return_oop=1}
                      ; - java.lang.Long::valueOf@31 (line 1207)
                      ; - androidx.compose.ui.scene.BaseComposeScene::render@103 (line 368)
                      ; - androidx.compose.ui.scene.ComposeSceneMediator::onRender$lambda$0$0@232 (line 677)
                      ; - androidx.compose.ui.scene.ComposeSceneMediator$$Lambda/0x0000018445f5de80::invoke@12
                      ; - androidx.compose.ui.viewinterop.SwingInteropContainer::postponingExecutingScheduledUpdates@84 (line 251)
                      ; - androidx.compose.ui.scene.ComposeSceneMediator::onRender@30 (line 675)
                      ; - org.jetbrains.skiko.swing.SkiaSwingLayer$renderDelegateWithClipping$1::onRender@78 (line 53)
                      ; - org.jetbrains.skiko.swing.Direct3DSwingRedrawer::onRender$lambda$1@201 (line 83)
                      ; - org.jetbrains.skiko.swing.Direct3DSwingRedrawer$$Lambda/0x0000018445f586c0::invoke@24
                      ; - org.jetbrains.skiko.ResourceUtilsKt::autoCloseScope@29 (line 34)
  0x000001842d430d30: 4c64 fbfc 

  0x000001842d430d34: ;   {other}
  0x000001842d430d34: 0f1f 8400 | a440 0044 | 488b d8e9 | 9ed4 ffff | 448b 5424 | 2c45 8b5a | 2845 85db | 0f84 6eeb 
  0x000001842d430d54: ffff 4d8b | 5728 498b | cb4d 85d2 | 0f84 2b21 | 0000 4d8b | 5f38 4b89 | 4c13 f849 | 83c2 f84d 
  0x000001842d430d74: 8957 28e9 | 48eb ffff | 448b 5c24 | 2c45 8b5b | 1845 85db | 0f84 85eb | ffff 4d8b | 5728 498b 
  0x000001842d430d94: cb4d 85d2 | 0f84 d620 | 0000 4d8b | 5f38 4b89 | 4c13 f849 | 83c2 f84d | 8957 28e9 | 5feb ffff 
  0x000001842d430db4: 448b 5424 | 2845 8b5a | 1845 85db | 0f84 54ed | ffff 4d8b | 5728 498b | cb4d 85d2 | 0f84 d820 
  0x000001842d430dd4: 0000 4d8b | 5f38 4b89 | 4c13 f849 | 83c2 f84d | 8957 28e9 | 2eed ffff | 448b 5c24 | 2845 8b5b 
  0x000001842d430df4: 2845 85db | 0f84 d0ec | ffff 4d8b | 5728 498b | cb4d 85d2 | 0f84 bd20 | 0000 4d8b | 5f38 4b89 
  0x000001842d430e14: 4c13 f849 | 83c2 f84d | 8957 28e9 | aaec ffff | 4d8b 5748 | 4d8b 5f58 | f083 4424 

  0x000001842d430e30: ;   {no_reloc}
  0x000001842d430e30: c000 8039 | 000f 84cd | eaff ff44 | 8821 4d85 | d275 1d49 | 8bd7 49ba | 0041 b64d | fa7f 0000 
  0x000001842d430e50: ;   {other}
  0x000001842d430e50: 41ff d20f | 1f84 0000 | 0000 00e9 | a8ea ffff | 4b89 4c13 | f849 83c2 | f84d 8957 | 48e9 96ea 
  0x000001842d430e70: ffff 4d8b | 5748 4d8b | 5f58 f083 | 4424 c000 | 8039 000f | 8486 ecff | ff44 8821 | 4d85 d275 
  0x000001842d430e90: 1d49 8bd7 | 49ba 0041 | b64d fa7f | 0000 41ff 

  0x000001842d430ea0: ;   {other}
  0x000001842d430ea0: d20f 1f84 | 0000 0000 | 00e9 61ec | ffff 4b89 | 4c13 f849 | 83c2 f84d | 8957 48e9 | 4fec ffff 
  0x000001842d430ec0: 4d8b 5748 | 4d8b 5f58 | f083 4424 | c000 8039 | 000f 847a | eaff ff44 | 8821 4d85 | d275 1d49 
  0x000001842d430ee0: 8bd7 49ba | 0041 b64d | fa7f 0000 

  0x000001842d430eec: ;   {other}
  0x000001842d430eec: 41ff d20f | 1f84 0000 | 0000 00e9 | 55ea ffff | 4b89 4c13 | f849 83c2 | f84d 8957 | 48e9 43ea 
  0x000001842d430f0c: ffff 4d8b | 5748 4d8b | 5f58 f083 | 4424 c000 | 8039 000f | 8433 ecff | ff44 8821 | 4d85 d275 
  0x000001842d430f2c: 1d49 8bd7 | 49ba 0041 | b64d fa7f | 0000 41ff 

  0x000001842d430f3c: ;   {other}
  0x000001842d430f3c: d20f 1f84 | 0000 0000 | 00e9 0eec | ffff 4b89 | 4c13 f849 | 83c2 f84d | 8957 48e9 | fceb ffff 
  0x000001842d430f5c: ;   {metadata('java/lang/Object'[])}
  0x000001842d430f5c: 48ba 7813 | 0040 8401 

  0x000001842d430f64: ;   {runtime_call _new_array_Java}
  0x000001842d430f64: 0000 90e8 

  0x000001842d430f68: ; ImmutableOopMap {rbp=Oop [32]=Oop [48]=Oop [64]=NarrowOop [72]=Oop [92]=NarrowOop [96]=Oop }
                      ;*anewarray {reexecute=0 rethrow=0 return_oop=1}
                      ; - java.util.ArrayList::grow@52 (line 239)
                      ; - java.util.ArrayList::grow@7 (line 244)
                      ; - java.util.ArrayList::add@7 (line 483)
                      ; - java.util.ArrayList::add@20 (line 496)
                      ; - org.jetbrains.skiko.ResourceUtilsKt$autoCloseScope$scope$1::autoClose@11 (line 29)
                      ; - org.jetbrains.skiko.swing.Direct3DSwingRedrawer::onRender$lambda$1@81 (line 70)
                      ; - org.jetbrains.skiko.swing.Direct3DSwingRedrawer$$Lambda/0x0000018445f586c0::invoke@24
                      ; - org.jetbrains.skiko.ResourceUtilsKt::autoCloseScope@29 (line 34)
  0x000001842d430f68: 1465 fbfc 

  0x000001842d430f6c: ;   {other}
  0x000001842d430f6c: 0f1f 8400 | dc42 0045 | 488b d8e9 | a7e4 ffff 

  0x000001842d430f7c: ;   {metadata('java/lang/Object'[])}
  0x000001842d430f7c: 48ba 7813 | 0040 8401 | 0000 458b | c148 8b6c 

  0x000001842d430f8c: ;   {runtime_call _new_array_Java}
  0x000001842d430f8c: 2448 90e8 

  0x000001842d430f90: ; ImmutableOopMap {rbp=Oop [32]=Oop [48]=Oop [56]=NarrowOop [64]=NarrowOop [72]=Oop [92]=NarrowOop [104]=Oop }
                      ;*anewarray {reexecute=0 rethrow=0 return_oop=1}
                      ; - java.util.ArrayList::grow@52 (line 239)
                      ; - java.util.ArrayList::grow@7 (line 244)
                      ; - java.util.ArrayList::add@7 (line 483)
                      ; - java.util.ArrayList::add@20 (line 496)
                      ; - org.jetbrains.skiko.ResourceUtilsKt$autoCloseScope$scope$1::autoClose@11 (line 29)
                      ; - org.jetbrains.skiko.swing.Direct3DSwingRedrawer::onRender$lambda$1@142 (line 79)
                      ; - org.jetbrains.skiko.swing.Direct3DSwingRedrawer$$Lambda/0x0000018445f586c0::invoke@24
                      ; - org.jetbrains.skiko.ResourceUtilsKt::autoCloseScope@29 (line 34)
  0x000001842d430f90: ec64 fbfc 

  0x000001842d430f94: ;   {other}
  0x000001842d430f94: 0f1f 8400 | 0443 0046 | 488b d8e9 | 23e6 ffff | 448b 5514 | 4585 d20f | 84d5 f4ff | ff4d 8b5f 
  0x000001842d430fb4: 2849 8bca | 4d85 db0f | 8483 2100 | 004d 8b57 | 384b 894c | 1af8 4983 | c3f8 4d89 | 5f28 e9af 
  0x000001842d430fd4: f4ff ff44 | 8b55 1445 | 85d2 0f84 | 4af5 ffff | 4d8b 5f28 | 498b ca4d | 85db 0f84 | 6d21 0000 
  0x000001842d430ff4: 4d8b 5738 | 4b89 4c1a | f849 83c3 | f84d 895f | 28e9 24f5 | ffff 4d8b | 5758 4d8b | 5f48 f083 
  0x000001842d431014: 4424 c000 | 8039 000f | 849d f4ff | ff44 8821 | 4d85 db75 | 1d49 8bd7 | 49ba 0041 | b64d fa7f 
  0x000001842d431034: 0000 41ff 

  0x000001842d431038: ;   {other}
  0x000001842d431038: d20f 1f84 | 0000 0000 | 00e9 78f4 | ffff 4b89 | 4c1a f849 | 83c3 f84d | 895f 48e9 | 66f4 ffff 
  0x000001842d431058: 4d8b 5758 | 4d8b 5f48 | f083 4424 | c000 8039 | 000f 84f7 | f4ff ff44 | 8821 4d85 | db75 1d49 
  0x000001842d431078: 8bd7 49ba | 0041 b64d | fa7f 0000 

  0x000001842d431084: ;   {other}
  0x000001842d431084: 41ff d20f | 1f84 0000 | 0000 00e9 | d2f4 ffff | 4b89 4c1a | f849 83c3 | f84d 895f | 48e9 c0f4 
  0x000001842d4310a4: ffff 4489 | 9c24 c800 

  0x000001842d4310ac: ;   {metadata('java/util/AbstractList$Itr')}
  0x000001842d4310ac: 0000 48ba | e8c6 0242 | 8401 0000 

  0x000001842d4310b8: ;   {runtime_call _new_instance_Java}
  0x000001842d4310b8: 6666 90e8 

  0x000001842d4310bc: ; ImmutableOopMap {rbp=NarrowOop [32]=Oop [44]=NarrowOop [48]=Oop [56]=NarrowOop [60]=NarrowOop [64]=NarrowOop [68]=NarrowOop [72]=Oop [88]=Oop [96]=Oop [104]=Oop [112]=Oop [120]=Oop [128]=Oop [136]=Oop [144]=NarrowOop [148]=NarrowOop [152]=Oop [160]=Oop [168]=Oop }
                      ;*new {reexecute=0 rethrow=0 return_oop=1}
                      ; - java.util.AbstractList::iterator@0 (line 301)
                      ; - androidx.compose.ui.platform.FlushCoroutineDispatcher::flush$lambda$0@86 (line 146)
                      ; - androidx.compose.ui.platform.FlushCoroutineDispatcher$$Lambda/0x0000018445e01738::invoke@4
                      ; - androidx.compose.ui.platform.FlushCoroutineDispatcher::performRun@24 (line 105)
                      ; - androidx.compose.ui.platform.FlushCoroutineDispatcher::flush@7 (line 83)
                      ; - androidx.compose.ui.scene.ComposeSceneRecomposer::performScheduledEffects@11 (line 91)
                      ; - androidx.compose.ui.scene.BaseComposeScene::render@116 (line 176)
                      ; - androidx.compose.ui.scene.ComposeSceneMediator::onRender$lambda$0$0@232 (line 677)
                      ; - androidx.compose.ui.scene.ComposeSceneMediator$$Lambda/0x0000018445f5de80::invoke@12
                      ; - androidx.compose.ui.viewinterop.SwingInteropContainer::postponingExecutingScheduledUpdates@84 (line 251)
                      ; - androidx.compose.ui.scene.ComposeSceneMediator::onRender@30 (line 675)
                      ; - org.jetbrains.skiko.swing.SkiaSwingLayer$renderDelegateWithClipping$1::onRender@78 (line 53)
                      ; - org.jetbrains.skiko.swing.Direct3DSwingRedrawer::onRender$lambda$1@201 (line 83)
                      ; - org.jetbrains.skiko.swing.Direct3DSwingRedrawer$$Lambda/0x0000018445f586c0::invoke@24
                      ; - org.jetbrains.skiko.ResourceUtilsKt::autoCloseScope@29 (line 34)
  0x000001842d4310bc: c060 fbfc 

  0x000001842d4310c0: ;   {other}
  0x000001842d4310c0: 0f1f 8400 | 3044 0047 | 4c8b d044 | 8b9c 24c8 | 0000 00e9 | 75e9 ffff | 4489 9c24 | 9400 0000 
  0x000001842d4310e0: ;   {metadata('java/util/AbstractList$Itr')}
  0x000001842d4310e0: 48ba e8c6 | 0242 8401 

  0x000001842d4310e8: ;   {runtime_call _new_instance_Java}
  0x000001842d4310e8: 0000 90e8 

  0x000001842d4310ec: ; ImmutableOopMap {rbp=NarrowOop [32]=Oop [40]=NarrowOop [44]=NarrowOop [48]=Oop [56]=NarrowOop [60]=NarrowOop [64]=NarrowOop [68]=NarrowOop [72]=Oop [88]=Oop [96]=Oop [104]=Oop [112]=Oop [120]=Oop [128]=Oop [136]=Oop [144]=NarrowOop [152]=Oop [160]=Oop [168]=Oop }
                      ;*new {reexecute=0 rethrow=0 return_oop=1}
                      ; - java.util.AbstractList::iterator@0 (line 301)
                      ; - androidx.compose.ui.platform.FlushCoroutineDispatcher::flush$lambda$0@86 (line 146)
                      ; - androidx.compose.ui.platform.FlushCoroutineDispatcher$$Lambda/0x0000018445e01738::invoke@4
                      ; - androidx.compose.ui.platform.FlushCoroutineDispatcher::performRun@24 (line 105)
                      ; - androidx.compose.ui.platform.FlushCoroutineDispatcher::flush@7 (line 83)
                      ; - androidx.compose.ui.scene.ComposeSceneRecomposer::performScheduledRecomposerTasks@11 (line 84)
                      ; - androidx.compose.ui.scene.BaseComposeScene::render@123 (line 178)
                      ; - androidx.compose.ui.scene.ComposeSceneMediator::onRender$lambda$0$0@232 (line 677)
                      ; - androidx.compose.ui.scene.ComposeSceneMediator$$Lambda/0x0000018445f5de80::invoke@12
                      ; - androidx.compose.ui.viewinterop.SwingInteropContainer::postponingExecutingScheduledUpdates@84 (line 251)
                      ; - androidx.compose.ui.scene.ComposeSceneMediator::onRender@30 (line 675)
                      ; - org.jetbrains.skiko.swing.SkiaSwingLayer$renderDelegateWithClipping$1::onRender@78 (line 53)
                      ; - org.jetbrains.skiko.swing.Direct3DSwingRedrawer::onRender$lambda$1@201 (line 83)
                      ; - org.jetbrains.skiko.swing.Direct3DSwingRedrawer$$Lambda/0x0000018445f586c0::invoke@24
                      ; - org.jetbrains.skiko.ResourceUtilsKt::autoCloseScope@29 (line 34)
  0x000001842d4310ec: 9060 fbfc 

  0x000001842d4310f0: ;   {other}
  0x000001842d4310f0: 0f1f 8400 | 6044 0048 | 4c8b d044 | 8b9c 2494 | 0000 00e9 | 4ceb ffff 

  0x000001842d431108: ;   {metadata('androidx/compose/ui/scene/BaseComposeScene$render$1$1')}
  0x000001842d431108: 48ba 60a1 | f845 8401 | 0000 488b 

  0x000001842d431114: ;   {runtime_call _new_instance_Java}
  0x000001842d431114: 6c24 48e8 

  0x000001842d431118: ; ImmutableOopMap {rbp=Oop [32]=Oop [40]=NarrowOop [48]=Oop [56]=NarrowOop [60]=NarrowOop [64]=NarrowOop [68]=NarrowOop [72]=Oop [88]=Oop [96]=Oop [104]=Oop [112]=Oop [120]=Oop [128]=Oop [136]=Oop [144]=NarrowOop }
                      ;*new {reexecute=0 rethrow=0 return_oop=1}
                      ; - androidx.compose.ui.scene.BaseComposeScene::render@152 (line 185)
                      ; - androidx.compose.ui.scene.ComposeSceneMediator::onRender$lambda$0$0@232 (line 677)
                      ; - androidx.compose.ui.scene.ComposeSceneMediator$$Lambda/0x0000018445f5de80::invoke@12
                      ; - androidx.compose.ui.viewinterop.SwingInteropContainer::postponingExecutingScheduledUpdates@84 (line 251)
                      ; - androidx.compose.ui.scene.ComposeSceneMediator::onRender@30 (line 675)
                      ; - org.jetbrains.skiko.swing.SkiaSwingLayer$renderDelegateWithClipping$1::onRender@78 (line 53)
                      ; - org.jetbrains.skiko.swing.Direct3DSwingRedrawer::onRender$lambda$1@201 (line 83)
                      ; - org.jetbrains.skiko.swing.Direct3DSwingRedrawer$$Lambda/0x0000018445f586c0::invoke@24
                      ; - org.jetbrains.skiko.ResourceUtilsKt::autoCloseScope@29 (line 34)
  0x000001842d431118: 6460 fbfc 

  0x000001842d43111c: ;   {other}
  0x000001842d43111c: 0f1f 8400 | 8c44 0049 | e90a f2ff 

  0x000001842d431128: ;   {metadata('androidx/compose/ui/scene/ComposeSceneRecomposer$$Lambda+0x0000018445f8a3b8')}
  0x000001842d431128: ff48 bab8 | a3f8 4584 

  0x000001842d431130: ;   {runtime_call _new_instance_Java}
  0x000001842d431130: 0100 00e8 

  0x000001842d431134: ; ImmutableOopMap {rbp=NarrowOop [32]=Oop [40]=Oop [48]=Oop [56]=NarrowOop [60]=NarrowOop [64]=NarrowOop [68]=NarrowOop [72]=Oop [80]=Oop [88]=Oop [96]=Oop [104]=Oop [112]=Oop [120]=Oop [128]=Oop [136]=Oop [144]=NarrowOop }
                      ;*invokevirtual allocateInstance {reexecute=0 rethrow=0 return_oop=1}
                      ; - java.lang.invoke.DirectMethodHandle::allocateInstance@12 (line 501)
                      ; - java.lang.invoke.DirectMethodHandle$Holder::newInvokeSpecial@1
                      ; - java.lang.invoke.Invokers$Holder::linkToTargetMethod@5
                      ; - androidx.compose.ui.scene.ComposeSceneRecomposer::scheduleAsEffect@18 (line 98)
                      ; - androidx.compose.ui.scene.BaseComposeScene::render@163 (line 185)
                      ; - androidx.compose.ui.scene.ComposeSceneMediator::onRender$lambda$0$0@232 (line 677)
                      ; - androidx.compose.ui.scene.ComposeSceneMediator$$Lambda/0x0000018445f5de80::invoke@12
                      ; - androidx.compose.ui.viewinterop.SwingInteropContainer::postponingExecutingScheduledUpdates@84 (line 251)
                      ; - androidx.compose.ui.scene.ComposeSceneMediator::onRender@30 (line 675)
                      ; - org.jetbrains.skiko.swing.SkiaSwingLayer$renderDelegateWithClipping$1::onRender@78 (line 53)
                      ; - org.jetbrains.skiko.swing.Direct3DSwingRedrawer::onRender$lambda$1@201 (line 83)
                      ; - org.jetbrains.skiko.swing.Direct3DSwingRedrawer$$Lambda/0x0000018445f586c0::invoke@24
                      ; - org.jetbrains.skiko.ResourceUtilsKt::autoCloseScope@29 (line 34)
  0x000001842d431134: 4860 fbfc 

  0x000001842d431138: ;   {other}
  0x000001842d431138: 0f1f 8400 | a844 004a | 4c8b d8e9 | aff2 ffff | baf6 ffff | ff48 8b6c | 2448 458b | d344 8954 
  0x000001842d431158: 2424 448b | 5424 3844 | 8954 2428 | 448b 5c24 | 4044 895c | 242c 4c8b | 5424 604c | 8954 2430 
  0x000001842d431178: 48ff 7424 | 5848 8f44 | 2448 448b | 5424 3c44 | 8954 2438 | 448b 5c24 | 4444 895c | 243c 4c8b 
  0x000001842d431198: 5424 684c | 8954 2440 | 4c8b 5424 | 784c 8954 | 2458 448b | 9c24 9400 | 0000 4489 

  0x000001842d4311b4: ;   {runtime_call UncommonTrapBlob}
  0x000001842d4311b4: 5c24 78e8 

  0x000001842d4311b8: ; ImmutableOopMap {rbp=Oop [36]=NarrowOop [40]=NarrowOop [44]=NarrowOop [48]=Oop [56]=NarrowOop [60]=NarrowOop [64]=Oop [72]=Oop [88]=Oop [120]=NarrowOop [136]=Oop [144]=NarrowOop [148]=NarrowOop }
                      ;*monitorenter {reexecute=0 rethrow=0 return_oop=0}
                      ; - androidx.compose.ui.platform.FlushCoroutineDispatcher::flush$lambda$0@11 (line 145)
                      ; - androidx.compose.ui.platform.FlushCoroutineDispatcher$$Lambda/0x0000018445e01738::invoke@4
                      ; - androidx.compose.ui.platform.FlushCoroutineDispatcher::performRun@24 (line 105)
                      ; - androidx.compose.ui.platform.FlushCoroutineDispatcher::flush@7 (line 83)
                      ; - androidx.compose.ui.scene.ComposeSceneRecomposer::performScheduledEffects@11 (line 91)
                      ; - androidx.compose.ui.scene.BaseComposeScene::render@116 (line 176)
                      ; - androidx.compose.ui.scene.ComposeSceneMediator::onRender$lambda$0$0@232 (line 677)
                      ; - androidx.compose.ui.scene.ComposeSceneMediator$$Lambda/0x0000018445f5de80::invoke@12
                      ; - androidx.compose.ui.viewinterop.SwingInteropContainer::postponingExecutingScheduledUpdates@84 (line 251)
                      ; - androidx.compose.ui.scene.ComposeSceneMediator::onRender@30 (line 675)
                      ; - org.jetbrains.skiko.swing.SkiaSwingLayer$renderDelegateWithClipping$1::onRender@78 (line 53)
                      ; - org.jetbrains.skiko.swing.Direct3DSwingRedrawer::onRender$lambda$1@201 (line 83)
                      ; - org.jetbrains.skiko.swing.Direct3DSwingRedrawer$$Lambda/0x0000018445f586c0::invoke@24
                      ; - org.jetbrains.skiko.ResourceUtilsKt::autoCloseScope@29 (line 34)
  0x000001842d4311b8: c431 effc 

  0x000001842d4311bc: ;   {other}
  0x000001842d4311bc: 0f1f 8400 | 2c45 004b | baf6 ffff | ff48 8b6c | 2448 448b | 5424 3844 | 8954 2420 | 448b 5c24 
  0x000001842d4311dc: 4044 895c | 2424 4c8b | 5424 604c | 8954 2430 | 48ff 7424 | 5848 8f44 | 2448 448b | 5424 3c44 
  0x000001842d4311fc: 8954 2438 | 448b 5c24 | 4444 895c | 243c 4c8b | 5424 684c | 8954 2440 | 4c8b 5424 | 784c 8954 
  0x000001842d43121c: ;   {runtime_call UncommonTrapBlob}
  0x000001842d43121c: 2458 90e8 

  0x000001842d431220: ; ImmutableOopMap {rbp=Oop [32]=NarrowOop [36]=NarrowOop [40]=NarrowOop [44]=NarrowOop [48]=Oop [56]=NarrowOop [60]=NarrowOop [64]=Oop [72]=Oop [88]=Oop [136]=Oop [144]=NarrowOop }
                      ;*monitorenter {reexecute=0 rethrow=0 return_oop=0}
                      ; - androidx.compose.ui.platform.FlushCoroutineDispatcher::flush$lambda$0@11 (line 145)
                      ; - androidx.compose.ui.platform.FlushCoroutineDispatcher$$Lambda/0x0000018445e01738::invoke@4
                      ; - androidx.compose.ui.platform.FlushCoroutineDispatcher::performRun@24 (line 105)
                      ; - androidx.compose.ui.platform.FlushCoroutineDispatcher::flush@7 (line 83)
                      ; - androidx.compose.ui.scene.ComposeSceneRecomposer::performScheduledRecomposerTasks@11 (line 84)
                      ; - androidx.compose.ui.scene.BaseComposeScene::render@123 (line 178)
                      ; - androidx.compose.ui.scene.ComposeSceneMediator::onRender$lambda$0$0@232 (line 677)
                      ; - androidx.compose.ui.scene.ComposeSceneMediator$$Lambda/0x0000018445f5de80::invoke@12
                      ; - androidx.compose.ui.viewinterop.SwingInteropContainer::postponingExecutingScheduledUpdates@84 (line 251)
                      ; - androidx.compose.ui.scene.ComposeSceneMediator::onRender@30 (line 675)
                      ; - org.jetbrains.skiko.swing.SkiaSwingLayer$renderDelegateWithClipping$1::onRender@78 (line 53)
                      ; - org.jetbrains.skiko.swing.Direct3DSwingRedrawer::onRender$lambda$1@201 (line 83)
                      ; - org.jetbrains.skiko.swing.Direct3DSwingRedrawer$$Lambda/0x0000018445f586c0::invoke@24
                      ; - org.jetbrains.skiko.ResourceUtilsKt::autoCloseScope@29 (line 34)
  0x000001842d431220: 5c31 effc 

  0x000001842d431224: ;   {other}
  0x000001842d431224: 0f1f 8400 | 9445 004c | 498b d34c | 8d84 24e8 

  0x000001842d431234: ;   {runtime_call _complete_monitor_locking_Java}
  0x000001842d431234: 0000 00e8 

  0x000001842d431238: ; ImmutableOopMap {rbp=NarrowOop [32]=Oop [44]=NarrowOop [48]=Oop [56]=NarrowOop [60]=NarrowOop [64]=NarrowOop [68]=NarrowOop [72]=Oop [88]=Oop [96]=Oop [104]=Oop [112]=Oop [120]=Oop [128]=Oop [136]=Oop [144]=NarrowOop [148]=NarrowOop [152]=Oop [160]=Oop [168]=Oop }
                      ;*monitorenter {reexecute=0 rethrow=0 return_oop=0}
                      ; - androidx.compose.ui.platform.FlushCoroutineDispatcher::flush$lambda$0@11 (line 145)
                      ; - androidx.compose.ui.platform.FlushCoroutineDispatcher$$Lambda/0x0000018445e01738::invoke@4
                      ; - androidx.compose.ui.platform.FlushCoroutineDispatcher::performRun@24 (line 105)
                      ; - androidx.compose.ui.platform.FlushCoroutineDispatcher::flush@7 (line 83)
                      ; - androidx.compose.ui.scene.ComposeSceneRecomposer::performScheduledEffects@11 (line 91)
                      ; - androidx.compose.ui.scene.BaseComposeScene::render@116 (line 176)
                      ; - androidx.compose.ui.scene.ComposeSceneMediator::onRender$lambda$0$0@232 (line 677)
                      ; - androidx.compose.ui.scene.ComposeSceneMediator$$Lambda/0x0000018445f5de80::invoke@12
                      ; - androidx.compose.ui.viewinterop.SwingInteropContainer::postponingExecutingScheduledUpdates@84 (line 251)
                      ; - androidx.compose.ui.scene.ComposeSceneMediator::onRender@30 (line 675)
                      ; - org.jetbrains.skiko.swing.SkiaSwingLayer$renderDelegateWithClipping$1::onRender@78 (line 53)
                      ; - org.jetbrains.skiko.swing.Direct3DSwingRedrawer::onRender$lambda$1@201 (line 83)
                      ; - org.jetbrains.skiko.swing.Direct3DSwingRedrawer$$Lambda/0x0000018445f586c0::invoke@24
                      ; - org.jetbrains.skiko.ResourceUtilsKt::autoCloseScope@29 (line 34)
  0x000001842d431238: c492 fbfc 

  0x000001842d43123c: ;   {other}
  0x000001842d43123c: 0f1f 8400 | ac45 004d | e966 d1ff | ff49 8bd3 | 4c8d 8424 | e800 0000 

  0x000001842d431254: ;   {runtime_call _complete_monitor_locking_Java}
  0x000001842d431254: 6666 90e8 

  0x000001842d431258: ; ImmutableOopMap {rbp=NarrowOop [32]=Oop [40]=NarrowOop [44]=NarrowOop [48]=Oop [56]=NarrowOop [60]=NarrowOop [64]=NarrowOop [68]=NarrowOop [72]=Oop [88]=Oop [96]=Oop [104]=Oop [112]=Oop [120]=Oop [128]=Oop [136]=Oop [144]=NarrowOop [152]=Oop [160]=Oop [168]=Oop }
                      ;*monitorenter {reexecute=0 rethrow=0 return_oop=0}
                      ; - androidx.compose.ui.platform.FlushCoroutineDispatcher::flush$lambda$0@11 (line 145)
                      ; - androidx.compose.ui.platform.FlushCoroutineDispatcher$$Lambda/0x0000018445e01738::invoke@4
                      ; - androidx.compose.ui.platform.FlushCoroutineDispatcher::performRun@24 (line 105)
                      ; - androidx.compose.ui.platform.FlushCoroutineDispatcher::flush@7 (line 83)
                      ; - androidx.compose.ui.scene.ComposeSceneRecomposer::performScheduledRecomposerTasks@11 (line 84)
                      ; - androidx.compose.ui.scene.BaseComposeScene::render@123 (line 178)
                      ; - androidx.compose.ui.scene.ComposeSceneMediator::onRender$lambda$0$0@232 (line 677)
                      ; - androidx.compose.ui.scene.ComposeSceneMediator$$Lambda/0x0000018445f5de80::invoke@12
                      ; - androidx.compose.ui.viewinterop.SwingInteropContainer::postponingExecutingScheduledUpdates@84 (line 251)
                      ; - androidx.compose.ui.scene.ComposeSceneMediator::onRender@30 (line 675)
                      ; - org.jetbrains.skiko.swing.SkiaSwingLayer$renderDelegateWithClipping$1::onRender@78 (line 53)
                      ; - org.jetbrains.skiko.swing.Direct3DSwingRedrawer::onRender$lambda$1@201 (line 83)
                      ; - org.jetbrains.skiko.swing.Direct3DSwingRedrawer$$Lambda/0x0000018445f586c0::invoke@24
                      ; - org.jetbrains.skiko.ResourceUtilsKt::autoCloseScope@29 (line 34)
  0x000001842d431258: a492 fbfc 

  0x000001842d43125c: ;   {other}
  0x000001842d43125c: 0f1f 8400 | cc45 004e | e902 d4ff | ffba e4ff | ffff 488b | 6c24 4844 | 8b54 2444 | 4489 5424 
  0x000001842d43127c: 3044 8b5c | 245c 4489 | 5c24 3444 | 8b54 2458 | 4489 5424 | 384c 8b54 | 2450 4c89 | 5424 4844 
  0x000001842d43129c: 8b54 2440 | 4489 5424 | 3c44 8b5c | 2468 4889 | 5c24 5844 | 895c 2454 

  0x000001842d4312b4: ;   {runtime_call UncommonTrapBlob}
  0x000001842d4312b4: 6666 90e8 

  0x000001842d4312b8: ; ImmutableOopMap {rbp=Oop [52]=NarrowOop [60]=NarrowOop [88]=Oop [96]=Oop }
                      ;*aastore {reexecute=1 rethrow=0 return_oop=0}
                      ; - (reexecute) java.util.ArrayList::add@14 (line 484)
                      ; - java.util.ArrayList::add@20 (line 496)
                      ; - org.jetbrains.skiko.ResourceUtilsKt$autoCloseScope$scope$1::autoClose@11 (line 29)
                      ; - org.jetbrains.skiko.swing.Direct3DSwingRedrawer::onRender$lambda$1@81 (line 70)
                      ; - org.jetbrains.skiko.swing.Direct3DSwingRedrawer$$Lambda/0x0000018445f586c0::invoke@24
                      ; - org.jetbrains.skiko.ResourceUtilsKt::autoCloseScope@29 (line 34)
  0x000001842d4312b8: c430 effc 

  0x000001842d4312bc: ;   {other}
  0x000001842d4312bc: 0f1f 8400 | 2c46 004f | bae4 ffff | ff48 8b6c | 2448 448b | 5c24 4444 | 895c 2428 | 448b 5424 
  0x000001842d4312dc: 5c44 8954 | 242c 448b | 5c24 5844 | 895c 2430 | 4c8b 5424 | 504c 8954 | 2448 448b | 5424 4044 
  0x000001842d4312fc: 8954 2434 | 4c8b 5424 | 684c 8954 | 2440 4889 

  0x000001842d43130c: ;   {runtime_call UncommonTrapBlob}
  0x000001842d43130c: 5c24 50e8 

  0x000001842d431310: ; ImmutableOopMap {rbp=Oop [44]=NarrowOop [52]=NarrowOop [64]=Oop [80]=Oop }
                      ;*aastore {reexecute=1 rethrow=0 return_oop=0}
                      ; - (reexecute) java.util.ArrayList::add@14 (line 484)
                      ; - java.util.ArrayList::add@20 (line 496)
                      ; - org.jetbrains.skiko.ResourceUtilsKt$autoCloseScope$scope$1::autoClose@11 (line 29)
                      ; - org.jetbrains.skiko.swing.Direct3DSwingRedrawer::onRender$lambda$1@142 (line 79)
                      ; - org.jetbrains.skiko.swing.Direct3DSwingRedrawer$$Lambda/0x0000018445f586c0::invoke@24
                      ; - org.jetbrains.skiko.ResourceUtilsKt::autoCloseScope@29 (line 34)
  0x000001842d431310: 6c30 effc 

  0x000001842d431314: ;   {other}
  0x000001842d431314: 0f1f 8400 | 8446 0050 | baf6 ffff | ff48 8b6c 

  0x000001842d431324: ;   {runtime_call UncommonTrapBlob}
  0x000001842d431324: 2448 90e8 

  0x000001842d431328: ; ImmutableOopMap {rbp=Oop }
                      ;*invokevirtual getClipComponents {reexecute=0 rethrow=0 return_oop=0}
                      ; - org.jetbrains.skiko.swing.SkiaSwingLayer$renderDelegateWithClipping$1::onRender@26 (line 50)
                      ; - org.jetbrains.skiko.swing.Direct3DSwingRedrawer::onRender$lambda$1@201 (line 83)
                      ; - org.jetbrains.skiko.swing.Direct3DSwingRedrawer$$Lambda/0x0000018445f586c0::invoke@24
                      ; - org.jetbrains.skiko.ResourceUtilsKt::autoCloseScope@29 (line 34)
  0x000001842d431328: 5430 effc 

  0x000001842d43132c: ;   {other}
  0x000001842d43132c: 0f1f 8400 | 9c46 0051 | baf6 ffff | ff48 8b6c | 2448 4489 | 4c24 2044 | 8b5c 2440 | 4489 5c24 
  0x000001842d43134c: 2444 8b54 | 243c 4489 | 5424 3844 | 8b5c 2444 | 4489 5c24 | 3c4c 8944 | 2440 4c8b | 5424 504c 
  0x000001842d43136c: 8954 2448 

  0x000001842d431370: ;   {runtime_call UncommonTrapBlob}
  0x000001842d431370: 6666 90e8 

  0x000001842d431374: ; ImmutableOopMap {rbp=Oop [32]=NarrowOop [36]=NarrowOop [56]=NarrowOop [60]=NarrowOop [64]=Oop [88]=Oop [96]=Oop [104]=Oop }
                      ;*monitorenter {reexecute=0 rethrow=0 return_oop=0}
                      ; - androidx.compose.ui.viewinterop.SwingInteropContainer::postponingExecutingScheduledUpdates@22 (line 284)
                      ; - androidx.compose.ui.scene.ComposeSceneMediator::onRender@30 (line 675)
                      ; - org.jetbrains.skiko.swing.SkiaSwingLayer$renderDelegateWithClipping$1::onRender@78 (line 53)
                      ; - org.jetbrains.skiko.swing.Direct3DSwingRedrawer::onRender$lambda$1@201 (line 83)
                      ; - org.jetbrains.skiko.swing.Direct3DSwingRedrawer$$Lambda/0x0000018445f586c0::invoke@24
                      ; - org.jetbrains.skiko.ResourceUtilsKt::autoCloseScope@29 (line 34)
  0x000001842d431374: 0830 effc 

  0x000001842d431378: ;   {other}
  0x000001842d431378: 0f1f 8400 | e846 0052 | baf6 ffff | ff48 8b6c | 2448 448b | 5424 3844 | 8954 2420 | 448b 5c24 
  0x000001842d431398: 4044 895c | 2424 4c8b | 5424 604c | 8954 2428 | 4c8b 5424 | 584c 8954 | 2430 448b | 5424 3c44 
  0x000001842d4313b8: 8954 2438 | 448b 5c24 | 4444 895c | 243c 4c8b | 5424 784c | 8954 2448 

  0x000001842d4313d0: ;   {runtime_call UncommonTrapBlob}
  0x000001842d4313d0: 6666 90e8 

  0x000001842d4313d4: ; ImmutableOopMap {rbp=Oop [32]=NarrowOop [36]=NarrowOop [40]=Oop [48]=Oop [56]=NarrowOop [60]=NarrowOop [72]=Oop [104]=Oop [136]=Oop }
                      ;*invokevirtual sendAndPerformSnapshotChanges {reexecute=0 rethrow=0 return_oop=0}
                      ; - androidx.compose.ui.scene.BaseComposeScene::render@84 (line 365)
                      ; - androidx.compose.ui.scene.ComposeSceneMediator::onRender$lambda$0$0@232 (line 677)
                      ; - androidx.compose.ui.scene.ComposeSceneMediator$$Lambda/0x0000018445f5de80::invoke@12
                      ; - androidx.compose.ui.viewinterop.SwingInteropContainer::postponingExecutingScheduledUpdates@84 (line 251)
                      ; - androidx.compose.ui.scene.ComposeSceneMediator::onRender@30 (line 675)
                      ; - org.jetbrains.skiko.swing.SkiaSwingLayer$renderDelegateWithClipping$1::onRender@78 (line 53)
                      ; - org.jetbrains.skiko.swing.Direct3DSwingRedrawer::onRender$lambda$1@201 (line 83)
                      ; - org.jetbrains.skiko.swing.Direct3DSwingRedrawer$$Lambda/0x0000018445f586c0::invoke@24
                      ; - org.jetbrains.skiko.ResourceUtilsKt::autoCloseScope@29 (line 34)
  0x000001842d4313d4: a82f effc 

  0x000001842d4313d8: ;   {other}
  0x000001842d4313d8: 0f1f 8400 | 4847 0053 | baf6 ffff | ff48 8b6c | 2448 448b | 5424 3844 | 8954 2420 | 448b 5c24 
  0x000001842d4313f8: 4044 895c | 2424 4c8b | 5424 604c | 8954 2428 | 4c8b 5424 | 584c 8954 | 2430 448b | 5424 3c44 
  0x000001842d431418: 8954 2438 | 448b 5c24 | 4444 895c | 243c 4c8b | 5424 784c | 8954 2448 

  0x000001842d431430: ;   {runtime_call UncommonTrapBlob}
  0x000001842d431430: 6666 90e8 

  0x000001842d431434: ; ImmutableOopMap {rbp=Oop [32]=NarrowOop [36]=NarrowOop [40]=Oop [48]=Oop [56]=NarrowOop [60]=NarrowOop [72]=Oop [104]=Oop [136]=Oop }
                      ;*invokevirtual perform {reexecute=0 rethrow=0 return_oop=0}
                      ; - androidx.compose.ui.node.SnapshotInvalidationTracker::sendAndPerformSnapshotChanges@10 (line 84)
                      ; - androidx.compose.ui.scene.BaseComposeScene::render@84 (line 365)
                      ; - androidx.compose.ui.scene.ComposeSceneMediator::onRender$lambda$0$0@232 (line 677)
                      ; - androidx.compose.ui.scene.ComposeSceneMediator$$Lambda/0x0000018445f5de80::invoke@12
                      ; - androidx.compose.ui.viewinterop.SwingInteropContainer::postponingExecutingScheduledUpdates@84 (line 251)
                      ; - androidx.compose.ui.scene.ComposeSceneMediator::onRender@30 (line 675)
                      ; - org.jetbrains.skiko.swing.SkiaSwingLayer$renderDelegateWithClipping$1::onRender@78 (line 53)
                      ; - org.jetbrains.skiko.swing.Direct3DSwingRedrawer::onRender$lambda$1@201 (line 83)
                      ; - org.jetbrains.skiko.swing.Direct3DSwingRedrawer$$Lambda/0x0000018445f586c0::invoke@24
                      ; - org.jetbrains.skiko.ResourceUtilsKt::autoCloseScope@29 (line 34)
  0x000001842d431434: 482f effc 

  0x000001842d431438: ;   {other}
  0x000001842d431438: 0f1f 8400 | a847 0054 | baf6 ffff | ff48 8b6c | 2448 448b | 5424 3844 | 8954 2420 | 448b 5c24 
  0x000001842d431458: 4044 895c | 2424 4c8b | 5424 604c | 8954 2428 | 4c8b 5424 | 584c 8954 | 2430 448b | 5424 3c44 
  0x000001842d431478: 8954 2438 | 448b 5c24 | 4444 895c | 243c 4c8b | 5424 684c | 8954 2440 | 4c8b 5424 | 784c 8954 
  0x000001842d431498: 2448 4889 

  0x000001842d43149c: ;   {runtime_call UncommonTrapBlob}
  0x000001842d43149c: 5c24 70e8 

  0x000001842d4314a0: ; ImmutableOopMap {rbp=Oop [32]=NarrowOop [36]=NarrowOop [40]=Oop [48]=Oop [56]=NarrowOop [60]=NarrowOop [64]=Oop [72]=Oop [112]=Oop [136]=Oop [144]=NarrowOop }
                      ;*invokespecial setRenderingThreadId {reexecute=0 rethrow=0 return_oop=0}
                      ; - androidx.compose.ui.node.SnapshotInvalidationTracker::access$setRenderingThreadId@2 (line 32)
                      ; - androidx.compose.ui.scene.BaseComposeScene::render@106 (line 368)
                      ; - androidx.compose.ui.scene.ComposeSceneMediator::onRender$lambda$0$0@232 (line 677)
                      ; - androidx.compose.ui.scene.ComposeSceneMediator$$Lambda/0x0000018445f5de80::invoke@12
                      ; - androidx.compose.ui.viewinterop.SwingInteropContainer::postponingExecutingScheduledUpdates@84 (line 251)
                      ; - androidx.compose.ui.scene.ComposeSceneMediator::onRender@30 (line 675)
                      ; - org.jetbrains.skiko.swing.SkiaSwingLayer$renderDelegateWithClipping$1::onRender@78 (line 53)
                      ; - org.jetbrains.skiko.swing.Direct3DSwingRedrawer::onRender$lambda$1@201 (line 83)
                      ; - org.jetbrains.skiko.swing.Direct3DSwingRedrawer$$Lambda/0x0000018445f586c0::invoke@24
                      ; - org.jetbrains.skiko.ResourceUtilsKt::autoCloseScope@29 (line 34)
  0x000001842d4314a0: dc2e effc 

  0x000001842d4314a4: ;   {other}
  0x000001842d4314a4: 0f1f 8400 | 1448 0055 | baf6 ffff | ff48 8b6c | 2448 4489 | 5424 2444 | 8b54 2438 | 4489 5424 
  0x000001842d4314c4: 2844 8b5c | 2440 4489 | 5c24 2c4c | 8b54 2460 | 4c89 5424 | 3048 ff74 | 2458 488f | 4424 4844 
  0x000001842d4314e4: 8b54 243c | 4489 5424 | 3844 8b5c | 2444 4489 | 5c24 3c4c | 8b54 2468 | 4c89 5424 | 404c 8b54 
  0x000001842d431504: 2478 4c89 

  0x000001842d431508: ;   {runtime_call UncommonTrapBlob}
  0x000001842d431508: 5424 58e8 

  0x000001842d43150c: ; ImmutableOopMap {rbp=Oop [36]=NarrowOop [40]=NarrowOop [44]=NarrowOop [48]=Oop [56]=NarrowOop [60]=NarrowOop [64]=Oop [72]=Oop [88]=Oop [136]=Oop [144]=NarrowOop }
                      ;*monitorenter {reexecute=0 rethrow=0 return_oop=0}
                      ; - androidx.compose.ui.platform.FlushCoroutineDispatcher::performRun@12 (line 143)
                      ; - androidx.compose.ui.platform.FlushCoroutineDispatcher::flush@7 (line 83)
                      ; - androidx.compose.ui.scene.ComposeSceneRecomposer::performScheduledEffects@11 (line 91)
                      ; - androidx.compose.ui.scene.BaseComposeScene::render@116 (line 176)
                      ; - androidx.compose.ui.scene.ComposeSceneMediator::onRender$lambda$0$0@232 (line 677)
                      ; - androidx.compose.ui.scene.ComposeSceneMediator$$Lambda/0x0000018445f5de80::invoke@12
                      ; - androidx.compose.ui.viewinterop.SwingInteropContainer::postponingExecutingScheduledUpdates@84 (line 251)
                      ; - androidx.compose.ui.scene.ComposeSceneMediator::onRender@30 (line 675)
                      ; - org.jetbrains.skiko.swing.SkiaSwingLayer$renderDelegateWithClipping$1::onRender@78 (line 53)
                      ; - org.jetbrains.skiko.swing.Direct3DSwingRedrawer::onRender$lambda$1@201 (line 83)
                      ; - org.jetbrains.skiko.swing.Direct3DSwingRedrawer$$Lambda/0x0000018445f586c0::invoke@24
                      ; - org.jetbrains.skiko.ResourceUtilsKt::autoCloseScope@29 (line 34)
  0x000001842d43150c: 702e effc 

  0x000001842d431510: ;   {other}
  0x000001842d431510: 0f1f 8400 | 8048 0056 | baf6 ffff | ff48 8b6c | 2448 448b | 5424 3844 | 8954 2420 | 448b 5c24 
  0x000001842d431530: 4044 895c | 2424 4c8b | 5424 604c | 8954 2430 | 48ff 7424 | 5848 8f44 | 2448 448b | 5424 3c44 
  0x000001842d431550: 8954 242c | 448b 5c24 | 4444 895c | 2438 4c8b | 5424 684c | 8954 2440 | 4c8b 5424 | 784c 8954 
  0x000001842d431570: ;   {runtime_call UncommonTrapBlob}
  0x000001842d431570: 2458 90e8 

  0x000001842d431574: ; ImmutableOopMap {rbp=Oop [32]=NarrowOop [36]=NarrowOop [40]=NarrowOop [44]=NarrowOop [48]=Oop [56]=NarrowOop [64]=Oop [72]=Oop [88]=Oop [136]=Oop [144]=NarrowOop }
                      ;*monitorenter {reexecute=0 rethrow=0 return_oop=0}
                      ; - androidx.compose.ui.platform.FlushCoroutineDispatcher::performRun@12 (line 143)
                      ; - androidx.compose.ui.platform.FlushCoroutineDispatcher::flush@7 (line 83)
                      ; - androidx.compose.ui.scene.ComposeSceneRecomposer::performScheduledRecomposerTasks@11 (line 84)
                      ; - androidx.compose.ui.scene.BaseComposeScene::render@123 (line 178)
                      ; - androidx.compose.ui.scene.ComposeSceneMediator::onRender$lambda$0$0@232 (line 677)
                      ; - androidx.compose.ui.scene.ComposeSceneMediator$$Lambda/0x0000018445f5de80::invoke@12
                      ; - androidx.compose.ui.viewinterop.SwingInteropContainer::postponingExecutingScheduledUpdates@84 (line 251)
                      ; - androidx.compose.ui.scene.ComposeSceneMediator::onRender@30 (line 675)
                      ; - org.jetbrains.skiko.swing.SkiaSwingLayer$renderDelegateWithClipping$1::onRender@78 (line 53)
                      ; - org.jetbrains.skiko.swing.Direct3DSwingRedrawer::onRender$lambda$1@201 (line 83)
                      ; - org.jetbrains.skiko.swing.Direct3DSwingRedrawer$$Lambda/0x0000018445f586c0::invoke@24
                      ; - org.jetbrains.skiko.ResourceUtilsKt::autoCloseScope@29 (line 34)
  0x000001842d431574: 082e effc 

  0x000001842d431578: ;   {other}
  0x000001842d431578: 0f1f 8400 | e848 0057 | baf6 ffff | ff48 8b6c | 2448 448b | 5424 3844 | 8954 2420 | 448b 5c24 
  0x000001842d431598: 4044 895c | 2424 4c8b | 5424 604c | 8954 2428 | 4c8b 5424 | 584c 8954 | 2430 448b | 5424 3c44 
  0x000001842d4315b8: 8954 2438 | 448b 5c24 | 4444 895c | 243c 4c8b | 5424 684c | 8954 2440 | 4c8b 5424 | 784c 8954 
  0x000001842d4315d8: 2448 4c89 

  0x000001842d4315dc: ;   {runtime_call UncommonTrapBlob}
  0x000001842d4315dc: 4424 68e8 

  0x000001842d4315e0: ; ImmutableOopMap {rbp=Oop [32]=NarrowOop [36]=NarrowOop [40]=Oop [48]=Oop [56]=NarrowOop [60]=NarrowOop [64]=Oop [72]=Oop [104]=Oop [136]=Oop [144]=NarrowOop }
                      ;*invokevirtual flushAndDispatchAwaiters {reexecute=0 rethrow=0 return_oop=0}
                      ; - androidx.compose.runtime.BroadcastFrameClock::sendFrame@10 (line 71)
                      ; - androidx.compose.ui.scene.BaseComposeScene::render@131 (line 179)
                      ; - androidx.compose.ui.scene.ComposeSceneMediator::onRender$lambda$0$0@232 (line 677)
                      ; - androidx.compose.ui.scene.ComposeSceneMediator$$Lambda/0x0000018445f5de80::invoke@12
                      ; - androidx.compose.ui.viewinterop.SwingInteropContainer::postponingExecutingScheduledUpdates@84 (line 251)
                      ; - androidx.compose.ui.scene.ComposeSceneMediator::onRender@30 (line 675)
                      ; - org.jetbrains.skiko.swing.SkiaSwingLayer$renderDelegateWithClipping$1::onRender@78 (line 53)
                      ; - org.jetbrains.skiko.swing.Direct3DSwingRedrawer::onRender$lambda$1@201 (line 83)
                      ; - org.jetbrains.skiko.swing.Direct3DSwingRedrawer$$Lambda/0x0000018445f586c0::invoke@24
                      ; - org.jetbrains.skiko.ResourceUtilsKt::autoCloseScope@29 (line 34)
  0x000001842d4315e0: 9c2d effc 

  0x000001842d4315e4: ;   {other}
  0x000001842d4315e4: 0f1f 8400 | 5449 0058 | baf6 ffff | ff48 8b6c | 2448 448b | 5424 3844 | 8954 2420 | 448b 5c24 
  0x000001842d431604: 4044 895c | 2424 448b | 5424 3c44 | 8954 2438 | 448b 5c24 | 4444 895c 

  0x000001842d43161c: ;   {runtime_call UncommonTrapBlob}
  0x000001842d43161c: 243c 90e8 

  0x000001842d431620: ; ImmutableOopMap {rbp=Oop [32]=NarrowOop [36]=NarrowOop [56]=NarrowOop [60]=NarrowOop [88]=Oop [96]=Oop [104]=Oop [120]=Oop }
                      ;*invokevirtual sendAndPerformSnapshotChanges {reexecute=0 rethrow=0 return_oop=0}
                      ; - androidx.compose.ui.scene.BaseComposeScene::render@230 (line 373)
                      ; - androidx.compose.ui.scene.ComposeSceneMediator::onRender$lambda$0$0@232 (line 677)
                      ; - androidx.compose.ui.scene.ComposeSceneMediator$$Lambda/0x0000018445f5de80::invoke@12
                      ; - androidx.compose.ui.viewinterop.SwingInteropContainer::postponingExecutingScheduledUpdates@84 (line 251)
                      ; - androidx.compose.ui.scene.ComposeSceneMediator::onRender@30 (line 675)
                      ; - org.jetbrains.skiko.swing.SkiaSwingLayer$renderDelegateWithClipping$1::onRender@78 (line 53)
                      ; - org.jetbrains.skiko.swing.Direct3DSwingRedrawer::onRender$lambda$1@201 (line 83)
                      ; - org.jetbrains.skiko.swing.Direct3DSwingRedrawer$$Lambda/0x0000018445f586c0::invoke@24
                      ; - org.jetbrains.skiko.ResourceUtilsKt::autoCloseScope@29 (line 34)
  0x000001842d431620: 5c2d effc 

  0x000001842d431624: ;   {other}
  0x000001842d431624: 0f1f 8400 | 9449 0059 | baf6 ffff | ff48 8b6c | 2448 448b | 5424 3844 | 8954 2420 | 448b 5c24 
  0x000001842d431644: 4044 895c | 2424 448b | 5424 3c44 | 8954 2438 | 448b 5c24 | 4444 895c 

  0x000001842d43165c: ;   {runtime_call UncommonTrapBlob}
  0x000001842d43165c: 243c 90e8 

  0x000001842d431660: ; ImmutableOopMap {rbp=Oop [32]=NarrowOop [36]=NarrowOop [56]=NarrowOop [60]=NarrowOop [88]=Oop [96]=Oop [104]=Oop [120]=Oop }
                      ;*invokevirtual perform {reexecute=0 rethrow=0 return_oop=0}
                      ; - androidx.compose.ui.node.SnapshotInvalidationTracker::sendAndPerformSnapshotChanges@10 (line 84)
                      ; - androidx.compose.ui.scene.BaseComposeScene::render@230 (line 373)
                      ; - androidx.compose.ui.scene.ComposeSceneMediator::onRender$lambda$0$0@232 (line 677)
                      ; - androidx.compose.ui.scene.ComposeSceneMediator$$Lambda/0x0000018445f5de80::invoke@12
                      ; - androidx.compose.ui.viewinterop.SwingInteropContainer::postponingExecutingScheduledUpdates@84 (line 251)
                      ; - androidx.compose.ui.scene.ComposeSceneMediator::onRender@30 (line 675)
                      ; - org.jetbrains.skiko.swing.SkiaSwingLayer$renderDelegateWithClipping$1::onRender@78 (line 53)
                      ; - org.jetbrains.skiko.swing.Direct3DSwingRedrawer::onRender$lambda$1@201 (line 83)
                      ; - org.jetbrains.skiko.swing.Direct3DSwingRedrawer$$Lambda/0x0000018445f586c0::invoke@24
                      ; - org.jetbrains.skiko.ResourceUtilsKt::autoCloseScope@29 (line 34)
  0x000001842d431660: 1c2d effc 

  0x000001842d431664: ;   {other}
  0x000001842d431664: 0f1f 8400 | d449 005a | baf6 ffff | ff48 8b6c | 2448 448b | 4424 3844 | 8944 2420 | 448b 4424 
  0x000001842d431684: 3c44 8944 

  0x000001842d431688: ;   {runtime_call UncommonTrapBlob}
  0x000001842d431688: 2438 90e8 

  0x000001842d43168c: ; ImmutableOopMap {rbp=Oop [32]=NarrowOop [56]=NarrowOop [64]=NarrowOop [68]=NarrowOop [88]=Oop [96]=Oop }
                      ;*monitorenter {reexecute=0 rethrow=0 return_oop=0}
                      ; - androidx.compose.ui.viewinterop.SwingInteropContainer::postponingExecutingScheduledUpdates@100 (line 294)
                      ; - androidx.compose.ui.scene.ComposeSceneMediator::onRender@30 (line 675)
                      ; - org.jetbrains.skiko.swing.SkiaSwingLayer$renderDelegateWithClipping$1::onRender@78 (line 53)
                      ; - org.jetbrains.skiko.swing.Direct3DSwingRedrawer::onRender$lambda$1@201 (line 83)
                      ; - org.jetbrains.skiko.swing.Direct3DSwingRedrawer$$Lambda/0x0000018445f586c0::invoke@24
                      ; - org.jetbrains.skiko.ResourceUtilsKt::autoCloseScope@29 (line 34)
  0x000001842d43168c: f02c effc 

  0x000001842d431690: ;   {other}
  0x000001842d431690: 0f1f 8400 | 004a 005b | bade ffff | ff48 894c | 2420 4c89 

  0x000001842d4316a4: ;   {runtime_call UncommonTrapBlob}
  0x000001842d4316a4: 5424 28e8 

  0x000001842d4316a8: ; ImmutableOopMap {[32]=Oop [40]=Oop }
                      ;*invokeinterface invoke {reexecute=0 rethrow=0 return_oop=0}
                      ; - org.jetbrains.skiko.ResourceUtilsKt::autoCloseScope@29 (line 34)
  0x000001842d4316a8: d42c effc 

  0x000001842d4316ac: ;   {other}
  0x000001842d4316ac: 0f1f 8400 | 1c4a 005c | bad6 ffff | ff48 8b6c | 2448 448b | 5c24 4444 | 895c 2430 | 448b 5424 
  0x000001842d4316cc: 5c44 8954 | 2434 448b | 5c24 5844 | 895c 2438 | 4c8b 5424 | 504c 8954 | 2448 448b | 5424 4044 
  0x000001842d4316ec: 8954 243c | 448b 5c24 | 6848 895c | 2458 4489 

  0x000001842d4316fc: ;   {runtime_call UncommonTrapBlob}
  0x000001842d4316fc: 5c24 54e8 

  0x000001842d431700: ; ImmutableOopMap {rbp=Oop [52]=NarrowOop [60]=NarrowOop [88]=Oop [96]=Oop }
                      ;*aastore {reexecute=1 rethrow=0 return_oop=0}
                      ; - (reexecute) java.util.ArrayList::add@14 (line 484)
                      ; - java.util.ArrayList::add@20 (line 496)
                      ; - org.jetbrains.skiko.ResourceUtilsKt$autoCloseScope$scope$1::autoClose@11 (line 29)
                      ; - org.jetbrains.skiko.swing.Direct3DSwingRedrawer::onRender$lambda$1@81 (line 70)
                      ; - org.jetbrains.skiko.swing.Direct3DSwingRedrawer$$Lambda/0x0000018445f586c0::invoke@24
                      ; - org.jetbrains.skiko.ResourceUtilsKt::autoCloseScope@29 (line 34)
  0x000001842d431700: 7c2c effc 

  0x000001842d431704: ;   {other}
  0x000001842d431704: 0f1f 8400 | 744a 005d | bad6 ffff | ff48 8b6c | 2448 448b | 5c24 4444 | 895c 2428 | 448b 5424 
  0x000001842d431724: 5c44 8954 | 242c 448b | 5c24 5844 | 895c 2430 | 4c8b 5424 | 504c 8954 | 2448 448b | 5424 4044 
  0x000001842d431744: 8954 2434 | 4c8b 5424 | 684c 8954 | 2440 4889 

  0x000001842d431754: ;   {runtime_call UncommonTrapBlob}
  0x000001842d431754: 5c24 50e8 

  0x000001842d431758: ; ImmutableOopMap {rbp=Oop [44]=NarrowOop [52]=NarrowOop [64]=Oop [80]=Oop }
                      ;*aastore {reexecute=1 rethrow=0 return_oop=0}
                      ; - (reexecute) java.util.ArrayList::add@14 (line 484)
                      ; - java.util.ArrayList::add@20 (line 496)
                      ; - org.jetbrains.skiko.ResourceUtilsKt$autoCloseScope$scope$1::autoClose@11 (line 29)
                      ; - org.jetbrains.skiko.swing.Direct3DSwingRedrawer::onRender$lambda$1@142 (line 79)
                      ; - org.jetbrains.skiko.swing.Direct3DSwingRedrawer$$Lambda/0x0000018445f586c0::invoke@24
                      ; - org.jetbrains.skiko.ResourceUtilsKt::autoCloseScope@29 (line 34)
  0x000001842d431758: 242c effc 

  0x000001842d43175c: ;   {other}
  0x000001842d43175c: 0f1f 8400 | cc4a 005e | bade ffff | ff4c 8b54 | 2448 4c89 | 5424 2044 | 8b5c 2440 | 4489 5c24 
  0x000001842d43177c: 2c44 8b54 | 2444 4489 

  0x000001842d431784: ;   {runtime_call UncommonTrapBlob}
  0x000001842d431784: 5424 40e8 

  0x000001842d431788: ; ImmutableOopMap {rbp=NarrowOop [32]=Oop [44]=NarrowOop [92]=NarrowOop [96]=Oop [104]=Oop }
                      ;*invokeinterface onRender {reexecute=0 rethrow=0 return_oop=0}
                      ; - org.jetbrains.skiko.swing.Direct3DSwingRedrawer::onRender$lambda$1@201 (line 83)
                      ; - org.jetbrains.skiko.swing.Direct3DSwingRedrawer$$Lambda/0x0000018445f586c0::invoke@24
                      ; - org.jetbrains.skiko.ResourceUtilsKt::autoCloseScope@29 (line 34)
  0x000001842d431788: f42b effc 

  0x000001842d43178c: ;   {other}
  0x000001842d43178c: 0f1f 8400 | fc4a 005f | bade ffff | ff4c 8b54 | 2448 4c89 | 5424 2044 | 8b5c 2440 | 4489 5c24 
  0x000001842d4317ac: 2c4c 8944 | 2438 448b | 5424 4444 | 8954 2440 

  0x000001842d4317bc: ;   {runtime_call UncommonTrapBlob}
  0x000001842d4317bc: 6666 90e8 

  0x000001842d4317c0: ; ImmutableOopMap {rbp=NarrowOop [32]=Oop [44]=NarrowOop [56]=Oop [92]=NarrowOop [96]=Oop [104]=Oop }
                      ;*invokevirtual getDefaultTransform {reexecute=0 rethrow=0 return_oop=0}
                      ; - org.jetbrains.skiko.swing.SkiaSwingLayer$renderDelegateWithClipping$1::onRender@13 (line 48)
                      ; - org.jetbrains.skiko.swing.Direct3DSwingRedrawer::onRender$lambda$1@201 (line 83)
                      ; - org.jetbrains.skiko.swing.Direct3DSwingRedrawer$$Lambda/0x0000018445f586c0::invoke@24
                      ; - org.jetbrains.skiko.ResourceUtilsKt::autoCloseScope@29 (line 34)
  0x000001842d4317c0: bc2b effc 

  0x000001842d4317c4: ;   {other}
  0x000001842d4317c4: 0f1f 8400 | 344b 0060 | bade ffff | ff4c 8b54 | 2448 4c89 | 5424 2044 | 8b54 2440 | 4489 5424 
  0x000001842d4317e4: 2c44 8b5c | 2444 4489 

  0x000001842d4317ec: ;   {runtime_call UncommonTrapBlob}
  0x000001842d4317ec: 5c24 40e8 

  0x000001842d4317f0: ; ImmutableOopMap {rbp=NarrowOop [32]=Oop [44]=NarrowOop [92]=NarrowOop [96]=Oop [104]=Oop }
                      ;*invokeinterface onRender {reexecute=0 rethrow=0 return_oop=0}
                      ; - org.jetbrains.skiko.swing.SkiaSwingLayer$renderDelegateWithClipping$1::onRender@78 (line 53)
                      ; - org.jetbrains.skiko.swing.Direct3DSwingRedrawer::onRender$lambda$1@201 (line 83)
                      ; - org.jetbrains.skiko.swing.Direct3DSwingRedrawer$$Lambda/0x0000018445f586c0::invoke@24
                      ; - org.jetbrains.skiko.ResourceUtilsKt::autoCloseScope@29 (line 34)
  0x000001842d4317f0: 8c2b effc 

  0x000001842d4317f4: ;   {other}
  0x000001842d4317f4: 0f1f 8400 | 644b 0061 | 498b d34c | 8d84 24e0 | 0000 0048 | 8b6c 2448 

  0x000001842d43180c: ;   {runtime_call _complete_monitor_locking_Java}
  0x000001842d43180c: 6666 90e8 

  0x000001842d431810: ; ImmutableOopMap {rbp=Oop [32]=Oop [40]=NarrowOop [48]=Oop [56]=NarrowOop [60]=NarrowOop [64]=NarrowOop [68]=NarrowOop [72]=Oop [88]=Oop [96]=Oop [104]=Oop [112]=Oop [120]=Oop [128]=Oop }
                      ;*monitorenter {reexecute=0 rethrow=0 return_oop=0}
                      ; - androidx.compose.ui.viewinterop.SwingInteropContainer::postponingExecutingScheduledUpdates@22 (line 284)
                      ; - androidx.compose.ui.scene.ComposeSceneMediator::onRender@30 (line 675)
                      ; - org.jetbrains.skiko.swing.SkiaSwingLayer$renderDelegateWithClipping$1::onRender@78 (line 53)
                      ; - org.jetbrains.skiko.swing.Direct3DSwingRedrawer::onRender$lambda$1@201 (line 83)
                      ; - org.jetbrains.skiko.swing.Direct3DSwingRedrawer$$Lambda/0x0000018445f586c0::invoke@24
                      ; - org.jetbrains.skiko.ResourceUtilsKt::autoCloseScope@29 (line 34)
  0x000001842d431810: ec8c fbfc 

  0x000001842d431814: ;   {other}
  0x000001842d431814: 0f1f 8400 | 844b 0062 | e909 c5ff | ff49 8bcb | 488d 9424 | e000 0000 | 4d8b c749 | bae0 31f8 
  0x000001842d431834: 4dfa 7f00 | 0041 ffd2 

  0x000001842d43183c: ;   {other}
  0x000001842d43183c: 0f1f 8400 | 0000 0000 | e99a c5ff | ffba deff | ffff 4c8b | 5424 484c | 8954 2420 | 448b 5424 
  0x000001842d43185c: 3844 8954 | 2428 448b | 5c24 4044 | 895c 242c | 48ff 7424 | 5848 8f44 | 2448 448b | 5424 3c44 
  0x000001842d43187c: 8954 2438 | 448b 5c24 | 4444 895c | 243c 4c8b | 5424 484c | 8954 2440 

  0x000001842d431894: ;   {runtime_call UncommonTrapBlob}
  0x000001842d431894: 6666 90e8 

  0x000001842d431898: ; ImmutableOopMap {rbp=NarrowOop [32]=Oop [40]=NarrowOop [44]=NarrowOop [56]=NarrowOop [60]=NarrowOop [64]=Oop [72]=Oop [96]=Oop [104]=Oop }
                      ;*invokeinterface getContentComponent {reexecute=0 rethrow=0 return_oop=0}
                      ; - androidx.compose.ui.scene.ComposeSceneMediator::getContentComponent@4 (line 152)
                      ; - androidx.compose.ui.scene.ComposeSceneMediator::onRender$lambda$0$0@35 (line 1095)
                      ; - androidx.compose.ui.scene.ComposeSceneMediator$$Lambda/0x0000018445f5de80::invoke@12
                      ; - androidx.compose.ui.viewinterop.SwingInteropContainer::postponingExecutingScheduledUpdates@84 (line 251)
                      ; - androidx.compose.ui.scene.ComposeSceneMediator::onRender@30 (line 675)
                      ; - org.jetbrains.skiko.swing.SkiaSwingLayer$renderDelegateWithClipping$1::onRender@78 (line 53)
                      ; - org.jetbrains.skiko.swing.Direct3DSwingRedrawer::onRender$lambda$1@201 (line 83)
                      ; - org.jetbrains.skiko.swing.Direct3DSwingRedrawer$$Lambda/0x0000018445f586c0::invoke@24
                      ; - org.jetbrains.skiko.ResourceUtilsKt::autoCloseScope@29 (line 34)
  0x000001842d431898: e42a effc 

  0x000001842d43189c: ;   {other}
  0x000001842d43189c: 0f1f 8400 | 0c4c 0063 | bade ffff | ff4c 8b5c | 2448 4c89 | 5c24 2044 | 8b44 2438 | 4489 4424 
  0x000001842d4318bc: 2844 8b5c | 2440 4489 | 5c24 2c4c | 8b5c 2460 | 4c89 5c24 | 3048 ff74 | 2458 488f | 4424 4844 
  0x000001842d4318dc: 8b44 243c | 4489 4424 | 3844 8b5c | 2444 4489 | 5c24 3c4c | 8b5c 2448 | 4c89 5c24 | 4044 8954 
  0x000001842d4318fc: ;   {runtime_call UncommonTrapBlob}
  0x000001842d4318fc: 2460 90e8 

  0x000001842d431900: ; ImmutableOopMap {rbp=NarrowOop [32]=Oop [40]=NarrowOop [44]=NarrowOop [48]=Oop [56]=NarrowOop [60]=NarrowOop [64]=Oop [72]=Oop [96]=NarrowOop [104]=Oop }
                      ;*invokevirtual getDefaultTransform {reexecute=0 rethrow=0 return_oop=0}
                      ; - androidx.compose.ui.window.LayoutConfiguration_desktopKt::getDensity@1 (line 49)
                      ; - androidx.compose.ui.window.LayoutConfiguration_desktopKt::getDensity@16 (line 43)
                      ; - androidx.compose.ui.scene.ComposeSceneMediator::onRender$lambda$0$0@48 (line 1096)
                      ; - androidx.compose.ui.scene.ComposeSceneMediator$$Lambda/0x0000018445f5de80::invoke@12
                      ; - androidx.compose.ui.viewinterop.SwingInteropContainer::postponingExecutingScheduledUpdates@84 (line 251)
                      ; - androidx.compose.ui.scene.ComposeSceneMediator::onRender@30 (line 675)
                      ; - org.jetbrains.skiko.swing.SkiaSwingLayer$renderDelegateWithClipping$1::onRender@78 (line 53)
                      ; - org.jetbrains.skiko.swing.Direct3DSwingRedrawer::onRender$lambda$1@201 (line 83)
                      ; - org.jetbrains.skiko.swing.Direct3DSwingRedrawer$$Lambda/0x0000018445f586c0::invoke@24
                      ; - org.jetbrains.skiko.ResourceUtilsKt::autoCloseScope@29 (line 34)
  0x000001842d431900: 7c2a effc 

  0x000001842d431904: ;   {other}
  0x000001842d431904: 0f1f 8400 | 744c 0064 | bade ffff | ff4c 8b54 | 2448 4c89 | 5424 2044 | 8b5c 2438 | 4489 5c24 
  0x000001842d431924: 2844 8b54 | 2440 4489 | 5424 2c48 | ff74 2458 | 488f 4424 | 4844 8b5c | 243c 4489 | 5c24 3844 
  0x000001842d431944: 8b54 2444 | 4489 5424 | 3c4c 8b54 | 2450 4c89 | 5424 404c | 8b54 2468 | 4c89 5424 

  0x000001842d431960: ;   {runtime_call UncommonTrapBlob}
  0x000001842d431960: 5866 90e8 

  0x000001842d431964: ; ImmutableOopMap {rbp=NarrowOop [32]=Oop [40]=NarrowOop [44]=NarrowOop [56]=NarrowOop [60]=NarrowOop [72]=Oop [88]=Oop [96]=Oop [104]=Oop }
                      ;*invokeinterface getValue {reexecute=0 rethrow=0 return_oop=0}
                      ; - androidx.compose.ui.scene.ComposeSceneMediator::getScene@6 (line 321)
                      ; - androidx.compose.ui.scene.ComposeSceneMediator::onRender$lambda$0$0@223 (line 677)
                      ; - androidx.compose.ui.scene.ComposeSceneMediator$$Lambda/0x0000018445f5de80::invoke@12
                      ; - androidx.compose.ui.viewinterop.SwingInteropContainer::postponingExecutingScheduledUpdates@84 (line 251)
                      ; - androidx.compose.ui.scene.ComposeSceneMediator::onRender@30 (line 675)
                      ; - org.jetbrains.skiko.swing.SkiaSwingLayer$renderDelegateWithClipping$1::onRender@78 (line 53)
                      ; - org.jetbrains.skiko.swing.Direct3DSwingRedrawer::onRender$lambda$1@201 (line 83)
                      ; - org.jetbrains.skiko.swing.Direct3DSwingRedrawer$$Lambda/0x0000018445f586c0::invoke@24
                      ; - org.jetbrains.skiko.ResourceUtilsKt::autoCloseScope@29 (line 34)
  0x000001842d431964: 182a effc 

  0x000001842d431968: ;   {other}
  0x000001842d431968: 0f1f 8400 | d84c 0065 

  0x000001842d431970: ;   {oop(a 'androidx/compose/runtime/SynchronizedObject'{0x00000000c52bf790})}
  0x000001842d431970: 48b9 90f7 | 2bc5 0000 | 0000 488d | 9424 e000 | 0000 4d8b | c749 bae0 | 31f8 4dfa | 7f00 0041 
  0x000001842d431990: ;   {other}
  0x000001842d431990: ffd2 0f1f | 8400 0000 | 0000 e9ae 

  0x000001842d43199c: ;   {oop(a 'androidx/compose/runtime/SynchronizedObject'{0x00000000c52bf790})}
  0x000001842d43199c: c7ff ff48 | ba90 f72b | c500 0000 | 004c 8d84 | 24e0 0000 | 0048 8b6c 

  0x000001842d4319b4: ;   {runtime_call _complete_monitor_locking_Java}
  0x000001842d4319b4: 2448 90e8 

  0x000001842d4319b8: ; ImmutableOopMap {rbp=Oop [32]=Oop [40]=NarrowOop [48]=Oop [56]=NarrowOop [60]=NarrowOop [64]=NarrowOop [68]=NarrowOop [72]=Oop [88]=Oop [96]=Oop [104]=Oop [112]=Oop [120]=Oop [128]=Oop [136]=Oop [144]=Oop }
                      ;*monitorenter {reexecute=0 rethrow=0 return_oop=0}
                      ; - androidx.compose.runtime.snapshots.Snapshot$Companion::sendApplyNotifications@14 (line 2600)
                      ; - androidx.compose.ui.node.SnapshotInvalidationTracker::sendAndPerformSnapshotChanges@3 (line 83)
                      ; - androidx.compose.ui.scene.BaseComposeScene::render@84 (line 365)
                      ; - androidx.compose.ui.scene.ComposeSceneMediator::onRender$lambda$0$0@232 (line 677)
                      ; - androidx.compose.ui.scene.ComposeSceneMediator$$Lambda/0x0000018445f5de80::invoke@12
                      ; - androidx.compose.ui.viewinterop.SwingInteropContainer::postponingExecutingScheduledUpdates@84 (line 251)
                      ; - androidx.compose.ui.scene.ComposeSceneMediator::onRender@30 (line 675)
                      ; - org.jetbrains.skiko.swing.SkiaSwingLayer$renderDelegateWithClipping$1::onRender@78 (line 53)
                      ; - org.jetbrains.skiko.swing.Direct3DSwingRedrawer::onRender$lambda$1@201 (line 83)
                      ; - org.jetbrains.skiko.swing.Direct3DSwingRedrawer$$Lambda/0x0000018445f586c0::invoke@24
                      ; - org.jetbrains.skiko.ResourceUtilsKt::autoCloseScope@29 (line 34)
  0x000001842d4319b8: 448b fbfc 

  0x000001842d4319bc: ;   {other}
  0x000001842d4319bc: 0f1f 8400 | 2c4d 0066 | e9c6 c6ff | ff49 8bd3 | 4c8d 8424 | e000 0000 | 488b 6c24 

  0x000001842d4319d8: ;   {runtime_call _complete_monitor_locking_Java}
  0x000001842d4319d8: 4866 90e8 

  0x000001842d4319dc: ; ImmutableOopMap {rbp=Oop [32]=Oop [44]=NarrowOop [48]=Oop [56]=NarrowOop [60]=NarrowOop [64]=NarrowOop [68]=NarrowOop [72]=Oop [88]=Oop [96]=Oop [104]=Oop [112]=Oop [120]=Oop [128]=Oop [136]=Oop [144]=NarrowOop [148]=NarrowOop [152]=Oop [160]=Oop }
                      ;*monitorenter {reexecute=0 rethrow=0 return_oop=0}
                      ; - androidx.compose.ui.platform.FlushCoroutineDispatcher::performRun@12 (line 143)
                      ; - androidx.compose.ui.platform.FlushCoroutineDispatcher::flush@7 (line 83)
                      ; - androidx.compose.ui.scene.ComposeSceneRecomposer::performScheduledEffects@11 (line 91)
                      ; - androidx.compose.ui.scene.BaseComposeScene::render@116 (line 176)
                      ; - androidx.compose.ui.scene.ComposeSceneMediator::onRender$lambda$0$0@232 (line 677)
                      ; - androidx.compose.ui.scene.ComposeSceneMediator$$Lambda/0x0000018445f5de80::invoke@12
                      ; - androidx.compose.ui.viewinterop.SwingInteropContainer::postponingExecutingScheduledUpdates@84 (line 251)
                      ; - androidx.compose.ui.scene.ComposeSceneMediator::onRender@30 (line 675)
                      ; - org.jetbrains.skiko.swing.SkiaSwingLayer$renderDelegateWithClipping$1::onRender@78 (line 53)
                      ; - org.jetbrains.skiko.swing.Direct3DSwingRedrawer::onRender$lambda$1@201 (line 83)
                      ; - org.jetbrains.skiko.swing.Direct3DSwingRedrawer$$Lambda/0x0000018445f586c0::invoke@24
                      ; - org.jetbrains.skiko.ResourceUtilsKt::autoCloseScope@29 (line 34)
  0x000001842d4319dc: 208b fbfc 

  0x000001842d4319e0: ;   {other}
  0x000001842d4319e0: 0f1f 8400 | 504d 0067 | e915 c9ff | ff49 8bcb | 488d 9424 | e800 0000 | 4d8b c749 | bae0 31f8 
  0x000001842d431a00: 4dfa 7f00 | 0041 ffd2 

  0x000001842d431a08: ;   {other}
  0x000001842d431a08: 0f1f 8400 | 0000 0000 | e953 caff | ff49 8bcb | 488d 9424 | e000 0000 | 4d8b c749 | bae0 31f8 
  0x000001842d431a28: 4dfa 7f00 | 0041 ffd2 

  0x000001842d431a30: ;   {other}
  0x000001842d431a30: 0f1f 8400 | 0000 0000 | e9dd caff | ff49 8bd3 | 4c8d 8424 | e000 0000 | 488b 6c24 

  0x000001842d431a4c: ;   {runtime_call _complete_monitor_locking_Java}
  0x000001842d431a4c: 4866 90e8 

  0x000001842d431a50: ; ImmutableOopMap {rbp=Oop [32]=Oop [40]=NarrowOop [44]=NarrowOop [48]=Oop [56]=NarrowOop [60]=NarrowOop [64]=NarrowOop [68]=NarrowOop [72]=Oop [88]=Oop [96]=Oop [104]=Oop [112]=Oop [120]=Oop [128]=Oop [136]=Oop [144]=NarrowOop [152]=Oop [160]=Oop }
                      ;*monitorenter {reexecute=0 rethrow=0 return_oop=0}
                      ; - androidx.compose.ui.platform.FlushCoroutineDispatcher::performRun@12 (line 143)
                      ; - androidx.compose.ui.platform.FlushCoroutineDispatcher::flush@7 (line 83)
                      ; - androidx.compose.ui.scene.ComposeSceneRecomposer::performScheduledRecomposerTasks@11 (line 84)
                      ; - androidx.compose.ui.scene.BaseComposeScene::render@123 (line 178)
                      ; - androidx.compose.ui.scene.ComposeSceneMediator::onRender$lambda$0$0@232 (line 677)
                      ; - androidx.compose.ui.scene.ComposeSceneMediator$$Lambda/0x0000018445f5de80::invoke@12
                      ; - androidx.compose.ui.viewinterop.SwingInteropContainer::postponingExecutingScheduledUpdates@84 (line 251)
                      ; - androidx.compose.ui.scene.ComposeSceneMediator::onRender@30 (line 675)
                      ; - org.jetbrains.skiko.swing.SkiaSwingLayer$renderDelegateWithClipping$1::onRender@78 (line 53)
                      ; - org.jetbrains.skiko.swing.Direct3DSwingRedrawer::onRender$lambda$1@201 (line 83)
                      ; - org.jetbrains.skiko.swing.Direct3DSwingRedrawer$$Lambda/0x0000018445f586c0::invoke@24
                      ; - org.jetbrains.skiko.ResourceUtilsKt::autoCloseScope@29 (line 34)
  0x000001842d431a50: ac8a fbfc 

  0x000001842d431a54: ;   {other}
  0x000001842d431a54: 0f1f 8400 | c44d 0068 | e96b cbff | ff49 8bcb | 488d 9424 | e800 0000 | 4d8b c749 | bae0 31f8 
  0x000001842d431a74: 4dfa 7f00 | 0041 ffd2 

  0x000001842d431a7c: ;   {other}
  0x000001842d431a7c: 0f1f 8400 | 0000 0000 | e99b ccff | ff49 8bcb | 488d 9424 | e000 0000 | 4d8b c749 | bae0 31f8 
  0x000001842d431a9c: 4dfa 7f00 | 0041 ffd2 

  0x000001842d431aa4: ;   {other}
  0x000001842d431aa4: 0f1f 8400 | 0000 0000 | e925 cdff 

  0x000001842d431ab0: ;   {oop(a 'androidx/compose/runtime/SynchronizedObject'{0x00000000c52bf790})}
  0x000001842d431ab0: ff48 b990 | f72b c500 | 0000 0048 | 8d94 24e0 | 0000 004d | 8bc7 49ba | e031 f84d | fa7f 0000 
  0x000001842d431ad0: ;   {other}
  0x000001842d431ad0: 41ff d20f | 1f84 0000 | 0000 00e9 | d2ce ffff 

  0x000001842d431ae0: ;   {oop(a 'androidx/compose/runtime/SynchronizedObject'{0x00000000c52bf790})}
  0x000001842d431ae0: 48ba 90f7 | 2bc5 0000 | 0000 4c8d | 8424 e000 | 0000 488b 

  0x000001842d431af4: ;   {runtime_call _complete_monitor_locking_Java}
  0x000001842d431af4: 6c24 48e8 

  0x000001842d431af8: ; ImmutableOopMap {rbp=Oop [32]=Oop [48]=Oop [56]=NarrowOop [60]=NarrowOop [64]=NarrowOop [68]=NarrowOop [72]=Oop [88]=Oop [96]=Oop [104]=Oop [112]=Oop [120]=Oop [128]=Oop [136]=Oop [144]=NarrowOop }
                      ;*monitorenter {reexecute=0 rethrow=0 return_oop=0}
                      ; - androidx.compose.runtime.snapshots.Snapshot$Companion::sendApplyNotifications@14 (line 2600)
                      ; - androidx.compose.ui.scene.BaseComposeScene::render@169 (line 192)
                      ; - androidx.compose.ui.scene.ComposeSceneMediator::onRender$lambda$0$0@232 (line 677)
                      ; - androidx.compose.ui.scene.ComposeSceneMediator$$Lambda/0x0000018445f5de80::invoke@12
                      ; - androidx.compose.ui.viewinterop.SwingInteropContainer::postponingExecutingScheduledUpdates@84 (line 251)
                      ; - androidx.compose.ui.scene.ComposeSceneMediator::onRender@30 (line 675)
                      ; - org.jetbrains.skiko.swing.SkiaSwingLayer$renderDelegateWithClipping$1::onRender@78 (line 53)
                      ; - org.jetbrains.skiko.swing.Direct3DSwingRedrawer::onRender$lambda$1@201 (line 83)
                      ; - org.jetbrains.skiko.swing.Direct3DSwingRedrawer$$Lambda/0x0000018445f586c0::invoke@24
                      ; - org.jetbrains.skiko.ResourceUtilsKt::autoCloseScope@29 (line 34)
  0x000001842d431af8: 048a fbfc 

  0x000001842d431afc: ;   {other}
  0x000001842d431afc: 0f1f 8400 | 6c4e 0069 | e9eb cdff 

  0x000001842d431b08: ;   {oop(a 'androidx/compose/runtime/SynchronizedObject'{0x00000000c52bf790})}
  0x000001842d431b08: ff48 ba90 | f72b c500 | 0000 004c | 8d84 24e0 | 0000 0048 | 8b6c 2448 

  0x000001842d431b20: ;   {runtime_call _complete_monitor_locking_Java}
  0x000001842d431b20: 6666 90e8 

  0x000001842d431b24: ; ImmutableOopMap {rbp=Oop [32]=Oop [48]=Oop [56]=NarrowOop [60]=NarrowOop [64]=NarrowOop [68]=NarrowOop [72]=Oop [88]=Oop [96]=Oop [104]=Oop [112]=Oop [120]=Oop [128]=Oop [136]=Oop [144]=NarrowOop }
                      ;*monitorenter {reexecute=0 rethrow=0 return_oop=0}
                      ; - androidx.compose.runtime.snapshots.Snapshot$Companion::sendApplyNotifications@14 (line 2600)
                      ; - androidx.compose.ui.scene.BaseComposeScene::render@179 (line 197)
                      ; - androidx.compose.ui.scene.ComposeSceneMediator::onRender$lambda$0$0@232 (line 677)
                      ; - androidx.compose.ui.scene.ComposeSceneMediator$$Lambda/0x0000018445f5de80::invoke@12
                      ; - androidx.compose.ui.viewinterop.SwingInteropContainer::postponingExecutingScheduledUpdates@84 (line 251)
                      ; - androidx.compose.ui.scene.ComposeSceneMediator::onRender@30 (line 675)
                      ; - org.jetbrains.skiko.swing.SkiaSwingLayer$renderDelegateWithClipping$1::onRender@78 (line 53)
                      ; - org.jetbrains.skiko.swing.Direct3DSwingRedrawer::onRender$lambda$1@201 (line 83)
                      ; - org.jetbrains.skiko.swing.Direct3DSwingRedrawer$$Lambda/0x0000018445f586c0::invoke@24
                      ; - org.jetbrains.skiko.ResourceUtilsKt::autoCloseScope@29 (line 34)
  0x000001842d431b24: d889 fbfc 

  0x000001842d431b28: ;   {other}
  0x000001842d431b28: 0f1f 8400 | 984e 006a | e91c cfff 

  0x000001842d431b34: ;   {oop(a 'androidx/compose/runtime/SynchronizedObject'{0x00000000c52bf790})}
  0x000001842d431b34: ff48 b990 | f72b c500 | 0000 0048 | 8d94 24e0 | 0000 004d | 8bc7 49ba | e031 f84d | fa7f 0000 
  0x000001842d431b54: ;   {other}
  0x000001842d431b54: 41ff d20f | 1f84 0000 | 0000 00e9 | abcf ffff 

  0x000001842d431b64: ;   {oop(a 'androidx/compose/runtime/SynchronizedObject'{0x00000000c52bf790})}
  0x000001842d431b64: 48b9 90f7 | 2bc5 0000 | 0000 488d | 9424 e000 | 0000 4d8b | c749 bae0 | 31f8 4dfa | 7f00 0041 
  0x000001842d431b84: ;   {other}
  0x000001842d431b84: ffd2 0f1f | 8400 0000 | 0000 e922 

  0x000001842d431b90: ;   {oop(a 'androidx/compose/runtime/SynchronizedObject'{0x00000000c52bf790})}
  0x000001842d431b90: d1ff ff48 | ba90 f72b | c500 0000 | 004c 8d84 | 24e0 0000 | 0048 8b6c 

  0x000001842d431ba8: ;   {runtime_call _complete_monitor_locking_Java}
  0x000001842d431ba8: 2448 90e8 

  0x000001842d431bac: ; ImmutableOopMap {rbp=Oop [32]=Oop [40]=NarrowOop [48]=Oop [56]=NarrowOop [60]=NarrowOop [64]=NarrowOop [68]=NarrowOop [72]=Oop [88]=Oop [96]=Oop [104]=Oop [112]=Oop [120]=Oop [128]=Oop }
                      ;*monitorenter {reexecute=0 rethrow=0 return_oop=0}
                      ; - androidx.compose.runtime.snapshots.Snapshot$Companion::sendApplyNotifications@14 (line 2600)
                      ; - androidx.compose.ui.node.SnapshotInvalidationTracker::sendAndPerformSnapshotChanges@3 (line 83)
                      ; - androidx.compose.ui.scene.BaseComposeScene::render@230 (line 373)
                      ; - androidx.compose.ui.scene.ComposeSceneMediator::onRender$lambda$0$0@232 (line 677)
                      ; - androidx.compose.ui.scene.ComposeSceneMediator$$Lambda/0x0000018445f5de80::invoke@12
                      ; - androidx.compose.ui.viewinterop.SwingInteropContainer::postponingExecutingScheduledUpdates@84 (line 251)
                      ; - androidx.compose.ui.scene.ComposeSceneMediator::onRender@30 (line 675)
                      ; - org.jetbrains.skiko.swing.SkiaSwingLayer$renderDelegateWithClipping$1::onRender@78 (line 53)
                      ; - org.jetbrains.skiko.swing.Direct3DSwingRedrawer::onRender$lambda$1@201 (line 83)
                      ; - org.jetbrains.skiko.swing.Direct3DSwingRedrawer$$Lambda/0x0000018445f586c0::invoke@24
                      ; - org.jetbrains.skiko.ResourceUtilsKt::autoCloseScope@29 (line 34)
  0x000001842d431bac: 5089 fbfc 

  0x000001842d431bb0: ;   {other}
  0x000001842d431bb0: 0f1f 8400 | 204f 006b | e931 d0ff | ffba deff | ffff 4889 

  0x000001842d431bc4: ;   {runtime_call UncommonTrapBlob}
  0x000001842d431bc4: 7c24 38e8 

  0x000001842d431bc8: ; ImmutableOopMap {rbp=NarrowOop [40]=Oop [64]=NarrowOop [72]=Oop }
                      ;*invokeinterface paint {reexecute=0 rethrow=0 return_oop=0}
                      ; - org.jetbrains.skiko.swing.Direct3DSwingRedrawer::flush@41 (line 92)
                      ; - org.jetbrains.skiko.swing.Direct3DSwingRedrawer::onRender$lambda$1@211 (line 84)
                      ; - org.jetbrains.skiko.swing.Direct3DSwingRedrawer$$Lambda/0x0000018445f586c0::invoke@24
                      ; - org.jetbrains.skiko.ResourceUtilsKt::autoCloseScope@29 (line 34)
  0x000001842d431bc8: b427 effc 

  0x000001842d431bcc: ;   {other}
  0x000001842d431bcc: 0f1f 8400 | 3c4f 006c | 4c89 4424 | 2041 8beb | 498b d04c | 8d84 24e0 | 0000 004c | 8b94 2480 
  0x000001842d431bec: 0000 004c | 8954 2478 

  0x000001842d431bf4: ;   {runtime_call _complete_monitor_locking_Java}
  0x000001842d431bf4: 6666 90e8 

  0x000001842d431bf8: ; ImmutableOopMap {rbp=NarrowOop [32]=Oop [48]=Oop [56]=NarrowOop [64]=NarrowOop [72]=Oop [88]=Oop [96]=Oop [112]=Oop [120]=Oop }
                      ;*monitorenter {reexecute=0 rethrow=0 return_oop=0}
                      ; - androidx.compose.ui.viewinterop.SwingInteropContainer::postponingExecutingScheduledUpdates@100 (line 294)
                      ; - androidx.compose.ui.scene.ComposeSceneMediator::onRender@30 (line 675)
                      ; - org.jetbrains.skiko.swing.SkiaSwingLayer$renderDelegateWithClipping$1::onRender@78 (line 53)
                      ; - org.jetbrains.skiko.swing.Direct3DSwingRedrawer::onRender$lambda$1@201 (line 83)
                      ; - org.jetbrains.skiko.swing.Direct3DSwingRedrawer$$Lambda/0x0000018445f586c0::invoke@24
                      ; - org.jetbrains.skiko.ResourceUtilsKt::autoCloseScope@29 (line 34)
  0x000001842d431bf8: 0489 fbfc 

  0x000001842d431bfc: ;   {other}
  0x000001842d431bfc: 0f1f 8400 | 6c4f 006d | 448b dd4c | 8b44 2420 | e9a0 d1ff | ff49 8bc8 | 488d 9424 | e000 0000 
  0x000001842d431c1c: 4d8b c749 | bae0 31f8 | 4dfa 7f00 | 0041 ffd2 

  0x000001842d431c2c: ;   {other}
  0x000001842d431c2c: 0f1f 8400 | 0000 0000 | e918 d2ff | ffba e4ff | ffff 498b | e989 5c24 | 2844 895c 

  0x000001842d431c48: ;   {runtime_call UncommonTrapBlob}
  0x000001842d431c48: 242c 90e8 

  0x000001842d431c4c: ; ImmutableOopMap {rbp=Oop [40]=NarrowOop [72]=Oop }
                      ;*aaload {reexecute=0 rethrow=0 return_oop=0}
                      ; - java.util.ArrayList$ListItr::previous@57 (line 1130)
                      ; - kotlin.collections.ReversedList$listIterator$1::next@4 (line 48)
                      ; - org.jetbrains.skiko.ResourceUtilsKt::autoCloseScope@66 (line 41)
  0x000001842d431c4c: 3027 effc 

  0x000001842d431c50: ;   {other}
  0x000001842d431c50: 0f1f 8400 | c04f 006e | babe ffff | ff48 8944 

  0x000001842d431c60: ;   {runtime_call UncommonTrapBlob}
  0x000001842d431c60: 2420 90e8 

  0x000001842d431c64: ; ImmutableOopMap {[32]=Oop [72]=Oop }
                      ;*ifeq {reexecute=1 rethrow=0 return_oop=0}
                      ; - (reexecute) org.jetbrains.skiko.ResourceUtilsKt::autoCloseScope@61 (line 41)
  0x000001842d431c64: 1827 effc 

  0x000001842d431c68: ;   {other}
  0x000001842d431c68: 0f1f 8400 | d84f 006f | bac6 ffff | ff49 8bea | 4c89 4c24 

  0x000001842d431c7c: ;   {runtime_call UncommonTrapBlob}
  0x000001842d431c7c: 2066 90e8 

  0x000001842d431c80: ; ImmutableOopMap {rbp=Oop [32]=Oop [72]=Oop }
                      ;*invokeinterface close {reexecute=0 rethrow=0 return_oop=0}
                      ; - org.jetbrains.skiko.ResourceUtilsKt::autoCloseScope@85 (line 37)
  0x000001842d431c80: fc26 effc 

  0x000001842d431c84: ;   {other}
  0x000001842d431c84: 0f1f 8400 | f44f 0070 | 488b eaeb | 0348 8bea | bade ffff | ff4c 8954 | 2420 4c89 

  0x000001842d431ca0: ;   {runtime_call UncommonTrapBlob}
  0x000001842d431ca0: 4c24 28e8 

  0x000001842d431ca4: ; ImmutableOopMap {rbp=Oop [32]=Oop [40]=Oop [72]=Oop }
                      ;*invokeinterface clean {reexecute=0 rethrow=0 return_oop=0}
                      ; - org.jetbrains.skia.impl.Managed::close@108 (line 20)
                      ; - org.jetbrains.skiko.ResourceUtilsKt::autoCloseScope@85 (line 37)
  0x000001842d431ca4: d826 effc 

  0x000001842d431ca8: ;   {other}
  0x000001842d431ca8: 0f1f 8400 | 1850 0071 | 488b eaeb | 0348 8bea | bade ffff | ff4c 8954 | 2420 4c89 

  0x000001842d431cc4: ;   {runtime_call UncommonTrapBlob}
  0x000001842d431cc4: 4c24 28e8 

  0x000001842d431cc8: ; ImmutableOopMap {rbp=Oop [32]=Oop [40]=Oop [72]=Oop }
                      ;*invokeinterface clean {reexecute=0 rethrow=0 return_oop=0}
                      ; - org.jetbrains.skia.impl.Managed::close@108 (line 20)
                      ; - org.jetbrains.skiko.ResourceUtilsKt::autoCloseScope@85 (line 37)
  0x000001842d431cc8: b426 effc 

  0x000001842d431ccc: ;   {other}
  0x000001842d431ccc: 0f1f 8400 | 3c50 0072 | ba45 ffff | ff49 8be8 | 4489 5c24 | 2044 8954 | 2424 4c89 

  0x000001842d431ce8: ;   {runtime_call UncommonTrapBlob}
  0x000001842d431ce8: 4c24 28e8 

  0x000001842d431cec: ; ImmutableOopMap {rbp=Oop [40]=Oop [72]=Oop }
                      ;*if_icmpeq {reexecute=1 rethrow=0 return_oop=0}
                      ; - (reexecute) java.util.AbstractList$Itr::checkForComodification@11 (line 400)
                      ; - java.util.AbstractList$ListItr::previous@1 (line 415)
                      ; - kotlin.collections.ReversedList$listIterator$1::next@4 (line 48)
                      ; - org.jetbrains.skiko.ResourceUtilsKt::autoCloseScope@66 (line 41)
  0x000001842d431cec: 9026 effc 

  0x000001842d431cf0: ;   {other}
  0x000001842d431cf0: 0f1f 8400 | 6050 0073 | ba45 ffff | ff49 8be8 | 4489 5424 | 2444 8954 | 2428 4c89 

  0x000001842d431d0c: ;   {runtime_call UncommonTrapBlob}
  0x000001842d431d0c: 4c24 30e8 

  0x000001842d431d10: ; ImmutableOopMap {rbp=Oop [48]=Oop [72]=Oop }
                      ;*ifeq {reexecute=1 rethrow=0 return_oop=0}
                      ; - (reexecute) java.util.Collections$SingletonList::get@1 (line 5179)
                      ; - java.util.AbstractList$ListItr::previous@16 (line 418)
                      ; - kotlin.collections.ReversedList$listIterator$1::next@4 (line 48)
                      ; - org.jetbrains.skiko.ResourceUtilsKt::autoCloseScope@66 (line 41)
  0x000001842d431d10: 6c26 effc 

  0x000001842d431d14: ;   {other}
  0x000001842d431d14: 0f1f 8400 | 8450 0074 | 498b d749 | ba20 41b6 | 4dfa 7f00 | 0041 ffd2 

  0x000001842d431d2c: ;   {other}
  0x000001842d431d2c: 0f1f 8400 | 0000 0000 | e986 baff | ff49 8bd7 | 49ba 2041 | b64d fa7f | 0000 41ff 

  0x000001842d431d48: ;   {other}
  0x000001842d431d48: d20f 1f84 | 0000 0000 | 00e9 70bc | ffff 498b | d749 ba20 | 41b6 4dfa | 7f00 0041 

  0x000001842d431d64: ;   {other}
  0x000001842d431d64: ffd2 0f1f | 8400 0000 | 0000 e90c | bcff ff49 | 8bd7 49ba | 2041 b64d | fa7f 0000 

  0x000001842d431d80: ;   {other}
  0x000001842d431d80: 41ff d20f | 1f84 0000 | 0000 00e9 | dbbc ffff | 498b d749 | ba20 41b6 | 4dfa 7f00 | 0041 ffd2 
  0x000001842d431da0: ;   {other}
  0x000001842d431da0: 0f1f 8400 | 0000 0000 | e9c5 e9ff | ff49 8bd7 | 49ba 2041 | b64d fa7f | 0000 41ff 

  0x000001842d431dbc: ;   {other}
  0x000001842d431dbc: d20f 1f84 | 0000 0000 | 00e9 38c4 | ffff 498b | d749 ba20 | 41b6 4dfa | 7f00 0041 

  0x000001842d431dd8: ;   {other}
  0x000001842d431dd8: ffd2 0f1f | 8400 0000 | 0000 e964 | cdff ffba | 45ff ffff | 488b 6c24 | 4889 4424 

  0x000001842d431df4: ;   {runtime_call UncommonTrapBlob}
  0x000001842d431df4: 2866 90e8 

  0x000001842d431df8: ; ImmutableOopMap {rbp=Oop }
                      ;*if_icmpgt {reexecute=1 rethrow=0 return_oop=0}
                      ; - (reexecute) kotlin.collections.CollectionsKt__ReversedViewsKt::reversePositionIndex$CollectionsKt__ReversedViewsKt@12 (line 68)
                      ; - kotlin.collections.CollectionsKt__ReversedViewsKt::access$reversePositionIndex@2 (line 1)
                      ; - kotlin.collections.ReversedList$listIterator$1::<init>@19 (line 45)
                      ; - kotlin.collections.ReversedList::listIterator@6 (line 44)
                      ; - kotlin.collections.ReversedList::iterator@2 (line 41)
                      ; - org.jetbrains.skiko.ResourceUtilsKt::autoCloseScope@47 (line 41)
  0x000001842d431df8: 8425 effc 

  0x000001842d431dfc: ;   {other}
  0x000001842d431dfc: 0f1f 8400 | 6c51 0075 | ba45 ffff | ff48 894c | 2420 897c | 2428 895c | 242c 4489 | 5c24 3048 
  0x000001842d431e1c: 8974 2438 | 4489 4c24 

  0x000001842d431e24: ;   {runtime_call UncommonTrapBlob}
  0x000001842d431e24: 4066 90e8 

  0x000001842d431e28: ; ImmutableOopMap {[32]=Oop [44]=NarrowOop [64]=NarrowOop }
                      ;*ifnonnull {reexecute=1 rethrow=0 return_oop=0}
                      ; - (reexecute) kotlin.jvm.internal.Intrinsics::checkNotNullParameter@1 (line 130)
                      ; - org.jetbrains.skiko.swing.Direct3DSwingRedrawer::onRender$lambda$1@10
                      ; - org.jetbrains.skiko.swing.Direct3DSwingRedrawer$$Lambda/0x0000018445f586c0::invoke@24
                      ; - org.jetbrains.skiko.ResourceUtilsKt::autoCloseScope@29 (line 34)
  0x000001842d431e28: 5425 effc 

  0x000001842d431e2c: ;   {other}
  0x000001842d431e2c: 0f1f 8400 | 9c51 0076 | ba45 ffff | ff48 894c | 2428 895c | 2434 4489 | 5c24 3848 | 8974 2440 
  0x000001842d431e4c: 4489 4c24 | 3c89 7c24 

  0x000001842d431e54: ;   {runtime_call UncommonTrapBlob}
  0x000001842d431e54: 4866 90e8 

  0x000001842d431e58: ; ImmutableOopMap {[40]=Oop [52]=NarrowOop [60]=NarrowOop }
                      ;*ifeq {reexecute=1 rethrow=0 return_oop=0}
                      ; - (reexecute) org.jetbrains.skiko.graphicapi.InternalDirectXApi::alignedTextureWidth@5 (line 23)
                      ; - org.jetbrains.skiko.swing.Direct3DSwingRedrawer::onRender$lambda$1@24 (line 64)
                      ; - org.jetbrains.skiko.swing.Direct3DSwingRedrawer$$Lambda/0x0000018445f586c0::invoke@24
                      ; - org.jetbrains.skiko.ResourceUtilsKt::autoCloseScope@29 (line 34)
  0x000001842d431e58: 2425 effc 

  0x000001842d431e5c: ;   {other}
  0x000001842d431e5c: 0f1f 8400 | cc51 0077 | 4533 d249 | 3bc2 bdff | ffff ff7c | 0840 0f95 | c540 0fb6 | edba 45ff 
  0x000001842d431e7c: ;   {runtime_call UncommonTrapBlob}
  0x000001842d431e7c: ffff 90e8 

  0x000001842d431e80: ; ImmutableOopMap {[72]=Oop }
                      ;*ifne {reexecute=1 rethrow=0 return_oop=0}
                      ; - (reexecute) org.jetbrains.skiko.swing.Direct3DSwingRedrawer::onRender$lambda$1@56 (line 67)
                      ; - org.jetbrains.skiko.swing.Direct3DSwingRedrawer$$Lambda/0x0000018445f586c0::invoke@24
                      ; - org.jetbrains.skiko.ResourceUtilsKt::autoCloseScope@29 (line 34)
  0x000001842d431e80: fc24 effc 

  0x000001842d431e84: ;   {other}
  0x000001842d431e84: 0f1f 8400 | f451 0078 | ba45 ffff | ff4c 8944 | 2428 4c8b | 5424 504c | 8954 2448 

  0x000001842d431ea0: ;   {runtime_call UncommonTrapBlob}
  0x000001842d431ea0: 6666 90e8 

  0x000001842d431ea4: ; ImmutableOopMap {[40]=Oop [60]=NarrowOop [64]=NarrowOop [92]=NarrowOop [96]=Oop }
                      ;*ifeq {reexecute=1 rethrow=0 return_oop=0}
                      ; - (reexecute) org.jetbrains.skia.impl.Stats::onNativeCall@3 (line 10)
                      ; - org.jetbrains.skia.Surface$Companion::makeFromBackendRenderTarget@29 (line 279)
                      ; - org.jetbrains.skiko.swing.Direct3DSwingRedrawer::onRender$lambda$1@125 (line 72)
                      ; - org.jetbrains.skiko.swing.Direct3DSwingRedrawer$$Lambda/0x0000018445f586c0::invoke@24
                      ; - org.jetbrains.skiko.ResourceUtilsKt::autoCloseScope@29 (line 34)
  0x000001842d431ea4: d824 effc 

  0x000001842d431ea8: ;   {other}
  0x000001842d431ea8: 0f1f 8400 | 1852 0079 | 4533 db49 | 3bc3 bdff | ffff ff7c | 0840 0f95 | c540 0fb6 | edba 45ff 
  0x000001842d431ec8: ffff 4c8b | 5424 484c | 8954 2428 | 4c8b 5424 | 504c 8954 

  0x000001842d431edc: ;   {runtime_call UncommonTrapBlob}
  0x000001842d431edc: 2448 90e8 

  0x000001842d431ee0: ; ImmutableOopMap {[40]=Oop [60]=NarrowOop [64]=NarrowOop [92]=NarrowOop [96]=Oop }
                      ;*ifne {reexecute=1 rethrow=0 return_oop=0}
                      ; - (reexecute) org.jetbrains.skia.Surface$Companion::makeFromBackendRenderTarget@112 (line 290)
                      ; - org.jetbrains.skiko.swing.Direct3DSwingRedrawer::onRender$lambda$1@125 (line 72)
                      ; - org.jetbrains.skiko.swing.Direct3DSwingRedrawer$$Lambda/0x0000018445f586c0::invoke@24
                      ; - org.jetbrains.skiko.ResourceUtilsKt::autoCloseScope@29 (line 34)
  0x000001842d431ee0: 9c24 effc 

  0x000001842d431ee4: ;   {other}
  0x000001842d431ee4: 0f1f 8400 | 5452 007a | ba45 ffff | ff4c 8954 | 2420 448b | 5c24 4444 | 895c 2428 | 448b 5424 
  0x000001842d431f04: 4044 8954 | 2434 4c8b | 5424 684c | 8954 2448 

  0x000001842d431f14: ;   {runtime_call UncommonTrapBlob}
  0x000001842d431f14: 6666 90e8 

  0x000001842d431f18: ; ImmutableOopMap {[32]=Oop [52]=NarrowOop [72]=Oop [92]=NarrowOop [104]=Oop }
                      ;*ifeq {reexecute=1 rethrow=0 return_oop=0}
                      ; - (reexecute) org.jetbrains.skia.impl.Stats::onNativeCall@3 (line 10)
                      ; - org.jetbrains.skia.Surface::getCanvas@4 (line 656)
                      ; - org.jetbrains.skiko.swing.Direct3DSwingRedrawer::onRender$lambda$1@180 (line 81)
                      ; - org.jetbrains.skiko.swing.Direct3DSwingRedrawer$$Lambda/0x0000018445f586c0::invoke@24
                      ; - org.jetbrains.skiko.ResourceUtilsKt::autoCloseScope@29 (line 34)
  0x000001842d431f18: 6424 effc 

  0x000001842d431f1c: ;   {other}
  0x000001842d431f1c: 0f1f 8400 | 8c52 007b | 4533 d249 | 3bc2 bdff | ffff ff7c | 0840 0f95 | c540 0fb6 | edba 45ff 
  0x000001842d431f3c: ffff 4c8b | 5424 484c | 8954 2420 | 448b 5c24 | 4444 895c | 2428 448b | 5424 4044 | 8954 2434 
  0x000001842d431f5c: 4c8b 5424 | 684c 8954 

  0x000001842d431f64: ;   {runtime_call UncommonTrapBlob}
  0x000001842d431f64: 2448 90e8 

  0x000001842d431f68: ; ImmutableOopMap {[32]=Oop [52]=NarrowOop [72]=Oop [92]=NarrowOop [104]=Oop }
                      ;*ifne {reexecute=1 rethrow=0 return_oop=0}
                      ; - (reexecute) org.jetbrains.skia.Surface::getCanvas@23 (line 658)
                      ; - org.jetbrains.skiko.swing.Direct3DSwingRedrawer::onRender$lambda$1@180 (line 81)
                      ; - org.jetbrains.skiko.swing.Direct3DSwingRedrawer$$Lambda/0x0000018445f586c0::invoke@24
                      ; - org.jetbrains.skiko.ResourceUtilsKt::autoCloseScope@29 (line 34)
  0x000001842d431f68: 1424 effc 

  0x000001842d431f6c: ;   {other}
  0x000001842d431f6c: 0f1f 8400 | dc52 007c | ba45 ffff | ff4c 8b54 | 2448 4c89 | 5424 2044 | 8b5c 2444 | 4489 5c24 
  0x000001842d431f8c: 284c 8b54 | 2450 4c89 | 5424 3844 | 8b5c 2440 | 4489 5c24 | 344c 894c | 2440 4c89 

  0x000001842d431fa8: ;   {runtime_call UncommonTrapBlob}
  0x000001842d431fa8: 4424 50e8 

  0x000001842d431fac: ; ImmutableOopMap {[32]=Oop [52]=NarrowOop [64]=Oop [80]=Oop [92]=NarrowOop }
                      ;*ifeq {reexecute=1 rethrow=0 return_oop=0}
                      ; - (reexecute) org.jetbrains.skia.impl.Stats::onNativeCall@3 (line 10)
                      ; - org.jetbrains.skia.Canvas::clear@3 (line 950)
                      ; - org.jetbrains.skiko.swing.Direct3DSwingRedrawer::onRender$lambda$1@188 (line 82)
                      ; - org.jetbrains.skiko.swing.Direct3DSwingRedrawer$$Lambda/0x0000018445f586c0::invoke@24
                      ; - org.jetbrains.skiko.ResourceUtilsKt::autoCloseScope@29 (line 34)
  0x000001842d431fac: d023 effc 

  0x000001842d431fb0: ;   {other}
  0x000001842d431fb0: 0f1f 8400 | 2053 007d | ba45 ffff | ff4c 8b54 | 2448 4c89 | 5424 2044 | 8b5c 2438 | 4489 5c24 
  0x000001842d431fd0: 2c44 8b54 | 2440 4489 

  0x000001842d431fd8: ;   {runtime_call UncommonTrapBlob}
  0x000001842d431fd8: 5424 30e8 

  0x000001842d431fdc: ; ImmutableOopMap {[32]=Oop [40]=NarrowOop [44]=NarrowOop [48]=NarrowOop [68]=NarrowOop [88]=Oop [96]=Oop }
                      ;*ifne {reexecute=1 rethrow=0 return_oop=0}
                      ; - (reexecute) androidx.compose.ui.viewinterop.SwingInteropContainer::postponingExecutingScheduledUpdates@31 (line 285)
                      ; - androidx.compose.ui.scene.ComposeSceneMediator::onRender@30 (line 675)
                      ; - org.jetbrains.skiko.swing.SkiaSwingLayer$renderDelegateWithClipping$1::onRender@78 (line 53)
                      ; - org.jetbrains.skiko.swing.Direct3DSwingRedrawer::onRender$lambda$1@201 (line 83)
                      ; - org.jetbrains.skiko.swing.Direct3DSwingRedrawer$$Lambda/0x0000018445f586c0::invoke@24
                      ; - org.jetbrains.skiko.ResourceUtilsKt::autoCloseScope@29 (line 34)
  0x000001842d431fdc: a023 effc 

  0x000001842d431fe0: ;   {other}
  0x000001842d431fe0: 0f1f 8400 | 5053 007e | ba45 ffff | ff4c 8b54 | 2448 4c89 | 5424 2044 | 8b54 2438 | 4489 5424 
  0x000001842d432000: 2844 8b5c | 2440 4489 | 5c24 2c4c | 8b54 2460 | 4c89 5424 | 3048 ff74 | 2458 488f | 4424 4844 
  0x000001842d432020: 8b54 243c | 4489 5424 | 3844 8b5c | 2444 4489 | 5c24 3c4c | 8b54 2448 | 4c89 5424 

  0x000001842d43203c: ;   {runtime_call UncommonTrapBlob}
  0x000001842d43203c: 4066 90e8 

  0x000001842d432040: ; ImmutableOopMap {rbp=NarrowOop [32]=Oop [40]=NarrowOop [44]=NarrowOop [48]=Oop [56]=NarrowOop [60]=NarrowOop [64]=Oop [72]=Oop [104]=Oop }
                      ;*ifnull {reexecute=1 rethrow=0 return_oop=0}
                      ; - (reexecute) androidx.compose.ui.scene.ComposeSceneMediator::onRender$lambda$0$0@15 (line 1093)
                      ; - androidx.compose.ui.scene.ComposeSceneMediator$$Lambda/0x0000018445f5de80::invoke@12
                      ; - androidx.compose.ui.viewinterop.SwingInteropContainer::postponingExecutingScheduledUpdates@84 (line 251)
                      ; - androidx.compose.ui.scene.ComposeSceneMediator::onRender@30 (line 675)
                      ; - org.jetbrains.skiko.swing.SkiaSwingLayer$renderDelegateWithClipping$1::onRender@78 (line 53)
                      ; - org.jetbrains.skiko.swing.Direct3DSwingRedrawer::onRender$lambda$1@201 (line 83)
                      ; - org.jetbrains.skiko.swing.Direct3DSwingRedrawer$$Lambda/0x0000018445f586c0::invoke@24
                      ; - org.jetbrains.skiko.ResourceUtilsKt::autoCloseScope@29 (line 34)
  0x000001842d432040: 3c23 effc 

  0x000001842d432044: ;   {other}
  0x000001842d432044: 0f1f 8400 | b453 007f | ba45 ffff | ff48 8b6c | 2448 448b | 5424 3844 | 8954 2420 | 448b 4424 
  0x000001842d432064: 4044 8944 | 2424 4c8b | 5424 604c | 8954 2430 | 4c8b 5424 | 584c 8954 | 2448 448b | 5424 3c44 
  0x000001842d432084: 8954 2438 | 448b 4424 | 4444 8944 | 243c 48ff | 7424 4848 | 8f44 2440 | 4c8b 5424 | 684c 8954 
  0x000001842d4320a4: 2458 4489 

  0x000001842d4320a8: ;   {runtime_call UncommonTrapBlob}
  0x000001842d4320a8: 5c24 68e8 

  0x000001842d4320ac: ; ImmutableOopMap {rbp=Oop [32]=NarrowOop [36]=NarrowOop [48]=Oop [56]=NarrowOop [60]=NarrowOop [64]=Oop [72]=Oop [88]=Oop }
                      ;*ifeq {reexecute=1 rethrow=0 return_oop=0}
                      ; - (reexecute) org.jetbrains.skia.impl.Stats::onNativeCall@3 (line 10)
                      ; - org.jetbrains.skia.Canvas::save@4 (line 1279)
                      ; - androidx.compose.ui.scene.ComposeSceneMediator::onRender$lambda$0$0@140 (line 1103)
                      ; - androidx.compose.ui.scene.ComposeSceneMediator$$Lambda/0x0000018445f5de80::invoke@12
                      ; - androidx.compose.ui.viewinterop.SwingInteropContainer::postponingExecutingScheduledUpdates@84 (line 251)
                      ; - androidx.compose.ui.scene.ComposeSceneMediator::onRender@30 (line 675)
                      ; - org.jetbrains.skiko.swing.SkiaSwingLayer$renderDelegateWithClipping$1::onRender@78 (line 53)
                      ; - org.jetbrains.skiko.swing.Direct3DSwingRedrawer::onRender$lambda$1@201 (line 83)
                      ; - org.jetbrains.skiko.swing.Direct3DSwingRedrawer$$Lambda/0x0000018445f586c0::invoke@24
                      ; - org.jetbrains.skiko.ResourceUtilsKt::autoCloseScope@29 (line 34)
  0x000001842d4320ac: d022 effc 

  0x000001842d4320b0: ;   {other}
  0x000001842d4320b0: 0f1f 8400 | 2054 0080 | ba45 ffff | ff4c 8b44 | 2448 4c89 | 4424 2044 | 8b44 2438 | 4489 4424 
  0x000001842d4320d0: 2844 8b4c | 2440 4489 | 4c24 2c4c | 8b44 2460 | 4c89 4424 | 3048 ff74 | 2458 488f | 4424 4844 
  0x000001842d4320f0: 8b44 243c | 4489 4424 | 3844 8b44 | 2444 4489 | 4424 3c4c | 8b44 2448 | 4c89 4424 | 404c 8b44 
  0x000001842d432110: 2468 4c89 | 4424 60c4 | c179 6ec2 | c5fa 1144 | 2468 c4c1 | 796e cbc5 | fa11 4c24 

  0x000001842d43212c: ;   {runtime_call UncommonTrapBlob}
  0x000001842d43212c: 6c66 90e8 

  0x000001842d432130: ; ImmutableOopMap {[32]=Oop [40]=NarrowOop [44]=NarrowOop [48]=Oop [56]=NarrowOop [60]=NarrowOop [64]=Oop [72]=Oop [96]=Oop }
                      ;*ifeq {reexecute=1 rethrow=0 return_oop=0}
                      ; - (reexecute) org.jetbrains.skia.impl.Stats::onNativeCall@3 (line 10)
                      ; - org.jetbrains.skia.Canvas::translate@16 (line 1090)
                      ; - androidx.compose.ui.scene.ComposeSceneMediator::onRender$lambda$0$0@211 (line 1104)
                      ; - androidx.compose.ui.scene.ComposeSceneMediator$$Lambda/0x0000018445f5de80::invoke@12
                      ; - androidx.compose.ui.viewinterop.SwingInteropContainer::postponingExecutingScheduledUpdates@84 (line 251)
                      ; - androidx.compose.ui.scene.ComposeSceneMediator::onRender@30 (line 675)
                      ; - org.jetbrains.skiko.swing.SkiaSwingLayer$renderDelegateWithClipping$1::onRender@78 (line 53)
                      ; - org.jetbrains.skiko.swing.Direct3DSwingRedrawer::onRender$lambda$1@201 (line 83)
                      ; - org.jetbrains.skiko.swing.Direct3DSwingRedrawer$$Lambda/0x0000018445f586c0::invoke@24
                      ; - org.jetbrains.skiko.ResourceUtilsKt::autoCloseScope@29 (line 34)
  0x000001842d432130: 4c22 effc 

  0x000001842d432134: ;   {other}
  0x000001842d432134: 0f1f 8400 | a454 0081 | ba45 ffff | ff4c 8b54 | 2448 4c89 | 5424 2044 | 8b5c 2438 | 4489 5c24 
  0x000001842d432154: 2844 8b54 | 2440 4489 | 5424 2c44 | 8b5c 243c | 4489 5c24 | 3844 8b54 | 2444 4489 

  0x000001842d432170: ;   {runtime_call UncommonTrapBlob}
  0x000001842d432170: 5424 3ce8 

  0x000001842d432174: ; ImmutableOopMap {[32]=Oop [40]=NarrowOop [44]=NarrowOop [56]=NarrowOop [60]=NarrowOop [88]=Oop [96]=Oop [104]=Oop }
                      ;*ifeq {reexecute=1 rethrow=0 return_oop=0}
                      ; - (reexecute) androidx.compose.ui.scene.BaseComposeScene::render@11 (line 169)
                      ; - androidx.compose.ui.scene.ComposeSceneMediator::onRender$lambda$0$0@232 (line 677)
                      ; - androidx.compose.ui.scene.ComposeSceneMediator$$Lambda/0x0000018445f5de80::invoke@12
                      ; - androidx.compose.ui.viewinterop.SwingInteropContainer::postponingExecutingScheduledUpdates@84 (line 251)
                      ; - androidx.compose.ui.scene.ComposeSceneMediator::onRender@30 (line 675)
                      ; - org.jetbrains.skiko.swing.SkiaSwingLayer$renderDelegateWithClipping$1::onRender@78 (line 53)
                      ; - org.jetbrains.skiko.swing.Direct3DSwingRedrawer::onRender$lambda$1@201 (line 83)
                      ; - org.jetbrains.skiko.swing.Direct3DSwingRedrawer$$Lambda/0x0000018445f586c0::invoke@24
                      ; - org.jetbrains.skiko.ResourceUtilsKt::autoCloseScope@29 (line 34)
  0x000001842d432174: 0822 effc 

  0x000001842d432178: ;   {other}
  0x000001842d432178: 0f1f 8400 | e854 0082 | ba45 ffff | ff44 8b44 | 2438 4489 | 4424 2844 | 8b5c 2440 | 4489 5c24 
  0x000001842d432198: 2c89 4c24 | 384c 8954 

  0x000001842d4321a0: ;   {runtime_call UncommonTrapBlob}
  0x000001842d4321a0: 2440 90e8 

  0x000001842d4321a4: ; ImmutableOopMap {[40]=NarrowOop [44]=NarrowOop [56]=NarrowOop [64]=Oop [72]=Oop [96]=Oop }
                      ;*ifeq {reexecute=1 rethrow=0 return_oop=0}
                      ; - (reexecute) org.jetbrains.skia.impl.Stats::onNativeCall@3 (line 10)
                      ; - org.jetbrains.skia.DirectContext::flushAndSubmit@10 (line 95)
                      ; - org.jetbrains.skia.Surface::flushAndSubmit@10 (line 967)
                      ; - org.jetbrains.skiko.swing.Direct3DSwingRedrawer::flush@14 (line 89)
                      ; - org.jetbrains.skiko.swing.Direct3DSwingRedrawer::onRender$lambda$1@211 (line 84)
                      ; - org.jetbrains.skiko.swing.Direct3DSwingRedrawer$$Lambda/0x0000018445f586c0::invoke@24
                      ; - org.jetbrains.skiko.ResourceUtilsKt::autoCloseScope@29 (line 34)
  0x000001842d4321a4: d821 effc 

  0x000001842d4321a8: ;   {other}
  0x000001842d4321a8: 0f1f 8400 | 1855 0083 

  0x000001842d4321b0: ;   {section_word}
  0x000001842d4321b0: c5f8 2e15 | c8b3 ffff | bdff ffff | ff0f 8a0e | 0000 000f | 8208 0000 | 0040 0f95 | c540 0fb6 
  0x000001842d4321d0: edc5 fa5a | c1c4 c1f9 | 7ec2 c5fa | 5ac2 ba45 | ffff ff4c | 8b4c 2448 | 4c89 4c24 | 2044 8b4c 
  0x000001842d4321f0: 245c 4489 | 4c24 288b | 4c24 4089 | 4c24 2c4c | 8b4c 2460 | 4c89 4c24 | 304c 8944 | 2438 448b 
  0x000001842d432210: 4c24 4444 | 894c 2440 | 448b 4424 | 5844 8944 | 2444 4c89 | 5424 58c5 | fb11 4424 

  0x000001842d43222c: ;   {runtime_call UncommonTrapBlob}
  0x000001842d43222c: 6066 90e8 

  0x000001842d432230: ; ImmutableOopMap {[32]=Oop [40]=NarrowOop [44]=NarrowOop [48]=Oop [56]=Oop [104]=Oop }
                      ;*ifeq {reexecute=1 rethrow=0 return_oop=0}
                      ; - (reexecute) java.awt.geom.AffineTransform::setToScale@39 (line 2147)
                      ; - java.awt.geom.AffineTransform::getScaleInstance@13 (line 818)
                      ; - sun.awt.Win32GraphicsConfig::getDefaultTransform@20 (line 186)
                      ; - org.jetbrains.skiko.swing.SkiaSwingLayer$renderDelegateWithClipping$1::onRender@13 (line 48)
                      ; - org.jetbrains.skiko.swing.Direct3DSwingRedrawer::onRender$lambda$1@201 (line 83)
                      ; - org.jetbrains.skiko.swing.Direct3DSwingRedrawer$$Lambda/0x0000018445f586c0::invoke@24
                      ; - org.jetbrains.skiko.ResourceUtilsKt::autoCloseScope@29 (line 34)
  0x000001842d432230: 4c21 effc 

  0x000001842d432234: ;   {other}
  0x000001842d432234: 0f1f 8400 | a455 0084 

  0x000001842d43223c: ;   {section_word}
  0x000001842d43223c: c5f8 2e0d | 3cb3 ffff | bdff ffff | ff0f 8a0e | 0000 000f | 8208 0000 | 0040 0f95 | c540 0fb6 
  0x000001842d43225c: edc5 f25a | c9c5 fa5a | c0ba 45ff | ffff 4c8b | 5c24 484c | 895c 2420 | 448b 5c24 | 3844 895c 
  0x000001842d43227c: 2428 448b | 4424 4044 | 8944 242c | 4c8b 5c24 | 604c 895c | 2430 48ff | 7424 5848 | 8f44 2448 
  0x000001842d43229c: 448b 5c24 | 3c44 895c | 2438 448b | 4424 4444 | 8944 243c | 4c8b 5c24 | 484c 895c | 2440 4c8b 
  0x000001842d4322bc: 5c24 684c | 895c 2458 | 4489 5424 | 60c5 fb11 | 4424 68c5 | fb11 4c24 

  0x000001842d4322d4: ;   {runtime_call UncommonTrapBlob}
  0x000001842d4322d4: 7066 90e8 

  0x000001842d4322d8: ; ImmutableOopMap {[32]=Oop [40]=NarrowOop [44]=NarrowOop [48]=Oop [56]=NarrowOop [60]=NarrowOop [64]=Oop [72]=Oop [88]=Oop [96]=NarrowOop }
                      ;*ifeq {reexecute=1 rethrow=0 return_oop=0}
                      ; - (reexecute) java.awt.geom.AffineTransform::setToScale@39 (line 2147)
                      ; - java.awt.geom.AffineTransform::getScaleInstance@13 (line 818)
                      ; - sun.awt.Win32GraphicsConfig::getDefaultTransform@20 (line 186)
                      ; - androidx.compose.ui.window.LayoutConfiguration_desktopKt::getDensity@1 (line 49)
                      ; - androidx.compose.ui.window.LayoutConfiguration_desktopKt::getDensity@16 (line 43)
                      ; - androidx.compose.ui.scene.ComposeSceneMediator::onRender$lambda$0$0@48 (line 1096)
                      ; - androidx.compose.ui.scene.ComposeSceneMediator$$Lambda/0x0000018445f5de80::invoke@12
                      ; - androidx.compose.ui.viewinterop.SwingInteropContainer::postponingExecutingScheduledUpdates@84 (line 251)
                      ; - androidx.compose.ui.scene.ComposeSceneMediator::onRender@30 (line 675)
                      ; - org.jetbrains.skiko.swing.SkiaSwingLayer$renderDelegateWithClipping$1::onRender@78 (line 53)
                      ; - org.jetbrains.skiko.swing.Direct3DSwingRedrawer::onRender$lambda$1@201 (line 83)
                      ; - org.jetbrains.skiko.swing.Direct3DSwingRedrawer$$Lambda/0x0000018445f586c0::invoke@24
                      ; - org.jetbrains.skiko.ResourceUtilsKt::autoCloseScope@29 (line 34)
  0x000001842d4322d8: a420 effc 

  0x000001842d4322dc: ;   {other}
  0x000001842d4322dc: 0f1f 8400 | 4c56 0085 | ba45 ffff | ff4c 8b54 | 2448 4c89 | 5424 2044 | 8b5c 2438 | 4489 5c24 
  0x000001842d4322fc: 2844 8b54 | 2440 4489 | 5424 2c44 | 8b5c 243c | 4489 5c24 | 3844 8b54 | 2444 4489 

  0x000001842d432318: ;   {runtime_call UncommonTrapBlob}
  0x000001842d432318: 5424 3ce8 

  0x000001842d43231c: ; ImmutableOopMap {[32]=Oop [40]=NarrowOop [44]=NarrowOop [56]=NarrowOop [60]=NarrowOop [88]=Oop [96]=Oop [104]=Oop }
                      ;*ifeq {reexecute=1 rethrow=0 return_oop=0}
                      ; - (reexecute) org.jetbrains.skia.impl.Stats::onNativeCall@3 (line 10)
                      ; - org.jetbrains.skia.Canvas::restore@3 (line 1391)
                      ; - androidx.compose.ui.scene.ComposeSceneMediator::onRender$lambda$0$0@241 (line 1111)
                      ; - androidx.compose.ui.scene.ComposeSceneMediator$$Lambda/0x0000018445f5de80::invoke@12
                      ; - androidx.compose.ui.viewinterop.SwingInteropContainer::postponingExecutingScheduledUpdates@84 (line 251)
                      ; - androidx.compose.ui.scene.ComposeSceneMediator::onRender@30 (line 675)
                      ; - org.jetbrains.skiko.swing.SkiaSwingLayer$renderDelegateWithClipping$1::onRender@78 (line 53)
                      ; - org.jetbrains.skiko.swing.Direct3DSwingRedrawer::onRender$lambda$1@201 (line 83)
                      ; - org.jetbrains.skiko.swing.Direct3DSwingRedrawer$$Lambda/0x0000018445f586c0::invoke@24
                      ; - org.jetbrains.skiko.ResourceUtilsKt::autoCloseScope@29 (line 34)
  0x000001842d43231c: 6020 effc 

  0x000001842d432320: ;   {other}
  0x000001842d432320: 0f1f 8400 | 9056 0086 | bac6 ffff | ff48 8944 

  0x000001842d432330: ;   {runtime_call UncommonTrapBlob}
  0x000001842d432330: 2420 90e8 

  0x000001842d432334: ; ImmutableOopMap {[32]=Oop [72]=Oop }
                      ;*invokeinterface hasPrevious {reexecute=0 rethrow=0 return_oop=0}
                      ; - kotlin.collections.ReversedList$listIterator$1::hasNext@4 (line 46)
                      ; - org.jetbrains.skiko.ResourceUtilsKt::autoCloseScope@56 (line 41)
  0x000001842d432334: 4820 effc 

  0x000001842d432338: ;   {other}
  0x000001842d432338: 0f1f 8400 | a856 0087 | ba45 ffff | ff4c 894c | 2420 4c89 | 4424 3044 | 8954 2438 

  0x000001842d432354: ;   {runtime_call UncommonTrapBlob}
  0x000001842d432354: 6666 90e8 

  0x000001842d432358: ; ImmutableOopMap {[32]=Oop [48]=Oop [72]=Oop }
                      ;*if_icmpeq {reexecute=1 rethrow=0 return_oop=0}
                      ; - (reexecute) java.util.ArrayList$Itr::checkForComodification@11 (line 1094)
                      ; - java.util.ArrayList$ListItr::previous@1 (line 1122)
                      ; - kotlin.collections.ReversedList$listIterator$1::next@4 (line 48)
                      ; - org.jetbrains.skiko.ResourceUtilsKt::autoCloseScope@66 (line 41)
  0x000001842d432358: 2420 effc 

  0x000001842d43235c: ;   {other}
  0x000001842d43235c: 0f1f 8400 | cc56 0088 | ba45 ffff | ff49 8be9 | 4489 5c24 

  0x000001842d432370: ;   {runtime_call UncommonTrapBlob}
  0x000001842d432370: 2866 90e8 

  0x000001842d432374: ; ImmutableOopMap {rbp=Oop [72]=Oop }
                      ;*ifge {reexecute=1 rethrow=0 return_oop=0}
                      ; - (reexecute) java.util.ArrayList$ListItr::previous@12 (line 1124)
                      ; - kotlin.collections.ReversedList$listIterator$1::next@4 (line 48)
                      ; - org.jetbrains.skiko.ResourceUtilsKt::autoCloseScope@66 (line 41)
  0x000001842d432374: 0820 effc 

  0x000001842d432378: ;   {other}
  0x000001842d432378: 0f1f 8400 | e856 0089 | ba45 ffff | ff4c 894c | 2420 4489 

  0x000001842d43238c: ;   {runtime_call UncommonTrapBlob}
  0x000001842d43238c: 5c24 30e8 

  0x000001842d432390: ; ImmutableOopMap {[32]=Oop [72]=Oop }
                      ;*if_icmplt {reexecute=1 rethrow=0 return_oop=0}
                      ; - (reexecute) java.util.ArrayList$ListItr::previous@34 (line 1127)
                      ; - kotlin.collections.ReversedList$listIterator$1::next@4 (line 48)
                      ; - org.jetbrains.skiko.ResourceUtilsKt::autoCloseScope@66 (line 41)
  0x000001842d432390: ec1f effc 

  0x000001842d432394: ;   {other}
  0x000001842d432394: 0f1f 8400 | 0457 008a | 498b d749 | ba20 41b6 | 4dfa 7f00 | 0041 ffd2 

  0x000001842d4323ac: ;   {other}
  0x000001842d4323ac: 0f1f 8400 | 0000 0000 | e953 ccff | ff49 8bd7 | 49ba 2041 | b64d fa7f | 0000 41ff 

  0x000001842d4323c8: ;   {other}
  0x000001842d4323c8: d20f 1f84 | 0000 0000 | 00e9 52cd | ffff 4533 | c04d 3bc3 | bdff ffff | ff7c 0840 | 0f95 c540 
  0x000001842d4323e8: 0fb6 edba | 45ff ffff | 4c89 5424 | 204c 894c 

  0x000001842d4323f8: ;   {runtime_call UncommonTrapBlob}
  0x000001842d4323f8: 2428 90e8 

  0x000001842d4323fc: ; ImmutableOopMap {[32]=Oop [40]=Oop [72]=Oop }
                      ;*ifne {reexecute=1 rethrow=0 return_oop=0}
                      ; - (reexecute) org.jetbrains.skia.impl.Managed::close@6 (line 15)
                      ; - org.jetbrains.skiko.ResourceUtilsKt::autoCloseScope@85 (line 37)
  0x000001842d4323fc: 801f effc 

  0x000001842d432400: ;   {other}
  0x000001842d432400: 0f1f 8400 | 7057 008b | 4533 c04d | 3bc3 bdff | ffff ff7c | 0840 0f95 | c540 0fb6 | edba 45ff 
  0x000001842d432420: ffff 4c89 | 5424 204c | 894c 2428 

  0x000001842d43242c: ;   {runtime_call UncommonTrapBlob}
  0x000001842d43242c: 6666 90e8 

  0x000001842d432430: ; ImmutableOopMap {[32]=Oop [40]=Oop [72]=Oop }
                      ;*ifne {reexecute=1 rethrow=0 return_oop=0}
                      ; - (reexecute) org.jetbrains.skia.impl.Managed::close@6 (line 15)
                      ; - org.jetbrains.skiko.ResourceUtilsKt::autoCloseScope@85 (line 37)
  0x000001842d432430: 4c1f effc 

  0x000001842d432434: ;   {other}
  0x000001842d432434: 0f1f 8400 | a457 008c | bae4 ffff | ff4c 8b54 | 2448 4c89 | 5424 2044 | 8b54 2438 | 4489 5424 
  0x000001842d432454: 3044 8b5c | 2440 4489 | 5c24 344c | 8b54 2460 | 4c89 5424 | 4844 8b5c | 243c 4489 | 5c24 3844 
  0x000001842d432474: 8b54 2444 | 4489 5424 | 3c4c 8b54 | 2468 4c89 | 5424 404c | 8b54 2478 | 4c89 5424 | 604c 8b94 
  0x000001842d432494: 2488 0000 | 004c 8954 | 2468 448b | 9c24 9000 | 0000 4489 | 5c24 7844 | 8b94 2494 | 0000 0045 
  0x000001842d4324b4: 8bda 4489 | 9c24 8000 | 0000 4c8b | 9424 b000 | 0000 4c89 | 9424 9000 | 0000 458b | d044 8994 
  0x000001842d4324d4: 2498 0000 

  0x000001842d4324d8: ;   {runtime_call UncommonTrapBlob}
  0x000001842d4324d8: 0066 90e8 

  0x000001842d4324dc: ; ImmutableOopMap {rbp=Oop [32]=Oop [44]=NarrowOop [48]=NarrowOop [52]=NarrowOop [56]=NarrowOop [60]=NarrowOop [64]=Oop [72]=Oop [88]=Oop [96]=Oop [104]=Oop [120]=NarrowOop [128]=NarrowOop [144]=Oop [176]=Oop }
                      ;*aaload {reexecute=0 rethrow=0 return_oop=0}
                      ; - com.intellij.util.SmartList::getFromArray@2 (line 74)
                      ; - com.intellij.util.SmartList::get@26 (line 69)
                      ; - java.util.AbstractList$Itr::next@14 (line 373)
                      ; - androidx.compose.ui.platform.FlushCoroutineDispatcher::flush$lambda$0@102 (line 146)
                      ; - androidx.compose.ui.platform.FlushCoroutineDispatcher$$Lambda/0x0000018445e01738::invoke@4
                      ; - androidx.compose.ui.platform.FlushCoroutineDispatcher::performRun@24 (line 105)
                      ; - androidx.compose.ui.platform.FlushCoroutineDispatcher::flush@7 (line 83)
                      ; - androidx.compose.ui.scene.ComposeSceneRecomposer::performScheduledEffects@11 (line 91)
                      ; - androidx.compose.ui.scene.BaseComposeScene::render@116 (line 176)
                      ; - androidx.compose.ui.scene.ComposeSceneMediator::onRender$lambda$0$0@232 (line 677)
                      ; - androidx.compose.ui.scene.ComposeSceneMediator$$Lambda/0x0000018445f5de80::invoke@12
                      ; - androidx.compose.ui.viewinterop.SwingInteropContainer::postponingExecutingScheduledUpdates@84 (line 251)
                      ; - androidx.compose.ui.scene.ComposeSceneMediator::onRender@30 (line 675)
                      ; - org.jetbrains.skiko.swing.SkiaSwingLayer$renderDelegateWithClipping$1::onRender@78 (line 53)
                      ; - org.jetbrains.skiko.swing.Direct3DSwingRedrawer::onRender$lambda$1@201 (line 83)
                      ; - org.jetbrains.skiko.swing.Direct3DSwingRedrawer$$Lambda/0x0000018445f586c0::invoke@24
                      ; - org.jetbrains.skiko.ResourceUtilsKt::autoCloseScope@29 (line 34)
  0x000001842d4324dc: a01e effc 

  0x000001842d4324e0: ;   {other}
  0x000001842d4324e0: 0f1f 8400 | 5058 008d | bae4 ffff | ff4c 8b54 | 2448 4c89 | 5424 2044 | 8b54 2438 | 4489 5424 
  0x000001842d432500: 3044 8b5c | 2440 4489 | 5c24 344c | 8b54 2460 | 4c89 5424 | 4844 8b54 | 243c 4489 | 5424 3844 
  0x000001842d432520: 8b54 2444 | 4489 5424 | 3c4c 8b54 | 2468 4c89 | 5424 404c | 8b54 2478 | 4c89 5424 | 604c 8b94 
  0x000001842d432540: 2488 0000 | 004c 8954 | 2468 448b | 9c24 9000 | 0000 4489 | 5c24 784c | 8b94 24b0 | 0000 004c 
  0x000001842d432560: 8994 2498 | 0000 0044 | 898c 2490 

  0x000001842d43256c: ;   {runtime_call UncommonTrapBlob}
  0x000001842d43256c: 0000 00e8 

  0x000001842d432570: ; ImmutableOopMap {rbp=Oop [32]=Oop [40]=NarrowOop [44]=NarrowOop [48]=NarrowOop [52]=NarrowOop [56]=NarrowOop [60]=NarrowOop [64]=Oop [72]=Oop [88]=Oop [96]=Oop [104]=Oop [120]=NarrowOop [152]=Oop [176]=Oop }
                      ;*aaload {reexecute=0 rethrow=0 return_oop=0}
                      ; - com.intellij.util.SmartList::getFromArray@2 (line 74)
                      ; - com.intellij.util.SmartList::get@26 (line 69)
                      ; - java.util.AbstractList$Itr::next@14 (line 373)
                      ; - androidx.compose.ui.platform.FlushCoroutineDispatcher::flush$lambda$0@102 (line 146)
                      ; - androidx.compose.ui.platform.FlushCoroutineDispatcher$$Lambda/0x0000018445e01738::invoke@4
                      ; - androidx.compose.ui.platform.FlushCoroutineDispatcher::performRun@24 (line 105)
                      ; - androidx.compose.ui.platform.FlushCoroutineDispatcher::flush@7 (line 83)
                      ; - androidx.compose.ui.scene.ComposeSceneRecomposer::performScheduledRecomposerTasks@11 (line 84)
                      ; - androidx.compose.ui.scene.BaseComposeScene::render@123 (line 178)
                      ; - androidx.compose.ui.scene.ComposeSceneMediator::onRender$lambda$0$0@232 (line 677)
                      ; - androidx.compose.ui.scene.ComposeSceneMediator$$Lambda/0x0000018445f5de80::invoke@12
                      ; - androidx.compose.ui.viewinterop.SwingInteropContainer::postponingExecutingScheduledUpdates@84 (line 251)
                      ; - androidx.compose.ui.scene.ComposeSceneMediator::onRender@30 (line 675)
                      ; - org.jetbrains.skiko.swing.SkiaSwingLayer$renderDelegateWithClipping$1::onRender@78 (line 53)
                      ; - org.jetbrains.skiko.swing.Direct3DSwingRedrawer::onRender$lambda$1@201 (line 83)
                      ; - org.jetbrains.skiko.swing.Direct3DSwingRedrawer$$Lambda/0x0000018445f586c0::invoke@24
                      ; - org.jetbrains.skiko.ResourceUtilsKt::autoCloseScope@29 (line 34)
  0x000001842d432570: 0c1e effc 

  0x000001842d432574: ;   {other}
  0x000001842d432574: 0f1f 8400 | e458 008e | badf ffff | ff4c 8b54 | 2448 4c89 | 5424 2044 | 8b54 2438 | 4489 5424 
  0x000001842d432594: 3044 8b5c | 2440 4489 | 5c24 344c | 8b54 2460 | 4c89 5424 | 4844 8b54 | 243c 4489 | 5424 3844 
  0x000001842d4325b4: 8b5c 2444 | 4489 5c24 | 3c4c 8b54 | 2468 4c89 | 5424 404c | 8b54 2478 | 4c89 5424 | 604c 8b94 
  0x000001842d4325d4: 2488 0000 | 004c 8954 | 2468 448b | 9424 9000 | 0000 4489 | 5424 7844 | 8b9c 2494 | 0000 0044 
  0x000001842d4325f4: 899c 2480 | 0000 004c | 8b94 24b0 | 0000 004c | 8994 2490 

  0x000001842d432608: ;   {runtime_call UncommonTrapBlob}
  0x000001842d432608: 0000 00e8 

  0x000001842d43260c: ; ImmutableOopMap {rbp=NarrowOop [32]=Oop [44]=NarrowOop [48]=NarrowOop [52]=NarrowOop [56]=NarrowOop [60]=NarrowOop [64]=Oop [72]=Oop [88]=Oop [96]=Oop [104]=Oop [120]=NarrowOop [128]=NarrowOop [144]=Oop [176]=Oop }
                      ;*checkcast {reexecute=0 rethrow=0 return_oop=0}
                      ; - com.intellij.util.SmartList::asArray@4 (line 206)
                      ; - com.intellij.util.SmartList::get@22 (line 69)
                      ; - java.util.AbstractList$Itr::next@14 (line 373)
                      ; - androidx.compose.ui.platform.FlushCoroutineDispatcher::flush$lambda$0@102 (line 146)
                      ; - androidx.compose.ui.platform.FlushCoroutineDispatcher$$Lambda/0x0000018445e01738::invoke@4
                      ; - androidx.compose.ui.platform.FlushCoroutineDispatcher::performRun@24 (line 105)
                      ; - androidx.compose.ui.platform.FlushCoroutineDispatcher::flush@7 (line 83)
                      ; - androidx.compose.ui.scene.ComposeSceneRecomposer::performScheduledEffects@11 (line 91)
                      ; - androidx.compose.ui.scene.BaseComposeScene::render@116 (line 176)
                      ; - androidx.compose.ui.scene.ComposeSceneMediator::onRender$lambda$0$0@232 (line 677)
                      ; - androidx.compose.ui.scene.ComposeSceneMediator$$Lambda/0x0000018445f5de80::invoke@12
                      ; - androidx.compose.ui.viewinterop.SwingInteropContainer::postponingExecutingScheduledUpdates@84 (line 251)
                      ; - androidx.compose.ui.scene.ComposeSceneMediator::onRender@30 (line 675)
                      ; - org.jetbrains.skiko.swing.SkiaSwingLayer$renderDelegateWithClipping$1::onRender@78 (line 53)
                      ; - org.jetbrains.skiko.swing.Direct3DSwingRedrawer::onRender$lambda$1@201 (line 83)
                      ; - org.jetbrains.skiko.swing.Direct3DSwingRedrawer$$Lambda/0x0000018445f586c0::invoke@24
                      ; - org.jetbrains.skiko.ResourceUtilsKt::autoCloseScope@29 (line 34)
  0x000001842d43260c: 701d effc 

  0x000001842d432610: ;   {other}
  0x000001842d432610: 0f1f 8400 | 8059 008f | badf ffff | ff4c 8b54 | 2448 4c89 | 5424 2044 | 8b5c 2438 | 4489 5c24 
  0x000001842d432630: 3044 8b54 | 2440 4489 | 5424 344c | 8b54 2460 | 4c89 5424 | 4844 8b5c | 243c 4489 | 5c24 3844 
  0x000001842d432650: 8b54 2444 | 4489 5424 | 3c4c 8b54 | 2468 4c89 | 5424 404c | 8b54 2478 | 4c89 5424 | 604c 8b94 
  0x000001842d432670: 2488 0000 | 004c 8954 | 2468 4c8b | 9424 b000 | 0000 4c89 | 9424 9800 

  0x000001842d432688: ;   {runtime_call UncommonTrapBlob}
  0x000001842d432688: 0000 90e8 

  0x000001842d43268c: ; ImmutableOopMap {rbp=NarrowOop [32]=Oop [40]=NarrowOop [44]=NarrowOop [48]=NarrowOop [52]=NarrowOop [56]=NarrowOop [60]=NarrowOop [64]=Oop [72]=Oop [88]=Oop [96]=Oop [104]=Oop [144]=NarrowOop [152]=Oop [176]=Oop }
                      ;*checkcast {reexecute=0 rethrow=0 return_oop=0}
                      ; - com.intellij.util.SmartList::asArray@4 (line 206)
                      ; - com.intellij.util.SmartList::get@22 (line 69)
                      ; - java.util.AbstractList$Itr::next@14 (line 373)
                      ; - androidx.compose.ui.platform.FlushCoroutineDispatcher::flush$lambda$0@102 (line 146)
                      ; - androidx.compose.ui.platform.FlushCoroutineDispatcher$$Lambda/0x0000018445e01738::invoke@4
                      ; - androidx.compose.ui.platform.FlushCoroutineDispatcher::performRun@24 (line 105)
                      ; - androidx.compose.ui.platform.FlushCoroutineDispatcher::flush@7 (line 83)
                      ; - androidx.compose.ui.scene.ComposeSceneRecomposer::performScheduledRecomposerTasks@11 (line 84)
                      ; - androidx.compose.ui.scene.BaseComposeScene::render@123 (line 178)
                      ; - androidx.compose.ui.scene.ComposeSceneMediator::onRender$lambda$0$0@232 (line 677)
                      ; - androidx.compose.ui.scene.ComposeSceneMediator$$Lambda/0x0000018445f5de80::invoke@12
                      ; - androidx.compose.ui.viewinterop.SwingInteropContainer::postponingExecutingScheduledUpdates@84 (line 251)
                      ; - androidx.compose.ui.scene.ComposeSceneMediator::onRender@30 (line 675)
                      ; - org.jetbrains.skiko.swing.SkiaSwingLayer$renderDelegateWithClipping$1::onRender@78 (line 53)
                      ; - org.jetbrains.skiko.swing.Direct3DSwingRedrawer::onRender$lambda$1@201 (line 83)
                      ; - org.jetbrains.skiko.swing.Direct3DSwingRedrawer$$Lambda/0x0000018445f586c0::invoke@24
                      ; - org.jetbrains.skiko.ResourceUtilsKt::autoCloseScope@29 (line 34)
  0x000001842d43268c: f01c effc 

  0x000001842d432690: ;   {other}
  0x000001842d432690: 0f1f 8400 | 005a 0090 | 498b d749 | ba20 41b6 | 4dfa 7f00 | 0041 ffd2 

  0x000001842d4326a8: ;   {other}
  0x000001842d4326a8: 0f1f 8400 | 0000 0000 | e9cf caff | ff49 8bd7 | 49ba 2041 | b64d fa7f | 0000 41ff 

  0x000001842d4326c4: ;   {other}
  0x000001842d4326c4: d20f 1f84 | 0000 0000 | 00e9 becb | ffff 4d63 | d0e9 6ecc | ffff 4d63 | d1e9 0ace | ffff ba45 
  0x000001842d4326e4: ffff ff48 | 8b6c 2448 | 448b 5424 | 2c44 8954 | 2424 448b | 5424 3844 | 8954 2428 | 448b 5c24 
  0x000001842d432704: 4044 895c | 242c 4c8b | 5424 604c | 8954 2430 | 48ff 7424 | 5848 8f44 | 2448 448b | 5c24 3c44 
  0x000001842d432724: 895c 2438 | 448b 5424 | 4444 8954 | 243c 4c8b | 5424 684c | 8954 2440 | 4c8b 5424 | 784c 8954 
  0x000001842d432744: 2458 4c8b | 9424 8800 | 0000 4c89 | 5424 6044 | 8b94 2490 | 0000 0044 | 8954 2470 | 448b 9c24 
  0x000001842d432764: 9400 0000 | 4489 5c24 | 784c 8b94 | 24b0 0000 | 004c 8994 | 2488 0000 | 0044 8b9c | 24a8 0000 
  0x000001842d432784: 004c 8984 | 2490 0000 | 0045 8bd3 | 4489 9424 | 9800 0000 | 4489 9424 | a000 0000 | 898c 24a4 
  0x000001842d4327a4: ;   {runtime_call UncommonTrapBlob}
  0x000001842d4327a4: 0000 00e8 

  0x000001842d4327a8: ; ImmutableOopMap {rbp=Oop [36]=NarrowOop [40]=NarrowOop [44]=NarrowOop [48]=Oop [56]=NarrowOop [60]=NarrowOop [64]=Oop [72]=Oop [88]=Oop [96]=Oop [112]=NarrowOop [120]=NarrowOop [136]=Oop [144]=Oop [176]=Oop }
                      ;*iflt {reexecute=1 rethrow=0 return_oop=0}
                      ; - (reexecute) com.intellij.util.SmartList::checkOutOfBounds@1 (line 79)
                      ; - com.intellij.util.SmartList::get@7 (line 65)
                      ; - java.util.AbstractList$Itr::next@14 (line 373)
                      ; - androidx.compose.ui.platform.FlushCoroutineDispatcher::flush$lambda$0@102 (line 146)
                      ; - androidx.compose.ui.platform.FlushCoroutineDispatcher$$Lambda/0x0000018445e01738::invoke@4
                      ; - androidx.compose.ui.platform.FlushCoroutineDispatcher::performRun@24 (line 105)
                      ; - androidx.compose.ui.platform.FlushCoroutineDispatcher::flush@7 (line 83)
                      ; - androidx.compose.ui.scene.ComposeSceneRecomposer::performScheduledEffects@11 (line 91)
                      ; - androidx.compose.ui.scene.BaseComposeScene::render@116 (line 176)
                      ; - androidx.compose.ui.scene.ComposeSceneMediator::onRender$lambda$0$0@232 (line 677)
                      ; - androidx.compose.ui.scene.ComposeSceneMediator$$Lambda/0x0000018445f5de80::invoke@12
                      ; - androidx.compose.ui.viewinterop.SwingInteropContainer::postponingExecutingScheduledUpdates@84 (line 251)
                      ; - androidx.compose.ui.scene.ComposeSceneMediator::onRender@30 (line 675)
                      ; - org.jetbrains.skiko.swing.SkiaSwingLayer$renderDelegateWithClipping$1::onRender@78 (line 53)
                      ; - org.jetbrains.skiko.swing.Direct3DSwingRedrawer::onRender$lambda$1@201 (line 83)
                      ; - org.jetbrains.skiko.swing.Direct3DSwingRedrawer$$Lambda/0x0000018445f586c0::invoke@24
                      ; - org.jetbrains.skiko.ResourceUtilsKt::autoCloseScope@29 (line 34)
  0x000001842d4327a8: d41b effc 

  0x000001842d4327ac: ;   {other}
  0x000001842d4327ac: 0f1f 8400 | 1c5b 0091 | ba45 ffff | ff48 8b6c | 2448 448b | 5424 3844 | 8954 2420 | 448b 5c24 
  0x000001842d4327cc: 4044 895c | 2424 4c8b | 5424 604c | 8954 2430 | 48ff 7424 | 5848 8f44 | 2448 448b | 5c24 3c44 
  0x000001842d4327ec: 895c 2438 | 448b 5424 | 4444 8954 | 243c 4c8b | 5424 684c | 8954 2440 | 4c8b 5424 | 784c 8954 
  0x000001842d43280c: 2458 4c8b | 9424 8800 | 0000 4c89 | 5424 6044 | 8b9c 2490 | 0000 0044 | 895c 2470 | 4c8b 9424 
  0x000001842d43282c: b000 0000 | 4c89 9424 | 8800 0000 | 4c89 8424 | 9800 0000 | 4489 8c24 | 9000 0000 | 898c 24a4 
  0x000001842d43284c: ;   {runtime_call UncommonTrapBlob}
  0x000001842d43284c: 0000 00e8 

  0x000001842d432850: ; ImmutableOopMap {rbp=Oop [32]=NarrowOop [36]=NarrowOop [40]=NarrowOop [44]=NarrowOop [48]=Oop [56]=NarrowOop [60]=NarrowOop [64]=Oop [72]=Oop [88]=Oop [96]=Oop [112]=NarrowOop [136]=Oop [152]=Oop [176]=Oop }
                      ;*iflt {reexecute=1 rethrow=0 return_oop=0}
                      ; - (reexecute) com.intellij.util.SmartList::checkOutOfBounds@1 (line 79)
                      ; - com.intellij.util.SmartList::get@7 (line 65)
                      ; - java.util.AbstractList$Itr::next@14 (line 373)
                      ; - androidx.compose.ui.platform.FlushCoroutineDispatcher::flush$lambda$0@102 (line 146)
                      ; - androidx.compose.ui.platform.FlushCoroutineDispatcher$$Lambda/0x0000018445e01738::invoke@4
                      ; - androidx.compose.ui.platform.FlushCoroutineDispatcher::performRun@24 (line 105)
                      ; - androidx.compose.ui.platform.FlushCoroutineDispatcher::flush@7 (line 83)
                      ; - androidx.compose.ui.scene.ComposeSceneRecomposer::performScheduledRecomposerTasks@11 (line 84)
                      ; - androidx.compose.ui.scene.BaseComposeScene::render@123 (line 178)
                      ; - androidx.compose.ui.scene.ComposeSceneMediator::onRender$lambda$0$0@232 (line 677)
                      ; - androidx.compose.ui.scene.ComposeSceneMediator$$Lambda/0x0000018445f5de80::invoke@12
                      ; - androidx.compose.ui.viewinterop.SwingInteropContainer::postponingExecutingScheduledUpdates@84 (line 251)
                      ; - androidx.compose.ui.scene.ComposeSceneMediator::onRender@30 (line 675)
                      ; - org.jetbrains.skiko.swing.SkiaSwingLayer$renderDelegateWithClipping$1::onRender@78 (line 53)
                      ; - org.jetbrains.skiko.swing.Direct3DSwingRedrawer::onRender$lambda$1@201 (line 83)
                      ; - org.jetbrains.skiko.swing.Direct3DSwingRedrawer$$Lambda/0x0000018445f586c0::invoke@24
                      ; - org.jetbrains.skiko.ResourceUtilsKt::autoCloseScope@29 (line 34)
  0x000001842d432850: 2c1b effc 

  0x000001842d432854: ;   {other}
  0x000001842d432854: 0f1f 8400 | c45b 0092 | ba45 ffff | ff4c 8b5c | 2448 4c89 | 5c24 2044 | 8b5c 2438 | 4489 5c24 
  0x000001842d432874: 3044 8b44 | 2440 4489 | 4424 344c | 8b5c 2460 | 4c89 5c24 | 4844 8b5c | 243c 4489 | 5c24 3844 
  0x000001842d432894: 8b44 2444 | 4489 4424 | 3c4c 8b5c | 2468 4c89 | 5c24 404c | 8b5c 2478 | 4c89 5c24 | 604c 8b9c 
  0x000001842d4328b4: 2488 0000 | 004c 895c | 2468 448b | 9c24 9000 | 0000 4489 | 5c24 7844 | 8b84 2494 | 0000 0045 
  0x000001842d4328d4: 8bd8 4489 | 9c24 8000 | 0000 4c8b | 9c24 b000 | 0000 4c89 | 9c24 9000 | 0000 4489 | 9424 8400 
  0x000001842d4328f4: ;   {runtime_call UncommonTrapBlob}
  0x000001842d4328f4: 0000 90e8 

  0x000001842d4328f8: ; ImmutableOopMap {[32]=Oop [44]=NarrowOop [48]=NarrowOop [52]=NarrowOop [56]=NarrowOop [60]=NarrowOop [64]=Oop [72]=Oop [88]=Oop [96]=Oop [104]=Oop [120]=NarrowOop [128]=NarrowOop [144]=Oop [176]=Oop }
                      ;*if_icmpeq {reexecute=1 rethrow=0 return_oop=0}
                      ; - (reexecute) java.util.AbstractList$Itr::checkForComodification@11 (line 400)
                      ; - java.util.AbstractList$Itr::next@1 (line 370)
                      ; - androidx.compose.ui.platform.FlushCoroutineDispatcher::flush$lambda$0@102 (line 146)
                      ; - androidx.compose.ui.platform.FlushCoroutineDispatcher$$Lambda/0x0000018445e01738::invoke@4
                      ; - androidx.compose.ui.platform.FlushCoroutineDispatcher::performRun@24 (line 105)
                      ; - androidx.compose.ui.platform.FlushCoroutineDispatcher::flush@7 (line 83)
                      ; - androidx.compose.ui.scene.ComposeSceneRecomposer::performScheduledEffects@11 (line 91)
                      ; - androidx.compose.ui.scene.BaseComposeScene::render@116 (line 176)
                      ; - androidx.compose.ui.scene.ComposeSceneMediator::onRender$lambda$0$0@232 (line 677)
                      ; - androidx.compose.ui.scene.ComposeSceneMediator$$Lambda/0x0000018445f5de80::invoke@12
                      ; - androidx.compose.ui.viewinterop.SwingInteropContainer::postponingExecutingScheduledUpdates@84 (line 251)
                      ; - androidx.compose.ui.scene.ComposeSceneMediator::onRender@30 (line 675)
                      ; - org.jetbrains.skiko.swing.SkiaSwingLayer$renderDelegateWithClipping$1::onRender@78 (line 53)
                      ; - org.jetbrains.skiko.swing.Direct3DSwingRedrawer::onRender$lambda$1@201 (line 83)
                      ; - org.jetbrains.skiko.swing.Direct3DSwingRedrawer$$Lambda/0x0000018445f586c0::invoke@24
                      ; - org.jetbrains.skiko.ResourceUtilsKt::autoCloseScope@29 (line 34)
  0x000001842d4328f8: 841a effc 

  0x000001842d4328fc: ;   {other}
  0x000001842d4328fc: 0f1f 8400 | 6c5c 0093 | ba45 ffff | ff4c 8b54 | 2448 4c89 | 5424 2044 | 8b54 2438 | 4489 5424 
  0x000001842d43291c: 3044 8b5c | 2440 4489 | 5c24 344c | 8b54 2460 | 4c89 5424 | 4844 8b54 | 243c 4489 | 5424 3844 
  0x000001842d43293c: 8b5c 2444 | 4489 5c24 | 3c4c 8b54 | 2468 4c89 | 5424 404c | 8b54 2478 | 4c89 5424 | 604c 8b94 
  0x000001842d43295c: 2488 0000 | 004c 8954 | 2468 448b | 9424 9000 | 0000 4489 | 5424 784c | 8b94 24b0 | 0000 004c 
  0x000001842d43297c: 8994 2490 | 0000 0044 | 898c 2484 

  0x000001842d432988: ;   {runtime_call UncommonTrapBlob}
  0x000001842d432988: 0000 00e8 

  0x000001842d43298c: ; ImmutableOopMap {[32]=Oop [40]=NarrowOop [44]=NarrowOop [48]=NarrowOop [52]=NarrowOop [56]=NarrowOop [60]=NarrowOop [64]=Oop [72]=Oop [88]=Oop [96]=Oop [104]=Oop [120]=NarrowOop [144]=Oop [176]=Oop }
                      ;*if_icmpeq {reexecute=1 rethrow=0 return_oop=0}
                      ; - (reexecute) java.util.AbstractList$Itr::checkForComodification@11 (line 400)
                      ; - java.util.AbstractList$Itr::next@1 (line 370)
                      ; - androidx.compose.ui.platform.FlushCoroutineDispatcher::flush$lambda$0@102 (line 146)
                      ; - androidx.compose.ui.platform.FlushCoroutineDispatcher$$Lambda/0x0000018445e01738::invoke@4
                      ; - androidx.compose.ui.platform.FlushCoroutineDispatcher::performRun@24 (line 105)
                      ; - androidx.compose.ui.platform.FlushCoroutineDispatcher::flush@7 (line 83)
                      ; - androidx.compose.ui.scene.ComposeSceneRecomposer::performScheduledRecomposerTasks@11 (line 84)
                      ; - androidx.compose.ui.scene.BaseComposeScene::render@123 (line 178)
                      ; - androidx.compose.ui.scene.ComposeSceneMediator::onRender$lambda$0$0@232 (line 677)
                      ; - androidx.compose.ui.scene.ComposeSceneMediator$$Lambda/0x0000018445f5de80::invoke@12
                      ; - androidx.compose.ui.viewinterop.SwingInteropContainer::postponingExecutingScheduledUpdates@84 (line 251)
                      ; - androidx.compose.ui.scene.ComposeSceneMediator::onRender@30 (line 675)
                      ; - org.jetbrains.skiko.swing.SkiaSwingLayer$renderDelegateWithClipping$1::onRender@78 (line 53)
                      ; - org.jetbrains.skiko.swing.Direct3DSwingRedrawer::onRender$lambda$1@201 (line 83)
                      ; - org.jetbrains.skiko.swing.Direct3DSwingRedrawer$$Lambda/0x0000018445f586c0::invoke@24
                      ; - org.jetbrains.skiko.ResourceUtilsKt::autoCloseScope@29 (line 34)
  0x000001842d43298c: f019 effc 

  0x000001842d432990: ;   {other}
  0x000001842d432990: 0f1f 8400 | 005d 0094 | ba45 ffff | ff48 8b6c | 2448 448b | 5424 2c44 | 8954 2424 | 448b 5424 
  0x000001842d4329b0: 3844 8954 | 2428 448b | 5c24 4044 | 895c 242c | 4c8b 5424 | 604c 8954 | 2430 48ff | 7424 5848 
  0x000001842d4329d0: 8f44 2448 | 448b 5c24 | 3c44 895c | 2438 448b | 5424 4444 | 8954 243c | 4c8b 5424 | 684c 8954 
  0x000001842d4329f0: 2440 4c8b | 5424 784c | 8954 2458 | 4c8b 9424 | 8800 0000 | 4c89 5424 | 6044 8b9c | 2490 0000 
  0x000001842d432a10: 0044 895c | 2470 448b | 9424 9400 | 0000 458b | da44 895c | 2478 4c8b | 9424 b000 | 0000 4c89 
  0x000001842d432a30: 9424 8800 | 0000 448b | 9424 a800 | 0000 4c89 | 8424 9000 | 0000 4489 | 9424 9800 | 0000 4489 
  0x000001842d432a50: 9424 a000 | 0000 898c | 24a4 0000 | 0089 8c24 | ac00 0000 

  0x000001842d432a64: ;   {runtime_call UncommonTrapBlob}
  0x000001842d432a64: 6666 90e8 

  0x000001842d432a68: ; ImmutableOopMap {rbp=Oop [36]=NarrowOop [40]=NarrowOop [44]=NarrowOop [48]=Oop [56]=NarrowOop [60]=NarrowOop [64]=Oop [72]=Oop [88]=Oop [96]=Oop [112]=NarrowOop [120]=NarrowOop [136]=Oop [144]=Oop [176]=Oop }
                      ;*if_icmplt {reexecute=1 rethrow=0 return_oop=0}
                      ; - (reexecute) com.intellij.util.SmartList::checkOutOfBounds@6 (line 79)
                      ; - com.intellij.util.SmartList::get@7 (line 65)
                      ; - java.util.AbstractList$Itr::next@14 (line 373)
                      ; - androidx.compose.ui.platform.FlushCoroutineDispatcher::flush$lambda$0@102 (line 146)
                      ; - androidx.compose.ui.platform.FlushCoroutineDispatcher$$Lambda/0x0000018445e01738::invoke@4
                      ; - androidx.compose.ui.platform.FlushCoroutineDispatcher::performRun@24 (line 105)
                      ; - androidx.compose.ui.platform.FlushCoroutineDispatcher::flush@7 (line 83)
                      ; - androidx.compose.ui.scene.ComposeSceneRecomposer::performScheduledEffects@11 (line 91)
                      ; - androidx.compose.ui.scene.BaseComposeScene::render@116 (line 176)
                      ; - androidx.compose.ui.scene.ComposeSceneMediator::onRender$lambda$0$0@232 (line 677)
                      ; - androidx.compose.ui.scene.ComposeSceneMediator$$Lambda/0x0000018445f5de80::invoke@12
                      ; - androidx.compose.ui.viewinterop.SwingInteropContainer::postponingExecutingScheduledUpdates@84 (line 251)
                      ; - androidx.compose.ui.scene.ComposeSceneMediator::onRender@30 (line 675)
                      ; - org.jetbrains.skiko.swing.SkiaSwingLayer$renderDelegateWithClipping$1::onRender@78 (line 53)
                      ; - org.jetbrains.skiko.swing.Direct3DSwingRedrawer::onRender$lambda$1@201 (line 83)
                      ; - org.jetbrains.skiko.swing.Direct3DSwingRedrawer$$Lambda/0x0000018445f586c0::invoke@24
                      ; - org.jetbrains.skiko.ResourceUtilsKt::autoCloseScope@29 (line 34)
  0x000001842d432a68: 1419 effc 

  0x000001842d432a6c: ;   {other}
  0x000001842d432a6c: 0f1f 8400 | dc5d 0095 | ba45 ffff | ff48 8b6c | 2448 448b | 5424 3844 | 8954 2420 | 448b 5c24 
  0x000001842d432a8c: 4044 895c | 2424 4c8b | 5424 604c | 8954 2430 | 48ff 7424 | 5848 8f44 | 2448 448b | 5424 3c44 
  0x000001842d432aac: 8954 2438 | 448b 5c24 | 4444 895c | 243c 4c8b | 5424 684c | 8954 2440 | 4c8b 5424 | 784c 8954 
  0x000001842d432acc: 2458 4c8b | 9424 8800 | 0000 4c89 | 5424 6044 | 8b94 2490 | 0000 0044 | 8954 2470 | 4c8b 9424 
  0x000001842d432aec: b000 0000 | 4c89 9424 | 8800 0000 | 4c89 8424 | 9800 0000 | 4489 8c24 | 9000 0000 | 898c 24a4 
  0x000001842d432b0c: 0000 0089 | 8c24 ac00 

  0x000001842d432b14: ;   {runtime_call UncommonTrapBlob}
  0x000001842d432b14: 0000 90e8 

  0x000001842d432b18: ; ImmutableOopMap {rbp=Oop [32]=NarrowOop [36]=NarrowOop [40]=NarrowOop [44]=NarrowOop [48]=Oop [56]=NarrowOop [60]=NarrowOop [64]=Oop [72]=Oop [88]=Oop [96]=Oop [112]=NarrowOop [136]=Oop [152]=Oop [176]=Oop }
                      ;*if_icmplt {reexecute=1 rethrow=0 return_oop=0}
                      ; - (reexecute) com.intellij.util.SmartList::checkOutOfBounds@6 (line 79)
                      ; - com.intellij.util.SmartList::get@7 (line 65)
                      ; - java.util.AbstractList$Itr::next@14 (line 373)
                      ; - androidx.compose.ui.platform.FlushCoroutineDispatcher::flush$lambda$0@102 (line 146)
                      ; - androidx.compose.ui.platform.FlushCoroutineDispatcher$$Lambda/0x0000018445e01738::invoke@4
                      ; - androidx.compose.ui.platform.FlushCoroutineDispatcher::performRun@24 (line 105)
                      ; - androidx.compose.ui.platform.FlushCoroutineDispatcher::flush@7 (line 83)
                      ; - androidx.compose.ui.scene.ComposeSceneRecomposer::performScheduledRecomposerTasks@11 (line 84)
                      ; - androidx.compose.ui.scene.BaseComposeScene::render@123 (line 178)
                      ; - androidx.compose.ui.scene.ComposeSceneMediator::onRender$lambda$0$0@232 (line 677)
                      ; - androidx.compose.ui.scene.ComposeSceneMediator$$Lambda/0x0000018445f5de80::invoke@12
                      ; - androidx.compose.ui.viewinterop.SwingInteropContainer::postponingExecutingScheduledUpdates@84 (line 251)
                      ; - androidx.compose.ui.scene.ComposeSceneMediator::onRender@30 (line 675)
                      ; - org.jetbrains.skiko.swing.SkiaSwingLayer$renderDelegateWithClipping$1::onRender@78 (line 53)
                      ; - org.jetbrains.skiko.swing.Direct3DSwingRedrawer::onRender$lambda$1@201 (line 83)
                      ; - org.jetbrains.skiko.swing.Direct3DSwingRedrawer$$Lambda/0x0000018445f586c0::invoke@24
                      ; - org.jetbrains.skiko.ResourceUtilsKt::autoCloseScope@29 (line 34)
  0x000001842d432b18: 6418 effc 

  0x000001842d432b1c: ;   {other}
  0x000001842d432b1c: 0f1f 8400 | 8c5e 0096 | bae4 ffff | ff4c 8b54 | 2448 4c89 | 5424 2044 | 8b54 2438 | 4489 5424 
  0x000001842d432b3c: 2844 8b5c | 2440 4489 | 5c24 2c4c | 8b54 2460 | 4c89 5424 | 3048 ff74 | 2458 488f | 4424 4844 
  0x000001842d432b5c: 8b54 243c | 4489 5424 | 3844 8b5c | 2444 4489 | 5c24 3c4c | 8b54 2468 | 4c89 5424 | 404c 8b54 
  0x000001842d432b7c: 2478 4c89 | 5424 5844 | 8b9c 2490 | 0000 0044 | 895c 2474 

  0x000001842d432b90: ;   {runtime_call UncommonTrapBlob}
  0x000001842d432b90: 6666 90e8 

  0x000001842d432b94: ; ImmutableOopMap {[32]=Oop [40]=NarrowOop [44]=NarrowOop [48]=Oop [56]=NarrowOop [60]=NarrowOop [64]=Oop [72]=Oop [88]=Oop [116]=NarrowOop [136]=Oop [144]=NarrowOop }
                      ;*aaload {reexecute=0 rethrow=0 return_oop=0}
                      ; - java.lang.Long::valueOf@29 (line 1205)
                      ; - androidx.compose.ui.scene.BaseComposeScene::render@103 (line 368)
                      ; - androidx.compose.ui.scene.ComposeSceneMediator::onRender$lambda$0$0@232 (line 677)
                      ; - androidx.compose.ui.scene.ComposeSceneMediator$$Lambda/0x0000018445f5de80::invoke@12
                      ; - androidx.compose.ui.viewinterop.SwingInteropContainer::postponingExecutingScheduledUpdates@84 (line 251)
                      ; - androidx.compose.ui.scene.ComposeSceneMediator::onRender@30 (line 675)
                      ; - org.jetbrains.skiko.swing.SkiaSwingLayer$renderDelegateWithClipping$1::onRender@78 (line 53)
                      ; - org.jetbrains.skiko.swing.Direct3DSwingRedrawer::onRender$lambda$1@201 (line 83)
                      ; - org.jetbrains.skiko.swing.Direct3DSwingRedrawer$$Lambda/0x0000018445f586c0::invoke@24
                      ; - org.jetbrains.skiko.ResourceUtilsKt::autoCloseScope@29 (line 34)
  0x000001842d432b94: e817 effc 

  0x000001842d432b98: ;   {other}
  0x000001842d432b98: 0f1f 8400 | 085f 0097 | baf6 ffff | ff48 8b6c | 2448 448b | 5424 3844 | 8954 2420 | 448b 5c24 
  0x000001842d432bb8: 4044 895c | 2424 4c8b | 5424 584c | 8954 2448 | 448b 5424 | 3c44 8954 | 2438 448b | 5c24 4444 
  0x000001842d432bd8: 895c 243c | 4c8b 5424 | 504c 8954 | 2440 4c8b | 5424 684c | 8954 2458 

  0x000001842d432bf0: ;   {runtime_call UncommonTrapBlob}
  0x000001842d432bf0: 6666 90e8 

  0x000001842d432bf4: ; ImmutableOopMap {rbp=Oop [32]=NarrowOop [36]=NarrowOop [40]=Oop [56]=NarrowOop [60]=NarrowOop [72]=Oop [88]=Oop [96]=Oop [104]=Oop }
                      ;*monitorenter {reexecute=0 rethrow=0 return_oop=0}
                      ; - kotlin.SynchronizedLazyImpl::getValue@20 (line 81)
                      ; - androidx.compose.ui.scene.ComposeSceneMediator::getScene@6 (line 321)
                      ; - androidx.compose.ui.scene.ComposeSceneMediator::onRender$lambda$0$0@223 (line 677)
                      ; - androidx.compose.ui.scene.ComposeSceneMediator$$Lambda/0x0000018445f5de80::invoke@12
                      ; - androidx.compose.ui.viewinterop.SwingInteropContainer::postponingExecutingScheduledUpdates@84 (line 251)
                      ; - androidx.compose.ui.scene.ComposeSceneMediator::onRender@30 (line 675)
                      ; - org.jetbrains.skiko.swing.SkiaSwingLayer$renderDelegateWithClipping$1::onRender@78 (line 53)
                      ; - org.jetbrains.skiko.swing.Direct3DSwingRedrawer::onRender$lambda$1@201 (line 83)
                      ; - org.jetbrains.skiko.swing.Direct3DSwingRedrawer$$Lambda/0x0000018445f586c0::invoke@24
                      ; - org.jetbrains.skiko.ResourceUtilsKt::autoCloseScope@29 (line 34)
  0x000001842d432bf4: 8817 effc 

  0x000001842d432bf8: ;   {other}
  0x000001842d432bf8: 0f1f 8400 | 685f 0098 | 498b d34c | 8d84 24e0 | 0000 0048 | 8b6c 2448 

  0x000001842d432c10: ;   {runtime_call _complete_monitor_locking_Java}
  0x000001842d432c10: 6666 90e8 

  0x000001842d432c14: ; ImmutableOopMap {rbp=Oop [32]=Oop [40]=Oop [48]=Oop [56]=NarrowOop [60]=NarrowOop [64]=NarrowOop [68]=NarrowOop [72]=Oop [88]=Oop [96]=Oop [104]=Oop [112]=Oop [120]=Oop [128]=Oop }
                      ;*monitorenter {reexecute=0 rethrow=0 return_oop=0}
                      ; - kotlin.SynchronizedLazyImpl::getValue@20 (line 81)
                      ; - androidx.compose.ui.scene.ComposeSceneMediator::getScene@6 (line 321)
                      ; - androidx.compose.ui.scene.ComposeSceneMediator::onRender$lambda$0$0@223 (line 677)
                      ; - androidx.compose.ui.scene.ComposeSceneMediator$$Lambda/0x0000018445f5de80::invoke@12
                      ; - androidx.compose.ui.viewinterop.SwingInteropContainer::postponingExecutingScheduledUpdates@84 (line 251)
                      ; - androidx.compose.ui.scene.ComposeSceneMediator::onRender@30 (line 675)
                      ; - org.jetbrains.skiko.swing.SkiaSwingLayer$renderDelegateWithClipping$1::onRender@78 (line 53)
                      ; - org.jetbrains.skiko.swing.Direct3DSwingRedrawer::onRender$lambda$1@201 (line 83)
                      ; - org.jetbrains.skiko.swing.Direct3DSwingRedrawer$$Lambda/0x0000018445f586c0::invoke@24
                      ; - org.jetbrains.skiko.ResourceUtilsKt::autoCloseScope@29 (line 34)
  0x000001842d432c14: e878 fbfc 

  0x000001842d432c18: ;   {other}
  0x000001842d432c18: 0f1f 8400 | 885f 0099 | e93f cbff | ff49 8bcb | 488d 9424 | e000 0000 | 4d8b c749 | bae0 31f8 
  0x000001842d432c38: 4dfa 7f00 | 0041 ffd2 

  0x000001842d432c40: ;   {other}
  0x000001842d432c40: 0f1f 8400 | 0000 0000 | e964 ccff 

  0x000001842d432c4c: ;   {static_call}
  0x000001842d432c4c: ff66 90e8 

  0x000001842d432c50: ; ImmutableOopMap {rbp=NarrowOop [32]=Oop [40]=Oop [48]=Oop [56]=NarrowOop [60]=NarrowOop [64]=NarrowOop [68]=NarrowOop [72]=Oop [88]=Oop [96]=Oop [104]=Oop [112]=Oop [120]=Oop [128]=Oop }
                      ;*invokestatic throwJavaNpe {reexecute=0 rethrow=0 return_oop=0}
                      ; - kotlin.jvm.internal.Intrinsics::checkNotNull@4 (line 25)
                      ; - kotlin.SynchronizedLazyImpl::getValue@48 (line 86)
                      ; - androidx.compose.ui.scene.ComposeSceneMediator::getScene@6 (line 321)
                      ; - androidx.compose.ui.scene.ComposeSceneMediator::onRender$lambda$0$0@223 (line 677)
                      ; - androidx.compose.ui.scene.ComposeSceneMediator$$Lambda/0x0000018445f5de80::invoke@12
                      ; - androidx.compose.ui.viewinterop.SwingInteropContainer::postponingExecutingScheduledUpdates@84 (line 251)
                      ; - androidx.compose.ui.scene.ComposeSceneMediator::onRender@30 (line 675)
                      ; - org.jetbrains.skiko.swing.SkiaSwingLayer$renderDelegateWithClipping$1::onRender@78 (line 53)
                      ; - org.jetbrains.skiko.swing.Direct3DSwingRedrawer::onRender$lambda$1@201 (line 83)
                      ; - org.jetbrains.skiko.swing.Direct3DSwingRedrawer$$Lambda/0x0000018445f586c0::invoke@24
                      ; - org.jetbrains.skiko.ResourceUtilsKt::autoCloseScope@29 (line 34)
  0x000001842d432c50: 2cc4 eefc 

  0x000001842d432c54: ;   {other}
  0x000001842d432c54: 0f1f 8400 | c45f 009a | e92a cbff | ff49 8bd7 | 49ba 2041 | b64d fa7f | 0000 41ff 

  0x000001842d432c70: ;   {other}
  0x000001842d432c70: d20f 1f84 | 0000 0000 | 00e9 b0c7 | ffff 498b | d749 ba20 | 41b6 4dfa | 7f00 0041 

  0x000001842d432c8c: ;   {other}
  0x000001842d432c8c: ffd2 0f1f | 8400 0000 | 0000 e937 | c9ff ffba | f6ff ffff | 488b 6c24 | 4844 8954 | 2424 448b 
  0x000001842d432cac: 5424 3844 | 8954 2428 | 448b 5c24 | 4044 895c | 242c 4c8b | 5424 604c | 8954 2430 | 48ff 7424 
  0x000001842d432ccc: 5848 8f44 | 2448 448b | 5424 3c44 | 8954 2438 | 448b 5c24 | 4444 895c | 243c 4c8b | 5424 684c 
  0x000001842d432cec: 8954 2440 | 4c8b 5424 | 784c 8954 | 2458 448b | 9424 9400 | 0000 458b | da44 895c 

  0x000001842d432d08: ;   {runtime_call UncommonTrapBlob}
  0x000001842d432d08: 2478 90e8 

  0x000001842d432d0c: ; ImmutableOopMap {rbp=Oop [36]=NarrowOop [40]=NarrowOop [44]=NarrowOop [48]=Oop [56]=NarrowOop [60]=NarrowOop [64]=Oop [72]=Oop [88]=Oop [120]=NarrowOop [136]=Oop [144]=NarrowOop [148]=NarrowOop }
                      ;*invokevirtual clear {reexecute=0 rethrow=0 return_oop=0}
                      ; - androidx.compose.ui.platform.FlushCoroutineDispatcher::flush$lambda$0@135 (line 97)
                      ; - androidx.compose.ui.platform.FlushCoroutineDispatcher$$Lambda/0x0000018445e01738::invoke@4
                      ; - androidx.compose.ui.platform.FlushCoroutineDispatcher::performRun@24 (line 105)
                      ; - androidx.compose.ui.platform.FlushCoroutineDispatcher::flush@7 (line 83)
                      ; - androidx.compose.ui.scene.ComposeSceneRecomposer::performScheduledEffects@11 (line 91)
                      ; - androidx.compose.ui.scene.BaseComposeScene::render@116 (line 176)
                      ; - androidx.compose.ui.scene.ComposeSceneMediator::onRender$lambda$0$0@232 (line 677)
                      ; - androidx.compose.ui.scene.ComposeSceneMediator$$Lambda/0x0000018445f5de80::invoke@12
                      ; - androidx.compose.ui.viewinterop.SwingInteropContainer::postponingExecutingScheduledUpdates@84 (line 251)
                      ; - androidx.compose.ui.scene.ComposeSceneMediator::onRender@30 (line 675)
                      ; - org.jetbrains.skiko.swing.SkiaSwingLayer$renderDelegateWithClipping$1::onRender@78 (line 53)
                      ; - org.jetbrains.skiko.swing.Direct3DSwingRedrawer::onRender$lambda$1@201 (line 83)
                      ; - org.jetbrains.skiko.swing.Direct3DSwingRedrawer$$Lambda/0x0000018445f586c0::invoke@24
                      ; - org.jetbrains.skiko.ResourceUtilsKt::autoCloseScope@29 (line 34)
  0x000001842d432d0c: 7016 effc 

  0x000001842d432d10: ;   {other}
  0x000001842d432d10: 0f1f 8400 | 8060 009b | baf6 ffff | ff48 8b6c | 2448 448b | 5424 3844 | 8954 2420 | 448b 5c24 
  0x000001842d432d30: 4044 895c | 2424 4c8b | 5424 604c | 8954 2430 | 48ff 7424 | 5848 8f44 | 2448 448b | 5424 3c44 
  0x000001842d432d50: 8954 2438 | 448b 5c24 | 4444 895c | 243c 4c8b | 5424 684c | 8954 2440 | 4c8b 5424 | 784c 8954 
  0x000001842d432d70: ;   {runtime_call UncommonTrapBlob}
  0x000001842d432d70: 2458 90e8 

  0x000001842d432d74: ; ImmutableOopMap {rbp=Oop [32]=NarrowOop [36]=NarrowOop [40]=NarrowOop [44]=NarrowOop [48]=Oop [56]=NarrowOop [60]=NarrowOop [64]=Oop [72]=Oop [88]=Oop [136]=Oop [144]=NarrowOop }
                      ;*invokevirtual clear {reexecute=0 rethrow=0 return_oop=0}
                      ; - androidx.compose.ui.platform.FlushCoroutineDispatcher::flush$lambda$0@135 (line 97)
                      ; - androidx.compose.ui.platform.FlushCoroutineDispatcher$$Lambda/0x0000018445e01738::invoke@4
                      ; - androidx.compose.ui.platform.FlushCoroutineDispatcher::performRun@24 (line 105)
                      ; - androidx.compose.ui.platform.FlushCoroutineDispatcher::flush@7 (line 83)
                      ; - androidx.compose.ui.scene.ComposeSceneRecomposer::performScheduledRecomposerTasks@11 (line 84)
                      ; - androidx.compose.ui.scene.BaseComposeScene::render@123 (line 178)
                      ; - androidx.compose.ui.scene.ComposeSceneMediator::onRender$lambda$0$0@232 (line 677)
                      ; - androidx.compose.ui.scene.ComposeSceneMediator$$Lambda/0x0000018445f5de80::invoke@12
                      ; - androidx.compose.ui.viewinterop.SwingInteropContainer::postponingExecutingScheduledUpdates@84 (line 251)
                      ; - androidx.compose.ui.scene.ComposeSceneMediator::onRender@30 (line 675)
                      ; - org.jetbrains.skiko.swing.SkiaSwingLayer$renderDelegateWithClipping$1::onRender@78 (line 53)
                      ; - org.jetbrains.skiko.swing.Direct3DSwingRedrawer::onRender$lambda$1@201 (line 83)
                      ; - org.jetbrains.skiko.swing.Direct3DSwingRedrawer$$Lambda/0x0000018445f586c0::invoke@24
                      ; - org.jetbrains.skiko.ResourceUtilsKt::autoCloseScope@29 (line 34)
  0x000001842d432d74: 0816 effc 

  0x000001842d432d78: ;   {other}
  0x000001842d432d78: 0f1f 8400 | e860 009c | 498b cb48 | 8d94 24e8 | 0000 004d | 8bc7 49ba | e031 f84d | fa7f 0000 
  0x000001842d432d98: ;   {other}
  0x000001842d432d98: 41ff d20f | 1f84 0000 | 0000 00e9 | 4ccc ffff | 498b cb48 | 8d94 24e8 | 0000 004d | 8bc7 49ba 
  0x000001842d432db8: e031 f84d | fa7f 0000 

  0x000001842d432dc0: ;   {other}
  0x000001842d432dc0: 41ff d20f | 1f84 0000 | 0000 00e9 | 2bce ffff | 498b d749 | ba20 41b6 | 4dfa 7f00 | 0041 ffd2 
  0x000001842d432de0: ;   {other}
  0x000001842d432de0: 0f1f 8400 | 0000 0000 | e9cd c9ff | ff49 8bd7 | 49ba 2041 | b64d fa7f | 0000 41ff 

  0x000001842d432dfc: ;   {other}
  0x000001842d432dfc: d20f 1f84 | 0000 0000 | 00e9 fec9 | ffff bae4 | ffff ff4c | 8944 2420 | 4489 5424 | 2c4c 894c 
  0x000001842d432e1c: ;   {runtime_call UncommonTrapBlob}
  0x000001842d432e1c: 2430 90e8 

  0x000001842d432e20: ; ImmutableOopMap {rbp=Oop [32]=Oop [48]=Oop [72]=Oop }
                      ;*aaload {reexecute=0 rethrow=0 return_oop=0}
                      ; - com.intellij.util.SmartList::getFromArray@2 (line 74)
                      ; - com.intellij.util.SmartList::get@26 (line 69)
                      ; - java.util.AbstractList$ListItr::previous@16 (line 418)
                      ; - kotlin.collections.ReversedList$listIterator$1::next@4 (line 48)
                      ; - org.jetbrains.skiko.ResourceUtilsKt::autoCloseScope@66 (line 41)
  0x000001842d432e20: 5c15 effc 

  0x000001842d432e24: ;   {other}
  0x000001842d432e24: 0f1f 8400 | 9461 009d | bac6 ffff | ff49 8be8 | 897c 2424 | 4489 5424 | 284c 894c 

  0x000001842d432e40: ;   {runtime_call UncommonTrapBlob}
  0x000001842d432e40: 2430 90e8 

  0x000001842d432e44: ; ImmutableOopMap {rbp=Oop [36]=NarrowOop [48]=Oop [72]=Oop }
                      ;*invokevirtual get {reexecute=0 rethrow=0 return_oop=0}
                      ; - java.util.AbstractList$ListItr::previous@16 (line 418)
                      ; - kotlin.collections.ReversedList$listIterator$1::next@4 (line 48)
                      ; - org.jetbrains.skiko.ResourceUtilsKt::autoCloseScope@66 (line 41)
  0x000001842d432e44: 3815 effc 

  0x000001842d432e48: ;   {other}
  0x000001842d432e48: 0f1f 8400 | b861 009e | badf ffff | ff49 8be8 | 4489 5424 | 2089 5c24 | 244c 894c 

  0x000001842d432e64: ;   {runtime_call UncommonTrapBlob}
  0x000001842d432e64: 2428 90e8 

  0x000001842d432e68: ; ImmutableOopMap {rbp=Oop [36]=NarrowOop [40]=Oop [72]=Oop }
                      ;*checkcast {reexecute=0 rethrow=0 return_oop=0}
                      ; - com.intellij.util.SmartList::asArray@4 (line 206)
                      ; - com.intellij.util.SmartList::get@22 (line 69)
                      ; - java.util.AbstractList$ListItr::previous@16 (line 418)
                      ; - kotlin.collections.ReversedList$listIterator$1::next@4 (line 48)
                      ; - org.jetbrains.skiko.ResourceUtilsKt::autoCloseScope@66 (line 41)
  0x000001842d432e68: 1415 effc 

  0x000001842d432e6c: ;   {other}
  0x000001842d432e6c: 0f1f 8400 | dc61 009f | 498b d749 | ba20 41b6 | 4dfa 7f00 | 0041 ffd2 

  0x000001842d432e84: ;   {other}
  0x000001842d432e84: 0f1f 8400 | 0000 0000 | e982 caff | ff49 8bd7 | 49ba 2041 | b64d fa7f | 0000 41ff 

  0x000001842d432ea0: ;   {other}
  0x000001842d432ea0: d20f 1f84 | 0000 0000 | 00e9 16ca | ffff 498b | d749 ba20 | 41b6 4dfa | 7f00 0041 

  0x000001842d432ebc: ;   {other}
  0x000001842d432ebc: ffd2 0f1f | 8400 0000 | 0000 e94f | ccff ff49 | 8bd7 49ba | 2041 b64d | fa7f 0000 

  0x000001842d432ed8: ;   {other}
  0x000001842d432ed8: 41ff d20f | 1f84 0000 | 0000 00e9 | e6cb ffff | baf6 ffff | ff48 8b6c | 2448 448b | 5424 3844 
  0x000001842d432ef8: 8954 2420 | 448b 5c24 | 4044 895c | 2424 4c8b | 5424 604c | 8954 2428 | 4c8b 5424 | 584c 8954 
  0x000001842d432f18: 2430 448b | 5424 3c44 | 8954 2438 | 448b 5c24 | 4444 895c | 243c 4c8b | 5424 684c | 8954 2440 
  0x000001842d432f38: 4c8b 5424 | 784c 8954 

  0x000001842d432f40: ;   {runtime_call UncommonTrapBlob}
  0x000001842d432f40: 2448 90e8 

  0x000001842d432f44: ; ImmutableOopMap {rbp=Oop [32]=NarrowOop [36]=NarrowOop [40]=Oop [48]=Oop [56]=NarrowOop [60]=NarrowOop [64]=Oop [72]=Oop [80]=Oop [136]=Oop [144]=NarrowOop }
                      ;*invokevirtual scheduleAsEffect {reexecute=0 rethrow=0 return_oop=0}
                      ; - androidx.compose.ui.scene.BaseComposeScene::render@163 (line 185)
                      ; - androidx.compose.ui.scene.ComposeSceneMediator::onRender$lambda$0$0@232 (line 677)
                      ; - androidx.compose.ui.scene.ComposeSceneMediator$$Lambda/0x0000018445f5de80::invoke@12
                      ; - androidx.compose.ui.viewinterop.SwingInteropContainer::postponingExecutingScheduledUpdates@84 (line 251)
                      ; - androidx.compose.ui.scene.ComposeSceneMediator::onRender@30 (line 675)
                      ; - org.jetbrains.skiko.swing.SkiaSwingLayer$renderDelegateWithClipping$1::onRender@78 (line 53)
                      ; - org.jetbrains.skiko.swing.Direct3DSwingRedrawer::onRender$lambda$1@201 (line 83)
                      ; - org.jetbrains.skiko.swing.Direct3DSwingRedrawer$$Lambda/0x0000018445f586c0::invoke@24
                      ; - org.jetbrains.skiko.ResourceUtilsKt::autoCloseScope@29 (line 34)
  0x000001842d432f44: 3814 effc 

  0x000001842d432f48: ;   {other}
  0x000001842d432f48: 0f1f 8400 | b862 00a0 | baf6 ffff | ff48 8b6c | 2448 448b | 5424 3844 | 8954 2420 | 448b 5c24 
  0x000001842d432f68: 4044 895c | 2424 4c8b | 5424 604c | 8954 2430 | 4c8b 5424 | 584c 8954 | 2448 448b | 5424 3c44 
  0x000001842d432f88: 8954 2438 | 448b 5c24 | 4444 895c | 243c 4c8b | 5424 684c | 8954 2440 | 4c8b 5424 | 784c 8954 
  0x000001842d432fa8: 2450 4c89 

  0x000001842d432fac: ;   {runtime_call UncommonTrapBlob}
  0x000001842d432fac: 4c24 70e8 

  0x000001842d432fb0: ; ImmutableOopMap {rbp=Oop [32]=NarrowOop [36]=NarrowOop [40]=Oop [48]=Oop [56]=NarrowOop [60]=NarrowOop [64]=Oop [72]=Oop [80]=Oop [112]=Oop [136]=Oop [144]=NarrowOop }
                      ;*invokevirtual dispatch {reexecute=0 rethrow=0 return_oop=0}
                      ; - androidx.compose.ui.scene.ComposeSceneRecomposer::scheduleAsEffect@23 (line 98)
                      ; - androidx.compose.ui.scene.BaseComposeScene::render@163 (line 185)
                      ; - androidx.compose.ui.scene.ComposeSceneMediator::onRender$lambda$0$0@232 (line 677)
                      ; - androidx.compose.ui.scene.ComposeSceneMediator$$Lambda/0x0000018445f5de80::invoke@12
                      ; - androidx.compose.ui.viewinterop.SwingInteropContainer::postponingExecutingScheduledUpdates@84 (line 251)
                      ; - androidx.compose.ui.scene.ComposeSceneMediator::onRender@30 (line 675)
                      ; - org.jetbrains.skiko.swing.SkiaSwingLayer$renderDelegateWithClipping$1::onRender@78 (line 53)
                      ; - org.jetbrains.skiko.swing.Direct3DSwingRedrawer::onRender$lambda$1@201 (line 83)
                      ; - org.jetbrains.skiko.swing.Direct3DSwingRedrawer$$Lambda/0x0000018445f586c0::invoke@24
                      ; - org.jetbrains.skiko.ResourceUtilsKt::autoCloseScope@29 (line 34)
  0x000001842d432fb0: cc13 effc 

  0x000001842d432fb4: ;   {other}
  0x000001842d432fb4: 0f1f 8400 | 2463 00a1 | ba45 ffff | ff4c 8944 | 2420 4c89 | 5c24 3044 | 8954 242c | 4489 5424 
  0x000001842d432fd4: 384c 894c 

  0x000001842d432fd8: ;   {runtime_call UncommonTrapBlob}
  0x000001842d432fd8: 2440 90e8 

  0x000001842d432fdc: ; ImmutableOopMap {[32]=Oop [48]=Oop [64]=Oop [72]=Oop }
                      ;*iflt {reexecute=1 rethrow=0 return_oop=0}
                      ; - (reexecute) com.intellij.util.SmartList::checkOutOfBounds@1 (line 79)
                      ; - com.intellij.util.SmartList::get@7 (line 65)
                      ; - java.util.AbstractList$ListItr::previous@16 (line 418)
                      ; - kotlin.collections.ReversedList$listIterator$1::next@4 (line 48)
                      ; - org.jetbrains.skiko.ResourceUtilsKt::autoCloseScope@66 (line 41)
  0x000001842d432fdc: a013 effc 

  0x000001842d432fe0: ;   {other}
  0x000001842d432fe0: 0f1f 8400 | 5063 00a2 | ba45 ffff | ff4c 8944 | 2420 4c89 | 5c24 3044 | 8954 242c | 4489 5424 
  0x000001842d433000: 384c 894c 

  0x000001842d433004: ;   {runtime_call UncommonTrapBlob}
  0x000001842d433004: 2440 90e8 

  0x000001842d433008: ; ImmutableOopMap {[32]=Oop [48]=Oop [64]=Oop [72]=Oop }
                      ;*if_icmplt {reexecute=1 rethrow=0 return_oop=0}
                      ; - (reexecute) com.intellij.util.SmartList::checkOutOfBounds@6 (line 79)
                      ; - com.intellij.util.SmartList::get@7 (line 65)
                      ; - java.util.AbstractList$ListItr::previous@16 (line 418)
                      ; - kotlin.collections.ReversedList$listIterator$1::next@4 (line 48)
                      ; - org.jetbrains.skiko.ResourceUtilsKt::autoCloseScope@66 (line 41)
  0x000001842d433008: 7413 effc 

  0x000001842d43300c: ;   {other}
  0x000001842d43300c: 0f1f 8400 | 7c63 00a3 | ba45 ffff | ff4c 8b54 | 2448 4c89 | 5424 2044 | 8b5c 2438 | 4489 5c24 
  0x000001842d43302c: 2c44 8b54 | 2440 4489 | 5424 304c | 8b54 2460 | 4c89 5424 | 4844 8b54 | 2444 4489 | 5424 384c 
  0x000001842d43304c: 8b54 2468 | 4c89 5424 | 404c 8b54 | 2478 4c89 

  0x000001842d43305c: ;   {runtime_call UncommonTrapBlob}
  0x000001842d43305c: 5424 60e8 

  0x000001842d433060: ; ImmutableOopMap {[32]=Oop [40]=NarrowOop [44]=NarrowOop [48]=NarrowOop [56]=NarrowOop [60]=NarrowOop [64]=Oop [72]=Oop [88]=Oop [96]=Oop [136]=Oop }
                      ;*if_icmpne {reexecute=1 rethrow=0 return_oop=0}
                      ; - (reexecute) androidx.compose.runtime.snapshots.MutableSnapshot::hasPendingChanges@12 (line 756)
                      ; - androidx.compose.runtime.snapshots.Snapshot$Companion::sendApplyNotifications@22 (line 688)
                      ; - androidx.compose.ui.node.SnapshotInvalidationTracker::sendAndPerformSnapshotChanges@3 (line 83)
                      ; - androidx.compose.ui.scene.BaseComposeScene::render@84 (line 365)
                      ; - androidx.compose.ui.scene.ComposeSceneMediator::onRender$lambda$0$0@232 (line 677)
                      ; - androidx.compose.ui.scene.ComposeSceneMediator$$Lambda/0x0000018445f5de80::invoke@12
                      ; - androidx.compose.ui.viewinterop.SwingInteropContainer::postponingExecutingScheduledUpdates@84 (line 251)
                      ; - androidx.compose.ui.scene.ComposeSceneMediator::onRender@30 (line 675)
                      ; - org.jetbrains.skiko.swing.SkiaSwingLayer$renderDelegateWithClipping$1::onRender@78 (line 53)
                      ; - org.jetbrains.skiko.swing.Direct3DSwingRedrawer::onRender$lambda$1@201 (line 83)
                      ; - org.jetbrains.skiko.swing.Direct3DSwingRedrawer$$Lambda/0x0000018445f586c0::invoke@24
                      ; - org.jetbrains.skiko.ResourceUtilsKt::autoCloseScope@29 (line 34)
  0x000001842d433060: 1c13 effc 

  0x000001842d433064: ;   {other}
  0x000001842d433064: 0f1f 8400 | d463 00a4 | ba45 ffff | ff4c 8b54 | 2448 4c89 | 5424 2044 | 8b54 2438 | 4489 5424 
  0x000001842d433084: 2844 8b5c | 2440 4489 | 5c24 2c4c | 8b54 2460 | 4c89 5424 | 3048 ff74 | 2458 488f | 4424 4844 
  0x000001842d4330a4: 8b54 243c | 4489 5424 | 3844 8b5c | 2444 4489 | 5c24 3c4c | 8b54 2468 | 4c89 5424 | 404c 8b54 
  0x000001842d4330c4: 2478 4c89 

  0x000001842d4330c8: ;   {runtime_call UncommonTrapBlob}
  0x000001842d4330c8: 5424 50e8 

  0x000001842d4330cc: ; ImmutableOopMap {[32]=Oop [40]=NarrowOop [44]=NarrowOop [48]=Oop [56]=NarrowOop [60]=NarrowOop [64]=Oop [72]=Oop [80]=Oop [136]=Oop [144]=NarrowOop }
                      ;*if_icmpne {reexecute=1 rethrow=0 return_oop=0}
                      ; - (reexecute) androidx.compose.runtime.snapshots.MutableSnapshot::hasPendingChanges@12 (line 756)
                      ; - androidx.compose.runtime.snapshots.Snapshot$Companion::sendApplyNotifications@22 (line 688)
                      ; - androidx.compose.ui.scene.BaseComposeScene::render@169 (line 192)
                      ; - androidx.compose.ui.scene.ComposeSceneMediator::onRender$lambda$0$0@232 (line 677)
                      ; - androidx.compose.ui.scene.ComposeSceneMediator$$Lambda/0x0000018445f5de80::invoke@12
                      ; - androidx.compose.ui.viewinterop.SwingInteropContainer::postponingExecutingScheduledUpdates@84 (line 251)
                      ; - androidx.compose.ui.scene.ComposeSceneMediator::onRender@30 (line 675)
                      ; - org.jetbrains.skiko.swing.SkiaSwingLayer$renderDelegateWithClipping$1::onRender@78 (line 53)
                      ; - org.jetbrains.skiko.swing.Direct3DSwingRedrawer::onRender$lambda$1@201 (line 83)
                      ; - org.jetbrains.skiko.swing.Direct3DSwingRedrawer$$Lambda/0x0000018445f586c0::invoke@24
                      ; - org.jetbrains.skiko.ResourceUtilsKt::autoCloseScope@29 (line 34)
  0x000001842d4330cc: b012 effc 

  0x000001842d4330d0: ;   {other}
  0x000001842d4330d0: 0f1f 8400 | 4064 00a5 | ba45 ffff | ff4c 8b54 | 2448 4c89 | 5424 2044 | 8b54 2438 | 4489 5424 
  0x000001842d4330f0: 2844 8b5c | 2440 4489 | 5c24 2c4c | 8b54 2460 | 4c89 5424 | 3048 ff74 | 2458 488f | 4424 4844 
  0x000001842d433110: 8b54 243c | 4489 5424 | 3844 8b5c | 2444 4489 | 5c24 3c4c | 8b54 2468 | 4c89 5424 | 404c 8b54 
  0x000001842d433130: 2478 4c89 

  0x000001842d433134: ;   {runtime_call UncommonTrapBlob}
  0x000001842d433134: 5424 50e8 

  0x000001842d433138: ; ImmutableOopMap {[32]=Oop [40]=NarrowOop [44]=NarrowOop [48]=Oop [56]=NarrowOop [60]=NarrowOop [64]=Oop [72]=Oop [80]=Oop [136]=Oop [144]=NarrowOop }
                      ;*if_icmpne {reexecute=1 rethrow=0 return_oop=0}
                      ; - (reexecute) androidx.compose.runtime.snapshots.MutableSnapshot::hasPendingChanges@12 (line 756)
                      ; - androidx.compose.runtime.snapshots.Snapshot$Companion::sendApplyNotifications@22 (line 688)
                      ; - androidx.compose.ui.scene.BaseComposeScene::render@179 (line 197)
                      ; - androidx.compose.ui.scene.ComposeSceneMediator::onRender$lambda$0$0@232 (line 677)
                      ; - androidx.compose.ui.scene.ComposeSceneMediator$$Lambda/0x0000018445f5de80::invoke@12
                      ; - androidx.compose.ui.viewinterop.SwingInteropContainer::postponingExecutingScheduledUpdates@84 (line 251)
                      ; - androidx.compose.ui.scene.ComposeSceneMediator::onRender@30 (line 675)
                      ; - org.jetbrains.skiko.swing.SkiaSwingLayer$renderDelegateWithClipping$1::onRender@78 (line 53)
                      ; - org.jetbrains.skiko.swing.Direct3DSwingRedrawer::onRender$lambda$1@201 (line 83)
                      ; - org.jetbrains.skiko.swing.Direct3DSwingRedrawer$$Lambda/0x0000018445f586c0::invoke@24
                      ; - org.jetbrains.skiko.ResourceUtilsKt::autoCloseScope@29 (line 34)
  0x000001842d433138: 4412 effc 

  0x000001842d43313c: ;   {other}
  0x000001842d43313c: 0f1f 8400 | ac64 00a6 | 498b d749 | ba20 41b6 | 4dfa 7f00 | 0041 ffd2 

  0x000001842d433154: ;   {other}
  0x000001842d433154: 0f1f 8400 | 0000 0000 | e925 d3ff | ff49 8bd7 | 49ba 2041 | b64d fa7f | 0000 41ff 

  0x000001842d433170: ;   {other}
  0x000001842d433170: d20f 1f84 | 0000 0000 | 00e9 b0d3 | ffff ba3d | ffff ff4c | 8b54 2448 | 4c89 5424 | 284c 8954 
  0x000001842d433190: 2430 448b | 5c24 5c44 | 895c 2448 | 448b 5424 | 5844 8954 | 244c 4489 | 4c24 6c89 

  0x000001842d4331ac: ;   {runtime_call UncommonTrapBlob}
  0x000001842d4331ac: 4c24 74e8 

  0x000001842d4331b0: ; ImmutableOopMap {[40]=Oop [48]=Oop [64]=NarrowOop [72]=NarrowOop [96]=Oop }
                      ;*if_icmpge {reexecute=1 rethrow=0 return_oop=0}
                      ; - (reexecute) jdk.internal.util.ArraysSupport::newLength@10 (line 741)
                      ; - java.util.ArrayList::grow@27 (line 234)
                      ; - java.util.ArrayList::grow@7 (line 244)
                      ; - java.util.ArrayList::add@7 (line 483)
                      ; - java.util.ArrayList::add@20 (line 496)
                      ; - org.jetbrains.skiko.ResourceUtilsKt$autoCloseScope$scope$1::autoClose@11 (line 29)
                      ; - org.jetbrains.skiko.swing.Direct3DSwingRedrawer::onRender$lambda$1@81 (line 70)
                      ; - org.jetbrains.skiko.swing.Direct3DSwingRedrawer$$Lambda/0x0000018445f586c0::invoke@24
                      ; - org.jetbrains.skiko.ResourceUtilsKt::autoCloseScope@29 (line 34)
  0x000001842d4331b0: cc11 effc 

  0x000001842d4331b4: ;   {other}
  0x000001842d4331b4: 0f1f 8400 | 2465 00a7 | ba3d ffff | ff4c 8b5c | 2448 4c89 | 5c24 284c | 895c 2430 | 448b 4424 
  0x000001842d4331d4: 5844 8944 | 2448 4c8b | 5c24 684c | 895c 2460 | 4489 5424 | 4c44 894c 

  0x000001842d4331ec: ;   {runtime_call UncommonTrapBlob}
  0x000001842d4331ec: 246c 90e8 

  0x000001842d4331f0: ; ImmutableOopMap {[40]=Oop [48]=Oop [56]=NarrowOop [64]=NarrowOop [96]=Oop [112]=Oop }
                      ;*if_icmpge {reexecute=1 rethrow=0 return_oop=0}
                      ; - (reexecute) jdk.internal.util.ArraysSupport::newLength@10 (line 741)
                      ; - java.util.ArrayList::grow@27 (line 234)
                      ; - java.util.ArrayList::grow@7 (line 244)
                      ; - java.util.ArrayList::add@7 (line 483)
                      ; - java.util.ArrayList::add@20 (line 496)
                      ; - org.jetbrains.skiko.ResourceUtilsKt$autoCloseScope$scope$1::autoClose@11 (line 29)
                      ; - org.jetbrains.skiko.swing.Direct3DSwingRedrawer::onRender$lambda$1@142 (line 79)
                      ; - org.jetbrains.skiko.swing.Direct3DSwingRedrawer$$Lambda/0x0000018445f586c0::invoke@24
                      ; - org.jetbrains.skiko.ResourceUtilsKt::autoCloseScope@29 (line 34)
  0x000001842d4331f0: 8c11 effc 

  0x000001842d4331f4: ;   {other}
  0x000001842d4331f4: 0f1f 8400 | 6465 00a8 | bade ffff | ff4c 8b54 | 2448 4c89 | 5424 2044 | 8b54 2438 | 4489 5424 
  0x000001842d433214: 2844 8b5c | 2440 4489 | 5c24 2c48 | ff74 2458 | 488f 4424 | 4844 8b54 | 243c 4489 | 5424 3844 
  0x000001842d433234: 8b5c 2444 | 4489 5c24 | 3c4c 8b54 | 2450 4c89 | 5424 404c | 8b54 2468 | 4c89 5424 

  0x000001842d433250: ;   {runtime_call UncommonTrapBlob}
  0x000001842d433250: 5866 90e8 

  0x000001842d433254: ; ImmutableOopMap {rbp=NarrowOop [32]=Oop [40]=NarrowOop [44]=NarrowOop [56]=NarrowOop [60]=NarrowOop [72]=Oop [88]=Oop [96]=Oop [104]=Oop }
                      ;*checkcast {reexecute=0 rethrow=0 return_oop=0}
                      ; - androidx.compose.ui.scene.ComposeSceneMediator::getScene@11 (line 321)
                      ; - androidx.compose.ui.scene.ComposeSceneMediator::onRender$lambda$0$0@223 (line 677)
                      ; - androidx.compose.ui.scene.ComposeSceneMediator$$Lambda/0x0000018445f5de80::invoke@12
                      ; - androidx.compose.ui.viewinterop.SwingInteropContainer::postponingExecutingScheduledUpdates@84 (line 251)
                      ; - androidx.compose.ui.scene.ComposeSceneMediator::onRender@30 (line 675)
                      ; - org.jetbrains.skiko.swing.SkiaSwingLayer$renderDelegateWithClipping$1::onRender@78 (line 53)
                      ; - org.jetbrains.skiko.swing.Direct3DSwingRedrawer::onRender$lambda$1@201 (line 83)
                      ; - org.jetbrains.skiko.swing.Direct3DSwingRedrawer$$Lambda/0x0000018445f586c0::invoke@24
                      ; - org.jetbrains.skiko.ResourceUtilsKt::autoCloseScope@29 (line 34)
  0x000001842d433254: 2811 effc 

  0x000001842d433258: ;   {other}
  0x000001842d433258: 0f1f 8400 | c865 00a9 | baf4 ffff | ff49 8be9 

  0x000001842d433268: ;   {runtime_call UncommonTrapBlob}
  0x000001842d433268: 6666 90e8 

  0x000001842d43326c: ; ImmutableOopMap {rbp=Oop [72]=Oop }
                      ;*checkcast {reexecute=0 rethrow=0 return_oop=0}
                      ; - org.jetbrains.skiko.ResourceUtilsKt::autoCloseScope@75 (line 41)
  0x000001842d43326c: 1011 effc 

  0x000001842d433270: ;   {other}
  0x000001842d433270: 0f1f 8400 | e065 00aa | baf6 ffff | ff49 8be8 | 4c89 4c24 

  0x000001842d433284: ;   {runtime_call UncommonTrapBlob}
  0x000001842d433284: 2066 90e8 

  0x000001842d433288: ; ImmutableOopMap {rbp=Oop [32]=Oop [72]=Oop }
                      ;*getfield modCount {reexecute=1 rethrow=0 return_oop=0}
                      ; - (reexecute) java.util.AbstractList$Itr::checkForComodification@4 (line 400)
                      ; - java.util.AbstractList$ListItr::previous@1 (line 415)
                      ; - kotlin.collections.ReversedList$listIterator$1::next@4 (line 48)
                      ; - org.jetbrains.skiko.ResourceUtilsKt::autoCloseScope@66 (line 41)
  0x000001842d433288: f410 effc 

  0x000001842d43328c: ;   {other}
  0x000001842d43328c: 0f1f 8400 | fc65 00ab | baf6 ffff | ff49 8be8 | 4489 5424 | 244c 894c 

  0x000001842d4332a4: ;   {runtime_call UncommonTrapBlob}
  0x000001842d4332a4: 2428 90e8 

  0x000001842d4332a8: ; ImmutableOopMap {rbp=Oop [40]=Oop [72]=Oop }
                      ;*invokevirtual get {reexecute=0 rethrow=0 return_oop=0}
                      ; - java.util.AbstractList$ListItr::previous@16 (line 418)
                      ; - kotlin.collections.ReversedList$listIterator$1::next@4 (line 48)
                      ; - org.jetbrains.skiko.ResourceUtilsKt::autoCloseScope@66 (line 41)
  0x000001842d4332a8: d410 effc 

  0x000001842d4332ac: ;   {other}
  0x000001842d4332ac: 0f1f 8400 | 1c66 00ac | baf6 ffff | ff4c 8b54 | 2448 4c89 | 5424 2048 | 8944 24f8 | 8b44 2438 
  0x000001842d4332cc: 8944 2434 | 488b 4424 | f848 8944 | 24f8 8b44 | 2440 8944 | 2438 488b | 4424 f84c | 8b54 2460 
  0x000001842d4332ec: 4c89 5424 | 4848 8944 | 24f8 8b44 | 2444 8944 | 2440 488b | 4424 f84c | 8b54 2468 | 4c89 5424 
  0x000001842d43330c: 6044 8b94 | 2494 0000 | 0045 8bda | 4489 9c24 | 8400 0000 

  0x000001842d433320: ;   {runtime_call UncommonTrapBlob}
  0x000001842d433320: 6666 90e8 

  0x000001842d433324: ; ImmutableOopMap {rbp=NarrowOop [32]=Oop [44]=NarrowOop [52]=NarrowOop [56]=NarrowOop [60]=NarrowOop [64]=NarrowOop [72]=Oop [88]=Oop [96]=Oop [120]=Oop [132]=NarrowOop [136]=Oop [144]=NarrowOop [148]=NarrowOop }
                      ;*invokevirtual isEmpty {reexecute=0 rethrow=0 return_oop=0}
                      ; - androidx.compose.ui.platform.FlushCoroutineDispatcher::flush$lambda$0@20 (line 88)
                      ; - androidx.compose.ui.platform.FlushCoroutineDispatcher$$Lambda/0x0000018445e01738::invoke@4
                      ; - androidx.compose.ui.platform.FlushCoroutineDispatcher::performRun@24 (line 105)
                      ; - androidx.compose.ui.platform.FlushCoroutineDispatcher::flush@7 (line 83)
                      ; - androidx.compose.ui.scene.ComposeSceneRecomposer::performScheduledEffects@11 (line 91)
                      ; - androidx.compose.ui.scene.BaseComposeScene::render@116 (line 176)
                      ; - androidx.compose.ui.scene.ComposeSceneMediator::onRender$lambda$0$0@232 (line 677)
                      ; - androidx.compose.ui.scene.ComposeSceneMediator$$Lambda/0x0000018445f5de80::invoke@12
                      ; - androidx.compose.ui.viewinterop.SwingInteropContainer::postponingExecutingScheduledUpdates@84 (line 251)
                      ; - androidx.compose.ui.scene.ComposeSceneMediator::onRender@30 (line 675)
                      ; - org.jetbrains.skiko.swing.SkiaSwingLayer$renderDelegateWithClipping$1::onRender@78 (line 53)
                      ; - org.jetbrains.skiko.swing.Direct3DSwingRedrawer::onRender$lambda$1@201 (line 83)
                      ; - org.jetbrains.skiko.swing.Direct3DSwingRedrawer$$Lambda/0x0000018445f586c0::invoke@24
                      ; - org.jetbrains.skiko.ResourceUtilsKt::autoCloseScope@29 (line 34)
  0x000001842d433324: 5810 effc 

  0x000001842d433328: ;   {other}
  0x000001842d433328: 0f1f 8400 | 9866 00ad | baf6 ffff | ff4c 8b54 | 2448 4c89 | 5424 2044 | 8b54 2438 | 4489 5424 
  0x000001842d433348: 3044 8b5c | 2440 4489 | 5c24 344c | 8b54 2460 | 4c89 5424 | 4844 8b54 | 243c 4489 | 5424 3844 
  0x000001842d433368: 8b5c 2444 | 4489 5c24 | 3c4c 8b54 | 2468 4c89 | 5424 404c | 8b54 2478 | 4c89 5424 

  0x000001842d433384: ;   {runtime_call UncommonTrapBlob}
  0x000001842d433384: 6066 90e8 

  0x000001842d433388: ; ImmutableOopMap {rbp=NarrowOop [32]=Oop [40]=NarrowOop [44]=NarrowOop [48]=NarrowOop [52]=NarrowOop [56]=NarrowOop [60]=NarrowOop [64]=Oop [72]=Oop [88]=Oop [96]=Oop [136]=Oop [144]=NarrowOop }
                      ;*invokevirtual isEmpty {reexecute=0 rethrow=0 return_oop=0}
                      ; - androidx.compose.ui.platform.FlushCoroutineDispatcher::flush$lambda$0@20 (line 88)
                      ; - androidx.compose.ui.platform.FlushCoroutineDispatcher$$Lambda/0x0000018445e01738::invoke@4
                      ; - androidx.compose.ui.platform.FlushCoroutineDispatcher::performRun@24 (line 105)
                      ; - androidx.compose.ui.platform.FlushCoroutineDispatcher::flush@7 (line 83)
                      ; - androidx.compose.ui.scene.ComposeSceneRecomposer::performScheduledRecomposerTasks@11 (line 84)
                      ; - androidx.compose.ui.scene.BaseComposeScene::render@123 (line 178)
                      ; - androidx.compose.ui.scene.ComposeSceneMediator::onRender$lambda$0$0@232 (line 677)
                      ; - androidx.compose.ui.scene.ComposeSceneMediator$$Lambda/0x0000018445f5de80::invoke@12
                      ; - androidx.compose.ui.viewinterop.SwingInteropContainer::postponingExecutingScheduledUpdates@84 (line 251)
                      ; - androidx.compose.ui.scene.ComposeSceneMediator::onRender@30 (line 675)
                      ; - org.jetbrains.skiko.swing.SkiaSwingLayer$renderDelegateWithClipping$1::onRender@78 (line 53)
                      ; - org.jetbrains.skiko.swing.Direct3DSwingRedrawer::onRender$lambda$1@201 (line 83)
                      ; - org.jetbrains.skiko.swing.Direct3DSwingRedrawer$$Lambda/0x0000018445f586c0::invoke@24
                      ; - org.jetbrains.skiko.ResourceUtilsKt::autoCloseScope@29 (line 34)
  0x000001842d433388: f40f effc 

  0x000001842d43338c: ;   {other}
  0x000001842d43338c: 0f1f 8400 | fc66 00ae | baf6 ffff 

  0x000001842d433398: ;   {runtime_call UncommonTrapBlob}
  0x000001842d433398: ff66 90e8 

  0x000001842d43339c: ; ImmutableOopMap {rbp=Oop }
                      ;*arraylength {reexecute=0 rethrow=0 return_oop=0}
                      ; - java.util.ArrayList::add@2 (line 482)
                      ; - java.util.ArrayList::add@20 (line 496)
                      ; - org.jetbrains.skiko.ResourceUtilsKt$autoCloseScope$scope$1::autoClose@11 (line 29)
                      ; - org.jetbrains.skiko.swing.Direct3DSwingRedrawer::onRender$lambda$1@81 (line 70)
                      ; - org.jetbrains.skiko.swing.Direct3DSwingRedrawer$$Lambda/0x0000018445f586c0::invoke@24
                      ; - org.jetbrains.skiko.ResourceUtilsKt::autoCloseScope@29 (line 34)
  0x000001842d43339c: e00f effc 

  0x000001842d4333a0: ;   {other}
  0x000001842d4333a0: 0f1f 8400 | 1067 00af | baf6 ffff | ff48 8b6c 

  0x000001842d4333b0: ;   {runtime_call UncommonTrapBlob}
  0x000001842d4333b0: 2448 90e8 

  0x000001842d4333b4: ; ImmutableOopMap {rbp=Oop }
                      ;*arraylength {reexecute=0 rethrow=0 return_oop=0}
                      ; - java.util.ArrayList::add@2 (line 482)
                      ; - java.util.ArrayList::add@20 (line 496)
                      ; - org.jetbrains.skiko.ResourceUtilsKt$autoCloseScope$scope$1::autoClose@11 (line 29)
                      ; - org.jetbrains.skiko.swing.Direct3DSwingRedrawer::onRender$lambda$1@142 (line 79)
                      ; - org.jetbrains.skiko.swing.Direct3DSwingRedrawer$$Lambda/0x0000018445f586c0::invoke@24
                      ; - org.jetbrains.skiko.ResourceUtilsKt::autoCloseScope@29 (line 34)
  0x000001842d4333b4: c80f effc 

  0x000001842d4333b8: ;   {other}
  0x000001842d4333b8: 0f1f 8400 | 2867 00b0 | baf6 ffff | ff48 8b6c 

  0x000001842d4333c8: ;   {runtime_call UncommonTrapBlob}
  0x000001842d4333c8: 2448 90e8 

  0x000001842d4333cc: ; ImmutableOopMap {rbp=Oop [104]=Oop }
                      ;*invokeinterface onRender {reexecute=0 rethrow=0 return_oop=0}
                      ; - org.jetbrains.skiko.swing.Direct3DSwingRedrawer::onRender$lambda$1@201 (line 83)
                      ; - org.jetbrains.skiko.swing.Direct3DSwingRedrawer$$Lambda/0x0000018445f586c0::invoke@24
                      ; - org.jetbrains.skiko.ResourceUtilsKt::autoCloseScope@29 (line 34)
  0x000001842d4333cc: b00f effc 

  0x000001842d4333d0: ;   {other}
  0x000001842d4333d0: 0f1f 8400 | 4067 00b1 | baf6 ffff | ff48 8b6c 

  0x000001842d4333e0: ;   {runtime_call UncommonTrapBlob}
  0x000001842d4333e0: 2448 90e8 

  0x000001842d4333e4: ; ImmutableOopMap {rbp=Oop }
                      ;*invokevirtual getGraphicsConfiguration {reexecute=0 rethrow=0 return_oop=0}
                      ; - org.jetbrains.skiko.swing.SkiaSwingLayer$renderDelegateWithClipping$1::onRender@10 (line 48)
                      ; - org.jetbrains.skiko.swing.Direct3DSwingRedrawer::onRender$lambda$1@201 (line 83)
                      ; - org.jetbrains.skiko.swing.Direct3DSwingRedrawer$$Lambda/0x0000018445f586c0::invoke@24
                      ; - org.jetbrains.skiko.ResourceUtilsKt::autoCloseScope@29 (line 34)
  0x000001842d4333e4: 980f effc 

  0x000001842d4333e8: ;   {other}
  0x000001842d4333e8: 0f1f 8400 | 5867 00b2 | baf6 ffff | ff48 8b6c 

  0x000001842d4333f8: ;   {runtime_call UncommonTrapBlob}
  0x000001842d4333f8: 2448 90e8 

  0x000001842d4333fc: ; ImmutableOopMap {rbp=Oop }
                      ;*invokevirtual getDefaultTransform {reexecute=0 rethrow=0 return_oop=0}
                      ; - org.jetbrains.skiko.swing.SkiaSwingLayer$renderDelegateWithClipping$1::onRender@13 (line 48)
                      ; - org.jetbrains.skiko.swing.Direct3DSwingRedrawer::onRender$lambda$1@201 (line 83)
                      ; - org.jetbrains.skiko.swing.Direct3DSwingRedrawer$$Lambda/0x0000018445f586c0::invoke@24
                      ; - org.jetbrains.skiko.ResourceUtilsKt::autoCloseScope@29 (line 34)
  0x000001842d4333fc: 800f effc 

  0x000001842d433400: ;   {other}
  0x000001842d433400: 0f1f 8400 | 7067 00b3 | baf6 ffff | ff48 8b6c 

  0x000001842d433410: ;   {runtime_call UncommonTrapBlob}
  0x000001842d433410: 2448 90e8 

  0x000001842d433414: ; ImmutableOopMap {rbp=Oop }
                      ;*invokevirtual getDefaultScaleX {reexecute=0 rethrow=0 return_oop=0}
                      ; - sun.awt.Win32GraphicsConfig::getDefaultTransform@4 (line 184)
                      ; - org.jetbrains.skiko.swing.SkiaSwingLayer$renderDelegateWithClipping$1::onRender@13 (line 48)
                      ; - org.jetbrains.skiko.swing.Direct3DSwingRedrawer::onRender$lambda$1@201 (line 83)
                      ; - org.jetbrains.skiko.swing.Direct3DSwingRedrawer$$Lambda/0x0000018445f586c0::invoke@24
                      ; - org.jetbrains.skiko.ResourceUtilsKt::autoCloseScope@29 (line 34)
  0x000001842d433414: 680f effc 

  0x000001842d433418: ;   {other}
  0x000001842d433418: 0f1f 8400 | 8867 00b4 | baf6 ffff | ff48 8b6c 

  0x000001842d433428: ;   {runtime_call UncommonTrapBlob}
  0x000001842d433428: 2448 90e8 

  0x000001842d43342c: ; ImmutableOopMap {rbp=Oop [104]=Oop }
                      ;*invokeinterface onRender {reexecute=0 rethrow=0 return_oop=0}
                      ; - org.jetbrains.skiko.swing.SkiaSwingLayer$renderDelegateWithClipping$1::onRender@78 (line 53)
                      ; - org.jetbrains.skiko.swing.Direct3DSwingRedrawer::onRender$lambda$1@201 (line 83)
                      ; - org.jetbrains.skiko.swing.Direct3DSwingRedrawer$$Lambda/0x0000018445f586c0::invoke@24
                      ; - org.jetbrains.skiko.ResourceUtilsKt::autoCloseScope@29 (line 34)
  0x000001842d43342c: 500f effc 

  0x000001842d433430: ;   {other}
  0x000001842d433430: 0f1f 8400 | a067 00b5 | baf6 ffff | ff48 8b6c | 2448 448b | 5c24 4044 | 895c 2424 | 4c89 4424 
  0x000001842d433450: ;   {runtime_call UncommonTrapBlob}
  0x000001842d433450: 3866 90e8 

  0x000001842d433454: ; ImmutableOopMap {rbp=Oop [36]=NarrowOop [56]=Oop [92]=NarrowOop [96]=Oop [104]=Oop }
                      ;*invokevirtual postponingExecutingScheduledUpdates {reexecute=0 rethrow=0 return_oop=0}
                      ; - androidx.compose.ui.scene.ComposeSceneMediator::onRender@30 (line 675)
                      ; - org.jetbrains.skiko.swing.SkiaSwingLayer$renderDelegateWithClipping$1::onRender@78 (line 53)
                      ; - org.jetbrains.skiko.swing.Direct3DSwingRedrawer::onRender$lambda$1@201 (line 83)
                      ; - org.jetbrains.skiko.swing.Direct3DSwingRedrawer$$Lambda/0x0000018445f586c0::invoke@24
                      ; - org.jetbrains.skiko.ResourceUtilsKt::autoCloseScope@29 (line 34)
  0x000001842d433454: 280f effc 

  0x000001842d433458: ;   {other}
  0x000001842d433458: 0f1f 8400 | c867 00b6 | baf6 ffff | ff48 8b6c | 2448 4489 | 4c24 2044 | 8b54 2440 | 4489 5424 
  0x000001842d433478: 2444 8b5c | 243c 4489 | 5c24 3844 | 8b54 2444 | 4489 5424 | 3c4c 8944 | 2440 4c8b | 5424 504c 
  0x000001842d433498: 8954 2448 

  0x000001842d43349c: ;   {runtime_call UncommonTrapBlob}
  0x000001842d43349c: 6666 90e8 

  0x000001842d4334a0: ; ImmutableOopMap {rbp=Oop [32]=NarrowOop [36]=NarrowOop [56]=NarrowOop [60]=NarrowOop [64]=Oop [88]=Oop [96]=Oop [104]=Oop }
                      ;*getfield lock {reexecute=1 rethrow=0 return_oop=0}
                      ; - (reexecute) androidx.compose.ui.viewinterop.ScheduledUpdatesSwapchain::access$getLock$p@1 (line 32)
                      ; - androidx.compose.ui.viewinterop.SwingInteropContainer::postponingExecutingScheduledUpdates@15 (line 284)
                      ; - androidx.compose.ui.scene.ComposeSceneMediator::onRender@30 (line 675)
                      ; - org.jetbrains.skiko.swing.SkiaSwingLayer$renderDelegateWithClipping$1::onRender@78 (line 53)
                      ; - org.jetbrains.skiko.swing.Direct3DSwingRedrawer::onRender$lambda$1@201 (line 83)
                      ; - org.jetbrains.skiko.swing.Direct3DSwingRedrawer$$Lambda/0x0000018445f586c0::invoke@24
                      ; - org.jetbrains.skiko.ResourceUtilsKt::autoCloseScope@29 (line 34)
  0x000001842d4334a0: dc0e effc 

  0x000001842d4334a4: ;   {other}
  0x000001842d4334a4: 0f1f 8400 | 1468 00b7 | baf6 ffff | ff48 8b6c | 2448 448b | 5c24 3844 | 895c 2420 | 448b 5c24 
  0x000001842d4334c4: 3c44 895c 

  0x000001842d4334c8: ;   {runtime_call UncommonTrapBlob}
  0x000001842d4334c8: 2438 90e8 

  0x000001842d4334cc: ; ImmutableOopMap {rbp=Oop [32]=NarrowOop [56]=NarrowOop [64]=NarrowOop [68]=NarrowOop [88]=Oop [96]=Oop }
                      ;*invokeinterface getContentComponent {reexecute=0 rethrow=0 return_oop=0}
                      ; - androidx.compose.ui.scene.ComposeSceneMediator::getContentComponent@4 (line 152)
                      ; - androidx.compose.ui.scene.ComposeSceneMediator::onRender$lambda$0$0@35 (line 1095)
                      ; - androidx.compose.ui.scene.ComposeSceneMediator$$Lambda/0x0000018445f5de80::invoke@12
                      ; - androidx.compose.ui.viewinterop.SwingInteropContainer::postponingExecutingScheduledUpdates@84 (line 251)
                      ; - androidx.compose.ui.scene.ComposeSceneMediator::onRender@30 (line 675)
                      ; - org.jetbrains.skiko.swing.SkiaSwingLayer$renderDelegateWithClipping$1::onRender@78 (line 53)
                      ; - org.jetbrains.skiko.swing.Direct3DSwingRedrawer::onRender$lambda$1@201 (line 83)
                      ; - org.jetbrains.skiko.swing.Direct3DSwingRedrawer$$Lambda/0x0000018445f586c0::invoke@24
                      ; - org.jetbrains.skiko.ResourceUtilsKt::autoCloseScope@29 (line 34)
  0x000001842d4334cc: b00e effc 

  0x000001842d4334d0: ;   {other}
  0x000001842d4334d0: 0f1f 8400 | 4068 00b8 | ba5c ffff | ff48 8b6c | 2448 448b | 4424 3844 | 8944 2420 | 448b 5c24 
  0x000001842d4334f0: 4044 895c | 2424 4c8b | 5c24 584c | 895c 2430 | 448b 4424 | 3c44 8944 | 2438 448b | 5c24 4444 
  0x000001842d433510: 895c 243c | 4c8b 5c24 | 504c 895c | 2448 4489 

  0x000001842d433520: ;   {runtime_call UncommonTrapBlob}
  0x000001842d433520: 5424 5ce8 

  0x000001842d433524: ; ImmutableOopMap {rbp=Oop [32]=NarrowOop [36]=NarrowOop [48]=Oop [56]=NarrowOop [60]=NarrowOop [92]=NarrowOop [96]=Oop [104]=Oop }
                      ;*ifnonnull {reexecute=1 rethrow=0 return_oop=0}
                      ; - (reexecute) kotlin.jvm.internal.Intrinsics::checkNotNullParameter@1 (line 130)
                      ; - androidx.compose.ui.window.LayoutConfiguration_desktopKt::getDensity@3
                      ; - androidx.compose.ui.scene.ComposeSceneMediator::onRender$lambda$0$0@48 (line 1096)
                      ; - androidx.compose.ui.scene.ComposeSceneMediator$$Lambda/0x0000018445f5de80::invoke@12
                      ; - androidx.compose.ui.viewinterop.SwingInteropContainer::postponingExecutingScheduledUpdates@84 (line 251)
                      ; - androidx.compose.ui.scene.ComposeSceneMediator::onRender@30 (line 675)
                      ; - org.jetbrains.skiko.swing.SkiaSwingLayer$renderDelegateWithClipping$1::onRender@78 (line 53)
                      ; - org.jetbrains.skiko.swing.Direct3DSwingRedrawer::onRender$lambda$1@201 (line 83)
                      ; - org.jetbrains.skiko.swing.Direct3DSwingRedrawer$$Lambda/0x0000018445f586c0::invoke@24
                      ; - org.jetbrains.skiko.ResourceUtilsKt::autoCloseScope@29 (line 34)
  0x000001842d433524: 580e effc 

  0x000001842d433528: ;   {other}
  0x000001842d433528: 0f1f 8400 | 9868 00b9 | baf6 ffff | ff48 8b6c | 2448 448b | 5c24 3844 | 895c 2420 | 448b 5c24 
  0x000001842d433548: 3c44 895c 

  0x000001842d43354c: ;   {runtime_call UncommonTrapBlob}
  0x000001842d43354c: 2438 90e8 

  0x000001842d433550: ; ImmutableOopMap {rbp=Oop [32]=NarrowOop [56]=NarrowOop [64]=NarrowOop [68]=NarrowOop [88]=Oop [96]=Oop }
                      ;*invokevirtual getDefaultScaleX {reexecute=0 rethrow=0 return_oop=0}
                      ; - sun.awt.Win32GraphicsConfig::getDefaultTransform@4 (line 184)
                      ; - androidx.compose.ui.window.LayoutConfiguration_desktopKt::getDensity@1 (line 49)
                      ; - androidx.compose.ui.window.LayoutConfiguration_desktopKt::getDensity@16 (line 43)
                      ; - androidx.compose.ui.scene.ComposeSceneMediator::onRender$lambda$0$0@48 (line 1096)
                      ; - androidx.compose.ui.scene.ComposeSceneMediator$$Lambda/0x0000018445f5de80::invoke@12
                      ; - androidx.compose.ui.viewinterop.SwingInteropContainer::postponingExecutingScheduledUpdates@84 (line 251)
                      ; - androidx.compose.ui.scene.ComposeSceneMediator::onRender@30 (line 675)
                      ; - org.jetbrains.skiko.swing.SkiaSwingLayer$renderDelegateWithClipping$1::onRender@78 (line 53)
                      ; - org.jetbrains.skiko.swing.Direct3DSwingRedrawer::onRender$lambda$1@201 (line 83)
                      ; - org.jetbrains.skiko.swing.Direct3DSwingRedrawer$$Lambda/0x0000018445f586c0::invoke@24
                      ; - org.jetbrains.skiko.ResourceUtilsKt::autoCloseScope@29 (line 34)
  0x000001842d433550: 2c0e effc 

  0x000001842d433554: ;   {other}
  0x000001842d433554: 0f1f 8400 | c468 00ba | baf6 ffff | ff48 8b6c | 2448 448b | 5424 3844 | 8954 2420 | 448b 5424 
  0x000001842d433574: 3c44 8954 

  0x000001842d433578: ;   {runtime_call UncommonTrapBlob}
  0x000001842d433578: 2438 90e8 

  0x000001842d43357c: ; ImmutableOopMap {rbp=Oop [32]=NarrowOop [56]=NarrowOop [64]=NarrowOop [68]=NarrowOop [88]=Oop [96]=Oop }
                      ;*invokeinterface getValue {reexecute=0 rethrow=0 return_oop=0}
                      ; - androidx.compose.ui.scene.ComposeSceneMediator::getScene@6 (line 321)
                      ; - androidx.compose.ui.scene.ComposeSceneMediator::onRender$lambda$0$0@223 (line 677)
                      ; - androidx.compose.ui.scene.ComposeSceneMediator$$Lambda/0x0000018445f5de80::invoke@12
                      ; - androidx.compose.ui.viewinterop.SwingInteropContainer::postponingExecutingScheduledUpdates@84 (line 251)
                      ; - androidx.compose.ui.scene.ComposeSceneMediator::onRender@30 (line 675)
                      ; - org.jetbrains.skiko.swing.SkiaSwingLayer$renderDelegateWithClipping$1::onRender@78 (line 53)
                      ; - org.jetbrains.skiko.swing.Direct3DSwingRedrawer::onRender$lambda$1@201 (line 83)
                      ; - org.jetbrains.skiko.swing.Direct3DSwingRedrawer$$Lambda/0x0000018445f586c0::invoke@24
                      ; - org.jetbrains.skiko.ResourceUtilsKt::autoCloseScope@29 (line 34)
  0x000001842d43357c: 000e effc 

  0x000001842d433580: ;   {other}
  0x000001842d433580: 0f1f 8400 | f068 00bb | baf4 ffff | ff48 8b6c | 2448 448b | 5c24 3844 | 895c 2420 | 448b 5424 
  0x000001842d4335a0: 4044 8954 | 2424 448b | 5c24 3c44 | 895c 2438 | 448b 5424 | 4444 8954 | 243c 4c8b | 5424 504c 
  0x000001842d4335c0: 8954 2440 | 4c8b 5424 | 684c 8954 

  0x000001842d4335cc: ;   {runtime_call UncommonTrapBlob}
  0x000001842d4335cc: 2450 90e8 

  0x000001842d4335d0: ; ImmutableOopMap {rbp=Oop [32]=NarrowOop [36]=NarrowOop [56]=NarrowOop [60]=NarrowOop [80]=Oop [88]=Oop [96]=Oop [104]=Oop }
                      ;*checkcast {reexecute=0 rethrow=0 return_oop=0}
                      ; - androidx.compose.ui.scene.ComposeSceneMediator::getScene@11 (line 321)
                      ; - androidx.compose.ui.scene.ComposeSceneMediator::onRender$lambda$0$0@223 (line 677)
                      ; - androidx.compose.ui.scene.ComposeSceneMediator$$Lambda/0x0000018445f5de80::invoke@12
                      ; - androidx.compose.ui.viewinterop.SwingInteropContainer::postponingExecutingScheduledUpdates@84 (line 251)
                      ; - androidx.compose.ui.scene.ComposeSceneMediator::onRender@30 (line 675)
                      ; - org.jetbrains.skiko.swing.SkiaSwingLayer$renderDelegateWithClipping$1::onRender@78 (line 53)
                      ; - org.jetbrains.skiko.swing.Direct3DSwingRedrawer::onRender$lambda$1@201 (line 83)
                      ; - org.jetbrains.skiko.swing.Direct3DSwingRedrawer$$Lambda/0x0000018445f586c0::invoke@24
                      ; - org.jetbrains.skiko.ResourceUtilsKt::autoCloseScope@29 (line 34)
  0x000001842d4335d0: ac0d effc 

  0x000001842d4335d4: ;   {other}
  0x000001842d4335d4: 0f1f 8400 | 4469 00bc | baf6 ffff | ff48 8b6c | 2448 448b | 5424 3844 | 8954 2420 | 448b 5c24 
  0x000001842d4335f4: 4044 895c | 2424 4c8b | 5424 604c | 8954 2428 | 4c8b 5424 | 584c 8954 | 2430 448b | 5424 3c44 
  0x000001842d433614: 8954 2438 | 448b 5c24 | 4444 895c | 243c 4c8b | 5424 684c | 8954 2440 | 4c8b 5424 | 784c 8954 
  0x000001842d433634: ;   {runtime_call UncommonTrapBlob}
  0x000001842d433634: 2448 90e8 

  0x000001842d433638: ; ImmutableOopMap {rbp=Oop [32]=NarrowOop [36]=NarrowOop [40]=Oop [48]=Oop [56]=NarrowOop [60]=NarrowOop [64]=Oop [72]=Oop [136]=Oop [144]=NarrowOop }
                      ;*invokevirtual performScheduledEffects {reexecute=0 rethrow=0 return_oop=0}
                      ; - androidx.compose.ui.scene.BaseComposeScene::render@116 (line 176)
                      ; - androidx.compose.ui.scene.ComposeSceneMediator::onRender$lambda$0$0@232 (line 677)
                      ; - androidx.compose.ui.scene.ComposeSceneMediator$$Lambda/0x0000018445f5de80::invoke@12
                      ; - androidx.compose.ui.viewinterop.SwingInteropContainer::postponingExecutingScheduledUpdates@84 (line 251)
                      ; - androidx.compose.ui.scene.ComposeSceneMediator::onRender@30 (line 675)
                      ; - org.jetbrains.skiko.swing.SkiaSwingLayer$renderDelegateWithClipping$1::onRender@78 (line 53)
                      ; - org.jetbrains.skiko.swing.Direct3DSwingRedrawer::onRender$lambda$1@201 (line 83)
                      ; - org.jetbrains.skiko.swing.Direct3DSwingRedrawer$$Lambda/0x0000018445f586c0::invoke@24
                      ; - org.jetbrains.skiko.ResourceUtilsKt::autoCloseScope@29 (line 34)
  0x000001842d433638: 440d effc 

  0x000001842d43363c: ;   {other}
  0x000001842d43363c: 0f1f 8400 | ac69 00bd | baf6 ffff | ff48 8b6c | 2448 448b | 5424 3844 | 8954 2420 | 448b 5c24 
  0x000001842d43365c: 4044 895c | 2424 4c8b | 5424 604c | 8954 2428 | 4c8b 5424 | 584c 8954 | 2430 448b | 5424 3c44 
  0x000001842d43367c: 8954 2438 | 448b 5c24 | 4444 895c | 243c 4c8b | 5424 684c | 8954 2440 | 4c8b 5424 | 784c 8954 
  0x000001842d43369c: ;   {runtime_call UncommonTrapBlob}
  0x000001842d43369c: 2448 90e8 

  0x000001842d4336a0: ; ImmutableOopMap {rbp=Oop [32]=NarrowOop [36]=NarrowOop [40]=Oop [48]=Oop [56]=NarrowOop [60]=NarrowOop [64]=Oop [72]=Oop [136]=Oop [144]=NarrowOop }
                      ;*invokevirtual flush {reexecute=0 rethrow=0 return_oop=0}
                      ; - androidx.compose.ui.scene.ComposeSceneRecomposer::performScheduledEffects@11 (line 91)
                      ; - androidx.compose.ui.scene.BaseComposeScene::render@116 (line 176)
                      ; - androidx.compose.ui.scene.ComposeSceneMediator::onRender$lambda$0$0@232 (line 677)
                      ; - androidx.compose.ui.scene.ComposeSceneMediator$$Lambda/0x0000018445f5de80::invoke@12
                      ; - androidx.compose.ui.viewinterop.SwingInteropContainer::postponingExecutingScheduledUpdates@84 (line 251)
                      ; - androidx.compose.ui.scene.ComposeSceneMediator::onRender@30 (line 675)
                      ; - org.jetbrains.skiko.swing.SkiaSwingLayer$renderDelegateWithClipping$1::onRender@78 (line 53)
                      ; - org.jetbrains.skiko.swing.Direct3DSwingRedrawer::onRender$lambda$1@201 (line 83)
                      ; - org.jetbrains.skiko.swing.Direct3DSwingRedrawer$$Lambda/0x0000018445f586c0::invoke@24
                      ; - org.jetbrains.skiko.ResourceUtilsKt::autoCloseScope@29 (line 34)
  0x000001842d4336a0: dc0c effc 

  0x000001842d4336a4: ;   {other}
  0x000001842d4336a4: 0f1f 8400 | 146a 00be | baf6 ffff | ff48 8b6c | 2448 448b | 5424 3844 | 8954 2420 | 448b 5c24 
  0x000001842d4336c4: 4044 895c | 2424 4c8b | 5424 604c | 8954 2428 | 4c8b 5424 | 584c 8954 | 2430 448b | 5424 3c44 
  0x000001842d4336e4: 8954 2438 | 448b 5c24 | 4444 895c | 243c 4c8b | 5424 684c | 8954 2440 | 4c8b 5424 | 784c 8954 
  0x000001842d433704: ;   {runtime_call UncommonTrapBlob}
  0x000001842d433704: 2448 90e8 

  0x000001842d433708: ; ImmutableOopMap {rbp=Oop [32]=NarrowOop [36]=NarrowOop [40]=Oop [48]=Oop [56]=NarrowOop [60]=NarrowOop [64]=Oop [72]=Oop [136]=Oop [144]=NarrowOop }
                      ;*invokevirtual performScheduledRecomposerTasks {reexecute=0 rethrow=0 return_oop=0}
                      ; - androidx.compose.ui.scene.BaseComposeScene::render@123 (line 178)
                      ; - androidx.compose.ui.scene.ComposeSceneMediator::onRender$lambda$0$0@232 (line 677)
                      ; - androidx.compose.ui.scene.ComposeSceneMediator$$Lambda/0x0000018445f5de80::invoke@12
                      ; - androidx.compose.ui.viewinterop.SwingInteropContainer::postponingExecutingScheduledUpdates@84 (line 251)
                      ; - androidx.compose.ui.scene.ComposeSceneMediator::onRender@30 (line 675)
                      ; - org.jetbrains.skiko.swing.SkiaSwingLayer$renderDelegateWithClipping$1::onRender@78 (line 53)
                      ; - org.jetbrains.skiko.swing.Direct3DSwingRedrawer::onRender$lambda$1@201 (line 83)
                      ; - org.jetbrains.skiko.swing.Direct3DSwingRedrawer$$Lambda/0x0000018445f586c0::invoke@24
                      ; - org.jetbrains.skiko.ResourceUtilsKt::autoCloseScope@29 (line 34)
  0x000001842d433708: 740c effc 

  0x000001842d43370c: ;   {other}
  0x000001842d43370c: 0f1f 8400 | 7c6a 00bf | baf6 ffff | ff48 8b6c | 2448 448b | 5424 3844 | 8954 2420 | 448b 5c24 
  0x000001842d43372c: 4044 895c | 2424 4c8b | 5424 604c | 8954 2428 | 4c8b 5424 | 584c 8954 | 2430 448b | 5424 3c44 
  0x000001842d43374c: 8954 2438 | 448b 5c24 | 4444 895c | 243c 4c8b | 5424 684c | 8954 2440 | 4c8b 5424 | 784c 8954 
  0x000001842d43376c: ;   {runtime_call UncommonTrapBlob}
  0x000001842d43376c: 2448 90e8 

  0x000001842d433770: ; ImmutableOopMap {rbp=Oop [32]=NarrowOop [36]=NarrowOop [40]=Oop [48]=Oop [56]=NarrowOop [60]=NarrowOop [64]=Oop [72]=Oop [136]=Oop [144]=NarrowOop }
                      ;*invokevirtual flush {reexecute=0 rethrow=0 return_oop=0}
                      ; - androidx.compose.ui.scene.ComposeSceneRecomposer::performScheduledRecomposerTasks@11 (line 84)
                      ; - androidx.compose.ui.scene.BaseComposeScene::render@123 (line 178)
                      ; - androidx.compose.ui.scene.ComposeSceneMediator::onRender$lambda$0$0@232 (line 677)
                      ; - androidx.compose.ui.scene.ComposeSceneMediator$$Lambda/0x0000018445f5de80::invoke@12
                      ; - androidx.compose.ui.viewinterop.SwingInteropContainer::postponingExecutingScheduledUpdates@84 (line 251)
                      ; - androidx.compose.ui.scene.ComposeSceneMediator::onRender@30 (line 675)
                      ; - org.jetbrains.skiko.swing.SkiaSwingLayer$renderDelegateWithClipping$1::onRender@78 (line 53)
                      ; - org.jetbrains.skiko.swing.Direct3DSwingRedrawer::onRender$lambda$1@201 (line 83)
                      ; - org.jetbrains.skiko.swing.Direct3DSwingRedrawer$$Lambda/0x0000018445f586c0::invoke@24
                      ; - org.jetbrains.skiko.ResourceUtilsKt::autoCloseScope@29 (line 34)
  0x000001842d433770: 0c0c effc 

  0x000001842d433774: ;   {other}
  0x000001842d433774: 0f1f 8400 | e46a 00c0 | baf6 ffff | ff48 8b6c | 2448 448b | 5424 3844 | 8954 2420 | 448b 5c24 
  0x000001842d433794: 4044 895c | 2424 4c8b | 5424 604c | 8954 2428 | 4c8b 5424 | 584c 8954 | 2430 448b | 5424 3c44 
  0x000001842d4337b4: 8954 2438 | 448b 5c24 | 4444 895c | 243c 4c8b | 5424 684c | 8954 2440 | 4c8b 5424 | 784c 8954 
  0x000001842d4337d4: ;   {runtime_call UncommonTrapBlob}
  0x000001842d4337d4: 2448 90e8 

  0x000001842d4337d8: ; ImmutableOopMap {rbp=Oop [32]=NarrowOop [36]=NarrowOop [40]=Oop [48]=Oop [56]=NarrowOop [60]=NarrowOop [64]=Oop [72]=Oop [136]=Oop [144]=NarrowOop }
                      ;*invokevirtual sendFrame {reexecute=0 rethrow=0 return_oop=0}
                      ; - androidx.compose.ui.scene.BaseComposeScene::render@131 (line 179)
                      ; - androidx.compose.ui.scene.ComposeSceneMediator::onRender$lambda$0$0@232 (line 677)
                      ; - androidx.compose.ui.scene.ComposeSceneMediator$$Lambda/0x0000018445f5de80::invoke@12
                      ; - androidx.compose.ui.viewinterop.SwingInteropContainer::postponingExecutingScheduledUpdates@84 (line 251)
                      ; - androidx.compose.ui.scene.ComposeSceneMediator::onRender@30 (line 675)
                      ; - org.jetbrains.skiko.swing.SkiaSwingLayer$renderDelegateWithClipping$1::onRender@78 (line 53)
                      ; - org.jetbrains.skiko.swing.Direct3DSwingRedrawer::onRender$lambda$1@201 (line 83)
                      ; - org.jetbrains.skiko.swing.Direct3DSwingRedrawer$$Lambda/0x0000018445f586c0::invoke@24
                      ; - org.jetbrains.skiko.ResourceUtilsKt::autoCloseScope@29 (line 34)
  0x000001842d4337d8: a40b effc 

  0x000001842d4337dc: ;   {other}
  0x000001842d4337dc: 0f1f 8400 | 4c6b 00c1 | baf6 ffff | ff48 8b6c | 2448 448b | 5424 3844 | 8954 2420 | 448b 5c24 
  0x000001842d4337fc: 4044 895c | 2424 4c8b | 5424 604c | 8954 2428 | 4c8b 5424 | 584c 8954 | 2430 448b | 5424 3c44 
  0x000001842d43381c: 8954 2438 | 448b 5c24 | 4444 895c | 243c 4c8b | 5424 784c | 8954 2448 

  0x000001842d433834: ;   {runtime_call UncommonTrapBlob}
  0x000001842d433834: 6666 90e8 

  0x000001842d433838: ; ImmutableOopMap {rbp=Oop [32]=NarrowOop [36]=NarrowOop [40]=Oop [48]=Oop [56]=NarrowOop [60]=NarrowOop [72]=Oop [104]=Oop [136]=Oop [144]=NarrowOop }
                      ;*invokevirtual onMeasureAndLayout {reexecute=0 rethrow=0 return_oop=0}
                      ; - androidx.compose.ui.scene.BaseComposeScene::doMeasureAndLayout@4 (line 294)
                      ; - androidx.compose.ui.scene.BaseComposeScene::render@135 (line 181)
                      ; - androidx.compose.ui.scene.ComposeSceneMediator::onRender$lambda$0$0@232 (line 677)
                      ; - androidx.compose.ui.scene.ComposeSceneMediator$$Lambda/0x0000018445f5de80::invoke@12
                      ; - androidx.compose.ui.viewinterop.SwingInteropContainer::postponingExecutingScheduledUpdates@84 (line 251)
                      ; - androidx.compose.ui.scene.ComposeSceneMediator::onRender@30 (line 675)
                      ; - org.jetbrains.skiko.swing.SkiaSwingLayer$renderDelegateWithClipping$1::onRender@78 (line 53)
                      ; - org.jetbrains.skiko.swing.Direct3DSwingRedrawer::onRender$lambda$1@201 (line 83)
                      ; - org.jetbrains.skiko.swing.Direct3DSwingRedrawer$$Lambda/0x0000018445f586c0::invoke@24
                      ; - org.jetbrains.skiko.ResourceUtilsKt::autoCloseScope@29 (line 34)
  0x000001842d433838: 440b effc 

  0x000001842d43383c: ;   {other}
  0x000001842d43383c: 0f1f 8400 | ac6b 00c2 | baf6 ffff | ff48 8b6c | 2448 448b | 5424 3844 | 8954 2420 | 448b 5c24 
  0x000001842d43385c: 4044 895c | 2424 4c8b | 5424 604c | 8954 2428 | 4c8b 5424 | 584c 8954 | 2430 448b | 5424 3c44 
  0x000001842d43387c: 8954 2438 | 448b 5c24 | 4444 895c | 243c 4c8b | 5424 784c | 8954 2448 

  0x000001842d433894: ;   {runtime_call UncommonTrapBlob}
  0x000001842d433894: 6666 90e8 

  0x000001842d433898: ; ImmutableOopMap {rbp=Oop [32]=NarrowOop [36]=NarrowOop [40]=Oop [48]=Oop [56]=NarrowOop [60]=NarrowOop [72]=Oop [104]=Oop [136]=Oop [144]=NarrowOop }
                      ;*invokevirtual getNeedUpdatePointerPosition {reexecute=0 rethrow=0 return_oop=0}
                      ; - androidx.compose.ui.scene.BaseComposeScene::render@142 (line 184)
                      ; - androidx.compose.ui.scene.ComposeSceneMediator::onRender$lambda$0$0@232 (line 677)
                      ; - androidx.compose.ui.scene.ComposeSceneMediator$$Lambda/0x0000018445f5de80::invoke@12
                      ; - androidx.compose.ui.viewinterop.SwingInteropContainer::postponingExecutingScheduledUpdates@84 (line 251)
                      ; - androidx.compose.ui.scene.ComposeSceneMediator::onRender@30 (line 675)
                      ; - org.jetbrains.skiko.swing.SkiaSwingLayer$renderDelegateWithClipping$1::onRender@78 (line 53)
                      ; - org.jetbrains.skiko.swing.Direct3DSwingRedrawer::onRender$lambda$1@201 (line 83)
                      ; - org.jetbrains.skiko.swing.Direct3DSwingRedrawer$$Lambda/0x0000018445f586c0::invoke@24
                      ; - org.jetbrains.skiko.ResourceUtilsKt::autoCloseScope@29 (line 34)
  0x000001842d433898: e40a effc 

  0x000001842d43389c: ;   {other}
  0x000001842d43389c: 0f1f 8400 | 0c6c 00c3 | baf6 ffff | ff48 8b6c | 2448 448b | 5424 3844 | 8954 2420 | 448b 5c24 
  0x000001842d4338bc: 4044 895c | 2424 4c8b | 5424 604c | 8954 2428 | 4c8b 5424 | 584c 8954 | 2430 448b | 5424 3c44 
  0x000001842d4338dc: 8954 2438 | 448b 5c24 | 4444 895c | 243c 4c8b | 5424 784c | 8954 2448 

  0x000001842d4338f4: ;   {runtime_call UncommonTrapBlob}
  0x000001842d4338f4: 6666 90e8 

  0x000001842d4338f8: ; ImmutableOopMap {rbp=Oop [32]=NarrowOop [36]=NarrowOop [40]=Oop [48]=Oop [56]=NarrowOop [60]=NarrowOop [72]=Oop [104]=Oop [136]=Oop [144]=NarrowOop }
                      ;*invokevirtual getNeedUpdatePointerPosition {reexecute=0 rethrow=0 return_oop=0}
                      ; - androidx.compose.ui.scene.ComposeSceneInputHandler::getNeedUpdatePointerPosition@4 (line 73)
                      ; - androidx.compose.ui.scene.BaseComposeScene::render@142 (line 184)
                      ; - androidx.compose.ui.scene.ComposeSceneMediator::onRender$lambda$0$0@232 (line 677)
                      ; - androidx.compose.ui.scene.ComposeSceneMediator$$Lambda/0x0000018445f5de80::invoke@12
                      ; - androidx.compose.ui.viewinterop.SwingInteropContainer::postponingExecutingScheduledUpdates@84 (line 251)
                      ; - androidx.compose.ui.scene.ComposeSceneMediator::onRender@30 (line 675)
                      ; - org.jetbrains.skiko.swing.SkiaSwingLayer$renderDelegateWithClipping$1::onRender@78 (line 53)
                      ; - org.jetbrains.skiko.swing.Direct3DSwingRedrawer::onRender$lambda$1@201 (line 83)
                      ; - org.jetbrains.skiko.swing.Direct3DSwingRedrawer$$Lambda/0x0000018445f586c0::invoke@24
                      ; - org.jetbrains.skiko.ResourceUtilsKt::autoCloseScope@29 (line 34)
  0x000001842d4338f8: 840a effc 

  0x000001842d4338fc: ;   {other}
  0x000001842d4338fc: 0f1f 8400 | 6c6c 00c4 | baf6 ffff | ff48 8b6c | 2448 448b | 5424 3844 | 8954 2420 | 448b 5c24 
  0x000001842d43391c: 4044 895c | 2424 4c8b | 5424 604c | 8954 2428 | 4c8b 5424 | 584c 8954 | 2430 448b | 5424 3c44 
  0x000001842d43393c: 8954 2438 | 448b 5c24 | 4444 895c | 243c 4c8b | 5424 784c | 8954 2448 

  0x000001842d433954: ;   {runtime_call UncommonTrapBlob}
  0x000001842d433954: 6666 90e8 

  0x000001842d433958: ; ImmutableOopMap {rbp=Oop [32]=NarrowOop [36]=NarrowOop [40]=Oop [48]=Oop [56]=NarrowOop [60]=NarrowOop [72]=Oop [104]=Oop [136]=Oop [144]=NarrowOop }
                      ;*invokevirtual onMeasureAndLayout {reexecute=0 rethrow=0 return_oop=0}
                      ; - androidx.compose.ui.scene.BaseComposeScene::doMeasureAndLayout@4 (line 294)
                      ; - androidx.compose.ui.scene.BaseComposeScene::render@173 (line 196)
                      ; - androidx.compose.ui.scene.ComposeSceneMediator::onRender$lambda$0$0@232 (line 677)
                      ; - androidx.compose.ui.scene.ComposeSceneMediator$$Lambda/0x0000018445f5de80::invoke@12
                      ; - androidx.compose.ui.viewinterop.SwingInteropContainer::postponingExecutingScheduledUpdates@84 (line 251)
                      ; - androidx.compose.ui.scene.ComposeSceneMediator::onRender@30 (line 675)
                      ; - org.jetbrains.skiko.swing.SkiaSwingLayer$renderDelegateWithClipping$1::onRender@78 (line 53)
                      ; - org.jetbrains.skiko.swing.Direct3DSwingRedrawer::onRender$lambda$1@201 (line 83)
                      ; - org.jetbrains.skiko.swing.Direct3DSwingRedrawer$$Lambda/0x0000018445f586c0::invoke@24
                      ; - org.jetbrains.skiko.ResourceUtilsKt::autoCloseScope@29 (line 34)
  0x000001842d433958: 240a effc 

  0x000001842d43395c: ;   {other}
  0x000001842d43395c: 0f1f 8400 | cc6c 00c5 | baf6 ffff | ff48 8b6c | 2448 448b | 5424 3844 | 8954 2420 | 448b 5c24 
  0x000001842d43397c: 4044 895c | 2424 4c8b | 5424 604c | 8954 2428 | 4c8b 5424 | 584c 8954 | 2430 448b | 5424 3c44 
  0x000001842d43399c: 8954 2438 | 448b 5c24 | 4444 895c | 243c 4c8b | 5424 784c | 8954 2448 

  0x000001842d4339b4: ;   {runtime_call UncommonTrapBlob}
  0x000001842d4339b4: 6666 90e8 

  0x000001842d4339b8: ; ImmutableOopMap {rbp=Oop [32]=NarrowOop [36]=NarrowOop [40]=Oop [48]=Oop [56]=NarrowOop [60]=NarrowOop [72]=Oop [104]=Oop [136]=Oop [144]=NarrowOop }
                      ;*invokevirtual onDraw {reexecute=0 rethrow=0 return_oop=0}
                      ; - androidx.compose.ui.scene.BaseComposeScene::render@186 (line 200)
                      ; - androidx.compose.ui.scene.ComposeSceneMediator::onRender$lambda$0$0@232 (line 677)
                      ; - androidx.compose.ui.scene.ComposeSceneMediator$$Lambda/0x0000018445f5de80::invoke@12
                      ; - androidx.compose.ui.viewinterop.SwingInteropContainer::postponingExecutingScheduledUpdates@84 (line 251)
                      ; - androidx.compose.ui.scene.ComposeSceneMediator::onRender@30 (line 675)
                      ; - org.jetbrains.skiko.swing.SkiaSwingLayer$renderDelegateWithClipping$1::onRender@78 (line 53)
                      ; - org.jetbrains.skiko.swing.Direct3DSwingRedrawer::onRender$lambda$1@201 (line 83)
                      ; - org.jetbrains.skiko.swing.Direct3DSwingRedrawer$$Lambda/0x0000018445f586c0::invoke@24
                      ; - org.jetbrains.skiko.ResourceUtilsKt::autoCloseScope@29 (line 34)
  0x000001842d4339b8: c409 effc 

  0x000001842d4339bc: ;   {other}
  0x000001842d4339bc: 0f1f 8400 | 2c6d 00c6 | baf6 ffff | ff48 8b6c | 2448 4889 

  0x000001842d4339d0: ;   {runtime_call UncommonTrapBlob}
  0x000001842d4339d0: 7c24 30e8 

  0x000001842d4339d4: ; ImmutableOopMap {rbp=Oop [40]=Oop [64]=NarrowOop }
                      ;*invokeinterface paint {reexecute=0 rethrow=0 return_oop=0}
                      ; - org.jetbrains.skiko.swing.Direct3DSwingRedrawer::flush@41 (line 92)
                      ; - org.jetbrains.skiko.swing.Direct3DSwingRedrawer::onRender$lambda$1@211 (line 84)
                      ; - org.jetbrains.skiko.swing.Direct3DSwingRedrawer$$Lambda/0x0000018445f586c0::invoke@24
                      ; - org.jetbrains.skiko.ResourceUtilsKt::autoCloseScope@29 (line 34)
  0x000001842d4339d4: a809 effc 

  0x000001842d4339d8: ;   {other}
  0x000001842d4339d8: 0f1f 8400 | 486d 00c7 | baf6 ffff | ff48 8be8 

  0x000001842d4339e8: ;   {runtime_call UncommonTrapBlob}
  0x000001842d4339e8: 6666 90e8 

  0x000001842d4339ec: ; ImmutableOopMap {rbp=Oop [72]=Oop }
                      ;*invokeinterface hasPrevious {reexecute=0 rethrow=0 return_oop=0}
                      ; - kotlin.collections.ReversedList$listIterator$1::hasNext@4 (line 46)
                      ; - org.jetbrains.skiko.ResourceUtilsKt::autoCloseScope@56 (line 41)
  0x000001842d4339ec: 9009 effc 

  0x000001842d4339f0: ;   {other}
  0x000001842d4339f0: 0f1f 8400 | 606d 00c8 | baf6 ffff | ff49 8be9 

  0x000001842d433a00: ;   {runtime_call UncommonTrapBlob}
  0x000001842d433a00: 6666 90e8 

  0x000001842d433a04: ; ImmutableOopMap {rbp=Oop [72]=Oop }
                      ;*getfield modCount {reexecute=1 rethrow=0 return_oop=0}
                      ; - (reexecute) java.util.ArrayList$Itr::checkForComodification@4 (line 1094)
                      ; - java.util.ArrayList$ListItr::previous@1 (line 1122)
                      ; - kotlin.collections.ReversedList$listIterator$1::next@4 (line 48)
                      ; - org.jetbrains.skiko.ResourceUtilsKt::autoCloseScope@66 (line 41)
  0x000001842d433a04: 7809 effc 

  0x000001842d433a08: ;   {other}
  0x000001842d433a08: 0f1f 8400 | 786d 00c9 | baf6 ffff | ff49 8be9 

  0x000001842d433a18: ;   {runtime_call UncommonTrapBlob}
  0x000001842d433a18: 6666 90e8 

  0x000001842d433a1c: ; ImmutableOopMap {rbp=Oop [72]=Oop }
                      ;*getfield elementData {reexecute=1 rethrow=0 return_oop=0}
                      ; - (reexecute) java.util.ArrayList$ListItr::previous@27 (line 1126)
                      ; - kotlin.collections.ReversedList$listIterator$1::next@4 (line 48)
                      ; - org.jetbrains.skiko.ResourceUtilsKt::autoCloseScope@66 (line 41)
  0x000001842d433a1c: 6009 effc 

  0x000001842d433a20: ;   {other}
  0x000001842d433a20: 0f1f 8400 | 906d 00ca | baf6 ffff | ff49 8be9 

  0x000001842d433a30: ;   {runtime_call UncommonTrapBlob}
  0x000001842d433a30: 6666 90e8 

  0x000001842d433a34: ; ImmutableOopMap {rbp=Oop [72]=Oop }
                      ;*arraylength {reexecute=0 rethrow=0 return_oop=0}
                      ; - java.util.ArrayList$ListItr::previous@33 (line 1127)
                      ; - kotlin.collections.ReversedList$listIterator$1::next@4 (line 48)
                      ; - org.jetbrains.skiko.ResourceUtilsKt::autoCloseScope@66 (line 41)
  0x000001842d433a34: 4809 effc 

  0x000001842d433a38: ;   {other}
  0x000001842d433a38: 0f1f 8400 | a86d 00cb | ba45 ffff | ff4c 8954 

  0x000001842d433a48: ;   {runtime_call UncommonTrapBlob}
  0x000001842d433a48: 2420 90e8 

  0x000001842d433a4c: ; ImmutableOopMap {[32]=Oop }
                      ;*ifnonnull {reexecute=1 rethrow=0 return_oop=0}
                      ; - (reexecute) kotlin.jvm.internal.Intrinsics::checkNotNullParameter@1 (line 130)
                      ; - org.jetbrains.skiko.ResourceUtilsKt::autoCloseScope@3
  0x000001842d433a4c: 3009 effc 

  0x000001842d433a50: ;   {other}
  0x000001842d433a50: 0f1f 8400 | c06d 00cc | ba45 ffff | ff48 894c | 2420 897c | 2428 4489 | 5c24 3048 | 8974 2438 
  0x000001842d433a70: 4489 4c24 | 3489 5c24 

  0x000001842d433a78: ;   {runtime_call UncommonTrapBlob}
  0x000001842d433a78: 4066 90e8 

  0x000001842d433a7c: ; ImmutableOopMap {[32]=Oop [52]=NarrowOop [64]=NarrowOop }
                      ;*ifnonnull {reexecute=1 rethrow=0 return_oop=0}
                      ; - (reexecute) kotlin.jvm.internal.Intrinsics::checkNotNullParameter@1 (line 130)
                      ; - org.jetbrains.skiko.swing.Direct3DSwingRedrawer::onRender$lambda$1@3
                      ; - org.jetbrains.skiko.swing.Direct3DSwingRedrawer$$Lambda/0x0000018445f586c0::invoke@24
                      ; - org.jetbrains.skiko.ResourceUtilsKt::autoCloseScope@29 (line 34)
  0x000001842d433a7c: 0009 effc 

  0x000001842d433a80: ;   {other}
  0x000001842d433a80: 0f1f 8400 | f06d 00cd | ba45 ffff | ff4c 8944 | 2420 448b | 4424 4444 | 8944 2428 | 448b 5c24 
  0x000001842d433aa0: 4044 895c | 2434 4489 

  0x000001842d433aa8: ;   {runtime_call UncommonTrapBlob}
  0x000001842d433aa8: 5424 44e8 

  0x000001842d433aac: ; ImmutableOopMap {[32]=Oop [52]=NarrowOop [68]=NarrowOop [92]=NarrowOop [96]=Oop }
                      ;*ifnonnull {reexecute=1 rethrow=0 return_oop=0}
                      ; - (reexecute) kotlin.jvm.internal.Intrinsics::checkNotNullParameter@1 (line 130)
                      ; - org.jetbrains.skia.Surface$Companion::makeFromBackendRenderTarget@3
                      ; - org.jetbrains.skiko.swing.Direct3DSwingRedrawer::onRender$lambda$1@125 (line 72)
                      ; - org.jetbrains.skiko.swing.Direct3DSwingRedrawer$$Lambda/0x0000018445f586c0::invoke@24
                      ; - org.jetbrains.skiko.ResourceUtilsKt::autoCloseScope@29 (line 34)
  0x000001842d433aac: d008 effc 

  0x000001842d433ab0: ;   {other}
  0x000001842d433ab0: 0f1f 8400 | 206e 00ce | ba45 ffff | ff4c 8b5c | 2448 4c89 | 5c24 2044 | 8b44 2438 | 4489 4424 
  0x000001842d433ad0: 2844 8b5c | 2440 4489 | 5c24 2c4c | 8b5c 2460 | 4c89 5c24 | 3048 ff74 | 2458 488f | 4424 4844 
  0x000001842d433af0: 8b44 243c | 4489 4424 | 3844 8b5c | 2444 4489 | 5c24 3c4c | 8b5c 2448 | 4c89 5c24 | 4044 8954 
  0x000001842d433b10: ;   {runtime_call UncommonTrapBlob}
  0x000001842d433b10: 2460 90e8 

  0x000001842d433b14: ; ImmutableOopMap {rbp=NarrowOop [32]=Oop [40]=NarrowOop [44]=NarrowOop [48]=Oop [56]=NarrowOop [60]=NarrowOop [64]=Oop [72]=Oop [96]=NarrowOop [104]=Oop }
                      ;*ifnonnull {reexecute=1 rethrow=0 return_oop=0}
                      ; - (reexecute) kotlin.jvm.internal.Intrinsics::checkNotNullExpressionValue@1 (line 92)
                      ; - androidx.compose.ui.window.LayoutConfiguration_desktopKt::getDensity@13 (line 43)
                      ; - androidx.compose.ui.scene.ComposeSceneMediator::onRender$lambda$0$0@48 (line 1096)
                      ; - androidx.compose.ui.scene.ComposeSceneMediator$$Lambda/0x0000018445f5de80::invoke@12
                      ; - androidx.compose.ui.viewinterop.SwingInteropContainer::postponingExecutingScheduledUpdates@84 (line 251)
                      ; - androidx.compose.ui.scene.ComposeSceneMediator::onRender@30 (line 675)
                      ; - org.jetbrains.skiko.swing.SkiaSwingLayer$renderDelegateWithClipping$1::onRender@78 (line 53)
                      ; - org.jetbrains.skiko.swing.Direct3DSwingRedrawer::onRender$lambda$1@201 (line 83)
                      ; - org.jetbrains.skiko.swing.Direct3DSwingRedrawer$$Lambda/0x0000018445f586c0::invoke@24
                      ; - org.jetbrains.skiko.ResourceUtilsKt::autoCloseScope@29 (line 34)
  0x000001842d433b14: 6808 effc 

  0x000001842d433b18: ;   {other}
  0x000001842d433b18: 0f1f 8400 | 886e 00cf | ba45 ffff | ff48 8b6c | 2448 894c 

  0x000001842d433b2c: ;   {runtime_call UncommonTrapBlob}
  0x000001842d433b2c: 2434 90e8 

  0x000001842d433b30: ; ImmutableOopMap {rbp=Oop [52]=NarrowOop [56]=NarrowOop [64]=NarrowOop [96]=Oop }
                      ;*ifnull {reexecute=1 rethrow=0 return_oop=0}
                      ; - (reexecute) org.jetbrains.skia.Surface::flushAndSubmit@5 (line 967)
                      ; - org.jetbrains.skiko.swing.Direct3DSwingRedrawer::flush@14 (line 89)
                      ; - org.jetbrains.skiko.swing.Direct3DSwingRedrawer::onRender$lambda$1@211 (line 84)
                      ; - org.jetbrains.skiko.swing.Direct3DSwingRedrawer$$Lambda/0x0000018445f586c0::invoke@24
                      ; - org.jetbrains.skiko.ResourceUtilsKt::autoCloseScope@29 (line 34)
  0x000001842d433b30: 4c08 effc 

  0x000001842d433b34: ;   {other}
  0x000001842d433b34: 0f1f 8400 | a46e 00d0 | ba45 ffff | ff4c 8954 | 2420 4c89 

  0x000001842d433b48: ;   {runtime_call UncommonTrapBlob}
  0x000001842d433b48: 4c24 28e8 

  0x000001842d433b4c: ; ImmutableOopMap {rbp=NarrowOop [32]=Oop [40]=Oop [72]=Oop }
                      ;*ifnonnull {reexecute=1 rethrow=0 return_oop=0}
                      ; - (reexecute) org.jetbrains.skia.impl.Managed::close@55 (line 17)
                      ; - org.jetbrains.skiko.ResourceUtilsKt::autoCloseScope@85 (line 37)
  0x000001842d433b4c: 3008 effc 

  0x000001842d433b50: ;   {other}
  0x000001842d433b50: 0f1f 8400 | c06e 00d1 | ba45 ffff | ff4c 8954 | 2420 4c89 

  0x000001842d433b64: ;   {runtime_call UncommonTrapBlob}
  0x000001842d433b64: 4c24 28e8 

  0x000001842d433b68: ; ImmutableOopMap {rbp=NarrowOop [32]=Oop [40]=Oop [72]=Oop }
                      ;*ifnonnull {reexecute=1 rethrow=0 return_oop=0}
                      ; - (reexecute) org.jetbrains.skia.impl.Managed::close@55 (line 17)
                      ; - org.jetbrains.skiko.ResourceUtilsKt::autoCloseScope@85 (line 37)
  0x000001842d433b68: 1408 effc 

  0x000001842d433b6c: ;   {other}
  0x000001842d433b6c: 0f1f 8400 | dc6e 00d2 | baf6 ffff | ff48 8b6c | 2448 448b | 5424 2c44 | 8954 2424 | 448b 5424 
  0x000001842d433b8c: 3844 8954 | 2428 448b | 5c24 4044 | 895c 242c | 4c8b 5424 | 604c 8954 | 2430 48ff | 7424 5848 
  0x000001842d433bac: 8f44 2448 | 448b 5424 | 3c44 8954 | 2438 448b | 5c24 4444 | 895c 243c | 4c8b 5424 | 684c 8954 
  0x000001842d433bcc: 2440 4c8b | 5424 784c | 8954 2458 | 4c8b 9424 | 8800 0000 | 4c89 5424 | 6044 8b94 | 2494 0000 
  0x000001842d433bec: 0045 8bda | 4489 5c24 | 784c 8b94 | 24b0 0000 | 004c 8994 | 2488 0000 

  0x000001842d433c04: ;   {runtime_call UncommonTrapBlob}
  0x000001842d433c04: 0066 90e8 

  0x000001842d433c08: ; ImmutableOopMap {rbp=Oop [36]=NarrowOop [40]=NarrowOop [44]=NarrowOop [48]=Oop [56]=NarrowOop [60]=NarrowOop [64]=Oop [72]=Oop [88]=Oop [96]=Oop [120]=NarrowOop [136]=Oop [144]=NarrowOop [148]=NarrowOop [176]=Oop }
                      ;*getfield modCount {reexecute=1 rethrow=0 return_oop=0}
                      ; - (reexecute) java.util.AbstractList$Itr::checkForComodification@4 (line 400)
                      ; - java.util.AbstractList$Itr::next@1 (line 370)
                      ; - androidx.compose.ui.platform.FlushCoroutineDispatcher::flush$lambda$0@102 (line 146)
                      ; - androidx.compose.ui.platform.FlushCoroutineDispatcher$$Lambda/0x0000018445e01738::invoke@4
                      ; - androidx.compose.ui.platform.FlushCoroutineDispatcher::performRun@24 (line 105)
                      ; - androidx.compose.ui.platform.FlushCoroutineDispatcher::flush@7 (line 83)
                      ; - androidx.compose.ui.scene.ComposeSceneRecomposer::performScheduledEffects@11 (line 91)
                      ; - androidx.compose.ui.scene.BaseComposeScene::render@116 (line 176)
                      ; - androidx.compose.ui.scene.ComposeSceneMediator::onRender$lambda$0$0@232 (line 677)
                      ; - androidx.compose.ui.scene.ComposeSceneMediator$$Lambda/0x0000018445f5de80::invoke@12
                      ; - androidx.compose.ui.viewinterop.SwingInteropContainer::postponingExecutingScheduledUpdates@84 (line 251)
                      ; - androidx.compose.ui.scene.ComposeSceneMediator::onRender@30 (line 675)
                      ; - org.jetbrains.skiko.swing.SkiaSwingLayer$renderDelegateWithClipping$1::onRender@78 (line 53)
                      ; - org.jetbrains.skiko.swing.Direct3DSwingRedrawer::onRender$lambda$1@201 (line 83)
                      ; - org.jetbrains.skiko.swing.Direct3DSwingRedrawer$$Lambda/0x0000018445f586c0::invoke@24
                      ; - org.jetbrains.skiko.ResourceUtilsKt::autoCloseScope@29 (line 34)
  0x000001842d433c08: 7407 effc 

  0x000001842d433c0c: ;   {other}
  0x000001842d433c0c: 0f1f 8400 | 7c6f 00d3 | baf4 ffff | ff48 8b6c | 2448 448b | 5424 2c44 | 8954 2424 | 448b 5424 
  0x000001842d433c2c: 3844 8954 | 2428 448b | 5c24 4044 | 895c 242c | 4c8b 5424 | 604c 8954 | 2430 48ff | 7424 5848 
  0x000001842d433c4c: 8f44 2448 | 448b 5424 | 3c44 8954 | 2438 448b | 5c24 4444 | 895c 243c | 4c8b 5424 | 684c 8954 
  0x000001842d433c6c: 2440 4c8b | 5424 784c | 8954 2458 | 448b 9c24 | 9400 0000 | 4489 5c24 

  0x000001842d433c84: ;   {runtime_call UncommonTrapBlob}
  0x000001842d433c84: 7866 90e8 

  0x000001842d433c88: ; ImmutableOopMap {rbp=Oop [36]=NarrowOop [40]=NarrowOop [44]=NarrowOop [48]=Oop [56]=NarrowOop [60]=NarrowOop [64]=Oop [72]=Oop [88]=Oop [120]=NarrowOop [136]=Oop [144]=NarrowOop [148]=NarrowOop [176]=Oop }
                      ;*checkcast {reexecute=0 rethrow=0 return_oop=0}
                      ; - androidx.compose.ui.platform.FlushCoroutineDispatcher::flush$lambda$0@111 (line 146)
                      ; - androidx.compose.ui.platform.FlushCoroutineDispatcher$$Lambda/0x0000018445e01738::invoke@4
                      ; - androidx.compose.ui.platform.FlushCoroutineDispatcher::performRun@24 (line 105)
                      ; - androidx.compose.ui.platform.FlushCoroutineDispatcher::flush@7 (line 83)
                      ; - androidx.compose.ui.scene.ComposeSceneRecomposer::performScheduledEffects@11 (line 91)
                      ; - androidx.compose.ui.scene.BaseComposeScene::render@116 (line 176)
                      ; - androidx.compose.ui.scene.ComposeSceneMediator::onRender$lambda$0$0@232 (line 677)
                      ; - androidx.compose.ui.scene.ComposeSceneMediator$$Lambda/0x0000018445f5de80::invoke@12
                      ; - androidx.compose.ui.viewinterop.SwingInteropContainer::postponingExecutingScheduledUpdates@84 (line 251)
                      ; - androidx.compose.ui.scene.ComposeSceneMediator::onRender@30 (line 675)
                      ; - org.jetbrains.skiko.swing.SkiaSwingLayer$renderDelegateWithClipping$1::onRender@78 (line 53)
                      ; - org.jetbrains.skiko.swing.Direct3DSwingRedrawer::onRender$lambda$1@201 (line 83)
                      ; - org.jetbrains.skiko.swing.Direct3DSwingRedrawer$$Lambda/0x0000018445f586c0::invoke@24
                      ; - org.jetbrains.skiko.ResourceUtilsKt::autoCloseScope@29 (line 34)
  0x000001842d433c88: f406 effc 

  0x000001842d433c8c: ;   {other}
  0x000001842d433c8c: 0f1f 8400 | fc6f 00d4 | baf6 ffff | ff48 8b6c | 2448 448b | 5424 3844 | 8954 2420 | 448b 5c24 
  0x000001842d433cac: 4044 895c | 2424 4c8b | 5424 604c | 8954 2430 | 48ff 7424 | 5848 8f44 | 2448 448b | 5424 3c44 
  0x000001842d433ccc: 8954 2438 | 448b 5c24 | 4444 895c | 243c 4c8b | 5424 684c | 8954 2440 | 4c8b 5424 | 784c 8954 
  0x000001842d433cec: 2458 4c8b | 9424 8800 | 0000 4c89 | 5424 604c | 8b94 24b0 | 0000 004c | 8994 2488 

  0x000001842d433d08: ;   {runtime_call UncommonTrapBlob}
  0x000001842d433d08: 0000 00e8 

  0x000001842d433d0c: ; ImmutableOopMap {rbp=Oop [32]=NarrowOop [36]=NarrowOop [40]=NarrowOop [44]=NarrowOop [48]=Oop [56]=NarrowOop [60]=NarrowOop [64]=Oop [72]=Oop [88]=Oop [96]=Oop [136]=Oop [144]=NarrowOop [176]=Oop }
                      ;*getfield modCount {reexecute=1 rethrow=0 return_oop=0}
                      ; - (reexecute) java.util.AbstractList$Itr::checkForComodification@4 (line 400)
                      ; - java.util.AbstractList$Itr::next@1 (line 370)
                      ; - androidx.compose.ui.platform.FlushCoroutineDispatcher::flush$lambda$0@102 (line 146)
                      ; - androidx.compose.ui.platform.FlushCoroutineDispatcher$$Lambda/0x0000018445e01738::invoke@4
                      ; - androidx.compose.ui.platform.FlushCoroutineDispatcher::performRun@24 (line 105)
                      ; - androidx.compose.ui.platform.FlushCoroutineDispatcher::flush@7 (line 83)
                      ; - androidx.compose.ui.scene.ComposeSceneRecomposer::performScheduledRecomposerTasks@11 (line 84)
                      ; - androidx.compose.ui.scene.BaseComposeScene::render@123 (line 178)
                      ; - androidx.compose.ui.scene.ComposeSceneMediator::onRender$lambda$0$0@232 (line 677)
                      ; - androidx.compose.ui.scene.ComposeSceneMediator$$Lambda/0x0000018445f5de80::invoke@12
                      ; - androidx.compose.ui.viewinterop.SwingInteropContainer::postponingExecutingScheduledUpdates@84 (line 251)
                      ; - androidx.compose.ui.scene.ComposeSceneMediator::onRender@30 (line 675)
                      ; - org.jetbrains.skiko.swing.SkiaSwingLayer$renderDelegateWithClipping$1::onRender@78 (line 53)
                      ; - org.jetbrains.skiko.swing.Direct3DSwingRedrawer::onRender$lambda$1@201 (line 83)
                      ; - org.jetbrains.skiko.swing.Direct3DSwingRedrawer$$Lambda/0x0000018445f586c0::invoke@24
                      ; - org.jetbrains.skiko.ResourceUtilsKt::autoCloseScope@29 (line 34)
  0x000001842d433d0c: 7006 effc 

  0x000001842d433d10: ;   {other}
  0x000001842d433d10: 0f1f 8400 | 8070 00d5 | baf4 ffff | ff48 8b6c | 2448 448b | 5424 3844 | 8954 2420 | 448b 5c24 
  0x000001842d433d30: 4044 895c | 2424 4c8b | 5424 604c | 8954 2430 | 48ff 7424 | 5848 8f44 | 2448 448b | 5424 3c44 
  0x000001842d433d50: 8954 2438 | 448b 5c24 | 4444 895c | 243c 4c8b | 5424 684c | 8954 2440 | 4c8b 5424 | 784c 8954 
  0x000001842d433d70: ;   {runtime_call UncommonTrapBlob}
  0x000001842d433d70: 2458 90e8 

  0x000001842d433d74: ; ImmutableOopMap {rbp=Oop [32]=NarrowOop [36]=NarrowOop [40]=NarrowOop [44]=NarrowOop [48]=Oop [56]=NarrowOop [60]=NarrowOop [64]=Oop [72]=Oop [88]=Oop [136]=Oop [144]=NarrowOop [176]=Oop }
                      ;*checkcast {reexecute=0 rethrow=0 return_oop=0}
                      ; - androidx.compose.ui.platform.FlushCoroutineDispatcher::flush$lambda$0@111 (line 146)
                      ; - androidx.compose.ui.platform.FlushCoroutineDispatcher$$Lambda/0x0000018445e01738::invoke@4
                      ; - androidx.compose.ui.platform.FlushCoroutineDispatcher::performRun@24 (line 105)
                      ; - androidx.compose.ui.platform.FlushCoroutineDispatcher::flush@7 (line 83)
                      ; - androidx.compose.ui.scene.ComposeSceneRecomposer::performScheduledRecomposerTasks@11 (line 84)
                      ; - androidx.compose.ui.scene.BaseComposeScene::render@123 (line 178)
                      ; - androidx.compose.ui.scene.ComposeSceneMediator::onRender$lambda$0$0@232 (line 677)
                      ; - androidx.compose.ui.scene.ComposeSceneMediator$$Lambda/0x0000018445f5de80::invoke@12
                      ; - androidx.compose.ui.viewinterop.SwingInteropContainer::postponingExecutingScheduledUpdates@84 (line 251)
                      ; - androidx.compose.ui.scene.ComposeSceneMediator::onRender@30 (line 675)
                      ; - org.jetbrains.skiko.swing.SkiaSwingLayer$renderDelegateWithClipping$1::onRender@78 (line 53)
                      ; - org.jetbrains.skiko.swing.Direct3DSwingRedrawer::onRender$lambda$1@201 (line 83)
                      ; - org.jetbrains.skiko.swing.Direct3DSwingRedrawer$$Lambda/0x0000018445f586c0::invoke@24
                      ; - org.jetbrains.skiko.ResourceUtilsKt::autoCloseScope@29 (line 34)
  0x000001842d433d74: 0806 effc 

  0x000001842d433d78: ;   {other}
  0x000001842d433d78: 0f1f 8400 | e870 00d6 | baf6 ffff | ff48 8b6c | 2448 448b | 5424 2c44 | 8954 2424 | 448b 5424 
  0x000001842d433d98: 3844 8954 | 2428 448b | 5c24 4044 | 895c 242c | 4c8b 5424 | 604c 8954 | 2430 48ff | 7424 5848 
  0x000001842d433db8: 8f44 2448 | 448b 5424 | 3c44 8954 | 2438 448b | 5c24 4444 | 895c 243c | 4c8b 5424 | 684c 8954 
  0x000001842d433dd8: 2440 4c8b | 5424 784c | 8954 2458 | 448b 9c24 | 9400 0000 | 4489 5c24 

  0x000001842d433df0: ;   {runtime_call UncommonTrapBlob}
  0x000001842d433df0: 7866 90e8 

  0x000001842d433df4: ; ImmutableOopMap {rbp=Oop [36]=NarrowOop [40]=NarrowOop [44]=NarrowOop [48]=Oop [56]=NarrowOop [60]=NarrowOop [64]=Oop [72]=Oop [88]=Oop [120]=NarrowOop [136]=Oop [144]=NarrowOop [148]=NarrowOop [176]=Oop }
                      ;*invokevirtual size {reexecute=0 rethrow=0 return_oop=0}
                      ; - java.util.AbstractList$Itr::hasNext@8 (line 366)
                      ; - androidx.compose.ui.platform.FlushCoroutineDispatcher::flush$lambda$0@93 (line 146)
                      ; - androidx.compose.ui.platform.FlushCoroutineDispatcher$$Lambda/0x0000018445e01738::invoke@4
                      ; - androidx.compose.ui.platform.FlushCoroutineDispatcher::performRun@24 (line 105)
                      ; - androidx.compose.ui.platform.FlushCoroutineDispatcher::flush@7 (line 83)
                      ; - androidx.compose.ui.scene.ComposeSceneRecomposer::performScheduledEffects@11 (line 91)
                      ; - androidx.compose.ui.scene.BaseComposeScene::render@116 (line 176)
                      ; - androidx.compose.ui.scene.ComposeSceneMediator::onRender$lambda$0$0@232 (line 677)
                      ; - androidx.compose.ui.scene.ComposeSceneMediator$$Lambda/0x0000018445f5de80::invoke@12
                      ; - androidx.compose.ui.viewinterop.SwingInteropContainer::postponingExecutingScheduledUpdates@84 (line 251)
                      ; - androidx.compose.ui.scene.ComposeSceneMediator::onRender@30 (line 675)
                      ; - org.jetbrains.skiko.swing.SkiaSwingLayer$renderDelegateWithClipping$1::onRender@78 (line 53)
                      ; - org.jetbrains.skiko.swing.Direct3DSwingRedrawer::onRender$lambda$1@201 (line 83)
                      ; - org.jetbrains.skiko.swing.Direct3DSwingRedrawer$$Lambda/0x0000018445f586c0::invoke@24
                      ; - org.jetbrains.skiko.ResourceUtilsKt::autoCloseScope@29 (line 34)
  0x000001842d433df4: 8805 effc 

  0x000001842d433df8: ;   {other}
  0x000001842d433df8: 0f1f 8400 | 6871 00d7 | baf6 ffff | ff48 8b6c | 2448 448b | 5424 3844 | 8954 2420 | 448b 5c24 
  0x000001842d433e18: 4044 895c | 2424 4c8b | 5424 604c | 8954 2430 | 48ff 7424 | 5848 8f44 | 2448 448b | 5424 3c44 
  0x000001842d433e38: 8954 2438 | 448b 5c24 | 4444 895c | 243c 4c8b | 5424 684c | 8954 2440 | 4c8b 5424 | 784c 8954 
  0x000001842d433e58: ;   {runtime_call UncommonTrapBlob}
  0x000001842d433e58: 2458 90e8 

  0x000001842d433e5c: ; ImmutableOopMap {rbp=Oop [32]=NarrowOop [36]=NarrowOop [40]=NarrowOop [44]=NarrowOop [48]=Oop [56]=NarrowOop [60]=NarrowOop [64]=Oop [72]=Oop [88]=Oop [136]=Oop [144]=NarrowOop [176]=Oop }
                      ;*invokevirtual size {reexecute=0 rethrow=0 return_oop=0}
                      ; - java.util.AbstractList$Itr::hasNext@8 (line 366)
                      ; - androidx.compose.ui.platform.FlushCoroutineDispatcher::flush$lambda$0@93 (line 146)
                      ; - androidx.compose.ui.platform.FlushCoroutineDispatcher$$Lambda/0x0000018445e01738::invoke@4
                      ; - androidx.compose.ui.platform.FlushCoroutineDispatcher::performRun@24 (line 105)
                      ; - androidx.compose.ui.platform.FlushCoroutineDispatcher::flush@7 (line 83)
                      ; - androidx.compose.ui.scene.ComposeSceneRecomposer::performScheduledRecomposerTasks@11 (line 84)
                      ; - androidx.compose.ui.scene.BaseComposeScene::render@123 (line 178)
                      ; - androidx.compose.ui.scene.ComposeSceneMediator::onRender$lambda$0$0@232 (line 677)
                      ; - androidx.compose.ui.scene.ComposeSceneMediator$$Lambda/0x0000018445f5de80::invoke@12
                      ; - androidx.compose.ui.viewinterop.SwingInteropContainer::postponingExecutingScheduledUpdates@84 (line 251)
                      ; - androidx.compose.ui.scene.ComposeSceneMediator::onRender@30 (line 675)
                      ; - org.jetbrains.skiko.swing.SkiaSwingLayer$renderDelegateWithClipping$1::onRender@78 (line 53)
                      ; - org.jetbrains.skiko.swing.Direct3DSwingRedrawer::onRender$lambda$1@201 (line 83)
                      ; - org.jetbrains.skiko.swing.Direct3DSwingRedrawer$$Lambda/0x0000018445f586c0::invoke@24
                      ; - org.jetbrains.skiko.ResourceUtilsKt::autoCloseScope@29 (line 34)
  0x000001842d433e5c: 2005 effc 

  0x000001842d433e60: ;   {other}
  0x000001842d433e60: 0f1f 8400 | d071 00d8 | baf4 ffff | ff48 8b6c | 2448 448b | 5424 2c44 | 8954 2424 | 448b 5424 
  0x000001842d433e80: 3844 8954 | 2428 448b | 5c24 4044 | 895c 242c | 4c8b 5424 | 604c 8954 | 2430 48ff | 7424 5848 
  0x000001842d433ea0: 8f44 2448 | 448b 5424 | 3c44 8954 | 2438 448b | 5c24 4444 | 895c 243c | 4c8b 5424 | 684c 8954 
  0x000001842d433ec0: 2440 4c8b | 5424 784c | 8954 2458 | 4c8b 9424 | 8800 0000 | 4c89 5424 | 6044 8b94 | 2490 0000 
  0x000001842d433ee0: 0044 8954 | 2470 448b | 9c24 9400 | 0000 4489 | 5c24 784c | 8b94 24b0 | 0000 004c | 8994 2488 
  0x000001842d433f00: 0000 0044 | 8b94 24a8 | 0000 0044 | 8994 2490 | 0000 004c | 8984 2498 

  0x000001842d433f18: ;   {runtime_call UncommonTrapBlob}
  0x000001842d433f18: 0000 00e8 

  0x000001842d433f1c: ; ImmutableOopMap {rbp=Oop [36]=NarrowOop [40]=NarrowOop [44]=NarrowOop [48]=Oop [56]=NarrowOop [60]=NarrowOop [64]=Oop [72]=Oop [88]=Oop [96]=Oop [112]=NarrowOop [120]=NarrowOop [136]=Oop [148]=NarrowOop [152]=Oop [176]=Oop }
                      ;*checkcast {reexecute=0 rethrow=0 return_oop=0}
                      ; - com.intellij.util.SmartList::asArray@4 (line 206)
                      ; - com.intellij.util.SmartList::get@22 (line 69)
                      ; - java.util.AbstractList$Itr::next@14 (line 373)
                      ; - androidx.compose.ui.platform.FlushCoroutineDispatcher::flush$lambda$0@102 (line 146)
                      ; - androidx.compose.ui.platform.FlushCoroutineDispatcher$$Lambda/0x0000018445e01738::invoke@4
                      ; - androidx.compose.ui.platform.FlushCoroutineDispatcher::performRun@24 (line 105)
                      ; - androidx.compose.ui.platform.FlushCoroutineDispatcher::flush@7 (line 83)
                      ; - androidx.compose.ui.scene.ComposeSceneRecomposer::performScheduledEffects@11 (line 91)
                      ; - androidx.compose.ui.scene.BaseComposeScene::render@116 (line 176)
                      ; - androidx.compose.ui.scene.ComposeSceneMediator::onRender$lambda$0$0@232 (line 677)
                      ; - androidx.compose.ui.scene.ComposeSceneMediator$$Lambda/0x0000018445f5de80::invoke@12
                      ; - androidx.compose.ui.viewinterop.SwingInteropContainer::postponingExecutingScheduledUpdates@84 (line 251)
                      ; - androidx.compose.ui.scene.ComposeSceneMediator::onRender@30 (line 675)
                      ; - org.jetbrains.skiko.swing.SkiaSwingLayer$renderDelegateWithClipping$1::onRender@78 (line 53)
                      ; - org.jetbrains.skiko.swing.Direct3DSwingRedrawer::onRender$lambda$1@201 (line 83)
                      ; - org.jetbrains.skiko.swing.Direct3DSwingRedrawer$$Lambda/0x0000018445f586c0::invoke@24
                      ; - org.jetbrains.skiko.ResourceUtilsKt::autoCloseScope@29 (line 34)
  0x000001842d433f1c: 6004 effc 

  0x000001842d433f20: ;   {other}
  0x000001842d433f20: 0f1f 8400 | 9072 00d9 | baf4 ffff | ff48 8b6c | 2448 448b | 5c24 3844 | 895c 2420 | 448b 5424 
  0x000001842d433f40: 4044 8954 | 2424 4c8b | 5424 604c | 8954 2430 | 48ff 7424 | 5848 8f44 | 2448 448b | 5c24 3c44 
  0x000001842d433f60: 895c 2438 | 448b 5c24 | 4444 895c | 243c 4c8b | 5424 684c | 8954 2440 | 4c8b 5424 | 784c 8954 
  0x000001842d433f80: 2458 4c8b | 9424 8800 | 0000 4c89 | 5424 6044 | 8b94 2490 | 0000 0044 | 8954 2470 | 4c8b 9424 
  0x000001842d433fa0: b000 0000 | 4c89 9424 | 8800 0000 | 4489 8c24 | 9000 0000 | 4c89 8424 | 9800 0000 

  0x000001842d433fbc: ;   {runtime_call UncommonTrapBlob}
  0x000001842d433fbc: 6666 90e8 

  0x000001842d433fc0: ; ImmutableOopMap {rbp=Oop [32]=NarrowOop [36]=NarrowOop [40]=NarrowOop [44]=NarrowOop [48]=Oop [56]=NarrowOop [60]=NarrowOop [64]=Oop [72]=Oop [88]=Oop [96]=Oop [112]=NarrowOop [136]=Oop [152]=Oop [176]=Oop }
                      ;*checkcast {reexecute=0 rethrow=0 return_oop=0}
                      ; - com.intellij.util.SmartList::asArray@4 (line 206)
                      ; - com.intellij.util.SmartList::get@22 (line 69)
                      ; - java.util.AbstractList$Itr::next@14 (line 373)
                      ; - androidx.compose.ui.platform.FlushCoroutineDispatcher::flush$lambda$0@102 (line 146)
                      ; - androidx.compose.ui.platform.FlushCoroutineDispatcher$$Lambda/0x0000018445e01738::invoke@4
                      ; - androidx.compose.ui.platform.FlushCoroutineDispatcher::performRun@24 (line 105)
                      ; - androidx.compose.ui.platform.FlushCoroutineDispatcher::flush@7 (line 83)
                      ; - androidx.compose.ui.scene.ComposeSceneRecomposer::performScheduledRecomposerTasks@11 (line 84)
                      ; - androidx.compose.ui.scene.BaseComposeScene::render@123 (line 178)
                      ; - androidx.compose.ui.scene.ComposeSceneMediator::onRender$lambda$0$0@232 (line 677)
                      ; - androidx.compose.ui.scene.ComposeSceneMediator$$Lambda/0x0000018445f5de80::invoke@12
                      ; - androidx.compose.ui.viewinterop.SwingInteropContainer::postponingExecutingScheduledUpdates@84 (line 251)
                      ; - androidx.compose.ui.scene.ComposeSceneMediator::onRender@30 (line 675)
                      ; - org.jetbrains.skiko.swing.SkiaSwingLayer$renderDelegateWithClipping$1::onRender@78 (line 53)
                      ; - org.jetbrains.skiko.swing.Direct3DSwingRedrawer::onRender$lambda$1@201 (line 83)
                      ; - org.jetbrains.skiko.swing.Direct3DSwingRedrawer$$Lambda/0x0000018445f586c0::invoke@24
                      ; - org.jetbrains.skiko.ResourceUtilsKt::autoCloseScope@29 (line 34)
  0x000001842d433fc0: bc03 effc 

  0x000001842d433fc4: ;   {other}
  0x000001842d433fc4: 0f1f 8400 | 3473 00da | ba5e ffff | ff48 8b6c | 2448 448b | 5424 2c44 | 8954 2424 | 448b 5424 
  0x000001842d433fe4: 3844 8954 | 2428 448b | 5c24 4044 | 895c 242c | 4c8b 5424 | 604c 8954 | 2430 48ff | 7424 5848 
  0x000001842d434004: 8f44 2448 | 448b 5424 | 3c44 8954 | 2438 448b | 5c24 4444 | 895c 243c | 4c8b 5424 | 684c 8954 
  0x000001842d434024: 2440 4c8b | 5424 784c | 8954 2458 | 448b 9c24 | 9400 0000 | 4489 5c24 

  0x000001842d43403c: ;   {runtime_call UncommonTrapBlob}
  0x000001842d43403c: 7866 90e8 

  0x000001842d434040: ; ImmutableOopMap {rbp=Oop [36]=NarrowOop [40]=NarrowOop [44]=NarrowOop [48]=Oop [56]=NarrowOop [60]=NarrowOop [64]=Oop [72]=Oop [88]=Oop [120]=NarrowOop [136]=Oop [144]=NarrowOop [148]=NarrowOop }
                      ;*invokeinterface iterator {reexecute=0 rethrow=0 return_oop=0}
                      ; - androidx.compose.ui.platform.FlushCoroutineDispatcher::flush$lambda$0@86 (line 146)
                      ; - androidx.compose.ui.platform.FlushCoroutineDispatcher$$Lambda/0x0000018445e01738::invoke@4
                      ; - androidx.compose.ui.platform.FlushCoroutineDispatcher::performRun@24 (line 105)
                      ; - androidx.compose.ui.platform.FlushCoroutineDispatcher::flush@7 (line 83)
                      ; - androidx.compose.ui.scene.ComposeSceneRecomposer::performScheduledEffects@11 (line 91)
                      ; - androidx.compose.ui.scene.BaseComposeScene::render@116 (line 176)
                      ; - androidx.compose.ui.scene.ComposeSceneMediator::onRender$lambda$0$0@232 (line 677)
                      ; - androidx.compose.ui.scene.ComposeSceneMediator$$Lambda/0x0000018445f5de80::invoke@12
                      ; - androidx.compose.ui.viewinterop.SwingInteropContainer::postponingExecutingScheduledUpdates@84 (line 251)
                      ; - androidx.compose.ui.scene.ComposeSceneMediator::onRender@30 (line 675)
                      ; - org.jetbrains.skiko.swing.SkiaSwingLayer$renderDelegateWithClipping$1::onRender@78 (line 53)
                      ; - org.jetbrains.skiko.swing.Direct3DSwingRedrawer::onRender$lambda$1@201 (line 83)
                      ; - org.jetbrains.skiko.swing.Direct3DSwingRedrawer$$Lambda/0x0000018445f586c0::invoke@24
                      ; - org.jetbrains.skiko.ResourceUtilsKt::autoCloseScope@29 (line 34)
  0x000001842d434040: 3c03 effc 

  0x000001842d434044: ;   {other}
  0x000001842d434044: 0f1f 8400 | b473 00db | ba5e ffff | ff48 8b6c | 2448 448b | 5424 3844 | 8954 2420 | 448b 5c24 
  0x000001842d434064: 4044 895c | 2424 4c8b | 5424 604c | 8954 2430 | 48ff 7424 | 5848 8f44 | 2448 448b | 5424 3c44 
  0x000001842d434084: 8954 2438 | 448b 5c24 | 4444 895c | 243c 4c8b | 5424 684c | 8954 2440 | 4c8b 5424 | 784c 8954 
  0x000001842d4340a4: ;   {runtime_call UncommonTrapBlob}
  0x000001842d4340a4: 2458 90e8 

  0x000001842d4340a8: ; ImmutableOopMap {rbp=Oop [32]=NarrowOop [36]=NarrowOop [40]=NarrowOop [44]=NarrowOop [48]=Oop [56]=NarrowOop [60]=NarrowOop [64]=Oop [72]=Oop [88]=Oop [136]=Oop [144]=NarrowOop }
                      ;*invokeinterface iterator {reexecute=0 rethrow=0 return_oop=0}
                      ; - androidx.compose.ui.platform.FlushCoroutineDispatcher::flush$lambda$0@86 (line 146)
                      ; - androidx.compose.ui.platform.FlushCoroutineDispatcher$$Lambda/0x0000018445e01738::invoke@4
                      ; - androidx.compose.ui.platform.FlushCoroutineDispatcher::performRun@24 (line 105)
                      ; - androidx.compose.ui.platform.FlushCoroutineDispatcher::flush@7 (line 83)
                      ; - androidx.compose.ui.scene.ComposeSceneRecomposer::performScheduledRecomposerTasks@11 (line 84)
                      ; - androidx.compose.ui.scene.BaseComposeScene::render@123 (line 178)
                      ; - androidx.compose.ui.scene.ComposeSceneMediator::onRender$lambda$0$0@232 (line 677)
                      ; - androidx.compose.ui.scene.ComposeSceneMediator$$Lambda/0x0000018445f5de80::invoke@12
                      ; - androidx.compose.ui.viewinterop.SwingInteropContainer::postponingExecutingScheduledUpdates@84 (line 251)
                      ; - androidx.compose.ui.scene.ComposeSceneMediator::onRender@30 (line 675)
                      ; - org.jetbrains.skiko.swing.SkiaSwingLayer$renderDelegateWithClipping$1::onRender@78 (line 53)
                      ; - org.jetbrains.skiko.swing.Direct3DSwingRedrawer::onRender$lambda$1@201 (line 83)
                      ; - org.jetbrains.skiko.swing.Direct3DSwingRedrawer$$Lambda/0x0000018445f586c0::invoke@24
                      ; - org.jetbrains.skiko.ResourceUtilsKt::autoCloseScope@29 (line 34)
  0x000001842d4340a8: d402 effc 

  0x000001842d4340ac: ;   {other}
  0x000001842d4340ac: 0f1f 8400 | 1c74 00dc | baf4 ffff | ff49 8be8 | 4489 5424 | 244c 895c | 2428 4c89 

  0x000001842d4340c8: ;   {runtime_call UncommonTrapBlob}
  0x000001842d4340c8: 4c24 30e8 

  0x000001842d4340cc: ; ImmutableOopMap {rbp=Oop [40]=Oop [48]=Oop [72]=Oop }
                      ;*checkcast {reexecute=0 rethrow=0 return_oop=0}
                      ; - com.intellij.util.SmartList::asArray@4 (line 206)
                      ; - com.intellij.util.SmartList::get@22 (line 69)
                      ; - java.util.AbstractList$ListItr::previous@16 (line 418)
                      ; - kotlin.collections.ReversedList$listIterator$1::next@4 (line 48)
                      ; - org.jetbrains.skiko.ResourceUtilsKt::autoCloseScope@66 (line 41)
  0x000001842d4340cc: b002 effc 

  0x000001842d4340d0: ;   {other}
  0x000001842d4340d0: 0f1f 8400 | 4074 00dd | baf4 ffff | ff4c 8b54 | 2448 4c89 | 5424 2044 | 8b54 2438 | 4489 5424 
  0x000001842d4340f0: 2844 8b5c | 2440 4489 | 5c24 2c4c | 8b54 2460 | 4c89 5424 | 3048 ff74 | 2458 488f | 4424 4844 
  0x000001842d434110: 8b54 243c | 4489 5424 | 3844 8b5c | 2444 4489 | 5c24 3c4c | 8b54 2468 | 4c89 5424 | 404c 8b54 
  0x000001842d434130: 2478 4c89 

  0x000001842d434134: ;   {runtime_call UncommonTrapBlob}
  0x000001842d434134: 5424 58e8 

  0x000001842d434138: ; ImmutableOopMap {rbp=NarrowOop [32]=Oop [40]=NarrowOop [44]=NarrowOop [48]=Oop [56]=NarrowOop [60]=NarrowOop [64]=Oop [72]=Oop [80]=Oop [88]=Oop [136]=Oop [144]=NarrowOop }
                      ;*checkcast {reexecute=0 rethrow=0 return_oop=0}
                      ; - androidx.compose.ui.scene.ComposeSceneRecomposer::scheduleAsEffect@14 (line 98)
                      ; - androidx.compose.ui.scene.BaseComposeScene::render@163 (line 185)
                      ; - androidx.compose.ui.scene.ComposeSceneMediator::onRender$lambda$0$0@232 (line 677)
                      ; - androidx.compose.ui.scene.ComposeSceneMediator$$Lambda/0x0000018445f5de80::invoke@12
                      ; - androidx.compose.ui.viewinterop.SwingInteropContainer::postponingExecutingScheduledUpdates@84 (line 251)
                      ; - androidx.compose.ui.scene.ComposeSceneMediator::onRender@30 (line 675)
                      ; - org.jetbrains.skiko.swing.SkiaSwingLayer$renderDelegateWithClipping$1::onRender@78 (line 53)
                      ; - org.jetbrains.skiko.swing.Direct3DSwingRedrawer::onRender$lambda$1@201 (line 83)
                      ; - org.jetbrains.skiko.swing.Direct3DSwingRedrawer$$Lambda/0x0000018445f586c0::invoke@24
                      ; - org.jetbrains.skiko.ResourceUtilsKt::autoCloseScope@29 (line 34)
  0x000001842d434138: 4402 effc 

  0x000001842d43413c: ;   {other}
  0x000001842d43413c: 0f1f 8400 | ac74 00de | baf4 ffff 

  0x000001842d434148: ;   {runtime_call UncommonTrapBlob}
  0x000001842d434148: ff66 90e8 

  0x000001842d43414c: ; ImmutableOopMap {rbp=Oop [32]=Oop }
                      ;*checkcast {reexecute=0 rethrow=0 return_oop=0}
                      ; - org.jetbrains.skiko.ResourceUtilsKt::autoCloseScope@142 (line 41)
  0x000001842d43414c: 3002 effc 

  0x000001842d434150: ;   {other}
  0x000001842d434150: 0f1f 8400 | c074 00df | baf4 ffff 

  0x000001842d43415c: ;   {runtime_call UncommonTrapBlob}
  0x000001842d43415c: ff66 90e8 

  0x000001842d434160: ; ImmutableOopMap {rbp=Oop }
                      ;*checkcast {reexecute=0 rethrow=0 return_oop=0}
                      ; - org.jetbrains.skiko.ResourceUtilsKt::autoCloseScope@104 (line 36)
  0x000001842d434160: 1c02 effc 

  0x000001842d434164: ;   {other}
  0x000001842d434164: 0f1f 8400 | d474 00e0 | 488b d8e9 | 8a03 0000 | 488b d8e9 | 5f04 0000 | 4889 4424 | 20e9 aa02 
  0x000001842d434184: 0000 488b | d8e9 9505 | 0000 488b | d8e9 8d05 | 0000 498b | d749 ba20 | 41b6 4dfa | 7f00 0041 
  0x000001842d4341a4: ;   {other}
  0x000001842d4341a4: ffd2 0f1f | 8400 0000 | 0000 e971 | 0900 0048 | 8bd8 e943 | 0300 0048 | 8bd8 e918 | 0400 00e9 
  0x000001842d4341c4: 0402 0000 | e907 0200 | 0048 8bd8 | 448b 5808 | 49ba 0000 | 0040 8401 | 0000 4d03 | d34d 8b52 
  0x000001842d4341e4: ;   {metadata('java/lang/IndexOutOfBoundsException')}
  0x000001842d4341e4: 5049 bb18 | 4e03 4284 | 0100 004d | 3bd3 0f85 | 0603 0000 | 488b e848 | 8b94 24b0 

  0x000001842d434200: ;   {optimized virtual_call}
  0x000001842d434200: 0000 00e8 

  0x000001842d434204: ; ImmutableOopMap {rbp=Oop [32]=Oop [40]=NarrowOop [44]=NarrowOop [48]=Oop [56]=NarrowOop [60]=NarrowOop [64]=NarrowOop [68]=NarrowOop [72]=Oop [88]=Oop [96]=Oop [104]=Oop [112]=Oop [120]=Oop [128]=Oop [136]=Oop [144]=NarrowOop [152]=Oop [160]=Oop [176]=Oop }
                      ;*invokevirtual checkForComodification {reexecute=0 rethrow=0 return_oop=0}
                      ; - java.util.AbstractList$Itr::next@34 (line 378)
                      ; - androidx.compose.ui.platform.FlushCoroutineDispatcher::flush$lambda$0@102 (line 146)
                      ; - androidx.compose.ui.platform.FlushCoroutineDispatcher$$Lambda/0x0000018445e01738::invoke@4
                      ; - androidx.compose.ui.platform.FlushCoroutineDispatcher::performRun@24 (line 105)
                      ; - androidx.compose.ui.platform.FlushCoroutineDispatcher::flush@7 (line 83)
                      ; - androidx.compose.ui.scene.ComposeSceneRecomposer::performScheduledRecomposerTasks@11 (line 84)
                      ; - androidx.compose.ui.scene.BaseComposeScene::render@123 (line 178)
                      ; - androidx.compose.ui.scene.ComposeSceneMediator::onRender$lambda$0$0@232 (line 677)
                      ; - androidx.compose.ui.scene.ComposeSceneMediator$$Lambda/0x0000018445f5de80::invoke@12
                      ; - androidx.compose.ui.viewinterop.SwingInteropContainer::postponingExecutingScheduledUpdates@84 (line 251)
                      ; - androidx.compose.ui.scene.ComposeSceneMediator::onRender@30 (line 675)
                      ; - org.jetbrains.skiko.swing.SkiaSwingLayer$renderDelegateWithClipping$1::onRender@78 (line 53)
                      ; - org.jetbrains.skiko.swing.Direct3DSwingRedrawer::onRender$lambda$1@201 (line 83)
                      ; - org.jetbrains.skiko.swing.Direct3DSwingRedrawer$$Lambda/0x0000018445f586c0::invoke@24
                      ; - org.jetbrains.skiko.ResourceUtilsKt::autoCloseScope@29 (line 34)
  0x000001842d434204: 78a8 eefc 

  0x000001842d434208: ;   {other}
  0x000001842d434208: 0f1f 8400 | 7875 00e1 | ba29 0000 | 004c 8b54 | 2448 4c89 | 5424 2044 | 8b54 2438 | 4489 5424 
  0x000001842d434228: 3044 8b5c | 2440 4489 | 5c24 344c | 8b54 2460 | 4c89 5424 | 4844 8b54 | 243c 4489 | 5424 3844 
  0x000001842d434248: 8b5c 2444 | 4489 5c24 | 3c4c 8b54 | 2468 4c89 | 5424 404c | 8b54 2478 | 4c89 5424 | 604c 8b94 
  0x000001842d434268: 2488 0000 | 004c 8954 

  0x000001842d434270: ;   {runtime_call UncommonTrapBlob}
  0x000001842d434270: 2468 90e8 

  0x000001842d434274: ; ImmutableOopMap {rbp=Oop [32]=Oop [40]=NarrowOop [44]=NarrowOop [48]=NarrowOop [52]=NarrowOop [56]=NarrowOop [60]=NarrowOop [64]=Oop [72]=Oop [88]=Oop [96]=Oop [104]=Oop [144]=NarrowOop [176]=Oop }
                      ;*new {reexecute=0 rethrow=0 return_oop=0}
                      ; - java.util.AbstractList$Itr::next@37 (line 379)
                      ; - androidx.compose.ui.platform.FlushCoroutineDispatcher::flush$lambda$0@102 (line 146)
                      ; - androidx.compose.ui.platform.FlushCoroutineDispatcher$$Lambda/0x0000018445e01738::invoke@4
                      ; - androidx.compose.ui.platform.FlushCoroutineDispatcher::performRun@24 (line 105)
                      ; - androidx.compose.ui.platform.FlushCoroutineDispatcher::flush@7 (line 83)
                      ; - androidx.compose.ui.scene.ComposeSceneRecomposer::performScheduledRecomposerTasks@11 (line 84)
                      ; - androidx.compose.ui.scene.BaseComposeScene::render@123 (line 178)
                      ; - androidx.compose.ui.scene.ComposeSceneMediator::onRender$lambda$0$0@232 (line 677)
                      ; - androidx.compose.ui.scene.ComposeSceneMediator$$Lambda/0x0000018445f5de80::invoke@12
                      ; - androidx.compose.ui.viewinterop.SwingInteropContainer::postponingExecutingScheduledUpdates@84 (line 251)
                      ; - androidx.compose.ui.scene.ComposeSceneMediator::onRender@30 (line 675)
                      ; - org.jetbrains.skiko.swing.SkiaSwingLayer$renderDelegateWithClipping$1::onRender@78 (line 53)
                      ; - org.jetbrains.skiko.swing.Direct3DSwingRedrawer::onRender$lambda$1@201 (line 83)
                      ; - org.jetbrains.skiko.swing.Direct3DSwingRedrawer$$Lambda/0x0000018445f586c0::invoke@24
                      ; - org.jetbrains.skiko.ResourceUtilsKt::autoCloseScope@29 (line 34)
  0x000001842d434274: 0801 effc 

  0x000001842d434278: ;   {other}
  0x000001842d434278: 0f1f 8400 | e875 00e2 | 488b d844 | 8b50 0849 | bb00 0000 | 4084 0100 | 004d 03da | 4d8b 5350 
  0x000001842d434298: ;   {metadata('java/lang/IndexOutOfBoundsException')}
  0x000001842d434298: 49bb 184e | 0342 8401 | 0000 4d3b | d30f 8530 | 0300 0048 | 8be8 488b | 9424 b000 

  0x000001842d4342b4: ;   {optimized virtual_call}
  0x000001842d4342b4: 0000 90e8 

  0x000001842d4342b8: ; ImmutableOopMap {rbp=Oop [32]=Oop [44]=NarrowOop [48]=Oop [56]=NarrowOop [60]=NarrowOop [64]=NarrowOop [68]=NarrowOop [72]=Oop [88]=Oop [96]=Oop [104]=Oop [112]=Oop [120]=Oop [128]=Oop [136]=Oop [144]=NarrowOop [148]=NarrowOop [152]=Oop [160]=Oop [176]=Oop }
                      ;*invokevirtual checkForComodification {reexecute=0 rethrow=0 return_oop=0}
                      ; - java.util.AbstractList$Itr::next@34 (line 378)
                      ; - androidx.compose.ui.platform.FlushCoroutineDispatcher::flush$lambda$0@102 (line 146)
                      ; - androidx.compose.ui.platform.FlushCoroutineDispatcher$$Lambda/0x0000018445e01738::invoke@4
                      ; - androidx.compose.ui.platform.FlushCoroutineDispatcher::performRun@24 (line 105)
                      ; - androidx.compose.ui.platform.FlushCoroutineDispatcher::flush@7 (line 83)
                      ; - androidx.compose.ui.scene.ComposeSceneRecomposer::performScheduledEffects@11 (line 91)
                      ; - androidx.compose.ui.scene.BaseComposeScene::render@116 (line 176)
                      ; - androidx.compose.ui.scene.ComposeSceneMediator::onRender$lambda$0$0@232 (line 677)
                      ; - androidx.compose.ui.scene.ComposeSceneMediator$$Lambda/0x0000018445f5de80::invoke@12
                      ; - androidx.compose.ui.viewinterop.SwingInteropContainer::postponingExecutingScheduledUpdates@84 (line 251)
                      ; - androidx.compose.ui.scene.ComposeSceneMediator::onRender@30 (line 675)
                      ; - org.jetbrains.skiko.swing.SkiaSwingLayer$renderDelegateWithClipping$1::onRender@78 (line 53)
                      ; - org.jetbrains.skiko.swing.Direct3DSwingRedrawer::onRender$lambda$1@201 (line 83)
                      ; - org.jetbrains.skiko.swing.Direct3DSwingRedrawer$$Lambda/0x0000018445f586c0::invoke@24
                      ; - org.jetbrains.skiko.ResourceUtilsKt::autoCloseScope@29 (line 34)
  0x000001842d4342b8: c4a7 eefc 

  0x000001842d4342bc: ;   {other}
  0x000001842d4342bc: 0f1f 8400 | 2c76 00e3 | ba29 0000 | 004c 8b54 | 2448 4c89 | 5424 2044 | 8b54 2438 | 4489 5424 
  0x000001842d4342dc: 3044 8b5c | 2440 4489 | 5c24 344c | 8b54 2460 | 4c89 5424 | 4844 8b54 | 243c 4489 | 5424 3844 
  0x000001842d4342fc: 8b5c 2444 | 4489 5c24 | 3c4c 8b54 | 2468 4c89 | 5424 404c | 8b54 2478 | 4c89 5424 | 604c 8b94 
  0x000001842d43431c: 2488 0000 | 004c 8954 | 2468 448b | 9c24 9400 | 0000 4489 | 9c24 8000 

  0x000001842d434334: ;   {runtime_call UncommonTrapBlob}
  0x000001842d434334: 0000 90e8 

  0x000001842d434338: ; ImmutableOopMap {rbp=Oop [32]=Oop [44]=NarrowOop [48]=NarrowOop [52]=NarrowOop [56]=NarrowOop [60]=NarrowOop [64]=Oop [72]=Oop [88]=Oop [96]=Oop [104]=Oop [128]=NarrowOop [144]=NarrowOop [148]=NarrowOop [176]=Oop }
                      ;*new {reexecute=0 rethrow=0 return_oop=0}
                      ; - java.util.AbstractList$Itr::next@37 (line 379)
                      ; - androidx.compose.ui.platform.FlushCoroutineDispatcher::flush$lambda$0@102 (line 146)
                      ; - androidx.compose.ui.platform.FlushCoroutineDispatcher$$Lambda/0x0000018445e01738::invoke@4
                      ; - androidx.compose.ui.platform.FlushCoroutineDispatcher::performRun@24 (line 105)
                      ; - androidx.compose.ui.platform.FlushCoroutineDispatcher::flush@7 (line 83)
                      ; - androidx.compose.ui.scene.ComposeSceneRecomposer::performScheduledEffects@11 (line 91)
                      ; - androidx.compose.ui.scene.BaseComposeScene::render@116 (line 176)
                      ; - androidx.compose.ui.scene.ComposeSceneMediator::onRender$lambda$0$0@232 (line 677)
                      ; - androidx.compose.ui.scene.ComposeSceneMediator$$Lambda/0x0000018445f5de80::invoke@12
                      ; - androidx.compose.ui.viewinterop.SwingInteropContainer::postponingExecutingScheduledUpdates@84 (line 251)
                      ; - androidx.compose.ui.scene.ComposeSceneMediator::onRender@30 (line 675)
                      ; - org.jetbrains.skiko.swing.SkiaSwingLayer$renderDelegateWithClipping$1::onRender@78 (line 53)
                      ; - org.jetbrains.skiko.swing.Direct3DSwingRedrawer::onRender$lambda$1@201 (line 83)
                      ; - org.jetbrains.skiko.swing.Direct3DSwingRedrawer$$Lambda/0x0000018445f586c0::invoke@24
                      ; - org.jetbrains.skiko.ResourceUtilsKt::autoCloseScope@29 (line 34)
  0x000001842d434338: 4400 effc 

  0x000001842d43433c: ;   {other}
  0x000001842d43433c: 0f1f 8400 | ac76 00e4 | 4889 4424 | 20e9 3404 | 0000 488b | d8e9 cd03 | 0000 488b | d8e9 c503 
  0x000001842d43435c: 0000 4889 | 4424 20e9 | 1a04 0000 | e98c 0500 | 00e9 8e05 | 0000 e989 | 0500 0048 | 8be8 e999 
  0x000001842d43437c: 0500 0048 | 8bd0 e914 | 0600 00e9 | 5805 0000 | 488b d0e9 | 0706 0000 | 488b d0e9 | ff05 0000 
  0x000001842d43439c: 488b d0e9 | f705 0000 | 488b d0e9 | ef05 0000 | 488b d0e9 | e705 0000 | 488b d0e9 | df05 0000 
  0x000001842d4343bc: 488b d8e9 | 3a01 0000 | 488b d8e9 | 0f02 0000 | 488b e8e9 | 4405 0000 | 488b e8e9 | 3c05 0000 
  0x000001842d4343dc: 488b d8e9 | 3f03 0000 | 488b d8e9 | 3703 0000 | 4889 4424 | 20e9 8c03 | 0000 488b | d8e9 2503 
  0x000001842d4343fc: 0000 488b | d8e9 1d03 | 0000 e901 | 0300 0048 | 8bd8 e9eb | 0000 0048 | 8bd8 e9c0 | 0100 0048 
  0x000001842d43441c: 8bd8 e9db | 0000 0048 | 8bd8 e9b0 | 0100 0048 | 8944 2420 | 4c8b 5c24 | 7848 8d84 

  0x000001842d434438: ;   {no_reloc}
  0x000001842d434438: 24e0 0000 | 0048 8338 | 000f 8479 | 0000 004d | 8b13 41f6 | c202 0f84 | 6200 0000 | 4983 ba86 
  0x000001842d434458: 0000 0000 | 7409 49ff | 8a86 0000 | 00eb 4b49 | 8b82 9600 | 0000 490b | 828e 0000 | 0075 0a49 
  0x000001842d434478: c742 3e00 | 0000 00eb | 3d49 83ba | 9e00 0000 | 0074 2248 | 33c0 49c7 | 423e 0000 | 0000 f083 
  0x000001842d434498: 0424 0049 | 83ba 9e00 | 0000 0075 | 0df0 4d0f | b17a 3e75 | 0583 c801 | eb0c a800 | eb08 4c8b 
  0x000001842d4344b8: 10f0 4d0f | b113 750a | 49ff 8f50 | 0500 0045 | 33d2 0f84 | b202 0000 | 4d8b d349 | 8bca 488d 
  0x000001842d4344d8: 9424 e000 | 0000 4d8b | c749 bae0 | 31f8 4dfa | 7f00 0041 

  0x000001842d4344ec: ;   {other}
  0x000001842d4344ec: ffd2 0f1f | 8400 0000 | 0000 e987 | 0200 0048 | 8bd8 448b | 5c24 2845 | 8863 10f0 | 8344 24c0 
  0x000001842d43450c: 004c 8b9c | 2498 0000 | 0048 8d84 | 24e0 0000 | 0048 8338 | 000f 8479 | 0000 004d | 8b13 41f6 
  0x000001842d43452c: c202 0f84 | 6200 0000 | 4983 ba86 | 0000 0000 | 7409 49ff | 8a86 0000 | 00eb 4b49 | 8b82 9600 
  0x000001842d43454c: 0000 490b | 828e 0000 | 0075 0a49 | c742 3e00 | 0000 00eb | 3d49 83ba | 9e00 0000 | 0074 2248 
  0x000001842d43456c: 33c0 49c7 | 423e 0000 | 0000 f083 | 0424 0049 | 83ba 9e00 | 0000 0075 | 0df0 4d0f | b17a 3e75 
  0x000001842d43458c: 0583 c801 | eb0c a800 | eb08 4c8b | 10f0 4d0f | b113 750a | 49ff 8f50 | 0500 0045 | 33d2 0f84 
  0x000001842d4345ac: 7301 0000 | 498b cb48 | 8d94 24e0 | 0000 004d | 8bc7 49ba | e031 f84d | fa7f 0000 

  0x000001842d4345c8: ;   {other}
  0x000001842d4345c8: 41ff d20f | 1f84 0000 | 0000 00e9 | 4b01 0000 | 488b d844 | 8b5c 242c | 4588 6310 | f083 4424 
  0x000001842d4345e8: c000 4c8b | 9c24 9800 | 0000 488d | 8424 e000 | 0000 4883 | 3800 0f84 | 7900 0000 | 4d8b 1341 
  0x000001842d434608: f6c2 020f | 8462 0000 | 0049 83ba | 8600 0000 | 0074 0949 | ff8a 8600 | 0000 eb4b | 498b 8296 
  0x000001842d434628: 0000 0049 | 0b82 8e00 | 0000 750a | 49c7 423e | 0000 0000 | eb3d 4983 | ba9e 0000 | 0000 7422 
  0x000001842d434648: 4833 c049 | c742 3e00 | 0000 00f0 | 8304 2400 | 4983 ba9e | 0000 0000 | 750d f04d | 0fb1 7a3e 
  0x000001842d434668: 7505 83c8 | 01eb 0ca8 | 00eb 084c | 8b10 f04d | 0fb1 1375 | 0a49 ff8f | 5005 0000 | 4533 d20f 
  0x000001842d434688: 8496 0000 | 0049 8bcb | 488d 9424 | e000 0000 | 4d8b c749 | bae0 31f8 | 4dfa 7f00 | 0041 ffd2 
  0x000001842d4346a8: ;   {other}
  0x000001842d4346a8: 0f1f 8400 | 0000 0000 | eb71 4c8b | d0e9 ea01 | 0000 4889 | 4424 20e9 | be00 0000 | 4889 4424 
  0x000001842d4346c8: 20e9 b400 | 0000 4889 | 4424 20e9 | aa00 0000 | 4889 4424 | 20e9 a000 | 0000 4889 | 4424 20e9 
  0x000001842d4346e8: 9600 0000 | 488b e8e9 | 2402 0000 | 488b e8e9 | 1c02 0000 | 488b e8e9 | 1402 0000 | 488b e8e9 
  0x000001842d434708: 0c02 0000 | 488b e8eb | 3b48 8bd8 | eb0d 488b | d8eb 0848 | 8bd8 eb03 | 488b d844 | 8b94 2490 
  0x000001842d434728: 0000 0045 | 85d2 0f84 | e004 0000 | 4180 7f40 | 000f 85b5 | 0300 0045 | 8962 18f0 | 8344 24c0 
  0x000001842d434748: 0048 8beb | 4c8b 5424 | 7845 8b5a | 1445 85db | 0f84 7204 | 0000 4c89 | 5424 2049 

  0x000001842d434764: ;   {optimized virtual_call}
  0x000001842d434764: 8bd3 90e8 

  0x000001842d434768: ; ImmutableOopMap {rbp=Oop [32]=Oop [48]=Oop [56]=NarrowOop [64]=NarrowOop [68]=NarrowOop [72]=Oop [88]=Oop [96]=Oop [104]=Oop [112]=Oop [128]=Oop }
                      ;*invokevirtual sendAndPerformSnapshotChanges {reexecute=0 rethrow=0 return_oop=0}
                      ; - androidx.compose.ui.scene.BaseComposeScene::render@249 (line 373)
                      ; - androidx.compose.ui.scene.ComposeSceneMediator::onRender$lambda$0$0@232 (line 677)
                      ; - androidx.compose.ui.scene.ComposeSceneMediator$$Lambda/0x0000018445f5de80::invoke@12
                      ; - androidx.compose.ui.viewinterop.SwingInteropContainer::postponingExecutingScheduledUpdates@84 (line 251)
                      ; - androidx.compose.ui.scene.ComposeSceneMediator::onRender@30 (line 675)
                      ; - org.jetbrains.skiko.swing.SkiaSwingLayer$renderDelegateWithClipping$1::onRender@78 (line 53)
                      ; - org.jetbrains.skiko.swing.Direct3DSwingRedrawer::onRender$lambda$1@201 (line 83)
                      ; - org.jetbrains.skiko.swing.Direct3DSwingRedrawer$$Lambda/0x0000018445f586c0::invoke@24
                      ; - org.jetbrains.skiko.ResourceUtilsKt::autoCloseScope@29 (line 34)
  0x000001842d434768: 14a3 eefc 

  0x000001842d43476c: ;   {other}
  0x000001842d43476c: 0f1f 8400 | dc7a 00e5 | 4c8b 5424 | 2045 8862 | 0d48 896c | 2420 448b | 5c24 4445 | 8b43 1c45 
  0x000001842d43478c: 85c0 0f84 | 9803 0000 | 488d 9c24 | e000 0000 | 498b 00a8 | 020f 8523 | 0000 0048 | 83c8 0148 
  0x000001842d4347ac: 8903 f049 | 0fb1 180f | 8437 0000 | 0048 2bc4 | 4825 07f0 | ffff 4889 | 03e9 2400 | 0000 4c8b 
  0x000001842d4347cc: d048 33c0 | f04d 0fb1 | 7a3e 48c7 | 0303 0000 | 0074 114c | 3bf8 7515 | 49ff 8286 | 0000 0048 
  0x000001842d4347ec: 33c0 7509 | 49ff 8750 | 0500 0033 | c00f 8581 | 0300 0041 | c643 0c01 | 488d 8424 | e000 0000 
  0x000001842d43480c: 4883 3800 | 0f84 7900 | 0000 4d8b | 1041 f6c2 | 020f 8462 | 0000 0049 | 83ba 8600 | 0000 0074 
  0x000001842d43482c: 0949 ff8a | 8600 0000 | eb4b 498b | 8296 0000 | 0049 0b82 | 8e00 0000 | 750a 49c7 | 423e 0000 
  0x000001842d43484c: 0000 eb3d | 4983 ba9e | 0000 0000 | 7422 4833 | c049 c742 | 3e00 0000 | 00f0 8304 

  0x000001842d434868: ;   {no_reloc}
  0x000001842d434868: 2400 4983 | ba9e 0000 | 0000 750d | f04d 0fb1 | 7a3e 7505 | 83c8 01eb | 0ca8 00eb | 084c 8b10 
  0x000001842d434888: f04d 0fb1 | 1075 0a49 | ff8f 5005 | 0000 4533 | d20f 85b9 | 0200 004c | 8b54 2420 | 4c8b 5c24 
  0x000001842d4348a8: 5841 8b6b | 1c85 ed74 | 3044 8b45 

  0x000001842d4348b4: ;   {metadata('androidx/compose/ui/scene/ComposeContainer$$Lambda+0x0000018445d6b940')}
  0x000001842d4348b4: 0841 81f8 | 40b9 d605 | 0f85 eb02 | 0000 488b | d54d 8bc2 | 488b 6c24 

  0x000001842d4348cc: ;   {optimized virtual_call}
  0x000001842d4348cc: 4866 90e8 

  0x000001842d4348d0: ; ImmutableOopMap {rbp=Oop [48]=Oop [56]=NarrowOop [64]=NarrowOop [72]=Oop [96]=Oop }
                      ;*invokeinterface onException {reexecute=0 rethrow=0 return_oop=0}
                      ; - androidx.compose.ui.scene.ComposeSceneMediator::onRender@50 (line 1069)
                      ; - org.jetbrains.skiko.swing.SkiaSwingLayer$renderDelegateWithClipping$1::onRender@78 (line 53)
                      ; - org.jetbrains.skiko.swing.Direct3DSwingRedrawer::onRender$lambda$1@201 (line 83)
                      ; - org.jetbrains.skiko.swing.Direct3DSwingRedrawer$$Lambda/0x0000018445f586c0::invoke@24
                      ; - org.jetbrains.skiko.ResourceUtilsKt::autoCloseScope@29 (line 34)
  0x000001842d4348d0: aca1 eefc 

  0x000001842d4348d4: ;   {other}
  0x000001842d4348d4: 0f1f 8400 | 447c 00e6 | e983 a5ff | ff49 8bc2 | 488b e8eb | 2feb 04eb | 02eb 0048 | 8bd0 e9a4 
  0x000001842d4348f4: 0000 00eb | 0048 8be8 | eb1a eb00 | 488b e8eb | 13eb 02eb | 0048 8bd0 | e98a 0000 | 00eb 02eb 
  0x000001842d434914: 0048 8be8 | 488b 5424 

  0x000001842d43491c: ;   {static_call}
  0x000001842d43491c: 4866 90e8 

  0x000001842d434920: ; ImmutableOopMap {rbp=Oop }
                      ;*invokestatic asReversedMutable {reexecute=0 rethrow=0 return_oop=1}
                      ; - org.jetbrains.skiko.ResourceUtilsKt::autoCloseScope@101 (line 36)
  0x000001842d434920: 5ca7 eefc 

  0x000001842d434924: ;   {other}
  0x000001842d434924: 0f1f 8400 | 947c 00e7 | 4c8b c044 

  0x000001842d434930: ;   {metadata('java/lang/Iterable')}
  0x000001842d434930: 8b58 0848 | b8f8 5e06 | 4084 0100 | 0048 be00 | 0000 4084 | 0100 0049 | 03f3 4c8b | 5620 4c3b 
  0x000001842d434950: d00f 8541 | 0100 0049 | 8bd0 6666 | 9048 b8ff | ffff ffff 

  0x000001842d434964: ;   {virtual_call}
  0x000001842d434964: ffff ffe8 

  0x000001842d434968: ; ImmutableOopMap {rbp=Oop }
                      ;*invokeinterface iterator {reexecute=0 rethrow=0 return_oop=1}
                      ; - org.jetbrains.skiko.ResourceUtilsKt::autoCloseScope@114 (line 41)
  0x000001842d434968: 14a4 eefc 

  0x000001842d43496c: ;   {other}
  0x000001842d43496c: 0f1f 8400 | dc7c 00e8 | 4889 4424 | 2048 8bd0 | 9048 b8ff | ffff ffff 

  0x000001842d434984: ;   {virtual_call}
  0x000001842d434984: ffff ffe8 

  0x000001842d434988: ; ImmutableOopMap {rbp=Oop [32]=Oop }
                      ;*invokeinterface hasNext {reexecute=0 rethrow=0 return_oop=0}
                      ; - org.jetbrains.skiko.ResourceUtilsKt::autoCloseScope@123 (line 41)
  0x000001842d434988: f4a3 eefc 

  0x000001842d43498c: ;   {other}
  0x000001842d43498c: 0f1f 8400 | fc7c 00e9 | 85c0 7554 | 488b d548 | 81c4 0001 

  0x000001842d4349a0: ;   {runtime_call _rethrow_Java}
  0x000001842d4349a0: 0000 5de9 | 5864 fbfc | 0f1f 8400 | 0000 0000 | 498b d066 | 9048 b8ff | ffff ffff 

  0x000001842d4349bc: ;   {virtual_call}
  0x000001842d4349bc: ffff ffe8 

  0x000001842d4349c0: ; ImmutableOopMap {rbp=Oop [32]=Oop }
                      ;*invokeinterface close {reexecute=0 rethrow=0 return_oop=0}
                      ; - org.jetbrains.skiko.ResourceUtilsKt::autoCloseScope@152 (line 37)
  0x000001842d4349c0: bca3 eefc 

  0x000001842d4349c4: ;   {other}
  0x000001842d4349c4: 0f1f 8400 | 347d 00ea | 488b 5424 | 2048 b8ff | ffff ffff 

  0x000001842d4349d8: ;   {virtual_call}
  0x000001842d4349d8: ffff ffe8 

  0x000001842d4349dc: ; ImmutableOopMap {rbp=Oop [32]=Oop }
                      ;*invokeinterface hasNext {reexecute=0 rethrow=0 return_oop=0}
                      ; - org.jetbrains.skiko.ResourceUtilsKt::autoCloseScope@123 (line 41)
  0x000001842d4349dc: a0a3 eefc 

  0x000001842d4349e0: ;   {other}
  0x000001842d4349e0: 0f1f 8400 | 507d 00eb | 85c0 74ac | 488b 5424 | 2048 b8ff | ffff ffff 

  0x000001842d4349f8: ;   {virtual_call}
  0x000001842d4349f8: ffff ffe8 

  0x000001842d4349fc: ; ImmutableOopMap {rbp=Oop [32]=Oop }
                      ;*invokeinterface next {reexecute=0 rethrow=0 return_oop=1}
                      ; - org.jetbrains.skiko.ResourceUtilsKt::autoCloseScope@133 (line 41)
  0x000001842d4349fc: 80a3 eefc 

  0x000001842d434a00: ;   {other}
  0x000001842d434a00: 0f1f 8400 | 707d 00ec | 4c8b c044 | 8b50 0848 | be00 0000 | 4084 0100 | 0049 03f2 | 4c8b 5620 
  0x000001842d434a20: ;   {metadata('java/lang/AutoCloseable')}
  0x000001842d434a20: 49bb 20d4 | 0040 8401 | 0000 4d3b | d30f 847d 

  0x000001842d434a30: ;   {metadata('java/lang/AutoCloseable')}
  0x000001842d434a30: ffff ff48 | b820 d400 | 4084 0100 | 0048 33ff | 4c8b 9ea0 | 0000 0049 | 8bd3 48c1 | e204 0f89 
  0x000001842d434a50: 2100 0000 | f348 0fb8 | d248 8b5e | 2848 3b04 | d374 1549 | 0fba e33c | 730b 49c1 

  0x000001842d434a6c: ;   {runtime_call StubRoutines (compiler stubs)}
  0x000001842d434a6c: cb3b e8a4 | ebf9 fceb | 0348 ffc7 | 4885 ff0f | 842f ffff | ffba deff | ffff 4c89 

  0x000001842d434a88: ;   {runtime_call UncommonTrapBlob}
  0x000001842d434a88: 4424 28e8 

  0x000001842d434a8c: ; ImmutableOopMap {rbp=Oop [32]=Oop [40]=Oop }
                      ;*checkcast {reexecute=0 rethrow=0 return_oop=0}
                      ; - org.jetbrains.skiko.ResourceUtilsKt::autoCloseScope@142 (line 41)
  0x000001842d434a8c: f0f8 eefc 

  0x000001842d434a90: ;   {other}
  0x000001842d434a90: 0f1f 8400 | 007e 00ed | 4833 ff4c | 8b9e a000 | 0000 498b | d348 d1e2 | 0f89 2100 | 0000 f348 
  0x000001842d434ab0: 0fb8 d248 | 8b5e 2848 | 3b04 d374 | 1549 0fba | e33f 730b | 49c1 cb3e 

  0x000001842d434ac8: ;   {runtime_call StubRoutines (compiler stubs)}
  0x000001842d434ac8: e84a ebf9 | fceb 0348 | ffc7 4885 | ff0f 847c | feff ffba | deff ffff | 4c89 4424 

  0x000001842d434ae4: ;   {runtime_call UncommonTrapBlob}
  0x000001842d434ae4: 2066 90e8 

  0x000001842d434ae8: ; ImmutableOopMap {rbp=Oop [32]=Oop }
                      ;*checkcast {reexecute=0 rethrow=0 return_oop=0}
                      ; - org.jetbrains.skiko.ResourceUtilsKt::autoCloseScope@104 (line 36)
  0x000001842d434ae8: 94f8 eefc 

  0x000001842d434aec: ;   {other}
  0x000001842d434aec: 0f1f 8400 | 5c7e 00ee | 418b f245 | 8bda 458b | 5b18 4585 | db74 214d | 8b57 2849 | 8bcb 4d85 
  0x000001842d434b0c: d20f 8483 | f6ff ff4d | 8b5f 384b | 894c 13f8 | 4983 c2f8 | 4d89 5728 | 448b d6e9 | 13fc ffff 
  0x000001842d434b2c: baf6 ffff | ff48 8b6c | 2448 448b | 5424 3844 | 8954 2428 | 448b 4424 | 4044 8944 

  0x000001842d434b48: ;   {runtime_call UncommonTrapBlob}
  0x000001842d434b48: 242c 90e8 

  0x000001842d434b4c: ; ImmutableOopMap {rbp=Oop [32]=Oop [40]=NarrowOop [44]=NarrowOop [68]=NarrowOop [88]=Oop [96]=Oop }
                      ;*monitorenter {reexecute=0 rethrow=0 return_oop=0}
                      ; - androidx.compose.ui.viewinterop.SwingInteropContainer::postponingExecutingScheduledUpdates@143 (line 294)
                      ; - androidx.compose.ui.scene.ComposeSceneMediator::onRender@30 (line 675)
                      ; - org.jetbrains.skiko.swing.SkiaSwingLayer$renderDelegateWithClipping$1::onRender@78 (line 53)
                      ; - org.jetbrains.skiko.swing.Direct3DSwingRedrawer::onRender$lambda$1@201 (line 83)
                      ; - org.jetbrains.skiko.swing.Direct3DSwingRedrawer$$Lambda/0x0000018445f586c0::invoke@24
                      ; - org.jetbrains.skiko.ResourceUtilsKt::autoCloseScope@29 (line 34)
  0x000001842d434b4c: 30f8 eefc 

  0x000001842d434b50: ;   {other}
  0x000001842d434b50: 0f1f 8400 | c07e 00ef | 498b c848 | 8d94 24e0 | 0000 004d | 8bc7 49ba | e031 f84d | fa7f 0000 
  0x000001842d434b70: ;   {other}
  0x000001842d434b70: 41ff d20f | 1f84 0000 | 0000 00e9 | 1ffd ffff | 4c89 4424 | 2841 8beb | 498b d04c | 8d84 24e0 
  0x000001842d434b90: ;   {runtime_call _complete_monitor_locking_Java}
  0x000001842d434b90: 0000 00e8 

  0x000001842d434b94: ; ImmutableOopMap {rbp=NarrowOop [32]=Oop [40]=Oop [48]=Oop [56]=NarrowOop [64]=NarrowOop [72]=Oop [88]=Oop [96]=Oop [128]=Oop }
                      ;*monitorenter {reexecute=0 rethrow=0 return_oop=0}
                      ; - androidx.compose.ui.viewinterop.SwingInteropContainer::postponingExecutingScheduledUpdates@143 (line 294)
                      ; - androidx.compose.ui.scene.ComposeSceneMediator::onRender@30 (line 675)
                      ; - org.jetbrains.skiko.swing.SkiaSwingLayer$renderDelegateWithClipping$1::onRender@78 (line 53)
                      ; - org.jetbrains.skiko.swing.Direct3DSwingRedrawer::onRender$lambda$1@201 (line 83)
                      ; - org.jetbrains.skiko.swing.Direct3DSwingRedrawer$$Lambda/0x0000018445f586c0::invoke@24
                      ; - org.jetbrains.skiko.ResourceUtilsKt::autoCloseScope@29 (line 34)
  0x000001842d434b94: 6859 fbfc 

  0x000001842d434b98: ;   {other}
  0x000001842d434b98: 0f1f 8400 | 087f 00f0 | 448b dd4c | 8b44 2428 | e952 fcff | ffba dfff | ffff 448b | 5c24 3844 
  0x000001842d434bb8: 895c 2428 | 4c89 5424 

  0x000001842d434bc0: ;   {runtime_call UncommonTrapBlob}
  0x000001842d434bc0: 3866 90e8 

  0x000001842d434bc4: ; ImmutableOopMap {rbp=NarrowOop [40]=NarrowOop [56]=Oop [64]=NarrowOop [72]=Oop [96]=Oop }
                      ;*invokeinterface onException {reexecute=0 rethrow=0 return_oop=0}
                      ; - androidx.compose.ui.scene.ComposeSceneMediator::onRender@50 (line 1069)
                      ; - org.jetbrains.skiko.swing.SkiaSwingLayer$renderDelegateWithClipping$1::onRender@78 (line 53)
                      ; - org.jetbrains.skiko.swing.Direct3DSwingRedrawer::onRender$lambda$1@201 (line 83)
                      ; - org.jetbrains.skiko.swing.Direct3DSwingRedrawer$$Lambda/0x0000018445f586c0::invoke@24
                      ; - org.jetbrains.skiko.ResourceUtilsKt::autoCloseScope@29 (line 34)
  0x000001842d434bc4: b8f7 eefc 

  0x000001842d434bc8: ;   {other}
  0x000001842d434bc8: 0f1f 8400 | 387f 00f1 | baf6 ffff | ff4c 8b5c | 2448 4c89 | 5c24 2044 | 8b44 2438 | 4489 4424 
  0x000001842d434be8: 2844 8b5c | 2440 4489 | 5c24 2c44 | 8b5c 243c | 4489 5c24 | 3844 8b5c | 2444 4489 

  0x000001842d434c04: ;   {runtime_call UncommonTrapBlob}
  0x000001842d434c04: 5c24 3ce8 

  0x000001842d434c08: ; ImmutableOopMap {rbp=Oop [32]=Oop [40]=NarrowOop [44]=NarrowOop [56]=NarrowOop [60]=NarrowOop [88]=Oop [96]=Oop [104]=Oop [120]=Oop }
                      ;*invokevirtual sendAndPerformSnapshotChanges {reexecute=0 rethrow=0 return_oop=0}
                      ; - androidx.compose.ui.scene.BaseComposeScene::render@249 (line 373)
                      ; - androidx.compose.ui.scene.ComposeSceneMediator::onRender$lambda$0$0@232 (line 677)
                      ; - androidx.compose.ui.scene.ComposeSceneMediator$$Lambda/0x0000018445f5de80::invoke@12
                      ; - androidx.compose.ui.viewinterop.SwingInteropContainer::postponingExecutingScheduledUpdates@84 (line 251)
                      ; - androidx.compose.ui.scene.ComposeSceneMediator::onRender@30 (line 675)
                      ; - org.jetbrains.skiko.swing.SkiaSwingLayer$renderDelegateWithClipping$1::onRender@78 (line 53)
                      ; - org.jetbrains.skiko.swing.Direct3DSwingRedrawer::onRender$lambda$1@201 (line 83)
                      ; - org.jetbrains.skiko.swing.Direct3DSwingRedrawer$$Lambda/0x0000018445f586c0::invoke@24
                      ; - org.jetbrains.skiko.ResourceUtilsKt::autoCloseScope@29 (line 34)
  0x000001842d434c08: 74f7 eefc 

  0x000001842d434c0c: ;   {other}
  0x000001842d434c0c: 0f1f 8400 | 7c7f 00f2 | baf6 ffff | ff48 8b6c | 2448 448b | 5c24 3844 | 895c 2420 | 448b 5424 
  0x000001842d434c2c: 4044 8954 | 2424 448b | 5c24 3c44 | 895c 2438 | 448b 5424 | 4444 8954 | 243c 4889 

  0x000001842d434c48: ;   {runtime_call UncommonTrapBlob}
  0x000001842d434c48: 5c24 50e8 

  0x000001842d434c4c: ; ImmutableOopMap {rbp=Oop [32]=NarrowOop [36]=NarrowOop [56]=NarrowOop [60]=NarrowOop [80]=Oop [88]=Oop [96]=Oop [104]=Oop [120]=Oop }
                      ;*invokespecial setRenderingThreadId {reexecute=0 rethrow=0 return_oop=0}
                      ; - androidx.compose.ui.node.SnapshotInvalidationTracker::access$setRenderingThreadId@2 (line 32)
                      ; - androidx.compose.ui.scene.BaseComposeScene::render@214 (line 371)
                      ; - androidx.compose.ui.scene.ComposeSceneMediator::onRender$lambda$0$0@232 (line 677)
                      ; - androidx.compose.ui.scene.ComposeSceneMediator$$Lambda/0x0000018445f5de80::invoke@12
                      ; - androidx.compose.ui.viewinterop.SwingInteropContainer::postponingExecutingScheduledUpdates@84 (line 251)
                      ; - androidx.compose.ui.scene.ComposeSceneMediator::onRender@30 (line 675)
                      ; - org.jetbrains.skiko.swing.SkiaSwingLayer$renderDelegateWithClipping$1::onRender@78 (line 53)
                      ; - org.jetbrains.skiko.swing.Direct3DSwingRedrawer::onRender$lambda$1@201 (line 83)
                      ; - org.jetbrains.skiko.swing.Direct3DSwingRedrawer$$Lambda/0x0000018445f586c0::invoke@24
                      ; - org.jetbrains.skiko.ResourceUtilsKt::autoCloseScope@29 (line 34)
  0x000001842d434c4c: 30f7 eefc 

  0x000001842d434c50: ;   {other}
  0x000001842d434c50: 0f1f 8400 | c07f 00f3 

  0x000001842d434c58: ;   {internal_word}
  0x000001842d434c58: 49ba 34f0 | 422d 8401 | 0000 4d89 | 9768 0400 

  0x000001842d434c68: ;   {runtime_call SafepointBlob}
  0x000001842d434c68: 00e9 1208 

  0x000001842d434c6c: ;   {runtime_call StubRoutines (final stubs)}
  0x000001842d434c6c: effc e82d | 18ed fce9 | 4689 ffff 
[Stub Code]
  0x000001842d434c78: ;   {no_reloc}
  0x000001842d434c78: 48bb 0000 | 0000 0000 

  0x000001842d434c80: ;   {runtime_call nmethod}
  0x000001842d434c80: 0000 e9fb 

  0x000001842d434c84: ;   {static_stub}
  0x000001842d434c84: ffff ff48 | bb00 0000 | 0000 0000 

  0x000001842d434c90: ;   {runtime_call nmethod}
  0x000001842d434c90: 00e9 fbff 

  0x000001842d434c94: ;   {static_stub}
  0x000001842d434c94: ffff 48bb | 0000 0000 | 0000 0000 

  0x000001842d434ca0: ;   {runtime_call nmethod}
  0x000001842d434ca0: e9fb ffff 

  0x000001842d434ca4: ;   {static_stub}
  0x000001842d434ca4: ff48 bb00 | 0000 0000 

  0x000001842d434cac: ;   {runtime_call nmethod}
  0x000001842d434cac: 0000 00e9 | fbff ffff 

  0x000001842d434cb4: ;   {static_stub}
  0x000001842d434cb4: 48bb 0000 | 0000 0000 

  0x000001842d434cbc: ;   {runtime_call nmethod}
  0x000001842d434cbc: 0000 e9fb 

  0x000001842d434cc0: ;   {static_stub}
  0x000001842d434cc0: ffff ff48 | bb00 0000 | 0000 0000 

  0x000001842d434ccc: ;   {runtime_call nmethod}
  0x000001842d434ccc: 00e9 fbff 

  0x000001842d434cd0: ;   {static_stub}
  0x000001842d434cd0: ffff 48bb | 0000 0000 | 0000 0000 

  0x000001842d434cdc: ;   {runtime_call nmethod}
  0x000001842d434cdc: e9fb ffff 

  0x000001842d434ce0: ;   {static_stub}
  0x000001842d434ce0: ff48 bb00 | 0000 0000 

  0x000001842d434ce8: ;   {runtime_call nmethod}
  0x000001842d434ce8: 0000 00e9 | fbff ffff 

  0x000001842d434cf0: ;   {static_stub}
  0x000001842d434cf0: 48bb 0000 | 0000 0000 

  0x000001842d434cf8: ;   {runtime_call nmethod}
  0x000001842d434cf8: 0000 e9fb 

  0x000001842d434cfc: ;   {static_stub}
  0x000001842d434cfc: ffff ff48 | bb00 0000 | 0000 0000 

  0x000001842d434d08: ;   {runtime_call nmethod}
  0x000001842d434d08: 00e9 fbff 

  0x000001842d434d0c: ;   {static_stub}
  0x000001842d434d0c: ffff 48bb | 0000 0000 | 0000 0000 

  0x000001842d434d18: ;   {runtime_call nmethod}
  0x000001842d434d18: e9fb ffff 

  0x000001842d434d1c: ;   {static_stub}
  0x000001842d434d1c: ff48 bb00 | 0000 0000 

  0x000001842d434d24: ;   {runtime_call nmethod}
  0x000001842d434d24: 0000 00e9 | fbff ffff 

  0x000001842d434d2c: ;   {static_stub}
  0x000001842d434d2c: 48bb 0000 | 0000 0000 

  0x000001842d434d34: ;   {runtime_call nmethod}
  0x000001842d434d34: 0000 e9fb 

  0x000001842d434d38: ;   {static_stub}
  0x000001842d434d38: ffff ff48 | bb00 0000 | 0000 0000 

  0x000001842d434d44: ;   {runtime_call nmethod}
  0x000001842d434d44: 00e9 fbff 

  0x000001842d434d48: ;   {static_stub}
  0x000001842d434d48: ffff 48bb | 0000 0000 | 0000 0000 

  0x000001842d434d54: ;   {runtime_call nmethod}
  0x000001842d434d54: e9fb ffff 

  0x000001842d434d58: ;   {static_stub}
  0x000001842d434d58: ff48 bb00 | 0000 0000 

  0x000001842d434d60: ;   {runtime_call nmethod}
  0x000001842d434d60: 0000 00e9 | fbff ffff 

  0x000001842d434d68: ;   {static_stub}
  0x000001842d434d68: 48bb 0000 | 0000 0000 

  0x000001842d434d70: ;   {runtime_call nmethod}
  0x000001842d434d70: 0000 e9fb 

  0x000001842d434d74: ;   {static_stub}
  0x000001842d434d74: ffff ff48 | bb00 0000 | 0000 0000 

  0x000001842d434d80: ;   {runtime_call nmethod}
  0x000001842d434d80: 00e9 fbff 

  0x000001842d434d84: ;   {static_stub}
  0x000001842d434d84: ffff 48bb | 0000 0000 | 0000 0000 

  0x000001842d434d90: ;   {runtime_call nmethod}
  0x000001842d434d90: e9fb ffff 

  0x000001842d434d94: ;   {static_stub}
  0x000001842d434d94: ff48 bb00 | 0000 0000 

  0x000001842d434d9c: ;   {runtime_call nmethod}
  0x000001842d434d9c: 0000 00e9 | fbff ffff 

  0x000001842d434da4: ;   {static_stub}
  0x000001842d434da4: 48bb 0000 | 0000 0000 

  0x000001842d434dac: ;   {runtime_call nmethod}
  0x000001842d434dac: 0000 e9fb 

  0x000001842d434db0: ;   {static_stub}
  0x000001842d434db0: ffff ff48 | bb00 0000 | 0000 0000 

  0x000001842d434dbc: ;   {runtime_call nmethod}
  0x000001842d434dbc: 00e9 fbff 

  0x000001842d434dc0: ;   {static_stub}
  0x000001842d434dc0: ffff 48bb | 0000 0000 | 0000 0000 

  0x000001842d434dcc: ;   {runtime_call nmethod}
  0x000001842d434dcc: e9fb ffff 

  0x000001842d434dd0: ;   {static_stub}
  0x000001842d434dd0: ff48 bb00 | 0000 0000 

  0x000001842d434dd8: ;   {runtime_call nmethod}
  0x000001842d434dd8: 0000 00e9 | fbff ffff 

  0x000001842d434de0: ;   {static_stub}
  0x000001842d434de0: 48bb 0000 | 0000 0000 

  0x000001842d434de8: ;   {runtime_call nmethod}
  0x000001842d434de8: 0000 e9fb 

  0x000001842d434dec: ;   {static_stub}
  0x000001842d434dec: ffff ff48 | bb00 0000 | 0000 0000 

  0x000001842d434df8: ;   {runtime_call nmethod}
  0x000001842d434df8: 00e9 fbff 

  0x000001842d434dfc: ;   {static_stub}
  0x000001842d434dfc: ffff 48bb | 0000 0000 | 0000 0000 

  0x000001842d434e08: ;   {runtime_call nmethod}
  0x000001842d434e08: e9fb ffff 

  0x000001842d434e0c: ;   {static_stub}
  0x000001842d434e0c: ff48 bb00 | 0000 0000 

  0x000001842d434e14: ;   {runtime_call nmethod}
  0x000001842d434e14: 0000 00e9 | fbff ffff 

  0x000001842d434e1c: ;   {static_stub}
  0x000001842d434e1c: 48bb 0000 | 0000 0000 

  0x000001842d434e24: ;   {runtime_call nmethod}
  0x000001842d434e24: 0000 e9fb 

  0x000001842d434e28: ;   {static_stub}
  0x000001842d434e28: ffff ff48 | bbf8 a778 | 8484 0100 

  0x000001842d434e34: ;   {runtime_call I2C/C2I adapters}
  0x000001842d434e34: 00e9 29e6 

  0x000001842d434e38: ;   {static_stub}
  0x000001842d434e38: eefc 48bb | 0000 0000 | 0000 0000 

  0x000001842d434e44: ;   {runtime_call nmethod}
  0x000001842d434e44: e9fb ffff 

  0x000001842d434e48: ;   {static_stub}
  0x000001842d434e48: ff48 bb00 | 0000 0000 

  0x000001842d434e50: ;   {runtime_call nmethod}
  0x000001842d434e50: 0000 00e9 | fbff ffff 

  0x000001842d434e58: ;   {static_stub}
  0x000001842d434e58: 48bb 0000 | 0000 0000 

  0x000001842d434e60: ;   {runtime_call nmethod}
  0x000001842d434e60: 0000 e9fb 

  0x000001842d434e64: ;   {runtime_call ExceptionBlob}
  0x000001842d434e64: ffff ffe9 | 14e2 fafc 
[Deopt Handler Code]
  0x000001842d434e6c: e800 0000 | 0048 832c 

  0x000001842d434e74: ;   {runtime_call DeoptimizationBlob}
  0x000001842d434e74: 2405 e9a5 | f8ee fcf4 | f4f4 f4f4 
[/MachCode]


Compiled method (c2) 3130873 107157       4       org.jetbrains.skiko.swing.Direct3DSwingRedrawer::onRender (21 bytes)
 total in heap  [0x000001842d42c390,0x000001842d42c810] = 1152
 relocation     [0x000001842d42c4f0,0x000001842d42c520] = 48
 main code      [0x000001842d42c520,0x000001842d42c660] = 320
 stub code      [0x000001842d42c660,0x000001842d42c688] = 40
 oops           [0x000001842d42c688,0x000001842d42c6b8] = 48
 metadata       [0x000001842d42c6b8,0x000001842d42c700] = 72
 scopes data    [0x000001842d42c700,0x000001842d42c778] = 120
 scopes pcs     [0x000001842d42c778,0x000001842d42c7c8] = 80
 dependencies   [0x000001842d42c7c8,0x000001842d42c7e0] = 24
 handler table  [0x000001842d42c7e0,0x000001842d42c810] = 48

[Constant Pool (empty)]

[MachCode]
[Entry Point]
  # {method} {0x00000185412ce460} 'onRender' '(Ljava/awt/Graphics2D;IIJ)V' in 'org/jetbrains/skiko/swing/Direct3DSwingRedrawer'
  # this:     rdx:rdx   = 'org/jetbrains/skiko/swing/Direct3DSwingRedrawer'
  # parm0:    r8:r8     = 'java/awt/Graphics2D'
  # parm1:    r9        = int
  # parm2:    rdi       = int
  # parm3:    rsi:rsi   = long
  #           [sp+0x40]  (sp of caller)
  0x000001842d42c520: 448b 5208 | 49bb 0000 | 0040 8401 | 0000 4d03 | d349 3bc2 

  0x000001842d42c534: ;   {runtime_call ic_miss_stub}
  0x000001842d42c534: 0f85 4622 | effc 6690 | 0f1f 4000 
[Verified Entry Point]
  0x000001842d42c540: 8984 2400 | 80ff ff55 | 4883 ec30 | 4181 7f20 | 3f36 0000 | 0f85 fa00 | 0000 4889 | 7424 1089 
  0x000001842d42c560: 7c24 0c44 | 894c 2408 | 4889 1424 | 498b e84d | 85c0 0f84 | a100 0000 | 498b 97b8 | 0100 004c 
  0x000001842d42c580: 8bd2 4983 | c228 4d3b | 97c8 0100 | 0073 6c4d | 8997 b801 | 0000 410f | 0d8a c000 | 0000 48c7 
  0x000001842d42c5a0: 0201 0000 

  0x000001842d42c5a4: ;   {metadata('org/jetbrains/skiko/swing/Direct3DSwingRedrawer$$Lambda+0x0000018445f586c0')}
  0x000001842d42c5a4: 00c7 4208 | c086 f505 | 4489 6224 | 448b 5c24 | 0844 895a | 0c4c 8b54 | 2410 4c89 | 5210 448b 
  0x000001842d42c5c4: 5424 0c44 | 8952 184c | 8b14 2444 | 8952 1c4c | 8bd5 4489 

  0x000001842d42c5d8: ;   {static_call}
  0x000001842d42c5d8: 5220 90e8 

  0x000001842d42c5dc: ; ImmutableOopMap {}
                      ;*invokestatic autoCloseScope {reexecute=0 rethrow=0 return_oop=0}
                      ; - org.jetbrains.skiko.swing.Direct3DSwingRedrawer::onRender@17 (line 61)
  0x000001842d42c5dc: c00f 0000 

  0x000001842d42c5e0: ;   {other}
  0x000001842d42c5e0: 0f1f 8400 | 5002 0000 | 4883 c430 

  0x000001842d42c5ec: ;   {poll_return}
  0x000001842d42c5ec: 5d49 3ba7 | 5004 0000 | 0f87 4400 

  0x000001842d42c5f8: ;   {metadata('org/jetbrains/skiko/swing/Direct3DSwingRedrawer$$Lambda+0x0000018445f586c0')}
  0x000001842d42c5f8: 0000 c348 | bac0 86f5 | 4584 0100 

  0x000001842d42c604: ;   {runtime_call _new_instance_Java}
  0x000001842d42c604: 0066 90e8 

  0x000001842d42c608: ; ImmutableOopMap {rbp=Oop [0]=Oop }
                      ;*invokevirtual allocateInstance {reexecute=0 rethrow=0 return_oop=1}
                      ; - java.lang.invoke.DirectMethodHandle::allocateInstance@12 (line 501)
                      ; - java.lang.invoke.LambdaForm$DMH/0x0000018445f62400::newInvokeSpecial@1
                      ; - java.lang.invoke.LambdaForm$MH/0x0000018445f62c00::linkToTargetMethod@11
                      ; - org.jetbrains.skiko.swing.Direct3DSwingRedrawer::onRender@12 (line 61)
  0x000001842d42c608: 74ab fbfc 

  0x000001842d42c60c: ;   {other}
  0x000001842d42c60c: 0f1f 8400 | 7c02 0001 | 488b d0eb | 97ba 45ff 

  0x000001842d42c61c: ;   {runtime_call UncommonTrapBlob}
  0x000001842d42c61c: ffff 90e8 

  0x000001842d42c620: ; ImmutableOopMap {rbp=Oop [0]=Oop }
                      ;*ifnonnull {reexecute=1 rethrow=0 return_oop=0}
                      ; - (reexecute) kotlin.jvm.internal.Intrinsics::checkNotNullParameter@1 (line 130)
                      ; - org.jetbrains.skiko.swing.Direct3DSwingRedrawer::onRender@3
  0x000001842d42c620: 5c7d effc 

  0x000001842d42c624: ;   {other}
  0x000001842d42c624: 0f1f 8400 | 9402 0002 | 488b d0eb | 0348 8bd0 | 4883 c430 

  0x000001842d42c638: ;   {runtime_call _rethrow_Java}
  0x000001842d42c638: 5de9 c2e7 

  0x000001842d42c63c: ;   {internal_word}
  0x000001842d42c63c: fbfc 49ba | edc5 422d | 8401 0000 | 4d89 9768 

  0x000001842d42c64c: ;   {runtime_call SafepointBlob}
  0x000001842d42c64c: 0400 00e9 | 2c8e effc 

  0x000001842d42c654: ;   {runtime_call StubRoutines (final stubs)}
  0x000001842d42c654: e847 9eed | fce9 fcfe | ffff f4f4 
[Stub Code]
  0x000001842d42c660: ;   {no_reloc}
  0x000001842d42c660: 48bb 0000 | 0000 0000 

  0x000001842d42c668: ;   {runtime_call nmethod}
  0x000001842d42c668: 0000 e9fb 

  0x000001842d42c66c: ;   {runtime_call ExceptionBlob}
  0x000001842d42c66c: ffff ffe9 | 0c6a fbfc 
[Deopt Handler Code]
  0x000001842d42c674: e800 0000 | 0048 832c 

  0x000001842d42c67c: ;   {runtime_call DeoptimizationBlob}
  0x000001842d42c67c: 2405 e99d | 80ef fcf4 | f4f4 f4f4 
[/MachCode]


---------------  P R O C E S S  ---------------

Threads class SMR info:
_java_thread_list=0x000001857efca910, length=122, elements={
0x000001841470b840, 0x000001843ca33720, 0x000001843ca3a760, 0x000001843ca3cde0,
0x000001843ca3fa50, 0x000001843ca45210, 0x000001843ca45880, 0x000001843ca50440,
0x000001843ca6cb70, 0x000001843ca93680, 0x00000184b06eda70, 0x00000184b08359e0,
0x00000184b0836d90, 0x00000184b0838140, 0x00000184b0e0f2a0, 0x00000184b0e11370,
0x00000184b0e12720, 0x00000184b0e12db0, 0x00000184b0e13ad0, 0x00000184b16d4db0,
0x00000184b16d4720, 0x00000184b16d7510, 0x00000184b16d95e0, 0x00000184b16da300,
0x00000184b0e14e80, 0x00000184b2e47890, 0x00000184b2e4a680, 0x00000184b2e47200,
0x00000184c90091a0, 0x00000184c91e6060, 0x00000185046c2400, 0x00000185188d6870,
0x0000018526fd73d0, 0x0000018526fdaee0, 0x0000018526fd2ba0, 0x0000018526fd3f50,
0x0000018526fe0430, 0x0000018526fdd640, 0x0000018526fc8e00, 0x0000018526fcb560,
0x0000018526fc9490, 0x000001853eef10d0, 0x000001853ef05f80, 0x00000184a5364e10,
0x00000185365bef40, 0x00000185365bf5d0, 0x00000185365bfc60, 0x00000185365c02f0,
0x000001853ef0a120, 0x00000185539415e0, 0x000001855394b9f0, 0x0000018553a54720,
0x0000018553a54db0, 0x00000184b73bc220, 0x00000184b68f09a0, 0x00000184b68f0310,
0x00000184b7725760, 0x00000184b77250d0, 0x00000184b7727770, 0x00000184b7728b20,
0x00000184b759a090, 0x00000184b7485230, 0x00000184b7487990, 0x00000184b7484ba0,
0x00000184b748b9a0, 0x00000184b7488bb0, 0x00000184b74898d0, 0x00000184b748ac80,
0x00000184b77644a0, 0x00000184b77651c0, 0x00000184b68fbf00, 0x00000184ba7f8440,
0x00000184b8e15760, 0x00000184b95967c0, 0x000001855c32b7b0, 0x000001855c32c4d0,
0x00000184b5158c30, 0x00000184bb91f230, 0x00000184bacc5680, 0x00000184bacc6a30,
0x00000185623dab10, 0x000001855e4a7970, 0x000001855c3296e0, 0x00000184c1df2ca0,
0x0000018562c15800, 0x0000018562c15e90, 0x0000018562c16520, 0x0000018562c16bb0,
0x000001855e8ec260, 0x00000184bc04d0a0, 0x00000184ba72c000, 0x00000184b51715f0,
0x00000184b516ee90, 0x000001856d950de0, 0x000001855d7ec430, 0x000001855d7ecac0,
0x000001855d7e9640, 0x000001855673d140, 0x000001855673de60, 0x0000018562a036a0,
0x000001856d5b76a0, 0x00000184b51736c0, 0x00000185623dd900, 0x000001856f44df70,
0x000001856e530390, 0x000001856e531dd0, 0x000001856e52f670, 0x00000184bbea0270,
0x000001856d592e90, 0x000001856d5b4f40, 0x00000184b5173d50, 0x00000184c2494120,
0x000001853c654ab0, 0x00000185623e0060, 0x000001855e0a7780, 0x000001856569d460,
0x000001857e8a1800, 0x000001857d8d1e50, 0x000001857e8a1e90, 0x000001857d8cf6f0,
0x000001853c77deb0, 0x0000018581b069b0
}
_to_delete_list=0x000001856e388f70, length=121, elements={
0x000001841470b840, 0x000001843ca33720, 0x000001843ca3a760, 0x000001843ca3cde0,
0x000001843ca3fa50, 0x000001843ca45210, 0x000001843ca45880, 0x000001843ca50440,
0x000001843ca6cb70, 0x000001843ca93680, 0x00000184b06eda70, 0x00000184b08359e0,
0x00000184b0836d90, 0x00000184b0838140, 0x00000184b0e0f2a0, 0x00000184b0e11370,
0x00000184b0e12720, 0x00000184b0e12db0, 0x00000184b0e13ad0, 0x00000184b16d4db0,
0x00000184b16d4720, 0x00000184b16d7510, 0x00000184b16d95e0, 0x00000184b16da300,
0x00000184b0e14e80, 0x00000184b2e47890, 0x00000184b2e4a680, 0x00000184b2e47200,
0x00000184c90091a0, 0x00000184c91e6060, 0x00000185046c2400, 0x00000185188d6870,
0x0000018526fd73d0, 0x0000018526fdaee0, 0x0000018526fd2ba0, 0x0000018526fd3f50,
0x0000018526fe0430, 0x0000018526fdd640, 0x0000018526fc8e00, 0x0000018526fcb560,
0x0000018526fc9490, 0x000001853eef10d0, 0x000001853ef05f80, 0x00000184a5364e10,
0x00000185365bef40, 0x00000185365bf5d0, 0x00000185365bfc60, 0x00000185365c02f0,
0x000001853ef0a120, 0x00000185539415e0, 0x000001855394b9f0, 0x0000018553a54720,
0x0000018553a54db0, 0x00000184b73bc220, 0x00000184b68f09a0, 0x00000184b68f0310,
0x00000184b7725760, 0x00000184b77250d0, 0x00000184b7727770, 0x00000184b7728b20,
0x00000184b759a090, 0x00000184b7485230, 0x00000184b7487990, 0x00000184b7484ba0,
0x00000184b748b9a0, 0x00000184b7488bb0, 0x00000184b74898d0, 0x00000184b748ac80,
0x00000184b77644a0, 0x00000184b77651c0, 0x00000184b68fbf00, 0x00000184ba7f8440,
0x00000184b8e15760, 0x00000184b95967c0, 0x000001855c32b7b0, 0x000001855c32c4d0,
0x00000184b5158c30, 0x00000184bb91f230, 0x00000184bacc5680, 0x00000184bacc6a30,
0x00000185623dab10, 0x000001855e4a7970, 0x000001855c3296e0, 0x00000184c1df2ca0,
0x0000018562c15800, 0x0000018562c15e90, 0x0000018562c16520, 0x0000018562c16bb0,
0x000001855e8ec260, 0x00000184bc04d0a0, 0x00000184ba72c000, 0x00000184b51715f0,
0x00000184b516ee90, 0x000001856d950de0, 0x000001855d7ec430, 0x000001855d7ecac0,
0x000001855d7e9640, 0x000001855673d140, 0x000001855673de60, 0x0000018562a036a0,
0x000001856d5b76a0, 0x00000184b51736c0, 0x00000185623dd900, 0x000001856f44df70,
0x000001856e530390, 0x000001856e531dd0, 0x000001856e52f670, 0x00000184bbea0270,
0x000001856d592e90, 0x000001856d5b4f40, 0x00000184b5173d50, 0x00000184c2494120,
0x000001853c654ab0, 0x00000185623e0060, 0x000001855e0a7780, 0x000001856569d460,
0x000001857e8a1800, 0x000001857d8d1e50, 0x000001857e8a1e90, 0x000001857d8cf6f0,
0x000001853c77deb0
}

Java Threads: ( => current thread )
  0x000001841470b840 JavaThread "main"                              [_thread_blocked, id=31736, stack(0x00000063a8000000,0x00000063a8200000) (2048K)]
  0x000001843ca33720 JavaThread "Common-Cleaner"             daemon [_thread_blocked, id=24320, stack(0x00000063a8900000,0x00000063a8a00000) (1024K)]
  0x000001843ca3a760 JavaThread "Reference Handler"          daemon [_thread_blocked, id=31196, stack(0x00000063a8a00000,0x00000063a8b00000) (1024K)]
  0x000001843ca3cde0 JavaThread "Finalizer"                  daemon [_thread_blocked, id=28436, stack(0x00000063a8b00000,0x00000063a8c00000) (1024K)]
  0x000001843ca3fa50 JavaThread "Signal Dispatcher"          daemon [_thread_blocked, id=2884, stack(0x00000063a8c00000,0x00000063a8d00000) (1024K)]
  0x000001843ca45210 JavaThread "Attach Listener"            daemon [_thread_blocked, id=31536, stack(0x00000063a8d00000,0x00000063a8e00000) (1024K)]
  0x000001843ca45880 JavaThread "Service Thread"             daemon [_thread_blocked, id=30668, stack(0x00000063a8e00000,0x00000063a8f00000) (1024K)]
  0x000001843ca50440 JavaThread "Monitor Deflation Thread"   daemon [_thread_blocked, id=27784, stack(0x00000063a8f00000,0x00000063a9000000) (1024K)]
  0x000001843ca6cb70 JavaThread "C2 CompilerThread0"         daemon [_thread_blocked, id=22768, stack(0x00000063a9000000,0x00000063a9100000) (1024K)]
  0x000001843ca93680 JavaThread "C1 CompilerThread0"         daemon [_thread_blocked, id=25792, stack(0x00000063a9100000,0x00000063a9200000) (1024K)]
  0x00000184b06eda70 JavaThread "Notification Thread"        daemon [_thread_blocked, id=26720, stack(0x00000063a9400000,0x00000063a9500000) (1024K)]
  0x00000184b08359e0 JavaThread "DefaultDispatcher-worker-4" daemon [_thread_blocked, id=24996, stack(0x00000063a9d00000,0x00000063a9e00000) (1024K)]
  0x00000184b0836d90 JavaThread "DefaultDispatcher-worker-9" daemon [_thread_blocked, id=22300, stack(0x00000063aa200000,0x00000063aa300000) (1024K)]
  0x00000184b0838140 JavaThread "DefaultDispatcher-worker-10" daemon [_thread_blocked, id=22936, stack(0x00000063aa300000,0x00000063aa400000) (1024K)]
  0x00000184b0e0f2a0 JavaThread "Java2D Disposer"            daemon [_thread_blocked, id=24220, stack(0x00000063aa600000,0x00000063aa700000) (1024K)]
  0x00000184b0e11370 JavaThread "AWT-Shutdown"                      [_thread_blocked, id=29936, stack(0x00000063aa700000,0x00000063aa800000) (1024K)]
  0x00000184b0e12720 JavaThread "AWT-Windows"                daemon [_thread_in_native, id=31616, stack(0x00000063aa800000,0x00000063aa900000) (1024K)]
  0x00000184b0e12db0 JavaThread "External Command Listener"  daemon [_thread_in_native, id=31680, stack(0x00000063aa900000,0x00000063aaa00000) (1024K)]
=>0x00000184b0e13ad0 JavaThread "AWT-EventQueue-0"                  [_thread_in_native, id=31652, stack(0x00000063aab00000,0x00000063aac00000) (1024K)]
  0x00000184b16d4db0 JavaThread "DefaultDispatcher-worker-13" daemon [_thread_blocked, id=19196, stack(0x00000063aac00000,0x00000063aad00000) (1024K)]
  0x00000184b16d4720 JavaThread "DefaultDispatcher-worker-14" daemon [_thread_in_native, id=11156, stack(0x00000063aad00000,0x00000063aae00000) (1024K)]
  0x00000184b16d7510 JavaThread "DefaultDispatcher-worker-15" daemon [_thread_in_native, id=7060, stack(0x00000063aae00000,0x00000063aaf00000) (1024K)]
  0x00000184b16d95e0 JavaThread "Kernel event loop thread ctdq0b7kgiiri7mcf9fj" daemon [_thread_blocked, id=25372, stack(0x00000063ab300000,0x00000063ab400000) (1024K)]
  0x00000184b16da300 JavaThread "EarlyStartServerWire/Sender" daemon [_thread_blocked, id=31208, stack(0x00000063ab400000,0x00000063ab500000) (1024K)]
  0x00000184b0e14e80 JavaThread "SerializersBackgroundRegistrar" daemon [_thread_blocked, id=27160, stack(0x00000063ab600000,0x00000063ab700000) (1024K)]
  0x00000184b2e47890 JavaThread "Program"                           [_thread_in_native, id=4352, stack(0x00000063abb00000,0x00000063abc00000) (1024K)]
  0x00000184b2e4a680 JavaThread "BaseDataReader: output stream of Program"        [_thread_in_native, id=29012, stack(0x00000063abc00000,0x00000063abd00000) (1024K)]
  0x00000184b2e47200 JavaThread "BaseDataReader: error stream of Program"        [_thread_in_native, id=31292, stack(0x00000063abd00000,0x00000063abe00000) (1024K)]
  0x00000184c90091a0 JavaThread "PeriodicMetricReader"       daemon [_thread_blocked, id=7572, stack(0x00000063abf00000,0x00000063ac000000) (1024K)]
  0x00000184c91e6060 JavaThread "Coroutines Debugger Cleaner" daemon [_thread_blocked, id=18984, stack(0x00000063ac000000,0x00000063ac100000) (1024K)]
  0x00000185046c2400 JavaThread "Periodic tasks thread"      daemon [_thread_blocked, id=31068, stack(0x00000063ac300000,0x00000063ac400000) (1024K)]
  0x00000185188d6870 JavaThread "pool-1-thread-1"                   [_thread_blocked, id=25732, stack(0x00000063ac700000,0x00000063ac800000) (1024K)]
  0x0000018526fd73d0 JavaThread "BackgroundScheduler"        daemon [_thread_blocked, id=14144, stack(0x00000063ac800000,0x00000063ac900000) (1024K)]
  0x0000018526fdaee0 JavaThread "Netty Station Client 1-1"   daemon [_thread_in_native, id=31032, stack(0x00000063ac900000,0x00000063aca00000) (1024K)]
  0x0000018526fd2ba0 JavaThread "Netty Builtin Server 1"     daemon [_thread_in_native, id=31464, stack(0x00000063acb00000,0x00000063acc00000) (1024K)]
  0x0000018526fd3f50 JavaThread "Netty Station Server 1-1"   daemon [_thread_in_native, id=7336, stack(0x00000063acc00000,0x00000063acd00000) (1024K)]
  0x0000018526fe0430 JavaThread "fsnotifier.exe"                    [_thread_in_native, id=31136, stack(0x00000063ad200000,0x00000063ad300000) (1024K)]
  0x0000018526fdd640 JavaThread "BaseDataReader: error stream of fsnotifier.exe"        [_thread_in_native, id=10616, stack(0x00000063ad400000,0x00000063ad500000) (1024K)]
  0x0000018526fc8e00 JavaThread "DefaultDispatcher-worker-22" daemon [_thread_blocked, id=26416, stack(0x00000063ad900000,0x00000063ada00000) (1024K)]
  0x0000018526fcb560 JavaThread "DefaultDispatcher-worker-20" daemon [_thread_in_native, id=27428, stack(0x00000063adc00000,0x00000063add00000) (1024K)]
  0x0000018526fc9490 JavaThread "DefaultDispatcher-worker-24" daemon [_thread_in_native, id=27868, stack(0x00000063add00000,0x00000063ade00000) (1024K)]
  0x000001853eef10d0 JavaThread "Jndi-Dns-address-change-listener" daemon [_thread_in_native, id=12408, stack(0x00000063ae600000,0x00000063ae700000) (1024K)]
  0x000001853ef05f80 JavaThread "Netty Station Client 1-2"   daemon [_thread_in_native, id=23272, stack(0x00000063ab700000,0x00000063ab800000) (1024K)]
  0x00000184a5364e10 JavaThread "process reaper (pid 8524)"  daemon [_thread_in_native, id=30644, stack(0x00000063a7940000,0x00000063a7960000) (128K)]
  0x00000185365bef40 JavaThread "RenderDocClient::-717556780676005238/Sender" daemon [_thread_blocked, id=28800, stack(0x00000063ab800000,0x00000063ab900000) (1024K)]
  0x00000185365bf5d0 JavaThread "RenderDocClient::-717556780676005238" daemon [_thread_in_native, id=28884, stack(0x00000063ab900000,0x00000063aba00000) (1024K)]
  0x00000185365bfc60 JavaThread "RenderDocPanel"             daemon [_thread_blocked, id=8712, stack(0x00000063aba00000,0x00000063abb00000) (1024K)]
  0x00000185365c02f0 JavaThread "pool-4-thread-1"                   [_thread_blocked, id=27112, stack(0x00000063adf00000,0x00000063ae000000) (1024K)]
  0x000001853ef0a120 JavaThread "WorkspaceModelUpdater"      daemon [_thread_blocked, id=31584, stack(0x00000063ae700000,0x00000063ae800000) (1024K)]
  0x00000185539415e0 JavaThread "Windows Shell integration"  daemon [_thread_blocked, id=27920, stack(0x00000063ae800000,0x00000063ae900000) (1024K)]
  0x000001855394b9f0 JavaThread "HandlingStartupEventsContext" daemon [_thread_blocked, id=27360, stack(0x00000063aed00000,0x00000063aee00000) (1024K)]
  0x0000018553a54720 JavaThread "DefaultDispatcher-worker-27" daemon [_thread_in_native, id=25952, stack(0x00000063af300000,0x00000063af400000) (1024K)]
  0x0000018553a54db0 JavaThread "DefaultDispatcher-worker-28" daemon [_thread_blocked, id=31028, stack(0x00000063af400000,0x00000063af500000) (1024K)]
  0x00000184b73bc220 JavaThread "DefaultDispatcher-worker-16" daemon [_thread_in_native, id=20984, stack(0x00000063aff00000,0x00000063b0000000) (1024K)]
  0x00000184b68f09a0 JavaThread "DefaultDispatcher-worker-1" daemon [_thread_in_native, id=1792, stack(0x00000063b0300000,0x00000063b0400000) (1024K)]
  0x00000184b68f0310 JavaThread "DefaultDispatcher-worker-18" daemon [_thread_in_native, id=8256, stack(0x00000063b0400000,0x00000063b0500000) (1024K)]
  0x00000184b7725760 JavaThread "DefaultDispatcher-worker-19" daemon [_thread_blocked, id=24344, stack(0x00000063b0a00000,0x00000063b0b00000) (1024K)]
  0x00000184b77250d0 JavaThread "DefaultDispatcher-worker-11" daemon [_thread_in_native, id=30496, stack(0x00000063b0e00000,0x00000063b0f00000) (1024K)]
  0x00000184b7727770 JavaThread "DefaultDispatcher-worker-5" daemon [_thread_blocked, id=23740, stack(0x00000063b1100000,0x00000063b1200000) (1024K)]
  0x00000184b7728b20 JavaThread "DefaultDispatcher-worker-7" daemon [_thread_blocked, id=29700, stack(0x00000063b1700000,0x00000063b1800000) (1024K)]
  0x00000184b759a090 JavaThread "DefaultDispatcher-worker-6" daemon [_thread_in_native, id=27388, stack(0x00000063b1b00000,0x00000063b1c00000) (1024K)]
  0x00000184b7485230 JavaThread "DefaultDispatcher-worker-12" daemon [_thread_blocked, id=30764, stack(0x00000063b1c00000,0x00000063b1d00000) (1024K)]
  0x00000184b7487990 JavaThread "DefaultDispatcher-worker-23" daemon [_thread_blocked, id=15280, stack(0x00000063b1d00000,0x00000063b1e00000) (1024K)]
  0x00000184b7484ba0 JavaThread "DefaultDispatcher-worker-26" daemon [_thread_blocked, id=24464, stack(0x00000063b2100000,0x00000063b2200000) (1024K)]
  0x00000184b748b9a0 JavaThread "DefaultDispatcher-worker-2" daemon [_thread_blocked, id=28284, stack(0x00000063b2600000,0x00000063b2700000) (1024K)]
  0x00000184b7488bb0 JavaThread "DefaultDispatcher-worker-21" daemon [_thread_in_native, id=30036, stack(0x00000063b2700000,0x00000063b2800000) (1024K)]
  0x00000184b74898d0 JavaThread "DefaultDispatcher-worker-29" daemon [_thread_in_native, id=29192, stack(0x00000063b2900000,0x00000063b2a00000) (1024K)]
  0x00000184b748ac80 JavaThread "DefaultDispatcher-worker-17" daemon [_thread_blocked, id=7772, stack(0x00000063b2c00000,0x00000063b2d00000) (1024K)]
  0x00000184b77644a0 JavaThread "DefaultDispatcher-worker-25" daemon [_thread_blocked, id=7244, stack(0x00000063b2f00000,0x00000063b3000000) (1024K)]
  0x00000184b77651c0 JavaThread "DefaultDispatcher-worker-3" daemon [_thread_blocked, id=1116, stack(0x00000063b3300000,0x00000063b3400000) (1024K)]
  0x00000184b68fbf00 JavaThread "DefaultDispatcher-worker-8" daemon [_thread_blocked, id=25860, stack(0x00000063b3900000,0x00000063b3a00000) (1024K)]
  0x00000184ba7f8440 JavaThread "CefBgThread"                daemon [_thread_blocked, id=15412, stack(0x00000063b4100000,0x00000063b4200000) (1024K)]
  0x00000184b8e15760 JavaThread "IdIndex Writer #0"          daemon [_thread_blocked, id=13176, stack(0x00000063b4b00000,0x00000063b4c00000) (1024K)]
  0x00000184b95967c0 JavaThread "Trigram.Index Writer #1"    daemon [_thread_blocked, id=25448, stack(0x00000063b4c00000,0x00000063b4d00000) (1024K)]
  0x000001855c32b7b0 JavaThread "Aux Index Writer #1"        daemon [_thread_blocked, id=25708, stack(0x00000063b4d00000,0x00000063b4e00000) (1024K)]
  0x000001855c32c4d0 JavaThread "Stubs Writer #2"            daemon [_thread_blocked, id=26836, stack(0x00000063b4e00000,0x00000063b4f00000) (1024K)]
  0x00000184b5158c30 JavaThread "CefHandlers-listening"             [_thread_in_native, id=2104, stack(0x00000063b4f00000,0x00000063b5000000) (1024K)]
  0x00000184bb91f230 JavaThread "CefHandlers-execution-0"    daemon [_thread_in_native, id=29532, stack(0x00000063b5000000,0x00000063b5100000) (1024K)]
  0x00000184bacc5680 JavaThread "CefHandlers-execution-1"    daemon [_thread_in_native, id=2432, stack(0x00000063b5100000,0x00000063b5200000) (1024K)]
  0x00000184bacc6a30 JavaThread "CefHandlers-execution-2"    daemon [_thread_in_native, id=27116, stack(0x00000063b5200000,0x00000063b5300000) (1024K)]
  0x00000185623dab10 JavaThread "BaseDataReader: output stream of Program"        [_thread_in_native, id=25868, stack(0x00000063a7e00000,0x00000063a7f00000) (1024K)]
  0x000001855e4a7970 JavaThread "Program"                           [_thread_in_native, id=8412, stack(0x00000063ace00000,0x00000063acf00000) (1024K)]
  0x000001855c3296e0 JavaThread "ProtocolInstanceWatcher"           [_thread_blocked, id=30068, stack(0x00000063ae100000,0x00000063ae200000) (1024K)]
  0x00000184c1df2ca0 JavaThread "FileSystemWatchService"     daemon [_thread_in_native, id=29892, stack(0x00000063ae200000,0x00000063ae300000) (1024K)]
  0x0000018562c15800 JavaThread "JetBrains.DPA.Protocol.Backend_Server/Sender" daemon [_thread_blocked, id=25172, stack(0x00000063ae900000,0x00000063aea00000) (1024K)]
  0x0000018562c15e90 JavaThread "JetBrains.DPA.Protocol.Backend_Server" daemon [_thread_in_native, id=26492, stack(0x00000063aef00000,0x00000063af000000) (1024K)]
  0x0000018562c16520 JavaThread "JetBrains.DPA.Protocol.Backend_Render_Server/Sender" daemon [_thread_blocked, id=31740, stack(0x00000063af500000,0x00000063af600000) (1024K)]
  0x0000018562c16bb0 JavaThread "JetBrains.DPA.Protocol.Backend_Render_Server" daemon [_thread_in_native, id=29636, stack(0x00000063af600000,0x00000063af700000) (1024K)]
  0x000001855e8ec260 JavaThread "pool-5-thread-1"                   [_thread_blocked, id=3852, stack(0x00000063af800000,0x00000063af900000) (1024K)]
  0x00000184bc04d0a0 JavaThread "pool-6-thread-1"                   [_thread_blocked, id=11684, stack(0x00000063af900000,0x00000063afa00000) (1024K)]
  0x00000184ba72c000 JavaThread "rd throttler"               daemon [_thread_blocked, id=25360, stack(0x00000063aeb00000,0x00000063aec00000) (1024K)]
  0x00000184b51715f0 JavaThread "FrontendToBackend/Sender"   daemon [_thread_blocked, id=5596, stack(0x00000063ac400000,0x00000063ac500000) (1024K)]
  0x00000184b516ee90 JavaThread "FrontendToBackend"          daemon [_thread_in_native, id=27276, stack(0x00000063acf00000,0x00000063ad000000) (1024K)]
  0x000001856d950de0 JavaThread "BaseDataReader: error stream of Program"        [_thread_in_native, id=27904, stack(0x00000063aa100000,0x00000063aa200000) (1024K)]
  0x000001855d7ec430 JavaThread "process reaper (pid 27100)" daemon [_thread_in_native, id=8408, stack(0x00000063a7960000,0x00000063a7980000) (128K)]
  0x000001855d7ecac0 JavaThread "RenderDocClient::-2414266215283368807/Sender" daemon [_thread_blocked, id=24200, stack(0x00000063ad500000,0x00000063ad600000) (1024K)]
  0x000001855d7e9640 JavaThread "RenderDocClient::-2414266215283368807" daemon [_thread_in_native, id=23208, stack(0x00000063ad600000,0x00000063ad700000) (1024K)]
  0x000001855673d140 JavaThread "RenderDocPanel"             daemon [_thread_blocked, id=30616, stack(0x00000063ad800000,0x00000063ad900000) (1024K)]
  0x000001855673de60 JavaThread "pool-8-thread-1"                   [_thread_blocked, id=13168, stack(0x00000063adb00000,0x00000063adc00000) (1024K)]
  0x0000018562a036a0 JavaThread "pool-7-thread-1"                   [_thread_blocked, id=20104, stack(0x00000063afa00000,0x00000063afb00000) (1024K)]
  0x000001856d5b76a0 JavaThread "BackgroundScheduler"        daemon [_thread_blocked, id=25844, stack(0x00000063afb00000,0x00000063afc00000) (1024K)]
  0x00000184b51736c0 JavaThread "WorkspaceModelUpdater"      daemon [_thread_blocked, id=29436, stack(0x00000063afc00000,0x00000063afd00000) (1024K)]
  0x00000185623dd900 JavaThread "ProtocolInstanceWatcher"           [_thread_blocked, id=26716, stack(0x00000063af700000,0x00000063af800000) (1024K)]
  0x000001856f44df70 JavaThread "FileSystemWatchService"     daemon [_thread_in_native, id=28940, stack(0x00000063b3d00000,0x00000063b3e00000) (1024K)]
  0x000001856e530390 JavaThread "JetBrains.DPA.Protocol.Backend_Server/Sender" daemon [_thread_blocked, id=19036, stack(0x00000063b3e00000,0x00000063b3f00000) (1024K)]
  0x000001856e531dd0 JavaThread "JetBrains.DPA.Protocol.Backend_Render_Server/Sender" daemon [_thread_blocked, id=27496, stack(0x00000063b6400000,0x00000063b6500000) (1024K)]
  0x000001856e52f670 JavaThread "JetBrains.DPA.Protocol.Backend_Render_Server" daemon [_thread_in_native, id=31240, stack(0x00000063b6500000,0x00000063b6600000) (1024K)]
  0x00000184bbea0270 JavaThread "pool-9-thread-1"                   [_thread_blocked, id=28864, stack(0x00000063b6600000,0x00000063b6700000) (1024K)]
  0x000001856d592e90 JavaThread "pool-10-thread-1"                  [_thread_blocked, id=15568, stack(0x00000063b6700000,0x00000063b6800000) (1024K)]
  0x000001856d5b4f40 JavaThread "BaseDataReader: output stream of embeddings-server"        [_thread_in_native, id=19968, stack(0x00000063b5900000,0x00000063b5a00000) (1024K)]
  0x00000184b5173d50 JavaThread "embeddings-server"                 [_thread_in_native, id=2396, stack(0x00000063b6300000,0x00000063b6400000) (1024K)]
  0x00000184c2494120 JavaThread "BaseDataReader: error stream of embeddings-server"        [_thread_in_native, id=29952, stack(0x00000063b6e00000,0x00000063b6f00000) (1024K)]
  0x000001853c654ab0 JavaThread "grpc-nio-worker-ELG-1-1"    daemon [_thread_in_native, id=8728, stack(0x00000063b8000000,0x00000063b8100000) (1024K)]
  0x00000185623e0060 JavaThread "grpc-nio-worker-ELG-1-2"    daemon [_thread_in_native, id=26892, stack(0x00000063b8200000,0x00000063b8300000) (1024K)]
  0x000001855e0a7780 JavaThread "Reference Cleaner"          daemon [_thread_blocked, id=31188, stack(0x00000063b8400000,0x00000063b8500000) (1024K)]
  0x000001856569d460 JavaThread "grpc-nio-worker-ELG-1-3"    daemon [_thread_in_native, id=32492, stack(0x00000063acd00000,0x00000063ace00000) (1024K)]
  0x000001857e8a1800 JavaThread "ApplicationImpl pooled thread 45"        [_thread_blocked, id=13988, stack(0x00000063a9a00000,0x00000063a9b00000) (1024K)]
  0x000001857d8d1e50 JavaThread "grpc-nio-worker-ELG-1-4"    daemon [_thread_in_native, id=29980, stack(0x00000063a7d00000,0x00000063a7e00000) (1024K)]
  0x000001857e8a1e90 JavaThread "ApplicationImpl pooled thread 46"        [_thread_blocked, id=12488, stack(0x00000063a9e00000,0x00000063a9f00000) (1024K)]
  0x000001857d8cf6f0 JavaThread "ApplicationImpl pooled thread 47"        [_thread_blocked, id=12560, stack(0x00000063a9c00000,0x00000063a9d00000) (1024K)]
  0x000001853c77deb0 JavaThread "ApplicationImpl pooled thread 48"        [_thread_blocked, id=32908, stack(0x00000063a9f00000,0x00000063aa000000) (1024K)]
  0x0000018581b069b0 JavaThread "JobScheduler FJ pool 0/11"  daemon [_thread_blocked, id=3064, stack(0x00000063aa500000,0x00000063aa600000) (1024K)]
Total: 122

Other Threads:
  0x000001843ca2b770 VMThread "VM Thread"                           [id=11316, stack(0x00000063a8800000,0x00000063a8900000) (1024K)]
  0x000001843f5c1ad0 WatcherThread "VM Periodic Task Thread"        [id=26436, stack(0x00000063a8700000,0x00000063a8800000) (1024K)]
  0x00000184160d66c0 WorkerThread "GC Thread#0"                     [id=31320, stack(0x00000063a8200000,0x00000063a8300000) (1024K)]
  0x000001843f8773c0 WorkerThread "GC Thread#1"                     [id=2068, stack(0x00000063a9200000,0x00000063a9300000) (1024K)]
  0x000001843f877770 WorkerThread "GC Thread#2"                     [id=19560, stack(0x00000063a9300000,0x00000063a9400000) (1024K)]
  0x00000184b07d89a0 WorkerThread "GC Thread#3"                     [id=11888, stack(0x00000063a9500000,0x00000063a9600000) (1024K)]
  0x00000184b091be50 WorkerThread "GC Thread#4"                     [id=5300, stack(0x00000063a9600000,0x00000063a9700000) (1024K)]
  0x00000184b0920210 WorkerThread "GC Thread#5"                     [id=13404, stack(0x00000063a9700000,0x00000063a9800000) (1024K)]
  0x00000184b09205c0 WorkerThread "GC Thread#6"                     [id=30404, stack(0x00000063a9800000,0x00000063a9900000) (1024K)]
  0x00000184b0920d80 WorkerThread "GC Thread#7"                     [id=13932, stack(0x00000063a9900000,0x00000063a9a00000) (1024K)]
  0x00000184b15de9d0 WorkerThread "GC Thread#8"                     [id=31040, stack(0x00000063aaf00000,0x00000063ab000000) (1024K)]
  0x00000184b15dd760 WorkerThread "GC Thread#9"                     [id=31492, stack(0x00000063ab000000,0x00000063ab100000) (1024K)]
  0x00000184160db690 ConcurrentGCThread "G1 Main Marker"            [id=29408, stack(0x00000063a8300000,0x00000063a8400000) (1024K)]
  0x00000184160e37c0 WorkerThread "G1 Conc#0"                       [id=6216, stack(0x00000063a8400000,0x00000063a8500000) (1024K)]
  0x00000184b15ddb10 WorkerThread "G1 Conc#1"                       [id=14016, stack(0x00000063ab100000,0x00000063ab200000) (1024K)]
  0x00000184b15dc8a0 WorkerThread "G1 Conc#2"                       [id=27068, stack(0x00000063ab200000,0x00000063ab300000) (1024K)]
  0x000001843c95fe90 ConcurrentGCThread "G1 Refine#0"               [id=30408, stack(0x00000063a8500000,0x00000063a8600000) (1024K)]
  0x000001858482c2e0 ConcurrentGCThread "G1 Refine#1"               [id=26660, stack(0x00000063a7f00000,0x00000063a8000000) (1024K)]
  0x000001858482ad50 ConcurrentGCThread "G1 Refine#2"               [id=16832, stack(0x00000063a9b00000,0x00000063a9c00000) (1024K)]
  0x000001843c9622e0 ConcurrentGCThread "G1 Service"                [id=24288, stack(0x00000063a8600000,0x00000063a8700000) (1024K)]
Total: 20

Threads with active compile tasks:
Total: 0

VM state: not at safepoint (normal execution)

VM Mutex/Monitor currently owned by a thread: None

OutOfMemory and StackOverflow Exception counts:
OutOfMemoryError java_heap_errors=45
LinkageErrors=5824

Heap address: 0x00000000c0000000, size: 1024 MB, Compressed Oops mode: 32-bit

CDS archive(s) mapped at: [0x0000018440000000-0x0000018441c20000-0x0000018441c20000), size 29491200, SharedBaseAddress: 0x0000018440000000, ArchiveRelocationMode: 1.
Compressed class space mapped at: 0x0000018442000000-0x0000018482000000, reserved size: 1073741824
Narrow klass base: 0x0000018440000000, Narrow klass shift: 0, Narrow klass range: 0x100000000

GC Precious Log:
 CardTable entry size: 512
 Card Set container configuration: InlinePtr #cards 5 size 8 Array Of Cards #cards 12 size 40 Howl #buckets 4 coarsen threshold 1843 Howl Bitmap #cards 512 size 80 coarsen threshold 460 Card regions per heap region 1 cards per card region 2048
 CPUs: 12 total, 12 available
 Memory: 32557M
 Large Page Support: Disabled
 NUMA Support: Disabled
 Compressed Oops: Enabled (32-bit)
 Heap Region Size: 1M
 Heap Min Capacity: 128M
 Heap Initial Capacity: 128M
 Heap Max Capacity: 1G
 Pre-touch: Disabled
 Parallel Workers: 10
 Concurrent Workers: 3
 Concurrent Refinement Workers: 10
 Periodic GC: Disabled

Heap:
 garbage-first heap   total 1048576K, used 1024852K [0x00000000c0000000, 0x0000000100000000)
  region size 1024K, 3 young (3072K), 0 survivors (0K)
 Metaspace       used 506579K, committed 514176K, reserved 1507328K
  class space    used 63264K, committed 66688K, reserved 1048576K

Heap Regions: E=young(eden), S=young(survivor), O=old, HS=humongous(starts), HC=humongous(continues), CS=collection set, F=free, TAMS=top-at-mark-start, PB=parsable bottom
|   0|0x00000000c0000000, 0x00000000c00ffef8, 0x00000000c0100000| 99%| O|  |TAMS 0x00000000c0000000| PB 0x00000000c0000000| Untracked 
|   1|0x00000000c0100000, 0x00000000c0200000, 0x00000000c0200000|100%|HS|  |TAMS 0x00000000c0100000| PB 0x00000000c0100000| Untracked 
|   2|0x00000000c0200000, 0x00000000c0300000, 0x00000000c0300000|100%|HC|  |TAMS 0x00000000c0200000| PB 0x00000000c0200000| Untracked 
|   3|0x00000000c0300000, 0x00000000c0400000, 0x00000000c0400000|100%|HS|  |TAMS 0x00000000c0300000| PB 0x00000000c0300000| Untracked 
|   4|0x00000000c0400000, 0x00000000c0500000, 0x00000000c0500000|100%|HC|  |TAMS 0x00000000c0400000| PB 0x00000000c0400000| Untracked 
|   5|0x00000000c0500000, 0x00000000c05fd838, 0x00000000c0600000| 99%| O|  |TAMS 0x00000000c0500000| PB 0x00000000c0500000| Untracked 
|   6|0x00000000c0600000, 0x00000000c06f66a0, 0x00000000c0700000| 96%| O|  |TAMS 0x00000000c0600000| PB 0x00000000c0600000| Untracked 
|   7|0x00000000c0700000, 0x00000000c07ffff0, 0x00000000c0800000| 99%| O|  |TAMS 0x00000000c0700000| PB 0x00000000c0700000| Untracked 
|   8|0x00000000c0800000, 0x00000000c08ffff0, 0x00000000c0900000| 99%| O|  |TAMS 0x00000000c0800000| PB 0x00000000c0800000| Untracked 
|   9|0x00000000c0900000, 0x00000000c09fffe8, 0x00000000c0a00000| 99%| O|  |TAMS 0x00000000c0900000| PB 0x00000000c0900000| Untracked 
|  10|0x00000000c0a00000, 0x00000000c0b00000, 0x00000000c0b00000|100%|HS|  |TAMS 0x00000000c0a00000| PB 0x00000000c0a00000| Untracked 
|  11|0x00000000c0b00000, 0x00000000c0bfffd8, 0x00000000c0c00000| 99%| O|  |TAMS 0x00000000c0b00000| PB 0x00000000c0b00000| Untracked 
|  12|0x00000000c0c00000, 0x00000000c0cfffd0, 0x00000000c0d00000| 99%| O|  |TAMS 0x00000000c0c00000| PB 0x00000000c0c00000| Untracked 
|  13|0x00000000c0d00000, 0x00000000c0dfffe8, 0x00000000c0e00000| 99%| O|  |TAMS 0x00000000c0d00000| PB 0x00000000c0d00000| Untracked 
|  14|0x00000000c0e00000, 0x00000000c0efffe8, 0x00000000c0f00000| 99%| O|  |TAMS 0x00000000c0e00000| PB 0x00000000c0e00000| Untracked 
|  15|0x00000000c0f00000, 0x00000000c1000000, 0x00000000c1000000|100%| O|  |TAMS 0x00000000c0f00000| PB 0x00000000c0f00000| Untracked 
|  16|0x00000000c1000000, 0x00000000c10ffff0, 0x00000000c1100000| 99%| O|  |TAMS 0x00000000c1000000| PB 0x00000000c1000000| Untracked 
|  17|0x00000000c1100000, 0x00000000c1200000, 0x00000000c1200000|100%| O|  |TAMS 0x00000000c1100000| PB 0x00000000c1100000| Untracked 
|  18|0x00000000c1200000, 0x00000000c12ffff8, 0x00000000c1300000| 99%| O|  |TAMS 0x00000000c1200000| PB 0x00000000c1200000| Untracked 
|  19|0x00000000c1300000, 0x00000000c1400000, 0x00000000c1400000|100%| O|  |TAMS 0x00000000c1300000| PB 0x00000000c1300000| Untracked 
|  20|0x00000000c1400000, 0x00000000c14fffd0, 0x00000000c1500000| 99%| O|  |TAMS 0x00000000c1400000| PB 0x00000000c1400000| Untracked 
|  21|0x00000000c1500000, 0x00000000c15ffff0, 0x00000000c1600000| 99%| O|  |TAMS 0x00000000c1500000| PB 0x00000000c1500000| Untracked 
|  22|0x00000000c1600000, 0x00000000c1700000, 0x00000000c1700000|100%| O|  |TAMS 0x00000000c1600000| PB 0x00000000c1600000| Untracked 
|  23|0x00000000c1700000, 0x00000000c17f7958, 0x00000000c1800000| 96%| O|  |TAMS 0x00000000c1700000| PB 0x00000000c1700000| Untracked 
|  24|0x00000000c1800000, 0x00000000c1900000, 0x00000000c1900000|100%| O|  |TAMS 0x00000000c1800000| PB 0x00000000c1800000| Untracked 
|  25|0x00000000c1900000, 0x00000000c19ffff8, 0x00000000c1a00000| 99%| O|  |TAMS 0x00000000c1900000| PB 0x00000000c1900000| Untracked 
|  26|0x00000000c1a00000, 0x00000000c1afffe8, 0x00000000c1b00000| 99%| O|  |TAMS 0x00000000c1a00000| PB 0x00000000c1a00000| Untracked 
|  27|0x00000000c1b00000, 0x00000000c1bfffe0, 0x00000000c1c00000| 99%| O|  |TAMS 0x00000000c1b00000| PB 0x00000000c1b00000| Untracked 
|  28|0x00000000c1c00000, 0x00000000c1cfe670, 0x00000000c1d00000| 99%| O|  |TAMS 0x00000000c1c00000| PB 0x00000000c1c00000| Untracked 
|  29|0x00000000c1d00000, 0x00000000c1df39c0, 0x00000000c1e00000| 95%| O|  |TAMS 0x00000000c1d00000| PB 0x00000000c1d00000| Untracked 
|  30|0x00000000c1e00000, 0x00000000c1f00000, 0x00000000c1f00000|100%| O|  |TAMS 0x00000000c1e00000| PB 0x00000000c1e00000| Untracked 
|  31|0x00000000c1f00000, 0x00000000c1fffff0, 0x00000000c2000000| 99%| O|  |TAMS 0x00000000c1f00000| PB 0x00000000c1f00000| Untracked 
|  32|0x00000000c2000000, 0x00000000c20fdb40, 0x00000000c2100000| 99%| O|  |TAMS 0x00000000c2000000| PB 0x00000000c2000000| Untracked 
|  33|0x00000000c2100000, 0x00000000c21ffff8, 0x00000000c2200000| 99%| O|  |TAMS 0x00000000c2100000| PB 0x00000000c2100000| Untracked 
|  34|0x00000000c2200000, 0x00000000c22fffe0, 0x00000000c2300000| 99%| O|  |TAMS 0x00000000c2200000| PB 0x00000000c2200000| Untracked 
|  35|0x00000000c2300000, 0x00000000c2400000, 0x00000000c2400000|100%| O|  |TAMS 0x00000000c2300000| PB 0x00000000c2300000| Untracked 
|  36|0x00000000c2400000, 0x00000000c24f66f0, 0x00000000c2500000| 96%| O|  |TAMS 0x00000000c2400000| PB 0x00000000c2400000| Untracked 
|  37|0x00000000c2500000, 0x00000000c25ffff8, 0x00000000c2600000| 99%| O|  |TAMS 0x00000000c2500000| PB 0x00000000c2500000| Untracked 
|  38|0x00000000c2600000, 0x00000000c26ffe10, 0x00000000c2700000| 99%| O|  |TAMS 0x00000000c2600000| PB 0x00000000c2600000| Untracked 
|  39|0x00000000c2700000, 0x00000000c27fdef8, 0x00000000c2800000| 99%| O|  |TAMS 0x00000000c2700000| PB 0x00000000c2700000| Untracked 
|  40|0x00000000c2800000, 0x00000000c28ffc48, 0x00000000c2900000| 99%| O|  |TAMS 0x00000000c2800000| PB 0x00000000c2800000| Untracked 
|  41|0x00000000c2900000, 0x00000000c2a00000, 0x00000000c2a00000|100%|HS|  |TAMS 0x00000000c2900000| PB 0x00000000c2900000| Untracked 
|  42|0x00000000c2a00000, 0x00000000c2afef60, 0x00000000c2b00000| 99%| O|  |TAMS 0x00000000c2a00000| PB 0x00000000c2a00000| Untracked 
|  43|0x00000000c2b00000, 0x00000000c2c00000, 0x00000000c2c00000|100%|HS|  |TAMS 0x00000000c2b00000| PB 0x00000000c2b00000| Untracked 
|  44|0x00000000c2c00000, 0x00000000c2d00000, 0x00000000c2d00000|100%|HS|  |TAMS 0x00000000c2c00000| PB 0x00000000c2c00000| Untracked 
|  45|0x00000000c2d00000, 0x00000000c2e00000, 0x00000000c2e00000|100%| O|  |TAMS 0x00000000c2d00000| PB 0x00000000c2d00000| Untracked 
|  46|0x00000000c2e00000, 0x00000000c2efe328, 0x00000000c2f00000| 99%| O|  |TAMS 0x00000000c2e00000| PB 0x00000000c2e00000| Untracked 
|  47|0x00000000c2f00000, 0x00000000c2fffff8, 0x00000000c3000000| 99%| O|  |TAMS 0x00000000c2f00000| PB 0x00000000c2f00000| Untracked 
|  48|0x00000000c3000000, 0x00000000c30fe3a0, 0x00000000c3100000| 99%| O|  |TAMS 0x00000000c3000000| PB 0x00000000c3000000| Untracked 
|  49|0x00000000c3100000, 0x00000000c31ffff8, 0x00000000c3200000| 99%| O|  |TAMS 0x00000000c3100000| PB 0x00000000c3100000| Untracked 
|  50|0x00000000c3200000, 0x00000000c3300000, 0x00000000c3300000|100%| O|  |TAMS 0x00000000c3200000| PB 0x00000000c3200000| Untracked 
|  51|0x00000000c3300000, 0x00000000c33fff60, 0x00000000c3400000| 99%| O|  |TAMS 0x00000000c3300000| PB 0x00000000c3300000| Untracked 
|  52|0x00000000c3400000, 0x00000000c34fffd0, 0x00000000c3500000| 99%| O|  |TAMS 0x00000000c3400000| PB 0x00000000c3400000| Untracked 
|  53|0x00000000c3500000, 0x00000000c3600000, 0x00000000c3600000|100%| O|  |TAMS 0x00000000c3500000| PB 0x00000000c3500000| Untracked 
|  54|0x00000000c3600000, 0x00000000c36fff90, 0x00000000c3700000| 99%| O|  |TAMS 0x00000000c3600000| PB 0x00000000c3600000| Untracked 
|  55|0x00000000c3700000, 0x00000000c37fef80, 0x00000000c3800000| 99%| O|  |TAMS 0x00000000c3700000| PB 0x00000000c3700000| Untracked 
|  56|0x00000000c3800000, 0x00000000c38fffe0, 0x00000000c3900000| 99%| O|  |TAMS 0x00000000c3800000| PB 0x00000000c3800000| Untracked 
|  57|0x00000000c3900000, 0x00000000c39ffbb8, 0x00000000c3a00000| 99%| O|  |TAMS 0x00000000c3900000| PB 0x00000000c3900000| Untracked 
|  58|0x00000000c3a00000, 0x00000000c3b00000, 0x00000000c3b00000|100%| O|  |TAMS 0x00000000c3a00000| PB 0x00000000c3a00000| Untracked 
|  59|0x00000000c3b00000, 0x00000000c3bffff0, 0x00000000c3c00000| 99%| O|  |TAMS 0x00000000c3b00000| PB 0x00000000c3b00000| Untracked 
|  60|0x00000000c3c00000, 0x00000000c3d00000, 0x00000000c3d00000|100%|HS|  |TAMS 0x00000000c3c00000| PB 0x00000000c3c00000| Untracked 
|  61|0x00000000c3d00000, 0x00000000c3dffec8, 0x00000000c3e00000| 99%| O|  |TAMS 0x00000000c3d00000| PB 0x00000000c3d00000| Untracked 
|  62|0x00000000c3e00000, 0x00000000c3effff8, 0x00000000c3f00000| 99%| O|  |TAMS 0x00000000c3e00000| PB 0x00000000c3e00000| Untracked 
|  63|0x00000000c3f00000, 0x00000000c4000000, 0x00000000c4000000|100%| O|  |TAMS 0x00000000c3f00000| PB 0x00000000c3f00000| Untracked 
|  64|0x00000000c4000000, 0x00000000c40ffff8, 0x00000000c4100000| 99%| O|  |TAMS 0x00000000c4000000| PB 0x00000000c4000000| Untracked 
|  65|0x00000000c4100000, 0x00000000c41fffd8, 0x00000000c4200000| 99%| O|  |TAMS 0x00000000c4100000| PB 0x00000000c4100000| Untracked 
|  66|0x00000000c4200000, 0x00000000c42fffe0, 0x00000000c4300000| 99%| O|  |TAMS 0x00000000c4200000| PB 0x00000000c4200000| Untracked 
|  67|0x00000000c4300000, 0x00000000c43fd090, 0x00000000c4400000| 98%| O|  |TAMS 0x00000000c4300000| PB 0x00000000c4300000| Untracked 
|  68|0x00000000c4400000, 0x00000000c44fff78, 0x00000000c4500000| 99%| O|  |TAMS 0x00000000c4400000| PB 0x00000000c4400000| Untracked 
|  69|0x00000000c4500000, 0x00000000c45ffff8, 0x00000000c4600000| 99%| O|  |TAMS 0x00000000c4500000| PB 0x00000000c4500000| Untracked 
|  70|0x00000000c4600000, 0x00000000c46fffd8, 0x00000000c4700000| 99%| O|  |TAMS 0x00000000c4600000| PB 0x00000000c4600000| Untracked 
|  71|0x00000000c4700000, 0x00000000c47fff90, 0x00000000c4800000| 99%| O|  |TAMS 0x00000000c4700000| PB 0x00000000c4700000| Untracked 
|  72|0x00000000c4800000, 0x00000000c4900000, 0x00000000c4900000|100%| O|  |TAMS 0x00000000c4800000| PB 0x00000000c4800000| Untracked 
|  73|0x00000000c4900000, 0x00000000c49fffe8, 0x00000000c4a00000| 99%| O|  |TAMS 0x00000000c4900000| PB 0x00000000c4900000| Untracked 
|  74|0x00000000c4a00000, 0x00000000c4b00000, 0x00000000c4b00000|100%| O|  |TAMS 0x00000000c4a00000| PB 0x00000000c4a00000| Untracked 
|  75|0x00000000c4b00000, 0x00000000c4bffff0, 0x00000000c4c00000| 99%| O|  |TAMS 0x00000000c4b00000| PB 0x00000000c4b00000| Untracked 
|  76|0x00000000c4c00000, 0x00000000c4cfffa8, 0x00000000c4d00000| 99%| O|  |TAMS 0x00000000c4c00000| PB 0x00000000c4c00000| Untracked 
|  77|0x00000000c4d00000, 0x00000000c4dffff0, 0x00000000c4e00000| 99%| O|  |TAMS 0x00000000c4d00000| PB 0x00000000c4d00000| Untracked 
|  78|0x00000000c4e00000, 0x00000000c4efffc8, 0x00000000c4f00000| 99%| O|  |TAMS 0x00000000c4e00000| PB 0x00000000c4e00000| Untracked 
|  79|0x00000000c4f00000, 0x00000000c4fffff0, 0x00000000c5000000| 99%| O|  |TAMS 0x00000000c4f00000| PB 0x00000000c4f00000| Untracked 
|  80|0x00000000c5000000, 0x00000000c50fffe0, 0x00000000c5100000| 99%| O|  |TAMS 0x00000000c5000000| PB 0x00000000c5000000| Untracked 
|  81|0x00000000c5100000, 0x00000000c51fffe8, 0x00000000c5200000| 99%| O|  |TAMS 0x00000000c5100000| PB 0x00000000c5100000| Untracked 
|  82|0x00000000c5200000, 0x00000000c52ffff0, 0x00000000c5300000| 99%| O|  |TAMS 0x00000000c5200000| PB 0x00000000c5200000| Untracked 
|  83|0x00000000c5300000, 0x00000000c53ffff0, 0x00000000c5400000| 99%| O|  |TAMS 0x00000000c5300000| PB 0x00000000c5300000| Untracked 
|  84|0x00000000c5400000, 0x00000000c5500000, 0x00000000c5500000|100%| O|  |TAMS 0x00000000c5400000| PB 0x00000000c5400000| Untracked 
|  85|0x00000000c5500000, 0x00000000c55fffe0, 0x00000000c5600000| 99%| O|  |TAMS 0x00000000c5500000| PB 0x00000000c5500000| Untracked 
|  86|0x00000000c5600000, 0x00000000c56ffff8, 0x00000000c5700000| 99%| O|  |TAMS 0x00000000c5600000| PB 0x00000000c5600000| Untracked 
|  87|0x00000000c5700000, 0x00000000c5800000, 0x00000000c5800000|100%| O|  |TAMS 0x00000000c5700000| PB 0x00000000c5700000| Untracked 
|  88|0x00000000c5800000, 0x00000000c58ffff8, 0x00000000c5900000| 99%| O|  |TAMS 0x00000000c5800000| PB 0x00000000c5800000| Untracked 
|  89|0x00000000c5900000, 0x00000000c59fffb8, 0x00000000c5a00000| 99%| O|  |TAMS 0x00000000c5900000| PB 0x00000000c5900000| Untracked 
|  90|0x00000000c5a00000, 0x00000000c5af9480, 0x00000000c5b00000| 97%| O|  |TAMS 0x00000000c5a00000| PB 0x00000000c5a00000| Untracked 
|  91|0x00000000c5b00000, 0x00000000c5bfffe8, 0x00000000c5c00000| 99%| O|  |TAMS 0x00000000c5b00000| PB 0x00000000c5b00000| Untracked 
|  92|0x00000000c5c00000, 0x00000000c5cffff0, 0x00000000c5d00000| 99%| O|  |TAMS 0x00000000c5c00000| PB 0x00000000c5c00000| Untracked 
|  93|0x00000000c5d00000, 0x00000000c5dffff0, 0x00000000c5e00000| 99%| O|  |TAMS 0x00000000c5d00000| PB 0x00000000c5d00000| Untracked 
|  94|0x00000000c5e00000, 0x00000000c5effff0, 0x00000000c5f00000| 99%| O|  |TAMS 0x00000000c5e00000| PB 0x00000000c5e00000| Untracked 
|  95|0x00000000c5f00000, 0x00000000c5ffffe0, 0x00000000c6000000| 99%| O|  |TAMS 0x00000000c5f00000| PB 0x00000000c5f00000| Untracked 
|  96|0x00000000c6000000, 0x00000000c60fffc0, 0x00000000c6100000| 99%| O|  |TAMS 0x00000000c6000000| PB 0x00000000c6000000| Untracked 
|  97|0x00000000c6100000, 0x00000000c61fffe8, 0x00000000c6200000| 99%| O|  |TAMS 0x00000000c6100000| PB 0x00000000c6100000| Untracked 
|  98|0x00000000c6200000, 0x00000000c62fffc8, 0x00000000c6300000| 99%| O|  |TAMS 0x00000000c6200000| PB 0x00000000c6200000| Untracked 
|  99|0x00000000c6300000, 0x00000000c6400000, 0x00000000c6400000|100%| O|  |TAMS 0x00000000c6300000| PB 0x00000000c6300000| Untracked 
| 100|0x00000000c6400000, 0x00000000c64ffff8, 0x00000000c6500000| 99%| O|  |TAMS 0x00000000c6400000| PB 0x00000000c6400000| Untracked 
| 101|0x00000000c6500000, 0x00000000c65fffd0, 0x00000000c6600000| 99%| O|  |TAMS 0x00000000c6500000| PB 0x00000000c6500000| Untracked 
| 102|0x00000000c6600000, 0x00000000c66ffff0, 0x00000000c6700000| 99%| O|  |TAMS 0x00000000c6600000| PB 0x00000000c6600000| Untracked 
| 103|0x00000000c6700000, 0x00000000c67ffff0, 0x00000000c6800000| 99%| O|  |TAMS 0x00000000c6700000| PB 0x00000000c6700000| Untracked 
| 104|0x00000000c6800000, 0x00000000c68ffff8, 0x00000000c6900000| 99%| O|  |TAMS 0x00000000c6800000| PB 0x00000000c6800000| Untracked 
| 105|0x00000000c6900000, 0x00000000c69ffff0, 0x00000000c6a00000| 99%| O|  |TAMS 0x00000000c6900000| PB 0x00000000c6900000| Untracked 
| 106|0x00000000c6a00000, 0x00000000c6affff8, 0x00000000c6b00000| 99%| O|  |TAMS 0x00000000c6a00000| PB 0x00000000c6a00000| Untracked 
| 107|0x00000000c6b00000, 0x00000000c6bf8118, 0x00000000c6c00000| 96%| O|  |TAMS 0x00000000c6b00000| PB 0x00000000c6b00000| Untracked 
| 108|0x00000000c6c00000, 0x00000000c6cfffd8, 0x00000000c6d00000| 99%| O|  |TAMS 0x00000000c6c00000| PB 0x00000000c6c00000| Untracked 
| 109|0x00000000c6d00000, 0x00000000c6dffff0, 0x00000000c6e00000| 99%| O|  |TAMS 0x00000000c6d00000| PB 0x00000000c6d00000| Untracked 
| 110|0x00000000c6e00000, 0x00000000c6effff0, 0x00000000c6f00000| 99%| O|  |TAMS 0x00000000c6e00000| PB 0x00000000c6e00000| Untracked 
| 111|0x00000000c6f00000, 0x00000000c6ffffe0, 0x00000000c7000000| 99%| O|  |TAMS 0x00000000c6f00000| PB 0x00000000c6f00000| Untracked 
| 112|0x00000000c7000000, 0x00000000c70f8308, 0x00000000c7100000| 96%| O|  |TAMS 0x00000000c7000000| PB 0x00000000c7000000| Untracked 
| 113|0x00000000c7100000, 0x00000000c71fffe0, 0x00000000c7200000| 99%| O|  |TAMS 0x00000000c7100000| PB 0x00000000c7100000| Untracked 
| 114|0x00000000c7200000, 0x00000000c7300000, 0x00000000c7300000|100%| O|  |TAMS 0x00000000c7200000| PB 0x00000000c7200000| Untracked 
| 115|0x00000000c7300000, 0x00000000c73fffe8, 0x00000000c7400000| 99%| O|  |TAMS 0x00000000c7300000| PB 0x00000000c7300000| Untracked 
| 116|0x00000000c7400000, 0x00000000c74f8288, 0x00000000c7500000| 96%| O|  |TAMS 0x00000000c7400000| PB 0x00000000c7400000| Untracked 
| 117|0x00000000c7500000, 0x00000000c75f8320, 0x00000000c7600000| 96%| O|  |TAMS 0x00000000c7500000| PB 0x00000000c7500000| Untracked 
| 118|0x00000000c7600000, 0x00000000c76f9ae8, 0x00000000c7700000| 97%| O|  |TAMS 0x00000000c7600000| PB 0x00000000c7600000| Untracked 
| 119|0x00000000c7700000, 0x00000000c77fff98, 0x00000000c7800000| 99%| O|  |TAMS 0x00000000c7700000| PB 0x00000000c7700000| Untracked 
| 120|0x00000000c7800000, 0x00000000c78ffff0, 0x00000000c7900000| 99%| O|  |TAMS 0x00000000c7800000| PB 0x00000000c7800000| Untracked 
| 121|0x00000000c7900000, 0x00000000c7a00000, 0x00000000c7a00000|100%|HS|  |TAMS 0x00000000c7900000| PB 0x00000000c7900000| Untracked 
| 122|0x00000000c7a00000, 0x00000000c7b00000, 0x00000000c7b00000|100%|HC|  |TAMS 0x00000000c7a00000| PB 0x00000000c7a00000| Untracked 
| 123|0x00000000c7b00000, 0x00000000c7bff650, 0x00000000c7c00000| 99%| O|  |TAMS 0x00000000c7b00000| PB 0x00000000c7b00000| Untracked 
| 124|0x00000000c7c00000, 0x00000000c7cffff0, 0x00000000c7d00000| 99%| O|  |TAMS 0x00000000c7c00000| PB 0x00000000c7c00000| Untracked 
| 125|0x00000000c7d00000, 0x00000000c7dffff0, 0x00000000c7e00000| 99%| O|  |TAMS 0x00000000c7d00000| PB 0x00000000c7d00000| Untracked 
| 126|0x00000000c7e00000, 0x00000000c7effff8, 0x00000000c7f00000| 99%| O|  |TAMS 0x00000000c7e00000| PB 0x00000000c7e00000| Untracked 
| 127|0x00000000c7f00000, 0x00000000c7ffffd8, 0x00000000c8000000| 99%| O|  |TAMS 0x00000000c7f00000| PB 0x00000000c7f00000| Untracked 
| 128|0x00000000c8000000, 0x00000000c80fffd8, 0x00000000c8100000| 99%| O|  |TAMS 0x00000000c8000000| PB 0x00000000c8000000| Untracked 
| 129|0x00000000c8100000, 0x00000000c8200000, 0x00000000c8200000|100%| O|  |TAMS 0x00000000c8100000| PB 0x00000000c8100000| Untracked 
| 130|0x00000000c8200000, 0x00000000c82ffff0, 0x00000000c8300000| 99%| O|  |TAMS 0x00000000c8200000| PB 0x00000000c8200000| Untracked 
| 131|0x00000000c8300000, 0x00000000c83ffff8, 0x00000000c8400000| 99%| O|  |TAMS 0x00000000c8300000| PB 0x00000000c8300000| Untracked 
| 132|0x00000000c8400000, 0x00000000c84ffda8, 0x00000000c8500000| 99%| O|  |TAMS 0x00000000c8400000| PB 0x00000000c8400000| Untracked 
| 133|0x00000000c8500000, 0x00000000c85fffe0, 0x00000000c8600000| 99%| O|  |TAMS 0x00000000c8500000| PB 0x00000000c8500000| Untracked 
| 134|0x00000000c8600000, 0x00000000c86fffb8, 0x00000000c8700000| 99%| O|  |TAMS 0x00000000c8600000| PB 0x00000000c8600000| Untracked 
| 135|0x00000000c8700000, 0x00000000c87f68f8, 0x00000000c8800000| 96%| O|  |TAMS 0x00000000c8700000| PB 0x00000000c8700000| Untracked 
| 136|0x00000000c8800000, 0x00000000c88ffff0, 0x00000000c8900000| 99%| O|  |TAMS 0x00000000c8800000| PB 0x00000000c8800000| Untracked 
| 137|0x00000000c8900000, 0x00000000c89ffff8, 0x00000000c8a00000| 99%| O|  |TAMS 0x00000000c8900000| PB 0x00000000c8900000| Untracked 
| 138|0x00000000c8a00000, 0x00000000c8b00000, 0x00000000c8b00000|100%| O|  |TAMS 0x00000000c8a00000| PB 0x00000000c8a00000| Untracked 
| 139|0x00000000c8b00000, 0x00000000c8bfffe0, 0x00000000c8c00000| 99%| O|  |TAMS 0x00000000c8b00000| PB 0x00000000c8b00000| Untracked 
| 140|0x00000000c8c00000, 0x00000000c8cf9d30, 0x00000000c8d00000| 97%| O|  |TAMS 0x00000000c8c00000| PB 0x00000000c8c00000| Untracked 
| 141|0x00000000c8d00000, 0x00000000c8e00000, 0x00000000c8e00000|100%| O|  |TAMS 0x00000000c8d00000| PB 0x00000000c8d00000| Untracked 
| 142|0x00000000c8e00000, 0x00000000c8f00000, 0x00000000c8f00000|100%| O|  |TAMS 0x00000000c8e00000| PB 0x00000000c8e00000| Untracked 
| 143|0x00000000c8f00000, 0x00000000c8fffff8, 0x00000000c9000000| 99%| O|  |TAMS 0x00000000c8f00000| PB 0x00000000c8f00000| Untracked 
| 144|0x00000000c9000000, 0x00000000c90ffff0, 0x00000000c9100000| 99%| O|  |TAMS 0x00000000c9000000| PB 0x00000000c9000000| Untracked 
| 145|0x00000000c9100000, 0x00000000c91fffe0, 0x00000000c9200000| 99%| O|  |TAMS 0x00000000c9100000| PB 0x00000000c9100000| Untracked 
| 146|0x00000000c9200000, 0x00000000c9300000, 0x00000000c9300000|100%| O|  |TAMS 0x00000000c9200000| PB 0x00000000c9200000| Untracked 
| 147|0x00000000c9300000, 0x00000000c93ffff0, 0x00000000c9400000| 99%| O|  |TAMS 0x00000000c9300000| PB 0x00000000c9300000| Untracked 
| 148|0x00000000c9400000, 0x00000000c94fffd8, 0x00000000c9500000| 99%| O|  |TAMS 0x00000000c9400000| PB 0x00000000c9400000| Untracked 
| 149|0x00000000c9500000, 0x00000000c9600000, 0x00000000c9600000|100%| O|  |TAMS 0x00000000c9500000| PB 0x00000000c9500000| Untracked 
| 150|0x00000000c9600000, 0x00000000c96ffff0, 0x00000000c9700000| 99%| O|  |TAMS 0x00000000c9600000| PB 0x00000000c9600000| Untracked 
| 151|0x00000000c9700000, 0x00000000c97fff28, 0x00000000c9800000| 99%| O|  |TAMS 0x00000000c9700000| PB 0x00000000c9700000| Untracked 
| 152|0x00000000c9800000, 0x00000000c98fff90, 0x00000000c9900000| 99%| O|  |TAMS 0x00000000c9800000| PB 0x00000000c9800000| Untracked 
| 153|0x00000000c9900000, 0x00000000c99ffc20, 0x00000000c9a00000| 99%| O|  |TAMS 0x00000000c9900000| PB 0x00000000c9900000| Untracked 
| 154|0x00000000c9a00000, 0x00000000c9affff8, 0x00000000c9b00000| 99%| O|  |TAMS 0x00000000c9a00000| PB 0x00000000c9a00000| Untracked 
| 155|0x00000000c9b00000, 0x00000000c9c00000, 0x00000000c9c00000|100%|HS|  |TAMS 0x00000000c9b00000| PB 0x00000000c9b00000| Untracked 
| 156|0x00000000c9c00000, 0x00000000c9cffff0, 0x00000000c9d00000| 99%| O|  |TAMS 0x00000000c9c00000| PB 0x00000000c9c00000| Untracked 
| 157|0x00000000c9d00000, 0x00000000c9e00000, 0x00000000c9e00000|100%| O|  |TAMS 0x00000000c9d00000| PB 0x00000000c9d00000| Untracked 
| 158|0x00000000c9e00000, 0x00000000c9efffb8, 0x00000000c9f00000| 99%| O|  |TAMS 0x00000000c9e00000| PB 0x00000000c9e00000| Untracked 
| 159|0x00000000c9f00000, 0x00000000c9ff8cd0, 0x00000000ca000000| 97%| O|  |TAMS 0x00000000c9f00000| PB 0x00000000c9f00000| Untracked 
| 160|0x00000000ca000000, 0x00000000ca0fc800, 0x00000000ca100000| 98%| O|  |TAMS 0x00000000ca000000| PB 0x00000000ca000000| Untracked 
| 161|0x00000000ca100000, 0x00000000ca1f8f50, 0x00000000ca200000| 97%| O|  |TAMS 0x00000000ca100000| PB 0x00000000ca100000| Untracked 
| 162|0x00000000ca200000, 0x00000000ca2ffff8, 0x00000000ca300000| 99%| O|  |TAMS 0x00000000ca200000| PB 0x00000000ca200000| Untracked 
| 163|0x00000000ca300000, 0x00000000ca3ffff0, 0x00000000ca400000| 99%| O|  |TAMS 0x00000000ca300000| PB 0x00000000ca300000| Untracked 
| 164|0x00000000ca400000, 0x00000000ca4feca8, 0x00000000ca500000| 99%| O|  |TAMS 0x00000000ca400000| PB 0x00000000ca400000| Untracked 
| 165|0x00000000ca500000, 0x00000000ca5fbb58, 0x00000000ca600000| 98%| O|  |TAMS 0x00000000ca500000| PB 0x00000000ca500000| Untracked 
| 166|0x00000000ca600000, 0x00000000ca700000, 0x00000000ca700000|100%| O|  |TAMS 0x00000000ca600000| PB 0x00000000ca600000| Untracked 
| 167|0x00000000ca700000, 0x00000000ca800000, 0x00000000ca800000|100%| O|  |TAMS 0x00000000ca700000| PB 0x00000000ca700000| Untracked 
| 168|0x00000000ca800000, 0x00000000ca8ffff0, 0x00000000ca900000| 99%| O|  |TAMS 0x00000000ca800000| PB 0x00000000ca800000| Untracked 
| 169|0x00000000ca900000, 0x00000000ca9ffff8, 0x00000000caa00000| 99%| O|  |TAMS 0x00000000ca900000| PB 0x00000000ca900000| Untracked 
| 170|0x00000000caa00000, 0x00000000caaffc70, 0x00000000cab00000| 99%| O|  |TAMS 0x00000000caa00000| PB 0x00000000caa00000| Untracked 
| 171|0x00000000cab00000, 0x00000000cabfffe8, 0x00000000cac00000| 99%| O|  |TAMS 0x00000000cab00000| PB 0x00000000cab00000| Untracked 
| 172|0x00000000cac00000, 0x00000000cacf8760, 0x00000000cad00000| 97%| O|  |TAMS 0x00000000cac00000| PB 0x00000000cac00000| Untracked 
| 173|0x00000000cad00000, 0x00000000cadfffe8, 0x00000000cae00000| 99%| O|  |TAMS 0x00000000cad00000| PB 0x00000000cad00000| Untracked 
| 174|0x00000000cae00000, 0x00000000caefffe0, 0x00000000caf00000| 99%| O|  |TAMS 0x00000000cae00000| PB 0x00000000cae00000| Untracked 
| 175|0x00000000caf00000, 0x00000000cafffe50, 0x00000000cb000000| 99%| O|  |TAMS 0x00000000caf00000| PB 0x00000000caf00000| Untracked 
| 176|0x00000000cb000000, 0x00000000cb0fffa8, 0x00000000cb100000| 99%| O|  |TAMS 0x00000000cb000000| PB 0x00000000cb000000| Untracked 
| 177|0x00000000cb100000, 0x00000000cb1ffff8, 0x00000000cb200000| 99%| O|  |TAMS 0x00000000cb100000| PB 0x00000000cb100000| Untracked 
| 178|0x00000000cb200000, 0x00000000cb2fffe8, 0x00000000cb300000| 99%| O|  |TAMS 0x00000000cb200000| PB 0x00000000cb200000| Untracked 
| 179|0x00000000cb300000, 0x00000000cb3ffff0, 0x00000000cb400000| 99%| O|  |TAMS 0x00000000cb300000| PB 0x00000000cb300000| Untracked 
| 180|0x00000000cb400000, 0x00000000cb500000, 0x00000000cb500000|100%| O|  |TAMS 0x00000000cb400000| PB 0x00000000cb400000| Untracked 
| 181|0x00000000cb500000, 0x00000000cb5fff30, 0x00000000cb600000| 99%| O|  |TAMS 0x00000000cb500000| PB 0x00000000cb500000| Untracked 
| 182|0x00000000cb600000, 0x00000000cb6fffe8, 0x00000000cb700000| 99%| O|  |TAMS 0x00000000cb600000| PB 0x00000000cb600000| Untracked 
| 183|0x00000000cb700000, 0x00000000cb800000, 0x00000000cb800000|100%| O|  |TAMS 0x00000000cb700000| PB 0x00000000cb700000| Untracked 
| 184|0x00000000cb800000, 0x00000000cb8ffff8, 0x00000000cb900000| 99%| O|  |TAMS 0x00000000cb800000| PB 0x00000000cb800000| Untracked 
| 185|0x00000000cb900000, 0x00000000cb9fffc0, 0x00000000cba00000| 99%| O|  |TAMS 0x00000000cb900000| PB 0x00000000cb900000| Untracked 
| 186|0x00000000cba00000, 0x00000000cbb00000, 0x00000000cbb00000|100%| O|  |TAMS 0x00000000cba00000| PB 0x00000000cba00000| Untracked 
| 187|0x00000000cbb00000, 0x00000000cbbffdf0, 0x00000000cbc00000| 99%| O|  |TAMS 0x00000000cbb00000| PB 0x00000000cbb00000| Untracked 
| 188|0x00000000cbc00000, 0x00000000cbcfca30, 0x00000000cbd00000| 98%| O|  |TAMS 0x00000000cbc00000| PB 0x00000000cbc00000| Untracked 
| 189|0x00000000cbd00000, 0x00000000cbdffff8, 0x00000000cbe00000| 99%| O|  |TAMS 0x00000000cbd00000| PB 0x00000000cbd00000| Untracked 
| 190|0x00000000cbe00000, 0x00000000cbeffff8, 0x00000000cbf00000| 99%| O|  |TAMS 0x00000000cbe00000| PB 0x00000000cbe00000| Untracked 
| 191|0x00000000cbf00000, 0x00000000cc000000, 0x00000000cc000000|100%| O|  |TAMS 0x00000000cbf00000| PB 0x00000000cbf00000| Untracked 
| 192|0x00000000cc000000, 0x00000000cc0ffff8, 0x00000000cc100000| 99%| O|  |TAMS 0x00000000cc000000| PB 0x00000000cc000000| Untracked 
| 193|0x00000000cc100000, 0x00000000cc1fca70, 0x00000000cc200000| 98%| O|  |TAMS 0x00000000cc100000| PB 0x00000000cc100000| Untracked 
| 194|0x00000000cc200000, 0x00000000cc2ffff8, 0x00000000cc300000| 99%| O|  |TAMS 0x00000000cc200000| PB 0x00000000cc200000| Untracked 
| 195|0x00000000cc300000, 0x00000000cc3ff8d0, 0x00000000cc400000| 99%| O|  |TAMS 0x00000000cc300000| PB 0x00000000cc300000| Untracked 
| 196|0x00000000cc400000, 0x00000000cc4fffe8, 0x00000000cc500000| 99%| O|  |TAMS 0x00000000cc400000| PB 0x00000000cc400000| Untracked 
| 197|0x00000000cc500000, 0x00000000cc5f8c48, 0x00000000cc600000| 97%| O|  |TAMS 0x00000000cc500000| PB 0x00000000cc500000| Untracked 
| 198|0x00000000cc600000, 0x00000000cc6ffff8, 0x00000000cc700000| 99%| O|  |TAMS 0x00000000cc600000| PB 0x00000000cc600000| Untracked 
| 199|0x00000000cc700000, 0x00000000cc7ffff0, 0x00000000cc800000| 99%| O|  |TAMS 0x00000000cc700000| PB 0x00000000cc700000| Untracked 
| 200|0x00000000cc800000, 0x00000000cc8ffff8, 0x00000000cc900000| 99%| O|  |TAMS 0x00000000cc800000| PB 0x00000000cc800000| Untracked 
| 201|0x00000000cc900000, 0x00000000cc9fffe8, 0x00000000cca00000| 99%| O|  |TAMS 0x00000000cc900000| PB 0x00000000cc900000| Untracked 
| 202|0x00000000cca00000, 0x00000000ccaf5a58, 0x00000000ccb00000| 95%| O|  |TAMS 0x00000000cca00000| PB 0x00000000cca00000| Untracked 
| 203|0x00000000ccb00000, 0x00000000ccc00000, 0x00000000ccc00000|100%| O|  |TAMS 0x00000000ccb00000| PB 0x00000000ccb00000| Untracked 
| 204|0x00000000ccc00000, 0x00000000cccffff0, 0x00000000ccd00000| 99%| O|  |TAMS 0x00000000ccc00000| PB 0x00000000ccc00000| Untracked 
| 205|0x00000000ccd00000, 0x00000000ccdffff8, 0x00000000cce00000| 99%| O|  |TAMS 0x00000000ccd00000| PB 0x00000000ccd00000| Untracked 
| 206|0x00000000cce00000, 0x00000000cceff648, 0x00000000ccf00000| 99%| O|  |TAMS 0x00000000cce00000| PB 0x00000000cce00000| Untracked 
| 207|0x00000000ccf00000, 0x00000000ccffffb8, 0x00000000cd000000| 99%| O|  |TAMS 0x00000000ccf00000| PB 0x00000000ccf00000| Untracked 
| 208|0x00000000cd000000, 0x00000000cd100000, 0x00000000cd100000|100%|HS|  |TAMS 0x00000000cd000000| PB 0x00000000cd000000| Untracked 
| 209|0x00000000cd100000, 0x00000000cd1f4f98, 0x00000000cd200000| 95%| O|  |TAMS 0x00000000cd100000| PB 0x00000000cd100000| Untracked 
| 210|0x00000000cd200000, 0x00000000cd300000, 0x00000000cd300000|100%| O|  |TAMS 0x00000000cd200000| PB 0x00000000cd200000| Untracked 
| 211|0x00000000cd300000, 0x00000000cd400000, 0x00000000cd400000|100%|HS|  |TAMS 0x00000000cd300000| PB 0x00000000cd300000| Untracked 
| 212|0x00000000cd400000, 0x00000000cd500000, 0x00000000cd500000|100%|HC|  |TAMS 0x00000000cd400000| PB 0x00000000cd400000| Untracked 
| 213|0x00000000cd500000, 0x00000000cd5ffff8, 0x00000000cd600000| 99%| O|  |TAMS 0x00000000cd500000| PB 0x00000000cd500000| Untracked 
| 214|0x00000000cd600000, 0x00000000cd6ff650, 0x00000000cd700000| 99%| O|  |TAMS 0x00000000cd600000| PB 0x00000000cd600000| Untracked 
| 215|0x00000000cd700000, 0x00000000cd7fffe8, 0x00000000cd800000| 99%| O|  |TAMS 0x00000000cd700000| PB 0x00000000cd700000| Untracked 
| 216|0x00000000cd800000, 0x00000000cd8fffe0, 0x00000000cd900000| 99%| O|  |TAMS 0x00000000cd800000| PB 0x00000000cd800000| Untracked 
| 217|0x00000000cd900000, 0x00000000cda00000, 0x00000000cda00000|100%| O|  |TAMS 0x00000000cd900000| PB 0x00000000cd900000| Untracked 
| 218|0x00000000cda00000, 0x00000000cdaffff8, 0x00000000cdb00000| 99%| O|  |TAMS 0x00000000cda00000| PB 0x00000000cda00000| Untracked 
| 219|0x00000000cdb00000, 0x00000000cdbfffe8, 0x00000000cdc00000| 99%| O|  |TAMS 0x00000000cdb00000| PB 0x00000000cdb00000| Untracked 
| 220|0x00000000cdc00000, 0x00000000cdcffff0, 0x00000000cdd00000| 99%| O|  |TAMS 0x00000000cdc00000| PB 0x00000000cdc00000| Untracked 
| 221|0x00000000cdd00000, 0x00000000cddfc7a0, 0x00000000cde00000| 98%| O|  |TAMS 0x00000000cdd00000| PB 0x00000000cdd00000| Untracked 
| 222|0x00000000cde00000, 0x00000000cdeff448, 0x00000000cdf00000| 99%| O|  |TAMS 0x00000000cde00000| PB 0x00000000cde00000| Untracked 
| 223|0x00000000cdf00000, 0x00000000cdfffff0, 0x00000000ce000000| 99%| O|  |TAMS 0x00000000cdf00000| PB 0x00000000cdf00000| Untracked 
| 224|0x00000000ce000000, 0x00000000ce0ffff8, 0x00000000ce100000| 99%| O|  |TAMS 0x00000000ce000000| PB 0x00000000ce000000| Untracked 
| 225|0x00000000ce100000, 0x00000000ce1fffa8, 0x00000000ce200000| 99%| O|  |TAMS 0x00000000ce100000| PB 0x00000000ce100000| Untracked 
| 226|0x00000000ce200000, 0x00000000ce2fffb8, 0x00000000ce300000| 99%| O|  |TAMS 0x00000000ce200000| PB 0x00000000ce200000| Untracked 
| 227|0x00000000ce300000, 0x00000000ce3fffb8, 0x00000000ce400000| 99%| O|  |TAMS 0x00000000ce300000| PB 0x00000000ce300000| Untracked 
| 228|0x00000000ce400000, 0x00000000ce4ffff0, 0x00000000ce500000| 99%| O|  |TAMS 0x00000000ce400000| PB 0x00000000ce400000| Untracked 
| 229|0x00000000ce500000, 0x00000000ce5ffff0, 0x00000000ce600000| 99%| O|  |TAMS 0x00000000ce500000| PB 0x00000000ce500000| Untracked 
| 230|0x00000000ce600000, 0x00000000ce700000, 0x00000000ce700000|100%|HS|  |TAMS 0x00000000ce600000| PB 0x00000000ce600000| Untracked 
| 231|0x00000000ce700000, 0x00000000ce800000, 0x00000000ce800000|100%|HC|  |TAMS 0x00000000ce700000| PB 0x00000000ce700000| Untracked 
| 232|0x00000000ce800000, 0x00000000ce900000, 0x00000000ce900000|100%|HC|  |TAMS 0x00000000ce800000| PB 0x00000000ce800000| Untracked 
| 233|0x00000000ce900000, 0x00000000cea00000, 0x00000000cea00000|100%|HC|  |TAMS 0x00000000ce900000| PB 0x00000000ce900000| Untracked 
| 234|0x00000000cea00000, 0x00000000ceb00000, 0x00000000ceb00000|100%|HC|  |TAMS 0x00000000cea00000| PB 0x00000000cea00000| Untracked 
| 235|0x00000000ceb00000, 0x00000000cec00000, 0x00000000cec00000|100%|HC|  |TAMS 0x00000000ceb00000| PB 0x00000000ceb00000| Untracked 
| 236|0x00000000cec00000, 0x00000000ced00000, 0x00000000ced00000|100%| O|  |TAMS 0x00000000cec00000| PB 0x00000000cec00000| Untracked 
| 237|0x00000000ced00000, 0x00000000cedffff8, 0x00000000cee00000| 99%| O|  |TAMS 0x00000000ced00000| PB 0x00000000ced00000| Untracked 
| 238|0x00000000cee00000, 0x00000000cef00000, 0x00000000cef00000|100%| O|  |TAMS 0x00000000cee00000| PB 0x00000000cee00000| Untracked 
| 239|0x00000000cef00000, 0x00000000cf000000, 0x00000000cf000000|100%| O|  |TAMS 0x00000000cef00000| PB 0x00000000cef00000| Untracked 
| 240|0x00000000cf000000, 0x00000000cf0fff90, 0x00000000cf100000| 99%| O|  |TAMS 0x00000000cf000000| PB 0x00000000cf000000| Untracked 
| 241|0x00000000cf100000, 0x00000000cf1ffff0, 0x00000000cf200000| 99%| O|  |TAMS 0x00000000cf100000| PB 0x00000000cf100000| Untracked 
| 242|0x00000000cf200000, 0x00000000cf300000, 0x00000000cf300000|100%| O|  |TAMS 0x00000000cf200000| PB 0x00000000cf200000| Untracked 
| 243|0x00000000cf300000, 0x00000000cf3ffed0, 0x00000000cf400000| 99%| O|  |TAMS 0x00000000cf300000| PB 0x00000000cf300000| Untracked 
| 244|0x00000000cf400000, 0x00000000cf4fffe0, 0x00000000cf500000| 99%| O|  |TAMS 0x00000000cf400000| PB 0x00000000cf400000| Untracked 
| 245|0x00000000cf500000, 0x00000000cf5fe860, 0x00000000cf600000| 99%| O|  |TAMS 0x00000000cf500000| PB 0x00000000cf500000| Untracked 
| 246|0x00000000cf600000, 0x00000000cf700000, 0x00000000cf700000|100%| O|  |TAMS 0x00000000cf600000| PB 0x00000000cf600000| Untracked 
| 247|0x00000000cf700000, 0x00000000cf7fffa8, 0x00000000cf800000| 99%| O|  |TAMS 0x00000000cf700000| PB 0x00000000cf700000| Untracked 
| 248|0x00000000cf800000, 0x00000000cf900000, 0x00000000cf900000|100%| O|  |TAMS 0x00000000cf800000| PB 0x00000000cf800000| Untracked 
| 249|0x00000000cf900000, 0x00000000cf9ffff8, 0x00000000cfa00000| 99%| O|  |TAMS 0x00000000cf900000| PB 0x00000000cf900000| Untracked 
| 250|0x00000000cfa00000, 0x00000000cfafffd0, 0x00000000cfb00000| 99%| O|  |TAMS 0x00000000cfa00000| PB 0x00000000cfa00000| Untracked 
| 251|0x00000000cfb00000, 0x00000000cfbfffe0, 0x00000000cfc00000| 99%| O|  |TAMS 0x00000000cfb00000| PB 0x00000000cfb00000| Untracked 
| 252|0x00000000cfc00000, 0x00000000cfcfff00, 0x00000000cfd00000| 99%| O|  |TAMS 0x00000000cfc00000| PB 0x00000000cfc00000| Untracked 
| 253|0x00000000cfd00000, 0x00000000cfdffff8, 0x00000000cfe00000| 99%| O|  |TAMS 0x00000000cfd00000| PB 0x00000000cfd00000| Untracked 
| 254|0x00000000cfe00000, 0x00000000cfefffe0, 0x00000000cff00000| 99%| O|  |TAMS 0x00000000cfe00000| PB 0x00000000cfe00000| Untracked 
| 255|0x00000000cff00000, 0x00000000cffffff8, 0x00000000d0000000| 99%| O|  |TAMS 0x00000000cff00000| PB 0x00000000cff00000| Untracked 
| 256|0x00000000d0000000, 0x00000000d0100000, 0x00000000d0100000|100%| O|  |TAMS 0x00000000d0000000| PB 0x00000000d0000000| Untracked 
| 257|0x00000000d0100000, 0x00000000d0200000, 0x00000000d0200000|100%| O|  |TAMS 0x00000000d0100000| PB 0x00000000d0100000| Untracked 
| 258|0x00000000d0200000, 0x00000000d02ffff0, 0x00000000d0300000| 99%| O|  |TAMS 0x00000000d0200000| PB 0x00000000d0200000| Untracked 
| 259|0x00000000d0300000, 0x00000000d0400000, 0x00000000d0400000|100%| O|  |TAMS 0x00000000d0300000| PB 0x00000000d0300000| Untracked 
| 260|0x00000000d0400000, 0x00000000d04fffe0, 0x00000000d0500000| 99%| O|  |TAMS 0x00000000d0400000| PB 0x00000000d0400000| Untracked 
| 261|0x00000000d0500000, 0x00000000d05fffe8, 0x00000000d0600000| 99%| O|  |TAMS 0x00000000d0500000| PB 0x00000000d0500000| Untracked 
| 262|0x00000000d0600000, 0x00000000d06fffe0, 0x00000000d0700000| 99%| O|  |TAMS 0x00000000d0600000| PB 0x00000000d0600000| Untracked 
| 263|0x00000000d0700000, 0x00000000d07ffff8, 0x00000000d0800000| 99%| O|  |TAMS 0x00000000d0700000| PB 0x00000000d0700000| Untracked 
| 264|0x00000000d0800000, 0x00000000d08fffd8, 0x00000000d0900000| 99%| O|  |TAMS 0x00000000d0800000| PB 0x00000000d0800000| Untracked 
| 265|0x00000000d0900000, 0x00000000d09ffff0, 0x00000000d0a00000| 99%| O|  |TAMS 0x00000000d0900000| PB 0x00000000d0900000| Untracked 
| 266|0x00000000d0a00000, 0x00000000d0affff0, 0x00000000d0b00000| 99%| O|  |TAMS 0x00000000d0a00000| PB 0x00000000d0a00000| Untracked 
| 267|0x00000000d0b00000, 0x00000000d0bfffe0, 0x00000000d0c00000| 99%| O|  |TAMS 0x00000000d0b00000| PB 0x00000000d0b00000| Untracked 
| 268|0x00000000d0c00000, 0x00000000d0cffff8, 0x00000000d0d00000| 99%| O|  |TAMS 0x00000000d0c00000| PB 0x00000000d0c00000| Untracked 
| 269|0x00000000d0d00000, 0x00000000d0dffff8, 0x00000000d0e00000| 99%| O|  |TAMS 0x00000000d0d00000| PB 0x00000000d0d00000| Untracked 
| 270|0x00000000d0e00000, 0x00000000d0efffa8, 0x00000000d0f00000| 99%| O|  |TAMS 0x00000000d0e00000| PB 0x00000000d0e00000| Untracked 
| 271|0x00000000d0f00000, 0x00000000d0ffffd8, 0x00000000d1000000| 99%| O|  |TAMS 0x00000000d0f00000| PB 0x00000000d0f00000| Untracked 
| 272|0x00000000d1000000, 0x00000000d10ffff0, 0x00000000d1100000| 99%| O|  |TAMS 0x00000000d1000000| PB 0x00000000d1000000| Untracked 
| 273|0x00000000d1100000, 0x00000000d11ffff0, 0x00000000d1200000| 99%| O|  |TAMS 0x00000000d1100000| PB 0x00000000d1100000| Untracked 
| 274|0x00000000d1200000, 0x00000000d12ffd78, 0x00000000d1300000| 99%| O|  |TAMS 0x00000000d1200000| PB 0x00000000d1200000| Untracked 
| 275|0x00000000d1300000, 0x00000000d13fff98, 0x00000000d1400000| 99%| O|  |TAMS 0x00000000d1300000| PB 0x00000000d1300000| Untracked 
| 276|0x00000000d1400000, 0x00000000d1500000, 0x00000000d1500000|100%| O|  |TAMS 0x00000000d1400000| PB 0x00000000d1400000| Untracked 
| 277|0x00000000d1500000, 0x00000000d15fbff0, 0x00000000d1600000| 98%| O|  |TAMS 0x00000000d1500000| PB 0x00000000d1500000| Untracked 
| 278|0x00000000d1600000, 0x00000000d16fffe8, 0x00000000d1700000| 99%| O|  |TAMS 0x00000000d1600000| PB 0x00000000d1600000| Untracked 
| 279|0x00000000d1700000, 0x00000000d1800000, 0x00000000d1800000|100%|HS|  |TAMS 0x00000000d1700000| PB 0x00000000d1700000| Untracked 
| 280|0x00000000d1800000, 0x00000000d1900000, 0x00000000d1900000|100%|HC|  |TAMS 0x00000000d1800000| PB 0x00000000d1800000| Untracked 
| 281|0x00000000d1900000, 0x00000000d1a00000, 0x00000000d1a00000|100%|HC|  |TAMS 0x00000000d1900000| PB 0x00000000d1900000| Untracked 
| 282|0x00000000d1a00000, 0x00000000d1b00000, 0x00000000d1b00000|100%| O|  |TAMS 0x00000000d1a00000| PB 0x00000000d1a00000| Untracked 
| 283|0x00000000d1b00000, 0x00000000d1bfffe8, 0x00000000d1c00000| 99%| O|  |TAMS 0x00000000d1b00000| PB 0x00000000d1b00000| Untracked 
| 284|0x00000000d1c00000, 0x00000000d1cfffd0, 0x00000000d1d00000| 99%| O|  |TAMS 0x00000000d1c00000| PB 0x00000000d1c00000| Untracked 
| 285|0x00000000d1d00000, 0x00000000d1e00000, 0x00000000d1e00000|100%| O|  |TAMS 0x00000000d1d00000| PB 0x00000000d1d00000| Untracked 
| 286|0x00000000d1e00000, 0x00000000d1efffc0, 0x00000000d1f00000| 99%| O|  |TAMS 0x00000000d1e00000| PB 0x00000000d1e00000| Untracked 
| 287|0x00000000d1f00000, 0x00000000d1ffffe8, 0x00000000d2000000| 99%| O|  |TAMS 0x00000000d1f00000| PB 0x00000000d1f00000| Untracked 
| 288|0x00000000d2000000, 0x00000000d20fffc0, 0x00000000d2100000| 99%| O|  |TAMS 0x00000000d2000000| PB 0x00000000d2000000| Untracked 
| 289|0x00000000d2100000, 0x00000000d2200000, 0x00000000d2200000|100%|HS|  |TAMS 0x00000000d2100000| PB 0x00000000d2100000| Untracked 
| 290|0x00000000d2200000, 0x00000000d2300000, 0x00000000d2300000|100%|HS|  |TAMS 0x00000000d2200000| PB 0x00000000d2200000| Untracked 
| 291|0x00000000d2300000, 0x00000000d23fffe8, 0x00000000d2400000| 99%| O|  |TAMS 0x00000000d2300000| PB 0x00000000d2300000| Untracked 
| 292|0x00000000d2400000, 0x00000000d24fffa0, 0x00000000d2500000| 99%| O|  |TAMS 0x00000000d2400000| PB 0x00000000d2400000| Untracked 
| 293|0x00000000d2500000, 0x00000000d2600000, 0x00000000d2600000|100%|HS|  |TAMS 0x00000000d2500000| PB 0x00000000d2500000| Untracked 
| 294|0x00000000d2600000, 0x00000000d2700000, 0x00000000d2700000|100%|HC|  |TAMS 0x00000000d2600000| PB 0x00000000d2600000| Untracked 
| 295|0x00000000d2700000, 0x00000000d2800000, 0x00000000d2800000|100%|HC|  |TAMS 0x00000000d2700000| PB 0x00000000d2700000| Untracked 
| 296|0x00000000d2800000, 0x00000000d28fffc8, 0x00000000d2900000| 99%| O|  |TAMS 0x00000000d2800000| PB 0x00000000d2800000| Untracked 
| 297|0x00000000d2900000, 0x00000000d2a00000, 0x00000000d2a00000|100%| O|  |TAMS 0x00000000d2900000| PB 0x00000000d2900000| Untracked 
| 298|0x00000000d2a00000, 0x00000000d2afffe8, 0x00000000d2b00000| 99%| O|  |TAMS 0x00000000d2a00000| PB 0x00000000d2a00000| Untracked 
| 299|0x00000000d2b00000, 0x00000000d2bfdaf8, 0x00000000d2c00000| 99%| O|  |TAMS 0x00000000d2b00000| PB 0x00000000d2b00000| Untracked 
| 300|0x00000000d2c00000, 0x00000000d2cff8a8, 0x00000000d2d00000| 99%| O|  |TAMS 0x00000000d2c00000| PB 0x00000000d2c00000| Untracked 
| 301|0x00000000d2d00000, 0x00000000d2dffff0, 0x00000000d2e00000| 99%| O|  |TAMS 0x00000000d2d00000| PB 0x00000000d2d00000| Untracked 
| 302|0x00000000d2e00000, 0x00000000d2effff0, 0x00000000d2f00000| 99%| O|  |TAMS 0x00000000d2e00000| PB 0x00000000d2e00000| Untracked 
| 303|0x00000000d2f00000, 0x00000000d2fffa08, 0x00000000d3000000| 99%| O|  |TAMS 0x00000000d2f00000| PB 0x00000000d2f00000| Untracked 
| 304|0x00000000d3000000, 0x00000000d30fffd8, 0x00000000d3100000| 99%| O|  |TAMS 0x00000000d3000000| PB 0x00000000d3000000| Untracked 
| 305|0x00000000d3100000, 0x00000000d31fff70, 0x00000000d3200000| 99%| O|  |TAMS 0x00000000d3100000| PB 0x00000000d3100000| Untracked 
| 306|0x00000000d3200000, 0x00000000d3300000, 0x00000000d3300000|100%| O|  |TAMS 0x00000000d3200000| PB 0x00000000d3200000| Untracked 
| 307|0x00000000d3300000, 0x00000000d33facb8, 0x00000000d3400000| 97%| O|  |TAMS 0x00000000d3300000| PB 0x00000000d3300000| Untracked 
| 308|0x00000000d3400000, 0x00000000d34e2b88, 0x00000000d3500000| 88%| O|  |TAMS 0x00000000d3400000| PB 0x00000000d3400000| Untracked 
| 309|0x00000000d3500000, 0x00000000d35de810, 0x00000000d3600000| 86%| O|  |TAMS 0x00000000d3500000| PB 0x00000000d3500000| Untracked 
| 310|0x00000000d3600000, 0x00000000d36f19b8, 0x00000000d3700000| 94%| O|  |TAMS 0x00000000d3600000| PB 0x00000000d3600000| Untracked 
| 311|0x00000000d3700000, 0x00000000d37c80c0, 0x00000000d3800000| 78%| O|  |TAMS 0x00000000d3700000| PB 0x00000000d3700000| Untracked 
| 312|0x00000000d3800000, 0x00000000d3887d78, 0x00000000d3900000| 53%| O|  |TAMS 0x00000000d3800000| PB 0x00000000d3800000| Untracked 
| 313|0x00000000d3900000, 0x00000000d39f2c70, 0x00000000d3a00000| 94%| O|  |TAMS 0x00000000d3900000| PB 0x00000000d3900000| Untracked 
| 314|0x00000000d3a00000, 0x00000000d3ab8840, 0x00000000d3b00000| 72%| O|  |TAMS 0x00000000d3a00000| PB 0x00000000d3a00000| Untracked 
| 315|0x00000000d3b00000, 0x00000000d3bfff80, 0x00000000d3c00000| 99%| O|  |TAMS 0x00000000d3b00000| PB 0x00000000d3b00000| Untracked 
| 316|0x00000000d3c00000, 0x00000000d3cdea58, 0x00000000d3d00000| 86%| O|  |TAMS 0x00000000d3c00000| PB 0x00000000d3c00000| Untracked 
| 317|0x00000000d3d00000, 0x00000000d3dfffd8, 0x00000000d3e00000| 99%| O|  |TAMS 0x00000000d3d00000| PB 0x00000000d3d00000| Untracked 
| 318|0x00000000d3e00000, 0x00000000d3effff8, 0x00000000d3f00000| 99%| O|  |TAMS 0x00000000d3e00000| PB 0x00000000d3e00000| Untracked 
| 319|0x00000000d3f00000, 0x00000000d3ffffb8, 0x00000000d4000000| 99%| O|  |TAMS 0x00000000d3f00000| PB 0x00000000d3f00000| Untracked 
| 320|0x00000000d4000000, 0x00000000d40ffff0, 0x00000000d4100000| 99%| O|  |TAMS 0x00000000d4000000| PB 0x00000000d4000000| Untracked 
| 321|0x00000000d4100000, 0x00000000d41ffff0, 0x00000000d4200000| 99%| O|  |TAMS 0x00000000d4100000| PB 0x00000000d4100000| Untracked 
| 322|0x00000000d4200000, 0x00000000d4300000, 0x00000000d4300000|100%| O|  |TAMS 0x00000000d4200000| PB 0x00000000d4200000| Untracked 
| 323|0x00000000d4300000, 0x00000000d43fffe0, 0x00000000d4400000| 99%| O|  |TAMS 0x00000000d4300000| PB 0x00000000d4300000| Untracked 
| 324|0x00000000d4400000, 0x00000000d44fffd0, 0x00000000d4500000| 99%| O|  |TAMS 0x00000000d4400000| PB 0x00000000d4400000| Untracked 
| 325|0x00000000d4500000, 0x00000000d45ff720, 0x00000000d4600000| 99%| O|  |TAMS 0x00000000d4500000| PB 0x00000000d4500000| Untracked 
| 326|0x00000000d4600000, 0x00000000d4700000, 0x00000000d4700000|100%| O|  |TAMS 0x00000000d4600000| PB 0x00000000d4600000| Untracked 
| 327|0x00000000d4700000, 0x00000000d47ffc88, 0x00000000d4800000| 99%| O|  |TAMS 0x00000000d4700000| PB 0x00000000d4700000| Untracked 
| 328|0x00000000d4800000, 0x00000000d48ffff0, 0x00000000d4900000| 99%| O|  |TAMS 0x00000000d4800000| PB 0x00000000d4800000| Untracked 
| 329|0x00000000d4900000, 0x00000000d49fc6c0, 0x00000000d4a00000| 98%| O|  |TAMS 0x00000000d4900000| PB 0x00000000d4900000| Untracked 
| 330|0x00000000d4a00000, 0x00000000d4affff0, 0x00000000d4b00000| 99%| O|  |TAMS 0x00000000d4a00000| PB 0x00000000d4a00000| Untracked 
| 331|0x00000000d4b00000, 0x00000000d4bfd4c8, 0x00000000d4c00000| 98%| O|  |TAMS 0x00000000d4b00000| PB 0x00000000d4b00000| Untracked 
| 332|0x00000000d4c00000, 0x00000000d4cffff0, 0x00000000d4d00000| 99%| O|  |TAMS 0x00000000d4c00000| PB 0x00000000d4c00000| Untracked 
| 333|0x00000000d4d00000, 0x00000000d4df8e50, 0x00000000d4e00000| 97%| O|  |TAMS 0x00000000d4d00000| PB 0x00000000d4d00000| Untracked 
| 334|0x00000000d4e00000, 0x00000000d4e8dd70, 0x00000000d4f00000| 55%| O|  |TAMS 0x00000000d4e00000| PB 0x00000000d4e00000| Untracked 
| 335|0x00000000d4f00000, 0x00000000d4ffbde8, 0x00000000d5000000| 98%| O|  |TAMS 0x00000000d4f00000| PB 0x00000000d4f00000| Untracked 
| 336|0x00000000d5000000, 0x00000000d5100000, 0x00000000d5100000|100%|HS|  |TAMS 0x00000000d5000000| PB 0x00000000d5000000| Complete 
| 337|0x00000000d5100000, 0x00000000d5200000, 0x00000000d5200000|100%|HC|  |TAMS 0x00000000d5100000| PB 0x00000000d5100000| Complete 
| 338|0x00000000d5200000, 0x00000000d5300000, 0x00000000d5300000|100%|HC|  |TAMS 0x00000000d5200000| PB 0x00000000d5200000| Complete 
| 339|0x00000000d5300000, 0x00000000d5400000, 0x00000000d5400000|100%|HC|  |TAMS 0x00000000d5300000| PB 0x00000000d5300000| Complete 
| 340|0x00000000d5400000, 0x00000000d5500000, 0x00000000d5500000|100%|HC|  |TAMS 0x00000000d5400000| PB 0x00000000d5400000| Complete 
| 341|0x00000000d5500000, 0x00000000d5600000, 0x00000000d5600000|100%|HC|  |TAMS 0x00000000d5500000| PB 0x00000000d5500000| Complete 
| 342|0x00000000d5600000, 0x00000000d5700000, 0x00000000d5700000|100%|HC|  |TAMS 0x00000000d5600000| PB 0x00000000d5600000| Complete 
| 343|0x00000000d5700000, 0x00000000d5800000, 0x00000000d5800000|100%|HC|  |TAMS 0x00000000d5700000| PB 0x00000000d5700000| Complete 
| 344|0x00000000d5800000, 0x00000000d58fe0d8, 0x00000000d5900000| 99%| O|  |TAMS 0x00000000d5800000| PB 0x00000000d5800000| Untracked 
| 345|0x00000000d5900000, 0x00000000d59fbca8, 0x00000000d5a00000| 98%| O|  |TAMS 0x00000000d5900000| PB 0x00000000d5900000| Untracked 
| 346|0x00000000d5a00000, 0x00000000d5afb3a8, 0x00000000d5b00000| 98%| O|  |TAMS 0x00000000d5a00000| PB 0x00000000d5a00000| Untracked 
| 347|0x00000000d5b00000, 0x00000000d5bf7f58, 0x00000000d5c00000| 96%| O|  |TAMS 0x00000000d5b00000| PB 0x00000000d5b00000| Untracked 
| 348|0x00000000d5c00000, 0x00000000d5d00000, 0x00000000d5d00000|100%| O|  |TAMS 0x00000000d5c00000| PB 0x00000000d5c00000| Untracked 
| 349|0x00000000d5d00000, 0x00000000d5e00000, 0x00000000d5e00000|100%| O|  |TAMS 0x00000000d5d00000| PB 0x00000000d5d00000| Untracked 
| 350|0x00000000d5e00000, 0x00000000d5e00000, 0x00000000d5f00000|  0%| F|  |TAMS 0x00000000d5e00000| PB 0x00000000d5e00000| Untracked 
| 351|0x00000000d5f00000, 0x00000000d5ff3d70, 0x00000000d6000000| 95%| O|  |TAMS 0x00000000d5f00000| PB 0x00000000d5f00000| Untracked 
| 352|0x00000000d6000000, 0x00000000d6000000, 0x00000000d6100000|  0%| F|  |TAMS 0x00000000d6000000| PB 0x00000000d6000000| Untracked 
| 353|0x00000000d6100000, 0x00000000d61ffff8, 0x00000000d6200000| 99%| O|  |TAMS 0x00000000d6100000| PB 0x00000000d6100000| Untracked 
| 354|0x00000000d6200000, 0x00000000d62fba80, 0x00000000d6300000| 98%| O|  |TAMS 0x00000000d6200000| PB 0x00000000d6200000| Untracked 
| 355|0x00000000d6300000, 0x00000000d63ff750, 0x00000000d6400000| 99%| O|  |TAMS 0x00000000d6300000| PB 0x00000000d6300000| Untracked 
| 356|0x00000000d6400000, 0x00000000d64ffc48, 0x00000000d6500000| 99%| O|  |TAMS 0x00000000d6400000| PB 0x00000000d6400000| Untracked 
| 357|0x00000000d6500000, 0x00000000d65fbe80, 0x00000000d6600000| 98%| O|  |TAMS 0x00000000d6500000| PB 0x00000000d6500000| Untracked 
| 358|0x00000000d6600000, 0x00000000d66f96e0, 0x00000000d6700000| 97%| O|  |TAMS 0x00000000d6600000| PB 0x00000000d6600000| Untracked 
| 359|0x00000000d6700000, 0x00000000d6800000, 0x00000000d6800000|100%| O|  |TAMS 0x00000000d6700000| PB 0x00000000d6700000| Untracked 
| 360|0x00000000d6800000, 0x00000000d68fc440, 0x00000000d6900000| 98%| O|  |TAMS 0x00000000d6800000| PB 0x00000000d6800000| Untracked 
| 361|0x00000000d6900000, 0x00000000d69f6398, 0x00000000d6a00000| 96%| O|  |TAMS 0x00000000d6900000| PB 0x00000000d6900000| Untracked 
| 362|0x00000000d6a00000, 0x00000000d6afecc0, 0x00000000d6b00000| 99%| O|  |TAMS 0x00000000d6a00000| PB 0x00000000d6a00000| Untracked 
| 363|0x00000000d6b00000, 0x00000000d6bfd6a0, 0x00000000d6c00000| 98%| O|  |TAMS 0x00000000d6b00000| PB 0x00000000d6b00000| Untracked 
| 364|0x00000000d6c00000, 0x00000000d6d00000, 0x00000000d6d00000|100%|HS|  |TAMS 0x00000000d6c00000| PB 0x00000000d6c00000| Untracked 
| 365|0x00000000d6d00000, 0x00000000d6e00000, 0x00000000d6e00000|100%|HC|  |TAMS 0x00000000d6d00000| PB 0x00000000d6d00000| Untracked 
| 366|0x00000000d6e00000, 0x00000000d6ef3840, 0x00000000d6f00000| 95%| O|  |TAMS 0x00000000d6e00000| PB 0x00000000d6e00000| Untracked 
| 367|0x00000000d6f00000, 0x00000000d6fffe00, 0x00000000d7000000| 99%| O|  |TAMS 0x00000000d6f00000| PB 0x00000000d6f00000| Untracked 
| 368|0x00000000d7000000, 0x00000000d70fffd8, 0x00000000d7100000| 99%| O|  |TAMS 0x00000000d7000000| PB 0x00000000d7000000| Untracked 
| 369|0x00000000d7100000, 0x00000000d71fe110, 0x00000000d7200000| 99%| O|  |TAMS 0x00000000d7100000| PB 0x00000000d7100000| Untracked 
| 370|0x00000000d7200000, 0x00000000d72fb3a0, 0x00000000d7300000| 98%| O|  |TAMS 0x00000000d7200000| PB 0x00000000d7200000| Untracked 
| 371|0x00000000d7300000, 0x00000000d73ff9f8, 0x00000000d7400000| 99%| O|  |TAMS 0x00000000d7300000| PB 0x00000000d7300000| Untracked 
| 372|0x00000000d7400000, 0x00000000d74fa848, 0x00000000d7500000| 97%| O|  |TAMS 0x00000000d7400000| PB 0x00000000d7400000| Untracked 
| 373|0x00000000d7500000, 0x00000000d75ff910, 0x00000000d7600000| 99%| O|  |TAMS 0x00000000d7500000| PB 0x00000000d7500000| Untracked 
| 374|0x00000000d7600000, 0x00000000d76f8fc0, 0x00000000d7700000| 97%| O|  |TAMS 0x00000000d7600000| PB 0x00000000d7600000| Untracked 
| 375|0x00000000d7700000, 0x00000000d77f62c8, 0x00000000d7800000| 96%| O|  |TAMS 0x00000000d7700000| PB 0x00000000d7700000| Untracked 
| 376|0x00000000d7800000, 0x00000000d78f4a50, 0x00000000d7900000| 95%| O|  |TAMS 0x00000000d7800000| PB 0x00000000d7800000| Untracked 
| 377|0x00000000d7900000, 0x00000000d79ffff8, 0x00000000d7a00000| 99%| O|  |TAMS 0x00000000d7900000| PB 0x00000000d7900000| Untracked 
| 378|0x00000000d7a00000, 0x00000000d7af86a0, 0x00000000d7b00000| 97%| O|  |TAMS 0x00000000d7a00000| PB 0x00000000d7a00000| Untracked 
| 379|0x00000000d7b00000, 0x00000000d7bf8ca0, 0x00000000d7c00000| 97%| O|  |TAMS 0x00000000d7b00000| PB 0x00000000d7b00000| Untracked 
| 380|0x00000000d7c00000, 0x00000000d7cfeea0, 0x00000000d7d00000| 99%| O|  |TAMS 0x00000000d7c00000| PB 0x00000000d7c00000| Untracked 
| 381|0x00000000d7d00000, 0x00000000d7dffff0, 0x00000000d7e00000| 99%| O|  |TAMS 0x00000000d7d00000| PB 0x00000000d7d00000| Untracked 
| 382|0x00000000d7e00000, 0x00000000d7effe90, 0x00000000d7f00000| 99%| O|  |TAMS 0x00000000d7e00000| PB 0x00000000d7e00000| Untracked 
| 383|0x00000000d7f00000, 0x00000000d7ff8708, 0x00000000d8000000| 97%| O|  |TAMS 0x00000000d7f00000| PB 0x00000000d7f00000| Untracked 
| 384|0x00000000d8000000, 0x00000000d80fcde8, 0x00000000d8100000| 98%| O|  |TAMS 0x00000000d8000000| PB 0x00000000d8000000| Untracked 
| 385|0x00000000d8100000, 0x00000000d81fec50, 0x00000000d8200000| 99%| O|  |TAMS 0x00000000d8100000| PB 0x00000000d8100000| Untracked 
| 386|0x00000000d8200000, 0x00000000d82fcc00, 0x00000000d8300000| 98%| O|  |TAMS 0x00000000d8200000| PB 0x00000000d8200000| Untracked 
| 387|0x00000000d8300000, 0x00000000d83f9f48, 0x00000000d8400000| 97%| O|  |TAMS 0x00000000d8300000| PB 0x00000000d8300000| Untracked 
| 388|0x00000000d8400000, 0x00000000d84feb00, 0x00000000d8500000| 99%| O|  |TAMS 0x00000000d8400000| PB 0x00000000d8400000| Untracked 
| 389|0x00000000d8500000, 0x00000000d85fc670, 0x00000000d8600000| 98%| O|  |TAMS 0x00000000d8500000| PB 0x00000000d8500000| Untracked 
| 390|0x00000000d8600000, 0x00000000d8700000, 0x00000000d8700000|100%| O|  |TAMS 0x00000000d8600000| PB 0x00000000d8600000| Untracked 
| 391|0x00000000d8700000, 0x00000000d87fe778, 0x00000000d8800000| 99%| O|  |TAMS 0x00000000d8700000| PB 0x00000000d8700000| Untracked 
| 392|0x00000000d8800000, 0x00000000d88fb560, 0x00000000d8900000| 98%| O|  |TAMS 0x00000000d8800000| PB 0x00000000d8800000| Untracked 
| 393|0x00000000d8900000, 0x00000000d89fdc50, 0x00000000d8a00000| 99%| O|  |TAMS 0x00000000d8900000| PB 0x00000000d8900000| Untracked 
| 394|0x00000000d8a00000, 0x00000000d8afd748, 0x00000000d8b00000| 99%| O|  |TAMS 0x00000000d8a00000| PB 0x00000000d8a00000| Untracked 
| 395|0x00000000d8b00000, 0x00000000d8bffa10, 0x00000000d8c00000| 99%| O|  |TAMS 0x00000000d8b00000| PB 0x00000000d8b00000| Untracked 
| 396|0x00000000d8c00000, 0x00000000d8cff178, 0x00000000d8d00000| 99%| O|  |TAMS 0x00000000d8c00000| PB 0x00000000d8c00000| Untracked 
| 397|0x00000000d8d00000, 0x00000000d8dffff0, 0x00000000d8e00000| 99%| O|  |TAMS 0x00000000d8d00000| PB 0x00000000d8d00000| Untracked 
| 398|0x00000000d8e00000, 0x00000000d8efcdc8, 0x00000000d8f00000| 98%| O|  |TAMS 0x00000000d8e00000| PB 0x00000000d8e00000| Untracked 
| 399|0x00000000d8f00000, 0x00000000d8ffce38, 0x00000000d9000000| 98%| O|  |TAMS 0x00000000d8f00000| PB 0x00000000d8f00000| Untracked 
| 400|0x00000000d9000000, 0x00000000d90ff548, 0x00000000d9100000| 99%| O|  |TAMS 0x00000000d9000000| PB 0x00000000d9000000| Untracked 
| 401|0x00000000d9100000, 0x00000000d91ffa38, 0x00000000d9200000| 99%| O|  |TAMS 0x00000000d9100000| PB 0x00000000d9100000| Untracked 
| 402|0x00000000d9200000, 0x00000000d92ff398, 0x00000000d9300000| 99%| O|  |TAMS 0x00000000d9200000| PB 0x00000000d9200000| Untracked 
| 403|0x00000000d9300000, 0x00000000d93f3560, 0x00000000d9400000| 95%| O|  |TAMS 0x00000000d9300000| PB 0x00000000d9300000| Untracked 
| 404|0x00000000d9400000, 0x00000000d94fd078, 0x00000000d9500000| 98%| O|  |TAMS 0x00000000d9400000| PB 0x00000000d9400000| Untracked 
| 405|0x00000000d9500000, 0x00000000d95fb828, 0x00000000d9600000| 98%| O|  |TAMS 0x00000000d9500000| PB 0x00000000d9500000| Untracked 
| 406|0x00000000d9600000, 0x00000000d96fc340, 0x00000000d9700000| 98%| O|  |TAMS 0x00000000d9600000| PB 0x00000000d9600000| Untracked 
| 407|0x00000000d9700000, 0x00000000d97fee50, 0x00000000d9800000| 99%| O|  |TAMS 0x00000000d9700000| PB 0x00000000d9700000| Untracked 
| 408|0x00000000d9800000, 0x00000000d98ff608, 0x00000000d9900000| 99%| O|  |TAMS 0x00000000d9800000| PB 0x00000000d9800000| Untracked 
| 409|0x00000000d9900000, 0x00000000d99ffc80, 0x00000000d9a00000| 99%| O|  |TAMS 0x00000000d9900000| PB 0x00000000d9900000| Untracked 
| 410|0x00000000d9a00000, 0x00000000d9af7ee0, 0x00000000d9b00000| 96%| O|  |TAMS 0x00000000d9a00000| PB 0x00000000d9a00000| Untracked 
| 411|0x00000000d9b00000, 0x00000000d9c00000, 0x00000000d9c00000|100%| O|  |TAMS 0x00000000d9b00000| PB 0x00000000d9b00000| Untracked 
| 412|0x00000000d9c00000, 0x00000000d9cf57b8, 0x00000000d9d00000| 95%| O|  |TAMS 0x00000000d9c00000| PB 0x00000000d9c00000| Untracked 
| 413|0x00000000d9d00000, 0x00000000d9df5708, 0x00000000d9e00000| 95%| O|  |TAMS 0x00000000d9d00000| PB 0x00000000d9d00000| Untracked 
| 414|0x00000000d9e00000, 0x00000000d9ef7958, 0x00000000d9f00000| 96%| O|  |TAMS 0x00000000d9e00000| PB 0x00000000d9e00000| Untracked 
| 415|0x00000000d9f00000, 0x00000000d9ffa5a8, 0x00000000da000000| 97%| O|  |TAMS 0x00000000d9f00000| PB 0x00000000d9f00000| Untracked 
| 416|0x00000000da000000, 0x00000000da0f9318, 0x00000000da100000| 97%| O|  |TAMS 0x00000000da000000| PB 0x00000000da000000| Untracked 
| 417|0x00000000da100000, 0x00000000da1fffc8, 0x00000000da200000| 99%| O|  |TAMS 0x00000000da100000| PB 0x00000000da100000| Untracked 
| 418|0x00000000da200000, 0x00000000da2f5440, 0x00000000da300000| 95%| O|  |TAMS 0x00000000da200000| PB 0x00000000da200000| Untracked 
| 419|0x00000000da300000, 0x00000000da3f69d8, 0x00000000da400000| 96%| O|  |TAMS 0x00000000da300000| PB 0x00000000da300000| Untracked 
| 420|0x00000000da400000, 0x00000000da4f6760, 0x00000000da500000| 96%| O|  |TAMS 0x00000000da400000| PB 0x00000000da400000| Untracked 
| 421|0x00000000da500000, 0x00000000da5f7df0, 0x00000000da600000| 96%| O|  |TAMS 0x00000000da500000| PB 0x00000000da500000| Untracked 
| 422|0x00000000da600000, 0x00000000da6f4008, 0x00000000da700000| 95%| O|  |TAMS 0x00000000da600000| PB 0x00000000da600000| Untracked 
| 423|0x00000000da700000, 0x00000000da7f4db0, 0x00000000da800000| 95%| O|  |TAMS 0x00000000da700000| PB 0x00000000da700000| Untracked 
| 424|0x00000000da800000, 0x00000000da8f64f8, 0x00000000da900000| 96%| O|  |TAMS 0x00000000da800000| PB 0x00000000da800000| Untracked 
| 425|0x00000000da900000, 0x00000000da9f6768, 0x00000000daa00000| 96%| O|  |TAMS 0x00000000da900000| PB 0x00000000da900000| Untracked 
| 426|0x00000000daa00000, 0x00000000daaf4290, 0x00000000dab00000| 95%| O|  |TAMS 0x00000000daa00000| PB 0x00000000daa00000| Untracked 
| 427|0x00000000dab00000, 0x00000000dabfa980, 0x00000000dac00000| 97%| O|  |TAMS 0x00000000dab00000| PB 0x00000000dab00000| Untracked 
| 428|0x00000000dac00000, 0x00000000dacf3c50, 0x00000000dad00000| 95%| O|  |TAMS 0x00000000dac00000| PB 0x00000000dac00000| Untracked 
| 429|0x00000000dad00000, 0x00000000dadf7230, 0x00000000dae00000| 96%| O|  |TAMS 0x00000000dad00000| PB 0x00000000dad00000| Untracked 
| 430|0x00000000dae00000, 0x00000000daef8410, 0x00000000daf00000| 96%| O|  |TAMS 0x00000000dae00000| PB 0x00000000dae00000| Untracked 
| 431|0x00000000daf00000, 0x00000000daff4308, 0x00000000db000000| 95%| O|  |TAMS 0x00000000daf00000| PB 0x00000000daf00000| Untracked 
| 432|0x00000000db000000, 0x00000000db0f5388, 0x00000000db100000| 95%| O|  |TAMS 0x00000000db000000| PB 0x00000000db000000| Untracked 
| 433|0x00000000db100000, 0x00000000db1f33e8, 0x00000000db200000| 95%| O|  |TAMS 0x00000000db100000| PB 0x00000000db100000| Untracked 
| 434|0x00000000db200000, 0x00000000db2f4730, 0x00000000db300000| 95%| O|  |TAMS 0x00000000db200000| PB 0x00000000db200000| Untracked 
| 435|0x00000000db300000, 0x00000000db3ffff8, 0x00000000db400000| 99%| O|  |TAMS 0x00000000db300000| PB 0x00000000db300000| Untracked 
| 436|0x00000000db400000, 0x00000000db4ffff0, 0x00000000db500000| 99%| O|  |TAMS 0x00000000db400000| PB 0x00000000db400000| Untracked 
| 437|0x00000000db500000, 0x00000000db5fad40, 0x00000000db600000| 97%| O|  |TAMS 0x00000000db500000| PB 0x00000000db500000| Untracked 
| 438|0x00000000db600000, 0x00000000db6fb348, 0x00000000db700000| 98%| O|  |TAMS 0x00000000db600000| PB 0x00000000db600000| Untracked 
| 439|0x00000000db700000, 0x00000000db7ffb10, 0x00000000db800000| 99%| O|  |TAMS 0x00000000db700000| PB 0x00000000db700000| Untracked 
| 440|0x00000000db800000, 0x00000000db8fab88, 0x00000000db900000| 97%| O|  |TAMS 0x00000000db800000| PB 0x00000000db800000| Untracked 
| 441|0x00000000db900000, 0x00000000db9f4878, 0x00000000dba00000| 95%| O|  |TAMS 0x00000000db900000| PB 0x00000000db900000| Untracked 
| 442|0x00000000dba00000, 0x00000000dbaf3940, 0x00000000dbb00000| 95%| O|  |TAMS 0x00000000dba00000| PB 0x00000000dba00000| Untracked 
| 443|0x00000000dbb00000, 0x00000000dbbf35f8, 0x00000000dbc00000| 95%| O|  |TAMS 0x00000000dbb00000| PB 0x00000000dbb00000| Untracked 
| 444|0x00000000dbc00000, 0x00000000dbcf77f0, 0x00000000dbd00000| 96%| O|  |TAMS 0x00000000dbc00000| PB 0x00000000dbc00000| Untracked 
| 445|0x00000000dbd00000, 0x00000000dbdfb230, 0x00000000dbe00000| 98%| O|  |TAMS 0x00000000dbd00000| PB 0x00000000dbd00000| Untracked 
| 446|0x00000000dbe00000, 0x00000000dbef43e0, 0x00000000dbf00000| 95%| O|  |TAMS 0x00000000dbe00000| PB 0x00000000dbe00000| Untracked 
| 447|0x00000000dbf00000, 0x00000000dbff5638, 0x00000000dc000000| 95%| O|  |TAMS 0x00000000dbf00000| PB 0x00000000dbf00000| Untracked 
| 448|0x00000000dc000000, 0x00000000dc0f7388, 0x00000000dc100000| 96%| O|  |TAMS 0x00000000dc000000| PB 0x00000000dc000000| Untracked 
| 449|0x00000000dc100000, 0x00000000dc1f3568, 0x00000000dc200000| 95%| O|  |TAMS 0x00000000dc100000| PB 0x00000000dc100000| Untracked 
| 450|0x00000000dc200000, 0x00000000dc2f3560, 0x00000000dc300000| 95%| O|  |TAMS 0x00000000dc200000| PB 0x00000000dc200000| Untracked 
| 451|0x00000000dc300000, 0x00000000dc3f4878, 0x00000000dc400000| 95%| O|  |TAMS 0x00000000dc300000| PB 0x00000000dc300000| Untracked 
| 452|0x00000000dc400000, 0x00000000dc4f7350, 0x00000000dc500000| 96%| O|  |TAMS 0x00000000dc400000| PB 0x00000000dc400000| Untracked 
| 453|0x00000000dc500000, 0x00000000dc5fc960, 0x00000000dc600000| 98%| O|  |TAMS 0x00000000dc500000| PB 0x00000000dc500000| Untracked 
| 454|0x00000000dc600000, 0x00000000dc6f36c8, 0x00000000dc700000| 95%| O|  |TAMS 0x00000000dc600000| PB 0x00000000dc600000| Untracked 
| 455|0x00000000dc700000, 0x00000000dc7f89a0, 0x00000000dc800000| 97%| O|  |TAMS 0x00000000dc700000| PB 0x00000000dc700000| Untracked 
| 456|0x00000000dc800000, 0x00000000dc8f4208, 0x00000000dc900000| 95%| O|  |TAMS 0x00000000dc800000| PB 0x00000000dc800000| Untracked 
| 457|0x00000000dc900000, 0x00000000dc9f3728, 0x00000000dca00000| 95%| O|  |TAMS 0x00000000dc900000| PB 0x00000000dc900000| Untracked 
| 458|0x00000000dca00000, 0x00000000dcaf4700, 0x00000000dcb00000| 95%| O|  |TAMS 0x00000000dca00000| PB 0x00000000dca00000| Untracked 
| 459|0x00000000dcb00000, 0x00000000dcbf4948, 0x00000000dcc00000| 95%| O|  |TAMS 0x00000000dcb00000| PB 0x00000000dcb00000| Untracked 
| 460|0x00000000dcc00000, 0x00000000dccf4100, 0x00000000dcd00000| 95%| O|  |TAMS 0x00000000dcc00000| PB 0x00000000dcc00000| Untracked 
| 461|0x00000000dcd00000, 0x00000000dcdfc9e8, 0x00000000dce00000| 98%| O|  |TAMS 0x00000000dcd00000| PB 0x00000000dcd00000| Untracked 
| 462|0x00000000dce00000, 0x00000000dcefb3e0, 0x00000000dcf00000| 98%| O|  |TAMS 0x00000000dce00000| PB 0x00000000dce00000| Untracked 
| 463|0x00000000dcf00000, 0x00000000dcff88a8, 0x00000000dd000000| 97%| O|  |TAMS 0x00000000dcf00000| PB 0x00000000dcf00000| Untracked 
| 464|0x00000000dd000000, 0x00000000dd0f3a30, 0x00000000dd100000| 95%| O|  |TAMS 0x00000000dd000000| PB 0x00000000dd000000| Untracked 
| 465|0x00000000dd100000, 0x00000000dd1fb560, 0x00000000dd200000| 98%| O|  |TAMS 0x00000000dd100000| PB 0x00000000dd100000| Untracked 
| 466|0x00000000dd200000, 0x00000000dd2f4ba0, 0x00000000dd300000| 95%| O|  |TAMS 0x00000000dd200000| PB 0x00000000dd200000| Untracked 
| 467|0x00000000dd300000, 0x00000000dd3f7888, 0x00000000dd400000| 96%| O|  |TAMS 0x00000000dd300000| PB 0x00000000dd300000| Untracked 
| 468|0x00000000dd400000, 0x00000000dd4fb4b0, 0x00000000dd500000| 98%| O|  |TAMS 0x00000000dd400000| PB 0x00000000dd400000| Untracked 
| 469|0x00000000dd500000, 0x00000000dd5f33b0, 0x00000000dd600000| 95%| O|  |TAMS 0x00000000dd500000| PB 0x00000000dd500000| Untracked 
| 470|0x00000000dd600000, 0x00000000dd6f9948, 0x00000000dd700000| 97%| O|  |TAMS 0x00000000dd600000| PB 0x00000000dd600000| Untracked 
| 471|0x00000000dd700000, 0x00000000dd7fe5a8, 0x00000000dd800000| 99%| O|  |TAMS 0x00000000dd700000| PB 0x00000000dd700000| Untracked 
| 472|0x00000000dd800000, 0x00000000dd8f47c0, 0x00000000dd900000| 95%| O|  |TAMS 0x00000000dd800000| PB 0x00000000dd800000| Untracked 
| 473|0x00000000dd900000, 0x00000000dd9fc100, 0x00000000dda00000| 98%| O|  |TAMS 0x00000000dd900000| PB 0x00000000dd900000| Untracked 
| 474|0x00000000dda00000, 0x00000000ddaf37c0, 0x00000000ddb00000| 95%| O|  |TAMS 0x00000000dda00000| PB 0x00000000dda00000| Untracked 
| 475|0x00000000ddb00000, 0x00000000ddbf74e0, 0x00000000ddc00000| 96%| O|  |TAMS 0x00000000ddb00000| PB 0x00000000ddb00000| Untracked 
| 476|0x00000000ddc00000, 0x00000000ddcfb710, 0x00000000ddd00000| 98%| O|  |TAMS 0x00000000ddc00000| PB 0x00000000ddc00000| Untracked 
| 477|0x00000000ddd00000, 0x00000000dddf34f8, 0x00000000dde00000| 95%| O|  |TAMS 0x00000000ddd00000| PB 0x00000000ddd00000| Untracked 
| 478|0x00000000dde00000, 0x00000000ddef6748, 0x00000000ddf00000| 96%| O|  |TAMS 0x00000000dde00000| PB 0x00000000dde00000| Untracked 
| 479|0x00000000ddf00000, 0x00000000ddff8ff8, 0x00000000de000000| 97%| O|  |TAMS 0x00000000ddf00000| PB 0x00000000ddf00000| Untracked 
| 480|0x00000000de000000, 0x00000000de0f4620, 0x00000000de100000| 95%| O|  |TAMS 0x00000000de000000| PB 0x00000000de000000| Untracked 
| 481|0x00000000de100000, 0x00000000de1f85b8, 0x00000000de200000| 97%| O|  |TAMS 0x00000000de100000| PB 0x00000000de100000| Untracked 
| 482|0x00000000de200000, 0x00000000de2f9978, 0x00000000de300000| 97%| O|  |TAMS 0x00000000de200000| PB 0x00000000de200000| Untracked 
| 483|0x00000000de300000, 0x00000000de3f3550, 0x00000000de400000| 95%| O|  |TAMS 0x00000000de300000| PB 0x00000000de300000| Untracked 
| 484|0x00000000de400000, 0x00000000de4f3340, 0x00000000de500000| 95%| O|  |TAMS 0x00000000de400000| PB 0x00000000de400000| Untracked 
| 485|0x00000000de500000, 0x00000000de5fa7f8, 0x00000000de600000| 97%| O|  |TAMS 0x00000000de500000| PB 0x00000000de500000| Untracked 
| 486|0x00000000de600000, 0x00000000de6f6718, 0x00000000de700000| 96%| O|  |TAMS 0x00000000de600000| PB 0x00000000de600000| Untracked 
| 487|0x00000000de700000, 0x00000000de7f3480, 0x00000000de800000| 95%| O|  |TAMS 0x00000000de700000| PB 0x00000000de700000| Untracked 
| 488|0x00000000de800000, 0x00000000de8f3be0, 0x00000000de900000| 95%| O|  |TAMS 0x00000000de800000| PB 0x00000000de800000| Untracked 
| 489|0x00000000de900000, 0x00000000de9f5c20, 0x00000000dea00000| 95%| O|  |TAMS 0x00000000de900000| PB 0x00000000de900000| Untracked 
| 490|0x00000000dea00000, 0x00000000deafb3a0, 0x00000000deb00000| 98%| O|  |TAMS 0x00000000dea00000| PB 0x00000000dea00000| Untracked 
| 491|0x00000000deb00000, 0x00000000deb00000, 0x00000000dec00000|  0%| F|  |TAMS 0x00000000deb00000| PB 0x00000000deb00000| Untracked 
| 492|0x00000000dec00000, 0x00000000decf58f0, 0x00000000ded00000| 95%| O|  |TAMS 0x00000000dec00000| PB 0x00000000dec00000| Untracked 
| 493|0x00000000ded00000, 0x00000000dedf33f0, 0x00000000dee00000| 95%| O|  |TAMS 0x00000000ded00000| PB 0x00000000ded00000| Untracked 
| 494|0x00000000dee00000, 0x00000000deef3d90, 0x00000000def00000| 95%| O|  |TAMS 0x00000000dee00000| PB 0x00000000dee00000| Untracked 
| 495|0x00000000def00000, 0x00000000deffafe8, 0x00000000df000000| 98%| O|  |TAMS 0x00000000def00000| PB 0x00000000def00000| Untracked 
| 496|0x00000000df000000, 0x00000000df0f5ca8, 0x00000000df100000| 96%| O|  |TAMS 0x00000000df000000| PB 0x00000000df000000| Untracked 
| 497|0x00000000df100000, 0x00000000df1f3360, 0x00000000df200000| 95%| O|  |TAMS 0x00000000df100000| PB 0x00000000df100000| Untracked 
| 498|0x00000000df200000, 0x00000000df2f4698, 0x00000000df300000| 95%| O|  |TAMS 0x00000000df200000| PB 0x00000000df200000| Untracked 
| 499|0x00000000df300000, 0x00000000df3fff20, 0x00000000df400000| 99%| O|  |TAMS 0x00000000df300000| PB 0x00000000df300000| Untracked 
| 500|0x00000000df400000, 0x00000000df4f4068, 0x00000000df500000| 95%| O|  |TAMS 0x00000000df400000| PB 0x00000000df400000| Untracked 
| 501|0x00000000df500000, 0x00000000df600000, 0x00000000df600000|100%| O|  |TAMS 0x00000000df500000| PB 0x00000000df500000| Untracked 
| 502|0x00000000df600000, 0x00000000df700000, 0x00000000df700000|100%|HS|  |TAMS 0x00000000df600000| PB 0x00000000df600000| Untracked 
| 503|0x00000000df700000, 0x00000000df700000, 0x00000000df800000|  0%| F|  |TAMS 0x00000000df700000| PB 0x00000000df700000| Untracked 
| 504|0x00000000df800000, 0x00000000df8f5708, 0x00000000df900000| 95%| O|  |TAMS 0x00000000df800000| PB 0x00000000df800000| Untracked 
| 505|0x00000000df900000, 0x00000000df900000, 0x00000000dfa00000|  0%| F|  |TAMS 0x00000000df900000| PB 0x00000000df900000| Untracked 
| 506|0x00000000dfa00000, 0x00000000dfb00000, 0x00000000dfb00000|100%|HS|  |TAMS 0x00000000dfa00000| PB 0x00000000dfa00000| Untracked 
| 507|0x00000000dfb00000, 0x00000000dfb00000, 0x00000000dfc00000|  0%| F|  |TAMS 0x00000000dfb00000| PB 0x00000000dfb00000| Untracked 
| 508|0x00000000dfc00000, 0x00000000dfc00000, 0x00000000dfd00000|  0%| F|  |TAMS 0x00000000dfc00000| PB 0x00000000dfc00000| Untracked 
| 509|0x00000000dfd00000, 0x00000000dfdf54d0, 0x00000000dfe00000| 95%| O|  |TAMS 0x00000000dfd00000| PB 0x00000000dfd00000| Untracked 
| 510|0x00000000dfe00000, 0x00000000dfefa1c8, 0x00000000dff00000| 97%| O|  |TAMS 0x00000000dfe00000| PB 0x00000000dfe00000| Untracked 
| 511|0x00000000dff00000, 0x00000000e0000000, 0x00000000e0000000|100%|HS|  |TAMS 0x00000000dff00000| PB 0x00000000dff00000| Untracked 
| 512|0x00000000e0000000, 0x00000000e0100000, 0x00000000e0100000|100%|HS|  |TAMS 0x00000000e0000000| PB 0x00000000e0000000| Untracked 
| 513|0x00000000e0100000, 0x00000000e0100000, 0x00000000e0200000|  0%| F|  |TAMS 0x00000000e0100000| PB 0x00000000e0100000| Untracked 
| 514|0x00000000e0200000, 0x00000000e0300000, 0x00000000e0300000|100%|HS|  |TAMS 0x00000000e0200000| PB 0x00000000e0200000| Untracked 
| 515|0x00000000e0300000, 0x00000000e0400000, 0x00000000e0400000|100%|HS|  |TAMS 0x00000000e0300000| PB 0x00000000e0300000| Untracked 
| 516|0x00000000e0400000, 0x00000000e0500000, 0x00000000e0500000|100%|HS|  |TAMS 0x00000000e0400000| PB 0x00000000e0400000| Untracked 
| 517|0x00000000e0500000, 0x00000000e0600000, 0x00000000e0600000|100%|HS|  |TAMS 0x00000000e0500000| PB 0x00000000e0500000| Untracked 
| 518|0x00000000e0600000, 0x00000000e06f9cf8, 0x00000000e0700000| 97%| O|  |TAMS 0x00000000e0600000| PB 0x00000000e0600000| Untracked 
| 519|0x00000000e0700000, 0x00000000e07fbe40, 0x00000000e0800000| 98%| O|  |TAMS 0x00000000e0700000| PB 0x00000000e0700000| Untracked 
| 520|0x00000000e0800000, 0x00000000e08f6c88, 0x00000000e0900000| 96%| O|  |TAMS 0x00000000e0800000| PB 0x00000000e0800000| Untracked 
| 521|0x00000000e0900000, 0x00000000e0a00000, 0x00000000e0a00000|100%|HS|  |TAMS 0x00000000e0900000| PB 0x00000000e0900000| Untracked 
| 522|0x00000000e0a00000, 0x00000000e0b00000, 0x00000000e0b00000|100%|HS|  |TAMS 0x00000000e0a00000| PB 0x00000000e0a00000| Untracked 
| 523|0x00000000e0b00000, 0x00000000e0c00000, 0x00000000e0c00000|100%|HS|  |TAMS 0x00000000e0b00000| PB 0x00000000e0b00000| Untracked 
| 524|0x00000000e0c00000, 0x00000000e0d00000, 0x00000000e0d00000|100%|HS|  |TAMS 0x00000000e0c00000| PB 0x00000000e0c00000| Untracked 
| 525|0x00000000e0d00000, 0x00000000e0df33d0, 0x00000000e0e00000| 95%| O|  |TAMS 0x00000000e0d00000| PB 0x00000000e0d00000| Untracked 
| 526|0x00000000e0e00000, 0x00000000e0f00000, 0x00000000e0f00000|100%|HS|  |TAMS 0x00000000e0e00000| PB 0x00000000e0e00000| Untracked 
| 527|0x00000000e0f00000, 0x00000000e1000000, 0x00000000e1000000|100%|HS|  |TAMS 0x00000000e0f00000| PB 0x00000000e0f00000| Untracked 
| 528|0x00000000e1000000, 0x00000000e1100000, 0x00000000e1100000|100%|HS|  |TAMS 0x00000000e1000000| PB 0x00000000e1000000| Untracked 
| 529|0x00000000e1100000, 0x00000000e1200000, 0x00000000e1200000|100%|HS|  |TAMS 0x00000000e1100000| PB 0x00000000e1100000| Untracked 
| 530|0x00000000e1200000, 0x00000000e12f9ca0, 0x00000000e1300000| 97%| O|  |TAMS 0x00000000e1200000| PB 0x00000000e1200000| Untracked 
| 531|0x00000000e1300000, 0x00000000e13f98c8, 0x00000000e1400000| 97%| O|  |TAMS 0x00000000e1300000| PB 0x00000000e1300000| Untracked 
| 532|0x00000000e1400000, 0x00000000e14fa3f8, 0x00000000e1500000| 97%| O|  |TAMS 0x00000000e1400000| PB 0x00000000e1400000| Untracked 
| 533|0x00000000e1500000, 0x00000000e1600000, 0x00000000e1600000|100%|HS|  |TAMS 0x00000000e1500000| PB 0x00000000e1500000| Untracked 
| 534|0x00000000e1600000, 0x00000000e1700000, 0x00000000e1700000|100%|HS|  |TAMS 0x00000000e1600000| PB 0x00000000e1600000| Untracked 
| 535|0x00000000e1700000, 0x00000000e1800000, 0x00000000e1800000|100%|HS|  |TAMS 0x00000000e1700000| PB 0x00000000e1700000| Untracked 
| 536|0x00000000e1800000, 0x00000000e1900000, 0x00000000e1900000|100%|HS|  |TAMS 0x00000000e1800000| PB 0x00000000e1800000| Untracked 
| 537|0x00000000e1900000, 0x00000000e19f6930, 0x00000000e1a00000| 96%| O|  |TAMS 0x00000000e1900000| PB 0x00000000e1900000| Untracked 
| 538|0x00000000e1a00000, 0x00000000e1b00000, 0x00000000e1b00000|100%|HS|  |TAMS 0x00000000e1a00000| PB 0x00000000e1a00000| Untracked 
| 539|0x00000000e1b00000, 0x00000000e1c00000, 0x00000000e1c00000|100%|HS|  |TAMS 0x00000000e1b00000| PB 0x00000000e1b00000| Untracked 
| 540|0x00000000e1c00000, 0x00000000e1d00000, 0x00000000e1d00000|100%|HS|  |TAMS 0x00000000e1c00000| PB 0x00000000e1c00000| Untracked 
| 541|0x00000000e1d00000, 0x00000000e1e00000, 0x00000000e1e00000|100%|HS|  |TAMS 0x00000000e1d00000| PB 0x00000000e1d00000| Untracked 
| 542|0x00000000e1e00000, 0x00000000e1f00000, 0x00000000e1f00000|100%|HS|  |TAMS 0x00000000e1e00000| PB 0x00000000e1e00000| Untracked 
| 543|0x00000000e1f00000, 0x00000000e2000000, 0x00000000e2000000|100%|HS|  |TAMS 0x00000000e1f00000| PB 0x00000000e1f00000| Untracked 
| 544|0x00000000e2000000, 0x00000000e2100000, 0x00000000e2100000|100%|HS|  |TAMS 0x00000000e2000000| PB 0x00000000e2000000| Untracked 
| 545|0x00000000e2100000, 0x00000000e2200000, 0x00000000e2200000|100%|HS|  |TAMS 0x00000000e2100000| PB 0x00000000e2100000| Untracked 
| 546|0x00000000e2200000, 0x00000000e2300000, 0x00000000e2300000|100%|HS|  |TAMS 0x00000000e2200000| PB 0x00000000e2200000| Untracked 
| 547|0x00000000e2300000, 0x00000000e2400000, 0x00000000e2400000|100%|HS|  |TAMS 0x00000000e2300000| PB 0x00000000e2300000| Untracked 
| 548|0x00000000e2400000, 0x00000000e2500000, 0x00000000e2500000|100%|HS|  |TAMS 0x00000000e2400000| PB 0x00000000e2400000| Untracked 
| 549|0x00000000e2500000, 0x00000000e2600000, 0x00000000e2600000|100%|HS|  |TAMS 0x00000000e2500000| PB 0x00000000e2500000| Untracked 
| 550|0x00000000e2600000, 0x00000000e2700000, 0x00000000e2700000|100%|HS|  |TAMS 0x00000000e2600000| PB 0x00000000e2600000| Untracked 
| 551|0x00000000e2700000, 0x00000000e2800000, 0x00000000e2800000|100%|HS|  |TAMS 0x00000000e2700000| PB 0x00000000e2700000| Untracked 
| 552|0x00000000e2800000, 0x00000000e2900000, 0x00000000e2900000|100%|HS|  |TAMS 0x00000000e2800000| PB 0x00000000e2800000| Untracked 
| 553|0x00000000e2900000, 0x00000000e29f6d78, 0x00000000e2a00000| 96%| O|  |TAMS 0x00000000e2900000| PB 0x00000000e2900000| Untracked 
| 554|0x00000000e2a00000, 0x00000000e2b00000, 0x00000000e2b00000|100%|HS|  |TAMS 0x00000000e2a00000| PB 0x00000000e2a00000| Untracked 
| 555|0x00000000e2b00000, 0x00000000e2c00000, 0x00000000e2c00000|100%|HS|  |TAMS 0x00000000e2b00000| PB 0x00000000e2b00000| Untracked 
| 556|0x00000000e2c00000, 0x00000000e2d00000, 0x00000000e2d00000|100%|HS|  |TAMS 0x00000000e2c00000| PB 0x00000000e2c00000| Untracked 
| 557|0x00000000e2d00000, 0x00000000e2e00000, 0x00000000e2e00000|100%|HS|  |TAMS 0x00000000e2d00000| PB 0x00000000e2d00000| Untracked 
| 558|0x00000000e2e00000, 0x00000000e2f00000, 0x00000000e2f00000|100%|HS|  |TAMS 0x00000000e2e00000| PB 0x00000000e2e00000| Untracked 
| 559|0x00000000e2f00000, 0x00000000e3000000, 0x00000000e3000000|100%|HS|  |TAMS 0x00000000e2f00000| PB 0x00000000e2f00000| Untracked 
| 560|0x00000000e3000000, 0x00000000e3100000, 0x00000000e3100000|100%|HS|  |TAMS 0x00000000e3000000| PB 0x00000000e3000000| Untracked 
| 561|0x00000000e3100000, 0x00000000e3200000, 0x00000000e3200000|100%|HS|  |TAMS 0x00000000e3100000| PB 0x00000000e3100000| Untracked 
| 562|0x00000000e3200000, 0x00000000e32fc190, 0x00000000e3300000| 98%| O|  |TAMS 0x00000000e3200000| PB 0x00000000e3200000| Untracked 
| 563|0x00000000e3300000, 0x00000000e3400000, 0x00000000e3400000|100%|HS|  |TAMS 0x00000000e3300000| PB 0x00000000e3300000| Untracked 
| 564|0x00000000e3400000, 0x00000000e3500000, 0x00000000e3500000|100%|HS|  |TAMS 0x00000000e3400000| PB 0x00000000e3400000| Untracked 
| 565|0x00000000e3500000, 0x00000000e3600000, 0x00000000e3600000|100%|HS|  |TAMS 0x00000000e3500000| PB 0x00000000e3500000| Untracked 
| 566|0x00000000e3600000, 0x00000000e3700000, 0x00000000e3700000|100%|HS|  |TAMS 0x00000000e3600000| PB 0x00000000e3600000| Untracked 
| 567|0x00000000e3700000, 0x00000000e3800000, 0x00000000e3800000|100%|HS|  |TAMS 0x00000000e3700000| PB 0x00000000e3700000| Untracked 
| 568|0x00000000e3800000, 0x00000000e3900000, 0x00000000e3900000|100%|HS|  |TAMS 0x00000000e3800000| PB 0x00000000e3800000| Untracked 
| 569|0x00000000e3900000, 0x00000000e3a00000, 0x00000000e3a00000|100%|HS|  |TAMS 0x00000000e3900000| PB 0x00000000e3900000| Untracked 
| 570|0x00000000e3a00000, 0x00000000e3b00000, 0x00000000e3b00000|100%|HS|  |TAMS 0x00000000e3a00000| PB 0x00000000e3a00000| Untracked 
| 571|0x00000000e3b00000, 0x00000000e3c00000, 0x00000000e3c00000|100%|HS|  |TAMS 0x00000000e3b00000| PB 0x00000000e3b00000| Untracked 
| 572|0x00000000e3c00000, 0x00000000e3d00000, 0x00000000e3d00000|100%|HS|  |TAMS 0x00000000e3c00000| PB 0x00000000e3c00000| Untracked 
| 573|0x00000000e3d00000, 0x00000000e3e00000, 0x00000000e3e00000|100%|HS|  |TAMS 0x00000000e3d00000| PB 0x00000000e3d00000| Untracked 
| 574|0x00000000e3e00000, 0x00000000e3f00000, 0x00000000e3f00000|100%|HS|  |TAMS 0x00000000e3e00000| PB 0x00000000e3e00000| Untracked 
| 575|0x00000000e3f00000, 0x00000000e4000000, 0x00000000e4000000|100%|HS|  |TAMS 0x00000000e3f00000| PB 0x00000000e3f00000| Untracked 
| 576|0x00000000e4000000, 0x00000000e4100000, 0x00000000e4100000|100%|HC|  |TAMS 0x00000000e4000000| PB 0x00000000e4000000| Untracked 
| 577|0x00000000e4100000, 0x00000000e41fec30, 0x00000000e4200000| 99%| O|  |TAMS 0x00000000e4100000| PB 0x00000000e4100000| Untracked 
| 578|0x00000000e4200000, 0x00000000e4300000, 0x00000000e4300000|100%|HS|  |TAMS 0x00000000e4200000| PB 0x00000000e4200000| Untracked 
| 579|0x00000000e4300000, 0x00000000e43f96b8, 0x00000000e4400000| 97%| O|  |TAMS 0x00000000e4300000| PB 0x00000000e4300000| Untracked 
| 580|0x00000000e4400000, 0x00000000e4500000, 0x00000000e4500000|100%|HS|  |TAMS 0x00000000e4400000| PB 0x00000000e4400000| Untracked 
| 581|0x00000000e4500000, 0x00000000e4600000, 0x00000000e4600000|100%|HC|  |TAMS 0x00000000e4500000| PB 0x00000000e4500000| Untracked 
| 582|0x00000000e4600000, 0x00000000e4700000, 0x00000000e4700000|100%|HS|  |TAMS 0x00000000e4600000| PB 0x00000000e4600000| Untracked 
| 583|0x00000000e4700000, 0x00000000e4800000, 0x00000000e4800000|100%|HS|  |TAMS 0x00000000e4700000| PB 0x00000000e4700000| Untracked 
| 584|0x00000000e4800000, 0x00000000e4900000, 0x00000000e4900000|100%|HS|  |TAMS 0x00000000e4800000| PB 0x00000000e4800000| Untracked 
| 585|0x00000000e4900000, 0x00000000e4a00000, 0x00000000e4a00000|100%|HS|  |TAMS 0x00000000e4900000| PB 0x00000000e4900000| Untracked 
| 586|0x00000000e4a00000, 0x00000000e4b00000, 0x00000000e4b00000|100%|HS|  |TAMS 0x00000000e4a00000| PB 0x00000000e4a00000| Untracked 
| 587|0x00000000e4b00000, 0x00000000e4c00000, 0x00000000e4c00000|100%|HS|  |TAMS 0x00000000e4b00000| PB 0x00000000e4b00000| Untracked 
| 588|0x00000000e4c00000, 0x00000000e4d00000, 0x00000000e4d00000|100%|HS|  |TAMS 0x00000000e4c00000| PB 0x00000000e4c00000| Untracked 
| 589|0x00000000e4d00000, 0x00000000e4e00000, 0x00000000e4e00000|100%|HS|  |TAMS 0x00000000e4d00000| PB 0x00000000e4d00000| Untracked 
| 590|0x00000000e4e00000, 0x00000000e4f00000, 0x00000000e4f00000|100%|HS|  |TAMS 0x00000000e4e00000| PB 0x00000000e4e00000| Untracked 
| 591|0x00000000e4f00000, 0x00000000e5000000, 0x00000000e5000000|100%|HS|  |TAMS 0x00000000e4f00000| PB 0x00000000e4f00000| Untracked 
| 592|0x00000000e5000000, 0x00000000e5100000, 0x00000000e5100000|100%|HS|  |TAMS 0x00000000e5000000| PB 0x00000000e5000000| Untracked 
| 593|0x00000000e5100000, 0x00000000e51f8660, 0x00000000e5200000| 97%| O|  |TAMS 0x00000000e5100000| PB 0x00000000e5100000| Untracked 
| 594|0x00000000e5200000, 0x00000000e5300000, 0x00000000e5300000|100%|HS|  |TAMS 0x00000000e5200000| PB 0x00000000e5200000| Untracked 
| 595|0x00000000e5300000, 0x00000000e5400000, 0x00000000e5400000|100%|HS|  |TAMS 0x00000000e5300000| PB 0x00000000e5300000| Untracked 
| 596|0x00000000e5400000, 0x00000000e5500000, 0x00000000e5500000|100%|HS|  |TAMS 0x00000000e5400000| PB 0x00000000e5400000| Untracked 
| 597|0x00000000e5500000, 0x00000000e5600000, 0x00000000e5600000|100%|HS|  |TAMS 0x00000000e5500000| PB 0x00000000e5500000| Untracked 
| 598|0x00000000e5600000, 0x00000000e5700000, 0x00000000e5700000|100%|HS|  |TAMS 0x00000000e5600000| PB 0x00000000e5600000| Untracked 
| 599|0x00000000e5700000, 0x00000000e57f5198, 0x00000000e5800000| 95%| O|  |TAMS 0x00000000e5700000| PB 0x00000000e5700000| Untracked 
| 600|0x00000000e5800000, 0x00000000e5900000, 0x00000000e5900000|100%|HS|  |TAMS 0x00000000e5800000| PB 0x00000000e5800000| Untracked 
| 601|0x00000000e5900000, 0x00000000e59fe820, 0x00000000e5a00000| 99%| O|  |TAMS 0x00000000e5900000| PB 0x00000000e5900000| Untracked 
| 602|0x00000000e5a00000, 0x00000000e5af9050, 0x00000000e5b00000| 97%| O|  |TAMS 0x00000000e5a00000| PB 0x00000000e5a00000| Untracked 
| 603|0x00000000e5b00000, 0x00000000e5c00000, 0x00000000e5c00000|100%|HS|  |TAMS 0x00000000e5b00000| PB 0x00000000e5b00000| Untracked 
| 604|0x00000000e5c00000, 0x00000000e5d00000, 0x00000000e5d00000|100%|HS|  |TAMS 0x00000000e5c00000| PB 0x00000000e5c00000| Untracked 
| 605|0x00000000e5d00000, 0x00000000e5dfcb50, 0x00000000e5e00000| 98%| O|  |TAMS 0x00000000e5d00000| PB 0x00000000e5d00000| Untracked 
| 606|0x00000000e5e00000, 0x00000000e5f00000, 0x00000000e5f00000|100%|HS|  |TAMS 0x00000000e5e00000| PB 0x00000000e5e00000| Untracked 
| 607|0x00000000e5f00000, 0x00000000e6000000, 0x00000000e6000000|100%|HS|  |TAMS 0x00000000e5f00000| PB 0x00000000e5f00000| Untracked 
| 608|0x00000000e6000000, 0x00000000e6100000, 0x00000000e6100000|100%|HS|  |TAMS 0x00000000e6000000| PB 0x00000000e6000000| Untracked 
| 609|0x00000000e6100000, 0x00000000e6200000, 0x00000000e6200000|100%|HS|  |TAMS 0x00000000e6100000| PB 0x00000000e6100000| Untracked 
| 610|0x00000000e6200000, 0x00000000e6300000, 0x00000000e6300000|100%|HS|  |TAMS 0x00000000e6200000| PB 0x00000000e6200000| Untracked 
| 611|0x00000000e6300000, 0x00000000e6400000, 0x00000000e6400000|100%|HS|  |TAMS 0x00000000e6300000| PB 0x00000000e6300000| Untracked 
| 612|0x00000000e6400000, 0x00000000e6500000, 0x00000000e6500000|100%|HS|  |TAMS 0x00000000e6400000| PB 0x00000000e6400000| Untracked 
| 613|0x00000000e6500000, 0x00000000e6600000, 0x00000000e6600000|100%|HS|  |TAMS 0x00000000e6500000| PB 0x00000000e6500000| Untracked 
| 614|0x00000000e6600000, 0x00000000e6700000, 0x00000000e6700000|100%|HS|  |TAMS 0x00000000e6600000| PB 0x00000000e6600000| Untracked 
| 615|0x00000000e6700000, 0x00000000e6800000, 0x00000000e6800000|100%|HS|  |TAMS 0x00000000e6700000| PB 0x00000000e6700000| Untracked 
| 616|0x00000000e6800000, 0x00000000e6900000, 0x00000000e6900000|100%|HS|  |TAMS 0x00000000e6800000| PB 0x00000000e6800000| Untracked 
| 617|0x00000000e6900000, 0x00000000e6a00000, 0x00000000e6a00000|100%|HS|  |TAMS 0x00000000e6900000| PB 0x00000000e6900000| Untracked 
| 618|0x00000000e6a00000, 0x00000000e6afb470, 0x00000000e6b00000| 98%| O|  |TAMS 0x00000000e6a00000| PB 0x00000000e6a00000| Untracked 
| 619|0x00000000e6b00000, 0x00000000e6c00000, 0x00000000e6c00000|100%|HS|  |TAMS 0x00000000e6b00000| PB 0x00000000e6b00000| Untracked 
| 620|0x00000000e6c00000, 0x00000000e6d00000, 0x00000000e6d00000|100%|HS|  |TAMS 0x00000000e6c00000| PB 0x00000000e6c00000| Untracked 
| 621|0x00000000e6d00000, 0x00000000e6e00000, 0x00000000e6e00000|100%|HS|  |TAMS 0x00000000e6d00000| PB 0x00000000e6d00000| Untracked 
| 622|0x00000000e6e00000, 0x00000000e6f00000, 0x00000000e6f00000|100%|HS|  |TAMS 0x00000000e6e00000| PB 0x00000000e6e00000| Untracked 
| 623|0x00000000e6f00000, 0x00000000e7000000, 0x00000000e7000000|100%|HS|  |TAMS 0x00000000e6f00000| PB 0x00000000e6f00000| Untracked 
| 624|0x00000000e7000000, 0x00000000e7100000, 0x00000000e7100000|100%|HS|  |TAMS 0x00000000e7000000| PB 0x00000000e7000000| Untracked 
| 625|0x00000000e7100000, 0x00000000e7200000, 0x00000000e7200000|100%|HS|  |TAMS 0x00000000e7100000| PB 0x00000000e7100000| Untracked 
| 626|0x00000000e7200000, 0x00000000e7300000, 0x00000000e7300000|100%|HS|  |TAMS 0x00000000e7200000| PB 0x00000000e7200000| Untracked 
| 627|0x00000000e7300000, 0x00000000e7400000, 0x00000000e7400000|100%|HS|  |TAMS 0x00000000e7300000| PB 0x00000000e7300000| Untracked 
| 628|0x00000000e7400000, 0x00000000e7500000, 0x00000000e7500000|100%|HS|  |TAMS 0x00000000e7400000| PB 0x00000000e7400000| Untracked 
| 629|0x00000000e7500000, 0x00000000e7600000, 0x00000000e7600000|100%|HS|  |TAMS 0x00000000e7500000| PB 0x00000000e7500000| Untracked 
| 630|0x00000000e7600000, 0x00000000e7700000, 0x00000000e7700000|100%|HS|  |TAMS 0x00000000e7600000| PB 0x00000000e7600000| Untracked 
| 631|0x00000000e7700000, 0x00000000e7800000, 0x00000000e7800000|100%|HS|  |TAMS 0x00000000e7700000| PB 0x00000000e7700000| Untracked 
| 632|0x00000000e7800000, 0x00000000e78fce60, 0x00000000e7900000| 98%| O|  |TAMS 0x00000000e7800000| PB 0x00000000e7800000| Untracked 
| 633|0x00000000e7900000, 0x00000000e79f9b08, 0x00000000e7a00000| 97%| O|  |TAMS 0x00000000e7900000| PB 0x00000000e7900000| Untracked 
| 634|0x00000000e7a00000, 0x00000000e7b00000, 0x00000000e7b00000|100%|HS|  |TAMS 0x00000000e7a00000| PB 0x00000000e7a00000| Untracked 
| 635|0x00000000e7b00000, 0x00000000e7c00000, 0x00000000e7c00000|100%|HS|  |TAMS 0x00000000e7b00000| PB 0x00000000e7b00000| Untracked 
| 636|0x00000000e7c00000, 0x00000000e7d00000, 0x00000000e7d00000|100%|HS|  |TAMS 0x00000000e7c00000| PB 0x00000000e7c00000| Untracked 
| 637|0x00000000e7d00000, 0x00000000e7e00000, 0x00000000e7e00000|100%|HS|  |TAMS 0x00000000e7d00000| PB 0x00000000e7d00000| Untracked 
| 638|0x00000000e7e00000, 0x00000000e7f00000, 0x00000000e7f00000|100%|HS|  |TAMS 0x00000000e7e00000| PB 0x00000000e7e00000| Untracked 
| 639|0x00000000e7f00000, 0x00000000e8000000, 0x00000000e8000000|100%|HS|  |TAMS 0x00000000e7f00000| PB 0x00000000e7f00000| Untracked 
| 640|0x00000000e8000000, 0x00000000e8100000, 0x00000000e8100000|100%|HS|  |TAMS 0x00000000e8000000| PB 0x00000000e8000000| Untracked 
| 641|0x00000000e8100000, 0x00000000e8200000, 0x00000000e8200000|100%|HS|  |TAMS 0x00000000e8100000| PB 0x00000000e8100000| Untracked 
| 642|0x00000000e8200000, 0x00000000e8300000, 0x00000000e8300000|100%|HS|  |TAMS 0x00000000e8200000| PB 0x00000000e8200000| Untracked 
| 643|0x00000000e8300000, 0x00000000e8400000, 0x00000000e8400000|100%|HS|  |TAMS 0x00000000e8300000| PB 0x00000000e8300000| Untracked 
| 644|0x00000000e8400000, 0x00000000e8500000, 0x00000000e8500000|100%|HS|  |TAMS 0x00000000e8400000| PB 0x00000000e8400000| Untracked 
| 645|0x00000000e8500000, 0x00000000e8600000, 0x00000000e8600000|100%|HS|  |TAMS 0x00000000e8500000| PB 0x00000000e8500000| Untracked 
| 646|0x00000000e8600000, 0x00000000e8700000, 0x00000000e8700000|100%|HS|  |TAMS 0x00000000e8600000| PB 0x00000000e8600000| Untracked 
| 647|0x00000000e8700000, 0x00000000e8800000, 0x00000000e8800000|100%|HS|  |TAMS 0x00000000e8700000| PB 0x00000000e8700000| Untracked 
| 648|0x00000000e8800000, 0x00000000e8900000, 0x00000000e8900000|100%|HS|  |TAMS 0x00000000e8800000| PB 0x00000000e8800000| Untracked 
| 649|0x00000000e8900000, 0x00000000e8a00000, 0x00000000e8a00000|100%|HS|  |TAMS 0x00000000e8900000| PB 0x00000000e8900000| Untracked 
| 650|0x00000000e8a00000, 0x00000000e8b00000, 0x00000000e8b00000|100%|HS|  |TAMS 0x00000000e8a00000| PB 0x00000000e8a00000| Untracked 
| 651|0x00000000e8b00000, 0x00000000e8c00000, 0x00000000e8c00000|100%|HS|  |TAMS 0x00000000e8b00000| PB 0x00000000e8b00000| Untracked 
| 652|0x00000000e8c00000, 0x00000000e8d00000, 0x00000000e8d00000|100%|HS|  |TAMS 0x00000000e8c00000| PB 0x00000000e8c00000| Untracked 
| 653|0x00000000e8d00000, 0x00000000e8e00000, 0x00000000e8e00000|100%|HS|  |TAMS 0x00000000e8d00000| PB 0x00000000e8d00000| Untracked 
| 654|0x00000000e8e00000, 0x00000000e8f00000, 0x00000000e8f00000|100%|HS|  |TAMS 0x00000000e8e00000| PB 0x00000000e8e00000| Untracked 
| 655|0x00000000e8f00000, 0x00000000e9000000, 0x00000000e9000000|100%|HS|  |TAMS 0x00000000e8f00000| PB 0x00000000e8f00000| Untracked 
| 656|0x00000000e9000000, 0x00000000e90fbf40, 0x00000000e9100000| 98%| O|  |TAMS 0x00000000e9000000| PB 0x00000000e9000000| Untracked 
| 657|0x00000000e9100000, 0x00000000e9200000, 0x00000000e9200000|100%|HS|  |TAMS 0x00000000e9100000| PB 0x00000000e9100000| Untracked 
| 658|0x00000000e9200000, 0x00000000e9300000, 0x00000000e9300000|100%|HS|  |TAMS 0x00000000e9200000| PB 0x00000000e9200000| Untracked 
| 659|0x00000000e9300000, 0x00000000e9400000, 0x00000000e9400000|100%|HS|  |TAMS 0x00000000e9300000| PB 0x00000000e9300000| Untracked 
| 660|0x00000000e9400000, 0x00000000e9500000, 0x00000000e9500000|100%|HS|  |TAMS 0x00000000e9400000| PB 0x00000000e9400000| Untracked 
| 661|0x00000000e9500000, 0x00000000e9600000, 0x00000000e9600000|100%|HS|  |TAMS 0x00000000e9500000| PB 0x00000000e9500000| Untracked 
| 662|0x00000000e9600000, 0x00000000e9700000, 0x00000000e9700000|100%|HS|  |TAMS 0x00000000e9600000| PB 0x00000000e9600000| Untracked 
| 663|0x00000000e9700000, 0x00000000e9800000, 0x00000000e9800000|100%|HS|  |TAMS 0x00000000e9700000| PB 0x00000000e9700000| Untracked 
| 664|0x00000000e9800000, 0x00000000e98fe3a0, 0x00000000e9900000| 99%| O|  |TAMS 0x00000000e9800000| PB 0x00000000e9800000| Untracked 
| 665|0x00000000e9900000, 0x00000000e9a00000, 0x00000000e9a00000|100%|HS|  |TAMS 0x00000000e9900000| PB 0x00000000e9900000| Untracked 
| 666|0x00000000e9a00000, 0x00000000e9b00000, 0x00000000e9b00000|100%|HS|  |TAMS 0x00000000e9a00000| PB 0x00000000e9a00000| Untracked 
| 667|0x00000000e9b00000, 0x00000000e9c00000, 0x00000000e9c00000|100%|HS|  |TAMS 0x00000000e9b00000| PB 0x00000000e9b00000| Untracked 
| 668|0x00000000e9c00000, 0x00000000e9d00000, 0x00000000e9d00000|100%|HS|  |TAMS 0x00000000e9c00000| PB 0x00000000e9c00000| Untracked 
| 669|0x00000000e9d00000, 0x00000000e9e00000, 0x00000000e9e00000|100%|HS|  |TAMS 0x00000000e9d00000| PB 0x00000000e9d00000| Untracked 
| 670|0x00000000e9e00000, 0x00000000e9f00000, 0x00000000e9f00000|100%|HS|  |TAMS 0x00000000e9e00000| PB 0x00000000e9e00000| Untracked 
| 671|0x00000000e9f00000, 0x00000000ea000000, 0x00000000ea000000|100%|HS|  |TAMS 0x00000000e9f00000| PB 0x00000000e9f00000| Untracked 
| 672|0x00000000ea000000, 0x00000000ea100000, 0x00000000ea100000|100%|HS|  |TAMS 0x00000000ea000000| PB 0x00000000ea000000| Untracked 
| 673|0x00000000ea100000, 0x00000000ea200000, 0x00000000ea200000|100%|HS|  |TAMS 0x00000000ea100000| PB 0x00000000ea100000| Untracked 
| 674|0x00000000ea200000, 0x00000000ea300000, 0x00000000ea300000|100%|HS|  |TAMS 0x00000000ea200000| PB 0x00000000ea200000| Untracked 
| 675|0x00000000ea300000, 0x00000000ea400000, 0x00000000ea400000|100%|HS|  |TAMS 0x00000000ea300000| PB 0x00000000ea300000| Untracked 
| 676|0x00000000ea400000, 0x00000000ea500000, 0x00000000ea500000|100%|HS|  |TAMS 0x00000000ea400000| PB 0x00000000ea400000| Untracked 
| 677|0x00000000ea500000, 0x00000000ea600000, 0x00000000ea600000|100%|HS|  |TAMS 0x00000000ea500000| PB 0x00000000ea500000| Untracked 
| 678|0x00000000ea600000, 0x00000000ea700000, 0x00000000ea700000|100%|HS|  |TAMS 0x00000000ea600000| PB 0x00000000ea600000| Untracked 
| 679|0x00000000ea700000, 0x00000000ea800000, 0x00000000ea800000|100%|HS|  |TAMS 0x00000000ea700000| PB 0x00000000ea700000| Untracked 
| 680|0x00000000ea800000, 0x00000000ea900000, 0x00000000ea900000|100%|HS|  |TAMS 0x00000000ea800000| PB 0x00000000ea800000| Untracked 
| 681|0x00000000ea900000, 0x00000000ea9f8b48, 0x00000000eaa00000| 97%| O|  |TAMS 0x00000000ea900000| PB 0x00000000ea900000| Untracked 
| 682|0x00000000eaa00000, 0x00000000eab00000, 0x00000000eab00000|100%|HS|  |TAMS 0x00000000eaa00000| PB 0x00000000eaa00000| Untracked 
| 683|0x00000000eab00000, 0x00000000eac00000, 0x00000000eac00000|100%|HS|  |TAMS 0x00000000eab00000| PB 0x00000000eab00000| Untracked 
| 684|0x00000000eac00000, 0x00000000ead00000, 0x00000000ead00000|100%|HS|  |TAMS 0x00000000eac00000| PB 0x00000000eac00000| Untracked 
| 685|0x00000000ead00000, 0x00000000eae00000, 0x00000000eae00000|100%|HS|  |TAMS 0x00000000ead00000| PB 0x00000000ead00000| Untracked 
| 686|0x00000000eae00000, 0x00000000eaf00000, 0x00000000eaf00000|100%|HS|  |TAMS 0x00000000eae00000| PB 0x00000000eae00000| Untracked 
| 687|0x00000000eaf00000, 0x00000000eb000000, 0x00000000eb000000|100%|HS|  |TAMS 0x00000000eaf00000| PB 0x00000000eaf00000| Untracked 
| 688|0x00000000eb000000, 0x00000000eb100000, 0x00000000eb100000|100%|HS|  |TAMS 0x00000000eb000000| PB 0x00000000eb000000| Untracked 
| 689|0x00000000eb100000, 0x00000000eb200000, 0x00000000eb200000|100%|HS|  |TAMS 0x00000000eb100000| PB 0x00000000eb100000| Untracked 
| 690|0x00000000eb200000, 0x00000000eb300000, 0x00000000eb300000|100%|HS|  |TAMS 0x00000000eb200000| PB 0x00000000eb200000| Untracked 
| 691|0x00000000eb300000, 0x00000000eb3fd098, 0x00000000eb400000| 98%| O|  |TAMS 0x00000000eb300000| PB 0x00000000eb300000| Untracked 
| 692|0x00000000eb400000, 0x00000000eb500000, 0x00000000eb500000|100%|HS|  |TAMS 0x00000000eb400000| PB 0x00000000eb400000| Untracked 
| 693|0x00000000eb500000, 0x00000000eb600000, 0x00000000eb600000|100%|HS|  |TAMS 0x00000000eb500000| PB 0x00000000eb500000| Untracked 
| 694|0x00000000eb600000, 0x00000000eb700000, 0x00000000eb700000|100%|HS|  |TAMS 0x00000000eb600000| PB 0x00000000eb600000| Untracked 
| 695|0x00000000eb700000, 0x00000000eb800000, 0x00000000eb800000|100%|HS|  |TAMS 0x00000000eb700000| PB 0x00000000eb700000| Untracked 
| 696|0x00000000eb800000, 0x00000000eb900000, 0x00000000eb900000|100%|HS|  |TAMS 0x00000000eb800000| PB 0x00000000eb800000| Untracked 
| 697|0x00000000eb900000, 0x00000000eba00000, 0x00000000eba00000|100%|HS|  |TAMS 0x00000000eb900000| PB 0x00000000eb900000| Untracked 
| 698|0x00000000eba00000, 0x00000000ebb00000, 0x00000000ebb00000|100%|HS|  |TAMS 0x00000000eba00000| PB 0x00000000eba00000| Untracked 
| 699|0x00000000ebb00000, 0x00000000ebc00000, 0x00000000ebc00000|100%|HS|  |TAMS 0x00000000ebb00000| PB 0x00000000ebb00000| Untracked 
| 700|0x00000000ebc00000, 0x00000000ebd00000, 0x00000000ebd00000|100%|HS|  |TAMS 0x00000000ebc00000| PB 0x00000000ebc00000| Untracked 
| 701|0x00000000ebd00000, 0x00000000ebe00000, 0x00000000ebe00000|100%|HS|  |TAMS 0x00000000ebd00000| PB 0x00000000ebd00000| Untracked 
| 702|0x00000000ebe00000, 0x00000000ebf00000, 0x00000000ebf00000|100%|HS|  |TAMS 0x00000000ebe00000| PB 0x00000000ebe00000| Untracked 
| 703|0x00000000ebf00000, 0x00000000ec000000, 0x00000000ec000000|100%|HS|  |TAMS 0x00000000ebf00000| PB 0x00000000ebf00000| Untracked 
| 704|0x00000000ec000000, 0x00000000ec100000, 0x00000000ec100000|100%|HS|  |TAMS 0x00000000ec000000| PB 0x00000000ec000000| Untracked 
| 705|0x00000000ec100000, 0x00000000ec200000, 0x00000000ec200000|100%|HS|  |TAMS 0x00000000ec100000| PB 0x00000000ec100000| Untracked 
| 706|0x00000000ec200000, 0x00000000ec300000, 0x00000000ec300000|100%|HS|  |TAMS 0x00000000ec200000| PB 0x00000000ec200000| Untracked 
| 707|0x00000000ec300000, 0x00000000ec3f78e0, 0x00000000ec400000| 96%| O|  |TAMS 0x00000000ec300000| PB 0x00000000ec300000| Untracked 
| 708|0x00000000ec400000, 0x00000000ec500000, 0x00000000ec500000|100%|HS|  |TAMS 0x00000000ec400000| PB 0x00000000ec400000| Untracked 
| 709|0x00000000ec500000, 0x00000000ec600000, 0x00000000ec600000|100%|HS|  |TAMS 0x00000000ec500000| PB 0x00000000ec500000| Untracked 
| 710|0x00000000ec600000, 0x00000000ec700000, 0x00000000ec700000|100%|HS|  |TAMS 0x00000000ec600000| PB 0x00000000ec600000| Untracked 
| 711|0x00000000ec700000, 0x00000000ec7fe1e8, 0x00000000ec800000| 99%| O|  |TAMS 0x00000000ec700000| PB 0x00000000ec700000| Untracked 
| 712|0x00000000ec800000, 0x00000000ec900000, 0x00000000ec900000|100%|HS|  |TAMS 0x00000000ec800000| PB 0x00000000ec800000| Untracked 
| 713|0x00000000ec900000, 0x00000000eca00000, 0x00000000eca00000|100%|HS|  |TAMS 0x00000000ec900000| PB 0x00000000ec900000| Untracked 
| 714|0x00000000eca00000, 0x00000000ecb00000, 0x00000000ecb00000|100%|HS|  |TAMS 0x00000000eca00000| PB 0x00000000eca00000| Untracked 
| 715|0x00000000ecb00000, 0x00000000ecc00000, 0x00000000ecc00000|100%|HS|  |TAMS 0x00000000ecb00000| PB 0x00000000ecb00000| Untracked 
| 716|0x00000000ecc00000, 0x00000000eccfe440, 0x00000000ecd00000| 99%| O|  |TAMS 0x00000000ecc00000| PB 0x00000000ecc00000| Untracked 
| 717|0x00000000ecd00000, 0x00000000ecdf6098, 0x00000000ece00000| 96%| O|  |TAMS 0x00000000ecd00000| PB 0x00000000ecd00000| Untracked 
| 718|0x00000000ece00000, 0x00000000ecf00000, 0x00000000ecf00000|100%|HS|  |TAMS 0x00000000ece00000| PB 0x00000000ece00000| Untracked 
| 719|0x00000000ecf00000, 0x00000000ed000000, 0x00000000ed000000|100%|HS|  |TAMS 0x00000000ecf00000| PB 0x00000000ecf00000| Untracked 
| 720|0x00000000ed000000, 0x00000000ed100000, 0x00000000ed100000|100%|HS|  |TAMS 0x00000000ed000000| PB 0x00000000ed000000| Untracked 
| 721|0x00000000ed100000, 0x00000000ed1f99a8, 0x00000000ed200000| 97%| O|  |TAMS 0x00000000ed100000| PB 0x00000000ed100000| Untracked 
| 722|0x00000000ed200000, 0x00000000ed300000, 0x00000000ed300000|100%|HS|  |TAMS 0x00000000ed200000| PB 0x00000000ed200000| Untracked 
| 723|0x00000000ed300000, 0x00000000ed400000, 0x00000000ed400000|100%|HS|  |TAMS 0x00000000ed300000| PB 0x00000000ed300000| Untracked 
| 724|0x00000000ed400000, 0x00000000ed500000, 0x00000000ed500000|100%|HS|  |TAMS 0x00000000ed400000| PB 0x00000000ed400000| Untracked 
| 725|0x00000000ed500000, 0x00000000ed5fb8f8, 0x00000000ed600000| 98%| O|  |TAMS 0x00000000ed500000| PB 0x00000000ed500000| Untracked 
| 726|0x00000000ed600000, 0x00000000ed6fce40, 0x00000000ed700000| 98%| O|  |TAMS 0x00000000ed600000| PB 0x00000000ed600000| Untracked 
| 727|0x00000000ed700000, 0x00000000ed7fd1d0, 0x00000000ed800000| 98%| O|  |TAMS 0x00000000ed700000| PB 0x00000000ed700000| Untracked 
| 728|0x00000000ed800000, 0x00000000ed900000, 0x00000000ed900000|100%|HS|  |TAMS 0x00000000ed800000| PB 0x00000000ed800000| Untracked 
| 729|0x00000000ed900000, 0x00000000eda00000, 0x00000000eda00000|100%|HS|  |TAMS 0x00000000ed900000| PB 0x00000000ed900000| Untracked 
| 730|0x00000000eda00000, 0x00000000edafc708, 0x00000000edb00000| 98%| O|  |TAMS 0x00000000eda00000| PB 0x00000000eda00000| Untracked 
| 731|0x00000000edb00000, 0x00000000edbfe1d8, 0x00000000edc00000| 99%| O|  |TAMS 0x00000000edb00000| PB 0x00000000edb00000| Untracked 
| 732|0x00000000edc00000, 0x00000000edd00000, 0x00000000edd00000|100%|HS|  |TAMS 0x00000000edc00000| PB 0x00000000edc00000| Untracked 
| 733|0x00000000edd00000, 0x00000000ede00000, 0x00000000ede00000|100%|HS|  |TAMS 0x00000000edd00000| PB 0x00000000edd00000| Untracked 
| 734|0x00000000ede00000, 0x00000000edf00000, 0x00000000edf00000|100%|HS|  |TAMS 0x00000000ede00000| PB 0x00000000ede00000| Untracked 
| 735|0x00000000edf00000, 0x00000000ee000000, 0x00000000ee000000|100%|HS|  |TAMS 0x00000000edf00000| PB 0x00000000edf00000| Untracked 
| 736|0x00000000ee000000, 0x00000000ee0fe248, 0x00000000ee100000| 99%| O|  |TAMS 0x00000000ee000000| PB 0x00000000ee000000| Untracked 
| 737|0x00000000ee100000, 0x00000000ee1fd7c8, 0x00000000ee200000| 99%| O|  |TAMS 0x00000000ee100000| PB 0x00000000ee100000| Untracked 
| 738|0x00000000ee200000, 0x00000000ee300000, 0x00000000ee300000|100%|HS|  |TAMS 0x00000000ee200000| PB 0x00000000ee200000| Untracked 
| 739|0x00000000ee300000, 0x00000000ee400000, 0x00000000ee400000|100%|HS|  |TAMS 0x00000000ee300000| PB 0x00000000ee300000| Untracked 
| 740|0x00000000ee400000, 0x00000000ee500000, 0x00000000ee500000|100%|HS|  |TAMS 0x00000000ee400000| PB 0x00000000ee400000| Untracked 
| 741|0x00000000ee500000, 0x00000000ee5fd900, 0x00000000ee600000| 99%| O|  |TAMS 0x00000000ee500000| PB 0x00000000ee500000| Untracked 
| 742|0x00000000ee600000, 0x00000000ee6fa6f8, 0x00000000ee700000| 97%| O|  |TAMS 0x00000000ee600000| PB 0x00000000ee600000| Untracked 
| 743|0x00000000ee700000, 0x00000000ee7fe4a8, 0x00000000ee800000| 99%| O|  |TAMS 0x00000000ee700000| PB 0x00000000ee700000| Untracked 
| 744|0x00000000ee800000, 0x00000000ee8fe430, 0x00000000ee900000| 99%| O|  |TAMS 0x00000000ee800000| PB 0x00000000ee800000| Untracked 
| 745|0x00000000ee900000, 0x00000000ee9f8840, 0x00000000eea00000| 97%| O|  |TAMS 0x00000000ee900000| PB 0x00000000ee900000| Untracked 
| 746|0x00000000eea00000, 0x00000000eeafd620, 0x00000000eeb00000| 98%| O|  |TAMS 0x00000000eea00000| PB 0x00000000eea00000| Untracked 
| 747|0x00000000eeb00000, 0x00000000eebfe2b8, 0x00000000eec00000| 99%| O|  |TAMS 0x00000000eeb00000| PB 0x00000000eeb00000| Untracked 
| 748|0x00000000eec00000, 0x00000000eecf77d0, 0x00000000eed00000| 96%| O|  |TAMS 0x00000000eec00000| PB 0x00000000eec00000| Untracked 
| 749|0x00000000eed00000, 0x00000000eee00000, 0x00000000eee00000|100%|HS|  |TAMS 0x00000000eed00000| PB 0x00000000eed00000| Untracked 
| 750|0x00000000eee00000, 0x00000000eef00000, 0x00000000eef00000|100%|HS|  |TAMS 0x00000000eee00000| PB 0x00000000eee00000| Untracked 
| 751|0x00000000eef00000, 0x00000000eeffe340, 0x00000000ef000000| 99%| O|  |TAMS 0x00000000eef00000| PB 0x00000000eef00000| Untracked 
| 752|0x00000000ef000000, 0x00000000ef0fc2c0, 0x00000000ef100000| 98%| O|  |TAMS 0x00000000ef000000| PB 0x00000000ef000000| Untracked 
| 753|0x00000000ef100000, 0x00000000ef200000, 0x00000000ef200000|100%|HS|  |TAMS 0x00000000ef100000| PB 0x00000000ef100000| Untracked 
| 754|0x00000000ef200000, 0x00000000ef2fe4a0, 0x00000000ef300000| 99%| O|  |TAMS 0x00000000ef200000| PB 0x00000000ef200000| Untracked 
| 755|0x00000000ef300000, 0x00000000ef3fd9f0, 0x00000000ef400000| 99%| O|  |TAMS 0x00000000ef300000| PB 0x00000000ef300000| Untracked 
| 756|0x00000000ef400000, 0x00000000ef4f6858, 0x00000000ef500000| 96%| O|  |TAMS 0x00000000ef400000| PB 0x00000000ef400000| Untracked 
| 757|0x00000000ef500000, 0x00000000ef5fe708, 0x00000000ef600000| 99%| O|  |TAMS 0x00000000ef500000| PB 0x00000000ef500000| Untracked 
| 758|0x00000000ef600000, 0x00000000ef700000, 0x00000000ef700000|100%|HS|  |TAMS 0x00000000ef600000| PB 0x00000000ef600000| Untracked 
| 759|0x00000000ef700000, 0x00000000ef7fe490, 0x00000000ef800000| 99%| O|  |TAMS 0x00000000ef700000| PB 0x00000000ef700000| Untracked 
| 760|0x00000000ef800000, 0x00000000ef8fe3b0, 0x00000000ef900000| 99%| O|  |TAMS 0x00000000ef800000| PB 0x00000000ef800000| Untracked 
| 761|0x00000000ef900000, 0x00000000efa00000, 0x00000000efa00000|100%|HS|  |TAMS 0x00000000ef900000| PB 0x00000000ef900000| Untracked 
| 762|0x00000000efa00000, 0x00000000efafdd48, 0x00000000efb00000| 99%| O|  |TAMS 0x00000000efa00000| PB 0x00000000efa00000| Untracked 
| 763|0x00000000efb00000, 0x00000000efbfda60, 0x00000000efc00000| 99%| O|  |TAMS 0x00000000efb00000| PB 0x00000000efb00000| Untracked 
| 764|0x00000000efc00000, 0x00000000efcfdb60, 0x00000000efd00000| 99%| O|  |TAMS 0x00000000efc00000| PB 0x00000000efc00000| Untracked 
| 765|0x00000000efd00000, 0x00000000efdfefc8, 0x00000000efe00000| 99%| O|  |TAMS 0x00000000efd00000| PB 0x00000000efd00000| Untracked 
| 766|0x00000000efe00000, 0x00000000efeff0f0, 0x00000000eff00000| 99%| O|  |TAMS 0x00000000efe00000| PB 0x00000000efe00000| Untracked 
| 767|0x00000000eff00000, 0x00000000efffe120, 0x00000000f0000000| 99%| O|  |TAMS 0x00000000eff00000| PB 0x00000000eff00000| Untracked 
| 768|0x00000000f0000000, 0x00000000f0100000, 0x00000000f0100000|100%|HS|  |TAMS 0x00000000f0000000| PB 0x00000000f0000000| Untracked 
| 769|0x00000000f0100000, 0x00000000f01fe680, 0x00000000f0200000| 99%| O|  |TAMS 0x00000000f0100000| PB 0x00000000f0100000| Untracked 
| 770|0x00000000f0200000, 0x00000000f0300000, 0x00000000f0300000|100%|HS|  |TAMS 0x00000000f0200000| PB 0x00000000f0200000| Untracked 
| 771|0x00000000f0300000, 0x00000000f03fe780, 0x00000000f0400000| 99%| O|  |TAMS 0x00000000f0300000| PB 0x00000000f0300000| Untracked 
| 772|0x00000000f0400000, 0x00000000f04fae28, 0x00000000f0500000| 98%| O|  |TAMS 0x00000000f0400000| PB 0x00000000f0400000| Untracked 
| 773|0x00000000f0500000, 0x00000000f05fe498, 0x00000000f0600000| 99%| O|  |TAMS 0x00000000f0500000| PB 0x00000000f0500000| Untracked 
| 774|0x00000000f0600000, 0x00000000f06fe790, 0x00000000f0700000| 99%| O|  |TAMS 0x00000000f0600000| PB 0x00000000f0600000| Untracked 
| 775|0x00000000f0700000, 0x00000000f0800000, 0x00000000f0800000|100%|HS|  |TAMS 0x00000000f0700000| PB 0x00000000f0700000| Untracked 
| 776|0x00000000f0800000, 0x00000000f0900000, 0x00000000f0900000|100%|HS|  |TAMS 0x00000000f0800000| PB 0x00000000f0800000| Untracked 
| 777|0x00000000f0900000, 0x00000000f09fe458, 0x00000000f0a00000| 99%| O|  |TAMS 0x00000000f0900000| PB 0x00000000f0900000| Untracked 
| 778|0x00000000f0a00000, 0x00000000f0afe388, 0x00000000f0b00000| 99%| O|  |TAMS 0x00000000f0a00000| PB 0x00000000f0a00000| Untracked 
| 779|0x00000000f0b00000, 0x00000000f0bfe8f0, 0x00000000f0c00000| 99%| O|  |TAMS 0x00000000f0b00000| PB 0x00000000f0b00000| Untracked 
| 780|0x00000000f0c00000, 0x00000000f0cfa870, 0x00000000f0d00000| 97%| O|  |TAMS 0x00000000f0c00000| PB 0x00000000f0c00000| Untracked 
| 781|0x00000000f0d00000, 0x00000000f0dfede8, 0x00000000f0e00000| 99%| O|  |TAMS 0x00000000f0d00000| PB 0x00000000f0d00000| Untracked 
| 782|0x00000000f0e00000, 0x00000000f0ef61d0, 0x00000000f0f00000| 96%| O|  |TAMS 0x00000000f0e00000| PB 0x00000000f0e00000| Untracked 
| 783|0x00000000f0f00000, 0x00000000f0ff4f40, 0x00000000f1000000| 95%| O|  |TAMS 0x00000000f0f00000| PB 0x00000000f0f00000| Untracked 
| 784|0x00000000f1000000, 0x00000000f10f52a0, 0x00000000f1100000| 95%| O|  |TAMS 0x00000000f1000000| PB 0x00000000f1000000| Untracked 
| 785|0x00000000f1100000, 0x00000000f11f9e98, 0x00000000f1200000| 97%| O|  |TAMS 0x00000000f1100000| PB 0x00000000f1100000| Untracked 
| 786|0x00000000f1200000, 0x00000000f12faf28, 0x00000000f1300000| 98%| O|  |TAMS 0x00000000f1200000| PB 0x00000000f1200000| Untracked 
| 787|0x00000000f1300000, 0x00000000f13fea80, 0x00000000f1400000| 99%| O|  |TAMS 0x00000000f1300000| PB 0x00000000f1300000| Untracked 
| 788|0x00000000f1400000, 0x00000000f14fef08, 0x00000000f1500000| 99%| O|  |TAMS 0x00000000f1400000| PB 0x00000000f1400000| Untracked 
| 789|0x00000000f1500000, 0x00000000f1600000, 0x00000000f1600000|100%|HS|  |TAMS 0x00000000f1500000| PB 0x00000000f1500000| Untracked 
| 790|0x00000000f1600000, 0x00000000f1700000, 0x00000000f1700000|100%|HS|  |TAMS 0x00000000f1600000| PB 0x00000000f1600000| Untracked 
| 791|0x00000000f1700000, 0x00000000f17fd048, 0x00000000f1800000| 98%| O|  |TAMS 0x00000000f1700000| PB 0x00000000f1700000| Untracked 
| 792|0x00000000f1800000, 0x00000000f1900000, 0x00000000f1900000|100%|HS|  |TAMS 0x00000000f1800000| PB 0x00000000f1800000| Untracked 
| 793|0x00000000f1900000, 0x00000000f1a00000, 0x00000000f1a00000|100%|HS|  |TAMS 0x00000000f1900000| PB 0x00000000f1900000| Untracked 
| 794|0x00000000f1a00000, 0x00000000f1af5578, 0x00000000f1b00000| 95%| O|  |TAMS 0x00000000f1a00000| PB 0x00000000f1a00000| Untracked 
| 795|0x00000000f1b00000, 0x00000000f1c00000, 0x00000000f1c00000|100%|HS|  |TAMS 0x00000000f1b00000| PB 0x00000000f1b00000| Untracked 
| 796|0x00000000f1c00000, 0x00000000f1cfa570, 0x00000000f1d00000| 97%| O|  |TAMS 0x00000000f1c00000| PB 0x00000000f1c00000| Untracked 
| 797|0x00000000f1d00000, 0x00000000f1e00000, 0x00000000f1e00000|100%|HS|  |TAMS 0x00000000f1d00000| PB 0x00000000f1d00000| Untracked 
| 798|0x00000000f1e00000, 0x00000000f1f00000, 0x00000000f1f00000|100%|HS|  |TAMS 0x00000000f1e00000| PB 0x00000000f1e00000| Untracked 
| 799|0x00000000f1f00000, 0x00000000f2000000, 0x00000000f2000000|100%|HS|  |TAMS 0x00000000f1f00000| PB 0x00000000f1f00000| Untracked 
| 800|0x00000000f2000000, 0x00000000f2100000, 0x00000000f2100000|100%|HS|  |TAMS 0x00000000f2000000| PB 0x00000000f2000000| Untracked 
| 801|0x00000000f2100000, 0x00000000f2200000, 0x00000000f2200000|100%|HS|  |TAMS 0x00000000f2100000| PB 0x00000000f2100000| Untracked 
| 802|0x00000000f2200000, 0x00000000f2300000, 0x00000000f2300000|100%|HS|  |TAMS 0x00000000f2200000| PB 0x00000000f2200000| Untracked 
| 803|0x00000000f2300000, 0x00000000f2400000, 0x00000000f2400000|100%|HS|  |TAMS 0x00000000f2300000| PB 0x00000000f2300000| Untracked 
| 804|0x00000000f2400000, 0x00000000f2500000, 0x00000000f2500000|100%|HS|  |TAMS 0x00000000f2400000| PB 0x00000000f2400000| Untracked 
| 805|0x00000000f2500000, 0x00000000f2600000, 0x00000000f2600000|100%|HS|  |TAMS 0x00000000f2500000| PB 0x00000000f2500000| Untracked 
| 806|0x00000000f2600000, 0x00000000f2700000, 0x00000000f2700000|100%|HS|  |TAMS 0x00000000f2600000| PB 0x00000000f2600000| Untracked 
| 807|0x00000000f2700000, 0x00000000f2800000, 0x00000000f2800000|100%|HS|  |TAMS 0x00000000f2700000| PB 0x00000000f2700000| Untracked 
| 808|0x00000000f2800000, 0x00000000f2900000, 0x00000000f2900000|100%|HS|  |TAMS 0x00000000f2800000| PB 0x00000000f2800000| Untracked 
| 809|0x00000000f2900000, 0x00000000f2a00000, 0x00000000f2a00000|100%|HS|  |TAMS 0x00000000f2900000| PB 0x00000000f2900000| Untracked 
| 810|0x00000000f2a00000, 0x00000000f2b00000, 0x00000000f2b00000|100%|HS|  |TAMS 0x00000000f2a00000| PB 0x00000000f2a00000| Untracked 
| 811|0x00000000f2b00000, 0x00000000f2c00000, 0x00000000f2c00000|100%|HS|  |TAMS 0x00000000f2b00000| PB 0x00000000f2b00000| Untracked 
| 812|0x00000000f2c00000, 0x00000000f2d00000, 0x00000000f2d00000|100%|HS|  |TAMS 0x00000000f2c00000| PB 0x00000000f2c00000| Untracked 
| 813|0x00000000f2d00000, 0x00000000f2e00000, 0x00000000f2e00000|100%|HS|  |TAMS 0x00000000f2d00000| PB 0x00000000f2d00000| Untracked 
| 814|0x00000000f2e00000, 0x00000000f2f00000, 0x00000000f2f00000|100%|HS|  |TAMS 0x00000000f2e00000| PB 0x00000000f2e00000| Untracked 
| 815|0x00000000f2f00000, 0x00000000f3000000, 0x00000000f3000000|100%|HS|  |TAMS 0x00000000f2f00000| PB 0x00000000f2f00000| Untracked 
| 816|0x00000000f3000000, 0x00000000f3100000, 0x00000000f3100000|100%|HS|  |TAMS 0x00000000f3000000| PB 0x00000000f3000000| Untracked 
| 817|0x00000000f3100000, 0x00000000f3200000, 0x00000000f3200000|100%|HS|  |TAMS 0x00000000f3100000| PB 0x00000000f3100000| Untracked 
| 818|0x00000000f3200000, 0x00000000f3300000, 0x00000000f3300000|100%|HS|  |TAMS 0x00000000f3200000| PB 0x00000000f3200000| Untracked 
| 819|0x00000000f3300000, 0x00000000f3400000, 0x00000000f3400000|100%|HS|  |TAMS 0x00000000f3300000| PB 0x00000000f3300000| Untracked 
| 820|0x00000000f3400000, 0x00000000f3500000, 0x00000000f3500000|100%|HS|  |TAMS 0x00000000f3400000| PB 0x00000000f3400000| Untracked 
| 821|0x00000000f3500000, 0x00000000f3600000, 0x00000000f3600000|100%|HS|  |TAMS 0x00000000f3500000| PB 0x00000000f3500000| Untracked 
| 822|0x00000000f3600000, 0x00000000f3700000, 0x00000000f3700000|100%|HS|  |TAMS 0x00000000f3600000| PB 0x00000000f3600000| Untracked 
| 823|0x00000000f3700000, 0x00000000f3800000, 0x00000000f3800000|100%|HS|  |TAMS 0x00000000f3700000| PB 0x00000000f3700000| Untracked 
| 824|0x00000000f3800000, 0x00000000f3900000, 0x00000000f3900000|100%|HS|  |TAMS 0x00000000f3800000| PB 0x00000000f3800000| Untracked 
| 825|0x00000000f3900000, 0x00000000f3a00000, 0x00000000f3a00000|100%|HS|  |TAMS 0x00000000f3900000| PB 0x00000000f3900000| Untracked 
| 826|0x00000000f3a00000, 0x00000000f3b00000, 0x00000000f3b00000|100%|HS|  |TAMS 0x00000000f3a00000| PB 0x00000000f3a00000| Untracked 
| 827|0x00000000f3b00000, 0x00000000f3c00000, 0x00000000f3c00000|100%|HS|  |TAMS 0x00000000f3b00000| PB 0x00000000f3b00000| Untracked 
| 828|0x00000000f3c00000, 0x00000000f3cf34b0, 0x00000000f3d00000| 95%| O|  |TAMS 0x00000000f3c00000| PB 0x00000000f3c00000| Untracked 
| 829|0x00000000f3d00000, 0x00000000f3e00000, 0x00000000f3e00000|100%|HS|  |TAMS 0x00000000f3d00000| PB 0x00000000f3d00000| Untracked 
| 830|0x00000000f3e00000, 0x00000000f3ef6328, 0x00000000f3f00000| 96%| O|  |TAMS 0x00000000f3e00000| PB 0x00000000f3e00000| Untracked 
| 831|0x00000000f3f00000, 0x00000000f4000000, 0x00000000f4000000|100%|HS|  |TAMS 0x00000000f3f00000| PB 0x00000000f3f00000| Untracked 
| 832|0x00000000f4000000, 0x00000000f4100000, 0x00000000f4100000|100%|HS|  |TAMS 0x00000000f4000000| PB 0x00000000f4000000| Untracked 
| 833|0x00000000f4100000, 0x00000000f4200000, 0x00000000f4200000|100%|HS|  |TAMS 0x00000000f4100000| PB 0x00000000f4100000| Untracked 
| 834|0x00000000f4200000, 0x00000000f4300000, 0x00000000f4300000|100%|HS|  |TAMS 0x00000000f4200000| PB 0x00000000f4200000| Untracked 
| 835|0x00000000f4300000, 0x00000000f4400000, 0x00000000f4400000|100%|HS|  |TAMS 0x00000000f4300000| PB 0x00000000f4300000| Untracked 
| 836|0x00000000f4400000, 0x00000000f4500000, 0x00000000f4500000|100%|HS|  |TAMS 0x00000000f4400000| PB 0x00000000f4400000| Untracked 
| 837|0x00000000f4500000, 0x00000000f4600000, 0x00000000f4600000|100%|HS|  |TAMS 0x00000000f4500000| PB 0x00000000f4500000| Untracked 
| 838|0x00000000f4600000, 0x00000000f46f7060, 0x00000000f4700000| 96%| O|  |TAMS 0x00000000f4600000| PB 0x00000000f4600000| Untracked 
| 839|0x00000000f4700000, 0x00000000f4800000, 0x00000000f4800000|100%|HS|  |TAMS 0x00000000f4700000| PB 0x00000000f4700000| Untracked 
| 840|0x00000000f4800000, 0x00000000f48f3c00, 0x00000000f4900000| 95%| O|  |TAMS 0x00000000f4800000| PB 0x00000000f4800000| Untracked 
| 841|0x00000000f4900000, 0x00000000f4a00000, 0x00000000f4a00000|100%|HS|  |TAMS 0x00000000f4900000| PB 0x00000000f4900000| Untracked 
| 842|0x00000000f4a00000, 0x00000000f4b00000, 0x00000000f4b00000|100%|HS|  |TAMS 0x00000000f4a00000| PB 0x00000000f4a00000| Untracked 
| 843|0x00000000f4b00000, 0x00000000f4c00000, 0x00000000f4c00000|100%|HS|  |TAMS 0x00000000f4b00000| PB 0x00000000f4b00000| Untracked 
| 844|0x00000000f4c00000, 0x00000000f4d00000, 0x00000000f4d00000|100%|HS|  |TAMS 0x00000000f4c00000| PB 0x00000000f4c00000| Untracked 
| 845|0x00000000f4d00000, 0x00000000f4e00000, 0x00000000f4e00000|100%|HS|  |TAMS 0x00000000f4d00000| PB 0x00000000f4d00000| Untracked 
| 846|0x00000000f4e00000, 0x00000000f4f00000, 0x00000000f4f00000|100%|HS|  |TAMS 0x00000000f4e00000| PB 0x00000000f4e00000| Untracked 
| 847|0x00000000f4f00000, 0x00000000f5000000, 0x00000000f5000000|100%|HS|  |TAMS 0x00000000f4f00000| PB 0x00000000f4f00000| Untracked 
| 848|0x00000000f5000000, 0x00000000f50f6420, 0x00000000f5100000| 96%| O|  |TAMS 0x00000000f5000000| PB 0x00000000f5000000| Untracked 
| 849|0x00000000f5100000, 0x00000000f5200000, 0x00000000f5200000|100%|HS|  |TAMS 0x00000000f5100000| PB 0x00000000f5100000| Untracked 
| 850|0x00000000f5200000, 0x00000000f52f51b0, 0x00000000f5300000| 95%| O|  |TAMS 0x00000000f5200000| PB 0x00000000f5200000| Untracked 
| 851|0x00000000f5300000, 0x00000000f53f3728, 0x00000000f5400000| 95%| O|  |TAMS 0x00000000f5300000| PB 0x00000000f5300000| Untracked 
| 852|0x00000000f5400000, 0x00000000f5500000, 0x00000000f5500000|100%|HS|  |TAMS 0x00000000f5400000| PB 0x00000000f5400000| Untracked 
| 853|0x00000000f5500000, 0x00000000f5600000, 0x00000000f5600000|100%|HS|  |TAMS 0x00000000f5500000| PB 0x00000000f5500000| Untracked 
| 854|0x00000000f5600000, 0x00000000f56f62b8, 0x00000000f5700000| 96%| O|  |TAMS 0x00000000f5600000| PB 0x00000000f5600000| Untracked 
| 855|0x00000000f5700000, 0x00000000f5800000, 0x00000000f5800000|100%|HS|  |TAMS 0x00000000f5700000| PB 0x00000000f5700000| Untracked 
| 856|0x00000000f5800000, 0x00000000f5900000, 0x00000000f5900000|100%|HS|  |TAMS 0x00000000f5800000| PB 0x00000000f5800000| Untracked 
| 857|0x00000000f5900000, 0x00000000f59f6ef0, 0x00000000f5a00000| 96%| O|  |TAMS 0x00000000f5900000| PB 0x00000000f5900000| Untracked 
| 858|0x00000000f5a00000, 0x00000000f5af69c0, 0x00000000f5b00000| 96%| O|  |TAMS 0x00000000f5a00000| PB 0x00000000f5a00000| Untracked 
| 859|0x00000000f5b00000, 0x00000000f5bf5948, 0x00000000f5c00000| 95%| O|  |TAMS 0x00000000f5b00000| PB 0x00000000f5b00000| Untracked 
| 860|0x00000000f5c00000, 0x00000000f5cf5ac0, 0x00000000f5d00000| 95%| O|  |TAMS 0x00000000f5c00000| PB 0x00000000f5c00000| Untracked 
| 861|0x00000000f5d00000, 0x00000000f5e00000, 0x00000000f5e00000|100%|HS|  |TAMS 0x00000000f5d00000| PB 0x00000000f5d00000| Untracked 
| 862|0x00000000f5e00000, 0x00000000f5ef5f68, 0x00000000f5f00000| 96%| O|  |TAMS 0x00000000f5e00000| PB 0x00000000f5e00000| Untracked 
| 863|0x00000000f5f00000, 0x00000000f5ff5a60, 0x00000000f6000000| 95%| O|  |TAMS 0x00000000f5f00000| PB 0x00000000f5f00000| Untracked 
| 864|0x00000000f6000000, 0x00000000f60f5958, 0x00000000f6100000| 95%| O|  |TAMS 0x00000000f6000000| PB 0x00000000f6000000| Untracked 
| 865|0x00000000f6100000, 0x00000000f61f5668, 0x00000000f6200000| 95%| O|  |TAMS 0x00000000f6100000| PB 0x00000000f6100000| Untracked 
| 866|0x00000000f6200000, 0x00000000f6300000, 0x00000000f6300000|100%|HS|  |TAMS 0x00000000f6200000| PB 0x00000000f6200000| Untracked 
| 867|0x00000000f6300000, 0x00000000f63f6418, 0x00000000f6400000| 96%| O|  |TAMS 0x00000000f6300000| PB 0x00000000f6300000| Untracked 
| 868|0x00000000f6400000, 0x00000000f64f6420, 0x00000000f6500000| 96%| O|  |TAMS 0x00000000f6400000| PB 0x00000000f6400000| Untracked 
| 869|0x00000000f6500000, 0x00000000f65f6388, 0x00000000f6600000| 96%| O|  |TAMS 0x00000000f6500000| PB 0x00000000f6500000| Untracked 
| 870|0x00000000f6600000, 0x00000000f6700000, 0x00000000f6700000|100%|HS|  |TAMS 0x00000000f6600000| PB 0x00000000f6600000| Untracked 
| 871|0x00000000f6700000, 0x00000000f67f5c58, 0x00000000f6800000| 96%| O|  |TAMS 0x00000000f6700000| PB 0x00000000f6700000| Untracked 
| 872|0x00000000f6800000, 0x00000000f68f6178, 0x00000000f6900000| 96%| O|  |TAMS 0x00000000f6800000| PB 0x00000000f6800000| Untracked 
| 873|0x00000000f6900000, 0x00000000f6a00000, 0x00000000f6a00000|100%|HS|  |TAMS 0x00000000f6900000| PB 0x00000000f6900000| Untracked 
| 874|0x00000000f6a00000, 0x00000000f6af67c0, 0x00000000f6b00000| 96%| O|  |TAMS 0x00000000f6a00000| PB 0x00000000f6a00000| Untracked 
| 875|0x00000000f6b00000, 0x00000000f6bf7bf8, 0x00000000f6c00000| 96%| O|  |TAMS 0x00000000f6b00000| PB 0x00000000f6b00000| Untracked 
| 876|0x00000000f6c00000, 0x00000000f6cf5f70, 0x00000000f6d00000| 96%| O|  |TAMS 0x00000000f6c00000| PB 0x00000000f6c00000| Untracked 
| 877|0x00000000f6d00000, 0x00000000f6df64a8, 0x00000000f6e00000| 96%| O|  |TAMS 0x00000000f6d00000| PB 0x00000000f6d00000| Untracked 
| 878|0x00000000f6e00000, 0x00000000f6ef68f0, 0x00000000f6f00000| 96%| O|  |TAMS 0x00000000f6e00000| PB 0x00000000f6e00000| Untracked 
| 879|0x00000000f6f00000, 0x00000000f6ff5e50, 0x00000000f7000000| 96%| O|  |TAMS 0x00000000f6f00000| PB 0x00000000f6f00000| Untracked 
| 880|0x00000000f7000000, 0x00000000f70f66a0, 0x00000000f7100000| 96%| O|  |TAMS 0x00000000f7000000| PB 0x00000000f7000000| Untracked 
| 881|0x00000000f7100000, 0x00000000f71f7138, 0x00000000f7200000| 96%| O|  |TAMS 0x00000000f7100000| PB 0x00000000f7100000| Untracked 
| 882|0x00000000f7200000, 0x00000000f72f64a0, 0x00000000f7300000| 96%| O|  |TAMS 0x00000000f7200000| PB 0x00000000f7200000| Untracked 
| 883|0x00000000f7300000, 0x00000000f73f69e8, 0x00000000f7400000| 96%| O|  |TAMS 0x00000000f7300000| PB 0x00000000f7300000| Untracked 
| 884|0x00000000f7400000, 0x00000000f74f6e40, 0x00000000f7500000| 96%| O|  |TAMS 0x00000000f7400000| PB 0x00000000f7400000| Untracked 
| 885|0x00000000f7500000, 0x00000000f75f8140, 0x00000000f7600000| 96%| O|  |TAMS 0x00000000f7500000| PB 0x00000000f7500000| Untracked 
| 886|0x00000000f7600000, 0x00000000f76f6d30, 0x00000000f7700000| 96%| O|  |TAMS 0x00000000f7600000| PB 0x00000000f7600000| Untracked 
| 887|0x00000000f7700000, 0x00000000f77f6cb0, 0x00000000f7800000| 96%| O|  |TAMS 0x00000000f7700000| PB 0x00000000f7700000| Untracked 
| 888|0x00000000f7800000, 0x00000000f78f65e8, 0x00000000f7900000| 96%| O|  |TAMS 0x00000000f7800000| PB 0x00000000f7800000| Untracked 
| 889|0x00000000f7900000, 0x00000000f79f6620, 0x00000000f7a00000| 96%| O|  |TAMS 0x00000000f7900000| PB 0x00000000f7900000| Untracked 
| 890|0x00000000f7a00000, 0x00000000f7af6bf0, 0x00000000f7b00000| 96%| O|  |TAMS 0x00000000f7a00000| PB 0x00000000f7a00000| Untracked 
| 891|0x00000000f7b00000, 0x00000000f7bf8e58, 0x00000000f7c00000| 97%| O|  |TAMS 0x00000000f7b00000| PB 0x00000000f7b00000| Untracked 
| 892|0x00000000f7c00000, 0x00000000f7cf7358, 0x00000000f7d00000| 96%| O|  |TAMS 0x00000000f7c00000| PB 0x00000000f7c00000| Untracked 
| 893|0x00000000f7d00000, 0x00000000f7df8ad0, 0x00000000f7e00000| 97%| O|  |TAMS 0x00000000f7d00000| PB 0x00000000f7d00000| Untracked 
| 894|0x00000000f7e00000, 0x00000000f7ef7db0, 0x00000000f7f00000| 96%| O|  |TAMS 0x00000000f7e00000| PB 0x00000000f7e00000| Untracked 
| 895|0x00000000f7f00000, 0x00000000f7ff82d0, 0x00000000f8000000| 96%| O|  |TAMS 0x00000000f7f00000| PB 0x00000000f7f00000| Untracked 
| 896|0x00000000f8000000, 0x00000000f8100000, 0x00000000f8100000|100%|HS|  |TAMS 0x00000000f8000000| PB 0x00000000f8000000| Untracked 
| 897|0x00000000f8100000, 0x00000000f8200000, 0x00000000f8200000|100%|HS|  |TAMS 0x00000000f8100000| PB 0x00000000f8100000| Untracked 
| 898|0x00000000f8200000, 0x00000000f82f6ab8, 0x00000000f8300000| 96%| O|  |TAMS 0x00000000f8200000| PB 0x00000000f8200000| Untracked 
| 899|0x00000000f8300000, 0x00000000f83f78a8, 0x00000000f8400000| 96%| O|  |TAMS 0x00000000f8300000| PB 0x00000000f8300000| Untracked 
| 900|0x00000000f8400000, 0x00000000f84f4d38, 0x00000000f8500000| 95%| O|  |TAMS 0x00000000f8400000| PB 0x00000000f8400000| Untracked 
| 901|0x00000000f8500000, 0x00000000f85f4e48, 0x00000000f8600000| 95%| O|  |TAMS 0x00000000f8500000| PB 0x00000000f8500000| Untracked 
| 902|0x00000000f8600000, 0x00000000f86f79c0, 0x00000000f8700000| 96%| O|  |TAMS 0x00000000f8600000| PB 0x00000000f8600000| Untracked 
| 903|0x00000000f8700000, 0x00000000f87f87f8, 0x00000000f8800000| 97%| O|  |TAMS 0x00000000f8700000| PB 0x00000000f8700000| Untracked 
| 904|0x00000000f8800000, 0x00000000f88f8058, 0x00000000f8900000| 96%| O|  |TAMS 0x00000000f8800000| PB 0x00000000f8800000| Untracked 
| 905|0x00000000f8900000, 0x00000000f89f8dd8, 0x00000000f8a00000| 97%| O|  |TAMS 0x00000000f8900000| PB 0x00000000f8900000| Untracked 
| 906|0x00000000f8a00000, 0x00000000f8af85f0, 0x00000000f8b00000| 97%| O|  |TAMS 0x00000000f8a00000| PB 0x00000000f8a00000| Untracked 
| 907|0x00000000f8b00000, 0x00000000f8bf8b10, 0x00000000f8c00000| 97%| O|  |TAMS 0x00000000f8b00000| PB 0x00000000f8b00000| Untracked 
| 908|0x00000000f8c00000, 0x00000000f8cf83d0, 0x00000000f8d00000| 96%| O|  |TAMS 0x00000000f8c00000| PB 0x00000000f8c00000| Untracked 
| 909|0x00000000f8d00000, 0x00000000f8df9070, 0x00000000f8e00000| 97%| O|  |TAMS 0x00000000f8d00000| PB 0x00000000f8d00000| Untracked 
| 910|0x00000000f8e00000, 0x00000000f8ef8c50, 0x00000000f8f00000| 97%| O|  |TAMS 0x00000000f8e00000| PB 0x00000000f8e00000| Untracked 
| 911|0x00000000f8f00000, 0x00000000f8ff81d8, 0x00000000f9000000| 96%| O|  |TAMS 0x00000000f8f00000| PB 0x00000000f8f00000| Untracked 
| 912|0x00000000f9000000, 0x00000000f90f82e0, 0x00000000f9100000| 96%| O|  |TAMS 0x00000000f9000000| PB 0x00000000f9000000| Untracked 
| 913|0x00000000f9100000, 0x00000000f91f8650, 0x00000000f9200000| 97%| O|  |TAMS 0x00000000f9100000| PB 0x00000000f9100000| Untracked 
| 914|0x00000000f9200000, 0x00000000f92f9200, 0x00000000f9300000| 97%| O|  |TAMS 0x00000000f9200000| PB 0x00000000f9200000| Untracked 
| 915|0x00000000f9300000, 0x00000000f93f9178, 0x00000000f9400000| 97%| O|  |TAMS 0x00000000f9300000| PB 0x00000000f9300000| Untracked 
| 916|0x00000000f9400000, 0x00000000f94f9188, 0x00000000f9500000| 97%| O|  |TAMS 0x00000000f9400000| PB 0x00000000f9400000| Untracked 
| 917|0x00000000f9500000, 0x00000000f95fa430, 0x00000000f9600000| 97%| O|  |TAMS 0x00000000f9500000| PB 0x00000000f9500000| Untracked 
| 918|0x00000000f9600000, 0x00000000f96f8c08, 0x00000000f9700000| 97%| O|  |TAMS 0x00000000f9600000| PB 0x00000000f9600000| Untracked 
| 919|0x00000000f9700000, 0x00000000f97f8d00, 0x00000000f9800000| 97%| O|  |TAMS 0x00000000f9700000| PB 0x00000000f9700000| Untracked 
| 920|0x00000000f9800000, 0x00000000f98f95d8, 0x00000000f9900000| 97%| O|  |TAMS 0x00000000f9800000| PB 0x00000000f9800000| Untracked 
| 921|0x00000000f9900000, 0x00000000f99f8a08, 0x00000000f9a00000| 97%| O|  |TAMS 0x00000000f9900000| PB 0x00000000f9900000| Untracked 
| 922|0x00000000f9a00000, 0x00000000f9af8b10, 0x00000000f9b00000| 97%| O|  |TAMS 0x00000000f9a00000| PB 0x00000000f9a00000| Untracked 
| 923|0x00000000f9b00000, 0x00000000f9bf98d8, 0x00000000f9c00000| 97%| O|  |TAMS 0x00000000f9b00000| PB 0x00000000f9b00000| Untracked 
| 924|0x00000000f9c00000, 0x00000000f9cf89f0, 0x00000000f9d00000| 97%| O|  |TAMS 0x00000000f9c00000| PB 0x00000000f9c00000| Untracked 
| 925|0x00000000f9d00000, 0x00000000f9dfaca0, 0x00000000f9e00000| 97%| O|  |TAMS 0x00000000f9d00000| PB 0x00000000f9d00000| Untracked 
| 926|0x00000000f9e00000, 0x00000000f9efad48, 0x00000000f9f00000| 97%| O|  |TAMS 0x00000000f9e00000| PB 0x00000000f9e00000| Untracked 
| 927|0x00000000f9f00000, 0x00000000fa000000, 0x00000000fa000000|100%|HS|  |TAMS 0x00000000f9f00000| PB 0x00000000f9f00000| Untracked 
| 928|0x00000000fa000000, 0x00000000fa0f7fc8, 0x00000000fa100000| 96%| O|  |TAMS 0x00000000fa000000| PB 0x00000000fa000000| Untracked 
| 929|0x00000000fa100000, 0x00000000fa1fa920, 0x00000000fa200000| 97%| O|  |TAMS 0x00000000fa100000| PB 0x00000000fa100000| Untracked 
| 930|0x00000000fa200000, 0x00000000fa2fa450, 0x00000000fa300000| 97%| O|  |TAMS 0x00000000fa200000| PB 0x00000000fa200000| Untracked 
| 931|0x00000000fa300000, 0x00000000fa3f91f8, 0x00000000fa400000| 97%| O|  |TAMS 0x00000000fa300000| PB 0x00000000fa300000| Untracked 
| 932|0x00000000fa400000, 0x00000000fa4f93e8, 0x00000000fa500000| 97%| O|  |TAMS 0x00000000fa400000| PB 0x00000000fa400000| Untracked 
| 933|0x00000000fa500000, 0x00000000fa5f92f0, 0x00000000fa600000| 97%| O|  |TAMS 0x00000000fa500000| PB 0x00000000fa500000| Untracked 
| 934|0x00000000fa600000, 0x00000000fa700000, 0x00000000fa700000|100%|HS|  |TAMS 0x00000000fa600000| PB 0x00000000fa600000| Untracked 
| 935|0x00000000fa700000, 0x00000000fa7f6f60, 0x00000000fa800000| 96%| O|  |TAMS 0x00000000fa700000| PB 0x00000000fa700000| Untracked 
| 936|0x00000000fa800000, 0x00000000fa8fae40, 0x00000000fa900000| 98%| O|  |TAMS 0x00000000fa800000| PB 0x00000000fa800000| Untracked 
| 937|0x00000000fa900000, 0x00000000fa9f9d50, 0x00000000faa00000| 97%| O|  |TAMS 0x00000000fa900000| PB 0x00000000fa900000| Untracked 
| 938|0x00000000faa00000, 0x00000000faaf4ad8, 0x00000000fab00000| 95%| O|  |TAMS 0x00000000faa00000| PB 0x00000000faa00000| Untracked 
| 939|0x00000000fab00000, 0x00000000fabf8440, 0x00000000fac00000| 96%| O|  |TAMS 0x00000000fab00000| PB 0x00000000fab00000| Untracked 
| 940|0x00000000fac00000, 0x00000000fad00000, 0x00000000fad00000|100%|HS|  |TAMS 0x00000000fac00000| PB 0x00000000fac00000| Untracked 
| 941|0x00000000fad00000, 0x00000000fadf8480, 0x00000000fae00000| 96%| O|  |TAMS 0x00000000fad00000| PB 0x00000000fad00000| Untracked 
| 942|0x00000000fae00000, 0x00000000faef84b0, 0x00000000faf00000| 96%| O|  |TAMS 0x00000000fae00000| PB 0x00000000fae00000| Untracked 
| 943|0x00000000faf00000, 0x00000000faffbc08, 0x00000000fb000000| 98%| O|  |TAMS 0x00000000faf00000| PB 0x00000000faf00000| Untracked 
| 944|0x00000000fb000000, 0x00000000fb0fbd08, 0x00000000fb100000| 98%| O|  |TAMS 0x00000000fb000000| PB 0x00000000fb000000| Untracked 
| 945|0x00000000fb100000, 0x00000000fb200000, 0x00000000fb200000|100%|HS|  |TAMS 0x00000000fb100000| PB 0x00000000fb100000| Untracked 
| 946|0x00000000fb200000, 0x00000000fb2fca50, 0x00000000fb300000| 98%| O|  |TAMS 0x00000000fb200000| PB 0x00000000fb200000| Untracked 
| 947|0x00000000fb300000, 0x00000000fb400000, 0x00000000fb400000|100%|HS|  |TAMS 0x00000000fb300000| PB 0x00000000fb300000| Untracked 
| 948|0x00000000fb400000, 0x00000000fb500000, 0x00000000fb500000|100%|HS|  |TAMS 0x00000000fb400000| PB 0x00000000fb400000| Untracked 
| 949|0x00000000fb500000, 0x00000000fb5fa228, 0x00000000fb600000| 97%| O|  |TAMS 0x00000000fb500000| PB 0x00000000fb500000| Untracked 
| 950|0x00000000fb600000, 0x00000000fb700000, 0x00000000fb700000|100%|HS|  |TAMS 0x00000000fb600000| PB 0x00000000fb600000| Untracked 
| 951|0x00000000fb700000, 0x00000000fb7fb198, 0x00000000fb800000| 98%| O|  |TAMS 0x00000000fb700000| PB 0x00000000fb700000| Untracked 
| 952|0x00000000fb800000, 0x00000000fb8fc660, 0x00000000fb900000| 98%| O|  |TAMS 0x00000000fb800000| PB 0x00000000fb800000| Untracked 
| 953|0x00000000fb900000, 0x00000000fba00000, 0x00000000fba00000|100%|HS|  |TAMS 0x00000000fb900000| PB 0x00000000fb900000| Untracked 
| 954|0x00000000fba00000, 0x00000000fbafce18, 0x00000000fbb00000| 98%| O|  |TAMS 0x00000000fba00000| PB 0x00000000fba00000| Untracked 
| 955|0x00000000fbb00000, 0x00000000fbbfb990, 0x00000000fbc00000| 98%| O|  |TAMS 0x00000000fbb00000| PB 0x00000000fbb00000| Untracked 
| 956|0x00000000fbc00000, 0x00000000fbcfa328, 0x00000000fbd00000| 97%| O|  |TAMS 0x00000000fbc00000| PB 0x00000000fbc00000| Untracked 
| 957|0x00000000fbd00000, 0x00000000fbdf8248, 0x00000000fbe00000| 96%| O|  |TAMS 0x00000000fbd00000| PB 0x00000000fbd00000| Untracked 
| 958|0x00000000fbe00000, 0x00000000fbef4708, 0x00000000fbf00000| 95%| O|  |TAMS 0x00000000fbe00000| PB 0x00000000fbe00000| Untracked 
| 959|0x00000000fbf00000, 0x00000000fbff4600, 0x00000000fc000000| 95%| O|  |TAMS 0x00000000fbf00000| PB 0x00000000fbf00000| Untracked 
| 960|0x00000000fc000000, 0x00000000fc0fc850, 0x00000000fc100000| 98%| O|  |TAMS 0x00000000fc000000| PB 0x00000000fc000000| Untracked 
| 961|0x00000000fc100000, 0x00000000fc1f9f90, 0x00000000fc200000| 97%| O|  |TAMS 0x00000000fc100000| PB 0x00000000fc100000| Untracked 
| 962|0x00000000fc200000, 0x00000000fc2f7d38, 0x00000000fc300000| 96%| O|  |TAMS 0x00000000fc200000| PB 0x00000000fc200000| Untracked 
| 963|0x00000000fc300000, 0x00000000fc3ff9f8, 0x00000000fc400000| 99%| O|  |TAMS 0x00000000fc300000| PB 0x00000000fc300000| Untracked 
| 964|0x00000000fc400000, 0x00000000fc4f33c8, 0x00000000fc500000| 95%| O|  |TAMS 0x00000000fc400000| PB 0x00000000fc400000| Untracked 
| 965|0x00000000fc500000, 0x00000000fc600000, 0x00000000fc600000|100%|HS|  |TAMS 0x00000000fc500000| PB 0x00000000fc500000| Untracked 
| 966|0x00000000fc600000, 0x00000000fc6fb330, 0x00000000fc700000| 98%| O|  |TAMS 0x00000000fc600000| PB 0x00000000fc600000| Untracked 
| 967|0x00000000fc700000, 0x00000000fc7f9f98, 0x00000000fc800000| 97%| O|  |TAMS 0x00000000fc700000| PB 0x00000000fc700000| Untracked 
| 968|0x00000000fc800000, 0x00000000fc8f7f28, 0x00000000fc900000| 96%| O|  |TAMS 0x00000000fc800000| PB 0x00000000fc800000| Untracked 
| 969|0x00000000fc900000, 0x00000000fc9fbb18, 0x00000000fca00000| 98%| O|  |TAMS 0x00000000fc900000| PB 0x00000000fc900000| Untracked 
| 970|0x00000000fca00000, 0x00000000fcaffbb8, 0x00000000fcb00000| 99%| O|  |TAMS 0x00000000fca00000| PB 0x00000000fca00000| Untracked 
| 971|0x00000000fcb00000, 0x00000000fcc00000, 0x00000000fcc00000|100%|HS|  |TAMS 0x00000000fcb00000| PB 0x00000000fcb00000| Untracked 
| 972|0x00000000fcc00000, 0x00000000fccff9e0, 0x00000000fcd00000| 99%| O|  |TAMS 0x00000000fcc00000| PB 0x00000000fcc00000| Untracked 
| 973|0x00000000fcd00000, 0x00000000fcdf75c8, 0x00000000fce00000| 96%| O|  |TAMS 0x00000000fcd00000| PB 0x00000000fcd00000| Untracked 
| 974|0x00000000fce00000, 0x00000000fcef4110, 0x00000000fcf00000| 95%| O|  |TAMS 0x00000000fce00000| PB 0x00000000fce00000| Untracked 
| 975|0x00000000fcf00000, 0x00000000fd000000, 0x00000000fd000000|100%|HS|  |TAMS 0x00000000fcf00000| PB 0x00000000fcf00000| Untracked 
| 976|0x00000000fd000000, 0x00000000fd0f3db8, 0x00000000fd100000| 95%| O|  |TAMS 0x00000000fd000000| PB 0x00000000fd000000| Untracked 
| 977|0x00000000fd100000, 0x00000000fd200000, 0x00000000fd200000|100%|HS|  |TAMS 0x00000000fd100000| PB 0x00000000fd100000| Untracked 
| 978|0x00000000fd200000, 0x00000000fd300000, 0x00000000fd300000|100%|HS|  |TAMS 0x00000000fd200000| PB 0x00000000fd200000| Untracked 
| 979|0x00000000fd300000, 0x00000000fd400000, 0x00000000fd400000|100%|HS|  |TAMS 0x00000000fd300000| PB 0x00000000fd300000| Untracked 
| 980|0x00000000fd400000, 0x00000000fd4f3cb0, 0x00000000fd500000| 95%| O|  |TAMS 0x00000000fd400000| PB 0x00000000fd400000| Untracked 
| 981|0x00000000fd500000, 0x00000000fd600000, 0x00000000fd600000|100%|HS|  |TAMS 0x00000000fd500000| PB 0x00000000fd500000| Untracked 
| 982|0x00000000fd600000, 0x00000000fd6facb8, 0x00000000fd700000| 97%| O|  |TAMS 0x00000000fd600000| PB 0x00000000fd600000| Untracked 
| 983|0x00000000fd700000, 0x00000000fd7f7ac8, 0x00000000fd800000| 96%| O|  |TAMS 0x00000000fd700000| PB 0x00000000fd700000| Untracked 
| 984|0x00000000fd800000, 0x00000000fd8f78d0, 0x00000000fd900000| 96%| O|  |TAMS 0x00000000fd800000| PB 0x00000000fd800000| Untracked 
| 985|0x00000000fd900000, 0x00000000fd9f4140, 0x00000000fda00000| 95%| O|  |TAMS 0x00000000fd900000| PB 0x00000000fd900000| Untracked 
| 986|0x00000000fda00000, 0x00000000fdafb430, 0x00000000fdb00000| 98%| O|  |TAMS 0x00000000fda00000| PB 0x00000000fda00000| Untracked 
| 987|0x00000000fdb00000, 0x00000000fdbfb330, 0x00000000fdc00000| 98%| O|  |TAMS 0x00000000fdb00000| PB 0x00000000fdb00000| Untracked 
| 988|0x00000000fdc00000, 0x00000000fdcf70c0, 0x00000000fdd00000| 96%| O|  |TAMS 0x00000000fdc00000| PB 0x00000000fdc00000| Untracked 
| 989|0x00000000fdd00000, 0x00000000fde00000, 0x00000000fde00000|100%|HS|  |TAMS 0x00000000fdd00000| PB 0x00000000fdd00000| Untracked 
| 990|0x00000000fde00000, 0x00000000fdef74d0, 0x00000000fdf00000| 96%| O|  |TAMS 0x00000000fde00000| PB 0x00000000fde00000| Untracked 
| 991|0x00000000fdf00000, 0x00000000fdff3ba8, 0x00000000fe000000| 95%| O|  |TAMS 0x00000000fdf00000| PB 0x00000000fdf00000| Untracked 
| 992|0x00000000fe000000, 0x00000000fe0fa8c8, 0x00000000fe100000| 97%| O|  |TAMS 0x00000000fe000000| PB 0x00000000fe000000| Untracked 
| 993|0x00000000fe100000, 0x00000000fe1f71b0, 0x00000000fe200000| 96%| O|  |TAMS 0x00000000fe100000| PB 0x00000000fe100000| Untracked 
| 994|0x00000000fe200000, 0x00000000fe2fb0c8, 0x00000000fe300000| 98%| O|  |TAMS 0x00000000fe200000| PB 0x00000000fe200000| Untracked 
| 995|0x00000000fe300000, 0x00000000fe3faa40, 0x00000000fe400000| 97%| O|  |TAMS 0x00000000fe300000| PB 0x00000000fe300000| Untracked 
| 996|0x00000000fe400000, 0x00000000fe4faec8, 0x00000000fe500000| 98%| O|  |TAMS 0x00000000fe400000| PB 0x00000000fe400000| Untracked 
| 997|0x00000000fe500000, 0x00000000fe600000, 0x00000000fe600000|100%|HS|  |TAMS 0x00000000fe500000| PB 0x00000000fe500000| Untracked 
| 998|0x00000000fe600000, 0x00000000fe6facc8, 0x00000000fe700000| 97%| O|  |TAMS 0x00000000fe600000| PB 0x00000000fe600000| Untracked 
| 999|0x00000000fe700000, 0x00000000fe7f7140, 0x00000000fe800000| 96%| O|  |TAMS 0x00000000fe700000| PB 0x00000000fe700000| Untracked 
|1000|0x00000000fe800000, 0x00000000fe8fa668, 0x00000000fe900000| 97%| O|  |TAMS 0x00000000fe800000| PB 0x00000000fe800000| Untracked 
|1001|0x00000000fe900000, 0x00000000fe9f6cd0, 0x00000000fea00000| 96%| O|  |TAMS 0x00000000fe900000| PB 0x00000000fe900000| Untracked 
|1002|0x00000000fea00000, 0x00000000feb00000, 0x00000000feb00000|100%|HS|  |TAMS 0x00000000fea00000| PB 0x00000000fea00000| Untracked 
|1003|0x00000000feb00000, 0x00000000febf38a8, 0x00000000fec00000| 95%| O|  |TAMS 0x00000000feb00000| PB 0x00000000feb00000| Untracked 
|1004|0x00000000fec00000, 0x00000000fecf39a0, 0x00000000fed00000| 95%| O|  |TAMS 0x00000000fec00000| PB 0x00000000fec00000| Untracked 
|1005|0x00000000fed00000, 0x00000000fedfa5b0, 0x00000000fee00000| 97%| O|  |TAMS 0x00000000fed00000| PB 0x00000000fed00000| Untracked 
|1006|0x00000000fee00000, 0x00000000feefa458, 0x00000000fef00000| 97%| O|  |TAMS 0x00000000fee00000| PB 0x00000000fee00000| Untracked 
|1007|0x00000000fef00000, 0x00000000feff3830, 0x00000000ff000000| 95%| O|  |TAMS 0x00000000fef00000| PB 0x00000000fef00000| Untracked 
|1008|0x00000000ff000000, 0x00000000ff0fa360, 0x00000000ff100000| 97%| O|  |TAMS 0x00000000ff000000| PB 0x00000000ff000000| Untracked 
|1009|0x00000000ff100000, 0x00000000ff1fa168, 0x00000000ff200000| 97%| O|  |TAMS 0x00000000ff100000| PB 0x00000000ff100000| Untracked 
|1010|0x00000000ff200000, 0x00000000ff300000, 0x00000000ff300000|100%|HS|  |TAMS 0x00000000ff200000| PB 0x00000000ff200000| Untracked 
|1011|0x00000000ff300000, 0x00000000ff3f9fe0, 0x00000000ff400000| 97%| O|  |TAMS 0x00000000ff300000| PB 0x00000000ff300000| Untracked 
|1012|0x00000000ff400000, 0x00000000ff4fc740, 0x00000000ff500000| 98%| O|  |TAMS 0x00000000ff400000| PB 0x00000000ff400000| Untracked 
|1013|0x00000000ff500000, 0x00000000ff600000, 0x00000000ff600000|100%|HS|  |TAMS 0x00000000ff500000| PB 0x00000000ff500000| Untracked 
|1014|0x00000000ff600000, 0x00000000ff700000, 0x00000000ff700000|100%|HS|  |TAMS 0x00000000ff600000| PB 0x00000000ff600000| Untracked 
|1015|0x00000000ff700000, 0x00000000ff800000, 0x00000000ff800000|100%|HS|  |TAMS 0x00000000ff700000| PB 0x00000000ff700000| Untracked 
|1016|0x00000000ff800000, 0x00000000ff900000, 0x00000000ff900000|100%|HS|  |TAMS 0x00000000ff800000| PB 0x00000000ff800000| Untracked 
|1017|0x00000000ff900000, 0x00000000ffa00000, 0x00000000ffa00000|100%|HS|  |TAMS 0x00000000ff900000| PB 0x00000000ff900000| Untracked 
|1018|0x00000000ffa00000, 0x00000000ffb00000, 0x00000000ffb00000|100%|HS|  |TAMS 0x00000000ffa00000| PB 0x00000000ffa00000| Untracked 
|1019|0x00000000ffb00000, 0x00000000ffc00000, 0x00000000ffc00000|100%|HS|  |TAMS 0x00000000ffb00000| PB 0x00000000ffb00000| Untracked 
|1020|0x00000000ffc00000, 0x00000000ffca7100, 0x00000000ffd00000| 65%| E|  |TAMS 0x00000000ffc00000| PB 0x00000000ffc00000| Complete 
|1021|0x00000000ffd00000, 0x00000000ffd3e578, 0x00000000ffe00000| 24%| O|  |TAMS 0x00000000ffd00000| PB 0x00000000ffd00000| Untracked 
|1022|0x00000000ffe00000, 0x00000000fff00000, 0x00000000fff00000|100%| E|  |TAMS 0x00000000ffe00000| PB 0x00000000ffe00000| Complete 
|1023|0x00000000fff00000, 0x0000000100000000, 0x0000000100000000|100%| E|CS|TAMS 0x00000000fff00000| PB 0x00000000fff00000| Complete 

Card table byte_map: [0x000001843b650000,0x000001843b850000] _byte_map_base: 0x000001843b050000

Marking Bits: (CMBitMap*) 0x00000184160d6dd0
 Bits: [0x000001843b850000, 0x000001843c850000)

Polling page: 0x000001841a500000

Metaspace:

Usage:
  Non-class:    432.92 MB used.
      Class:     61.78 MB used.
       Both:    494.71 MB used.

Virtual space:
  Non-class space:      448.00 MB reserved,     437.00 MB ( 98%) committed,  7 nodes.
      Class space:        1.00 GB reserved,      65.12 MB (  6%) committed,  1 nodes.
             Both:        1.44 GB reserved,     502.12 MB ( 34%) committed. 

Chunk freelists:
   Non-Class:  10.41 MB
       Class:  15.08 MB
        Both:  25.49 MB

MaxMetaspaceSize: unlimited
CompressedClassSpaceSize: 1.00 GB
Initial GC threshold: 21.00 MB
Current GC threshold: 836.81 MB
CDS: on
 - commit_granule_bytes: 65536.
 - commit_granule_words: 8192.
 - virtual_space_node_default_size: 8388608.
 - enlarge_chunks_in_place: 1.
 - use_allocation_guard: 0.


Internal statistics:

num_allocs_failed_limit: 10.
num_arena_births: 32582.
num_arena_deaths: 26586.
num_vsnodes_births: 8.
num_vsnodes_deaths: 0.
num_space_committed: 8117.
num_space_uncommitted: 58.
num_chunks_returned_to_freelist: 38821.
num_chunks_taken_from_freelist: 74233.
num_chunk_merges: 5271.
num_chunk_splits: 26611.
num_chunks_enlarged: 12834.
num_inconsistent_stats: 0.

CodeHeap 'non-profiled nmethods': size=259328Kb used=19257Kb max_used=45125Kb free=240070Kb
 bounds [0x000001842a860000, 0x000001842d480000, 0x000001843a5a0000]
CodeHeap 'profiled nmethods': size=259264Kb used=14891Kb max_used=105695Kb free=244372Kb
 bounds [0x000001841a5a0000, 0x0000018420e00000, 0x000001842a2d0000]
CodeHeap 'non-nmethods': size=5696Kb used=4559Kb max_used=4616Kb free=1136Kb
 bounds [0x000001842a2d0000, 0x000001842a760000, 0x000001842a860000]
CodeCache: size=524288Kb, used=38707Kb, max_used=155436Kb, free=485578Kb
 total_blobs=13352, nmethods=9904, adapters=3347, full_count=0
Compilation: enabled, stopped_count=0, restarted_count=0

Compilation events (20 events):
Event: 3130.532 Thread 0x000001843ca93680 nmethod 112969 0x000001841b414710 code [0x000001841b4148c0, 0x000001841b414a28]
Event: 3130.532 Thread 0x000001843ca93680 113079       2       com.intellij.openapi.editor.LineNumberConverter::convertLineNumberToString (30 bytes)
Event: 3130.533 Thread 0x000001843ca93680 nmethod 113079 0x000001841ca17790 code [0x000001841ca17960, 0x000001841ca17b98]
Event: 3130.533 Thread 0x000001843ca93680 113080       2       com.intellij.openapi.editor.LineNumberConverter$1::convert (13 bytes)
Event: 3130.533 Thread 0x000001843ca93680 nmethod 113080 0x000001841cbeb710 code [0x000001841cbeb8c0, 0x000001841cbebaa8]
Event: 3130.533 Thread 0x000001843ca93680 112984       2       sun.java2d.pipe.LCDTextRenderer::drawGlyphList (8 bytes)
Event: 3130.533 Thread 0x000001843ca93680 nmethod 112984 0x000001841b8fc110 code [0x000001841b8fc2c0, 0x000001841b8fc3f0]
Event: 3130.533 Thread 0x000001843ca93680 112986       2       sun.java2d.SunGraphics2D::getFontInfo (34 bytes)
Event: 3130.533 Thread 0x000001843ca93680 nmethod 112986 0x000001841b41ad90 code [0x000001841b41af40, 0x000001841b41b0f8]
Event: 3130.533 Thread 0x000001843ca93680 113134       2       javax.swing.JComponent::getBaseline (27 bytes)
Event: 3130.533 Thread 0x000001843ca93680 nmethod 113134 0x000001841e97f390 code [0x000001841e97f560, 0x000001841e97f7c0]
Event: 3130.533 Thread 0x000001843ca93680 112854       2       com.intellij.openapi.editor.impl.view.CaretData::getNullCaret (12 bytes)
Event: 3130.534 Thread 0x000001843ca93680 nmethod 112854 0x000001841ae9f890 code [0x000001841ae9fa20, 0x000001841ae9fb10]
Event: 3130.534 Thread 0x000001843ca93680 113103       2       com.intellij.openapi.editor.impl.EditorImpl::getBackgroundColor (22 bytes)
Event: 3130.534 Thread 0x000001843ca93680 nmethod 113103 0x000001841b22d690 code [0x000001841b22d860, 0x000001841b22dab8]
Event: 3130.534 Thread 0x000001843ca93680 113043       2       com.intellij.openapi.editor.impl.view.VisualLinesIterator$Location::getNextSoftWrapOffset (49 bytes)
Event: 3130.534 Thread 0x000001843ca93680 nmethod 113043 0x000001841b446b10 code [0x000001841b446ce0, 0x000001841b446f48]
Event: 3130.534 Thread 0x000001843ca93680 112959       2       sun.font.GlyphList::dispose (48 bytes)
Event: 3130.534 Thread 0x000001843ca93680 nmethod 112959 0x000001841b61fb10 code [0x000001841b61fcc0, 0x000001841b61fe70]
Event: 3130.534 Thread 0x000001843ca93680 112896       2       com.intellij.openapi.editor.markup.TextAttributes::clone (12 bytes)

GC Heap History (20 events):
Event: 3129.161 GC heap before
{Heap before GC invocations=18557 (full 9209):
 garbage-first heap   total 1048576K, used 1032080K [0x00000000c0000000, 0x0000000100000000)
  region size 1024K, 2 young (2048K), 1 survivors (1024K)
 Metaspace       used 506551K, committed 514176K, reserved 1507328K
  class space    used 63258K, committed 66688K, reserved 1048576K
}
Event: 3129.163 GC heap after
{Heap after GC invocations=18558 (full 9209):
 garbage-first heap   total 1048576K, used 1032076K [0x00000000c0000000, 0x0000000100000000)
  region size 1024K, 1 young (1024K), 1 survivors (1024K)
 Metaspace       used 506551K, committed 514176K, reserved 1507328K
  class space    used 63258K, committed 66688K, reserved 1048576K
}
Event: 3129.163 GC heap before
{Heap before GC invocations=18558 (full 9209):
 garbage-first heap   total 1048576K, used 1032076K [0x00000000c0000000, 0x0000000100000000)
  region size 1024K, 1 young (1024K), 1 survivors (1024K)
 Metaspace       used 506551K, committed 514176K, reserved 1507328K
  class space    used 63258K, committed 66688K, reserved 1048576K
}
Event: 3129.269 GC heap after
{Heap after GC invocations=18559 (full 9210):
 garbage-first heap   total 1048576K, used 1031772K [0x00000000c0000000, 0x0000000100000000)
  region size 1024K, 0 young (0K), 0 survivors (0K)
 Metaspace       used 506551K, committed 514176K, reserved 1507328K
  class space    used 63258K, committed 66688K, reserved 1048576K
}
Event: 3129.269 GC heap before
{Heap before GC invocations=18559 (full 9210):
 garbage-first heap   total 1048576K, used 1031772K [0x00000000c0000000, 0x0000000100000000)
  region size 1024K, 0 young (0K), 0 survivors (0K)
 Metaspace       used 506551K, committed 514176K, reserved 1507328K
  class space    used 63258K, committed 66688K, reserved 1048576K
}
Event: 3129.492 GC heap after
{Heap after GC invocations=18560 (full 9211):
 garbage-first heap   total 1048576K, used 1031387K [0x00000000c0000000, 0x0000000100000000)
  region size 1024K, 0 young (0K), 0 survivors (0K)
 Metaspace       used 506538K, committed 514176K, reserved 1507328K
  class space    used 63254K, committed 66688K, reserved 1048576K
}
Event: 3129.670 GC heap before
{Heap before GC invocations=18560 (full 9211):
 garbage-first heap   total 1048576K, used 1032411K [0x00000000c0000000, 0x0000000100000000)
  region size 1024K, 3 young (3072K), 0 survivors (0K)
 Metaspace       used 506612K, committed 514176K, reserved 1507328K
  class space    used 63274K, committed 66688K, reserved 1048576K
}
Event: 3129.675 GC heap after
{Heap after GC invocations=18561 (full 9211):
 garbage-first heap   total 1048576K, used 1031528K [0x00000000c0000000, 0x0000000100000000)
  region size 1024K, 1 young (1024K), 1 survivors (1024K)
 Metaspace       used 506612K, committed 514176K, reserved 1507328K
  class space    used 63274K, committed 66688K, reserved 1048576K
}
Event: 3129.675 GC heap before
{Heap before GC invocations=18561 (full 9211):
 garbage-first heap   total 1048576K, used 1031528K [0x00000000c0000000, 0x0000000100000000)
  region size 1024K, 1 young (1024K), 1 survivors (1024K)
 Metaspace       used 506612K, committed 514176K, reserved 1507328K
  class space    used 63274K, committed 66688K, reserved 1048576K
}
Event: 3129.681 GC heap after
{Heap after GC invocations=18562 (full 9211):
 garbage-first heap   total 1048576K, used 1031526K [0x00000000c0000000, 0x0000000100000000)
  region size 1024K, 1 young (1024K), 1 survivors (1024K)
 Metaspace       used 506612K, committed 514176K, reserved 1507328K
  class space    used 63274K, committed 66688K, reserved 1048576K
}
Event: 3129.681 GC heap before
{Heap before GC invocations=18562 (full 9211):
 garbage-first heap   total 1048576K, used 1031526K [0x00000000c0000000, 0x0000000100000000)
  region size 1024K, 1 young (1024K), 1 survivors (1024K)
 Metaspace       used 506612K, committed 514176K, reserved 1507328K
  class space    used 63274K, committed 66688K, reserved 1048576K
}
Event: 3129.843 GC heap after
{Heap after GC invocations=18563 (full 9212):
 garbage-first heap   total 1048576K, used 1031486K [0x00000000c0000000, 0x0000000100000000)
  region size 1024K, 0 young (0K), 0 survivors (0K)
 Metaspace       used 506604K, committed 514176K, reserved 1507328K
  class space    used 63272K, committed 66688K, reserved 1048576K
}
Event: 3129.843 GC heap before
{Heap before GC invocations=18563 (full 9212):
 garbage-first heap   total 1048576K, used 1031486K [0x00000000c0000000, 0x0000000100000000)
  region size 1024K, 0 young (0K), 0 survivors (0K)
 Metaspace       used 506604K, committed 514176K, reserved 1507328K
  class space    used 63272K, committed 66688K, reserved 1048576K
}
Event: 3130.036 GC heap after
{Heap after GC invocations=18564 (full 9213):
 garbage-first heap   total 1048576K, used 1031407K [0x00000000c0000000, 0x0000000100000000)
  region size 1024K, 0 young (0K), 0 survivors (0K)
 Metaspace       used 506563K, committed 514176K, reserved 1507328K
  class space    used 63260K, committed 66688K, reserved 1048576K
}
Event: 3130.068 GC heap before
{Heap before GC invocations=18564 (full 9213):
 garbage-first heap   total 1048576K, used 1033455K [0x00000000c0000000, 0x0000000100000000)
  region size 1024K, 3 young (3072K), 0 survivors (0K)
 Metaspace       used 506589K, committed 514176K, reserved 1507328K
  class space    used 63267K, committed 66688K, reserved 1048576K
}
Event: 3130.071 GC heap after
{Heap after GC invocations=18565 (full 9213):
 garbage-first heap   total 1048576K, used 1032063K [0x00000000c0000000, 0x0000000100000000)
  region size 1024K, 1 young (1024K), 1 survivors (1024K)
 Metaspace       used 506589K, committed 514176K, reserved 1507328K
  class space    used 63267K, committed 66688K, reserved 1048576K
}
Event: 3130.071 GC heap before
{Heap before GC invocations=18565 (full 9213):
 garbage-first heap   total 1048576K, used 1032063K [0x00000000c0000000, 0x0000000100000000)
  region size 1024K, 1 young (1024K), 1 survivors (1024K)
 Metaspace       used 506589K, committed 514176K, reserved 1507328K
  class space    used 63267K, committed 66688K, reserved 1048576K
}
Event: 3130.077 GC heap after
{Heap after GC invocations=18566 (full 9213):
 garbage-first heap   total 1048576K, used 1032054K [0x00000000c0000000, 0x0000000100000000)
  region size 1024K, 0 young (0K), 0 survivors (0K)
 Metaspace       used 506589K, committed 514176K, reserved 1507328K
  class space    used 63267K, committed 66688K, reserved 1048576K
}
Event: 3130.077 GC heap before
{Heap before GC invocations=18566 (full 9213):
 garbage-first heap   total 1048576K, used 1032054K [0x00000000c0000000, 0x0000000100000000)
  region size 1024K, 0 young (0K), 0 survivors (0K)
 Metaspace       used 506589K, committed 514176K, reserved 1507328K
  class space    used 63267K, committed 66688K, reserved 1048576K
}
Event: 3130.204 GC heap after
{Heap after GC invocations=18567 (full 9214):
 garbage-first heap   total 1048576K, used 1015636K [0x00000000c0000000, 0x0000000100000000)
  region size 1024K, 0 young (0K), 0 survivors (0K)
 Metaspace       used 506578K, committed 514176K, reserved 1507328K
  class space    used 63264K, committed 66688K, reserved 1048576K
}

Dll operation events (3 events):
Event: 0.006 Loaded shared library C:\Program Files\JetBrains\JetBrains Rider 2025.3.4\jbr\bin\java.dll
Event: 0.007 Loaded shared library C:\Program Files\JetBrains\JetBrains Rider 2025.3.4\jbr\bin\zip.dll
Event: 0.198 Loaded shared library C:\Program Files\JetBrains\JetBrains Rider 2025.3.4\jbr\bin\verify.dll

Deoptimization events (20 events):
Event: 3129.512 Thread 0x00000184b77644a0 DEOPT PACKING pc=0x000001842acfc040 sp=0x00000063b2fff3c0
Event: 3129.512 Thread 0x00000184b77644a0 DEOPT UNPACKING pc=0x000001842a324422 sp=0x00000063b2fff360 mode 2
Event: 3129.532 Thread 0x00000184b68fbf00 Uncommon trap: trap_request=0xffffff45 fr.pc=0x000001842c085570 relative=0x00000000000034d0
Event: 3129.532 Thread 0x00000184b68fbf00 Uncommon trap: reason=unstable_if action=reinterpret pc=0x000001842c085570 method=kotlinx.coroutines.flow.FlowKt__DelayKt$debounceInternal$1.invokeSuspend(Ljava/lang/Object;)Ljava/lang/Object; @ 261 c2
Event: 3129.532 Thread 0x00000184b68fbf00 DEOPT PACKING pc=0x000001842c085570 sp=0x00000063b39ff440
Event: 3129.532 Thread 0x00000184b68fbf00 DEOPT UNPACKING pc=0x000001842a324422 sp=0x00000063b39ff3e0 mode 2
Event: 3129.564 Thread 0x00000184b0e13ad0 Uncommon trap: trap_request=0xffffffc6 fr.pc=0x000001842d17d774 relative=0x0000000000000b14
Event: 3129.564 Thread 0x00000184b0e13ad0 Uncommon trap: reason=bimorphic_or_optimized_type_check action=maybe_recompile pc=0x000001842d17d774 method=java.beans.PropertyChangeSupport.firePropertyChange(Ljava/lang/String;Ljava/lang/Object;Ljava/lang/Object;)V @ 31 c2
Event: 3129.564 Thread 0x00000184b0e13ad0 DEOPT PACKING pc=0x000001842d17d774 sp=0x00000063aabfe930
Event: 3129.564 Thread 0x00000184b0e13ad0 DEOPT UNPACKING pc=0x000001842a324422 sp=0x00000063aabfe918 mode 2
Event: 3130.036 Thread 0x00000184b0e13ad0 DEOPT PACKING pc=0x000001842bf9d240 sp=0x00000063aabfde40
Event: 3130.036 Thread 0x00000184b0e13ad0 DEOPT UNPACKING pc=0x000001842a324bc2 sp=0x00000063aabfd230 mode 1
Event: 3130.208 Thread 0x00000184b0e13ad0 Uncommon trap: trap_request=0xffffff45 fr.pc=0x000001842c76afe4 relative=0x0000000000001784
Event: 3130.208 Thread 0x00000184b0e13ad0 Uncommon trap: reason=unstable_if action=reinterpret pc=0x000001842c76afe4 method=javax.swing.JComponent.paintToOffscreen(Ljava/awt/Graphics;IIIIII)V @ 21 c2
Event: 3130.208 Thread 0x00000184b0e13ad0 DEOPT PACKING pc=0x000001842c76afe4 sp=0x00000063aabfe360
Event: 3130.208 Thread 0x00000184b0e13ad0 DEOPT UNPACKING pc=0x000001842a324422 sp=0x00000063aabfe210 mode 2
Event: 3130.208 Thread 0x00000184b0e13ad0 Uncommon trap: trap_request=0xffffff45 fr.pc=0x000001842c5d4188 relative=0x00000000000039a8
Event: 3130.208 Thread 0x00000184b0e13ad0 Uncommon trap: reason=unstable_if action=reinterpret pc=0x000001842c5d4188 method=javax.swing.JComponent.paintChildren(Ljava/awt/Graphics;)V @ 491 c2
Event: 3130.208 Thread 0x00000184b0e13ad0 DEOPT PACKING pc=0x000001842c5d4188 sp=0x00000063aabfe140
Event: 3130.208 Thread 0x00000184b0e13ad0 DEOPT UNPACKING pc=0x000001842a324422 sp=0x00000063aabfe100 mode 2

Classes loaded (20 events):
Event: 3122.762 Loading class kotlin/Float
Event: 3122.762 Loading class kotlin/Float done
Event: 3122.763 Loading class kotlin/FloatArray
Event: 3122.763 Loading class kotlin/FloatArray done
Event: 3122.763 Loading class kotlin/FloatArray
Event: 3122.763 Loading class kotlin/FloatArray done
Event: 3122.763 Loading class kotlin/LongArray
Event: 3122.763 Loading class kotlin/LongArray done
Event: 3122.763 Loading class kotlin/LongArray
Event: 3122.763 Loading class kotlin/LongArray done
Event: 3122.763 Loading class kotlin/DoubleArray
Event: 3122.763 Loading class kotlin/DoubleArray done
Event: 3122.763 Loading class kotlin/DoubleArray
Event: 3122.763 Loading class kotlin/DoubleArray done
Event: 3122.764 Loading class javax/annotation/Nullable
Event: 3122.764 Loading class javax/annotation/Nullable done
Event: 3129.553 Loading class javax/swing/RepaintManager$DisplayChangedRunnable
Event: 3129.553 Loading class javax/swing/RepaintManager$DisplayChangedRunnable done
Event: 3130.041 Loading class com/intellij/openapi/wm/impl/IdeFrameImpl$tryToRestoreValidBounds$1
Event: 3130.041 Loading class com/intellij/openapi/wm/impl/IdeFrameImpl$tryToRestoreValidBounds$1 done

Classes unloaded (20 events):
Event: 3129.899 Thread 0x000001843ca2b770 Unloading class 0x00000184447dd400 'java/lang/invoke/LambdaForm$MH+0x00000184447dd400'
Event: 3129.899 Thread 0x000001843ca2b770 Unloading class 0x00000184449f0000 'java/lang/invoke/LambdaForm$MH+0x00000184449f0000'
Event: 3129.899 Thread 0x000001843ca2b770 Unloading class 0x000001844612c400 'java/lang/invoke/LambdaForm$MH+0x000001844612c400'
Event: 3129.899 Thread 0x000001843ca2b770 Unloading class 0x0000018445a74800 'java/lang/invoke/LambdaForm$MH+0x0000018445a74800'
Event: 3129.899 Thread 0x000001843ca2b770 Unloading class 0x0000018445fbd000 'java/lang/invoke/LambdaForm$MH+0x0000018445fbd000'
Event: 3129.899 Thread 0x000001843ca2b770 Unloading class 0x00000184439ec400 'java/lang/invoke/LambdaForm$MH+0x00000184439ec400'
Event: 3129.899 Thread 0x000001843ca2b770 Unloading class 0x00000184449ecc00 'java/lang/invoke/LambdaForm$MH+0x00000184449ecc00'
Event: 3129.899 Thread 0x000001843ca2b770 Unloading class 0x00000184447ec000 'java/lang/invoke/LambdaForm$MH+0x00000184447ec000'
Event: 3129.899 Thread 0x000001843ca2b770 Unloading class 0x0000018445a66000 'java/lang/invoke/LambdaForm$MH+0x0000018445a66000'
Event: 3129.899 Thread 0x000001843ca2b770 Unloading class 0x00000184446c0800 'java/lang/invoke/LambdaForm$MH+0x00000184446c0800'
Event: 3129.899 Thread 0x000001843ca2b770 Unloading class 0x0000018443204000 'java/lang/invoke/LambdaForm$BMH+0x0000018443204000'
Event: 3129.899 Thread 0x000001843ca2b770 Unloading class 0x0000018445c48000 'java/lang/invoke/LambdaForm$MH+0x0000018445c48000'
Event: 3129.899 Thread 0x000001843ca2b770 Unloading class 0x00000184443bc000 'java/lang/invoke/LambdaForm$MH+0x00000184443bc000'
Event: 3129.899 Thread 0x000001843ca2b770 Unloading class 0x0000018446106000 'java/lang/invoke/LambdaForm$MH+0x0000018446106000'
Event: 3130.135 Thread 0x000001843ca2b770 Unloading class 0x000001844612c400 'java/lang/invoke/LambdaForm$MH+0x000001844612c400'
Event: 3130.135 Thread 0x000001843ca2b770 Unloading class 0x00000184449f0000 'java/lang/invoke/LambdaForm$MH+0x00000184449f0000'
Event: 3130.135 Thread 0x000001843ca2b770 Unloading class 0x0000018446101800 'java/lang/invoke/LambdaForm$BMH+0x0000018446101800'
Event: 3130.135 Thread 0x000001843ca2b770 Unloading class 0x000001844610d400 'java/lang/invoke/LambdaForm$BMH+0x000001844610d400'
Event: 3130.135 Thread 0x000001843ca2b770 Unloading class 0x0000018446113800 'java/lang/invoke/LambdaForm$MH+0x0000018446113800'
Event: 3130.135 Thread 0x000001843ca2b770 Unloading class 0x0000018445747c00 'java/lang/invoke/LambdaForm$MH+0x0000018445747c00'

Classes redefined (4 events):
Event: 0.291 Thread 0x000001843ca2b770 redefined class name=java.math.BigInteger, count=1
Event: 0.303 Thread 0x000001843ca2b770 redefined class name=java.net.InetAddress, count=1
Event: 0.309 Thread 0x000001843ca2b770 redefined class name=sun.management.VMManagementImpl, count=1
Event: 0.337 Thread 0x000001843ca2b770 redefined class name=java.lang.Class, count=1

Internal exceptions (20 events):
Event: 3122.650 Thread 0x00000184c90091a0 Exception <a 'java/lang/NoSuchMethodError'{0x00000000ff7ac168}: 'double java.lang.invoke.DelegatingMethodHandle$Holder.reinvoke_L(java.lang.Object, java.lang.Object)'> (0x00000000ff7ac168) 
thrown [s\src\hotspot\share\interpreter\linkResolver.cpp, line 784]
Event: 3129.032 Thread 0x00000184b77644a0 Exception <a 'java/lang/NoSuchMethodError'{0x00000000e07f0d20}: 'void java.lang.invoke.DelegatingMethodHandle$Holder.reinvoke_L(java.lang.Object, java.lang.Object, int)'> (0x00000000e07f0d20) 
thrown [s\src\hotspot\share\interpreter\linkResolver.cpp, line 784]
Event: 3129.158 Thread 0x00000184b748b9a0 Exception <a 'java/lang/NoSuchMethodError'{0x00000000fffa5e80}: 'void java.lang.invoke.DelegatingMethodHandle$Holder.reinvoke_L(java.lang.Object, java.lang.Object, int)'> (0x00000000fffa5e80) 
thrown [s\src\hotspot\share\interpreter\linkResolver.cpp, line 784]
Event: 3129.492 Thread 0x00000184b0e13ad0 Exception <a 'java/lang/OutOfMemoryError'{0x00000000c09c9e50}> (0x00000000c09c9e50) 
thrown [s\src\hotspot\share\gc\shared\memAllocator.cpp, line 136]
Event: 3129.493 Thread 0x00000184b74898d0 Exception <a 'java/lang/NoSuchMethodError'{0x00000000fff1f590}: 'void java.lang.invoke.DelegatingMethodHandle$Holder.reinvoke_L(java.lang.Object, java.lang.Object, int)'> (0x00000000fff1f590) 
thrown [s\src\hotspot\share\interpreter\linkResolver.cpp, line 784]
Event: 3129.493 Thread 0x00000184b7727770 Exception <a 'java/lang/NoSuchMethodError'{0x00000000fff1ebb0}: 'void java.lang.invoke.DelegatingMethodHandle$Holder.reinvoke_L(java.lang.Object, java.lang.Object, int)'> (0x00000000fff1ebb0) 
thrown [s\src\hotspot\share\interpreter\linkResolver.cpp, line 784]
Event: 3129.494 Thread 0x00000184b16d4db0 Exception <a 'java/io/IOException'{0x00000000fff2ea90}> (0x00000000fff2ea90) 
thrown [s\src\hotspot\share\prims\jni.cpp, line 537]
Event: 3129.494 Thread 0x00000184b16d4db0 Exception <a 'java/io/IOException'{0x00000000fff2f000}> (0x00000000fff2f000) 
thrown [s\src\hotspot\share\prims\jni.cpp, line 537]
Event: 3129.550 Thread 0x00000184b68fbf00 Exception <a 'java/io/IOException'{0x00000000ffd075c8}> (0x00000000ffd075c8) 
thrown [s\src\hotspot\share\prims\jni.cpp, line 537]
Event: 3129.550 Thread 0x00000184b68fbf00 Exception <a 'java/io/IOException'{0x00000000ffd078e0}> (0x00000000ffd078e0) 
thrown [s\src\hotspot\share\prims\jni.cpp, line 537]
Event: 3129.551 Thread 0x00000184b68fbf00 Exception <a 'java/io/IOException'{0x00000000ffd29708}> (0x00000000ffd29708) 
thrown [s\src\hotspot\share\prims\jni.cpp, line 537]
Event: 3129.551 Thread 0x00000184b68fbf00 Exception <a 'java/io/IOException'{0x00000000ffd29a20}> (0x00000000ffd29a20) 
thrown [s\src\hotspot\share\prims\jni.cpp, line 537]
Event: 3130.036 Thread 0x00000184b0e13ad0 Exception <a 'java/lang/OutOfMemoryError'{0x00000000c09c9e50}> (0x00000000c09c9e50) 
thrown [s\src\hotspot\share\gc\shared\memAllocator.cpp, line 136]
Event: 3130.037 Thread 0x00000184b74898d0 Exception <a 'java/lang/NoSuchMethodError'{0x00000000fff20c48}: 'void java.lang.invoke.DelegatingMethodHandle$Holder.reinvoke_L(java.lang.Object, java.lang.Object, int)'> (0x00000000fff20c48) 
thrown [s\src\hotspot\share\interpreter\linkResolver.cpp, line 784]
Event: 3130.037 Thread 0x00000184b16d4db0 Exception <a 'java/lang/NoSuchMethodError'{0x00000000fff21d00}: 'void java.lang.invoke.DelegatingMethodHandle$Holder.reinvoke_L(java.lang.Object, java.lang.Object, int)'> (0x00000000fff21d00) 
thrown [s\src\hotspot\share\interpreter\linkResolver.cpp, line 784]
Event: 3130.037 Thread 0x00000184b7727770 Exception <a 'java/lang/NoSuchMethodError'{0x00000000fff22740}: 'void java.lang.invoke.DelegatingMethodHandle$Holder.reinvoke_L(java.lang.Object, java.lang.Object, int)'> (0x00000000fff22740) 
thrown [s\src\hotspot\share\interpreter\linkResolver.cpp, line 784]
Event: 3130.049 Thread 0x00000184b74898d0 Exception <a 'java/io/IOException'{0x00000000ffe92de0}> (0x00000000ffe92de0) 
thrown [s\src\hotspot\share\prims\jni.cpp, line 537]
Event: 3130.049 Thread 0x00000184b74898d0 Exception <a 'java/io/IOException'{0x00000000ffe930f8}> (0x00000000ffe930f8) 
thrown [s\src\hotspot\share\prims\jni.cpp, line 537]
Event: 3130.049 Thread 0x00000184b74898d0 Exception <a 'java/io/IOException'{0x00000000ffe94d70}> (0x00000000ffe94d70) 
thrown [s\src\hotspot\share\prims\jni.cpp, line 537]
Event: 3130.049 Thread 0x00000184b74898d0 Exception <a 'java/io/IOException'{0x00000000ffe95088}> (0x00000000ffe95088) 
thrown [s\src\hotspot\share\prims\jni.cpp, line 537]

ZGC Phase Switch (0 events):
No events

VM Operations (20 events):
Event: 3127.589 Executing safepoint VM operation: G1CollectForAllocation (G1 Evacuation Pause)
Event: 3127.699 Executing safepoint VM operation: G1CollectForAllocation (G1 Evacuation Pause) done
Event: 3127.917 Executing non-safepoint VM operation: HandshakeAllThreads (HandshakeForDeflation)
Event: 3127.917 Executing non-safepoint VM operation: HandshakeAllThreads (HandshakeForDeflation) done
Event: 3127.917 Executing non-safepoint VM operation: RendezvousGCThreads
Event: 3127.917 Executing non-safepoint VM operation: RendezvousGCThreads done
Event: 3129.033 Executing safepoint VM operation: G1CollectForAllocation (G1 Evacuation Pause)
Event: 3129.153 Executing safepoint VM operation: G1CollectForAllocation (G1 Evacuation Pause) done
Event: 3129.158 Executing safepoint VM operation: G1TryInitiateConcMark (G1 Humongous Allocation)
Event: 3129.160 Executing safepoint VM operation: G1TryInitiateConcMark (G1 Humongous Allocation) done
Event: 3129.160 Executing safepoint VM operation: G1CollectForAllocation (G1 Humongous Allocation)
Event: 3129.492 Executing safepoint VM operation: G1CollectForAllocation (G1 Humongous Allocation) done
Event: 3129.670 Executing safepoint VM operation: G1TryInitiateConcMark (G1 Humongous Allocation)
Event: 3129.675 Executing safepoint VM operation: G1TryInitiateConcMark (G1 Humongous Allocation) done
Event: 3129.675 Executing safepoint VM operation: G1CollectForAllocation (G1 Humongous Allocation)
Event: 3130.036 Executing safepoint VM operation: G1CollectForAllocation (G1 Humongous Allocation) done
Event: 3130.067 Executing safepoint VM operation: G1TryInitiateConcMark (G1 Humongous Allocation)
Event: 3130.071 Executing safepoint VM operation: G1TryInitiateConcMark (G1 Humongous Allocation) done
Event: 3130.071 Executing safepoint VM operation: G1CollectForAllocation (G1 Humongous Allocation)
Event: 3130.204 Executing safepoint VM operation: G1CollectForAllocation (G1 Humongous Allocation) done

Memory protections (0 events):
No events

Nmethod flushes (20 events):
Event: 3129.934 Thread 0x000001843ca2b770 flushing  nmethod 0x0000018420819610
Event: 3129.934 Thread 0x000001843ca2b770 flushing  nmethod 0x0000018420819c10
Event: 3129.934 Thread 0x000001843ca2b770 flushing  nmethod 0x0000018420824e10
Event: 3129.934 Thread 0x000001843ca2b770 flushing  nmethod 0x000001842083e390
Event: 3129.934 Thread 0x000001843ca2b770 flushing  nmethod 0x000001842083fd90
Event: 3129.934 Thread 0x000001843ca2b770 flushing  nmethod 0x0000018420a29410
Event: 3129.934 Thread 0x000001843ca2b770 flushing  nmethod 0x0000018420a50810
Event: 3129.934 Thread 0x000001843ca2b770 flushing  nmethod 0x0000018420a52090
Event: 3129.934 Thread 0x000001843ca2b770 flushing  nmethod 0x0000018420a52690
Event: 3129.934 Thread 0x000001843ca2b770 flushing  nmethod 0x0000018420a53890
Event: 3129.934 Thread 0x000001843ca2b770 flushing  nmethod 0x0000018420a58610
Event: 3129.934 Thread 0x000001843ca2b770 flushing  nmethod 0x0000018420a64990
Event: 3129.934 Thread 0x000001843ca2b770 flushing  nmethod 0x0000018420a64d90
Event: 3129.934 Thread 0x000001843ca2b770 flushing  nmethod 0x0000018420a68510
Event: 3129.934 Thread 0x000001843ca2b770 flushing  nmethod 0x0000018420a68d10
Event: 3129.934 Thread 0x000001843ca2b770 flushing  nmethod 0x0000018420a7bc10
Event: 3129.934 Thread 0x000001843ca2b770 flushing  nmethod 0x0000018420a7d810
Event: 3129.934 Thread 0x000001843ca2b770 flushing  nmethod 0x0000018420a93890
Event: 3129.934 Thread 0x000001843ca2b770 flushing  nmethod 0x0000018420a95a10
Event: 3129.934 Thread 0x000001843ca2b770 flushing  nmethod 0x0000018420a97110

Events (20 events):
Event: 2345.438 Thread 0x000001857dc69d30 Thread exited: 0x000001857dc69d30
Event: 2350.956 Thread 0x00000185807733b0 Thread exited: 0x00000185807733b0
Event: 2356.423 Thread 0x0000018549e3c760 Thread exited: 0x0000018549e3c760
Event: 2361.939 Thread 0x0000018580772000 Thread exited: 0x0000018580772000
Event: 2367.410 Thread 0x0000018549e3cdf0 Thread exited: 0x0000018549e3cdf0
Event: 2372.904 Thread 0x000001857d8cfd80 Thread exited: 0x000001857d8cfd80
Event: 2378.457 Thread 0x000001857dc67c60 Thread exited: 0x000001857dc67c60
Event: 2384.000 Thread 0x00000184b7727e00 Thread exited: 0x00000184b7727e00
Event: 2389.466 Thread 0x00000184b7764b30 Thread exited: 0x00000184b7764b30
Event: 2407.258 Thread 0x000001857e8a1800 Thread exited: 0x000001857e8a1800
Event: 2516.530 Thread 0x00000184b06eda70 Thread added: 0x00000184b514ad10
Event: 2583.130 Thread 0x00000184b06eda70 Thread added: 0x000001857e8a1800
Event: 2643.131 Thread 0x000001853c77d820 Thread exited: 0x000001853c77d820
Event: 2729.945 Thread 0x000001856569d460 Thread added: 0x000001857d8d1e50
Event: 2761.861 Thread 0x0000018581b03bc0 Thread exited: 0x0000018581b03bc0
Event: 2879.603 Thread 0x00000184b06eda70 Thread added: 0x000001857e8a1e90
Event: 2939.677 Thread 0x00000184b514ad10 Thread exited: 0x00000184b514ad10
Event: 3054.384 Thread 0x00000185046c2400 Thread added: 0x000001857d8cf6f0
Event: 3121.914 Thread 0x00000185046c2400 Thread added: 0x000001853c77deb0
Event: 3129.543 Thread 0x00000184b0e13ad0 Thread added: 0x0000018581b069b0


Dynamic libraries:
0x00007ff7a9460000 - 0x00007ff7a95d3000 	C:\Program Files\JetBrains\JetBrains Rider 2025.3.4\bin\rider64.exe
0x00007ffb3c500000 - 0x00007ffb3c767000 	C:\WINDOWS\SYSTEM32\ntdll.dll
0x00007ffb3b0d0000 - 0x00007ffb3b199000 	C:\WINDOWS\System32\KERNEL32.DLL
0x00007ffb39ea0000 - 0x00007ffb3a291000 	C:\WINDOWS\System32\KERNELBASE.dll
0x00007ffb3b1d0000 - 0x00007ffb3b2a7000 	C:\WINDOWS\System32\oleaut32.dll
0x00007ffb39bb0000 - 0x00007ffb39c53000 	C:\WINDOWS\System32\msvcp_win.dll
0x00007ffb39870000 - 0x00007ffb399bb000 	C:\WINDOWS\System32\ucrtbase.dll
0x00007ffb3a3b0000 - 0x00007ffb3a732000 	C:\WINDOWS\System32\combase.dll
0x00007ffb3c030000 - 0x00007ffb3c148000 	C:\WINDOWS\System32\RPCRT4.dll
0x00007ffb3c2c0000 - 0x00007ffb3c485000 	C:\WINDOWS\System32\user32.dll
0x00007ffb39c60000 - 0x00007ffb39c87000 	C:\WINDOWS\System32\win32u.dll
0x00007ffb3c150000 - 0x00007ffb3c17b000 	C:\WINDOWS\System32\GDI32.dll
0x00007ffb39a80000 - 0x00007ffb39bab000 	C:\WINDOWS\System32\gdi32full.dll
0x00007ffb3b8b0000 - 0x00007ffb3c00f000 	C:\WINDOWS\System32\shell32.dll
0x00007ffb39700000 - 0x00007ffb3986a000 	C:\WINDOWS\System32\wintypes.dll
0x00007ffb3ae30000 - 0x00007ffb3aeeb000 	C:\WINDOWS\System32\advapi32.dll
0x00007ffb38190000 - 0x00007ffb381c2000 	C:\WINDOWS\SYSTEM32\userenv.dll
0x00007ffb3a2a0000 - 0x00007ffb3a349000 	C:\WINDOWS\System32\msvcrt.dll
0x00007ffb3b3a0000 - 0x00007ffb3b447000 	C:\WINDOWS\System32\sechost.dll
0x00007ffb38de0000 - 0x00007ffb38e85000 	C:\WINDOWS\System32\bcryptprimitives.dll
0x00007ffb2a910000 - 0x00007ffb2a945000 	C:\WINDOWS\SYSTEM32\WINMM.dll
0x00007ffb27a60000 - 0x00007ffb27ca2000 	C:\WINDOWS\SYSTEM32\dbghelp.dll
0x00007ffb3b450000 - 0x00007ffb3b481000 	C:\WINDOWS\System32\IMM32.DLL
0x00007ffb38e90000 - 0x00007ffb396f4000 	C:\WINDOWS\System32\windows.storage.dll
0x00007ffb3a790000 - 0x00007ffb3a887000 	C:\WINDOWS\System32\SHCORE.dll
0x00007ffb3b330000 - 0x00007ffb3b397000 	C:\WINDOWS\System32\shlwapi.dll
0x00007ffb38d00000 - 0x00007ffb38d29000 	C:\WINDOWS\SYSTEM32\profapi.dll
0x00007ffb37c90000 - 0x00007ffb37cc6000 	C:\WINDOWS\SYSTEM32\ntmarta.dll
0x00007ffa4d830000 - 0x00007ffa4e5fc000 	C:\Program Files\JetBrains\JetBrains Rider 2025.3.4\jbr\bin\server\jvm.dll
0x00007ffb3c180000 - 0x00007ffb3c1f4000 	C:\WINDOWS\System32\WS2_32.dll
0x00007ffb389d0000 - 0x00007ffb38a2e000 	C:\WINDOWS\SYSTEM32\POWRPROF.dll
0x00007ffb34390000 - 0x00007ffb3439c000 	C:\Program Files\JetBrains\JetBrains Rider 2025.3.4\jbr\bin\VCRUNTIME140_1.dll
0x00007ffb334b0000 - 0x00007ffb334ce000 	C:\Program Files\JetBrains\JetBrains Rider 2025.3.4\jbr\bin\VCRUNTIME140.dll
0x00007ffb33320000 - 0x00007ffb3332b000 	C:\WINDOWS\SYSTEM32\VERSION.dll
0x00007ffb389b0000 - 0x00007ffb389c4000 	C:\WINDOWS\SYSTEM32\UMPDC.dll
0x00007ffb334a0000 - 0x00007ffb334aa000 	C:\Program Files\JetBrains\JetBrains Rider 2025.3.4\jbr\bin\jimage.dll
0x00007ffb1bf30000 - 0x00007ffb1bf6b000 	C:\WINDOWS\SYSTEM32\dbgcore.DLL
0x00007ffb30a40000 - 0x00007ffb30a50000 	C:\Program Files\JetBrains\JetBrains Rider 2025.3.4\jbr\bin\instrument.dll
0x00007ffb2a2b0000 - 0x00007ffb2a2d1000 	C:\Program Files\JetBrains\JetBrains Rider 2025.3.4\jbr\bin\java.dll
0x00007ffb25c30000 - 0x00007ffb25c48000 	C:\Program Files\JetBrains\JetBrains Rider 2025.3.4\jbr\bin\jli.dll
0x00007ffb1ade0000 - 0x00007ffb1ae94000 	C:\WINDOWS\WinSxS\amd64_microsoft.windows.common-controls_6595b64144ccf1df_5.82.26100.8037_none_87ebc5097a2f9e52\COMCTL32.dll
0x00007ffb244e0000 - 0x00007ffb244f8000 	C:\Program Files\JetBrains\JetBrains Rider 2025.3.4\jbr\bin\zip.dll
0x00007ffb37b70000 - 0x00007ffb37b8b000 	C:\WINDOWS\SYSTEM32\kernel.appcore.dll
0x00007ffb24340000 - 0x00007ffb24351000 	C:\Program Files\JetBrains\JetBrains Rider 2025.3.4\jbr\bin\net.dll
0x00007ffb32100000 - 0x00007ffb32227000 	C:\WINDOWS\SYSTEM32\WINHTTP.dll
0x00007ffb380e0000 - 0x00007ffb3814b000 	C:\WINDOWS\system32\mswsock.dll
0x00007ffb1aee0000 - 0x00007ffb1aef6000 	C:\Program Files\JetBrains\JetBrains Rider 2025.3.4\jbr\bin\nio.dll
0x00007ffb30a30000 - 0x00007ffb30a40000 	C:\Program Files\JetBrains\JetBrains Rider 2025.3.4\jbr\bin\verify.dll
0x00007ffb25c20000 - 0x00007ffb25c2a000 	C:\Program Files\JetBrains\JetBrains Rider 2025.3.4\jbr\bin\management.dll
0x00007ffb1aeb0000 - 0x00007ffb1aebc000 	C:\Program Files\JetBrains\JetBrains Rider 2025.3.4\jbr\bin\management_ext.dll
0x00007ffb3b670000 - 0x00007ffb3b678000 	C:\WINDOWS\System32\PSAPI.DLL
0x00007ffb0e670000 - 0x00007ffb0e688000 	C:\WINDOWS\system32\napinsp.dll
0x00007ffb37610000 - 0x00007ffb3773a000 	C:\WINDOWS\SYSTEM32\DNSAPI.dll
0x00007ffb374a0000 - 0x00007ffb374d3000 	C:\WINDOWS\SYSTEM32\IPHLPAPI.DLL
0x00007ffb3a890000 - 0x00007ffb3a89a000 	C:\WINDOWS\System32\NSI.dll
0x00007ffb0e650000 - 0x00007ffb0e662000 	C:\WINDOWS\System32\winrnr.dll
0x00007ffb0e620000 - 0x00007ffb0e642000 	C:\WINDOWS\system32\nlansp_c.dll
0x00007ffb31ef0000 - 0x00007ffb31f06000 	C:\WINDOWS\system32\wshbth.dll
0x00007ffb313a0000 - 0x00007ffb313ab000 	C:\Windows\System32\rasadhlp.dll
0x00007ffb317f0000 - 0x00007ffb31876000 	C:\WINDOWS\System32\fwpuclnt.dll
0x00007ffb383d0000 - 0x00007ffb383eb000 	C:\WINDOWS\SYSTEM32\CRYPTSP.dll
0x00007ffb37ad0000 - 0x00007ffb37b09000 	C:\WINDOWS\system32\rsaenh.dll
0x00007ffb38cd0000 - 0x00007ffb38cfa000 	C:\WINDOWS\SYSTEM32\bcrypt.dll
0x00007ffb383c0000 - 0x00007ffb383cc000 	C:\WINDOWS\SYSTEM32\CRYPTBASE.dll
0x00007ffb17b30000 - 0x00007ffb17cce000 	C:\Program Files\JetBrains\JetBrains Rider 2025.3.4\jbr\bin\awt.dll
0x00007ffb36b60000 - 0x00007ffb36b8e000 	C:\WINDOWS\SYSTEM32\dwmapi.dll
0x00007ffb1ac80000 - 0x00007ffb1acc4000 	C:\Program Files\JetBrains\JetBrains Rider 2025.3.4\jbr\bin\nvdaControllerClient64.dll
0x00007ffb1abf0000 - 0x00007ffb1ac79000 	C:\Program Files\JetBrains\JetBrains Rider 2025.3.4\bin\MSVCP140.dll
0x00007ffb1cf30000 - 0x00007ffb1cfa6000 	C:\WINDOWS\SYSTEM32\OLEACC.dll
0x00007ffb36680000 - 0x00007ffb3671f000 	C:\WINDOWS\SYSTEM32\apphelp.dll
0x00007ffb1aea0000 - 0x00007ffb1aeae000 	C:\Program Files\JetBrains\JetBrains Rider 2025.3.4\jbr\bin\sunmscapi.dll
0x00007ffb39c90000 - 0x00007ffb39e07000 	C:\WINDOWS\System32\CRYPT32.dll
0x00007ffb38650000 - 0x00007ffb38680000 	C:\WINDOWS\SYSTEM32\ncrypt.dll
0x00007ffb38600000 - 0x00007ffb3863f000 	C:\WINDOWS\SYSTEM32\NTASN1.dll
0x00007ffb0ea40000 - 0x00007ffb0ea48000 	C:\WINDOWS\system32\wshunix.dll
0x00007ffb1abe0000 - 0x00007ffb1abe9000 	C:\Program Files\JetBrains\JetBrains Rider 2025.3.4\jbr\bin\prefs.dll
0x00007ffb36880000 - 0x00007ffb3692a000 	C:\WINDOWS\system32\uxtheme.dll
0x00007ffb1abd0000 - 0x00007ffb1abd9000 	C:\Program Files\JetBrains\JetBrains Rider 2025.3.4\jbr\bin\extnet.dll
0x00007ffb3aef0000 - 0x00007ffb3b04d000 	C:\WINDOWS\System32\MSCTF.dll
0x00007ffb3b680000 - 0x00007ffb3b815000 	C:\WINDOWS\System32\ole32.dll
0x00007ffb197a0000 - 0x00007ffb19827000 	C:\Program Files\JetBrains\JetBrains Rider 2025.3.4\jbr\bin\freetype.dll
0x00007ffb15100000 - 0x00007ffb151f5000 	C:\Program Files\JetBrains\JetBrains Rider 2025.3.4\jbr\bin\fontmanager.dll
0x00007ffb192b0000 - 0x00007ffb192f9000 	C:\Program Files\JetBrains\JetBrains Rider 2025.3.4\lib\jna\amd64\jnidispatch.dll
0x00007ffb36650000 - 0x00007ffb36679000 	C:\WINDOWS\system32\Wtsapi32.dll
0x00007ffb37e10000 - 0x00007ffb37e59000 	C:\WINDOWS\SYSTEM32\SspiCli.dll
0x00007ffb38510000 - 0x00007ffb38573000 	C:\WINDOWS\SYSTEM32\WINSTA.dll
0x00007ffad6d80000 - 0x00007ffad6e8e000 	C:\WINDOWS\system32\opengl32.dll
0x00007ffb1dbf0000 - 0x00007ffb1dc1d000 	C:\WINDOWS\SYSTEM32\GLU32.dll
0x00007ffb369a0000 - 0x00007ffb369e3000 	C:\WINDOWS\SYSTEM32\dxcore.dll
0x00007ffaf61d0000 - 0x00007ffaf6208000 	C:\Program Files\JetBrains\JetBrains Rider 2025.3.4\bin\WinShellIntegrationBridge.dll
0x00007ffb384f0000 - 0x00007ffb38503000 	C:\WINDOWS\SYSTEM32\MSASN1.dll
0x00007ffb38150000 - 0x00007ffb38180000 	C:\WINDOWS\SYSTEM32\gpapi.dll
0x00007ffb31360000 - 0x00007ffb3139b000 	C:\WINDOWS\SYSTEM32\cryptnet.dll
0x00007ffb36830000 - 0x00007ffb3683e000 	C:\WINDOWS\SYSTEM32\WINNSI.DLL
0x00007ffb3c200000 - 0x00007ffb3c2ae000 	C:\WINDOWS\System32\clbcatq.dll
0x00007ffb259a0000 - 0x00007ffb259b2000 	C:\WINDOWS\system32\wbem\wbemprox.dll
0x00007ffb265f0000 - 0x00007ffb2666a000 	C:\WINDOWS\SYSTEM32\wbemcomn.dll
0x00007ffb259c0000 - 0x00007ffb259d5000 	C:\WINDOWS\system32\wbem\wbemsvc.dll
0x00007ffb24f20000 - 0x00007ffb25010000 	C:\WINDOWS\system32\wbem\fastprox.dll
0x00007ffb24a90000 - 0x00007ffb24aad000 	C:\WINDOWS\SYSTEM32\amsi.dll
0x00007ffb24680000 - 0x00007ffb24722000 	C:\ProgramData\Microsoft\Windows Defender\Platform\4.18.26020.6-0\MpOav.dll
0x00007ffb176c0000 - 0x00007ffb17898000 	C:\WINDOWS\WinSxS\amd64_microsoft.windows.gdiplus_6595b64144ccf1df_1.1.26100.8036_none_6ef439583dc61568\gdiplus.dll
0x00007ffb323c0000 - 0x00007ffb323dd000 	C:\WINDOWS\SYSTEM32\dhcpcsvc6.DLL
0x00007ffb31f10000 - 0x00007ffb31f33000 	C:\WINDOWS\SYSTEM32\dhcpcsvc.DLL
0x00007ffb277c0000 - 0x00007ffb27a53000 	C:\WINDOWS\WinSxS\amd64_microsoft.windows.common-controls_6595b64144ccf1df_6.0.26100.8037_none_3e092faae333b53b\comctl32.dll
0x00007ffb34930000 - 0x00007ffb34b5d000 	C:\WINDOWS\SYSTEM32\WindowsCodecs.dll
0x00007ffb10360000 - 0x00007ffb103ba000 	C:\WINDOWS\system32\dataexchange.dll
0x00007ffb30a50000 - 0x00007ffb30c94000 	C:\WINDOWS\system32\twinapi.appcore.dll
0x00007ffb12520000 - 0x00007ffb12668000 	C:\WINDOWS\SYSTEM32\textinputframework.dll
0x00007ffb36260000 - 0x00007ffb36387000 	C:\WINDOWS\SYSTEM32\CoreMessaging.dll
0x00007ffb32980000 - 0x00007ffb32c62000 	C:\WINDOWS\SYSTEM32\CoreUIComponents.dll
0x00007ffb103c0000 - 0x00007ffb1046a000 	C:\Windows\System32\appresolver.dll
0x00007ffb343a0000 - 0x00007ffb344a3000 	C:\WINDOWS\system32\propsys.dll
0x00007ffb1a520000 - 0x00007ffb1a57e000 	C:\Windows\System32\Bcp47Langs.dll
0x00007ffb3b050000 - 0x00007ffb3b0cc000 	C:\WINDOWS\System32\coml2.dll
0x00007ffb38a40000 - 0x00007ffb38a97000 	C:\WINDOWS\SYSTEM32\CFGMGR32.dll
0x00007ffb1a610000 - 0x00007ffb1a6cf000 	C:\Windows\System32\Windows.FileExplorer.Common.dll
0x00007ffb18300000 - 0x00007ffb1830f000 	C:\WINDOWS\SYSTEM32\LINKINFO.dll
0x00007ffae76f0000 - 0x00007ffae7796000 	C:\WINDOWS\SYSTEM32\ntshrui.dll
0x00007ffb26670000 - 0x00007ffb26699000 	C:\WINDOWS\SYSTEM32\srvcli.dll
0x00007ffb11050000 - 0x00007ffb11063000 	C:\WINDOWS\SYSTEM32\cscapi.dll
0x00007ffb35010000 - 0x00007ffb350c4000 	C:\WINDOWS\SYSTEM32\policymanager.dll
0x00007ffa7c9d0000 - 0x00007ffa7ca52000 	C:\Program Files\JetBrains\JetBrains Rider 2025.3.4\jbr\bin\mlib_image.dll
0x00007ffb0aa10000 - 0x00007ffb0aa2a000 	C:\Program Files\JetBrains\JetBrains Rider 2025.3.4\jbr\bin\shared_mem_helper.dll
0x00007ffb09f00000 - 0x00007ffb0a1d8000 	C:\WINDOWS\system32\explorerframe.dll
0x00007ffb25e90000 - 0x00007ffb25ee6000 	C:\WINDOWS\SYSTEM32\pdh.dll
0x00007ffb243d0000 - 0x00007ffb243e1000 	C:\WINDOWS\System32\perfos.dll
0x00007ffb36930000 - 0x00007ffb36942000 	C:\WINDOWS\SYSTEM32\pfclient.dll

JVMTI agents:
C:\JetBrains ja-netfilter-all Build 2024.1.11\ja-netfilter-all\ja-netfilter.jar path:C:\Program Files\JetBrains\JetBrains Rider 2025.3.4\jbr\bin\instrument.dll, loaded, initialized, instrumentlib options:jetbrains

dbghelp: loaded successfully - version: 4.0.5 - missing functions: none
symbol engine: initialized successfully - sym options: 0x614 - pdb path: .;C:\Program Files\JetBrains\JetBrains Rider 2025.3.4\bin;C:\WINDOWS\SYSTEM32;C:\Program Files\JetBrains\JetBrains Rider 2025.3.4\jbr\bin\server;C:\Program Files\JetBrains\JetBrains Rider 2025.3.4\jbr\bin;C:\WINDOWS\WinSxS\amd64_microsoft.windows.common-controls_6595b64144ccf1df_5.82.26100.8037_none_87ebc5097a2f9e52;C:\Program Files\JetBrains\JetBrains Rider 2025.3.4\lib\jna\amd64;C:\WINDOWS\system32\wbem;C:\ProgramData\Microsoft\Windows Defender\Platform\4.18.26020.6-0;C:\WINDOWS\WinSxS\amd64_microsoft.windows.gdiplus_6595b64144ccf1df_1.1.26100.8036_none_6ef439583dc61568;C:\WINDOWS\WinSxS\amd64_microsoft.windows.common-controls_6595b64144ccf1df_6.0.26100.8037_none_3e092faae333b53b;C:\Program Files\JetBrains\JetBrains Rider 2025.3.4\lib\skiko-awt-runtime-all;C:\WINDOWS\System32\DriverStore\FileRepository\nv_dispi.inf_amd64_20ae8f14a487d5db

VM Arguments:
jvm_args: abort vfprintf -XX:ErrorFile=C:\Users\user1\java_error_in_rider_%p.log -XX:HeapDumpPath=C:\Users\user1\java_error_in_rider.hprof -Xms128m -Xmx2048m -XX:JbrShrinkingGcMaxHeapFreeRatio=40 -XX:ReservedCodeCacheSize=512m -XX:+HeapDumpOnOutOfMemoryError -XX:-OmitStackTraceInFastThrow -XX:CICompilerCount=2 -XX:+IgnoreUnrecognizedVMOptions -XX:+UnlockDiagnosticVMOptions -XX:TieredOldPercentage=100000 -ea -Dsun.io.useCanonCaches=false -Dsun.java2d.metal=true -Djbr.catch.SIGABRT=true -Djdk.http.auth.tunneling.disabledSchemes="" -Djdk.attach.allowAttachSelf=true -Djdk.module.illegalAccess.silent=true -Djdk.nio.maxCachedBufferSize=2097152 -Djava.util.zip.use.nio.for.zip.file.access=true -Dkotlinx.coroutines.debug=off -Djava.nio.file.spi.DefaultFileSystemProvider=com.intellij.platform.core.nio.fs.MultiRoutingFileSystemProvider -Dllm.show.ai.promotion.window.on.start=false -Xms128m -Xmx1024m -XX:ReservedCodeCacheSize=512m -XX:+IgnoreUnrecognizedVMOptions -XX:+UseG1GC -XX:SoftRefLRUPolicyMSPerMB=50 -XX:CICompilerCount=2 -XX:+HeapDumpOnOutOfMemoryError -XX:-OmitStackTraceInFastThrow -ea -Dsun.io.useCanonCaches=false -Djdk.http.auth.tunneling.disabledSchemes="" -Djdk.attach.allowAttachSelf=true -Djdk.module.illegalAccess.silent=true -Dkotlinx.coroutines.debug=off -XX:ErrorFile=$USER_HOME/java_error_in_idea_%p.log -XX:HeapDumpPath=$USER_HOME/java_error_in_idea.hprof --add-opens=java.base/jdk.internal.org.objectweb.asm=ALL-UNNAMED --add-opens=java.base/jdk.internal.org.objectweb.asm.tree=ALL-UNNAMED -javaagent:C:\JetBrains ja-netfilter-all Build 2024.1.11\ja-netfilter-all\ja-netfilter.jar=jetbrains -Djb.vmOptionsFile=C:\JetBrains ja-netfilter-all Build 2024.1.11\ja-netfilter-all\vmoptions\rider.vmoptions -Xbootclasspath/a:C:\Program Files\JetBrains\JetBrains Rider 2025.3.4\lib\nio-fs.jar -Djava.system.class.loader=com.intellij.util.lang.PathClassLoader -Didea.vendor.name=JetBrains -Didea.paths.selector=Rider2025.3 -Djna.boot.library.path=C:\Program Files\JetBrains\JetBrains Rider 2025.3.4/lib/jna/amd64 -Djna.nosys=true -Djna.noclasspath=true -Dpty4j.preferred.native.folder=C:\Program Files\JetBrains\JetBrains Rider 2025.3.4/lib/pty4j -Dio.netty.allocator.type=pooled -Dskiko.library.path=C:\Program Files\JetBrains\JetBrains Rider 2025.3.4/lib/skiko-awt-runtime-all -Dintellij.platform.runtime.repository.path=C:\Program Files\JetBrains\JetBrains Rider 2025.3.4/modules/module-descriptors.dat -Didea.platform.prefix=Rider -Dwsl.use.remote.agent.for.nio.filesystem=true -Djava.nio.file.spi.DefaultFileSystemProvider=com.intellij.platform.core.nio.fs.MultiRoutingFileSystemProvider -Didea.class.before.app=com.jetbrains.rider.protocol.EarlyBackendStarter -Didea.show.customize.ide.wizard=true -DFilePageCache.THROW_ERROR_ON_DUPLICATE_STORAGE_REGISTRATION=false -Dsplash=true -Daether.connector.resumeDownloads=false -Dcompose.swing.render.on.graphics=true --add-opens=java.base/java.io=ALL-UNNAMED --add-opens=java.base/java.lang=ALL-UNNAMED --add-opens=java.base/java.lang.ref=ALL-UNNAMED --add-opens=java.base/java.lang.reflect=ALL-UNNAMED --add-opens=java.base/java.net=ALL-UNNAMED --add-opens=java.base/java.nio=ALL-UNNAMED --add-opens=java.base/java.nio.charset=ALL-UNNAMED --add-opens=java.base/java.text=ALL-UNNAMED --add-opens=java.base/java.time=ALL-UNNAMED --add-opens=java.base/java.util=ALL-UNNAMED --add-opens=java.base/java.util.concurrent=ALL-UNNAMED --add-opens=java.base/java.util.concurrent.atomic=ALL-UNNAMED --add-opens=java.base/java.util.concurrent.locks=ALL-UNNAMED --add-opens=java.base/jdk.internal.ref=ALL-UNNAMED --add-opens=java.base/jdk.internal.vm=ALL-UNNAMED --add-opens=java.base/sun.net.dns=ALL-UNNAMED --add-opens=java.base/sun.nio=ALL-UNNAMED --add-opens=java.base/sun.nio.ch=ALL-UNNAMED --add-opens=java.base/sun.nio.fs=ALL-UNNAMED --add-opens=java.base/sun.security.ssl=ALL-UNNAMED --add-opens=java.base/sun.security.util=ALL-UNNAMED --add-opens=java.desktop/com.sun.java.swing=ALL-UNNAMED --add-opens=java.desktop/java.awt=ALL-UNNAMED --add-opens=java.desktop/java.awt.dnd.peer=ALL-UNNAMED --add-opens=java.desktop/java.awt.event=ALL-UNNAMED --add-opens=java.desktop/java.awt.font=ALL-UNNAMED --add-opens=java.desktop/java.awt.image=ALL-UNNAMED --add-opens=java.desktop/java.awt.peer=ALL-UNNAMED --add-opens=java.desktop/javax.swing=ALL-UNNAMED --add-opens=java.desktop/javax.swing.plaf.basic=ALL-UNNAMED --add-opens=java.desktop/javax.swing.text=ALL-UNNAMED --add-opens=java.desktop/javax.swing.text.html=ALL-UNNAMED --add-opens=java.desktop/javax.swing.text.html.parser=ALL-UNNAMED --add-opens=java.desktop/sun.awt=ALL-UNNAMED --add-opens=java.desktop/sun.awt.datatransfer=ALL-UNNAMED --add-opens=java.desktop/sun.awt.image=ALL-UNNAMED --add-opens=java.desktop/sun.awt.windows=ALL-UNNAMED --add-opens=java.desktop/sun.font=ALL-UNNAMED --add-opens=java.desktop/sun.java2d=ALL-UNNAMED --add-opens=java.desktop/sun.swing=ALL-UNNAMED --add-opens=java.management/sun.management=ALL-UNNAMED --add-opens=jdk.attach/sun.tools.attach=ALL-UNNAMED --add-opens=jdk.compiler/com.sun.tools.javac.api=ALL-UNNAMED --add-opens=jdk.internal.jvmstat/sun.jvmstat.monitor=ALL-UNNAMED --add-opens=jdk.jdi/com.sun.tools.jdi=ALL-UNNAMED -Dide.native.launcher=true -Djcef.sandbox.ptr=00000184146CF890 -Djcef.sandbox.cefVersion=122.1.9+gd14e051+chromium-122.0.6261.94 
java_command: com.intellij.idea.Main F:\Unity\Unity_Project\Willcraf_Playable\Willcraf_Playable.sln --line -1 --column -1 F:\Unity\Unity_Project\Willcraf_Playable\Assets\_Scripts\HorseMount.cs
java_class_path (initial): C:\Program Files\JetBrains\JetBrains Rider 2025.3.4\lib\platform-loader.jar;C:\Program Files\JetBrains\JetBrains Rider 2025.3.4\lib\util-8.jar;C:\Program Files\JetBrains\JetBrains Rider 2025.3.4\lib\app.jar;C:\Program Files\JetBrains\JetBrains Rider 2025.3.4\lib\util.jar;C:\Program Files\JetBrains\JetBrains Rider 2025.3.4\lib\product-backend.jar;C:\Program Files\JetBrains\JetBrains Rider 2025.3.4\lib\app-backend.jar;C:\Program Files\JetBrains\JetBrains Rider 2025.3.4\lib\annotations.jar;C:\Program Files\JetBrains\JetBrains Rider 2025.3.4\lib\eclipse.lsp4j.debug.jar;C:\Program Files\JetBrains\JetBrains Rider 2025.3.4\lib\eclipse.lsp4j.jar;C:\Program Files\JetBrains\JetBrains Rider 2025.3.4\lib\eclipse.lsp4j.jsonrpc.debug.jar;C:\Program Files\JetBrains\JetBrains Rider 2025.3.4\lib\eclipse.lsp4j.jsonrpc.jar;C:\Program Files\JetBrains\JetBrains Rider 2025.3.4\lib\external-system-rt.jar;C:\Program Files\JetBrains\JetBrains Rider 2025.3.4\lib\externalProcess-rt.jar;C:\Program Files\JetBrains\JetBrains Rider 2025.3.4\lib\forms_rt.jar;C:\Program Files\JetBrains\JetBrains Rider 2025.3.4\lib\groovy.jar;C:\Program Files\JetBrains\JetBrains Rider 2025.3.4\lib\javax.activation.jar;C:\Program Files\JetBrains\JetBrains Rider 2025.3.4\lib\javax.annotation-api.jar;C:\Program Files\JetBrains\JetBrains Rider 2025.3.4\lib\jaxb-api.jar;C:\Program Files\JetBrains\JetBrains Rider 2025.3.4\lib\jaxb-runtime.jar;C:\Program Files\JetBrains\JetBrains Rider 2025.3.4\lib\jps-model.jar;C:\Program Files\JetBrains\JetBrains Rider 2025.3.4\lib\jsch-agent.jar;C:\Program Files\JetBrains\JetBrains Rider 2025.3.4\lib\lib-backend.jar;C:\Program Files\JetBrains\JetBrains Rider 2025.3.4\lib\lib.jar;C:\Program Files\JetBrains\JetBrains Rider 2025.3.4\lib\module-intellij.libraries.aalto.xml.jar;C:\Program Files\JetBrains\JetBrains Rider 2025.3.4\lib\module-intellij.libraries.asm.jar;C:\Program Files\JetBrains\JetBrains Rider 2025.3.4\lib\module-intellij.libraries.asm.tools.jar;C:\Program Files\JetBrains\JetBrains Rider 2025.3.4\lib\module-intellij.libraries.automaton.jar;C:\Program Files\JetBrains\JetBrains Rider 2025.3.4\lib\module-intellij.libraries.blockmap.jar;C:\Program Files\JetBrains\JetBrains Rider 2025.3.4\lib\module-intellij.libraries.bouncy.castle.pgp.jar;C:\Program Files\JetBrains\JetBrains Rider 2025.3.4\lib\module-intellij.libraries.bouncy.castle.provider.jar;C:\Program Files\JetBrains\JetBrains Rider 2025.3.4\lib\module-intellij.libraries.caffeine.jar;C:\Program Files\JetBrains\JetBrains Rider 2025.3.4\lib\module-intellij.libraries.cglib.jar;C:\Program Files\JetBrains\JetBrains Rider 2025.3.4\lib\module-intellij.libraries.classgraph.jar;C:\Program Files\JetBrains\JetBrains Rider 2025.3.4\lib\module-intellij.libraries.cli.parser.jar;C:\Program Files\JetBrains\JetBrains Rider 2025.3.4\lib\module-intellij.libraries.commons.cli.jar;C:\Program Files\JetBrains\JetBrains Rider 2025.3.4\lib\module-intellij.libraries.commons.codec.jar;C:\Program Files\JetBrains\JetBrains Rider 2025.3.4\lib\module-intellij.libraries.commons.compress.jar;C:\Program Files\JetBrains\JetBrains Rider 2025.3.4\lib\module-intellij.libraries.commons.imaging.jar;C:\Program Files\JetBrains\JetBrains Rider 2025.3.4\lib\module-intellij.libraries.commons.io.jar;C:\Program Files\JetBrains\JetBrains Rider 2025.3.4\lib\module-intellij.libraries.commons.lang3.jar;C:\Program Files\JetBrains\JetBrains Rider 2025.3.4\lib\module-intellij.libraries.commons.logging.jar;C:\Program Files\JetBrains\JetBrains Rider 2025.3.4\lib\module-intellij.libraries.fastutil.jar;C:\Program Files\JetBrains\JetBrains Rider 2025.3.4\lib\module-intellij.libraries.gson.jar;C:\Program Files\JetBrains\JetBrains Rider 2025.3.4\lib\module-intellij.libraries.guava.jar;C:\Program Files\JetBrains\JetBrains Rider 2025.3.4\lib\module-intellij.libraries.hash4j.jar;C:\Program Files\JetBrains\JetBrains Rider 2025.3.4\lib\module-intellij.libraries.hdr.histogram.jar;C:\Program Files\JetBrains\JetBrains Rider 2025.3.4\lib\module-intellij.libraries.http.client.jar;C:\Program Files\JetBrains\JetBrains Rider 2025.3.4\lib\module-intellij.libraries.icu4j.jar;C:\Program Files\JetBrains\JetBrains Rider 2025.3.4\lib\module-intellij.libraries.imgscalr.jar;C:\Program Files\JetBrains\JetBrains Rider 2025.3.4\lib\module-intellij.libraries.ini4j.jar;C:\Program Files\JetBrains\JetBrains Rider 2025.3.4\lib\module-intellij.libraries.ion.jar;C:\Program Files\JetBrains\JetBrains Rider 2025.3.4\lib\module-intellij.libraries.jackson.databind.jar;C:\Program Files\JetBrains\JetBrains Rider 2025.3.4\lib\module-intellij.libraries.jackson.dataformat.yaml.jar;C:\Program Files\JetBrains\JetBrains Rider 2025.3.4\lib\module-intellij.libraries.jackson.jar;C:\Program Files\JetBrains\JetBrains Rider 2025.3.4\lib\module-intellij.libraries.jackson.jr.objects.jar;C:\Program Files\JetBrains\JetBrains Rider 2025.3.4\lib\module-intellij.libraries.jackson.module.kotlin.jar;C:\Program Files\JetBrains\JetBrains Rider 2025.3.4\lib\module-intellij.libraries.java.websocket.jar;C:\Program Files\JetBrains\JetBrains Rider 2025.3.4\lib\module-intellij.libraries.javax.annotation.jar;C:\Program Files\JetBrains\JetBrains Rider 2025.3.4\lib\module-intellij.libraries.jaxen.jar;C:\Program Files\JetBrains\JetBrains Rider 2025.3.4\lib\module-intellij.libraries.jbr.jar;C:\Program Files\JetBrains\JetBrains Rider 2025.3.4\lib\module-intellij.libraries.jcef.jar;C:\Program Files\JetBrains\JetBrains Rider 2025.3.4\lib\module-intellij.libraries.jcip.jar;C:\Program Files\JetBrains\JetBrains Rider 2025.3.4\lib\module-intellij.libraries.jediterm.core.jar;C:\Program Files\JetBrains\JetBrains Rider 2025.3.4\lib\module-intellij.libraries.jediterm.ui.jar;C:\Program Files\JetBrains\JetBrains Rider 2025.3.4\lib\module-intellij.libraries.jettison.jar;C:\Program Files\JetBrains\JetBrains Rider 2025.3.4\lib\module-intellij.libraries.jsonpath.jar;C:\Program Files\JetBrains\JetBrains Rider 2025.3.4\lib\module-intellij.libraries.jsoup.jar;C:\Program Files\JetBrains\JetBrains Rider 2025.3.4\lib\module-intellij.libraries.jsvg.jar;C:\Program Files\JetBrains\JetBrains Rider 2025.3.4\lib\module-intellij.libraries.jvm.native.trusted.roots.jar;C:\Program Files\JetBrains\JetBrains Rider 2025.3.4\lib\module-intellij.libraries.jzlib.jar;C:\Program Files\JetBrains\JetBrains Rider 2025.3.4\lib\module-intellij.libraries.kotlin.reflect.jar;C:\Program Files\JetBrains\JetBrains Rider 2025.3.4\lib\module-intellij.libraries.kotlinx.collections.immutable.jar;C:\Program Files\JetBrains\JetBrains Rider 2025.3.4\lib\module-intellij.libraries.kotlinx.coroutines.slf4j.jar;C:\Program Files\JetBrains\JetBrains Rider 2025.3.4\lib\module-intellij.libraries.kotlinx.datetime.jar;C:\Program Files\JetBrains\JetBrains Rider 2025.3.4\lib\module-intellij.libraries.kotlinx.html.jar;C:\Program Files\JetBrains\JetBrains Rider 2025.3.4\lib\module-intellij.libraries.kotlinx.io.jar;C:\Program Files\JetBrains\JetBrains Rider 2025.3.4\lib\module-intellij.libraries.kotlinx.serialization.core.jar;C:\Program Files\JetBrains\JetBrains Rider 2025.3.4\lib\module-intellij.libraries.kotlinx.serialization.json.jar;C:\Program Files\JetBrains\JetBrains Rider 2025.3.4\lib\module-intellij.libraries.kotlinx.serialization.protobuf.jar;C:\Program Files\JetBrains\JetBrains Rider 2025.3.4\lib\module-intellij.libraries.kryo5.jar;C:\Program Files\JetBrains\JetBrains Rider 2025.3.4\lib\module-intellij.libraries.ktor.client.cio.jar;C:\Program Files\JetBrains\JetBrains Rider 2025.3.4\lib\module-intellij.libraries.ktor.client.jar;C:\Program Files\JetBrains\JetBrains Rider 2025.3.4\lib\module-intellij.libraries.ktor.io.jar;C:\Program Files\JetBrains\JetBrains Rider 2025.3.4\lib\module-intellij.libraries.ktor.network.tls.jar;C:\Program Files\JetBrains\JetBrains Rider 2025.3.4\lib\module-intellij.libraries.ktor.utils.jar;C:\Program Files\JetBrains\JetBrains Rider 2025.3.4\lib\module-intellij.libraries.lz4.jar;C:\Program Files\JetBrains\JetBrains Rider 2025.3.4\lib\module-intellij.libraries.markdown.jar;C:\Program Files\JetBrains\JetBrains Rider 2025.3.4\lib\module-intellij.libraries.miglayout.swing.jar;C:\Program Files\JetBrains\JetBrains Rider 2025.3.4\lib\module-intellij.libraries.mvstore.jar;C:\Program Files\JetBrains\JetBrains Rider 2025.3.4\lib\module-intellij.libraries.oro.matcher.jar;C:\Program Files\JetBrains\JetBrains Rider 2025.3.4\lib\module-intellij.libraries.proxy.vole.jar;C:\Program Files\JetBrains\JetBrains Rider 2025.3.4\lib\module-intellij.libraries.pty4j.jar;C:\Program Files\JetBrains\JetBrains Rider 2025.3.4\lib\module-intellij.libraries.rd.text.jar;C:\Program Files\JetBrains\JetBrains Rider 2025.3.4\lib\module-intellij.libraries.rhino.jar;C:\Program Files\JetBrains\JetBrains Rider 2025.3.4\lib\module-intellij.libraries.snakeyaml.engine.jar;C:\Program Files\JetBrains\JetBrains Rider 2025.3.4\lib\module-intellij.libraries.snakeyaml.jar;C:\Program Files\JetBrains\JetBrains Rider 2025.3.4\lib\module-intellij.libraries.sshj.jar;C:\Program Files\JetBrains\JetBrains Rider 2025.3.4\lib\module-intellij.libraries.stream.jar;C:\Program Files\JetBrains\JetBrains Rider 2025.3.4\lib\module-intellij.libraries.velocity.jar;C:\Program Files\JetBrains\JetBrains Rider 2025.3.4\lib\module-intellij.libraries.winp.jar;C:\Program Files\JetBrains\JetBrains Rider 2025.3.4\lib\module-intellij.libraries.xerces.jar;C:\Program Files\JetBrains\JetBrains Rider 2025.3.4\lib\module-intellij.libraries.xstream.jar;C:\Program Files\JetBrains\JetBrains Rider 2025.3.4\lib\module-intellij.libraries.xtext.xbase.jar;C:\Program Files\JetBrains\JetBrains Rider 2025.3.4\lib\module-intellij.libraries.xz.jar;C:\Program Files\JetBrains\JetBrains Rider 2025.3.4\lib\module-intellij.platform.debugger.impl.rpc.jar;C:\Program Files\JetBrains\JetBrains Rider 2025.3.4\lib\module-intellij.platform.debugger.impl.shared.jar;C:\Program Files\JetBrains\JetBrains Rider 2025.3.4\lib\module-intellij.platform.eel.impl.jar;C:\Program Files\JetBrains\JetBrains Rider 2025.3.4\lib\module-intellij.platform.find.jar;C:\Program Files\JetBrains\JetBrains Rider 2025.3.4\lib\module-intellij.platform.managed.cache.jar;C:\Program Files\JetBrains\JetBrains Rider 2025.3.4\lib\module-intellij.platform.polySymbols.backend.jar;C:\Program Files\JetBrains\JetBrains Rider 2025.3.4\lib\module-intellij.platform.polySymbols.jar;C:\Program Files\JetBrains\JetBrains Rider 2025.3.4\lib\module-intellij.platform.rpc.topics.jar;C:\Program Files\JetBrains\JetBrains Rider 2025.3.4\lib\module-intellij.platform.scopes.jar;C:\Program Files\JetBrains\JetBrains Rider 2025.3.4\lib\module-intellij.platform.vcs.core.jar;C:\Program Files\JetBrains\JetBrains Rider 2025.3.4\lib\module-intellij.platform.vcs.jar;C:\Program Files\JetBrains\JetBrains Rider 2025.3.4\lib\module-intellij.platform.vcs.shared.jar;C:\Program Files\JetBrains\JetBrains Rider 2025.3.4\lib\module-intellij.regexp.jar;C:\Program Files\JetBrains\JetBrains Rider 2025.3.4\lib\module-intellij.rider.icons.jar;C:\Program Files\JetBrains\JetBrains Rider 2025.3.4\lib\module-intellij.xml.analysis.impl.jar;C:\Program Files\JetBrains\JetBrains Rider 2025.3.4\lib\module-intellij.xml.analysis.jar;C:\Program Files\JetBrains\JetBrains Rider 2025.3.4\lib\module-intellij.xml.dom.impl.jar;C:\Program Files\JetBrains\JetBrains Rider 2025.3.4\lib\module-intellij.xml.dom.jar;C:\Program Files\JetBrains\JetBrains Rider 2025.3.4\lib\module-intellij.xml.impl.jar;C:\Program Files\JetBrains\JetBrains Rider 2025.3.4\lib\module-intellij.xml.parser.jar;C:\Program Files\JetBrains\JetBrains Rider 2025.3.4\lib\module-intellij.xml.psi.impl.jar;C:\Program Files\JetBrains\JetBrains Rider 2025.3.4\lib\module-intellij.xml.psi.jar;C:\Program Files\JetBrains\JetBrains Rider 2025.3.4\lib\module-intellij.xml.structureView.impl.jar;C:\Program Files\JetBrains\JetBrains Rider 2025.3.4\lib\module-intellij.xml.structureView.jar;C:\Program Files\JetBrains\JetBrains Rider 2025.3.4\lib\module-intellij.xml.syntax.jar;C:\Program Files\JetBrains\JetBrains Rider 2025.3.4\lib\module-intellij.xml.ui.common.jar;C:\Program Files\JetBrains\JetBrains Rider 2025.3.4\lib\opentelemetry.jar;C:\Program Files\JetBrains\JetBrains Rider 2025.3.4\lib\product.jar;C:\Program Files\JetBrains\JetBrains Rider 2025.3.4\lib\protobuf.jar;C:\Program Files\JetBrains\JetBrains Rider 2025.3.4\lib\rd.jar;C:\Program Files\JetBrains\JetBrains Rider 2025.3.4\lib\rhino.jar;C:\Program Files\JetBrains\JetBrains Rider 2025.3.4\lib\stats.jar;C:\Program Files\JetBrains\JetBrains Rider 2025.3.4\lib\trove.jar;C:\Program Files\JetBrains\JetBrains Rider 2025.3.4\lib\util_rt.jar
Launcher Type: generic

[Global flags]
     intx CICompilerCount                          = 2                                         {product} {command line}
     uint ConcGCThreads                            = 3                                         {product} {ergonomic}
    ccstr ErrorFile                                = $USER_HOME/java_error_in_idea_%p.log            {product} {command line}
     uint G1ConcRefinementThreads                  = 10                                        {product} {ergonomic}
   size_t G1HeapRegionSize                         = 1048576                                   {product} {ergonomic}
    uintx GCDrainStackTargetSize                   = 64                                        {product} {ergonomic}
     bool HeapDumpOnOutOfMemoryError               = true                                   {manageable} {command line}
    ccstr HeapDumpPath                             = $USER_HOME/java_error_in_idea.hprof         {manageable} {command line}
     bool IgnoreUnrecognizedVMOptions              = true                                      {product} {command line}
   size_t InitialHeapSize                          = 134217728                                 {product} {command line}
    uintx JbrShrinkingGcMaxHeapFreeRatio           = 40                                     {manageable} {command line}
   size_t MarkStackSize                            = 4194304                                   {product} {ergonomic}
   size_t MaxHeapSize                              = 1073741824                                {product} {command line}
   size_t MaxNewSize                               = 643825664                                 {product} {ergonomic}
   size_t MinHeapDeltaBytes                        = 1048576                                   {product} {ergonomic}
   size_t MinHeapSize                              = 134217728                                 {product} {command line}
    uintx NonNMethodCodeHeapSize                   = 5826188                                {pd product} {ergonomic}
    uintx NonProfiledCodeHeapSize                  = 265522362                              {pd product} {ergonomic}
     bool OmitStackTraceInFastThrow                = false                                     {product} {command line}
    uintx ProfiledCodeHeapSize                     = 265522362                              {pd product} {ergonomic}
    uintx ReservedCodeCacheSize                    = 536870912                              {pd product} {command line}
     bool SegmentedCodeCache                       = true                                      {product} {ergonomic}
   size_t SoftMaxHeapSize                          = 1073741824                             {manageable} {ergonomic}
     intx SoftRefLRUPolicyMSPerMB                  = 50                                        {product} {command line}
     intx TieredOldPercentage                      = 100000                                 {diagnostic} {command line}
     bool UnlockDiagnosticVMOptions                = true                                   {diagnostic} {command line}
     bool UseCompressedOops                        = true                           {product lp64_product} {ergonomic}
     bool UseG1GC                                  = true                                      {product} {command line}
     bool UseLargePagesIndividualAllocation        = false                                  {pd product} {ergonomic}

Logging:
Log output configuration:
 #0: stdout all=warning uptime,level,tags foldmultilines=false
 #1: stderr all=off uptime,level,tags foldmultilines=false

Release file:
JAVA_VERSION="21.0.10" 
MODULES="java.base java.datatransfer java.xml java.prefs java.desktop gluegen.rt java.compiler java.instrument java.logging java.management java.security.sasl java.naming java.rmi java.management.rmi java.net.http java.scripting java.security.jgss java.transaction.xa java.sql java.sql.rowset java.xml.crypto java.se java.smartcardio jogl.all jcef jdk.accessibility jdk.internal.jvmstat jdk.attach jdk.charsets jdk.internal.opt jdk.zipfs jdk.compiler jdk.crypto.ec jdk.crypto.cryptoki jdk.crypto.mscapi jdk.dynalink jdk.hotspot.agent jdk.httpserver jdk.internal.ed jdk.internal.le jdk.internal.vm.ci jdk.javadoc jdk.jcmd jdk.jdwp.agent jdk.jdi jdk.jfr jdk.jsobject jdk.localedata jdk.management jdk.management.agent jdk.management.jfr jdk.naming.dns jdk.naming.rmi jdk.net jdk.sctp jdk.security.auth jdk.security.jgss jdk.unsupported jdk.unsupported.desktop jdk.xml.dom" 
IMPLEMENTOR="JetBrains s.r.o." 
IMPLEMENTOR_VERSION="JBR-21.0.10+1-1163.110-jcef" 
JAVA_RUNTIME_VERSION="21.0.10+1-b1163.110" 
LIBC="default" 
OS_ARCH="x86_64" 
OS_NAME="Windows" 
SOURCE=".:git:c22232424a0f+ jcef_git:git:4a605f44671a" 
JCEF_VERSION="137.0.17.1107+ge397b56" 
JCEF_COMMIT_HASH="e397b569415d3c67b114495985454e5201955573" 

Environment Variables:
JAVA_HOME=F:\Unity\UnityEditor\2022.3.47f1\Editor\Data\PlaybackEngines\AndroidPlayer\OpenJDK
PATH=C:\WINDOWS\system32;C:\WINDOWS;C:\WINDOWS\System32\Wbem;C:\WINDOWS\System32\WindowsPowerShell\v1.0\;C:\WINDOWS\System32\OpenSSH\;C:\Program Files\NVIDIA Corporation\NVIDIA NvDLISR;C:\Program Files (x86)\NVIDIA Corporation\PhysX\Common;C:\Program Files\dotnet\;C:\Program Files\Git\cmd;C:\Program Files\CMake\bin;C:\Users\user1\AppData\Local\Programs\Python\Launcher\;C:\Users\user1\AppData\Local\Microsoft\WindowsApps;;C:\Program Files\JetBrains\JetBrains Rider 2022.2.4\bin;;C:\Users\user1\.dotnet\tools;C:\Users\user1\AppData\Local\Programs\Antigravity\bin
USERNAME=user1
OS=Windows_NT
PROCESSOR_IDENTIFIER=Intel64 Family 6 Model 151 Stepping 2, GenuineIntel
TMP=C:\Users\user1\AppData\Local\Temp
TEMP=C:\Users\user1\AppData\Local\Temp




Periodic native trim disabled

JNI global refs:
JNI global refs: 194, weak refs: 258

JNI global refs memory usage: 2731, weak refs: 13801

Process memory usage:
Resident Set Size: 2259528K (6% of 33338800K total physical memory with 8597016K free physical memory)

OOME stack traces (most recent first):
OutOfMemoryError("Java heap space") on the thread "AWT-EventQueue-0"
	at java.awt.image.DataBufferInt.<init>(java.desktop/DataBufferInt.java:76)
	at java.awt.image.Raster.createPackedRaster(java.desktop/Raster.java:538)
	at java.awt.image.DirectColorModel.createCompatibleWritableRaster(java.desktop/DirectColorModel.java:1032)
	at java.awt.GraphicsConfiguration.createCompatibleImage(java.desktop/GraphicsConfiguration.java:148)
	at java.awt.GraphicsConfiguration.createCompatibleImage(java.desktop/GraphicsConfiguration.java:176)
	at sun.awt.image.SunVolatileImage.getBackupImage(java.desktop/SunVolatileImage.java:240)
	at sun.awt.image.VolatileSurfaceManager.getBackupSurface(java.desktop/VolatileSurfaceManager.java:284)
	at sun.awt.image.VolatileSurfaceManager.initialize(java.desktop/VolatileSurfaceManager.java:136)
	at sun.awt.image.SunVolatileImage.<init>(java.desktop/SunVolatileImage.java:92)
	at sun.awt.image.SunVolatileImage.<init>(java.desktop/SunVolatileImage.java:121)
	at java.awt.GraphicsConfiguration.createCompatibleVolatileImage(java.desktop/GraphicsConfiguration.java:305)
	at java.awt.GraphicsConfiguration.createCompatibleVolatileImage(java.desktop/GraphicsConfiguration.java:239)
	at javax.swing.RepaintManager.getVolatileOffscreenBuffer(java.desktop/RepaintManager.java:1117)
	at javax.swing.RepaintManager$PaintManager.paint(java.desktop/RepaintManager.java:1576)
	at javax.swing.RepaintManager.paint(java.desktop/RepaintManager.java:1349)
	at javax.swing.JComponent.paint(java.desktop/JComponent.java:1110)
	at java.awt.GraphicsCallback$PaintCallback.run(java.desktop/GraphicsCallback.java:39)
	at sun.awt.SunGraphicsCallback.runOneComponent(java.desktop/SunGraphicsCallback.java:75)
	at sun.awt.SunGraphicsCallback.runComponents(java.desktop/SunGraphicsCallback.java:112)
	at java.awt.Container.paint(java.desktop/Container.java:2005)
	at java.awt.Window.paint(java.desktop/Window.java:4002)
	at com.intellij.openapi.wm.impl.IdeFrameImpl.paint(IdeFrameImpl.kt:179)
	at javax.swing.RepaintManager$4.run(java.desktop/RepaintManager.java:895)
	at javax.swing.RepaintManager$4.run(java.desktop/RepaintManager.java:867)
	at java.security.AccessController.executePrivileged(java.base@21.0.10/AccessController.java:778)
	at java.security.AccessController.doPrivileged(java.base@21.0.10/AccessController.java:400)
	at java.security.ProtectionDomain$JavaSecurityAccessImpl.doIntersectionPrivilege(java.base@21.0.10/ProtectionDomain.java:87)
	at javax.swing.RepaintManager.paintDirtyRegions(java.desktop/RepaintManager.java:867)
	at javax.swing.RepaintManager.paintDirtyRegions(java.desktop/RepaintManager.java:840)
	at javax.swing.RepaintManager.prePaintDirtyRegions(java.desktop/RepaintManager.java:786)
	at javax.swing.RepaintManager$ProcessingRunnable.run(java.desktop/RepaintManager.java:1918)
	at com.intellij.util.concurrency.ChildContext$runInChildContext$1.invoke(propagation.kt:167)
	at com.intellij.util.concurrency.ChildContext$runInChildContext$1.invoke(propagation.kt:167)
	at com.intellij.util.concurrency.ChildContext.runInChildContext(propagation.kt:173)
	at com.intellij.util.concurrency.ChildContext.runInChildContext(propagation.kt:167)
	at com.intellij.util.concurrency.ContextRunnable.lambda$run$0(ContextRunnable.java:26)
	at com.intellij.util.concurrency.ContextRunnable$$Lambda/0x000001844239ecd0.invoke(Unknown Source)
	at com.intellij.concurrency.ThreadContext.resetThreadContext(threadContext.kt:294)
	at com.intellij.util.concurrency.ContextRunnable.run(ContextRunnable.java:25)
	at java.awt.event.InvocationEvent.dispatch(java.desktop/InvocationEvent.java:318)
	at java.awt.EventQueue.dispatchEventImpl(java.desktop/EventQueue.java:781)
	at java.awt.EventQueue$4.run(java.desktop/EventQueue.java:728)
	at java.awt.EventQueue$4.run(java.desktop/EventQueue.java:722)
	at java.security.AccessController.executePrivileged(java.base@21.0.10/AccessController.java:778)
	at java.security.AccessController.doPrivileged(java.base@21.0.10/AccessController.java:400)
	at java.security.ProtectionDomain$JavaSecurityAccessImpl.doIntersectionPrivilege(java.base@21.0.10/ProtectionDomain.java:87)
	at java.awt.EventQueue.dispatchEvent(java.desktop/EventQueue.java:750)
	at com.intellij.ide.IdeEventQueue.defaultDispatchEvent(IdeEventQueue.kt:664)
	at com.intellij.ide.IdeEventQueue._dispatchEvent(IdeEventQueue.kt:517)
	at com.intellij.ide.IdeEventQueue.dispatchEvent$lambda$0$0$0$0(IdeEventQueue.kt:337)
	at com.intellij.ide.IdeEventQueue$$Lambda/0x0000018442b31318.compute(Unknown Source)
	at com.intellij.openapi.progress.impl.CoreProgressManager.computePrioritized(CoreProgressManager.java:901)
	at com.intellij.ide.IdeEventQueue.dispatchEvent$lambda$0$0$0(IdeEventQueue.kt:336)
	at com.intellij.ide.IdeEventQueue$$Lambda/0x0000018442837918.invoke(Unknown Source)
	at com.intellij.ide.IdeEventQueueKt.performActivity$lambda$1(IdeEventQueue.kt:1065)
	at com.intellij.ide.IdeEventQueueKt$$Lambda/0x000001844283c000.run(Unknown Source)
	at com.intellij.openapi.application.TransactionGuardImpl.performActivity(TransactionGuardImpl.java:109)
	at com.intellij.ide.IdeEventQueueKt.performActivity(IdeEventQueue.kt:1065)
	at com.intellij.ide.IdeEventQueue.dispatchEvent$lambda$0(IdeEventQueue.kt:331)
	at com.intellij.ide.IdeEventQueue$$Lambda/0x00000184428364c0.run(Unknown Source)
	at com.intellij.ide.IdeEventQueue.dispatchEvent(IdeEventQueue.kt:363)
	at java.awt.EventDispatchThread.pumpOneEventForFilters(java.desktop/EventDispatchThread.java:207)
	at java.awt.EventDispatchThread.pumpEventsForFilter(java.desktop/EventDispatchThread.java:128)
	at java.awt.EventDispatchThread.pumpEventsForHierarchy(java.desktop/EventDispatchThread.java:117)
	at java.awt.EventDispatchThread.pumpEvents(java.desktop/EventDispatchThread.java:113)
	at java.awt.EventDispatchThread.pumpEvents(java.desktop/EventDispatchThread.java:105)
	at java.awt.EventDispatchThread.run(java.desktop/EventDispatchThread.java:92)


OutOfMemoryError("Java heap space") on the thread "AWT-EventQueue-0"
	at java.awt.image.DataBufferInt.<init>(java.desktop/DataBufferInt.java:76)
	at java.awt.image.Raster.createPackedRaster(java.desktop/Raster.java:538)
	at java.awt.image.DirectColorModel.createCompatibleWritableRaster(java.desktop/DirectColorModel.java:1032)
	at java.awt.GraphicsConfiguration.createCompatibleImage(java.desktop/GraphicsConfiguration.java:148)
	at java.awt.GraphicsConfiguration.createCompatibleImage(java.desktop/GraphicsConfiguration.java:176)
	at sun.awt.image.SunVolatileImage.getBackupImage(java.desktop/SunVolatileImage.java:240)
	at sun.awt.image.VolatileSurfaceManager.getBackupSurface(java.desktop/VolatileSurfaceManager.java:284)
	at sun.awt.image.VolatileSurfaceManager.initialize(java.desktop/VolatileSurfaceManager.java:136)
	at sun.awt.image.SunVolatileImage.<init>(java.desktop/SunVolatileImage.java:92)
	at sun.awt.image.SunVolatileImage.<init>(java.desktop/SunVolatileImage.java:121)
	at java.awt.GraphicsConfiguration.createCompatibleVolatileImage(java.desktop/GraphicsConfiguration.java:305)
	at java.awt.GraphicsConfiguration.createCompatibleVolatileImage(java.desktop/GraphicsConfiguration.java:239)
	at javax.swing.RepaintManager.getVolatileOffscreenBuffer(java.desktop/RepaintManager.java:1117)
	at javax.swing.RepaintManager$PaintManager.paint(java.desktop/RepaintManager.java:1576)
	at javax.swing.RepaintManager.paint(java.desktop/RepaintManager.java:1349)
	at javax.swing.JComponent.paint(java.desktop/JComponent.java:1110)
	at java.awt.GraphicsCallback$PaintCallback.run(java.desktop/GraphicsCallback.java:39)
	at sun.awt.SunGraphicsCallback.runOneComponent(java.desktop/SunGraphicsCallback.java:75)
	at sun.awt.SunGraphicsCallback.runComponents(java.desktop/SunGraphicsCallback.java:112)
	at java.awt.Container.paint(java.desktop/Container.java:2005)
	at java.awt.Window.paint(java.desktop/Window.java:4002)
	at com.intellij.openapi.wm.impl.IdeFrameImpl.paint(IdeFrameImpl.kt:179)
	at javax.swing.RepaintManager$4.run(java.desktop/RepaintManager.java:895)
	at javax.swing.RepaintManager$4.run(java.desktop/RepaintManager.java:867)
	at java.security.AccessController.executePrivileged(java.base@21.0.10/AccessController.java:778)
	at java.security.AccessController.doPrivileged(java.base@21.0.10/AccessController.java:400)
	at java.security.ProtectionDomain$JavaSecurityAccessImpl.doIntersectionPrivilege(java.base@21.0.10/ProtectionDomain.java:87)
	at javax.swing.RepaintManager.paintDirtyRegions(java.desktop/RepaintManager.java:867)
	at javax.swing.RepaintManager.paintDirtyRegions(java.desktop/RepaintManager.java:840)
	at javax.swing.RepaintManager.prePaintDirtyRegions(java.desktop/RepaintManager.java:786)
	at javax.swing.RepaintManager$ProcessingRunnable.run(java.desktop/RepaintManager.java:1918)
	at com.intellij.util.concurrency.ChildContext$runInChildContext$1.invoke(propagation.kt:167)
	at com.intellij.util.concurrency.ChildContext$runInChildContext$1.invoke(propagation.kt:167)
	at com.intellij.util.concurrency.ChildContext.runInChildContext(propagation.kt:173)
	at com.intellij.util.concurrency.ChildContext.runInChildContext(propagation.kt:167)
	at com.intellij.util.concurrency.ContextRunnable.lambda$run$0(ContextRunnable.java:26)
	at com.intellij.util.concurrency.ContextRunnable$$Lambda/0x000001844239ecd0.invoke(Unknown Source)
	at com.intellij.concurrency.ThreadContext.resetThreadContext(threadContext.kt:294)
	at com.intellij.util.concurrency.ContextRunnable.run(ContextRunnable.java:25)
	at java.awt.event.InvocationEvent.dispatch(java.desktop/InvocationEvent.java:318)
	at java.awt.EventQueue.dispatchEventImpl(java.desktop/EventQueue.java:781)
	at java.awt.EventQueue$4.run(java.desktop/EventQueue.java:728)
	at java.awt.EventQueue$4.run(java.desktop/EventQueue.java:722)
	at java.security.AccessController.executePrivileged(java.base@21.0.10/AccessController.java:778)
	at java.security.AccessController.doPrivileged(java.base@21.0.10/AccessController.java:400)
	at java.security.ProtectionDomain$JavaSecurityAccessImpl.doIntersectionPrivilege(java.base@21.0.10/ProtectionDomain.java:87)
	at java.awt.EventQueue.dispatchEvent(java.desktop/EventQueue.java:750)
	at com.intellij.ide.IdeEventQueue.defaultDispatchEvent(IdeEventQueue.kt:664)
	at com.intellij.ide.IdeEventQueue._dispatchEvent(IdeEventQueue.kt:517)
	at com.intellij.ide.IdeEventQueue.dispatchEvent$lambda$0$0$0$0(IdeEventQueue.kt:337)
	at com.intellij.ide.IdeEventQueue$$Lambda/0x0000018442b31318.compute(Unknown Source)
	at com.intellij.openapi.progress.impl.CoreProgressManager.computePrioritized(CoreProgressManager.java:901)
	at com.intellij.ide.IdeEventQueue.dispatchEvent$lambda$0$0$0(IdeEventQueue.kt:336)
	at com.intellij.ide.IdeEventQueue$$Lambda/0x0000018442837918.invoke(Unknown Source)
	at com.intellij.ide.IdeEventQueueKt.performActivity$lambda$1(IdeEventQueue.kt:1065)
	at com.intellij.ide.IdeEventQueueKt$$Lambda/0x000001844283c000.run(Unknown Source)
	at com.intellij.openapi.application.TransactionGuardImpl.performActivity(TransactionGuardImpl.java:109)
	at com.intellij.ide.IdeEventQueueKt.performActivity(IdeEventQueue.kt:1065)
	at com.intellij.ide.IdeEventQueue.dispatchEvent$lambda$0(IdeEventQueue.kt:331)
	at com.intellij.ide.IdeEventQueue$$Lambda/0x00000184428364c0.run(Unknown Source)
	at com.intellij.ide.IdeEventQueue.dispatchEvent(IdeEventQueue.kt:363)
	at java.awt.EventDispatchThread.pumpOneEventForFilters(java.desktop/EventDispatchThread.java:207)
	at java.awt.EventDispatchThread.pumpEventsForFilter(java.desktop/EventDispatchThread.java:128)
	at java.awt.EventDispatchThread.pumpEventsForHierarchy(java.desktop/EventDispatchThread.java:117)
	at java.awt.EventDispatchThread.pumpEvents(java.desktop/EventDispatchThread.java:113)
	at java.awt.EventDispatchThread.pumpEvents(java.desktop/EventDispatchThread.java:105)
	at java.awt.EventDispatchThread.run(java.desktop/EventDispatchThread.java:92)


OutOfMemoryError("Java heap space") on the thread "DefaultDispatcher-worker-36"
	at com.intellij.diagnostic.ThreadDumper.printStackTrace(ThreadDumper.java:198)
	at com.intellij.diagnostic.ThreadDumper.dumpCallStack(ThreadDumper.java:171)
	at com.intellij.diagnostic.ThreadDumper.dumpThreadInfos(ThreadDumper.java:115)
	at com.intellij.diagnostic.ThreadDumper.getThreadDumpInfo(ThreadDumper.java:54)
	at com.intellij.diagnostic.PerformanceWatcherImpl.dumpThreads(PerformanceWatcherImpl.kt:310)
	at com.intellij.diagnostic.PerformanceWatcherImpl.dumpThreads(PerformanceWatcherImpl.kt:307)
	at com.intellij.diagnostic.CoroutineDispatcherWatcher$startPooledThreadWatcher$1.invokeSuspend(PerformanceWatcherImpl.kt:557)
	at kotlin.coroutines.jvm.internal.BaseContinuationImpl.resumeWith(ContinuationImpl.kt:34)
	at kotlinx.coroutines.DispatchedTask.run(DispatchedTask.kt:100)
	at kotlinx.coroutines.scheduling.CoroutineScheduler.runSafely(CoroutineScheduler.kt:610)
	at kotlinx.coroutines.scheduling.CoroutineScheduler$Worker.executeTask(CoroutineScheduler.kt:1188)
	at kotlinx.coroutines.scheduling.CoroutineScheduler$Worker.runWorker(CoroutineScheduler.kt:775)
	at kotlinx.coroutines.scheduling.CoroutineScheduler$Worker.run(CoroutineScheduler.kt:762)


OutOfMemoryError("Java heap space") on the thread "kotlinx.coroutines.DefaultExecutor"
	at kotlinx.coroutines.DefaultExecutor.createThreadSync(DefaultExecutor.kt:132)
	- locked <0x00000000c2230db8> (a kotlinx.coroutines.DefaultExecutor)
	at kotlinx.coroutines.DefaultExecutor.getThread(DefaultExecutor.kt:46)
	at kotlinx.coroutines.DefaultExecutor.run(DefaultExecutor.kt:126)
	at java.lang.Thread.runWith(java.base@21.0.10/Thread.java:1596)
	at java.lang.Thread.run(java.base@21.0.10/Thread.java:1583)


Classloader memory used:
Loader com.intellij.util.lang.PathClassLoader                                          : 256M
Loader com.intellij.ide.plugins.cl.PluginClassLoader                                   : 177M
Loader bootstrap                                                                       : 53613K
Loader jdk.internal.loader.ClassLoaders$AppClassLoader                                 : 5425K
Loader jdk.internal.loader.ClassLoaders$PlatformClassLoader                            : 2846K
Loader sun.reflect.misc.MethodUtil                                                     : 4248B

Classes loaded by more than one classloader:
Class com.intellij.ultimate.PluginVerifier                                            : loaded 3 times (x 71B)
Class kotlin.collections.CollectionsKt__ReversedViewsKt                               : loaded 2 times (x 71B)
Class kotlin.collections.CollectionsKt__CollectionsKt                                 : loaded 2 times (x 71B)
Class kotlin.collections.CollectionsKt__IteratorsJVMKt                                : loaded 2 times (x 71B)
Class fjm.ipy.jhennxxt                                                                : loaded 2 times (x 75B)
Class com.intellij.llmInstaller.common.LLMIcons                                       : loaded 2 times (x 71B)
Class kotlin.collections.CollectionsKt__MutableCollectionsKt                          : loaded 2 times (x 71B)
Class com.intellij.llmInstaller.common.branding.LLMInstallerAIAssistantBrandingIcons  : loaded 2 times (x 71B)
Class yyds.sniarbtej.ᐧฅ                                                           : loaded 2 times (x 71B)
Class kotlin.collections.EmptyList                                                    : loaded 2 times (x 174B)
Class kotlin.ResultKt                                                                 : loaded 2 times (x 71B)
Class kotlin.NotImplementedError                                                      : loaded 2 times (x 82B)
Class kotlin.UninitializedPropertyAccessException                                     : loaded 2 times (x 82B)
Class kotlin.coroutines.intrinsics.IntrinsicsKt__IntrinsicsKt                         : loaded 2 times (x 71B)
Class kotlin.collections.CollectionsKt__CollectionsJVMKt                              : loaded 2 times (x 71B)
Class kotlin.collections.CollectionsKt__IteratorsKt                                   : loaded 2 times (x 71B)
Class ai.grazie.model.cloud.exceptions.HTTPStatusException                            : loaded 2 times (x 83B)
Class ai.grazie.model.cloud.exceptions.HTTPStatusException$NotFound                   : loaded 2 times (x 83B)
Class com.intellij.llmInstaller.common.LLMIcons$Previous                              : loaded 2 times (x 71B)
Class kotlin.collections.EmptyIterator                                                : loaded 2 times (x 89B)
Class dk.brics.automaton.Transition                                                   : loaded 2 times (x 77B)
Class dk.brics.automaton.RunAutomaton                                                 : loaded 2 times (x 83B)
Class kotlin.collections.CollectionsKt___CollectionsJvmKt                             : loaded 2 times (x 71B)
Class kotlin.TuplesKt                                                                 : loaded 2 times (x 71B)
Class [Ldk.brics.automaton.Transition;                                                : loaded 2 times (x 69B)
Class ai.grazie.model.cloud.exceptions.HttpExceptionBase                              : loaded 2 times (x 83B)
Class dk.brics.automaton.BasicAutomata                                                : loaded 2 times (x 71B)
Class dk.brics.automaton.TransitionComparator                                         : loaded 2 times (x 91B)
Class dk.brics.automaton.Automaton                                                    : loaded 2 times (x 134B)
Class kotlin.collections.CollectionsKt___CollectionsKt                                : loaded 2 times (x 71B)
Class dk.brics.automaton.State                                                        : loaded 2 times (x 86B)
Class kotlin.collections.CollectionsKt__MutableCollectionsJVMKt                       : loaded 2 times (x 71B)
Class dk.brics.automaton.BasicOperations                                              : loaded 2 times (x 71B)
Class kotlin.coroutines.intrinsics.IntrinsicsKt                                       : loaded 2 times (x 71B)
Class kotlin.jvm.internal.Intrinsics                                                  : loaded 2 times (x 71B)
Class yyds.sniarbtej.ﺋ$ﺛ                                                          : loaded 2 times (x 71B)
Class kotlin.collections.CollectionsKt__IterablesKt                                   : loaded 2 times (x 71B)
Class kotlin.KotlinNullPointerException                                               : loaded 2 times (x 83B)
Class com.intellij.llmInstaller.common.LLMIcons$Rebranding                            : loaded 2 times (x 71B)
Class yyds.sniarbtej.ᐨױ$ˢ                                                         : loaded 2 times (x 71B)
Class com.intellij.llmInstaller.common.branding.LLMInstallerAIAssistantBranding       : loaded 2 times (x 71B)
Class kotlin.jvm.internal.markers.KMappedMarker                                       : loaded 2 times (x 70B)
Class kotlin.coroutines.intrinsics.IntrinsicsKt__IntrinsicsJvmKt                      : loaded 2 times (x 71B)
Class kotlin.collections.CollectionsKt                                                : loaded 2 times (x 71B)

---------------  S Y S T E M  ---------------

OS:
 Windows 11 , 64 bit Build 26100 (10.0.26100.7920)
OS uptime: 2 days 18:40 hours

CPU: total 12 (initial active 12) (6 cores per cpu, 2 threads per core) family 6 model 151 stepping 2 microcode 0x37, cx8, cmov, fxsr, ht, mmx, 3dnowpref, sse, sse2, sse3, ssse3, sse4.1, sse4.2, popcnt, lzcnt, tsc, tscinvbit, avx, avx2, aes, erms, clmul, bmi1, bmi2, adx, sha, fma, vzeroupper, clflush, clflushopt, clwb, serialize, rdtscp, rdpid, fsrm, f16c, pku, cet_ibt, cet_ss
Processor Information for the first 12 processors :
  Max Mhz: 2500, Current Mhz: 2500, Mhz Limit: 2500

Memory: 4k page, system-wide physical 32557M (8586M free)
TotalPageFile size 56109M (AvailPageFile size 17249M)
current process WorkingSet (physical memory assigned to process): 2208M, peak: 3283M
current process commit charge ("private bytes"): 2907M, peak: 2950M

vm_info: OpenJDK 64-Bit Server VM (21.0.10+1-b1163.110) for windows-amd64 JRE (21.0.10+1-b1163.110), built on 2026-03-06 by "builduser" with MS VC++ 17.14 (VS2022)

END.
