# Export of Cubik Model: Cubik Model
# Designed by IdoPlayers with Cubik Studio - https://cubik.studio
# from Cubik OBJ Exporter v1.0
mtllib CubikModel.mtl
v -6.879999 -3.576279E-07 -4.48 0.2666667 0.1333333 0
v -7.039999 -3.576279E-07 -4.48 0.2666667 0.1333333 0
v -7.039999 -3.576279E-07 -4.32 0.2666667 0.1333333 0
v -6.879999 -3.576279E-07 -4.32 0.2666667 0.1333333 0
v -7.039999 -3.576279E-07 -4.32 0.24 0.12 0
v -7.039999 0.1599996 -4.32 0.2133334 0.1066667 0
v -6.879999 0.1599996 -4.32 0.2666667 0.1333333 0
v -6.879999 -3.576279E-07 -4.32 0.2666667 0.1333333 0
v -6.879999 -3.576279E-07 -4.32 0.2666667 0.1333333 0
v -6.879999 0.1599996 -4.32 0.2666667 0.1333333 0
v -6.879999 0.1599996 -4.48 0.2133334 0.1066667 0
v -6.879999 -3.576279E-07 -4.48 0.24 0.12 0
v -7.039999 0.1599996 -4.32 0.2133334 0.1066667 0
v -7.039999 0.3199996 -4.32 0.2133334 0.1066667 0
v -6.879999 0.3199996 -4.32 0.2666667 0.1333333 0
v -6.879999 0.1599996 -4.32 0.2666667 0.1333333 0
v -6.879999 0.1599996 -4.32 0.2666667 0.1333333 0
v -6.879999 0.3199996 -4.32 0.2666667 0.1333333 0
v -6.879999 0.3199996 -4.48 0.2133334 0.1066667 0
v -6.879999 0.1599996 -4.48 0.2133334 0.1066667 0
v -6.879999 0.4799997 -4.32 0.2666667 0.1333333 0
v -7.039999 0.4799997 -4.32 0.24 0.12 0
v -7.039999 0.4799997 -4.48 0.2133334 0.1066667 0
v -6.879999 0.4799997 -4.48 0.24 0.12 0
v -7.039999 0.3199996 -4.32 0.2133334 0.1066667 0
v -7.039999 0.4799997 -4.32 0.24 0.12 0
v -6.879999 0.4799997 -4.32 0.2666667 0.1333333 0
v -6.879999 0.3199996 -4.32 0.2666667 0.1333333 0
v -6.879999 0.3199996 -4.32 0.2666667 0.1333333 0
v -6.879999 0.4799997 -4.32 0.2666667 0.1333333 0
v -6.879999 0.4799997 -4.48 0.24 0.12 0
v -6.879999 0.3199996 -4.48 0.2133334 0.1066667 0
vn 0 -1 0
vn 0 0 1
vn 1 0 0
vn 0 1 0
v -5.759999 -3.576279E-07 -6.559999 0.2666667 0.1333333 0
v -5.92 -3.576279E-07 -6.559999 0.2666667 0.1333333 0
v -5.92 -3.576279E-07 -6.4 0.2666667 0.1333333 0
v -5.759999 -3.576279E-07 -6.4 0.2666667 0.1333333 0
v -5.92 -3.576279E-07 -6.4 0.24 0.12 0
v -5.92 0.1599996 -6.4 0.2133334 0.1066667 0
v -5.759999 0.1599996 -6.4 0.2666667 0.1333333 0
v -5.759999 -3.576279E-07 -6.4 0.2666667 0.1333333 0
v -5.759999 -3.576279E-07 -6.4 0.2666667 0.1333333 0
v -5.759999 0.1599996 -6.4 0.2666667 0.1333333 0
v -5.759999 0.1599996 -6.559999 0.2666667 0.1333333 0
v -5.759999 -3.576279E-07 -6.559999 0.2666667 0.1333333 0
v -5.759999 -3.576279E-07 -6.719999 0.2666667 0.1333333 0
v -5.92 -3.576279E-07 -6.719999 0.2666667 0.1333333 0
v -5.92 -3.576279E-07 -6.559999 0.2666667 0.1333333 0
v -5.759999 -3.576279E-07 -6.559999 0.2666667 0.1333333 0
v -5.759999 -3.576279E-07 -6.559999 0.2666667 0.1333333 0
v -5.759999 0.1599996 -6.559999 0.2666667 0.1333333 0
v -5.759999 0.1599996 -6.719999 0.2666667 0.1333333 0
v -5.759999 -3.576279E-07 -6.719999 0.2666667 0.1333333 0
v -5.759999 -3.576279E-07 -6.88 0.2666667 0.1333333 0
v -5.92 -3.576279E-07 -6.88 0.2666667 0.1333333 0
v -5.92 -3.576279E-07 -6.719999 0.2666667 0.1333333 0
v -5.759999 -3.576279E-07 -6.719999 0.2666667 0.1333333 0
v -5.759999 -3.576279E-07 -6.719999 0.2666667 0.1333333 0
v -5.759999 0.1599996 -6.719999 0.2666667 0.1333333 0
v -5.759999 0.1599996 -6.88 0.2666667 0.1333333 0
v -5.759999 -3.576279E-07 -6.88 0.2666667 0.1333333 0
v -5.759999 -3.576279E-07 -7.039999 0.2666667 0.1333333 0
v -5.92 -3.576279E-07 -7.039999 0.2666667 0.1333333 0
v -5.92 -3.576279E-07 -6.879999 0.2666667 0.1333333 0
v -5.759999 -3.576279E-07 -6.879999 0.2666667 0.1333333 0
v -5.759999 -3.576279E-07 -6.879999 0.2666667 0.1333333 0
v -5.759999 0.1599996 -6.879999 0.2666667 0.1333333 0
v -5.759999 0.1599996 -7.039999 0.2666667 0.1333333 0
v -5.759999 -3.576279E-07 -7.039999 0.2666667 0.1333333 0
v -5.92 0.1599996 -6.4 0.2133334 0.1066667 0
v -5.92 0.3199996 -6.4 0.2133334 0.1066667 0
v -5.759999 0.3199996 -6.4 0.2666667 0.1333333 0
v -5.759999 0.1599996 -6.4 0.2666667 0.1333333 0
v -5.759999 0.1599996 -6.4 0.2666667 0.1333333 0
v -5.759999 0.3199996 -6.4 0.2666667 0.1333333 0
v -5.759999 0.3199996 -6.559999 0.2666667 0.1333333 0
v -5.759999 0.1599996 -6.559999 0.2666667 0.1333333 0
v -5.759999 0.1599996 -6.559999 0.2666667 0.1333333 0
v -5.759999 0.3199996 -6.559999 0.2666667 0.1333333 0
v -5.759999 0.3199996 -6.719999 0.2666667 0.1333333 0
v -5.759999 0.1599996 -6.719999 0.2666667 0.1333333 0
v -5.759999 0.1599996 -6.719999 0.2666667 0.1333333 0
v -5.759999 0.3199996 -6.719999 0.2666667 0.1333333 0
v -5.759999 0.3199996 -6.88 0.2666667 0.1333333 0
v -5.759999 0.1599996 -6.88 0.2666667 0.1333333 0
v -5.759999 0.1599996 -6.879999 0.2666667 0.1333333 0
v -5.759999 0.3199996 -6.879999 0.2666667 0.1333333 0
v -5.759999 0.3199996 -7.039999 0.2666667 0.1333333 0
v -5.759999 0.1599996 -7.039999 0.2666667 0.1333333 0
v -5.759999 0.4799997 -6.4 0.2666667 0.1333333 0
v -5.92 0.4799997 -6.4 0.2133334 0.1066667 0
v -5.92 0.4799997 -6.559999 0.2133334 0.1066667 0
v -5.759999 0.4799997 -6.559999 0.2666667 0.1333333 0
v -5.92 0.3199996 -6.4 0.2133334 0.1066667 0
v -5.92 0.4799997 -6.4 0.2133334 0.1066667 0
v -5.759999 0.4799997 -6.4 0.2666667 0.1333333 0
v -5.759999 0.3199996 -6.4 0.2666667 0.1333333 0
v -5.759999 0.3199996 -6.4 0.2666667 0.1333333 0
v -5.759999 0.4799997 -6.4 0.2666667 0.1333333 0
v -5.759999 0.4799997 -6.559999 0.2666667 0.1333333 0
v -5.759999 0.3199996 -6.559999 0.2666667 0.1333333 0
v -5.759999 0.4799997 -6.559999 0.2666667 0.1333333 0
v -5.92 0.4799997 -6.559999 0.2133334 0.1066667 0
v -5.92 0.4799997 -6.719999 0.2133334 0.1066667 0
v -5.759999 0.4799997 -6.719999 0.2666667 0.1333333 0
v -5.759999 0.3199996 -6.559999 0.2666667 0.1333333 0
v -5.759999 0.4799997 -6.559999 0.2666667 0.1333333 0
v -5.759999 0.4799997 -6.719999 0.2666667 0.1333333 0
v -5.759999 0.3199996 -6.719999 0.2666667 0.1333333 0
v -5.759999 0.4799997 -6.719999 0.2666667 0.1333333 0
v -5.92 0.4799997 -6.719999 0.2133334 0.1066667 0
v -5.92 0.4799997 -6.88 0.2133334 0.1066667 0
v -5.759999 0.4799997 -6.88 0.24 0.12 0
v -5.759999 0.3199996 -6.719999 0.2666667 0.1333333 0
v -5.759999 0.4799997 -6.719999 0.2666667 0.1333333 0
v -5.759999 0.4799997 -6.88 0.2666667 0.1333333 0
v -5.759999 0.3199996 -6.88 0.2666667 0.1333333 0
v -5.759999 0.3199996 -6.879999 0.2666667 0.1333333 0
v -5.759999 0.4799997 -6.879999 0.2666667 0.1333333 0
v -5.759999 0.4799997 -7.039999 0.2666667 0.1333333 0
v -5.759999 0.3199996 -7.039999 0.2666667 0.1333333 0
v -5.92 0.4799997 -6.879999 0.1505882 0.07843138 0
v -5.92 0.6399996 -6.879999 0.1505882 0.07843138 0
v -5.759999 0.6399996 -6.879999 0.1882353 0.09803922 0
v -5.759999 0.4799997 -6.879999 0.1694118 0.0882353 0
v -5.759999 0.4799997 -6.879999 0.1882353 0.09803922 0
v -5.759999 0.6399996 -6.879999 0.1882353 0.09803922 0
v -5.759999 0.6399996 -7.039999 0.1882353 0.09803922 0
v -5.759999 0.4799997 -7.039999 0.1882353 0.09803922 0
v -5.759999 0.7999996 -6.879999 0.1882353 0.09803922 0
v -5.92 0.7999996 -6.879999 0.1882353 0.09803922 0
v -5.92 0.7999996 -7.039999 0.1882353 0.09803922 0
v -5.759999 0.7999996 -7.039999 0.1882353 0.09803922 0
v -5.92 0.6399996 -6.879999 0.1505882 0.07843138 0
v -5.92 0.7999996 -6.879999 0.1694118 0.0882353 0
v -5.759999 0.7999996 -6.879999 0.1882353 0.09803922 0
v -5.759999 0.6399996 -6.879999 0.1882353 0.09803922 0
v -5.759999 0.6399996 -7.039999 0.1694118 0.0882353 0
v -5.759999 0.7999996 -7.039999 0.1882353 0.09803922 0
v -5.92 0.7999996 -7.039999 0.1694118 0.0882353 0
v -5.92 0.6399996 -7.039999 0.1505882 0.07843138 0
v -5.759999 0.6399996 -6.879999 0.1882353 0.09803922 0
v -5.759999 0.7999996 -6.879999 0.1882353 0.09803922 0
v -5.759999 0.7999996 -7.039999 0.1882353 0.09803922 0
v -5.759999 0.6399996 -7.039999 0.1882353 0.09803922 0
v -5.92 -3.576279E-07 -6.079999 0.2666667 0.1333333 0
v -6.079999 -3.576279E-07 -6.079999 0.2666667 0.1333333 0
v -6.079999 -3.576279E-07 -5.92 0.2666667 0.1333333 0
v -5.92 -3.576279E-07 -5.92 0.2666667 0.1333333 0
v -6.079999 -3.576279E-07 -5.92 0.24 0.12 0
v -6.079999 0.1599996 -5.92 0.2133334 0.1066667 0
v -5.92 0.1599996 -5.92 0.2666667 0.1333333 0
v -5.92 -3.576279E-07 -5.92 0.2666667 0.1333333 0
v -5.92 -3.576279E-07 -5.92 0.2666667 0.1333333 0
v -5.92 0.1599996 -5.92 0.2666667 0.1333333 0
v -5.92 0.1599996 -6.079999 0.2666667 0.1333333 0
v -5.92 -3.576279E-07 -6.079999 0.2666667 0.1333333 0
v -5.92 -3.576279E-07 -6.239999 0.2666667 0.1333333 0
v -6.079999 -3.576279E-07 -6.239999 0.2666667 0.1333333 0
v -6.079999 -3.576279E-07 -6.079999 0.2666667 0.1333333 0
v -5.92 -3.576279E-07 -6.079999 0.2666667 0.1333333 0
v -5.92 -3.576279E-07 -6.079999 0.2666667 0.1333333 0
v -5.92 0.1599996 -6.079999 0.2666667 0.1333333 0
v -5.92 0.1599996 -6.239999 0.2666667 0.1333333 0
v -5.92 -3.576279E-07 -6.239999 0.2666667 0.1333333 0
v -5.92 -3.576279E-07 -6.4 0.2666667 0.1333333 0
v -6.079999 -3.576279E-07 -6.4 0.2666667 0.1333333 0
v -6.079999 -3.576279E-07 -6.24 0.2666667 0.1333333 0
v -5.92 -3.576279E-07 -6.24 0.2666667 0.1333333 0
v -5.92 -3.576279E-07 -6.24 0.2666667 0.1333333 0
v -5.92 0.1599996 -6.24 0.2666667 0.1333333 0
v -5.92 0.1599996 -6.4 0.2133334 0.1066667 0
v -5.92 -3.576279E-07 -6.4 0.24 0.12 0
v -5.92 -3.576279E-07 -6.559999 0.2666667 0.1333333 0
v -6.079999 -3.576279E-07 -6.559999 0.2666667 0.1333333 0
v -6.079999 -3.576279E-07 -6.4 0.2666667 0.1333333 0
v -5.92 -3.576279E-07 -6.4 0.2666667 0.1333333 0
v -5.92 -3.576279E-07 -6.719999 0.2666667 0.1333333 0
v -6.079999 -3.576279E-07 -6.719999 0.2666667 0.1333333 0
v -6.079999 -3.576279E-07 -6.559999 0.2666667 0.1333333 0
v -5.92 -3.576279E-07 -6.559999 0.2666667 0.1333333 0
v -5.92 -3.576279E-07 -6.88 0.2666667 0.1333333 0
v -6.079999 -3.576279E-07 -6.88 0.2666667 0.1333333 0
v -6.079999 -3.576279E-07 -6.719999 0.2666667 0.1333333 0
v -5.92 -3.576279E-07 -6.719999 0.2666667 0.1333333 0
v -5.92 -3.576279E-07 -7.039999 0.2666667 0.1333333 0
v -6.079999 -3.576279E-07 -7.039999 0.2666667 0.1333333 0
v -6.079999 -3.576279E-07 -6.879999 0.2666667 0.1333333 0
v -5.92 -3.576279E-07 -6.879999 0.2666667 0.1333333 0
v -6.079999 0.1599996 -5.92 0.2133334 0.1066667 0
v -6.079999 0.3199996 -5.92 0.2133334 0.1066667 0
v -5.92 0.3199996 -5.92 0.2666667 0.1333333 0
v -5.92 0.1599996 -5.92 0.2666667 0.1333333 0
v -5.92 0.1599996 -5.92 0.2666667 0.1333333 0
v -5.92 0.3199996 -5.92 0.2666667 0.1333333 0
v -5.92 0.3199996 -6.079999 0.2666667 0.1333333 0
v -5.92 0.1599996 -6.079999 0.2666667 0.1333333 0
v -5.92 0.1599996 -6.079999 0.2666667 0.1333333 0
v -5.92 0.3199996 -6.079999 0.2666667 0.1333333 0
v -5.92 0.3199996 -6.239999 0.2666667 0.1333333 0
v -5.92 0.1599996 -6.239999 0.2666667 0.1333333 0
v -5.92 0.1599996 -6.24 0.2666667 0.1333333 0
v -5.92 0.3199996 -6.24 0.2666667 0.1333333 0
v -5.92 0.3199996 -6.4 0.2133334 0.1066667 0
v -5.92 0.1599996 -6.4 0.2133334 0.1066667 0
v -5.92 0.4799997 -5.92 0.2666667 0.1333333 0
v -6.079999 0.4799997 -5.92 0.2133334 0.1066667 0
v -6.079999 0.4799997 -6.079999 0.2133334 0.1066667 0
v -5.92 0.4799997 -6.079999 0.2666667 0.1333333 0
v -6.079999 0.3199996 -5.92 0.2133334 0.1066667 0
v -6.079999 0.4799997 -5.92 0.2133334 0.1066667 0
v -5.92 0.4799997 -5.92 0.2666667 0.1333333 0
v -5.92 0.3199996 -5.92 0.2666667 0.1333333 0
v -5.92 0.3199996 -5.92 0.2666667 0.1333333 0
v -5.92 0.4799997 -5.92 0.2666667 0.1333333 0
v -5.92 0.4799997 -6.079999 0.2666667 0.1333333 0
v -5.92 0.3199996 -6.079999 0.2666667 0.1333333 0
v -5.92 0.4799997 -6.079999 0.2666667 0.1333333 0
v -6.079999 0.4799997 -6.079999 0.2133334 0.1066667 0
v -6.079999 0.4799997 -6.239999 0.2133334 0.1066667 0
v -5.92 0.4799997 -6.239999 0.24 0.12 0
v -5.92 0.3199996 -6.079999 0.2666667 0.1333333 0
v -5.92 0.4799997 -6.079999 0.2666667 0.1333333 0
v -5.92 0.4799997 -6.239999 0.2666667 0.1333333 0
v -5.92 0.3199996 -6.239999 0.2666667 0.1333333 0
v -5.92 0.3199996 -6.24 0.2666667 0.1333333 0
v -5.92 0.4799997 -6.24 0.2666667 0.1333333 0
v -5.92 0.4799997 -6.4 0.24 0.12 0
v -5.92 0.3199996 -6.4 0.2133334 0.1066667 0
v -5.92 0.6399996 -6.24 0.2666667 0.1333333 0
v -6.079999 0.6399996 -6.24 0.2666667 0.1333333 0
v -6.079999 0.6399996 -6.4 0.2666667 0.1333333 0
v -5.92 0.6399996 -6.4 0.2666667 0.1333333 0
v -6.079999 0.4799997 -6.24 0.2133334 0.1066667 0
v -6.079999 0.6399996 -6.24 0.24 0.12 0
v -5.92 0.6399996 -6.24 0.2666667 0.1333333 0
v -5.92 0.4799997 -6.24 0.24 0.12 0
v -5.92 0.4799997 -6.24 0.2666667 0.1333333 0
v -5.92 0.6399996 -6.24 0.2666667 0.1333333 0
v -5.92 0.6399996 -6.4 0.2666667 0.1333333 0
v -5.92 0.4799997 -6.4 0.24 0.12 0
v -5.92 0.6399996 -6.4 0.2666667 0.1333333 0
v -6.079999 0.6399996 -6.4 0.2666667 0.1333333 0
v -6.079999 0.6399996 -6.559999 0.2666667 0.1333333 0
v -5.92 0.6399996 -6.559999 0.2666667 0.1333333 0
v -5.92 0.4799997 -6.4 0.24 0.12 0
v -5.92 0.6399996 -6.4 0.2666667 0.1333333 0
v -5.92 0.6399996 -6.559999 0.2666667 0.1333333 0
v -5.92 0.4799997 -6.559999 0.2133334 0.1066667 0
v -5.92 0.6399996 -6.559999 0.2666667 0.1333333 0
v -6.079999 0.6399996 -6.559999 0.2666667 0.1333333 0
v -6.079999 0.6399996 -6.719999 0.24 0.12 0
v -5.92 0.6399996 -6.719999 0.24 0.12 0
v -5.92 0.4799997 -6.559999 0.2133334 0.1066667 0
v -5.92 0.6399996 -6.559999 0.2666667 0.1333333 0
v -5.92 0.6399996 -6.719999 0.2666667 0.1333333 0
v -5.92 0.4799997 -6.719999 0.2133334 0.1066667 0
v -5.92 0.4799997 -6.719999 0.1505882 0.07843138 0
v -5.92 0.6399996 -6.719999 0.1882353 0.09803922 0
v -5.92 0.6399996 -6.88 0.1505882 0.07843138 0
v -5.92 0.4799997 -6.88 0.1505882 0.07843138 0
v -5.92 0.7999996 -6.719999 0.1882353 0.09803922 0
v -6.079999 0.7999996 -6.719999 0.1882353 0.09803922 0
v -6.079999 0.7999996 -6.88 0.1882353 0.09803922 0
v -5.92 0.7999996 -6.88 0.1882353 0.09803922 0
v -6.079999 0.6399996 -6.719999 0.1505882 0.07843138 0
v -6.079999 0.7999996 -6.719999 0.1882353 0.09803922 0
v -5.92 0.7999996 -6.719999 0.1882353 0.09803922 0
v -5.92 0.6399996 -6.719999 0.1694118 0.0882353 0
v -5.92 0.6399996 -6.719999 0.1882353 0.09803922 0
v -5.92 0.7999996 -6.719999 0.1882353 0.09803922 0
v -5.92 0.7999996 -6.88 0.1694118 0.0882353 0
v -5.92 0.6399996 -6.88 0.1505882 0.07843138 0
v -6.079999 0.6399996 -6.88 0.1505882 0.07843138 0
v -6.079999 0.7999996 -6.88 0.1694118 0.0882353 0
v -6.079999 0.7999996 -6.719999 0.1882353 0.09803922 0
v -6.079999 0.6399996 -6.719999 0.1505882 0.07843138 0
v -5.92 0.7999996 -6.879999 0.1882353 0.09803922 0
v -6.079999 0.7999996 -6.879999 0.1882353 0.09803922 0
v -6.079999 0.7999996 -7.039999 0.1882353 0.09803922 0
v -5.92 0.7999996 -7.039999 0.1882353 0.09803922 0
v -6.079999 -3.576279E-07 -5.599999 0.2666667 0.1333333 0
v -6.239999 -3.576279E-07 -5.599999 0.2666667 0.1333333 0
v -6.239999 -3.576279E-07 -5.44 0.2666667 0.1333333 0
v -6.079999 -3.576279E-07 -5.44 0.2666667 0.1333333 0
v -6.239999 -3.576279E-07 -5.44 0.24 0.12 0
v -6.239999 0.1599996 -5.44 0.2133334 0.1066667 0
v -6.079999 0.1599996 -5.44 0.2666667 0.1333333 0
v -6.079999 -3.576279E-07 -5.44 0.2666667 0.1333333 0
v -6.079999 -3.576279E-07 -5.44 0.2666667 0.1333333 0
v -6.079999 0.1599996 -5.44 0.2666667 0.1333333 0
v -6.079999 0.1599996 -5.599999 0.2666667 0.1333333 0
v -6.079999 -3.576279E-07 -5.599999 0.2666667 0.1333333 0
v -6.079999 -3.576279E-07 -5.759999 0.2666667 0.1333333 0
v -6.239999 -3.576279E-07 -5.759999 0.2666667 0.1333333 0
v -6.239999 -3.576279E-07 -5.599999 0.2666667 0.1333333 0
v -6.079999 -3.576279E-07 -5.599999 0.2666667 0.1333333 0
v -6.079999 -3.576279E-07 -5.599999 0.2666667 0.1333333 0
v -6.079999 0.1599996 -5.599999 0.2666667 0.1333333 0
v -6.079999 0.1599996 -5.759999 0.2666667 0.1333333 0
v -6.079999 -3.576279E-07 -5.759999 0.2666667 0.1333333 0
v -6.079999 -3.576279E-07 -5.92 0.2666667 0.1333333 0
v -6.239999 -3.576279E-07 -5.92 0.2666667 0.1333333 0
v -6.239999 -3.576279E-07 -5.759999 0.2666667 0.1333333 0
v -6.079999 -3.576279E-07 -5.759999 0.2666667 0.1333333 0
v -6.079999 -3.576279E-07 -5.759999 0.2666667 0.1333333 0
v -6.079999 0.1599996 -5.759999 0.2666667 0.1333333 0
v -6.079999 0.1599996 -5.92 0.2133334 0.1066667 0
v -6.079999 -3.576279E-07 -5.92 0.24 0.12 0
v -6.079999 -3.576279E-07 -6.079999 0.2666667 0.1333333 0
v -6.239999 -3.576279E-07 -6.079999 0.2666667 0.1333333 0
v -6.239999 -3.576279E-07 -5.92 0.2666667 0.1333333 0
v -6.079999 -3.576279E-07 -5.92 0.2666667 0.1333333 0
v -6.079999 -3.576279E-07 -6.239999 0.2666667 0.1333333 0
v -6.239999 -3.576279E-07 -6.239999 0.2666667 0.1333333 0
v -6.239999 -3.576279E-07 -6.079999 0.2666667 0.1333333 0
v -6.079999 -3.576279E-07 -6.079999 0.2666667 0.1333333 0
v -6.079999 -3.576279E-07 -6.4 0.2666667 0.1333333 0
v -6.239999 -3.576279E-07 -6.4 0.2666667 0.1333333 0
v -6.239999 -3.576279E-07 -6.24 0.2666667 0.1333333 0
v -6.079999 -3.576279E-07 -6.24 0.2666667 0.1333333 0
v -6.079999 -3.576279E-07 -6.559999 0.2666667 0.1333333 0
v -6.239999 -3.576279E-07 -6.559999 0.2666667 0.1333333 0
v -6.239999 -3.576279E-07 -6.4 0.2666667 0.1333333 0
v -6.079999 -3.576279E-07 -6.4 0.2666667 0.1333333 0
v -6.079999 -3.576279E-07 -6.719999 0.2666667 0.1333333 0
v -6.239999 -3.576279E-07 -6.719999 0.2666667 0.1333333 0
v -6.239999 -3.576279E-07 -6.559999 0.2666667 0.1333333 0
v -6.079999 -3.576279E-07 -6.559999 0.2666667 0.1333333 0
v -6.079999 -3.576279E-07 -6.88 0.2666667 0.1333333 0
v -6.239999 -3.576279E-07 -6.88 0.2666667 0.1333333 0
v -6.239999 -3.576279E-07 -6.719999 0.2666667 0.1333333 0
v -6.079999 -3.576279E-07 -6.719999 0.2666667 0.1333333 0
v -6.079999 -3.576279E-07 -7.039999 0.2666667 0.1333333 0
v -6.239999 -3.576279E-07 -7.039999 0.2666667 0.1333333 0
v -6.239999 -3.576279E-07 -6.879999 0.2666667 0.1333333 0
v -6.079999 -3.576279E-07 -6.879999 0.2666667 0.1333333 0
v -6.239999 0.1599996 -5.44 0.2133334 0.1066667 0
v -6.239999 0.3199996 -5.44 0.2133334 0.1066667 0
v -6.079999 0.3199996 -5.44 0.2666667 0.1333333 0
v -6.079999 0.1599996 -5.44 0.2666667 0.1333333 0
v -6.079999 0.1599996 -5.44 0.2666667 0.1333333 0
v -6.079999 0.3199996 -5.44 0.2666667 0.1333333 0
v -6.079999 0.3199996 -5.599999 0.2666667 0.1333333 0
v -6.079999 0.1599996 -5.599999 0.2666667 0.1333333 0
v -6.079999 0.1599996 -5.599999 0.2666667 0.1333333 0
v -6.079999 0.3199996 -5.599999 0.2666667 0.1333333 0
v -6.079999 0.3199996 -5.759999 0.2666667 0.1333333 0
v -6.079999 0.1599996 -5.759999 0.2666667 0.1333333 0
v -6.079999 0.1599996 -5.759999 0.2666667 0.1333333 0
v -6.079999 0.3199996 -5.759999 0.2666667 0.1333333 0
v -6.079999 0.3199996 -5.92 0.2133334 0.1066667 0
v -6.079999 0.1599996 -5.92 0.2133334 0.1066667 0
v -6.079999 0.4799997 -5.44 0.2666667 0.1333333 0
v -6.239999 0.4799997 -5.44 0.24 0.12 0
v -6.239999 0.4799997 -5.599999 0.2133334 0.1066667 0
v -6.079999 0.4799997 -5.599999 0.2666667 0.1333333 0
v -6.239999 0.3199996 -5.44 0.2133334 0.1066667 0
v -6.239999 0.4799997 -5.44 0.24 0.12 0
v -6.079999 0.4799997 -5.44 0.2666667 0.1333333 0
v -6.079999 0.3199996 -5.44 0.2666667 0.1333333 0
v -6.079999 0.3199996 -5.44 0.2666667 0.1333333 0
v -6.079999 0.4799997 -5.44 0.2666667 0.1333333 0
v -6.079999 0.4799997 -5.599999 0.2666667 0.1333333 0
v -6.079999 0.3199996 -5.599999 0.2666667 0.1333333 0
v -6.079999 0.4799997 -5.599999 0.2666667 0.1333333 0
v -6.239999 0.4799997 -5.599999 0.2133334 0.1066667 0
v -6.239999 0.4799997 -5.759999 0.2133334 0.1066667 0
v -6.079999 0.4799997 -5.759999 0.24 0.12 0
v -6.079999 0.3199996 -5.599999 0.2666667 0.1333333 0
v -6.079999 0.4799997 -5.599999 0.2666667 0.1333333 0
v -6.079999 0.4799997 -5.759999 0.2666667 0.1333333 0
v -6.079999 0.3199996 -5.759999 0.2666667 0.1333333 0
v -6.079999 0.3199996 -5.759999 0.2666667 0.1333333 0
v -6.079999 0.4799997 -5.759999 0.2666667 0.1333333 0
v -6.079999 0.4799997 -5.92 0.24 0.12 0
v -6.079999 0.3199996 -5.92 0.2133334 0.1066667 0
v -6.079999 0.6399996 -5.759999 0.2666667 0.1333333 0
v -6.239999 0.6399996 -5.759999 0.2133334 0.1066667 0
v -6.239999 0.6399996 -5.92 0.24 0.12 0
v -6.079999 0.6399996 -5.92 0.2666667 0.1333333 0
v -6.239999 0.4799997 -5.759999 0.2133334 0.1066667 0
v -6.239999 0.6399996 -5.759999 0.2133334 0.1066667 0
v -6.079999 0.6399996 -5.759999 0.2666667 0.1333333 0
v -6.079999 0.4799997 -5.759999 0.24 0.12 0
v -6.079999 0.4799997 -5.759999 0.2666667 0.1333333 0
v -6.079999 0.6399996 -5.759999 0.2666667 0.1333333 0
v -6.079999 0.6399996 -5.92 0.2666667 0.1333333 0
v -6.079999 0.4799997 -5.92 0.24 0.12 0
v -6.079999 0.6399996 -5.92 0.2666667 0.1333333 0
v -6.239999 0.6399996 -5.92 0.24 0.12 0
v -6.239999 0.6399996 -6.079999 0.2666667 0.1333333 0
v -6.079999 0.6399996 -6.079999 0.2666667 0.1333333 0
v -6.079999 0.4799997 -5.92 0.24 0.12 0
v -6.079999 0.6399996 -5.92 0.2666667 0.1333333 0
v -6.079999 0.6399996 -6.079999 0.2666667 0.1333333 0
v -6.079999 0.4799997 -6.079999 0.2133334 0.1066667 0
v -6.079999 0.6399996 -6.079999 0.2666667 0.1333333 0
v -6.239999 0.6399996 -6.079999 0.2666667 0.1333333 0
v -6.239999 0.6399996 -6.239999 0.2666667 0.1333333 0
v -6.079999 0.6399996 -6.239999 0.2666667 0.1333333 0
v -6.079999 0.4799997 -6.079999 0.2133334 0.1066667 0
v -6.079999 0.6399996 -6.079999 0.2666667 0.1333333 0
v -6.079999 0.6399996 -6.239999 0.24 0.12 0
v -6.079999 0.4799997 -6.239999 0.2133334 0.1066667 0
v -6.079999 0.6399996 -6.24 0.2666667 0.1333333 0
v -6.239999 0.6399996 -6.24 0.2666667 0.1333333 0
v -6.239999 0.6399996 -6.4 0.2666667 0.1333333 0
v -6.079999 0.6399996 -6.4 0.2666667 0.1333333 0
v -6.079999 0.6399996 -6.4 0.2666667 0.1333333 0
v -6.239999 0.6399996 -6.4 0.2666667 0.1333333 0
v -6.239999 0.6399996 -6.559999 0.2666667 0.1333333 0
v -6.079999 0.6399996 -6.559999 0.2666667 0.1333333 0
v -6.079999 0.6399996 -6.559999 0.2666667 0.1333333 0
v -6.239999 0.6399996 -6.559999 0.2666667 0.1333333 0
v -6.239999 0.6399996 -6.719999 0.2666667 0.1333333 0
v -6.079999 0.6399996 -6.719999 0.24 0.12 0
v -6.079999 0.6399996 -6.719999 0.24 0.12 0
v -6.239999 0.6399996 -6.719999 0.2666667 0.1333333 0
v -6.239999 0.6399996 -6.88 0.24 0.12 0
v -6.079999 0.6399996 -6.88 0.2133334 0.1066667 0
v -6.079999 0.7999996 -6.879999 0.1882353 0.09803922 0
v -6.239999 0.7999996 -6.879999 0.1882353 0.09803922 0
v -6.239999 0.7999996 -7.039999 0.1882353 0.09803922 0
v -6.079999 0.7999996 -7.039999 0.1882353 0.09803922 0
v -6.239999 0.6399996 -6.879999 0.1505882 0.07843138 0
v -6.239999 0.7999996 -6.879999 0.1882353 0.09803922 0
v -6.079999 0.7999996 -6.879999 0.1694118 0.0882353 0
v -6.079999 0.6399996 -6.879999 0.1505882 0.07843138 0
v -6.239999 0.6399996 -7.039999 0.1505882 0.07843138 0
v -6.239999 0.7999996 -7.039999 0.1694118 0.0882353 0
v -6.239999 0.7999996 -6.879999 0.1882353 0.09803922 0
v -6.239999 0.6399996 -6.879999 0.1505882 0.07843138 0
v -6.24 -3.576279E-07 -5.28 0.2666667 0.1333333 0
v -6.4 -3.576279E-07 -5.28 0.2666667 0.1333333 0
v -6.4 -3.576279E-07 -5.119999 0.2666667 0.1333333 0
v -6.24 -3.576279E-07 -5.119999 0.2666667 0.1333333 0
v -6.4 -3.576279E-07 -5.119999 0.24 0.12 0
v -6.4 0.1599996 -5.119999 0.2133334 0.1066667 0
v -6.24 0.1599996 -5.119999 0.2666667 0.1333333 0
v -6.24 -3.576279E-07 -5.119999 0.2666667 0.1333333 0
v -6.24 -3.576279E-07 -5.119999 0.2666667 0.1333333 0
v -6.24 0.1599996 -5.119999 0.2666667 0.1333333 0
v -6.24 0.1599996 -5.28 0.2666667 0.1333333 0
v -6.24 -3.576279E-07 -5.28 0.2666667 0.1333333 0
v -6.24 -3.576279E-07 -5.44 0.2666667 0.1333333 0
v -6.4 -3.576279E-07 -5.44 0.2666667 0.1333333 0
v -6.4 -3.576279E-07 -5.28 0.2666667 0.1333333 0
v -6.24 -3.576279E-07 -5.28 0.2666667 0.1333333 0
v -6.24 -3.576279E-07 -5.28 0.2666667 0.1333333 0
v -6.24 0.1599996 -5.28 0.2666667 0.1333333 0
v -6.24 0.1599996 -5.44 0.2133334 0.1066667 0
v -6.24 -3.576279E-07 -5.44 0.24 0.12 0
v -6.24 -3.576279E-07 -5.599999 0.2666667 0.1333333 0
v -6.4 -3.576279E-07 -5.599999 0.2666667 0.1333333 0
v -6.4 -3.576279E-07 -5.44 0.2666667 0.1333333 0
v -6.24 -3.576279E-07 -5.44 0.2666667 0.1333333 0
v -6.24 -3.576279E-07 -5.759999 0.2666667 0.1333333 0
v -6.4 -3.576279E-07 -5.759999 0.2666667 0.1333333 0
v -6.4 -3.576279E-07 -5.599999 0.2666667 0.1333333 0
v -6.24 -3.576279E-07 -5.599999 0.2666667 0.1333333 0
v -6.24 -3.576279E-07 -5.92 0.2666667 0.1333333 0
v -6.4 -3.576279E-07 -5.92 0.2666667 0.1333333 0
v -6.4 -3.576279E-07 -5.759999 0.2666667 0.1333333 0
v -6.24 -3.576279E-07 -5.759999 0.2666667 0.1333333 0
v -6.24 -3.576279E-07 -6.079999 0.2666667 0.1333333 0
v -6.4 -3.576279E-07 -6.079999 0.2666667 0.1333333 0
v -6.4 -3.576279E-07 -5.92 0.2666667 0.1333333 0
v -6.24 -3.576279E-07 -5.92 0.2666667 0.1333333 0
v -6.24 -3.576279E-07 -6.239999 0.2666667 0.1333333 0
v -6.4 -3.576279E-07 -6.239999 0.2666667 0.1333333 0
v -6.4 -3.576279E-07 -6.079999 0.2666667 0.1333333 0
v -6.24 -3.576279E-07 -6.079999 0.2666667 0.1333333 0
v -6.24 -3.576279E-07 -6.4 0.2666667 0.1333333 0
v -6.4 -3.576279E-07 -6.4 0.2666667 0.1333333 0
v -6.4 -3.576279E-07 -6.24 0.2666667 0.1333333 0
v -6.24 -3.576279E-07 -6.24 0.2666667 0.1333333 0
v -6.24 -3.576279E-07 -6.559999 0.2666667 0.1333333 0
v -6.4 -3.576279E-07 -6.559999 0.2666667 0.1333333 0
v -6.4 -3.576279E-07 -6.4 0.2666667 0.1333333 0
v -6.24 -3.576279E-07 -6.4 0.2666667 0.1333333 0
v -6.24 -3.576279E-07 -6.719999 0.2666667 0.1333333 0
v -6.4 -3.576279E-07 -6.719999 0.2666667 0.1333333 0
v -6.4 -3.576279E-07 -6.559999 0.2666667 0.1333333 0
v -6.24 -3.576279E-07 -6.559999 0.2666667 0.1333333 0
v -6.24 -3.576279E-07 -6.88 0.2666667 0.1333333 0
v -6.4 -3.576279E-07 -6.88 0.2666667 0.1333333 0
v -6.4 -3.576279E-07 -6.719999 0.2666667 0.1333333 0
v -6.24 -3.576279E-07 -6.719999 0.2666667 0.1333333 0
v -6.24 -3.576279E-07 -7.039999 0.2666667 0.1333333 0
v -6.4 -3.576279E-07 -7.039999 0.2666667 0.1333333 0
v -6.4 -3.576279E-07 -6.879999 0.2666667 0.1333333 0
v -6.24 -3.576279E-07 -6.879999 0.2666667 0.1333333 0
v -6.4 0.1599996 -5.119999 0.2133334 0.1066667 0
v -6.4 0.3199996 -5.119999 0.2133334 0.1066667 0
v -6.24 0.3199996 -5.119999 0.2666667 0.1333333 0
v -6.24 0.1599996 -5.119999 0.2666667 0.1333333 0
v -6.24 0.1599996 -5.119999 0.2666667 0.1333333 0
v -6.24 0.3199996 -5.119999 0.2666667 0.1333333 0
v -6.24 0.3199996 -5.28 0.2666667 0.1333333 0
v -6.24 0.1599996 -5.28 0.2666667 0.1333333 0
v -6.24 0.1599996 -5.28 0.2666667 0.1333333 0
v -6.24 0.3199996 -5.28 0.2666667 0.1333333 0
v -6.24 0.3199996 -5.44 0.2133334 0.1066667 0
v -6.24 0.1599996 -5.44 0.2133334 0.1066667 0
v -6.24 0.4799997 -5.119999 0.2666667 0.1333333 0
v -6.4 0.4799997 -5.119999 0.24 0.12 0
v -6.4 0.4799997 -5.28 0.2133334 0.1066667 0
v -6.24 0.4799997 -5.28 0.2666667 0.1333333 0
v -6.4 0.3199996 -5.119999 0.2133334 0.1066667 0
v -6.4 0.4799997 -5.119999 0.24 0.12 0
v -6.24 0.4799997 -5.119999 0.2666667 0.1333333 0
v -6.24 0.3199996 -5.119999 0.2666667 0.1333333 0
v -6.24 0.3199996 -5.119999 0.2666667 0.1333333 0
v -6.24 0.4799997 -5.119999 0.2666667 0.1333333 0
v -6.24 0.4799997 -5.28 0.2666667 0.1333333 0
v -6.24 0.3199996 -5.28 0.2666667 0.1333333 0
v -6.24 0.4799997 -5.28 0.2666667 0.1333333 0
v -6.4 0.4799997 -5.28 0.2133334 0.1066667 0
v -6.4 0.4799997 -5.44 0.2133334 0.1066667 0
v -6.24 0.4799997 -5.44 0.24 0.12 0
v -6.24 0.3199996 -5.28 0.2666667 0.1333333 0
v -6.24 0.4799997 -5.28 0.2666667 0.1333333 0
v -6.24 0.4799997 -5.44 0.24 0.12 0
v -6.24 0.3199996 -5.44 0.2133334 0.1066667 0
v -6.4 0.4799997 -5.44 0.1505882 0.07843138 0
v -6.4 0.6399996 -5.44 0.1694118 0.0882353 0
v -6.24 0.6399996 -5.44 0.1882353 0.09803922 0
v -6.24 0.4799997 -5.44 0.1694118 0.0882353 0
v -6.24 0.4799997 -5.44 0.1694118 0.0882353 0
v -6.24 0.6399996 -5.44 0.1882353 0.09803922 0
v -6.24 0.6399996 -5.599999 0.1882353 0.09803922 0
v -6.24 0.4799997 -5.599999 0.1505882 0.07843138 0
v -6.24 0.4799997 -5.599999 0.1505882 0.07843138 0
v -6.24 0.6399996 -5.599999 0.1882353 0.09803922 0
v -6.24 0.6399996 -5.759999 0.1694118 0.0882353 0
v -6.24 0.4799997 -5.759999 0.1505882 0.07843138 0
v -6.24 0.6399996 -5.92 0.24 0.12 0
v -6.4 0.6399996 -5.92 0.2133334 0.1066667 0
v -6.4 0.6399996 -6.079999 0.24 0.12 0
v -6.24 0.6399996 -6.079999 0.2666667 0.1333333 0
v -6.24 0.6399996 -6.079999 0.2666667 0.1333333 0
v -6.4 0.6399996 -6.079999 0.24 0.12 0
v -6.4 0.6399996 -6.239999 0.2666667 0.1333333 0
v -6.24 0.6399996 -6.239999 0.2666667 0.1333333 0
v -6.24 0.6399996 -6.24 0.2666667 0.1333333 0
v -6.4 0.6399996 -6.24 0.2666667 0.1333333 0
v -6.4 0.6399996 -6.4 0.2666667 0.1333333 0
v -6.24 0.6399996 -6.4 0.2666667 0.1333333 0
v -6.24 0.6399996 -6.4 0.2666667 0.1333333 0
v -6.4 0.6399996 -6.4 0.2666667 0.1333333 0
v -6.4 0.6399996 -6.559999 0.2666667 0.1333333 0
v -6.24 0.6399996 -6.559999 0.2666667 0.1333333 0
v -6.24 0.6399996 -6.559999 0.2666667 0.1333333 0
v -6.4 0.6399996 -6.559999 0.2666667 0.1333333 0
v -6.4 0.6399996 -6.719999 0.2666667 0.1333333 0
v -6.24 0.6399996 -6.719999 0.2666667 0.1333333 0
v -6.24 0.6399996 -6.719999 0.2666667 0.1333333 0
v -6.4 0.6399996 -6.719999 0.2666667 0.1333333 0
v -6.4 0.6399996 -6.88 0.2666667 0.1333333 0
v -6.24 0.6399996 -6.88 0.24 0.12 0
v -6.24 0.6399996 -6.879999 0.24 0.12 0
v -6.4 0.6399996 -6.879999 0.2666667 0.1333333 0
v -6.4 0.6399996 -7.039999 0.24 0.12 0
v -6.24 0.6399996 -7.039999 0.2133334 0.1066667 0
v -6.24 0.7999996 -5.44 0.1882353 0.09803922 0
v -6.4 0.7999996 -5.44 0.1882353 0.09803922 0
v -6.4 0.7999996 -5.599999 0.1882353 0.09803922 0
v -6.24 0.7999996 -5.599999 0.1882353 0.09803922 0
v -6.4 0.6399996 -5.44 0.1694118 0.0882353 0
v -6.4 0.7999996 -5.44 0.1882353 0.09803922 0
v -6.24 0.7999996 -5.44 0.1882353 0.09803922 0
v -6.24 0.6399996 -5.44 0.1882353 0.09803922 0
v -6.24 0.6399996 -5.44 0.1882353 0.09803922 0
v -6.24 0.7999996 -5.44 0.1882353 0.09803922 0
v -6.24 0.7999996 -5.599999 0.1882353 0.09803922 0
v -6.24 0.6399996 -5.599999 0.1882353 0.09803922 0
v -6.4 0.6399996 -5.599999 0.1505882 0.07843138 0
v -6.4 0.7999996 -5.599999 0.1694118 0.0882353 0
v -6.4 0.7999996 -5.44 0.1882353 0.09803922 0
v -6.4 0.6399996 -5.44 0.1505882 0.07843138 0
v -6.24 0.7999996 -5.599999 0.1882353 0.09803922 0
v -6.4 0.7999996 -5.599999 0.1882353 0.09803922 0
v -6.4 0.7999996 -5.759999 0.1882353 0.09803922 0
v -6.24 0.7999996 -5.759999 0.1882353 0.09803922 0
v -6.24 0.6399996 -5.599999 0.1882353 0.09803922 0
v -6.24 0.7999996 -5.599999 0.1882353 0.09803922 0
v -6.24 0.7999996 -5.759999 0.1882353 0.09803922 0
v -6.24 0.6399996 -5.759999 0.1694118 0.0882353 0
v -6.24 0.7999996 -5.759999 0.1882353 0.09803922 0
v -6.4 0.7999996 -5.759999 0.1882353 0.09803922 0
v -6.4 0.7999996 -5.92 0.1882353 0.09803922 0
v -6.24 0.7999996 -5.92 0.1882353 0.09803922 0
v -6.24 0.6399996 -5.92 0.1505882 0.07843138 0
v -6.24 0.7999996 -5.92 0.1882353 0.09803922 0
v -6.4 0.7999996 -5.92 0.1694118 0.0882353 0
v -6.4 0.6399996 -5.92 0.1505882 0.07843138 0
v -6.24 0.6399996 -5.759999 0.1694118 0.0882353 0
v -6.24 0.7999996 -5.759999 0.1882353 0.09803922 0
v -6.24 0.7999996 -5.92 0.1882353 0.09803922 0
v -6.24 0.6399996 -5.92 0.1505882 0.07843138 0
v -6.4 -3.576279E-07 -4.96 0.2666667 0.1333333 0
v -6.559999 -3.576279E-07 -4.96 0.2666667 0.1333333 0
v -6.559999 -3.576279E-07 -4.8 0.2666667 0.1333333 0
v -6.4 -3.576279E-07 -4.8 0.2666667 0.1333333 0
v -6.559999 -3.576279E-07 -4.8 0.24 0.12 0
v -6.559999 0.1599996 -4.8 0.2133334 0.1066667 0
v -6.4 0.1599996 -4.8 0.2666667 0.1333333 0
v -6.4 -3.576279E-07 -4.8 0.2666667 0.1333333 0
v -6.4 -3.576279E-07 -4.8 0.2666667 0.1333333 0
v -6.4 0.1599996 -4.8 0.2666667 0.1333333 0
v -6.4 0.1599996 -4.96 0.2666667 0.1333333 0
v -6.4 -3.576279E-07 -4.96 0.2666667 0.1333333 0
v -6.4 -3.576279E-07 -5.119999 0.2666667 0.1333333 0
v -6.559999 -3.576279E-07 -5.119999 0.2666667 0.1333333 0
v -6.559999 -3.576279E-07 -4.96 0.2666667 0.1333333 0
v -6.4 -3.576279E-07 -4.96 0.2666667 0.1333333 0
v -6.4 -3.576279E-07 -4.96 0.2666667 0.1333333 0
v -6.4 0.1599996 -4.96 0.2666667 0.1333333 0
v -6.4 0.1599996 -5.119999 0.2133334 0.1066667 0
v -6.4 -3.576279E-07 -5.119999 0.24 0.12 0
v -6.4 -3.576279E-07 -5.28 0.2666667 0.1333333 0
v -6.559999 -3.576279E-07 -5.28 0.2666667 0.1333333 0
v -6.559999 -3.576279E-07 -5.119999 0.2666667 0.1333333 0
v -6.4 -3.576279E-07 -5.119999 0.2666667 0.1333333 0
v -6.4 -3.576279E-07 -5.44 0.2666667 0.1333333 0
v -6.559999 -3.576279E-07 -5.44 0.2666667 0.1333333 0
v -6.559999 -3.576279E-07 -5.28 0.2666667 0.1333333 0
v -6.4 -3.576279E-07 -5.28 0.2666667 0.1333333 0
v -6.4 -3.576279E-07 -5.599999 0.2666667 0.1333333 0
v -6.559999 -3.576279E-07 -5.599999 0.2666667 0.1333333 0
v -6.559999 -3.576279E-07 -5.44 0.2666667 0.1333333 0
v -6.4 -3.576279E-07 -5.44 0.2666667 0.1333333 0
v -6.4 -3.576279E-07 -5.759999 0.2666667 0.1333333 0
v -6.559999 -3.576279E-07 -5.759999 0.2666667 0.1333333 0
v -6.559999 -3.576279E-07 -5.599999 0.2666667 0.1333333 0
v -6.4 -3.576279E-07 -5.599999 0.2666667 0.1333333 0
v -6.4 -3.576279E-07 -5.92 0.2666667 0.1333333 0
v -6.559999 -3.576279E-07 -5.92 0.2666667 0.1333333 0
v -6.559999 -3.576279E-07 -5.759999 0.2666667 0.1333333 0
v -6.4 -3.576279E-07 -5.759999 0.2666667 0.1333333 0
v -6.4 -3.576279E-07 -6.079999 0.2666667 0.1333333 0
v -6.559999 -3.576279E-07 -6.079999 0.2666667 0.1333333 0
v -6.559999 -3.576279E-07 -5.92 0.2666667 0.1333333 0
v -6.4 -3.576279E-07 -5.92 0.2666667 0.1333333 0
v -6.4 -3.576279E-07 -6.239999 0.2666667 0.1333333 0
v -6.559999 -3.576279E-07 -6.239999 0.2666667 0.1333333 0
v -6.559999 -3.576279E-07 -6.079999 0.2666667 0.1333333 0
v -6.4 -3.576279E-07 -6.079999 0.2666667 0.1333333 0
v -6.4 -3.576279E-07 -6.4 0.2666667 0.1333333 0
v -6.559999 -3.576279E-07 -6.4 0.2666667 0.1333333 0
v -6.559999 -3.576279E-07 -6.24 0.2666667 0.1333333 0
v -6.4 -3.576279E-07 -6.24 0.2666667 0.1333333 0
v -6.4 -3.576279E-07 -6.559999 0.2666667 0.1333333 0
v -6.559999 -3.576279E-07 -6.559999 0.2666667 0.1333333 0
v -6.559999 -3.576279E-07 -6.4 0.2666667 0.1333333 0
v -6.4 -3.576279E-07 -6.4 0.2666667 0.1333333 0
v -6.4 -3.576279E-07 -6.719999 0.2666667 0.1333333 0
v -6.559999 -3.576279E-07 -6.719999 0.2666667 0.1333333 0
v -6.559999 -3.576279E-07 -6.559999 0.2666667 0.1333333 0
v -6.4 -3.576279E-07 -6.559999 0.2666667 0.1333333 0
v -6.4 -3.576279E-07 -6.88 0.2666667 0.1333333 0
v -6.559999 -3.576279E-07 -6.88 0.2666667 0.1333333 0
v -6.559999 -3.576279E-07 -6.719999 0.2666667 0.1333333 0
v -6.4 -3.576279E-07 -6.719999 0.2666667 0.1333333 0
v -6.4 -3.576279E-07 -7.039999 0.2666667 0.1333333 0
v -6.559999 -3.576279E-07 -7.039999 0.2666667 0.1333333 0
v -6.559999 -3.576279E-07 -6.879999 0.2666667 0.1333333 0
v -6.4 -3.576279E-07 -6.879999 0.2666667 0.1333333 0
v -6.559999 0.1599996 -4.8 0.2133334 0.1066667 0
v -6.559999 0.3199996 -4.8 0.2133334 0.1066667 0
v -6.4 0.3199996 -4.8 0.2666667 0.1333333 0
v -6.4 0.1599996 -4.8 0.2666667 0.1333333 0
v -6.4 0.1599996 -4.8 0.2666667 0.1333333 0
v -6.4 0.3199996 -4.8 0.2666667 0.1333333 0
v -6.4 0.3199996 -4.96 0.2666667 0.1333333 0
v -6.4 0.1599996 -4.96 0.2666667 0.1333333 0
v -6.4 0.1599996 -4.96 0.2666667 0.1333333 0
v -6.4 0.3199996 -4.96 0.2666667 0.1333333 0
v -6.4 0.3199996 -5.119999 0.2133334 0.1066667 0
v -6.4 0.1599996 -5.119999 0.2133334 0.1066667 0
v -6.4 0.4799997 -4.8 0.2666667 0.1333333 0
v -6.559999 0.4799997 -4.8 0.24 0.12 0
v -6.559999 0.4799997 -4.96 0.2133334 0.1066667 0
v -6.4 0.4799997 -4.96 0.2666667 0.1333333 0
v -6.559999 0.3199996 -4.8 0.2133334 0.1066667 0
v -6.559999 0.4799997 -4.8 0.24 0.12 0
v -6.4 0.4799997 -4.8 0.2666667 0.1333333 0
v -6.4 0.3199996 -4.8 0.2666667 0.1333333 0
v -6.4 0.3199996 -4.8 0.2666667 0.1333333 0
v -6.4 0.4799997 -4.8 0.2666667 0.1333333 0
v -6.4 0.4799997 -4.96 0.2666667 0.1333333 0
v -6.4 0.3199996 -4.96 0.2666667 0.1333333 0
v -6.4 0.4799997 -4.96 0.2666667 0.1333333 0
v -6.559999 0.4799997 -4.96 0.2133334 0.1066667 0
v -6.559999 0.4799997 -5.119999 0.2133334 0.1066667 0
v -6.4 0.4799997 -5.119999 0.24 0.12 0
v -6.4 0.3199996 -4.96 0.2666667 0.1333333 0
v -6.4 0.4799997 -4.96 0.2666667 0.1333333 0
v -6.4 0.4799997 -5.119999 0.24 0.12 0
v -6.4 0.3199996 -5.119999 0.2133334 0.1066667 0
v -6.4 0.6399996 -5.119999 0.2666667 0.1333333 0
v -6.559999 0.6399996 -5.119999 0.2666667 0.1333333 0
v -6.559999 0.6399996 -5.28 0.2666667 0.1333333 0
v -6.4 0.6399996 -5.28 0.2666667 0.1333333 0
v -6.559999 0.4799997 -5.119999 0.2133334 0.1066667 0
v -6.559999 0.6399996 -5.119999 0.24 0.12 0
v -6.4 0.6399996 -5.119999 0.2666667 0.1333333 0
v -6.4 0.4799997 -5.119999 0.24 0.12 0
v -6.4 0.4799997 -5.119999 0.24 0.12 0
v -6.4 0.6399996 -5.119999 0.2666667 0.1333333 0
v -6.4 0.6399996 -5.28 0.2666667 0.1333333 0
v -6.4 0.4799997 -5.28 0.2133334 0.1066667 0
v -6.4 0.6399996 -5.28 0.2666667 0.1333333 0
v -6.559999 0.6399996 -5.28 0.2666667 0.1333333 0
v -6.559999 0.6399996 -5.44 0.2666667 0.1333333 0
v -6.4 0.6399996 -5.44 0.24 0.12 0
v -6.4 0.4799997 -5.28 0.2133334 0.1066667 0
v -6.4 0.6399996 -5.28 0.2666667 0.1333333 0
v -6.4 0.6399996 -5.44 0.2133334 0.1066667 0
v -6.4 0.4799997 -5.44 0.2133334 0.1066667 0
v -6.4 0.6399996 -5.44 0.24 0.12 0
v -6.559999 0.6399996 -5.44 0.2666667 0.1333333 0
v -6.559999 0.6399996 -5.599999 0.24 0.12 0
v -6.4 0.6399996 -5.599999 0.2133334 0.1066667 0
v -6.4 0.6399996 -6.079999 0.24 0.12 0
v -6.559999 0.6399996 -6.079999 0.2133334 0.1066667 0
v -6.559999 0.6399996 -6.239999 0.24 0.12 0
v -6.4 0.6399996 -6.239999 0.2666667 0.1333333 0
v -6.4 0.6399996 -6.24 0.2666667 0.1333333 0
v -6.559999 0.6399996 -6.24 0.24 0.12 0
v -6.559999 0.6399996 -6.4 0.2666667 0.1333333 0
v -6.4 0.6399996 -6.4 0.2666667 0.1333333 0
v -6.4 0.6399996 -6.4 0.2666667 0.1333333 0
v -6.559999 0.6399996 -6.4 0.2666667 0.1333333 0
v -6.559999 0.6399996 -6.559999 0.2666667 0.1333333 0
v -6.4 0.6399996 -6.559999 0.2666667 0.1333333 0
v -6.4 0.6399996 -6.559999 0.2666667 0.1333333 0
v -6.559999 0.6399996 -6.559999 0.2666667 0.1333333 0
v -6.559999 0.6399996 -6.719999 0.2666667 0.1333333 0
v -6.4 0.6399996 -6.719999 0.2666667 0.1333333 0
v -6.4 0.6399996 -6.719999 0.2666667 0.1333333 0
v -6.559999 0.6399996 -6.719999 0.2666667 0.1333333 0
v -6.559999 0.6399996 -6.88 0.2666667 0.1333333 0
v -6.4 0.6399996 -6.88 0.2666667 0.1333333 0
v -6.4 0.6399996 -6.879999 0.2666667 0.1333333 0
v -6.559999 0.6399996 -6.879999 0.2666667 0.1333333 0
v -6.559999 0.6399996 -7.039999 0.2666667 0.1333333 0
v -6.4 0.6399996 -7.039999 0.24 0.12 0
v -6.4 0.7999996 -5.599999 0.1882353 0.09803922 0
v -6.559999 0.7999996 -5.599999 0.1882353 0.09803922 0
v -6.559999 0.7999996 -5.759999 0.1882353 0.09803922 0
v -6.4 0.7999996 -5.759999 0.1882353 0.09803922 0
v -6.559999 0.6399996 -5.599999 0.1505882 0.07843138 0
v -6.559999 0.7999996 -5.599999 0.1882353 0.09803922 0
v -6.4 0.7999996 -5.599999 0.1694118 0.0882353 0
v -6.4 0.6399996 -5.599999 0.1505882 0.07843138 0
v -6.559999 0.6399996 -5.759999 0.1505882 0.07843138 0
v -6.559999 0.7999996 -5.759999 0.1694118 0.0882353 0
v -6.559999 0.7999996 -5.599999 0.1882353 0.09803922 0
v -6.559999 0.6399996 -5.599999 0.1505882 0.07843138 0
v -6.4 0.7999996 -5.759999 0.1882353 0.09803922 0
v -6.559999 0.7999996 -5.759999 0.1882353 0.09803922 0
v -6.559999 0.7999996 -5.92 0.1882353 0.09803922 0
v -6.4 0.7999996 -5.92 0.1882353 0.09803922 0
v -6.4 0.7999996 -5.92 0.1882353 0.09803922 0
v -6.559999 0.7999996 -5.92 0.1882353 0.09803922 0
v -6.559999 0.7999996 -6.079999 0.1882353 0.09803922 0
v -6.4 0.7999996 -6.079999 0.1882353 0.09803922 0
v -6.4 0.6399996 -6.079999 0.1505882 0.07843138 0
v -6.4 0.7999996 -6.079999 0.1882353 0.09803922 0
v -6.559999 0.7999996 -6.079999 0.1694118 0.0882353 0
v -6.559999 0.6399996 -6.079999 0.1505882 0.07843138 0
v -6.4 0.6399996 -5.92 0.1505882 0.07843138 0
v -6.4 0.7999996 -5.92 0.1694118 0.0882353 0
v -6.4 0.7999996 -6.079999 0.1882353 0.09803922 0
v -6.4 0.6399996 -6.079999 0.1505882 0.07843138 0
v -6.559999 -3.576279E-07 -4.8 0.2666667 0.1333333 0
v -6.719999 -3.576279E-07 -4.8 0.2666667 0.1333333 0
v -6.719999 -3.576279E-07 -4.639999 0.2666667 0.1333333 0
v -6.559999 -3.576279E-07 -4.639999 0.2666667 0.1333333 0
v -6.719999 -3.576279E-07 -4.639999 0.24 0.12 0
v -6.719999 0.1599996 -4.639999 0.2133334 0.1066667 0
v -6.559999 0.1599996 -4.639999 0.2666667 0.1333333 0
v -6.559999 -3.576279E-07 -4.639999 0.2666667 0.1333333 0
v -6.559999 -3.576279E-07 -4.639999 0.2666667 0.1333333 0
v -6.559999 0.1599996 -4.639999 0.2666667 0.1333333 0
v -6.559999 0.1599996 -4.8 0.2133334 0.1066667 0
v -6.559999 -3.576279E-07 -4.8 0.24 0.12 0
v -6.559999 -3.576279E-07 -4.96 0.2666667 0.1333333 0
v -6.719999 -3.576279E-07 -4.96 0.2666667 0.1333333 0
v -6.719999 -3.576279E-07 -4.8 0.2666667 0.1333333 0
v -6.559999 -3.576279E-07 -4.8 0.2666667 0.1333333 0
v -6.559999 -3.576279E-07 -5.119999 0.2666667 0.1333333 0
v -6.719999 -3.576279E-07 -5.119999 0.2666667 0.1333333 0
v -6.719999 -3.576279E-07 -4.96 0.2666667 0.1333333 0
v -6.559999 -3.576279E-07 -4.96 0.2666667 0.1333333 0
v -6.559999 -3.576279E-07 -5.28 0.2666667 0.1333333 0
v -6.719999 -3.576279E-07 -5.28 0.2666667 0.1333333 0
v -6.719999 -3.576279E-07 -5.119999 0.2666667 0.1333333 0
v -6.559999 -3.576279E-07 -5.119999 0.2666667 0.1333333 0
v -6.559999 -3.576279E-07 -5.44 0.2666667 0.1333333 0
v -6.719999 -3.576279E-07 -5.44 0.2666667 0.1333333 0
v -6.719999 -3.576279E-07 -5.28 0.2666667 0.1333333 0
v -6.559999 -3.576279E-07 -5.28 0.2666667 0.1333333 0
v -6.559999 -3.576279E-07 -5.599999 0.2666667 0.1333333 0
v -6.719999 -3.576279E-07 -5.599999 0.2666667 0.1333333 0
v -6.719999 -3.576279E-07 -5.44 0.2666667 0.1333333 0
v -6.559999 -3.576279E-07 -5.44 0.2666667 0.1333333 0
v -6.559999 -3.576279E-07 -5.759999 0.2666667 0.1333333 0
v -6.719999 -3.576279E-07 -5.759999 0.2666667 0.1333333 0
v -6.719999 -3.576279E-07 -5.599999 0.2666667 0.1333333 0
v -6.559999 -3.576279E-07 -5.599999 0.2666667 0.1333333 0
v -6.559999 -3.576279E-07 -5.92 0.2666667 0.1333333 0
v -6.719999 -3.576279E-07 -5.92 0.2666667 0.1333333 0
v -6.719999 -3.576279E-07 -5.759999 0.2666667 0.1333333 0
v -6.559999 -3.576279E-07 -5.759999 0.2666667 0.1333333 0
v -6.559999 -3.576279E-07 -6.079999 0.2666667 0.1333333 0
v -6.719999 -3.576279E-07 -6.079999 0.2666667 0.1333333 0
v -6.719999 -3.576279E-07 -5.92 0.2666667 0.1333333 0
v -6.559999 -3.576279E-07 -5.92 0.2666667 0.1333333 0
v -6.559999 -3.576279E-07 -6.239999 0.2666667 0.1333333 0
v -6.719999 -3.576279E-07 -6.239999 0.2666667 0.1333333 0
v -6.719999 -3.576279E-07 -6.079999 0.2666667 0.1333333 0
v -6.559999 -3.576279E-07 -6.079999 0.2666667 0.1333333 0
v -6.559999 -3.576279E-07 -6.4 0.2666667 0.1333333 0
v -6.719999 -3.576279E-07 -6.4 0.2666667 0.1333333 0
v -6.719999 -3.576279E-07 -6.24 0.2666667 0.1333333 0
v -6.559999 -3.576279E-07 -6.24 0.2666667 0.1333333 0
v -6.559999 -3.576279E-07 -6.559999 0.2666667 0.1333333 0
v -6.719999 -3.576279E-07 -6.559999 0.2666667 0.1333333 0
v -6.719999 -3.576279E-07 -6.4 0.2666667 0.1333333 0
v -6.559999 -3.576279E-07 -6.4 0.2666667 0.1333333 0
v -6.559999 -3.576279E-07 -6.719999 0.2666667 0.1333333 0
v -6.719999 -3.576279E-07 -6.719999 0.2666667 0.1333333 0
v -6.719999 -3.576279E-07 -6.559999 0.2666667 0.1333333 0
v -6.559999 -3.576279E-07 -6.559999 0.2666667 0.1333333 0
v -6.559999 -3.576279E-07 -6.88 0.2666667 0.1333333 0
v -6.719999 -3.576279E-07 -6.88 0.2666667 0.1333333 0
v -6.719999 -3.576279E-07 -6.719999 0.2666667 0.1333333 0
v -6.559999 -3.576279E-07 -6.719999 0.2666667 0.1333333 0
v -6.559999 -3.576279E-07 -7.039999 0.2666667 0.1333333 0
v -6.719999 -3.576279E-07 -7.039999 0.2666667 0.1333333 0
v -6.719999 -3.576279E-07 -6.879999 0.2666667 0.1333333 0
v -6.559999 -3.576279E-07 -6.879999 0.2666667 0.1333333 0
v -6.719999 0.1599996 -4.639999 0.2133334 0.1066667 0
v -6.719999 0.3199996 -4.639999 0.2133334 0.1066667 0
v -6.559999 0.3199996 -4.639999 0.2666667 0.1333333 0
v -6.559999 0.1599996 -4.639999 0.2666667 0.1333333 0
v -6.559999 0.1599996 -4.639999 0.2666667 0.1333333 0
v -6.559999 0.3199996 -4.639999 0.2666667 0.1333333 0
v -6.559999 0.3199996 -4.8 0.2133334 0.1066667 0
v -6.559999 0.1599996 -4.8 0.2133334 0.1066667 0
v -6.559999 0.4799997 -4.639999 0.2666667 0.1333333 0
v -6.719999 0.4799997 -4.639999 0.24 0.12 0
v -6.719999 0.4799997 -4.8 0.2133334 0.1066667 0
v -6.559999 0.4799997 -4.8 0.24 0.12 0
v -6.719999 0.3199996 -4.639999 0.2133334 0.1066667 0
v -6.719999 0.4799997 -4.639999 0.24 0.12 0
v -6.559999 0.4799997 -4.639999 0.2666667 0.1333333 0
v -6.559999 0.3199996 -4.639999 0.2666667 0.1333333 0
v -6.559999 0.3199996 -4.639999 0.2666667 0.1333333 0
v -6.559999 0.4799997 -4.639999 0.2666667 0.1333333 0
v -6.559999 0.4799997 -4.8 0.24 0.12 0
v -6.559999 0.3199996 -4.8 0.2133334 0.1066667 0
v -6.559999 0.6399996 -4.8 0.2666667 0.1333333 0
v -6.719999 0.6399996 -4.8 0.24 0.12 0
v -6.719999 0.6399996 -4.96 0.2666667 0.1333333 0
v -6.559999 0.6399996 -4.96 0.2666667 0.1333333 0
v -6.719999 0.4799997 -4.8 0.2133334 0.1066667 0
v -6.719999 0.6399996 -4.8 0.2133334 0.1066667 0
v -6.559999 0.6399996 -4.8 0.2666667 0.1333333 0
v -6.559999 0.4799997 -4.8 0.24 0.12 0
v -6.559999 0.4799997 -4.8 0.24 0.12 0
v -6.559999 0.6399996 -4.8 0.2666667 0.1333333 0
v -6.559999 0.6399996 -4.96 0.2666667 0.1333333 0
v -6.559999 0.4799997 -4.96 0.2133334 0.1066667 0
v -6.559999 0.6399996 -4.96 0.2666667 0.1333333 0
v -6.719999 0.6399996 -4.96 0.2666667 0.1333333 0
v -6.719999 0.6399996 -5.119999 0.2666667 0.1333333 0
v -6.559999 0.6399996 -5.119999 0.2666667 0.1333333 0
v -6.559999 0.4799997 -4.96 0.2133334 0.1066667 0
v -6.559999 0.6399996 -4.96 0.2666667 0.1333333 0
v -6.559999 0.6399996 -5.119999 0.24 0.12 0
v -6.559999 0.4799997 -5.119999 0.2133334 0.1066667 0
v -6.559999 0.6399996 -5.119999 0.2666667 0.1333333 0
v -6.719999 0.6399996 -5.119999 0.2666667 0.1333333 0
v -6.719999 0.6399996 -5.28 0.2666667 0.1333333 0
v -6.559999 0.6399996 -5.28 0.2666667 0.1333333 0
v -6.559999 0.6399996 -5.28 0.2666667 0.1333333 0
v -6.719999 0.6399996 -5.28 0.2666667 0.1333333 0
v -6.719999 0.6399996 -5.44 0.2666667 0.1333333 0
v -6.559999 0.6399996 -5.44 0.2666667 0.1333333 0
v -6.559999 0.6399996 -5.44 0.2666667 0.1333333 0
v -6.719999 0.6399996 -5.44 0.2666667 0.1333333 0
v -6.719999 0.6399996 -5.599999 0.2666667 0.1333333 0
v -6.559999 0.6399996 -5.599999 0.24 0.12 0
v -6.559999 0.6399996 -5.599999 0.24 0.12 0
v -6.719999 0.6399996 -5.599999 0.2666667 0.1333333 0
v -6.719999 0.6399996 -5.759999 0.24 0.12 0
v -6.559999 0.6399996 -5.759999 0.2133334 0.1066667 0
v -6.559999 0.6399996 -6.24 0.24 0.12 0
v -6.719999 0.6399996 -6.24 0.2133334 0.1066667 0
v -6.719999 0.6399996 -6.4 0.24 0.12 0
v -6.559999 0.6399996 -6.4 0.2666667 0.1333333 0
v -6.559999 0.6399996 -6.4 0.2666667 0.1333333 0
v -6.719999 0.6399996 -6.4 0.24 0.12 0
v -6.719999 0.6399996 -6.559999 0.2666667 0.1333333 0
v -6.559999 0.6399996 -6.559999 0.2666667 0.1333333 0
v -6.559999 0.6399996 -6.559999 0.2666667 0.1333333 0
v -6.719999 0.6399996 -6.559999 0.2666667 0.1333333 0
v -6.719999 0.6399996 -6.719999 0.2666667 0.1333333 0
v -6.559999 0.6399996 -6.719999 0.2666667 0.1333333 0
v -6.559999 0.6399996 -6.719999 0.2666667 0.1333333 0
v -6.719999 0.6399996 -6.719999 0.2666667 0.1333333 0
v -6.719999 0.6399996 -6.88 0.2666667 0.1333333 0
v -6.559999 0.6399996 -6.88 0.2666667 0.1333333 0
v -6.559999 0.6399996 -6.879999 0.2666667 0.1333333 0
v -6.719999 0.6399996 -6.879999 0.2666667 0.1333333 0
v -6.719999 0.6399996 -7.039999 0.2666667 0.1333333 0
v -6.559999 0.6399996 -7.039999 0.2666667 0.1333333 0
v -6.559999 0.7999996 -5.759999 0.1882353 0.09803922 0
v -6.719999 0.7999996 -5.759999 0.1882353 0.09803922 0
v -6.719999 0.7999996 -5.92 0.1882353 0.09803922 0
v -6.559999 0.7999996 -5.92 0.1882353 0.09803922 0
v -6.719999 0.6399996 -5.759999 0.1505882 0.07843138 0
v -6.719999 0.7999996 -5.759999 0.1882353 0.09803922 0
v -6.559999 0.7999996 -5.759999 0.1694118 0.0882353 0
v -6.559999 0.6399996 -5.759999 0.1505882 0.07843138 0
v -6.719999 0.6399996 -5.92 0.1505882 0.07843138 0
v -6.719999 0.7999996 -5.92 0.1694118 0.0882353 0
v -6.719999 0.7999996 -5.759999 0.1882353 0.09803922 0
v -6.719999 0.6399996 -5.759999 0.1505882 0.07843138 0
v -6.559999 0.7999996 -5.92 0.1882353 0.09803922 0
v -6.719999 0.7999996 -5.92 0.1882353 0.09803922 0
v -6.719999 0.7999996 -6.079999 0.1882353 0.09803922 0
v -6.559999 0.7999996 -6.079999 0.1882353 0.09803922 0
v -6.559999 0.7999996 -6.079999 0.1882353 0.09803922 0
v -6.719999 0.7999996 -6.079999 0.1882353 0.09803922 0
v -6.719999 0.7999996 -6.239999 0.1882353 0.09803922 0
v -6.559999 0.7999996 -6.239999 0.1882353 0.09803922 0
v -6.559999 0.6399996 -6.239999 0.1505882 0.07843138 0
v -6.559999 0.7999996 -6.239999 0.1882353 0.09803922 0
v -6.719999 0.7999996 -6.239999 0.1694118 0.0882353 0
v -6.719999 0.6399996 -6.239999 0.1505882 0.07843138 0
v -6.559999 0.6399996 -6.079999 0.1505882 0.07843138 0
v -6.559999 0.7999996 -6.079999 0.1694118 0.0882353 0
v -6.559999 0.7999996 -6.239999 0.1882353 0.09803922 0
v -6.559999 0.6399996 -6.239999 0.1505882 0.07843138 0
v -6.719999 -3.576279E-07 -4.639999 0.2666667 0.1333333 0
v -6.88 -3.576279E-07 -4.639999 0.2666667 0.1333333 0
v -6.88 -3.576279E-07 -4.48 0.2666667 0.1333333 0
v -6.719999 -3.576279E-07 -4.48 0.2666667 0.1333333 0
v -6.88 -3.576279E-07 -4.48 0.24 0.12 0
v -6.88 0.1599996 -4.48 0.2133334 0.1066667 0
v -6.719999 0.1599996 -4.48 0.2666667 0.1333333 0
v -6.719999 -3.576279E-07 -4.48 0.2666667 0.1333333 0
v -6.719999 -3.576279E-07 -4.48 0.2666667 0.1333333 0
v -6.719999 0.1599996 -4.48 0.2666667 0.1333333 0
v -6.719999 0.1599996 -4.639999 0.2133334 0.1066667 0
v -6.719999 -3.576279E-07 -4.639999 0.24 0.12 0
v -6.719999 -3.576279E-07 -4.8 0.2666667 0.1333333 0
v -6.88 -3.576279E-07 -4.8 0.2666667 0.1333333 0
v -6.88 -3.576279E-07 -4.639999 0.2666667 0.1333333 0
v -6.719999 -3.576279E-07 -4.639999 0.2666667 0.1333333 0
v -6.719999 -3.576279E-07 -4.96 0.2666667 0.1333333 0
v -6.88 -3.576279E-07 -4.96 0.2666667 0.1333333 0
v -6.88 -3.576279E-07 -4.8 0.2666667 0.1333333 0
v -6.719999 -3.576279E-07 -4.8 0.2666667 0.1333333 0
v -6.719999 -3.576279E-07 -5.119999 0.2666667 0.1333333 0
v -6.88 -3.576279E-07 -5.119999 0.2666667 0.1333333 0
v -6.88 -3.576279E-07 -4.96 0.2666667 0.1333333 0
v -6.719999 -3.576279E-07 -4.96 0.2666667 0.1333333 0
v -6.719999 -3.576279E-07 -5.28 0.2666667 0.1333333 0
v -6.88 -3.576279E-07 -5.28 0.2666667 0.1333333 0
v -6.88 -3.576279E-07 -5.119999 0.2666667 0.1333333 0
v -6.719999 -3.576279E-07 -5.119999 0.2666667 0.1333333 0
v -6.719999 -3.576279E-07 -5.44 0.2666667 0.1333333 0
v -6.88 -3.576279E-07 -5.44 0.2666667 0.1333333 0
v -6.88 -3.576279E-07 -5.28 0.2666667 0.1333333 0
v -6.719999 -3.576279E-07 -5.28 0.2666667 0.1333333 0
v -6.719999 -3.576279E-07 -5.599999 0.2666667 0.1333333 0
v -6.88 -3.576279E-07 -5.599999 0.2666667 0.1333333 0
v -6.88 -3.576279E-07 -5.44 0.2666667 0.1333333 0
v -6.719999 -3.576279E-07 -5.44 0.2666667 0.1333333 0
v -6.719999 -3.576279E-07 -5.759999 0.2666667 0.1333333 0
v -6.88 -3.576279E-07 -5.759999 0.2666667 0.1333333 0
v -6.88 -3.576279E-07 -5.599999 0.2666667 0.1333333 0
v -6.719999 -3.576279E-07 -5.599999 0.2666667 0.1333333 0
v -6.719999 -3.576279E-07 -5.92 0.2666667 0.1333333 0
v -6.88 -3.576279E-07 -5.92 0.2666667 0.1333333 0
v -6.88 -3.576279E-07 -5.759999 0.2666667 0.1333333 0
v -6.719999 -3.576279E-07 -5.759999 0.2666667 0.1333333 0
v -6.719999 -3.576279E-07 -6.079999 0.2666667 0.1333333 0
v -6.88 -3.576279E-07 -6.079999 0.2666667 0.1333333 0
v -6.88 -3.576279E-07 -5.92 0.2666667 0.1333333 0
v -6.719999 -3.576279E-07 -5.92 0.2666667 0.1333333 0
v -6.719999 -3.576279E-07 -6.239999 0.2666667 0.1333333 0
v -6.88 -3.576279E-07 -6.239999 0.2666667 0.1333333 0
v -6.88 -3.576279E-07 -6.079999 0.2666667 0.1333333 0
v -6.719999 -3.576279E-07 -6.079999 0.2666667 0.1333333 0
v -6.719999 -3.576279E-07 -6.4 0.2666667 0.1333333 0
v -6.88 -3.576279E-07 -6.4 0.2666667 0.1333333 0
v -6.88 -3.576279E-07 -6.24 0.2666667 0.1333333 0
v -6.719999 -3.576279E-07 -6.24 0.2666667 0.1333333 0
v -6.719999 -3.576279E-07 -6.559999 0.2666667 0.1333333 0
v -6.88 -3.576279E-07 -6.559999 0.2666667 0.1333333 0
v -6.88 -3.576279E-07 -6.4 0.2666667 0.1333333 0
v -6.719999 -3.576279E-07 -6.4 0.2666667 0.1333333 0
v -6.719999 -3.576279E-07 -6.719999 0.2666667 0.1333333 0
v -6.88 -3.576279E-07 -6.719999 0.2666667 0.1333333 0
v -6.88 -3.576279E-07 -6.559999 0.2666667 0.1333333 0
v -6.719999 -3.576279E-07 -6.559999 0.2666667 0.1333333 0
v -6.719999 -3.576279E-07 -6.88 0.2666667 0.1333333 0
v -6.88 -3.576279E-07 -6.88 0.2666667 0.1333333 0
v -6.88 -3.576279E-07 -6.719999 0.2666667 0.1333333 0
v -6.719999 -3.576279E-07 -6.719999 0.2666667 0.1333333 0
v -6.719999 -3.576279E-07 -7.039999 0.2666667 0.1333333 0
v -6.88 -3.576279E-07 -7.039999 0.2666667 0.1333333 0
v -6.88 -3.576279E-07 -6.879999 0.2666667 0.1333333 0
v -6.719999 -3.576279E-07 -6.879999 0.2666667 0.1333333 0
v -6.88 0.1599996 -4.48 0.2133334 0.1066667 0
v -6.88 0.3199996 -4.48 0.2133334 0.1066667 0
v -6.719999 0.3199996 -4.48 0.2666667 0.1333333 0
v -6.719999 0.1599996 -4.48 0.2666667 0.1333333 0
v -6.719999 0.1599996 -4.48 0.2666667 0.1333333 0
v -6.719999 0.3199996 -4.48 0.2666667 0.1333333 0
v -6.719999 0.3199996 -4.639999 0.2133334 0.1066667 0
v -6.719999 0.1599996 -4.639999 0.2133334 0.1066667 0
v -6.719999 0.4799997 -4.48 0.2666667 0.1333333 0
v -6.88 0.4799997 -4.48 0.24 0.12 0
v -6.88 0.4799997 -4.639999 0.2133334 0.1066667 0
v -6.719999 0.4799997 -4.639999 0.24 0.12 0
v -6.88 0.3199996 -4.48 0.2133334 0.1066667 0
v -6.88 0.4799997 -4.48 0.24 0.12 0
v -6.719999 0.4799997 -4.48 0.2666667 0.1333333 0
v -6.719999 0.3199996 -4.48 0.2666667 0.1333333 0
v -6.719999 0.3199996 -4.48 0.2666667 0.1333333 0
v -6.719999 0.4799997 -4.48 0.2666667 0.1333333 0
v -6.719999 0.4799997 -4.639999 0.24 0.12 0
v -6.719999 0.3199996 -4.639999 0.2133334 0.1066667 0
v -6.88 0.4799997 -4.639999 0.1505882 0.07843138 0
v -6.88 0.6399996 -4.639999 0.1505882 0.07843138 0
v -6.719999 0.6399996 -4.639999 0.1882353 0.09803922 0
v -6.719999 0.4799997 -4.639999 0.1694118 0.0882353 0
v -6.719999 0.4799997 -4.639999 0.1694118 0.0882353 0
v -6.719999 0.6399996 -4.639999 0.1882353 0.09803922 0
v -6.719999 0.6399996 -4.8 0.1694118 0.0882353 0
v -6.719999 0.4799997 -4.8 0.1505882 0.07843138 0
v -6.719999 0.6399996 -4.8 0.24 0.12 0
v -6.88 0.6399996 -4.8 0.2133334 0.1066667 0
v -6.88 0.6399996 -4.96 0.24 0.12 0
v -6.719999 0.6399996 -4.96 0.2666667 0.1333333 0
v -6.719999 0.6399996 -4.96 0.2666667 0.1333333 0
v -6.88 0.6399996 -4.96 0.24 0.12 0
v -6.88 0.6399996 -5.119999 0.2666667 0.1333333 0
v -6.719999 0.6399996 -5.119999 0.2666667 0.1333333 0
v -6.719999 0.6399996 -5.119999 0.2666667 0.1333333 0
v -6.88 0.6399996 -5.119999 0.2666667 0.1333333 0
v -6.88 0.6399996 -5.28 0.2666667 0.1333333 0
v -6.719999 0.6399996 -5.28 0.2666667 0.1333333 0
v -6.719999 0.6399996 -5.28 0.2666667 0.1333333 0
v -6.88 0.6399996 -5.28 0.2666667 0.1333333 0
v -6.88 0.6399996 -5.44 0.2666667 0.1333333 0
v -6.719999 0.6399996 -5.44 0.2666667 0.1333333 0
v -6.719999 0.6399996 -5.44 0.2666667 0.1333333 0
v -6.88 0.6399996 -5.44 0.2666667 0.1333333 0
v -6.88 0.6399996 -5.599999 0.2666667 0.1333333 0
v -6.719999 0.6399996 -5.599999 0.2666667 0.1333333 0
v -6.719999 0.6399996 -5.599999 0.2666667 0.1333333 0
v -6.88 0.6399996 -5.599999 0.2666667 0.1333333 0
v -6.88 0.6399996 -5.759999 0.2666667 0.1333333 0
v -6.719999 0.6399996 -5.759999 0.24 0.12 0
v -6.719999 0.6399996 -5.759999 0.24 0.12 0
v -6.88 0.6399996 -5.759999 0.2666667 0.1333333 0
v -6.88 0.6399996 -5.92 0.24 0.12 0
v -6.719999 0.6399996 -5.92 0.2133334 0.1066667 0
v -6.719999 0.6399996 -6.4 0.24 0.12 0
v -6.88 0.6399996 -6.4 0.2133334 0.1066667 0
v -6.88 0.6399996 -6.559999 0.24 0.12 0
v -6.719999 0.6399996 -6.559999 0.2666667 0.1333333 0
v -6.719999 0.6399996 -6.559999 0.2666667 0.1333333 0
v -6.88 0.6399996 -6.559999 0.24 0.12 0
v -6.88 0.6399996 -6.719999 0.2666667 0.1333333 0
v -6.719999 0.6399996 -6.719999 0.2666667 0.1333333 0
v -6.719999 0.6399996 -6.719999 0.2666667 0.1333333 0
v -6.88 0.6399996 -6.719999 0.2666667 0.1333333 0
v -6.88 0.6399996 -6.88 0.2666667 0.1333333 0
v -6.719999 0.6399996 -6.88 0.2666667 0.1333333 0
v -6.719999 0.6399996 -6.879999 0.2666667 0.1333333 0
v -6.88 0.6399996 -6.879999 0.2666667 0.1333333 0
v -6.88 0.6399996 -7.039999 0.2666667 0.1333333 0
v -6.719999 0.6399996 -7.039999 0.2666667 0.1333333 0
v -6.719999 0.7999996 -4.639999 0.1882353 0.09803922 0
v -6.88 0.7999996 -4.639999 0.1882353 0.09803922 0
v -6.88 0.7999996 -4.8 0.1882353 0.09803922 0
v -6.719999 0.7999996 -4.8 0.1882353 0.09803922 0
v -6.88 0.6399996 -4.639999 0.1505882 0.07843138 0
v -6.88 0.7999996 -4.639999 0.1694118 0.0882353 0
v -6.719999 0.7999996 -4.639999 0.1882353 0.09803922 0
v -6.719999 0.6399996 -4.639999 0.1882353 0.09803922 0
v -6.719999 0.6399996 -4.8 0.1505882 0.07843138 0
v -6.719999 0.7999996 -4.8 0.1882353 0.09803922 0
v -6.88 0.7999996 -4.8 0.1694118 0.0882353 0
v -6.88 0.6399996 -4.8 0.1505882 0.07843138 0
v -6.719999 0.6399996 -4.639999 0.1882353 0.09803922 0
v -6.719999 0.7999996 -4.639999 0.1882353 0.09803922 0
v -6.719999 0.7999996 -4.8 0.1882353 0.09803922 0
v -6.719999 0.6399996 -4.8 0.1694118 0.0882353 0
v -6.719999 0.7999996 -5.92 0.1882353 0.09803922 0
v -6.88 0.7999996 -5.92 0.1882353 0.09803922 0
v -6.88 0.7999996 -6.079999 0.1882353 0.09803922 0
v -6.719999 0.7999996 -6.079999 0.1882353 0.09803922 0
v -6.88 0.6399996 -5.92 0.1505882 0.07843138 0
v -6.88 0.7999996 -5.92 0.1882353 0.09803922 0
v -6.719999 0.7999996 -5.92 0.1694118 0.0882353 0
v -6.719999 0.6399996 -5.92 0.1505882 0.07843138 0
v -6.88 0.6399996 -6.079999 0.1505882 0.07843138 0
v -6.88 0.7999996 -6.079999 0.1694118 0.0882353 0
v -6.88 0.7999996 -5.92 0.1882353 0.09803922 0
v -6.88 0.6399996 -5.92 0.1505882 0.07843138 0
v -6.719999 0.7999996 -6.079999 0.1882353 0.09803922 0
v -6.88 0.7999996 -6.079999 0.1882353 0.09803922 0
v -6.88 0.7999996 -6.239999 0.1882353 0.09803922 0
v -6.719999 0.7999996 -6.239999 0.1882353 0.09803922 0
v -6.719999 0.7999996 -6.24 0.1882353 0.09803922 0
v -6.88 0.7999996 -6.24 0.1882353 0.09803922 0
v -6.88 0.7999996 -6.4 0.1882353 0.09803922 0
v -6.719999 0.7999996 -6.4 0.1882353 0.09803922 0
v -6.719999 0.6399996 -6.4 0.1505882 0.07843138 0
v -6.719999 0.7999996 -6.4 0.1882353 0.09803922 0
v -6.88 0.7999996 -6.4 0.1694118 0.0882353 0
v -6.88 0.6399996 -6.4 0.1505882 0.07843138 0
v -6.719999 0.6399996 -6.24 0.1505882 0.07843138 0
v -6.719999 0.7999996 -6.24 0.1694118 0.0882353 0
v -6.719999 0.7999996 -6.4 0.1882353 0.09803922 0
v -6.719999 0.6399996 -6.4 0.1505882 0.07843138 0
v -6.879999 -3.576279E-07 -4.639999 0.2666667 0.1333333 0
v -7.039999 -3.576279E-07 -4.639999 0.2666667 0.1333333 0
v -7.039999 -3.576279E-07 -4.48 0.2666667 0.1333333 0
v -6.879999 -3.576279E-07 -4.48 0.2666667 0.1333333 0
v -6.879999 -3.576279E-07 -4.8 0.2666667 0.1333333 0
v -7.039999 -3.576279E-07 -4.8 0.2666667 0.1333333 0
v -7.039999 -3.576279E-07 -4.639999 0.2666667 0.1333333 0
v -6.879999 -3.576279E-07 -4.639999 0.2666667 0.1333333 0
v -6.879999 -3.576279E-07 -4.96 0.2666667 0.1333333 0
v -7.039999 -3.576279E-07 -4.96 0.2666667 0.1333333 0
v -7.039999 -3.576279E-07 -4.8 0.2666667 0.1333333 0
v -6.879999 -3.576279E-07 -4.8 0.2666667 0.1333333 0
v -6.879999 -3.576279E-07 -5.119999 0.2666667 0.1333333 0
v -7.039999 -3.576279E-07 -5.119999 0.2666667 0.1333333 0
v -7.039999 -3.576279E-07 -4.96 0.2666667 0.1333333 0
v -6.879999 -3.576279E-07 -4.96 0.2666667 0.1333333 0
v -6.879999 -3.576279E-07 -5.28 0.2666667 0.1333333 0
v -7.039999 -3.576279E-07 -5.28 0.2666667 0.1333333 0
v -7.039999 -3.576279E-07 -5.119999 0.2666667 0.1333333 0
v -6.879999 -3.576279E-07 -5.119999 0.2666667 0.1333333 0
v -6.879999 -3.576279E-07 -5.44 0.2666667 0.1333333 0
v -7.039999 -3.576279E-07 -5.44 0.2666667 0.1333333 0
v -7.039999 -3.576279E-07 -5.28 0.2666667 0.1333333 0
v -6.879999 -3.576279E-07 -5.28 0.2666667 0.1333333 0
v -6.879999 -3.576279E-07 -5.599999 0.2666667 0.1333333 0
v -7.039999 -3.576279E-07 -5.599999 0.2666667 0.1333333 0
v -7.039999 -3.576279E-07 -5.44 0.2666667 0.1333333 0
v -6.879999 -3.576279E-07 -5.44 0.2666667 0.1333333 0
v -6.879999 -3.576279E-07 -5.759999 0.2666667 0.1333333 0
v -7.039999 -3.576279E-07 -5.759999 0.2666667 0.1333333 0
v -7.039999 -3.576279E-07 -5.599999 0.2666667 0.1333333 0
v -6.879999 -3.576279E-07 -5.599999 0.2666667 0.1333333 0
v -6.879999 -3.576279E-07 -5.92 0.2666667 0.1333333 0
v -7.039999 -3.576279E-07 -5.92 0.2666667 0.1333333 0
v -7.039999 -3.576279E-07 -5.759999 0.2666667 0.1333333 0
v -6.879999 -3.576279E-07 -5.759999 0.2666667 0.1333333 0
v -6.879999 -3.576279E-07 -6.079999 0.2666667 0.1333333 0
v -7.039999 -3.576279E-07 -6.079999 0.2666667 0.1333333 0
v -7.039999 -3.576279E-07 -5.92 0.2666667 0.1333333 0
v -6.879999 -3.576279E-07 -5.92 0.2666667 0.1333333 0
v -6.879999 -3.576279E-07 -6.239999 0.2666667 0.1333333 0
v -7.039999 -3.576279E-07 -6.239999 0.2666667 0.1333333 0
v -7.039999 -3.576279E-07 -6.079999 0.2666667 0.1333333 0
v -6.879999 -3.576279E-07 -6.079999 0.2666667 0.1333333 0
v -6.879999 -3.576279E-07 -6.4 0.2666667 0.1333333 0
v -7.039999 -3.576279E-07 -6.4 0.2666667 0.1333333 0
v -7.039999 -3.576279E-07 -6.24 0.2666667 0.1333333 0
v -6.879999 -3.576279E-07 -6.24 0.2666667 0.1333333 0
v -6.879999 -3.576279E-07 -6.559999 0.2666667 0.1333333 0
v -7.039999 -3.576279E-07 -6.559999 0.2666667 0.1333333 0
v -7.039999 -3.576279E-07 -6.4 0.2666667 0.1333333 0
v -6.879999 -3.576279E-07 -6.4 0.2666667 0.1333333 0
v -6.879999 -3.576279E-07 -6.719999 0.2666667 0.1333333 0
v -7.039999 -3.576279E-07 -6.719999 0.2666667 0.1333333 0
v -7.039999 -3.576279E-07 -6.559999 0.2666667 0.1333333 0
v -6.879999 -3.576279E-07 -6.559999 0.2666667 0.1333333 0
v -6.879999 -3.576279E-07 -6.88 0.2666667 0.1333333 0
v -7.039999 -3.576279E-07 -6.88 0.2666667 0.1333333 0
v -7.039999 -3.576279E-07 -6.719999 0.2666667 0.1333333 0
v -6.879999 -3.576279E-07 -6.719999 0.2666667 0.1333333 0
v -6.879999 -3.576279E-07 -7.039999 0.2666667 0.1333333 0
v -7.039999 -3.576279E-07 -7.039999 0.2666667 0.1333333 0
v -7.039999 -3.576279E-07 -6.879999 0.2666667 0.1333333 0
v -6.879999 -3.576279E-07 -6.879999 0.2666667 0.1333333 0
v -7.039999 0.4799997 -4.48 0.1505882 0.07843138 0
v -7.039999 0.6399996 -4.48 0.1694118 0.0882353 0
v -6.879999 0.6399996 -4.48 0.1882353 0.09803922 0
v -6.879999 0.4799997 -4.48 0.1694118 0.0882353 0
v -6.879999 0.4799997 -4.48 0.1694118 0.0882353 0
v -6.879999 0.6399996 -4.48 0.1882353 0.09803922 0
v -6.879999 0.6399996 -4.639999 0.1505882 0.07843138 0
v -6.879999 0.4799997 -4.639999 0.1505882 0.07843138 0
v -6.879999 0.6399996 -4.96 0.24 0.12 0
v -7.039999 0.6399996 -4.96 0.2133334 0.1066667 0
v -7.039999 0.6399996 -5.119999 0.24 0.12 0
v -6.879999 0.6399996 -5.119999 0.2666667 0.1333333 0
v -6.879999 0.6399996 -5.119999 0.2666667 0.1333333 0
v -7.039999 0.6399996 -5.119999 0.24 0.12 0
v -7.039999 0.6399996 -5.28 0.2666667 0.1333333 0
v -6.879999 0.6399996 -5.28 0.2666667 0.1333333 0
v -6.879999 0.6399996 -5.28 0.2666667 0.1333333 0
v -7.039999 0.6399996 -5.28 0.2666667 0.1333333 0
v -7.039999 0.6399996 -5.44 0.2666667 0.1333333 0
v -6.879999 0.6399996 -5.44 0.2666667 0.1333333 0
v -6.879999 0.6399996 -5.44 0.2666667 0.1333333 0
v -7.039999 0.6399996 -5.44 0.2666667 0.1333333 0
v -7.039999 0.6399996 -5.599999 0.2666667 0.1333333 0
v -6.879999 0.6399996 -5.599999 0.2666667 0.1333333 0
v -6.879999 0.6399996 -5.599999 0.2666667 0.1333333 0
v -7.039999 0.6399996 -5.599999 0.2666667 0.1333333 0
v -7.039999 0.6399996 -5.759999 0.2666667 0.1333333 0
v -6.879999 0.6399996 -5.759999 0.2666667 0.1333333 0
v -6.879999 0.6399996 -5.759999 0.2666667 0.1333333 0
v -7.039999 0.6399996 -5.759999 0.2666667 0.1333333 0
v -7.039999 0.6399996 -5.92 0.2666667 0.1333333 0
v -6.879999 0.6399996 -5.92 0.24 0.12 0
v -6.879999 0.6399996 -5.92 0.24 0.12 0
v -7.039999 0.6399996 -5.92 0.2666667 0.1333333 0
v -7.039999 0.6399996 -6.079999 0.24 0.12 0
v -6.879999 0.6399996 -6.079999 0.2133334 0.1066667 0
v -6.879999 0.6399996 -6.559999 0.24 0.12 0
v -7.039999 0.6399996 -6.559999 0.2133334 0.1066667 0
v -7.039999 0.6399996 -6.719999 0.24 0.12 0
v -6.879999 0.6399996 -6.719999 0.2666667 0.1333333 0
v -6.879999 0.6399996 -6.719999 0.2666667 0.1333333 0
v -7.039999 0.6399996 -6.719999 0.24 0.12 0
v -7.039999 0.6399996 -6.88 0.2666667 0.1333333 0
v -6.879999 0.6399996 -6.88 0.2666667 0.1333333 0
v -6.879999 0.6399996 -6.879999 0.2666667 0.1333333 0
v -7.039999 0.6399996 -6.879999 0.2666667 0.1333333 0
v -7.039999 0.6399996 -7.039999 0.2666667 0.1333333 0
v -6.879999 0.6399996 -7.039999 0.2666667 0.1333333 0
v -6.879999 0.7999996 -4.48 0.1882353 0.09803922 0
v -7.039999 0.7999996 -4.48 0.1882353 0.09803922 0
v -7.039999 0.7999996 -4.639999 0.1882353 0.09803922 0
v -6.879999 0.7999996 -4.639999 0.1882353 0.09803922 0
v -7.039999 0.6399996 -4.48 0.1694118 0.0882353 0
v -7.039999 0.7999996 -4.48 0.1882353 0.09803922 0
v -6.879999 0.7999996 -4.48 0.1882353 0.09803922 0
v -6.879999 0.6399996 -4.48 0.1882353 0.09803922 0
v -6.879999 0.6399996 -4.48 0.1882353 0.09803922 0
v -6.879999 0.7999996 -4.48 0.1882353 0.09803922 0
v -6.879999 0.7999996 -4.639999 0.1694118 0.0882353 0
v -6.879999 0.6399996 -4.639999 0.1505882 0.07843138 0
v -7.039999 0.6399996 -4.639999 0.1505882 0.07843138 0
v -7.039999 0.7999996 -4.639999 0.1694118 0.0882353 0
v -7.039999 0.7999996 -4.48 0.1882353 0.09803922 0
v -7.039999 0.6399996 -4.48 0.1505882 0.07843138 0
v -6.879999 0.7999996 -4.639999 0.1882353 0.09803922 0
v -7.039999 0.7999996 -4.639999 0.1882353 0.09803922 0
v -7.039999 0.7999996 -4.8 0.1882353 0.09803922 0
v -6.879999 0.7999996 -4.8 0.1882353 0.09803922 0
v -6.879999 0.7999996 -4.8 0.1882353 0.09803922 0
v -7.039999 0.7999996 -4.8 0.1882353 0.09803922 0
v -7.039999 0.7999996 -4.96 0.1882353 0.09803922 0
v -6.879999 0.7999996 -4.96 0.1882353 0.09803922 0
v -6.879999 0.6399996 -4.96 0.1505882 0.07843138 0
v -6.879999 0.7999996 -4.96 0.1882353 0.09803922 0
v -7.039999 0.7999996 -4.96 0.1694118 0.0882353 0
v -7.039999 0.6399996 -4.96 0.1505882 0.07843138 0
v -6.879999 0.6399996 -4.8 0.1505882 0.07843138 0
v -6.879999 0.7999996 -4.8 0.1694118 0.0882353 0
v -6.879999 0.7999996 -4.96 0.1882353 0.09803922 0
v -6.879999 0.6399996 -4.96 0.1505882 0.07843138 0
v -6.879999 0.7999996 -6.079999 0.1882353 0.09803922 0
v -7.039999 0.7999996 -6.079999 0.1882353 0.09803922 0
v -7.039999 0.7999996 -6.239999 0.1882353 0.09803922 0
v -6.879999 0.7999996 -6.239999 0.1882353 0.09803922 0
v -7.039999 0.6399996 -6.079999 0.1505882 0.07843138 0
v -7.039999 0.7999996 -6.079999 0.1882353 0.09803922 0
v -6.879999 0.7999996 -6.079999 0.1694118 0.0882353 0
v -6.879999 0.6399996 -6.079999 0.1505882 0.07843138 0
v -7.039999 0.6399996 -6.239999 0.1505882 0.07843138 0
v -7.039999 0.7999996 -6.239999 0.1694118 0.0882353 0
v -7.039999 0.7999996 -6.079999 0.1882353 0.09803922 0
v -7.039999 0.6399996 -6.079999 0.1505882 0.07843138 0
v -6.879999 0.7999996 -6.24 0.1882353 0.09803922 0
v -7.039999 0.7999996 -6.24 0.1882353 0.09803922 0
v -7.039999 0.7999996 -6.4 0.1882353 0.09803922 0
v -6.879999 0.7999996 -6.4 0.1882353 0.09803922 0
v -6.879999 0.7999996 -6.4 0.1882353 0.09803922 0
v -7.039999 0.7999996 -6.4 0.1882353 0.09803922 0
v -7.039999 0.7999996 -6.559999 0.1882353 0.09803922 0
v -6.879999 0.7999996 -6.559999 0.1882353 0.09803922 0
v -6.879999 0.6399996 -6.559999 0.1505882 0.07843138 0
v -6.879999 0.7999996 -6.559999 0.1882353 0.09803922 0
v -7.039999 0.7999996 -6.559999 0.1694118 0.0882353 0
v -7.039999 0.6399996 -6.559999 0.1505882 0.07843138 0
v -6.879999 0.6399996 -6.4 0.1505882 0.07843138 0
v -6.879999 0.7999996 -6.4 0.1694118 0.0882353 0
v -6.879999 0.7999996 -6.559999 0.1882353 0.09803922 0
v -6.879999 0.6399996 -6.559999 0.1505882 0.07843138 0
vn 0 0 -1
vn -1 0 0
v -5.599999 -3.576279E-07 -7.839999 0.2666667 0.1333333 0
v -5.759999 -3.576279E-07 -7.839999 0.2666667 0.1333333 0
v -5.759999 -3.576279E-07 -7.679999 0.2666667 0.1333333 0
v -5.599999 -3.576279E-07 -7.679999 0.2666667 0.1333333 0
v -5.759999 -3.576279E-07 -7.679999 0.24 0.12 0
v -5.759999 0.1599996 -7.679999 0.2133334 0.1066667 0
v -5.599999 0.1599996 -7.679999 0.2666667 0.1333333 0
v -5.599999 -3.576279E-07 -7.679999 0.2666667 0.1333333 0
v -5.599999 -3.576279E-07 -7.679999 0.2666667 0.1333333 0
v -5.599999 0.1599996 -7.679999 0.2666667 0.1333333 0
v -5.599999 0.1599996 -7.839999 0.2666667 0.1333333 0
v -5.599999 -3.576279E-07 -7.839999 0.2666667 0.1333333 0
v -5.599999 -3.576279E-07 -7.999999 0.2666667 0.1333333 0
v -5.759999 -3.576279E-07 -7.999999 0.2666667 0.1333333 0
v -5.759999 -3.576279E-07 -7.839999 0.2666667 0.1333333 0
v -5.599999 -3.576279E-07 -7.839999 0.2666667 0.1333333 0
v -5.599999 -3.576279E-07 -7.839999 0.2666667 0.1333333 0
v -5.599999 0.1599996 -7.839999 0.2666667 0.1333333 0
v -5.599999 0.1599996 -7.999999 0.2666667 0.1333333 0
v -5.599999 -3.576279E-07 -7.999999 0.2666667 0.1333333 0
v -5.599999 -3.576279E-07 -8.159999 0.2666667 0.1333333 0
v -5.759999 -3.576279E-07 -8.159999 0.2666667 0.1333333 0
v -5.759999 -3.576279E-07 -7.999999 0.2666667 0.1333333 0
v -5.599999 -3.576279E-07 -7.999999 0.2666667 0.1333333 0
v -5.599999 -3.576279E-07 -7.999999 0.2666667 0.1333333 0
v -5.599999 0.1599996 -7.999999 0.2666667 0.1333333 0
v -5.599999 0.1599996 -8.159999 0.2666667 0.1333333 0
v -5.599999 -3.576279E-07 -8.159999 0.2666667 0.1333333 0
v -5.599999 -3.576279E-07 -8.319999 0.2666667 0.1333333 0
v -5.759999 -3.576279E-07 -8.319999 0.2666667 0.1333333 0
v -5.759999 -3.576279E-07 -8.159999 0.2666667 0.1333333 0
v -5.599999 -3.576279E-07 -8.159999 0.2666667 0.1333333 0
v -5.599999 -3.576279E-07 -8.319999 0.2666667 0.1333333 0
v -5.599999 0.1599996 -8.319999 0.2666667 0.1333333 0
v -5.759999 0.1599996 -8.319999 0.2133334 0.1066667 0
v -5.759999 -3.576279E-07 -8.319999 0.24 0.12 0
v -5.599999 -3.576279E-07 -8.159999 0.2666667 0.1333333 0
v -5.599999 0.1599996 -8.159999 0.2666667 0.1333333 0
v -5.599999 0.1599996 -8.319999 0.2666667 0.1333333 0
v -5.599999 -3.576279E-07 -8.319999 0.2666667 0.1333333 0
v -5.759999 0.1599996 -7.679999 0.2133334 0.1066667 0
v -5.759999 0.3199996 -7.679999 0.2133334 0.1066667 0
v -5.599999 0.3199996 -7.679999 0.2666667 0.1333333 0
v -5.599999 0.1599996 -7.679999 0.2666667 0.1333333 0
v -5.599999 0.1599996 -7.679999 0.2666667 0.1333333 0
v -5.599999 0.3199996 -7.679999 0.2666667 0.1333333 0
v -5.599999 0.3199996 -7.839999 0.2666667 0.1333333 0
v -5.599999 0.1599996 -7.839999 0.2666667 0.1333333 0
v -5.599999 0.1599996 -7.839999 0.2666667 0.1333333 0
v -5.599999 0.3199996 -7.839999 0.2666667 0.1333333 0
v -5.599999 0.3199996 -7.999999 0.2666667 0.1333333 0
v -5.599999 0.1599996 -7.999999 0.2666667 0.1333333 0
v -5.599999 0.1599996 -7.999999 0.2666667 0.1333333 0
v -5.599999 0.3199996 -7.999999 0.2666667 0.1333333 0
v -5.599999 0.3199996 -8.159999 0.2666667 0.1333333 0
v -5.599999 0.1599996 -8.159999 0.2666667 0.1333333 0
v -5.599999 0.1599996 -8.319999 0.2666667 0.1333333 0
v -5.599999 0.3199996 -8.319999 0.2666667 0.1333333 0
v -5.759999 0.3199996 -8.319999 0.2133334 0.1066667 0
v -5.759999 0.1599996 -8.319999 0.2133334 0.1066667 0
v -5.599999 0.1599996 -8.159999 0.2666667 0.1333333 0
v -5.599999 0.3199996 -8.159999 0.2666667 0.1333333 0
v -5.599999 0.3199996 -8.319999 0.2666667 0.1333333 0
v -5.599999 0.1599996 -8.319999 0.2666667 0.1333333 0
v -5.599999 0.4799997 -7.679999 0.2666667 0.1333333 0
v -5.759999 0.4799997 -7.679999 0.2133334 0.1066667 0
v -5.759999 0.4799997 -7.839999 0.2133334 0.1066667 0
v -5.599999 0.4799997 -7.839999 0.2666667 0.1333333 0
v -5.759999 0.3199996 -7.679999 0.2133334 0.1066667 0
v -5.759999 0.4799997 -7.679999 0.2133334 0.1066667 0
v -5.599999 0.4799997 -7.679999 0.2666667 0.1333333 0
v -5.599999 0.3199996 -7.679999 0.2666667 0.1333333 0
v -5.599999 0.3199996 -7.679999 0.2666667 0.1333333 0
v -5.599999 0.4799997 -7.679999 0.2666667 0.1333333 0
v -5.599999 0.4799997 -7.839999 0.2666667 0.1333333 0
v -5.599999 0.3199996 -7.839999 0.2666667 0.1333333 0
v -5.599999 0.4799997 -7.839999 0.2666667 0.1333333 0
v -5.759999 0.4799997 -7.839999 0.2133334 0.1066667 0
v -5.759999 0.4799997 -7.999999 0.2133334 0.1066667 0
v -5.599999 0.4799997 -7.999999 0.2666667 0.1333333 0
v -5.599999 0.3199996 -7.839999 0.2666667 0.1333333 0
v -5.599999 0.4799997 -7.839999 0.2666667 0.1333333 0
v -5.599999 0.4799997 -7.999999 0.2666667 0.1333333 0
v -5.599999 0.3199996 -7.999999 0.2666667 0.1333333 0
v -5.599999 0.4799997 -7.999999 0.2666667 0.1333333 0
v -5.759999 0.4799997 -7.999999 0.2133334 0.1066667 0
v -5.759999 0.4799997 -8.159999 0.2133334 0.1066667 0
v -5.599999 0.4799997 -8.159999 0.2666667 0.1333333 0
v -5.599999 0.3199996 -7.999999 0.2666667 0.1333333 0
v -5.599999 0.4799997 -7.999999 0.2666667 0.1333333 0
v -5.599999 0.4799997 -8.159999 0.2666667 0.1333333 0
v -5.599999 0.3199996 -8.159999 0.2666667 0.1333333 0
v -5.599999 0.4799997 -8.159999 0.2666667 0.1333333 0
v -5.759999 0.4799997 -8.159999 0.2133334 0.1066667 0
v -5.759999 0.4799997 -8.319999 0.2133334 0.1066667 0
v -5.599999 0.4799997 -8.319999 0.2666667 0.1333333 0
v -5.599999 0.3199996 -8.319999 0.2666667 0.1333333 0
v -5.599999 0.4799997 -8.319999 0.2666667 0.1333333 0
v -5.759999 0.4799997 -8.319999 0.2133334 0.1066667 0
v -5.759999 0.3199996 -8.319999 0.2133334 0.1066667 0
v -5.599999 0.3199996 -8.159999 0.2666667 0.1333333 0
v -5.599999 0.4799997 -8.159999 0.2666667 0.1333333 0
v -5.599999 0.4799997 -8.319999 0.2666667 0.1333333 0
v -5.599999 0.3199996 -8.319999 0.2666667 0.1333333 0
v -5.759999 -3.576279E-07 -7.199999 0.2666667 0.1333333 0
v -5.92 -3.576279E-07 -7.199999 0.2666667 0.1333333 0
v -5.92 -3.576279E-07 -7.039999 0.2666667 0.1333333 0
v -5.759999 -3.576279E-07 -7.039999 0.2666667 0.1333333 0
v -5.759999 -3.576279E-07 -7.039999 0.2666667 0.1333333 0
v -5.759999 0.1599996 -7.039999 0.2666667 0.1333333 0
v -5.759999 0.1599996 -7.199999 0.2666667 0.1333333 0
v -5.759999 -3.576279E-07 -7.199999 0.2666667 0.1333333 0
v -5.759999 -3.576279E-07 -7.359999 0.2666667 0.1333333 0
v -5.92 -3.576279E-07 -7.359999 0.2666667 0.1333333 0
v -5.92 -3.576279E-07 -7.199999 0.2666667 0.1333333 0
v -5.759999 -3.576279E-07 -7.199999 0.2666667 0.1333333 0
v -5.759999 -3.576279E-07 -7.199999 0.2666667 0.1333333 0
v -5.759999 0.1599996 -7.199999 0.2666667 0.1333333 0
v -5.759999 0.1599996 -7.359999 0.2666667 0.1333333 0
v -5.759999 -3.576279E-07 -7.359999 0.2666667 0.1333333 0
v -5.759999 -3.576279E-07 -7.519999 0.2666667 0.1333333 0
v -5.92 -3.576279E-07 -7.519999 0.2666667 0.1333333 0
v -5.92 -3.576279E-07 -7.359999 0.2666667 0.1333333 0
v -5.759999 -3.576279E-07 -7.359999 0.2666667 0.1333333 0
v -5.759999 -3.576279E-07 -7.359999 0.2666667 0.1333333 0
v -5.759999 0.1599996 -7.359999 0.2666667 0.1333333 0
v -5.759999 0.1599996 -7.519999 0.2666667 0.1333333 0
v -5.759999 -3.576279E-07 -7.519999 0.2666667 0.1333333 0
v -5.759999 -3.576279E-07 -7.679999 0.2666667 0.1333333 0
v -5.92 -3.576279E-07 -7.679999 0.2666667 0.1333333 0
v -5.92 -3.576279E-07 -7.519999 0.2666667 0.1333333 0
v -5.759999 -3.576279E-07 -7.519999 0.2666667 0.1333333 0
v -5.759999 -3.576279E-07 -7.519999 0.2666667 0.1333333 0
v -5.759999 0.1599996 -7.519999 0.2666667 0.1333333 0
v -5.759999 0.1599996 -7.679999 0.2133334 0.1066667 0
v -5.759999 -3.576279E-07 -7.679999 0.24 0.12 0
v -5.759999 -3.576279E-07 -7.839999 0.2666667 0.1333333 0
v -5.92 -3.576279E-07 -7.839999 0.2666667 0.1333333 0
v -5.92 -3.576279E-07 -7.679999 0.2666667 0.1333333 0
v -5.759999 -3.576279E-07 -7.679999 0.2666667 0.1333333 0
v -5.759999 -3.576279E-07 -7.999999 0.2666667 0.1333333 0
v -5.92 -3.576279E-07 -7.999999 0.2666667 0.1333333 0
v -5.92 -3.576279E-07 -7.839999 0.2666667 0.1333333 0
v -5.759999 -3.576279E-07 -7.839999 0.2666667 0.1333333 0
v -5.759999 -3.576279E-07 -8.159999 0.2666667 0.1333333 0
v -5.92 -3.576279E-07 -8.159999 0.2666667 0.1333333 0
v -5.92 -3.576279E-07 -7.999999 0.2666667 0.1333333 0
v -5.759999 -3.576279E-07 -7.999999 0.2666667 0.1333333 0
v -5.759999 -3.576279E-07 -8.319999 0.2666667 0.1333333 0
v -5.92 -3.576279E-07 -8.319999 0.2666667 0.1333333 0
v -5.92 -3.576279E-07 -8.159999 0.2666667 0.1333333 0
v -5.759999 -3.576279E-07 -8.159999 0.2666667 0.1333333 0
v -5.759999 -3.576279E-07 -8.479999 0.2666667 0.1333333 0
v -5.92 -3.576279E-07 -8.479999 0.2666667 0.1333333 0
v -5.92 -3.576279E-07 -8.319999 0.2666667 0.1333333 0
v -5.759999 -3.576279E-07 -8.319999 0.2666667 0.1333333 0
v -5.759999 -3.576279E-07 -8.319999 0.24 0.12 0
v -5.759999 0.1599996 -8.319999 0.2133334 0.1066667 0
v -5.759999 0.1599996 -8.479999 0.2666667 0.1333333 0
v -5.759999 -3.576279E-07 -8.479999 0.2666667 0.1333333 0
v -5.759999 -3.576279E-07 -8.639999 0.2666667 0.1333333 0
v -5.92 -3.576279E-07 -8.639999 0.2666667 0.1333333 0
v -5.92 -3.576279E-07 -8.479999 0.2666667 0.1333333 0
v -5.759999 -3.576279E-07 -8.479999 0.2666667 0.1333333 0
v -5.759999 -3.576279E-07 -8.479999 0.2666667 0.1333333 0
v -5.759999 0.1599996 -8.479999 0.2666667 0.1333333 0
v -5.759999 0.1599996 -8.639999 0.2666667 0.1333333 0
v -5.759999 -3.576279E-07 -8.639999 0.2666667 0.1333333 0
v -5.759999 -3.576279E-07 -8.799999 0.2666667 0.1333333 0
v -5.92 -3.576279E-07 -8.799999 0.2666667 0.1333333 0
v -5.92 -3.576279E-07 -8.639999 0.2666667 0.1333333 0
v -5.759999 -3.576279E-07 -8.639999 0.2666667 0.1333333 0
v -5.759999 -3.576279E-07 -8.639999 0.2666667 0.1333333 0
v -5.759999 0.1599996 -8.639999 0.2666667 0.1333333 0
v -5.759999 0.1599996 -8.799999 0.2666667 0.1333333 0
v -5.759999 -3.576279E-07 -8.799999 0.2666667 0.1333333 0
v -5.759999 -3.576279E-07 -8.959999 0.2666667 0.1333333 0
v -5.92 -3.576279E-07 -8.959999 0.2666667 0.1333333 0
v -5.92 -3.576279E-07 -8.799999 0.2666667 0.1333333 0
v -5.759999 -3.576279E-07 -8.799999 0.2666667 0.1333333 0
v -5.759999 -3.576279E-07 -8.799999 0.2666667 0.1333333 0
v -5.759999 0.1599996 -8.799999 0.2666667 0.1333333 0
v -5.759999 0.1599996 -8.959999 0.2666667 0.1333333 0
v -5.759999 -3.576279E-07 -8.959999 0.2666667 0.1333333 0
v -5.759999 -3.576279E-07 -9.119999 0.2666667 0.1333333 0
v -5.92 -3.576279E-07 -9.119999 0.2666667 0.1333333 0
v -5.92 -3.576279E-07 -8.959999 0.2666667 0.1333333 0
v -5.759999 -3.576279E-07 -8.959999 0.2666667 0.1333333 0
v -5.759999 -3.576279E-07 -8.959999 0.2666667 0.1333333 0
v -5.759999 0.1599996 -8.959999 0.2666667 0.1333333 0
v -5.759999 0.1599996 -9.119999 0.2666667 0.1333333 0
v -5.759999 -3.576279E-07 -9.119999 0.2666667 0.1333333 0
v -5.759999 -3.576279E-07 -9.279999 0.2666667 0.1333333 0
v -5.92 -3.576279E-07 -9.279999 0.2666667 0.1333333 0
v -5.92 -3.576279E-07 -9.119999 0.2666667 0.1333333 0
v -5.759999 -3.576279E-07 -9.119999 0.2666667 0.1333333 0
v -5.759999 -3.576279E-07 -9.119999 0.2666667 0.1333333 0
v -5.759999 0.1599996 -9.119999 0.2666667 0.1333333 0
v -5.759999 0.1599996 -9.279999 0.2666667 0.1333333 0
v -5.759999 -3.576279E-07 -9.279999 0.2666667 0.1333333 0
v -5.759999 -3.576279E-07 -9.439999 0.2666667 0.1333333 0
v -5.92 -3.576279E-07 -9.439999 0.2666667 0.1333333 0
v -5.92 -3.576279E-07 -9.279999 0.2666667 0.1333333 0
v -5.759999 -3.576279E-07 -9.279999 0.2666667 0.1333333 0
v -5.759999 -3.576279E-07 -9.279999 0.2666667 0.1333333 0
v -5.759999 0.1599996 -9.279999 0.2666667 0.1333333 0
v -5.759999 0.1599996 -9.439999 0.2666667 0.1333333 0
v -5.759999 -3.576279E-07 -9.439999 0.2666667 0.1333333 0
v -5.759999 -3.576279E-07 -9.599998 0.2666667 0.1333333 0
v -5.92 -3.576279E-07 -9.599998 0.2666667 0.1333333 0
v -5.92 -3.576279E-07 -9.439999 0.2666667 0.1333333 0
v -5.759999 -3.576279E-07 -9.439999 0.2666667 0.1333333 0
v -5.759999 -3.576279E-07 -9.599998 0.2666667 0.1333333 0
v -5.759999 0.1599996 -9.599998 0.2666667 0.1333333 0
v -5.92 0.1599996 -9.599998 0.2133334 0.1066667 0
v -5.92 -3.576279E-07 -9.599998 0.24 0.12 0
v -5.759999 -3.576279E-07 -9.439999 0.2666667 0.1333333 0
v -5.759999 0.1599996 -9.439999 0.2666667 0.1333333 0
v -5.759999 0.1599996 -9.599998 0.2666667 0.1333333 0
v -5.759999 -3.576279E-07 -9.599998 0.2666667 0.1333333 0
v -5.759999 0.1599996 -7.039999 0.2666667 0.1333333 0
v -5.759999 0.3199996 -7.039999 0.2666667 0.1333333 0
v -5.759999 0.3199996 -7.199999 0.2666667 0.1333333 0
v -5.759999 0.1599996 -7.199999 0.2666667 0.1333333 0
v -5.759999 0.1599996 -7.199999 0.2666667 0.1333333 0
v -5.759999 0.3199996 -7.199999 0.2666667 0.1333333 0
v -5.759999 0.3199996 -7.359999 0.2666667 0.1333333 0
v -5.759999 0.1599996 -7.359999 0.2666667 0.1333333 0
v -5.759999 0.1599996 -7.359999 0.2666667 0.1333333 0
v -5.759999 0.3199996 -7.359999 0.2666667 0.1333333 0
v -5.759999 0.3199996 -7.519999 0.2666667 0.1333333 0
v -5.759999 0.1599996 -7.519999 0.2666667 0.1333333 0
v -5.759999 0.1599996 -7.519999 0.2666667 0.1333333 0
v -5.759999 0.3199996 -7.519999 0.2666667 0.1333333 0
v -5.759999 0.3199996 -7.679999 0.2133334 0.1066667 0
v -5.759999 0.1599996 -7.679999 0.2133334 0.1066667 0
v -5.759999 0.1599996 -8.319999 0.2133334 0.1066667 0
v -5.759999 0.3199996 -8.319999 0.2133334 0.1066667 0
v -5.759999 0.3199996 -8.479999 0.2666667 0.1333333 0
v -5.759999 0.1599996 -8.479999 0.2666667 0.1333333 0
v -5.759999 0.1599996 -8.479999 0.2666667 0.1333333 0
v -5.759999 0.3199996 -8.479999 0.2666667 0.1333333 0
v -5.759999 0.3199996 -8.639999 0.2666667 0.1333333 0
v -5.759999 0.1599996 -8.639999 0.2666667 0.1333333 0
v -5.759999 0.1599996 -8.639999 0.2666667 0.1333333 0
v -5.759999 0.3199996 -8.639999 0.2666667 0.1333333 0
v -5.759999 0.3199996 -8.799999 0.2666667 0.1333333 0
v -5.759999 0.1599996 -8.799999 0.2666667 0.1333333 0
v -5.759999 0.1599996 -8.799999 0.2666667 0.1333333 0
v -5.759999 0.3199996 -8.799999 0.2666667 0.1333333 0
v -5.759999 0.3199996 -8.959999 0.2666667 0.1333333 0
v -5.759999 0.1599996 -8.959999 0.2666667 0.1333333 0
v -5.759999 0.1599996 -8.959999 0.2666667 0.1333333 0
v -5.759999 0.3199996 -8.959999 0.2666667 0.1333333 0
v -5.759999 0.3199996 -9.119999 0.2666667 0.1333333 0
v -5.759999 0.1599996 -9.119999 0.2666667 0.1333333 0
v -5.759999 0.1599996 -9.119999 0.2666667 0.1333333 0
v -5.759999 0.3199996 -9.119999 0.2666667 0.1333333 0
v -5.759999 0.3199996 -9.279999 0.2666667 0.1333333 0
v -5.759999 0.1599996 -9.279999 0.2666667 0.1333333 0
v -5.759999 0.1599996 -9.279999 0.2666667 0.1333333 0
v -5.759999 0.3199996 -9.279999 0.2666667 0.1333333 0
v -5.759999 0.3199996 -9.439999 0.2666667 0.1333333 0
v -5.759999 0.1599996 -9.439999 0.2666667 0.1333333 0
v -5.759999 0.1599996 -9.599998 0.2666667 0.1333333 0
v -5.759999 0.3199996 -9.599998 0.2666667 0.1333333 0
v -5.92 0.3199996 -9.599998 0.2133334 0.1066667 0
v -5.92 0.1599996 -9.599998 0.2133334 0.1066667 0
v -5.759999 0.1599996 -9.439999 0.2666667 0.1333333 0
v -5.759999 0.3199996 -9.439999 0.2666667 0.1333333 0
v -5.759999 0.3199996 -9.599998 0.2666667 0.1333333 0
v -5.759999 0.1599996 -9.599998 0.2666667 0.1333333 0
v -5.759999 0.3199996 -7.039999 0.2666667 0.1333333 0
v -5.759999 0.4799997 -7.039999 0.2666667 0.1333333 0
v -5.759999 0.4799997 -7.199999 0.2666667 0.1333333 0
v -5.759999 0.3199996 -7.199999 0.2666667 0.1333333 0
v -5.759999 0.3199996 -7.199999 0.2666667 0.1333333 0
v -5.759999 0.4799997 -7.199999 0.2666667 0.1333333 0
v -5.759999 0.4799997 -7.359999 0.2666667 0.1333333 0
v -5.759999 0.3199996 -7.359999 0.2666667 0.1333333 0
v -5.759999 0.3199996 -7.359999 0.2666667 0.1333333 0
v -5.759999 0.4799997 -7.359999 0.2666667 0.1333333 0
v -5.759999 0.4799997 -7.519999 0.2666667 0.1333333 0
v -5.759999 0.3199996 -7.519999 0.2666667 0.1333333 0
v -5.759999 0.3199996 -7.519999 0.2666667 0.1333333 0
v -5.759999 0.4799997 -7.519999 0.2666667 0.1333333 0
v -5.759999 0.4799997 -7.679999 0.24 0.12 0
v -5.759999 0.3199996 -7.679999 0.2133334 0.1066667 0
v -5.759999 0.3199996 -8.319999 0.2133334 0.1066667 0
v -5.759999 0.4799997 -8.319999 0.24 0.12 0
v -5.759999 0.4799997 -8.479999 0.2666667 0.1333333 0
v -5.759999 0.3199996 -8.479999 0.2666667 0.1333333 0
v -5.759999 0.3199996 -8.479999 0.2666667 0.1333333 0
v -5.759999 0.4799997 -8.479999 0.2666667 0.1333333 0
v -5.759999 0.4799997 -8.639999 0.2666667 0.1333333 0
v -5.759999 0.3199996 -8.639999 0.2666667 0.1333333 0
v -5.759999 0.3199996 -8.639999 0.2666667 0.1333333 0
v -5.759999 0.4799997 -8.639999 0.2666667 0.1333333 0
v -5.759999 0.4799997 -8.799999 0.2666667 0.1333333 0
v -5.759999 0.3199996 -8.799999 0.2666667 0.1333333 0
v -5.759999 0.3199996 -8.799999 0.2666667 0.1333333 0
v -5.759999 0.4799997 -8.799999 0.2666667 0.1333333 0
v -5.759999 0.4799997 -8.959999 0.2666667 0.1333333 0
v -5.759999 0.3199996 -8.959999 0.2666667 0.1333333 0
v -5.759999 0.3199996 -8.959999 0.2666667 0.1333333 0
v -5.759999 0.4799997 -8.959999 0.2666667 0.1333333 0
v -5.759999 0.4799997 -9.119999 0.2666667 0.1333333 0
v -5.759999 0.3199996 -9.119999 0.2666667 0.1333333 0
v -5.759999 0.4799997 -9.119999 0.24 0.12 0
v -5.92 0.4799997 -9.119999 0.2133334 0.1066667 0
v -5.92 0.4799997 -9.279999 0.2133334 0.1066667 0
v -5.759999 0.4799997 -9.279999 0.2666667 0.1333333 0
v -5.759999 0.3199996 -9.119999 0.2666667 0.1333333 0
v -5.759999 0.4799997 -9.119999 0.2666667 0.1333333 0
v -5.759999 0.4799997 -9.279999 0.2666667 0.1333333 0
v -5.759999 0.3199996 -9.279999 0.2666667 0.1333333 0
v -5.759999 0.4799997 -9.279999 0.2666667 0.1333333 0
v -5.92 0.4799997 -9.279999 0.2133334 0.1066667 0
v -5.92 0.4799997 -9.439999 0.2133334 0.1066667 0
v -5.759999 0.4799997 -9.439999 0.2666667 0.1333333 0
v -5.759999 0.3199996 -9.279999 0.2666667 0.1333333 0
v -5.759999 0.4799997 -9.279999 0.2666667 0.1333333 0
v -5.759999 0.4799997 -9.439999 0.2666667 0.1333333 0
v -5.759999 0.3199996 -9.439999 0.2666667 0.1333333 0
v -5.759999 0.4799997 -9.439999 0.2666667 0.1333333 0
v -5.92 0.4799997 -9.439999 0.2133334 0.1066667 0
v -5.92 0.4799997 -9.599998 0.2133334 0.1066667 0
v -5.759999 0.4799997 -9.599998 0.2666667 0.1333333 0
v -5.759999 0.3199996 -9.599998 0.2666667 0.1333333 0
v -5.759999 0.4799997 -9.599998 0.2666667 0.1333333 0
v -5.92 0.4799997 -9.599998 0.2133334 0.1066667 0
v -5.92 0.3199996 -9.599998 0.2133334 0.1066667 0
v -5.759999 0.3199996 -9.439999 0.2666667 0.1333333 0
v -5.759999 0.4799997 -9.439999 0.2666667 0.1333333 0
v -5.759999 0.4799997 -9.599998 0.2666667 0.1333333 0
v -5.759999 0.3199996 -9.599998 0.2666667 0.1333333 0
v -5.759999 0.6399996 -7.039999 0.24 0.12 0
v -5.92 0.6399996 -7.039999 0.2133334 0.1066667 0
v -5.92 0.6399996 -7.199999 0.24 0.12 0
v -5.759999 0.6399996 -7.199999 0.2666667 0.1333333 0
v -5.759999 0.4799997 -7.039999 0.2666667 0.1333333 0
v -5.759999 0.6399996 -7.039999 0.2666667 0.1333333 0
v -5.759999 0.6399996 -7.199999 0.2666667 0.1333333 0
v -5.759999 0.4799997 -7.199999 0.2666667 0.1333333 0
v -5.759999 0.6399996 -7.199999 0.2666667 0.1333333 0
v -5.92 0.6399996 -7.199999 0.24 0.12 0
v -5.92 0.6399996 -7.359999 0.2666667 0.1333333 0
v -5.759999 0.6399996 -7.359999 0.2666667 0.1333333 0
v -5.759999 0.4799997 -7.199999 0.2666667 0.1333333 0
v -5.759999 0.6399996 -7.199999 0.2666667 0.1333333 0
v -5.759999 0.6399996 -7.359999 0.2666667 0.1333333 0
v -5.759999 0.4799997 -7.359999 0.2666667 0.1333333 0
v -5.759999 0.6399996 -7.359999 0.2666667 0.1333333 0
v -5.92 0.6399996 -7.359999 0.2666667 0.1333333 0
v -5.92 0.6399996 -7.519999 0.2666667 0.1333333 0
v -5.759999 0.6399996 -7.519999 0.2666667 0.1333333 0
v -5.759999 0.4799997 -7.359999 0.2666667 0.1333333 0
v -5.759999 0.6399996 -7.359999 0.2666667 0.1333333 0
v -5.759999 0.6399996 -7.519999 0.2666667 0.1333333 0
v -5.759999 0.4799997 -7.519999 0.2666667 0.1333333 0
v -5.759999 0.6399996 -7.519999 0.2666667 0.1333333 0
v -5.92 0.6399996 -7.519999 0.2666667 0.1333333 0
v -5.92 0.6399996 -7.679999 0.2666667 0.1333333 0
v -5.759999 0.6399996 -7.679999 0.2666667 0.1333333 0
v -5.759999 0.4799997 -7.519999 0.2666667 0.1333333 0
v -5.759999 0.6399996 -7.519999 0.2666667 0.1333333 0
v -5.759999 0.6399996 -7.679999 0.2666667 0.1333333 0
v -5.759999 0.4799997 -7.679999 0.24 0.12 0
v -5.759999 0.6399996 -7.679999 0.2666667 0.1333333 0
v -5.92 0.6399996 -7.679999 0.2666667 0.1333333 0
v -5.92 0.6399996 -7.839999 0.2666667 0.1333333 0
v -5.759999 0.6399996 -7.839999 0.2666667 0.1333333 0
v -5.759999 0.4799997 -7.679999 0.24 0.12 0
v -5.759999 0.6399996 -7.679999 0.2666667 0.1333333 0
v -5.759999 0.6399996 -7.839999 0.2666667 0.1333333 0
v -5.759999 0.4799997 -7.839999 0.2133334 0.1066667 0
v -5.759999 0.6399996 -7.839999 0.2666667 0.1333333 0
v -5.92 0.6399996 -7.839999 0.2666667 0.1333333 0
v -5.92 0.6399996 -7.999999 0.24 0.12 0
v -5.759999 0.6399996 -7.999999 0.24 0.12 0
v -5.759999 0.4799997 -7.839999 0.2133334 0.1066667 0
v -5.759999 0.6399996 -7.839999 0.2666667 0.1333333 0
v -5.759999 0.6399996 -7.999999 0.2666667 0.1333333 0
v -5.759999 0.4799997 -7.999999 0.2133334 0.1066667 0
v -5.759999 0.4799997 -7.999999 0.1505882 0.07843138 0
v -5.759999 0.6399996 -7.999999 0.1882353 0.09803922 0
v -5.759999 0.6399996 -8.159999 0.1882353 0.09803922 0
v -5.759999 0.4799997 -8.159999 0.1505882 0.07843138 0
v -5.759999 0.4799997 -8.159999 0.1505882 0.07843138 0
v -5.759999 0.6399996 -8.159999 0.1882353 0.09803922 0
v -5.759999 0.6399996 -8.319999 0.1882353 0.09803922 0
v -5.759999 0.4799997 -8.319999 0.1694118 0.0882353 0
v -5.759999 0.4799997 -8.319999 0.1694118 0.0882353 0
v -5.759999 0.6399996 -8.319999 0.1882353 0.09803922 0
v -5.759999 0.6399996 -8.479999 0.1882353 0.09803922 0
v -5.759999 0.4799997 -8.479999 0.1882353 0.09803922 0
v -5.759999 0.6399996 -8.479999 0.24 0.12 0
v -5.92 0.6399996 -8.479999 0.2133334 0.1066667 0
v -5.92 0.6399996 -8.639999 0.24 0.12 0
v -5.759999 0.6399996 -8.639999 0.2666667 0.1333333 0
v -5.759999 0.4799997 -8.479999 0.2666667 0.1333333 0
v -5.759999 0.6399996 -8.479999 0.2666667 0.1333333 0
v -5.759999 0.6399996 -8.639999 0.2666667 0.1333333 0
v -5.759999 0.4799997 -8.639999 0.2666667 0.1333333 0
v -5.759999 0.6399996 -8.639999 0.2666667 0.1333333 0
v -5.92 0.6399996 -8.639999 0.24 0.12 0
v -5.92 0.6399996 -8.799999 0.2666667 0.1333333 0
v -5.759999 0.6399996 -8.799999 0.2666667 0.1333333 0
v -5.759999 0.4799997 -8.639999 0.2666667 0.1333333 0
v -5.759999 0.6399996 -8.639999 0.2666667 0.1333333 0
v -5.759999 0.6399996 -8.799999 0.2666667 0.1333333 0
v -5.759999 0.4799997 -8.799999 0.2666667 0.1333333 0
v -5.759999 0.6399996 -8.799999 0.2666667 0.1333333 0
v -5.92 0.6399996 -8.799999 0.2666667 0.1333333 0
v -5.92 0.6399996 -8.959999 0.2666667 0.1333333 0
v -5.759999 0.6399996 -8.959999 0.2666667 0.1333333 0
v -5.759999 0.4799997 -8.799999 0.2666667 0.1333333 0
v -5.759999 0.6399996 -8.799999 0.2666667 0.1333333 0
v -5.759999 0.6399996 -8.959999 0.2666667 0.1333333 0
v -5.759999 0.4799997 -8.959999 0.2666667 0.1333333 0
v -5.759999 0.6399996 -8.959999 0.2666667 0.1333333 0
v -5.92 0.6399996 -8.959999 0.2666667 0.1333333 0
v -5.92 0.6399996 -9.119999 0.2666667 0.1333333 0
v -5.759999 0.6399996 -9.119999 0.2666667 0.1333333 0
v -5.759999 0.4799997 -9.119999 0.24 0.12 0
v -5.759999 0.6399996 -9.119999 0.2666667 0.1333333 0
v -5.92 0.6399996 -9.119999 0.24 0.12 0
v -5.92 0.4799997 -9.119999 0.2133334 0.1066667 0
v -5.759999 0.4799997 -8.959999 0.2666667 0.1333333 0
v -5.759999 0.6399996 -8.959999 0.2666667 0.1333333 0
v -5.759999 0.6399996 -9.119999 0.2666667 0.1333333 0
v -5.759999 0.4799997 -9.119999 0.2666667 0.1333333 0
v -5.759999 0.7999996 -7.999999 0.1882353 0.09803922 0
v -5.92 0.7999996 -7.999999 0.1882353 0.09803922 0
v -5.92 0.7999996 -8.159999 0.1882353 0.09803922 0
v -5.759999 0.7999996 -8.159999 0.1882353 0.09803922 0
v -5.92 0.6399996 -7.999999 0.1505882 0.07843138 0
v -5.92 0.7999996 -7.999999 0.1882353 0.09803922 0
v -5.759999 0.7999996 -7.999999 0.1882353 0.09803922 0
v -5.759999 0.6399996 -7.999999 0.1694118 0.0882353 0
v -5.759999 0.6399996 -7.999999 0.1882353 0.09803922 0
v -5.759999 0.7999996 -7.999999 0.1882353 0.09803922 0
v -5.759999 0.7999996 -8.159999 0.1882353 0.09803922 0
v -5.759999 0.6399996 -8.159999 0.1882353 0.09803922 0
v -5.92 0.6399996 -8.159999 0.1505882 0.07843138 0
v -5.92 0.7999996 -8.159999 0.1694118 0.0882353 0
v -5.92 0.7999996 -7.999999 0.1882353 0.09803922 0
v -5.92 0.6399996 -7.999999 0.1505882 0.07843138 0
v -5.759999 0.7999996 -8.159999 0.1882353 0.09803922 0
v -5.92 0.7999996 -8.159999 0.1882353 0.09803922 0
v -5.92 0.7999996 -8.319999 0.1882353 0.09803922 0
v -5.759999 0.7999996 -8.319999 0.1882353 0.09803922 0
v -5.759999 0.6399996 -8.159999 0.1882353 0.09803922 0
v -5.759999 0.7999996 -8.159999 0.1882353 0.09803922 0
v -5.759999 0.7999996 -8.319999 0.1882353 0.09803922 0
v -5.759999 0.6399996 -8.319999 0.1882353 0.09803922 0
v -5.759999 0.7999996 -8.319999 0.1882353 0.09803922 0
v -5.92 0.7999996 -8.319999 0.1882353 0.09803922 0
v -5.92 0.7999996 -8.479999 0.1882353 0.09803922 0
v -5.759999 0.7999996 -8.479999 0.1882353 0.09803922 0
v -5.759999 0.6399996 -8.479999 0.1694118 0.0882353 0
v -5.759999 0.7999996 -8.479999 0.1882353 0.09803922 0
v -5.92 0.7999996 -8.479999 0.1694118 0.0882353 0
v -5.92 0.6399996 -8.479999 0.1505882 0.07843138 0
v -5.759999 0.6399996 -8.319999 0.1882353 0.09803922 0
v -5.759999 0.7999996 -8.319999 0.1882353 0.09803922 0
v -5.759999 0.7999996 -8.479999 0.1882353 0.09803922 0
v -5.759999 0.6399996 -8.479999 0.1882353 0.09803922 0
v -5.92 -3.576279E-07 -7.199999 0.2666667 0.1333333 0
v -6.079999 -3.576279E-07 -7.199999 0.2666667 0.1333333 0
v -6.079999 -3.576279E-07 -7.039999 0.2666667 0.1333333 0
v -5.92 -3.576279E-07 -7.039999 0.2666667 0.1333333 0
v -5.92 -3.576279E-07 -7.359999 0.2666667 0.1333333 0
v -6.079999 -3.576279E-07 -7.359999 0.2666667 0.1333333 0
v -6.079999 -3.576279E-07 -7.199999 0.2666667 0.1333333 0
v -5.92 -3.576279E-07 -7.199999 0.2666667 0.1333333 0
v -5.92 -3.576279E-07 -7.519999 0.2666667 0.1333333 0
v -6.079999 -3.576279E-07 -7.519999 0.2666667 0.1333333 0
v -6.079999 -3.576279E-07 -7.359999 0.2666667 0.1333333 0
v -5.92 -3.576279E-07 -7.359999 0.2666667 0.1333333 0
v -5.92 -3.576279E-07 -7.679999 0.2666667 0.1333333 0
v -6.079999 -3.576279E-07 -7.679999 0.2666667 0.1333333 0
v -6.079999 -3.576279E-07 -7.519999 0.2666667 0.1333333 0
v -5.92 -3.576279E-07 -7.519999 0.2666667 0.1333333 0
v -5.92 -3.576279E-07 -7.839999 0.2666667 0.1333333 0
v -6.079999 -3.576279E-07 -7.839999 0.2666667 0.1333333 0
v -6.079999 -3.576279E-07 -7.679999 0.2666667 0.1333333 0
v -5.92 -3.576279E-07 -7.679999 0.2666667 0.1333333 0
v -5.92 -3.576279E-07 -7.999999 0.2666667 0.1333333 0
v -6.079999 -3.576279E-07 -7.999999 0.2666667 0.1333333 0
v -6.079999 -3.576279E-07 -7.839999 0.2666667 0.1333333 0
v -5.92 -3.576279E-07 -7.839999 0.2666667 0.1333333 0
v -5.92 -3.576279E-07 -8.159999 0.2666667 0.1333333 0
v -6.079999 -3.576279E-07 -8.159999 0.2666667 0.1333333 0
v -6.079999 -3.576279E-07 -7.999999 0.2666667 0.1333333 0
v -5.92 -3.576279E-07 -7.999999 0.2666667 0.1333333 0
v -5.92 -3.576279E-07 -8.319999 0.2666667 0.1333333 0
v -6.079999 -3.576279E-07 -8.319999 0.2666667 0.1333333 0
v -6.079999 -3.576279E-07 -8.159999 0.2666667 0.1333333 0
v -5.92 -3.576279E-07 -8.159999 0.2666667 0.1333333 0
v -5.92 -3.576279E-07 -8.479999 0.2666667 0.1333333 0
v -6.079999 -3.576279E-07 -8.479999 0.2666667 0.1333333 0
v -6.079999 -3.576279E-07 -8.319999 0.2666667 0.1333333 0
v -5.92 -3.576279E-07 -8.319999 0.2666667 0.1333333 0
v -5.92 -3.576279E-07 -8.639999 0.2666667 0.1333333 0
v -6.079999 -3.576279E-07 -8.639999 0.2666667 0.1333333 0
v -6.079999 -3.576279E-07 -8.479999 0.2666667 0.1333333 0
v -5.92 -3.576279E-07 -8.479999 0.2666667 0.1333333 0
v -5.92 -3.576279E-07 -8.799999 0.2666667 0.1333333 0
v -6.079999 -3.576279E-07 -8.799999 0.2666667 0.1333333 0
v -6.079999 -3.576279E-07 -8.639999 0.2666667 0.1333333 0
v -5.92 -3.576279E-07 -8.639999 0.2666667 0.1333333 0
v -5.92 -3.576279E-07 -8.959999 0.2666667 0.1333333 0
v -6.079999 -3.576279E-07 -8.959999 0.2666667 0.1333333 0
v -6.079999 -3.576279E-07 -8.799999 0.2666667 0.1333333 0
v -5.92 -3.576279E-07 -8.799999 0.2666667 0.1333333 0
v -5.92 -3.576279E-07 -9.119999 0.2666667 0.1333333 0
v -6.079999 -3.576279E-07 -9.119999 0.2666667 0.1333333 0
v -6.079999 -3.576279E-07 -8.959999 0.2666667 0.1333333 0
v -5.92 -3.576279E-07 -8.959999 0.2666667 0.1333333 0
v -5.92 -3.576279E-07 -9.279999 0.2666667 0.1333333 0
v -6.079999 -3.576279E-07 -9.279999 0.2666667 0.1333333 0
v -6.079999 -3.576279E-07 -9.119999 0.2666667 0.1333333 0
v -5.92 -3.576279E-07 -9.119999 0.2666667 0.1333333 0
v -5.92 -3.576279E-07 -9.439999 0.2666667 0.1333333 0
v -6.079999 -3.576279E-07 -9.439999 0.2666667 0.1333333 0
v -6.079999 -3.576279E-07 -9.279999 0.2666667 0.1333333 0
v -5.92 -3.576279E-07 -9.279999 0.2666667 0.1333333 0
v -5.92 -3.576279E-07 -9.599998 0.2666667 0.1333333 0
v -6.079999 -3.576279E-07 -9.599998 0.2666667 0.1333333 0
v -6.079999 -3.576279E-07 -9.439999 0.2666667 0.1333333 0
v -5.92 -3.576279E-07 -9.439999 0.2666667 0.1333333 0
v -5.92 0.6399996 -7.199999 0.24 0.12 0
v -6.079999 0.6399996 -7.199999 0.2133334 0.1066667 0
v -6.079999 0.6399996 -7.359999 0.24 0.12 0
v -5.92 0.6399996 -7.359999 0.2666667 0.1333333 0
v -5.92 0.6399996 -7.359999 0.2666667 0.1333333 0
v -6.079999 0.6399996 -7.359999 0.24 0.12 0
v -6.079999 0.6399996 -7.519999 0.2666667 0.1333333 0
v -5.92 0.6399996 -7.519999 0.2666667 0.1333333 0
v -5.92 0.6399996 -7.519999 0.2666667 0.1333333 0
v -6.079999 0.6399996 -7.519999 0.2666667 0.1333333 0
v -6.079999 0.6399996 -7.679999 0.2666667 0.1333333 0
v -5.92 0.6399996 -7.679999 0.2666667 0.1333333 0
v -5.92 0.6399996 -7.679999 0.2666667 0.1333333 0
v -6.079999 0.6399996 -7.679999 0.2666667 0.1333333 0
v -6.079999 0.6399996 -7.839999 0.2666667 0.1333333 0
v -5.92 0.6399996 -7.839999 0.2666667 0.1333333 0
v -5.92 0.6399996 -7.839999 0.2666667 0.1333333 0
v -6.079999 0.6399996 -7.839999 0.2666667 0.1333333 0
v -6.079999 0.6399996 -7.999999 0.2666667 0.1333333 0
v -5.92 0.6399996 -7.999999 0.24 0.12 0
v -5.92 0.6399996 -7.999999 0.24 0.12 0
v -6.079999 0.6399996 -7.999999 0.2666667 0.1333333 0
v -6.079999 0.6399996 -8.159999 0.24 0.12 0
v -5.92 0.6399996 -8.159999 0.2133334 0.1066667 0
v -5.92 0.6399996 -8.639999 0.24 0.12 0
v -6.079999 0.6399996 -8.639999 0.2133334 0.1066667 0
v -6.079999 0.6399996 -8.799999 0.24 0.12 0
v -5.92 0.6399996 -8.799999 0.2666667 0.1333333 0
v -5.92 0.6399996 -8.799999 0.2666667 0.1333333 0
v -6.079999 0.6399996 -8.799999 0.24 0.12 0
v -6.079999 0.6399996 -8.959999 0.2666667 0.1333333 0
v -5.92 0.6399996 -8.959999 0.2666667 0.1333333 0
v -5.92 0.6399996 -8.959999 0.2666667 0.1333333 0
v -6.079999 0.6399996 -8.959999 0.2666667 0.1333333 0
v -6.079999 0.6399996 -9.119999 0.2666667 0.1333333 0
v -5.92 0.6399996 -9.119999 0.2666667 0.1333333 0
v -5.92 0.6399996 -9.119999 0.2666667 0.1333333 0
v -6.079999 0.6399996 -9.119999 0.2666667 0.1333333 0
v -6.079999 0.6399996 -9.279999 0.2666667 0.1333333 0
v -5.92 0.6399996 -9.279999 0.2666667 0.1333333 0
v -5.92 0.4799997 -9.119999 0.2133334 0.1066667 0
v -5.92 0.6399996 -9.119999 0.24 0.12 0
v -5.92 0.6399996 -9.279999 0.2666667 0.1333333 0
v -5.92 0.4799997 -9.279999 0.2133334 0.1066667 0
v -5.92 0.6399996 -9.279999 0.2666667 0.1333333 0
v -6.079999 0.6399996 -9.279999 0.2666667 0.1333333 0
v -6.079999 0.6399996 -9.439999 0.24 0.12 0
v -5.92 0.6399996 -9.439999 0.24 0.12 0
v -5.92 0.4799997 -9.279999 0.2133334 0.1066667 0
v -5.92 0.6399996 -9.279999 0.2666667 0.1333333 0
v -5.92 0.6399996 -9.439999 0.2666667 0.1333333 0
v -5.92 0.4799997 -9.439999 0.2133334 0.1066667 0
v -5.92 0.4799997 -9.439999 0.1505882 0.07843138 0
v -5.92 0.6399996 -9.439999 0.1882353 0.09803922 0
v -5.92 0.6399996 -9.599998 0.1882353 0.09803922 0
v -5.92 0.4799997 -9.599998 0.1694118 0.0882353 0
v -5.92 0.7999996 -7.039999 0.1882353 0.09803922 0
v -6.079999 0.7999996 -7.039999 0.1882353 0.09803922 0
v -6.079999 0.7999996 -7.199999 0.1882353 0.09803922 0
v -5.92 0.7999996 -7.199999 0.1882353 0.09803922 0
v -5.92 0.6399996 -7.199999 0.1505882 0.07843138 0
v -5.92 0.7999996 -7.199999 0.1882353 0.09803922 0
v -6.079999 0.7999996 -7.199999 0.1694118 0.0882353 0
v -6.079999 0.6399996 -7.199999 0.1505882 0.07843138 0
v -5.92 0.6399996 -7.039999 0.1505882 0.07843138 0
v -5.92 0.7999996 -7.039999 0.1694118 0.0882353 0
v -5.92 0.7999996 -7.199999 0.1882353 0.09803922 0
v -5.92 0.6399996 -7.199999 0.1505882 0.07843138 0
v -5.92 0.7999996 -8.159999 0.1882353 0.09803922 0
v -6.079999 0.7999996 -8.159999 0.1882353 0.09803922 0
v -6.079999 0.7999996 -8.319999 0.1882353 0.09803922 0
v -5.92 0.7999996 -8.319999 0.1882353 0.09803922 0
v -6.079999 0.6399996 -8.159999 0.1505882 0.07843138 0
v -6.079999 0.7999996 -8.159999 0.1882353 0.09803922 0
v -5.92 0.7999996 -8.159999 0.1694118 0.0882353 0
v -5.92 0.6399996 -8.159999 0.1505882 0.07843138 0
v -6.079999 0.6399996 -8.319999 0.1505882 0.07843138 0
v -6.079999 0.7999996 -8.319999 0.1694118 0.0882353 0
v -6.079999 0.7999996 -8.159999 0.1882353 0.09803922 0
v -6.079999 0.6399996 -8.159999 0.1505882 0.07843138 0
v -5.92 0.7999996 -8.319999 0.1882353 0.09803922 0
v -6.079999 0.7999996 -8.319999 0.1882353 0.09803922 0
v -6.079999 0.7999996 -8.479999 0.1882353 0.09803922 0
v -5.92 0.7999996 -8.479999 0.1882353 0.09803922 0
v -5.92 0.7999996 -8.479999 0.1882353 0.09803922 0
v -6.079999 0.7999996 -8.479999 0.1882353 0.09803922 0
v -6.079999 0.7999996 -8.639999 0.1882353 0.09803922 0
v -5.92 0.7999996 -8.639999 0.1882353 0.09803922 0
v -5.92 0.6399996 -8.639999 0.1505882 0.07843138 0
v -5.92 0.7999996 -8.639999 0.1882353 0.09803922 0
v -6.079999 0.7999996 -8.639999 0.1694118 0.0882353 0
v -6.079999 0.6399996 -8.639999 0.1505882 0.07843138 0
v -5.92 0.6399996 -8.479999 0.1505882 0.07843138 0
v -5.92 0.7999996 -8.479999 0.1694118 0.0882353 0
v -5.92 0.7999996 -8.639999 0.1882353 0.09803922 0
v -5.92 0.6399996 -8.639999 0.1505882 0.07843138 0
v -5.92 0.7999996 -9.439999 0.1882353 0.09803922 0
v -6.079999 0.7999996 -9.439999 0.1882353 0.09803922 0
v -6.079999 0.7999996 -9.599998 0.1882353 0.09803922 0
v -5.92 0.7999996 -9.599998 0.1882353 0.09803922 0
v -6.079999 0.6399996 -9.439999 0.1505882 0.07843138 0
v -6.079999 0.7999996 -9.439999 0.1882353 0.09803922 0
v -5.92 0.7999996 -9.439999 0.1882353 0.09803922 0
v -5.92 0.6399996 -9.439999 0.1694118 0.0882353 0
v -5.92 0.6399996 -9.439999 0.1882353 0.09803922 0
v -5.92 0.7999996 -9.439999 0.1882353 0.09803922 0
v -5.92 0.7999996 -9.599998 0.1882353 0.09803922 0
v -5.92 0.6399996 -9.599998 0.1882353 0.09803922 0
v -6.079999 0.6399996 -9.599998 0.1505882 0.07843138 0
v -6.079999 0.7999996 -9.599998 0.1694118 0.0882353 0
v -6.079999 0.7999996 -9.439999 0.1882353 0.09803922 0
v -6.079999 0.6399996 -9.439999 0.1505882 0.07843138 0
v -6.079999 -3.576279E-07 -7.199999 0.2666667 0.1333333 0
v -6.239999 -3.576279E-07 -7.199999 0.2666667 0.1333333 0
v -6.239999 -3.576279E-07 -7.039999 0.2666667 0.1333333 0
v -6.079999 -3.576279E-07 -7.039999 0.2666667 0.1333333 0
v -6.079999 -3.576279E-07 -7.359999 0.2666667 0.1333333 0
v -6.239999 -3.576279E-07 -7.359999 0.2666667 0.1333333 0
v -6.239999 -3.576279E-07 -7.199999 0.2666667 0.1333333 0
v -6.079999 -3.576279E-07 -7.199999 0.2666667 0.1333333 0
v -6.079999 -3.576279E-07 -7.519999 0.2666667 0.1333333 0
v -6.239999 -3.576279E-07 -7.519999 0.2666667 0.1333333 0
v -6.239999 -3.576279E-07 -7.359999 0.2666667 0.1333333 0
v -6.079999 -3.576279E-07 -7.359999 0.2666667 0.1333333 0
v -6.079999 -3.576279E-07 -7.679999 0.2666667 0.1333333 0
v -6.239999 -3.576279E-07 -7.679999 0.2666667 0.1333333 0
v -6.239999 -3.576279E-07 -7.519999 0.2666667 0.1333333 0
v -6.079999 -3.576279E-07 -7.519999 0.2666667 0.1333333 0
v -6.079999 -3.576279E-07 -7.839999 0.2666667 0.1333333 0
v -6.239999 -3.576279E-07 -7.839999 0.2666667 0.1333333 0
v -6.239999 -3.576279E-07 -7.679999 0.2666667 0.1333333 0
v -6.079999 -3.576279E-07 -7.679999 0.2666667 0.1333333 0
v -6.079999 -3.576279E-07 -7.999999 0.2666667 0.1333333 0
v -6.239999 -3.576279E-07 -7.999999 0.2666667 0.1333333 0
v -6.239999 -3.576279E-07 -7.839999 0.2666667 0.1333333 0
v -6.079999 -3.576279E-07 -7.839999 0.2666667 0.1333333 0
v -6.079999 -3.576279E-07 -8.159999 0.2666667 0.1333333 0
v -6.239999 -3.576279E-07 -8.159999 0.2666667 0.1333333 0
v -6.239999 -3.576279E-07 -7.999999 0.2666667 0.1333333 0
v -6.079999 -3.576279E-07 -7.999999 0.2666667 0.1333333 0
v -6.079999 -3.576279E-07 -8.319999 0.2666667 0.1333333 0
v -6.239999 -3.576279E-07 -8.319999 0.2666667 0.1333333 0
v -6.239999 -3.576279E-07 -8.159999 0.2666667 0.1333333 0
v -6.079999 -3.576279E-07 -8.159999 0.2666667 0.1333333 0
v -6.079999 -3.576279E-07 -8.479999 0.2666667 0.1333333 0
v -6.239999 -3.576279E-07 -8.479999 0.2666667 0.1333333 0
v -6.239999 -3.576279E-07 -8.319999 0.2666667 0.1333333 0
v -6.079999 -3.576279E-07 -8.319999 0.2666667 0.1333333 0
v -6.079999 -3.576279E-07 -8.639999 0.2666667 0.1333333 0
v -6.239999 -3.576279E-07 -8.639999 0.2666667 0.1333333 0
v -6.239999 -3.576279E-07 -8.479999 0.2666667 0.1333333 0
v -6.079999 -3.576279E-07 -8.479999 0.2666667 0.1333333 0
v -6.079999 -3.576279E-07 -8.799999 0.2666667 0.1333333 0
v -6.239999 -3.576279E-07 -8.799999 0.2666667 0.1333333 0
v -6.239999 -3.576279E-07 -8.639999 0.2666667 0.1333333 0
v -6.079999 -3.576279E-07 -8.639999 0.2666667 0.1333333 0
v -6.079999 -3.576279E-07 -8.959999 0.2666667 0.1333333 0
v -6.239999 -3.576279E-07 -8.959999 0.2666667 0.1333333 0
v -6.239999 -3.576279E-07 -8.799999 0.2666667 0.1333333 0
v -6.079999 -3.576279E-07 -8.799999 0.2666667 0.1333333 0
v -6.079999 -3.576279E-07 -9.119999 0.2666667 0.1333333 0
v -6.239999 -3.576279E-07 -9.119999 0.2666667 0.1333333 0
v -6.239999 -3.576279E-07 -8.959999 0.2666667 0.1333333 0
v -6.079999 -3.576279E-07 -8.959999 0.2666667 0.1333333 0
v -6.079999 -3.576279E-07 -9.279999 0.2666667 0.1333333 0
v -6.239999 -3.576279E-07 -9.279999 0.2666667 0.1333333 0
v -6.239999 -3.576279E-07 -9.119999 0.2666667 0.1333333 0
v -6.079999 -3.576279E-07 -9.119999 0.2666667 0.1333333 0
v -6.079999 -3.576279E-07 -9.439999 0.2666667 0.1333333 0
v -6.239999 -3.576279E-07 -9.439999 0.2666667 0.1333333 0
v -6.239999 -3.576279E-07 -9.279999 0.2666667 0.1333333 0
v -6.079999 -3.576279E-07 -9.279999 0.2666667 0.1333333 0
v -6.079999 -3.576279E-07 -9.599998 0.2666667 0.1333333 0
v -6.239999 -3.576279E-07 -9.599998 0.2666667 0.1333333 0
v -6.239999 -3.576279E-07 -9.439999 0.2666667 0.1333333 0
v -6.079999 -3.576279E-07 -9.439999 0.2666667 0.1333333 0
v -6.079999 0.6399996 -7.359999 0.24 0.12 0
v -6.239999 0.6399996 -7.359999 0.2133334 0.1066667 0
v -6.239999 0.6399996 -7.519999 0.24 0.12 0
v -6.079999 0.6399996 -7.519999 0.2666667 0.1333333 0
v -6.079999 0.6399996 -7.519999 0.2666667 0.1333333 0
v -6.239999 0.6399996 -7.519999 0.24 0.12 0
v -6.239999 0.6399996 -7.679999 0.2666667 0.1333333 0
v -6.079999 0.6399996 -7.679999 0.2666667 0.1333333 0
v -6.079999 0.6399996 -7.679999 0.2666667 0.1333333 0
v -6.239999 0.6399996 -7.679999 0.2666667 0.1333333 0
v -6.239999 0.6399996 -7.839999 0.2666667 0.1333333 0
v -6.079999 0.6399996 -7.839999 0.2666667 0.1333333 0
v -6.079999 0.6399996 -7.839999 0.2666667 0.1333333 0
v -6.239999 0.6399996 -7.839999 0.2666667 0.1333333 0
v -6.239999 0.6399996 -7.999999 0.2666667 0.1333333 0
v -6.079999 0.6399996 -7.999999 0.2666667 0.1333333 0
v -6.079999 0.6399996 -7.999999 0.2666667 0.1333333 0
v -6.239999 0.6399996 -7.999999 0.2666667 0.1333333 0
v -6.239999 0.6399996 -8.159999 0.2666667 0.1333333 0
v -6.079999 0.6399996 -8.159999 0.24 0.12 0
v -6.079999 0.6399996 -8.159999 0.24 0.12 0
v -6.239999 0.6399996 -8.159999 0.2666667 0.1333333 0
v -6.239999 0.6399996 -8.319999 0.24 0.12 0
v -6.079999 0.6399996 -8.319999 0.2133334 0.1066667 0
v -6.079999 0.6399996 -8.799999 0.24 0.12 0
v -6.239999 0.6399996 -8.799999 0.2133334 0.1066667 0
v -6.239999 0.6399996 -8.959999 0.24 0.12 0
v -6.079999 0.6399996 -8.959999 0.2666667 0.1333333 0
v -6.079999 0.6399996 -8.959999 0.2666667 0.1333333 0
v -6.239999 0.6399996 -8.959999 0.24 0.12 0
v -6.239999 0.6399996 -9.119999 0.2666667 0.1333333 0
v -6.079999 0.6399996 -9.119999 0.2666667 0.1333333 0
v -6.079999 0.6399996 -9.119999 0.2666667 0.1333333 0
v -6.239999 0.6399996 -9.119999 0.2666667 0.1333333 0
v -6.239999 0.6399996 -9.279999 0.2666667 0.1333333 0
v -6.079999 0.6399996 -9.279999 0.2666667 0.1333333 0
v -6.079999 0.6399996 -9.279999 0.2666667 0.1333333 0
v -6.239999 0.6399996 -9.279999 0.2666667 0.1333333 0
v -6.239999 0.6399996 -9.439999 0.2666667 0.1333333 0
v -6.079999 0.6399996 -9.439999 0.24 0.12 0
v -6.079999 0.6399996 -9.439999 0.24 0.12 0
v -6.239999 0.6399996 -9.439999 0.2666667 0.1333333 0
v -6.239999 0.6399996 -9.599998 0.24 0.12 0
v -6.079999 0.6399996 -9.599998 0.2133334 0.1066667 0
v -6.079999 0.7999996 -7.039999 0.1882353 0.09803922 0
v -6.239999 0.7999996 -7.039999 0.1882353 0.09803922 0
v -6.239999 0.7999996 -7.199999 0.1882353 0.09803922 0
v -6.079999 0.7999996 -7.199999 0.1882353 0.09803922 0
v -6.079999 0.7999996 -7.199999 0.1882353 0.09803922 0
v -6.239999 0.7999996 -7.199999 0.1882353 0.09803922 0
v -6.239999 0.7999996 -7.359999 0.1882353 0.09803922 0
v -6.079999 0.7999996 -7.359999 0.1882353 0.09803922 0
v -6.079999 0.6399996 -7.359999 0.1505882 0.07843138 0
v -6.079999 0.7999996 -7.359999 0.1882353 0.09803922 0
v -6.239999 0.7999996 -7.359999 0.1694118 0.0882353 0
v -6.239999 0.6399996 -7.359999 0.1505882 0.07843138 0
v -6.079999 0.6399996 -7.199999 0.1505882 0.07843138 0
v -6.079999 0.7999996 -7.199999 0.1694118 0.0882353 0
v -6.079999 0.7999996 -7.359999 0.1882353 0.09803922 0
v -6.079999 0.6399996 -7.359999 0.1505882 0.07843138 0
v -6.079999 0.7999996 -8.319999 0.1882353 0.09803922 0
v -6.239999 0.7999996 -8.319999 0.1882353 0.09803922 0
v -6.239999 0.7999996 -8.479999 0.1882353 0.09803922 0
v -6.079999 0.7999996 -8.479999 0.1882353 0.09803922 0
v -6.239999 0.6399996 -8.319999 0.1505882 0.07843138 0
v -6.239999 0.7999996 -8.319999 0.1882353 0.09803922 0
v -6.079999 0.7999996 -8.319999 0.1694118 0.0882353 0
v -6.079999 0.6399996 -8.319999 0.1505882 0.07843138 0
v -6.239999 0.6399996 -8.479999 0.1505882 0.07843138 0
v -6.239999 0.7999996 -8.479999 0.1694118 0.0882353 0
v -6.239999 0.7999996 -8.319999 0.1882353 0.09803922 0
v -6.239999 0.6399996 -8.319999 0.1505882 0.07843138 0
v -6.079999 0.7999996 -8.479999 0.1882353 0.09803922 0
v -6.239999 0.7999996 -8.479999 0.1882353 0.09803922 0
v -6.239999 0.7999996 -8.639999 0.1882353 0.09803922 0
v -6.079999 0.7999996 -8.639999 0.1882353 0.09803922 0
v -6.079999 0.7999996 -8.639999 0.1882353 0.09803922 0
v -6.239999 0.7999996 -8.639999 0.1882353 0.09803922 0
v -6.239999 0.7999996 -8.799999 0.1882353 0.09803922 0
v -6.079999 0.7999996 -8.799999 0.1882353 0.09803922 0
v -6.079999 0.6399996 -8.799999 0.1505882 0.07843138 0
v -6.079999 0.7999996 -8.799999 0.1882353 0.09803922 0
v -6.239999 0.7999996 -8.799999 0.1694118 0.0882353 0
v -6.239999 0.6399996 -8.799999 0.1505882 0.07843138 0
v -6.079999 0.6399996 -8.639999 0.1505882 0.07843138 0
v -6.079999 0.7999996 -8.639999 0.1694118 0.0882353 0
v -6.079999 0.7999996 -8.799999 0.1882353 0.09803922 0
v -6.079999 0.6399996 -8.799999 0.1505882 0.07843138 0
v -6.24 -3.576279E-07 -7.199999 0.2666667 0.1333333 0
v -6.4 -3.576279E-07 -7.199999 0.2666667 0.1333333 0
v -6.4 -3.576279E-07 -7.039999 0.2666667 0.1333333 0
v -6.24 -3.576279E-07 -7.039999 0.2666667 0.1333333 0
v -6.24 -3.576279E-07 -7.359999 0.2666667 0.1333333 0
v -6.4 -3.576279E-07 -7.359999 0.2666667 0.1333333 0
v -6.4 -3.576279E-07 -7.199999 0.2666667 0.1333333 0
v -6.24 -3.576279E-07 -7.199999 0.2666667 0.1333333 0
v -6.24 -3.576279E-07 -7.519999 0.2666667 0.1333333 0
v -6.4 -3.576279E-07 -7.519999 0.2666667 0.1333333 0
v -6.4 -3.576279E-07 -7.359999 0.2666667 0.1333333 0
v -6.24 -3.576279E-07 -7.359999 0.2666667 0.1333333 0
v -6.24 -3.576279E-07 -7.679999 0.2666667 0.1333333 0
v -6.4 -3.576279E-07 -7.679999 0.2666667 0.1333333 0
v -6.4 -3.576279E-07 -7.519999 0.2666667 0.1333333 0
v -6.24 -3.576279E-07 -7.519999 0.2666667 0.1333333 0
v -6.24 -3.576279E-07 -7.839999 0.2666667 0.1333333 0
v -6.4 -3.576279E-07 -7.839999 0.2666667 0.1333333 0
v -6.4 -3.576279E-07 -7.679999 0.2666667 0.1333333 0
v -6.24 -3.576279E-07 -7.679999 0.2666667 0.1333333 0
v -6.24 -3.576279E-07 -7.999999 0.2666667 0.1333333 0
v -6.4 -3.576279E-07 -7.999999 0.2666667 0.1333333 0
v -6.4 -3.576279E-07 -7.839999 0.2666667 0.1333333 0
v -6.24 -3.576279E-07 -7.839999 0.2666667 0.1333333 0
v -6.24 -3.576279E-07 -8.159999 0.2666667 0.1333333 0
v -6.4 -3.576279E-07 -8.159999 0.2666667 0.1333333 0
v -6.4 -3.576279E-07 -7.999999 0.2666667 0.1333333 0
v -6.24 -3.576279E-07 -7.999999 0.2666667 0.1333333 0
v -6.24 -3.576279E-07 -8.319999 0.2666667 0.1333333 0
v -6.4 -3.576279E-07 -8.319999 0.2666667 0.1333333 0
v -6.4 -3.576279E-07 -8.159999 0.2666667 0.1333333 0
v -6.24 -3.576279E-07 -8.159999 0.2666667 0.1333333 0
v -6.24 -3.576279E-07 -8.479999 0.2666667 0.1333333 0
v -6.4 -3.576279E-07 -8.479999 0.2666667 0.1333333 0
v -6.4 -3.576279E-07 -8.319999 0.2666667 0.1333333 0
v -6.24 -3.576279E-07 -8.319999 0.2666667 0.1333333 0
v -6.24 -3.576279E-07 -8.639999 0.2666667 0.1333333 0
v -6.4 -3.576279E-07 -8.639999 0.2666667 0.1333333 0
v -6.4 -3.576279E-07 -8.479999 0.2666667 0.1333333 0
v -6.24 -3.576279E-07 -8.479999 0.2666667 0.1333333 0
v -6.24 -3.576279E-07 -8.799999 0.2666667 0.1333333 0
v -6.4 -3.576279E-07 -8.799999 0.2666667 0.1333333 0
v -6.4 -3.576279E-07 -8.639999 0.2666667 0.1333333 0
v -6.24 -3.576279E-07 -8.639999 0.2666667 0.1333333 0
v -6.24 -3.576279E-07 -8.959999 0.2666667 0.1333333 0
v -6.4 -3.576279E-07 -8.959999 0.2666667 0.1333333 0
v -6.4 -3.576279E-07 -8.799999 0.2666667 0.1333333 0
v -6.24 -3.576279E-07 -8.799999 0.2666667 0.1333333 0
v -6.24 -3.576279E-07 -9.119999 0.2666667 0.1333333 0
v -6.4 -3.576279E-07 -9.119999 0.2666667 0.1333333 0
v -6.4 -3.576279E-07 -8.959999 0.2666667 0.1333333 0
v -6.24 -3.576279E-07 -8.959999 0.2666667 0.1333333 0
v -6.24 -3.576279E-07 -9.279999 0.2666667 0.1333333 0
v -6.4 -3.576279E-07 -9.279999 0.2666667 0.1333333 0
v -6.4 -3.576279E-07 -9.119999 0.2666667 0.1333333 0
v -6.24 -3.576279E-07 -9.119999 0.2666667 0.1333333 0
v -6.24 -3.576279E-07 -9.439999 0.2666667 0.1333333 0
v -6.4 -3.576279E-07 -9.439999 0.2666667 0.1333333 0
v -6.4 -3.576279E-07 -9.279999 0.2666667 0.1333333 0
v -6.24 -3.576279E-07 -9.279999 0.2666667 0.1333333 0
v -6.24 -3.576279E-07 -9.599998 0.2666667 0.1333333 0
v -6.4 -3.576279E-07 -9.599998 0.2666667 0.1333333 0
v -6.4 -3.576279E-07 -9.439999 0.2666667 0.1333333 0
v -6.24 -3.576279E-07 -9.439999 0.2666667 0.1333333 0
v -6.24 0.6399996 -7.519999 0.24 0.12 0
v -6.4 0.6399996 -7.519999 0.2133334 0.1066667 0
v -6.4 0.6399996 -7.679999 0.24 0.12 0
v -6.24 0.6399996 -7.679999 0.2666667 0.1333333 0
v -6.24 0.6399996 -7.679999 0.2666667 0.1333333 0
v -6.4 0.6399996 -7.679999 0.24 0.12 0
v -6.4 0.6399996 -7.839999 0.2666667 0.1333333 0
v -6.24 0.6399996 -7.839999 0.2666667 0.1333333 0
v -6.24 0.6399996 -7.839999 0.2666667 0.1333333 0
v -6.4 0.6399996 -7.839999 0.2666667 0.1333333 0
v -6.4 0.6399996 -7.999999 0.2666667 0.1333333 0
v -6.24 0.6399996 -7.999999 0.2666667 0.1333333 0
v -6.24 0.6399996 -7.999999 0.2666667 0.1333333 0
v -6.4 0.6399996 -7.999999 0.2666667 0.1333333 0
v -6.4 0.6399996 -8.159999 0.2666667 0.1333333 0
v -6.24 0.6399996 -8.159999 0.2666667 0.1333333 0
v -6.24 0.6399996 -8.159999 0.2666667 0.1333333 0
v -6.4 0.6399996 -8.159999 0.2666667 0.1333333 0
v -6.4 0.6399996 -8.319999 0.2666667 0.1333333 0
v -6.24 0.6399996 -8.319999 0.24 0.12 0
v -6.24 0.6399996 -8.319999 0.24 0.12 0
v -6.4 0.6399996 -8.319999 0.2666667 0.1333333 0
v -6.4 0.6399996 -8.479999 0.24 0.12 0
v -6.24 0.6399996 -8.479999 0.2133334 0.1066667 0
v -6.24 0.6399996 -8.959999 0.24 0.12 0
v -6.4 0.6399996 -8.959999 0.2133334 0.1066667 0
v -6.4 0.6399996 -9.119999 0.24 0.12 0
v -6.24 0.6399996 -9.119999 0.2666667 0.1333333 0
v -6.24 0.6399996 -9.119999 0.2666667 0.1333333 0
v -6.4 0.6399996 -9.119999 0.24 0.12 0
v -6.4 0.6399996 -9.279999 0.2666667 0.1333333 0
v -6.24 0.6399996 -9.279999 0.2666667 0.1333333 0
v -6.24 0.6399996 -9.279999 0.2666667 0.1333333 0
v -6.4 0.6399996 -9.279999 0.2666667 0.1333333 0
v -6.4 0.6399996 -9.439999 0.2666667 0.1333333 0
v -6.24 0.6399996 -9.439999 0.2666667 0.1333333 0
v -6.24 0.6399996 -9.439999 0.2666667 0.1333333 0
v -6.4 0.6399996 -9.439999 0.2666667 0.1333333 0
v -6.4 0.6399996 -9.599998 0.2666667 0.1333333 0
v -6.24 0.6399996 -9.599998 0.24 0.12 0
v -6.24 0.7999996 -7.039999 0.1882353 0.09803922 0
v -6.4 0.7999996 -7.039999 0.1882353 0.09803922 0
v -6.4 0.7999996 -7.199999 0.1882353 0.09803922 0
v -6.24 0.7999996 -7.199999 0.1882353 0.09803922 0
v -6.4 0.6399996 -7.039999 0.1505882 0.07843138 0
v -6.4 0.7999996 -7.039999 0.1882353 0.09803922 0
v -6.24 0.7999996 -7.039999 0.1694118 0.0882353 0
v -6.24 0.6399996 -7.039999 0.1505882 0.07843138 0
v -6.4 0.6399996 -7.199999 0.1505882 0.07843138 0
v -6.4 0.7999996 -7.199999 0.1694118 0.0882353 0
v -6.4 0.7999996 -7.039999 0.1882353 0.09803922 0
v -6.4 0.6399996 -7.039999 0.1505882 0.07843138 0
v -6.24 0.7999996 -7.199999 0.1882353 0.09803922 0
v -6.4 0.7999996 -7.199999 0.1882353 0.09803922 0
v -6.4 0.7999996 -7.359999 0.1882353 0.09803922 0
v -6.24 0.7999996 -7.359999 0.1882353 0.09803922 0
v -6.24 0.7999996 -7.359999 0.1882353 0.09803922 0
v -6.4 0.7999996 -7.359999 0.1882353 0.09803922 0
v -6.4 0.7999996 -7.519999 0.1882353 0.09803922 0
v -6.24 0.7999996 -7.519999 0.1882353 0.09803922 0
v -6.24 0.6399996 -7.519999 0.1505882 0.07843138 0
v -6.24 0.7999996 -7.519999 0.1882353 0.09803922 0
v -6.4 0.7999996 -7.519999 0.1694118 0.0882353 0
v -6.4 0.6399996 -7.519999 0.1505882 0.07843138 0
v -6.24 0.6399996 -7.359999 0.1505882 0.07843138 0
v -6.24 0.7999996 -7.359999 0.1694118 0.0882353 0
v -6.24 0.7999996 -7.519999 0.1882353 0.09803922 0
v -6.24 0.6399996 -7.519999 0.1505882 0.07843138 0
v -6.24 0.7999996 -8.479999 0.1882353 0.09803922 0
v -6.4 0.7999996 -8.479999 0.1882353 0.09803922 0
v -6.4 0.7999996 -8.639999 0.1882353 0.09803922 0
v -6.24 0.7999996 -8.639999 0.1882353 0.09803922 0
v -6.4 0.6399996 -8.479999 0.1505882 0.07843138 0
v -6.4 0.7999996 -8.479999 0.1882353 0.09803922 0
v -6.24 0.7999996 -8.479999 0.1694118 0.0882353 0
v -6.24 0.6399996 -8.479999 0.1505882 0.07843138 0
v -6.4 0.6399996 -8.639999 0.1505882 0.07843138 0
v -6.4 0.7999996 -8.639999 0.1694118 0.0882353 0
v -6.4 0.7999996 -8.479999 0.1882353 0.09803922 0
v -6.4 0.6399996 -8.479999 0.1505882 0.07843138 0
v -6.24 0.7999996 -8.639999 0.1882353 0.09803922 0
v -6.4 0.7999996 -8.639999 0.1882353 0.09803922 0
v -6.4 0.7999996 -8.799999 0.1882353 0.09803922 0
v -6.24 0.7999996 -8.799999 0.1882353 0.09803922 0
v -6.24 0.7999996 -8.799999 0.1882353 0.09803922 0
v -6.4 0.7999996 -8.799999 0.1882353 0.09803922 0
v -6.4 0.7999996 -8.959999 0.1882353 0.09803922 0
v -6.24 0.7999996 -8.959999 0.1882353 0.09803922 0
v -6.24 0.6399996 -8.959999 0.1505882 0.07843138 0
v -6.24 0.7999996 -8.959999 0.1882353 0.09803922 0
v -6.4 0.7999996 -8.959999 0.1694118 0.0882353 0
v -6.4 0.6399996 -8.959999 0.1505882 0.07843138 0
v -6.24 0.6399996 -8.799999 0.1505882 0.07843138 0
v -6.24 0.7999996 -8.799999 0.1694118 0.0882353 0
v -6.24 0.7999996 -8.959999 0.1882353 0.09803922 0
v -6.24 0.6399996 -8.959999 0.1505882 0.07843138 0
v -6.4 -3.576279E-07 -7.199999 0.2666667 0.1333333 0
v -6.559999 -3.576279E-07 -7.199999 0.2666667 0.1333333 0
v -6.559999 -3.576279E-07 -7.039999 0.2666667 0.1333333 0
v -6.4 -3.576279E-07 -7.039999 0.2666667 0.1333333 0
v -6.4 -3.576279E-07 -7.359999 0.2666667 0.1333333 0
v -6.559999 -3.576279E-07 -7.359999 0.2666667 0.1333333 0
v -6.559999 -3.576279E-07 -7.199999 0.2666667 0.1333333 0
v -6.4 -3.576279E-07 -7.199999 0.2666667 0.1333333 0
v -6.4 -3.576279E-07 -7.519999 0.2666667 0.1333333 0
v -6.559999 -3.576279E-07 -7.519999 0.2666667 0.1333333 0
v -6.559999 -3.576279E-07 -7.359999 0.2666667 0.1333333 0
v -6.4 -3.576279E-07 -7.359999 0.2666667 0.1333333 0
v -6.4 -3.576279E-07 -7.679999 0.2666667 0.1333333 0
v -6.559999 -3.576279E-07 -7.679999 0.2666667 0.1333333 0
v -6.559999 -3.576279E-07 -7.519999 0.2666667 0.1333333 0
v -6.4 -3.576279E-07 -7.519999 0.2666667 0.1333333 0
v -6.4 -3.576279E-07 -7.839999 0.2666667 0.1333333 0
v -6.559999 -3.576279E-07 -7.839999 0.2666667 0.1333333 0
v -6.559999 -3.576279E-07 -7.679999 0.2666667 0.1333333 0
v -6.4 -3.576279E-07 -7.679999 0.2666667 0.1333333 0
v -6.4 -3.576279E-07 -7.999999 0.2666667 0.1333333 0
v -6.559999 -3.576279E-07 -7.999999 0.2666667 0.1333333 0
v -6.559999 -3.576279E-07 -7.839999 0.2666667 0.1333333 0
v -6.4 -3.576279E-07 -7.839999 0.2666667 0.1333333 0
v -6.4 -3.576279E-07 -8.159999 0.2666667 0.1333333 0
v -6.559999 -3.576279E-07 -8.159999 0.2666667 0.1333333 0
v -6.559999 -3.576279E-07 -7.999999 0.2666667 0.1333333 0
v -6.4 -3.576279E-07 -7.999999 0.2666667 0.1333333 0
v -6.4 -3.576279E-07 -8.319999 0.2666667 0.1333333 0
v -6.559999 -3.576279E-07 -8.319999 0.2666667 0.1333333 0
v -6.559999 -3.576279E-07 -8.159999 0.2666667 0.1333333 0
v -6.4 -3.576279E-07 -8.159999 0.2666667 0.1333333 0
v -6.4 -3.576279E-07 -8.479999 0.2666667 0.1333333 0
v -6.559999 -3.576279E-07 -8.479999 0.2666667 0.1333333 0
v -6.559999 -3.576279E-07 -8.319999 0.2666667 0.1333333 0
v -6.4 -3.576279E-07 -8.319999 0.2666667 0.1333333 0
v -6.4 -3.576279E-07 -8.639999 0.2666667 0.1333333 0
v -6.559999 -3.576279E-07 -8.639999 0.2666667 0.1333333 0
v -6.559999 -3.576279E-07 -8.479999 0.2666667 0.1333333 0
v -6.4 -3.576279E-07 -8.479999 0.2666667 0.1333333 0
v -6.4 -3.576279E-07 -8.799999 0.2666667 0.1333333 0
v -6.559999 -3.576279E-07 -8.799999 0.2666667 0.1333333 0
v -6.559999 -3.576279E-07 -8.639999 0.2666667 0.1333333 0
v -6.4 -3.576279E-07 -8.639999 0.2666667 0.1333333 0
v -6.4 -3.576279E-07 -8.959999 0.2666667 0.1333333 0
v -6.559999 -3.576279E-07 -8.959999 0.2666667 0.1333333 0
v -6.559999 -3.576279E-07 -8.799999 0.2666667 0.1333333 0
v -6.4 -3.576279E-07 -8.799999 0.2666667 0.1333333 0
v -6.4 -3.576279E-07 -9.119999 0.2666667 0.1333333 0
v -6.559999 -3.576279E-07 -9.119999 0.2666667 0.1333333 0
v -6.559999 -3.576279E-07 -8.959999 0.2666667 0.1333333 0
v -6.4 -3.576279E-07 -8.959999 0.2666667 0.1333333 0
v -6.4 -3.576279E-07 -9.279999 0.2666667 0.1333333 0
v -6.559999 -3.576279E-07 -9.279999 0.2666667 0.1333333 0
v -6.559999 -3.576279E-07 -9.119999 0.2666667 0.1333333 0
v -6.4 -3.576279E-07 -9.119999 0.2666667 0.1333333 0
v -6.4 -3.576279E-07 -9.439999 0.2666667 0.1333333 0
v -6.559999 -3.576279E-07 -9.439999 0.2666667 0.1333333 0
v -6.559999 -3.576279E-07 -9.279999 0.2666667 0.1333333 0
v -6.4 -3.576279E-07 -9.279999 0.2666667 0.1333333 0
v -6.4 -3.576279E-07 -9.599998 0.2666667 0.1333333 0
v -6.559999 -3.576279E-07 -9.599998 0.2666667 0.1333333 0
v -6.559999 -3.576279E-07 -9.439999 0.2666667 0.1333333 0
v -6.4 -3.576279E-07 -9.439999 0.2666667 0.1333333 0
v -6.4 0.6399996 -7.039999 0.24 0.12 0
v -6.559999 0.6399996 -7.039999 0.2666667 0.1333333 0
v -6.559999 0.6399996 -7.199999 0.24 0.12 0
v -6.4 0.6399996 -7.199999 0.2133334 0.1066667 0
v -6.4 0.6399996 -7.679999 0.24 0.12 0
v -6.559999 0.6399996 -7.679999 0.2133334 0.1066667 0
v -6.559999 0.6399996 -7.839999 0.24 0.12 0
v -6.4 0.6399996 -7.839999 0.2666667 0.1333333 0
v -6.4 0.6399996 -7.839999 0.2666667 0.1333333 0
v -6.559999 0.6399996 -7.839999 0.24 0.12 0
v -6.559999 0.6399996 -7.999999 0.2666667 0.1333333 0
v -6.4 0.6399996 -7.999999 0.2666667 0.1333333 0
v -6.4 0.6399996 -7.999999 0.2666667 0.1333333 0
v -6.559999 0.6399996 -7.999999 0.2666667 0.1333333 0
v -6.559999 0.6399996 -8.159999 0.2666667 0.1333333 0
v -6.4 0.6399996 -8.159999 0.2666667 0.1333333 0
v -6.4 0.6399996 -8.159999 0.2666667 0.1333333 0
v -6.559999 0.6399996 -8.159999 0.2666667 0.1333333 0
v -6.559999 0.6399996 -8.319999 0.2666667 0.1333333 0
v -6.4 0.6399996 -8.319999 0.2666667 0.1333333 0
v -6.4 0.6399996 -8.319999 0.2666667 0.1333333 0
v -6.559999 0.6399996 -8.319999 0.2666667 0.1333333 0
v -6.559999 0.6399996 -8.479999 0.2666667 0.1333333 0
v -6.4 0.6399996 -8.479999 0.24 0.12 0
v -6.4 0.6399996 -8.479999 0.24 0.12 0
v -6.559999 0.6399996 -8.479999 0.2666667 0.1333333 0
v -6.559999 0.6399996 -8.639999 0.24 0.12 0
v -6.4 0.6399996 -8.639999 0.2133334 0.1066667 0
v -6.4 0.6399996 -9.119999 0.24 0.12 0
v -6.559999 0.6399996 -9.119999 0.2133334 0.1066667 0
v -6.559999 0.6399996 -9.279999 0.24 0.12 0
v -6.4 0.6399996 -9.279999 0.2666667 0.1333333 0
v -6.4 0.6399996 -9.279999 0.2666667 0.1333333 0
v -6.559999 0.6399996 -9.279999 0.24 0.12 0
v -6.559999 0.6399996 -9.439999 0.2666667 0.1333333 0
v -6.4 0.6399996 -9.439999 0.2666667 0.1333333 0
v -6.4 0.6399996 -9.439999 0.2666667 0.1333333 0
v -6.559999 0.6399996 -9.439999 0.2666667 0.1333333 0
v -6.559999 0.6399996 -9.599998 0.2666667 0.1333333 0
v -6.4 0.6399996 -9.599998 0.2666667 0.1333333 0
v -6.4 0.7999996 -7.199999 0.1882353 0.09803922 0
v -6.559999 0.7999996 -7.199999 0.1882353 0.09803922 0
v -6.559999 0.7999996 -7.359999 0.1882353 0.09803922 0
v -6.4 0.7999996 -7.359999 0.1882353 0.09803922 0
v -6.559999 0.6399996 -7.199999 0.1505882 0.07843138 0
v -6.559999 0.7999996 -7.199999 0.1882353 0.09803922 0
v -6.4 0.7999996 -7.199999 0.1694118 0.0882353 0
v -6.4 0.6399996 -7.199999 0.1505882 0.07843138 0
v -6.559999 0.6399996 -7.359999 0.1505882 0.07843138 0
v -6.559999 0.7999996 -7.359999 0.1694118 0.0882353 0
v -6.559999 0.7999996 -7.199999 0.1882353 0.09803922 0
v -6.559999 0.6399996 -7.199999 0.1505882 0.07843138 0
v -6.4 0.7999996 -7.359999 0.1882353 0.09803922 0
v -6.559999 0.7999996 -7.359999 0.1882353 0.09803922 0
v -6.559999 0.7999996 -7.519999 0.1882353 0.09803922 0
v -6.4 0.7999996 -7.519999 0.1882353 0.09803922 0
v -6.4 0.7999996 -7.519999 0.1882353 0.09803922 0
v -6.559999 0.7999996 -7.519999 0.1882353 0.09803922 0
v -6.559999 0.7999996 -7.679999 0.1882353 0.09803922 0
v -6.4 0.7999996 -7.679999 0.1882353 0.09803922 0
v -6.4 0.6399996 -7.679999 0.1505882 0.07843138 0
v -6.4 0.7999996 -7.679999 0.1882353 0.09803922 0
v -6.559999 0.7999996 -7.679999 0.1694118 0.0882353 0
v -6.559999 0.6399996 -7.679999 0.1505882 0.07843138 0
v -6.4 0.6399996 -7.519999 0.1505882 0.07843138 0
v -6.4 0.7999996 -7.519999 0.1694118 0.0882353 0
v -6.4 0.7999996 -7.679999 0.1882353 0.09803922 0
v -6.4 0.6399996 -7.679999 0.1505882 0.07843138 0
v -6.4 0.7999996 -8.639999 0.1882353 0.09803922 0
v -6.559999 0.7999996 -8.639999 0.1882353 0.09803922 0
v -6.559999 0.7999996 -8.799999 0.1882353 0.09803922 0
v -6.4 0.7999996 -8.799999 0.1882353 0.09803922 0
v -6.559999 0.6399996 -8.639999 0.1505882 0.07843138 0
v -6.559999 0.7999996 -8.639999 0.1882353 0.09803922 0
v -6.4 0.7999996 -8.639999 0.1694118 0.0882353 0
v -6.4 0.6399996 -8.639999 0.1505882 0.07843138 0
v -6.559999 0.6399996 -8.799999 0.1505882 0.07843138 0
v -6.559999 0.7999996 -8.799999 0.1694118 0.0882353 0
v -6.559999 0.7999996 -8.639999 0.1882353 0.09803922 0
v -6.559999 0.6399996 -8.639999 0.1505882 0.07843138 0
v -6.4 0.7999996 -8.799999 0.1882353 0.09803922 0
v -6.559999 0.7999996 -8.799999 0.1882353 0.09803922 0
v -6.559999 0.7999996 -8.959999 0.1882353 0.09803922 0
v -6.4 0.7999996 -8.959999 0.1882353 0.09803922 0
v -6.4 0.7999996 -8.959999 0.1882353 0.09803922 0
v -6.559999 0.7999996 -8.959999 0.1882353 0.09803922 0
v -6.559999 0.7999996 -9.119999 0.1882353 0.09803922 0
v -6.4 0.7999996 -9.119999 0.1882353 0.09803922 0
v -6.4 0.6399996 -9.119999 0.1505882 0.07843138 0
v -6.4 0.7999996 -9.119999 0.1882353 0.09803922 0
v -6.559999 0.7999996 -9.119999 0.1694118 0.0882353 0
v -6.559999 0.6399996 -9.119999 0.1505882 0.07843138 0
v -6.4 0.6399996 -8.959999 0.1505882 0.07843138 0
v -6.4 0.7999996 -8.959999 0.1694118 0.0882353 0
v -6.4 0.7999996 -9.119999 0.1882353 0.09803922 0
v -6.4 0.6399996 -9.119999 0.1505882 0.07843138 0
v -6.559999 -3.576279E-07 -7.199999 0.2666667 0.1333333 0
v -6.719999 -3.576279E-07 -7.199999 0.2666667 0.1333333 0
v -6.719999 -3.576279E-07 -7.039999 0.2666667 0.1333333 0
v -6.559999 -3.576279E-07 -7.039999 0.2666667 0.1333333 0
v -6.559999 -3.576279E-07 -7.359999 0.2666667 0.1333333 0
v -6.719999 -3.576279E-07 -7.359999 0.2666667 0.1333333 0
v -6.719999 -3.576279E-07 -7.199999 0.2666667 0.1333333 0
v -6.559999 -3.576279E-07 -7.199999 0.2666667 0.1333333 0
v -6.559999 -3.576279E-07 -7.519999 0.2666667 0.1333333 0
v -6.719999 -3.576279E-07 -7.519999 0.2666667 0.1333333 0
v -6.719999 -3.576279E-07 -7.359999 0.2666667 0.1333333 0
v -6.559999 -3.576279E-07 -7.359999 0.2666667 0.1333333 0
v -6.559999 -3.576279E-07 -7.679999 0.2666667 0.1333333 0
v -6.719999 -3.576279E-07 -7.679999 0.2666667 0.1333333 0
v -6.719999 -3.576279E-07 -7.519999 0.2666667 0.1333333 0
v -6.559999 -3.576279E-07 -7.519999 0.2666667 0.1333333 0
v -6.559999 -3.576279E-07 -7.839999 0.2666667 0.1333333 0
v -6.719999 -3.576279E-07 -7.839999 0.2666667 0.1333333 0
v -6.719999 -3.576279E-07 -7.679999 0.2666667 0.1333333 0
v -6.559999 -3.576279E-07 -7.679999 0.2666667 0.1333333 0
v -6.559999 -3.576279E-07 -7.999999 0.2666667 0.1333333 0
v -6.719999 -3.576279E-07 -7.999999 0.2666667 0.1333333 0
v -6.719999 -3.576279E-07 -7.839999 0.2666667 0.1333333 0
v -6.559999 -3.576279E-07 -7.839999 0.2666667 0.1333333 0
v -6.559999 -3.576279E-07 -8.159999 0.2666667 0.1333333 0
v -6.719999 -3.576279E-07 -8.159999 0.2666667 0.1333333 0
v -6.719999 -3.576279E-07 -7.999999 0.2666667 0.1333333 0
v -6.559999 -3.576279E-07 -7.999999 0.2666667 0.1333333 0
v -6.559999 -3.576279E-07 -8.319999 0.2666667 0.1333333 0
v -6.719999 -3.576279E-07 -8.319999 0.2666667 0.1333333 0
v -6.719999 -3.576279E-07 -8.159999 0.2666667 0.1333333 0
v -6.559999 -3.576279E-07 -8.159999 0.2666667 0.1333333 0
v -6.559999 -3.576279E-07 -8.479999 0.2666667 0.1333333 0
v -6.719999 -3.576279E-07 -8.479999 0.2666667 0.1333333 0
v -6.719999 -3.576279E-07 -8.319999 0.2666667 0.1333333 0
v -6.559999 -3.576279E-07 -8.319999 0.2666667 0.1333333 0
v -6.559999 -3.576279E-07 -8.639999 0.2666667 0.1333333 0
v -6.719999 -3.576279E-07 -8.639999 0.2666667 0.1333333 0
v -6.719999 -3.576279E-07 -8.479999 0.2666667 0.1333333 0
v -6.559999 -3.576279E-07 -8.479999 0.2666667 0.1333333 0
v -6.559999 -3.576279E-07 -8.799999 0.2666667 0.1333333 0
v -6.719999 -3.576279E-07 -8.799999 0.2666667 0.1333333 0
v -6.719999 -3.576279E-07 -8.639999 0.2666667 0.1333333 0
v -6.559999 -3.576279E-07 -8.639999 0.2666667 0.1333333 0
v -6.559999 -3.576279E-07 -8.959999 0.2666667 0.1333333 0
v -6.719999 -3.576279E-07 -8.959999 0.2666667 0.1333333 0
v -6.719999 -3.576279E-07 -8.799999 0.2666667 0.1333333 0
v -6.559999 -3.576279E-07 -8.799999 0.2666667 0.1333333 0
v -6.559999 -3.576279E-07 -9.119999 0.2666667 0.1333333 0
v -6.719999 -3.576279E-07 -9.119999 0.2666667 0.1333333 0
v -6.719999 -3.576279E-07 -8.959999 0.2666667 0.1333333 0
v -6.559999 -3.576279E-07 -8.959999 0.2666667 0.1333333 0
v -6.559999 -3.576279E-07 -9.279999 0.2666667 0.1333333 0
v -6.719999 -3.576279E-07 -9.279999 0.2666667 0.1333333 0
v -6.719999 -3.576279E-07 -9.119999 0.2666667 0.1333333 0
v -6.559999 -3.576279E-07 -9.119999 0.2666667 0.1333333 0
v -6.559999 -3.576279E-07 -9.439999 0.2666667 0.1333333 0
v -6.719999 -3.576279E-07 -9.439999 0.2666667 0.1333333 0
v -6.719999 -3.576279E-07 -9.279999 0.2666667 0.1333333 0
v -6.559999 -3.576279E-07 -9.279999 0.2666667 0.1333333 0
v -6.559999 -3.576279E-07 -9.599998 0.2666667 0.1333333 0
v -6.719999 -3.576279E-07 -9.599998 0.2666667 0.1333333 0
v -6.719999 -3.576279E-07 -9.439999 0.2666667 0.1333333 0
v -6.559999 -3.576279E-07 -9.439999 0.2666667 0.1333333 0
v -6.559999 0.6399996 -7.039999 0.2666667 0.1333333 0
v -6.719999 0.6399996 -7.039999 0.2666667 0.1333333 0
v -6.719999 0.6399996 -7.199999 0.2666667 0.1333333 0
v -6.559999 0.6399996 -7.199999 0.24 0.12 0
v -6.559999 0.6399996 -7.199999 0.24 0.12 0
v -6.719999 0.6399996 -7.199999 0.2666667 0.1333333 0
v -6.719999 0.6399996 -7.359999 0.24 0.12 0
v -6.559999 0.6399996 -7.359999 0.2133334 0.1066667 0
v -6.559999 0.6399996 -7.839999 0.24 0.12 0
v -6.719999 0.6399996 -7.839999 0.2133334 0.1066667 0
v -6.719999 0.6399996 -7.999999 0.24 0.12 0
v -6.559999 0.6399996 -7.999999 0.2666667 0.1333333 0
v -6.559999 0.6399996 -7.999999 0.2666667 0.1333333 0
v -6.719999 0.6399996 -7.999999 0.24 0.12 0
v -6.719999 0.6399996 -8.159999 0.2666667 0.1333333 0
v -6.559999 0.6399996 -8.159999 0.2666667 0.1333333 0
v -6.559999 0.6399996 -8.159999 0.2666667 0.1333333 0
v -6.719999 0.6399996 -8.159999 0.2666667 0.1333333 0
v -6.719999 0.6399996 -8.319999 0.2666667 0.1333333 0
v -6.559999 0.6399996 -8.319999 0.2666667 0.1333333 0
v -6.559999 0.6399996 -8.319999 0.2666667 0.1333333 0
v -6.719999 0.6399996 -8.319999 0.2666667 0.1333333 0
v -6.719999 0.6399996 -8.479999 0.2666667 0.1333333 0
v -6.559999 0.6399996 -8.479999 0.2666667 0.1333333 0
v -6.559999 0.6399996 -8.479999 0.2666667 0.1333333 0
v -6.719999 0.6399996 -8.479999 0.2666667 0.1333333 0
v -6.719999 0.6399996 -8.639999 0.2666667 0.1333333 0
v -6.559999 0.6399996 -8.639999 0.24 0.12 0
v -6.559999 0.6399996 -8.639999 0.24 0.12 0
v -6.719999 0.6399996 -8.639999 0.2666667 0.1333333 0
v -6.719999 0.6399996 -8.799999 0.24 0.12 0
v -6.559999 0.6399996 -8.799999 0.2133334 0.1066667 0
v -6.559999 0.6399996 -9.279999 0.24 0.12 0
v -6.719999 0.6399996 -9.279999 0.2133334 0.1066667 0
v -6.719999 0.6399996 -9.439999 0.24 0.12 0
v -6.559999 0.6399996 -9.439999 0.2666667 0.1333333 0
v -6.559999 0.6399996 -9.439999 0.2666667 0.1333333 0
v -6.719999 0.6399996 -9.439999 0.24 0.12 0
v -6.719999 0.6399996 -9.599998 0.2666667 0.1333333 0
v -6.559999 0.6399996 -9.599998 0.2666667 0.1333333 0
v -6.559999 0.7999996 -7.359999 0.1882353 0.09803922 0
v -6.719999 0.7999996 -7.359999 0.1882353 0.09803922 0
v -6.719999 0.7999996 -7.519999 0.1882353 0.09803922 0
v -6.559999 0.7999996 -7.519999 0.1882353 0.09803922 0
v -6.719999 0.6399996 -7.359999 0.1505882 0.07843138 0
v -6.719999 0.7999996 -7.359999 0.1882353 0.09803922 0
v -6.559999 0.7999996 -7.359999 0.1694118 0.0882353 0
v -6.559999 0.6399996 -7.359999 0.1505882 0.07843138 0
v -6.719999 0.6399996 -7.519999 0.1505882 0.07843138 0
v -6.719999 0.7999996 -7.519999 0.1694118 0.0882353 0
v -6.719999 0.7999996 -7.359999 0.1882353 0.09803922 0
v -6.719999 0.6399996 -7.359999 0.1505882 0.07843138 0
v -6.559999 0.7999996 -7.519999 0.1882353 0.09803922 0
v -6.719999 0.7999996 -7.519999 0.1882353 0.09803922 0
v -6.719999 0.7999996 -7.679999 0.1882353 0.09803922 0
v -6.559999 0.7999996 -7.679999 0.1882353 0.09803922 0
v -6.559999 0.7999996 -7.679999 0.1882353 0.09803922 0
v -6.719999 0.7999996 -7.679999 0.1882353 0.09803922 0
v -6.719999 0.7999996 -7.839999 0.1882353 0.09803922 0
v -6.559999 0.7999996 -7.839999 0.1882353 0.09803922 0
v -6.559999 0.6399996 -7.839999 0.1505882 0.07843138 0
v -6.559999 0.7999996 -7.839999 0.1882353 0.09803922 0
v -6.719999 0.7999996 -7.839999 0.1694118 0.0882353 0
v -6.719999 0.6399996 -7.839999 0.1505882 0.07843138 0
v -6.559999 0.6399996 -7.679999 0.1505882 0.07843138 0
v -6.559999 0.7999996 -7.679999 0.1694118 0.0882353 0
v -6.559999 0.7999996 -7.839999 0.1882353 0.09803922 0
v -6.559999 0.6399996 -7.839999 0.1505882 0.07843138 0
v -6.559999 0.7999996 -8.799999 0.1882353 0.09803922 0
v -6.719999 0.7999996 -8.799999 0.1882353 0.09803922 0
v -6.719999 0.7999996 -8.959999 0.1882353 0.09803922 0
v -6.559999 0.7999996 -8.959999 0.1882353 0.09803922 0
v -6.719999 0.6399996 -8.799999 0.1505882 0.07843138 0
v -6.719999 0.7999996 -8.799999 0.1882353 0.09803922 0
v -6.559999 0.7999996 -8.799999 0.1694118 0.0882353 0
v -6.559999 0.6399996 -8.799999 0.1505882 0.07843138 0
v -6.719999 0.6399996 -8.959999 0.1505882 0.07843138 0
v -6.719999 0.7999996 -8.959999 0.1694118 0.0882353 0
v -6.719999 0.7999996 -8.799999 0.1882353 0.09803922 0
v -6.719999 0.6399996 -8.799999 0.1505882 0.07843138 0
v -6.559999 0.7999996 -8.959999 0.1882353 0.09803922 0
v -6.719999 0.7999996 -8.959999 0.1882353 0.09803922 0
v -6.719999 0.7999996 -9.119999 0.1882353 0.09803922 0
v -6.559999 0.7999996 -9.119999 0.1882353 0.09803922 0
v -6.559999 0.7999996 -9.119999 0.1882353 0.09803922 0
v -6.719999 0.7999996 -9.119999 0.1882353 0.09803922 0
v -6.719999 0.7999996 -9.279999 0.1882353 0.09803922 0
v -6.559999 0.7999996 -9.279999 0.1882353 0.09803922 0
v -6.559999 0.6399996 -9.279999 0.1505882 0.07843138 0
v -6.559999 0.7999996 -9.279999 0.1882353 0.09803922 0
v -6.719999 0.7999996 -9.279999 0.1694118 0.0882353 0
v -6.719999 0.6399996 -9.279999 0.1505882 0.07843138 0
v -6.559999 0.6399996 -9.119999 0.1505882 0.07843138 0
v -6.559999 0.7999996 -9.119999 0.1694118 0.0882353 0
v -6.559999 0.7999996 -9.279999 0.1882353 0.09803922 0
v -6.559999 0.6399996 -9.279999 0.1505882 0.07843138 0
v -6.719999 -3.576279E-07 -7.199999 0.2666667 0.1333333 0
v -6.88 -3.576279E-07 -7.199999 0.2666667 0.1333333 0
v -6.88 -3.576279E-07 -7.039999 0.2666667 0.1333333 0
v -6.719999 -3.576279E-07 -7.039999 0.2666667 0.1333333 0
v -6.719999 -3.576279E-07 -7.359999 0.2666667 0.1333333 0
v -6.88 -3.576279E-07 -7.359999 0.2666667 0.1333333 0
v -6.88 -3.576279E-07 -7.199999 0.2666667 0.1333333 0
v -6.719999 -3.576279E-07 -7.199999 0.2666667 0.1333333 0
v -6.719999 -3.576279E-07 -7.519999 0.2666667 0.1333333 0
v -6.88 -3.576279E-07 -7.519999 0.2666667 0.1333333 0
v -6.88 -3.576279E-07 -7.359999 0.2666667 0.1333333 0
v -6.719999 -3.576279E-07 -7.359999 0.2666667 0.1333333 0
v -6.719999 -3.576279E-07 -7.679999 0.2666667 0.1333333 0
v -6.88 -3.576279E-07 -7.679999 0.2666667 0.1333333 0
v -6.88 -3.576279E-07 -7.519999 0.2666667 0.1333333 0
v -6.719999 -3.576279E-07 -7.519999 0.2666667 0.1333333 0
v -6.719999 -3.576279E-07 -7.839999 0.2666667 0.1333333 0
v -6.88 -3.576279E-07 -7.839999 0.2666667 0.1333333 0
v -6.88 -3.576279E-07 -7.679999 0.2666667 0.1333333 0
v -6.719999 -3.576279E-07 -7.679999 0.2666667 0.1333333 0
v -6.719999 -3.576279E-07 -7.999999 0.2666667 0.1333333 0
v -6.88 -3.576279E-07 -7.999999 0.2666667 0.1333333 0
v -6.88 -3.576279E-07 -7.839999 0.2666667 0.1333333 0
v -6.719999 -3.576279E-07 -7.839999 0.2666667 0.1333333 0
v -6.719999 -3.576279E-07 -8.159999 0.2666667 0.1333333 0
v -6.88 -3.576279E-07 -8.159999 0.2666667 0.1333333 0
v -6.88 -3.576279E-07 -7.999999 0.2666667 0.1333333 0
v -6.719999 -3.576279E-07 -7.999999 0.2666667 0.1333333 0
v -6.719999 -3.576279E-07 -8.319999 0.2666667 0.1333333 0
v -6.88 -3.576279E-07 -8.319999 0.2666667 0.1333333 0
v -6.88 -3.576279E-07 -8.159999 0.2666667 0.1333333 0
v -6.719999 -3.576279E-07 -8.159999 0.2666667 0.1333333 0
v -6.719999 -3.576279E-07 -8.479999 0.2666667 0.1333333 0
v -6.88 -3.576279E-07 -8.479999 0.2666667 0.1333333 0
v -6.88 -3.576279E-07 -8.319999 0.2666667 0.1333333 0
v -6.719999 -3.576279E-07 -8.319999 0.2666667 0.1333333 0
v -6.719999 -3.576279E-07 -8.639999 0.2666667 0.1333333 0
v -6.88 -3.576279E-07 -8.639999 0.2666667 0.1333333 0
v -6.88 -3.576279E-07 -8.479999 0.2666667 0.1333333 0
v -6.719999 -3.576279E-07 -8.479999 0.2666667 0.1333333 0
v -6.719999 -3.576279E-07 -8.799999 0.2666667 0.1333333 0
v -6.88 -3.576279E-07 -8.799999 0.2666667 0.1333333 0
v -6.88 -3.576279E-07 -8.639999 0.2666667 0.1333333 0
v -6.719999 -3.576279E-07 -8.639999 0.2666667 0.1333333 0
v -6.719999 -3.576279E-07 -8.959999 0.2666667 0.1333333 0
v -6.88 -3.576279E-07 -8.959999 0.2666667 0.1333333 0
v -6.88 -3.576279E-07 -8.799999 0.2666667 0.1333333 0
v -6.719999 -3.576279E-07 -8.799999 0.2666667 0.1333333 0
v -6.719999 -3.576279E-07 -9.119999 0.2666667 0.1333333 0
v -6.88 -3.576279E-07 -9.119999 0.2666667 0.1333333 0
v -6.88 -3.576279E-07 -8.959999 0.2666667 0.1333333 0
v -6.719999 -3.576279E-07 -8.959999 0.2666667 0.1333333 0
v -6.719999 -3.576279E-07 -9.279999 0.2666667 0.1333333 0
v -6.88 -3.576279E-07 -9.279999 0.2666667 0.1333333 0
v -6.88 -3.576279E-07 -9.119999 0.2666667 0.1333333 0
v -6.719999 -3.576279E-07 -9.119999 0.2666667 0.1333333 0
v -6.719999 -3.576279E-07 -9.439999 0.2666667 0.1333333 0
v -6.88 -3.576279E-07 -9.439999 0.2666667 0.1333333 0
v -6.88 -3.576279E-07 -9.279999 0.2666667 0.1333333 0
v -6.719999 -3.576279E-07 -9.279999 0.2666667 0.1333333 0
v -6.719999 -3.576279E-07 -9.599998 0.2666667 0.1333333 0
v -6.88 -3.576279E-07 -9.599998 0.2666667 0.1333333 0
v -6.88 -3.576279E-07 -9.439999 0.2666667 0.1333333 0
v -6.719999 -3.576279E-07 -9.439999 0.2666667 0.1333333 0
v -6.719999 0.6399996 -7.039999 0.2666667 0.1333333 0
v -6.88 0.6399996 -7.039999 0.2666667 0.1333333 0
v -6.88 0.6399996 -7.199999 0.2666667 0.1333333 0
v -6.719999 0.6399996 -7.199999 0.2666667 0.1333333 0
v -6.719999 0.6399996 -7.199999 0.2666667 0.1333333 0
v -6.88 0.6399996 -7.199999 0.2666667 0.1333333 0
v -6.88 0.6399996 -7.359999 0.2666667 0.1333333 0
v -6.719999 0.6399996 -7.359999 0.24 0.12 0
v -6.719999 0.6399996 -7.359999 0.24 0.12 0
v -6.88 0.6399996 -7.359999 0.2666667 0.1333333 0
v -6.88 0.6399996 -7.519999 0.24 0.12 0
v -6.719999 0.6399996 -7.519999 0.2133334 0.1066667 0
v -6.719999 0.6399996 -7.999999 0.24 0.12 0
v -6.88 0.6399996 -7.999999 0.2133334 0.1066667 0
v -6.88 0.6399996 -8.159999 0.24 0.12 0
v -6.719999 0.6399996 -8.159999 0.2666667 0.1333333 0
v -6.719999 0.6399996 -8.159999 0.2666667 0.1333333 0
v -6.88 0.6399996 -8.159999 0.24 0.12 0
v -6.88 0.6399996 -8.319999 0.2666667 0.1333333 0
v -6.719999 0.6399996 -8.319999 0.2666667 0.1333333 0
v -6.719999 0.6399996 -8.319999 0.2666667 0.1333333 0
v -6.88 0.6399996 -8.319999 0.2666667 0.1333333 0
v -6.88 0.6399996 -8.479999 0.2666667 0.1333333 0
v -6.719999 0.6399996 -8.479999 0.2666667 0.1333333 0
v -6.719999 0.6399996 -8.479999 0.2666667 0.1333333 0
v -6.88 0.6399996 -8.479999 0.2666667 0.1333333 0
v -6.88 0.6399996 -8.639999 0.2666667 0.1333333 0
v -6.719999 0.6399996 -8.639999 0.2666667 0.1333333 0
v -6.719999 0.6399996 -8.639999 0.2666667 0.1333333 0
v -6.88 0.6399996 -8.639999 0.2666667 0.1333333 0
v -6.88 0.6399996 -8.799999 0.2666667 0.1333333 0
v -6.719999 0.6399996 -8.799999 0.24 0.12 0
v -6.719999 0.6399996 -8.799999 0.24 0.12 0
v -6.88 0.6399996 -8.799999 0.2666667 0.1333333 0
v -6.88 0.6399996 -8.959999 0.24 0.12 0
v -6.719999 0.6399996 -8.959999 0.2133334 0.1066667 0
v -6.719999 0.6399996 -9.439999 0.24 0.12 0
v -6.88 0.6399996 -9.439999 0.2133334 0.1066667 0
v -6.88 0.6399996 -9.599998 0.24 0.12 0
v -6.719999 0.6399996 -9.599998 0.2666667 0.1333333 0
v -6.719999 0.7999996 -7.519999 0.1882353 0.09803922 0
v -6.88 0.7999996 -7.519999 0.1882353 0.09803922 0
v -6.88 0.7999996 -7.679999 0.1882353 0.09803922 0
v -6.719999 0.7999996 -7.679999 0.1882353 0.09803922 0
v -6.88 0.6399996 -7.519999 0.1505882 0.07843138 0
v -6.88 0.7999996 -7.519999 0.1882353 0.09803922 0
v -6.719999 0.7999996 -7.519999 0.1694118 0.0882353 0
v -6.719999 0.6399996 -7.519999 0.1505882 0.07843138 0
v -6.88 0.6399996 -7.679999 0.1505882 0.07843138 0
v -6.88 0.7999996 -7.679999 0.1694118 0.0882353 0
v -6.88 0.7999996 -7.519999 0.1882353 0.09803922 0
v -6.88 0.6399996 -7.519999 0.1505882 0.07843138 0
v -6.719999 0.7999996 -7.679999 0.1882353 0.09803922 0
v -6.88 0.7999996 -7.679999 0.1882353 0.09803922 0
v -6.88 0.7999996 -7.839999 0.1882353 0.09803922 0
v -6.719999 0.7999996 -7.839999 0.1882353 0.09803922 0
v -6.719999 0.7999996 -7.839999 0.1882353 0.09803922 0
v -6.88 0.7999996 -7.839999 0.1882353 0.09803922 0
v -6.88 0.7999996 -7.999999 0.1882353 0.09803922 0
v -6.719999 0.7999996 -7.999999 0.1882353 0.09803922 0
v -6.719999 0.6399996 -7.999999 0.1505882 0.07843138 0
v -6.719999 0.7999996 -7.999999 0.1882353 0.09803922 0
v -6.88 0.7999996 -7.999999 0.1694118 0.0882353 0
v -6.88 0.6399996 -7.999999 0.1505882 0.07843138 0
v -6.719999 0.6399996 -7.839999 0.1505882 0.07843138 0
v -6.719999 0.7999996 -7.839999 0.1694118 0.0882353 0
v -6.719999 0.7999996 -7.999999 0.1882353 0.09803922 0
v -6.719999 0.6399996 -7.999999 0.1505882 0.07843138 0
v -6.719999 0.7999996 -8.959999 0.1882353 0.09803922 0
v -6.88 0.7999996 -8.959999 0.1882353 0.09803922 0
v -6.88 0.7999996 -9.119999 0.1882353 0.09803922 0
v -6.719999 0.7999996 -9.119999 0.1882353 0.09803922 0
v -6.88 0.6399996 -8.959999 0.1505882 0.07843138 0
v -6.88 0.7999996 -8.959999 0.1882353 0.09803922 0
v -6.719999 0.7999996 -8.959999 0.1694118 0.0882353 0
v -6.719999 0.6399996 -8.959999 0.1505882 0.07843138 0
v -6.88 0.6399996 -9.119999 0.1505882 0.07843138 0
v -6.88 0.7999996 -9.119999 0.1694118 0.0882353 0
v -6.88 0.7999996 -8.959999 0.1882353 0.09803922 0
v -6.88 0.6399996 -8.959999 0.1505882 0.07843138 0
v -6.719999 0.7999996 -9.119999 0.1882353 0.09803922 0
v -6.88 0.7999996 -9.119999 0.1882353 0.09803922 0
v -6.88 0.7999996 -9.279999 0.1882353 0.09803922 0
v -6.719999 0.7999996 -9.279999 0.1882353 0.09803922 0
v -6.719999 0.7999996 -9.279999 0.1882353 0.09803922 0
v -6.88 0.7999996 -9.279999 0.1882353 0.09803922 0
v -6.88 0.7999996 -9.439999 0.1882353 0.09803922 0
v -6.719999 0.7999996 -9.439999 0.1882353 0.09803922 0
v -6.719999 0.6399996 -9.439999 0.1505882 0.07843138 0
v -6.719999 0.7999996 -9.439999 0.1882353 0.09803922 0
v -6.88 0.7999996 -9.439999 0.1694118 0.0882353 0
v -6.88 0.6399996 -9.439999 0.1505882 0.07843138 0
v -6.719999 0.6399996 -9.279999 0.1505882 0.07843138 0
v -6.719999 0.7999996 -9.279999 0.1694118 0.0882353 0
v -6.719999 0.7999996 -9.439999 0.1882353 0.09803922 0
v -6.719999 0.6399996 -9.439999 0.1505882 0.07843138 0
v -6.879999 -3.576279E-07 -7.199999 0.2666667 0.1333333 0
v -7.039999 -3.576279E-07 -7.199999 0.2666667 0.1333333 0
v -7.039999 -3.576279E-07 -7.039999 0.2666667 0.1333333 0
v -6.879999 -3.576279E-07 -7.039999 0.2666667 0.1333333 0
v -6.879999 -3.576279E-07 -7.359999 0.2666667 0.1333333 0
v -7.039999 -3.576279E-07 -7.359999 0.2666667 0.1333333 0
v -7.039999 -3.576279E-07 -7.199999 0.2666667 0.1333333 0
v -6.879999 -3.576279E-07 -7.199999 0.2666667 0.1333333 0
v -6.879999 -3.576279E-07 -7.519999 0.2666667 0.1333333 0
v -7.039999 -3.576279E-07 -7.519999 0.2666667 0.1333333 0
v -7.039999 -3.576279E-07 -7.359999 0.2666667 0.1333333 0
v -6.879999 -3.576279E-07 -7.359999 0.2666667 0.1333333 0
v -6.879999 -3.576279E-07 -7.679999 0.2666667 0.1333333 0
v -7.039999 -3.576279E-07 -7.679999 0.2666667 0.1333333 0
v -7.039999 -3.576279E-07 -7.519999 0.2666667 0.1333333 0
v -6.879999 -3.576279E-07 -7.519999 0.2666667 0.1333333 0
v -6.879999 -3.576279E-07 -7.839999 0.2666667 0.1333333 0
v -7.039999 -3.576279E-07 -7.839999 0.2666667 0.1333333 0
v -7.039999 -3.576279E-07 -7.679999 0.2666667 0.1333333 0
v -6.879999 -3.576279E-07 -7.679999 0.2666667 0.1333333 0
v -6.879999 -3.576279E-07 -7.999999 0.2666667 0.1333333 0
v -7.039999 -3.576279E-07 -7.999999 0.2666667 0.1333333 0
v -7.039999 -3.576279E-07 -7.839999 0.2666667 0.1333333 0
v -6.879999 -3.576279E-07 -7.839999 0.2666667 0.1333333 0
v -6.879999 -3.576279E-07 -8.159999 0.2666667 0.1333333 0
v -7.039999 -3.576279E-07 -8.159999 0.2666667 0.1333333 0
v -7.039999 -3.576279E-07 -7.999999 0.2666667 0.1333333 0
v -6.879999 -3.576279E-07 -7.999999 0.2666667 0.1333333 0
v -6.879999 -3.576279E-07 -8.319999 0.2666667 0.1333333 0
v -7.039999 -3.576279E-07 -8.319999 0.2666667 0.1333333 0
v -7.039999 -3.576279E-07 -8.159999 0.2666667 0.1333333 0
v -6.879999 -3.576279E-07 -8.159999 0.2666667 0.1333333 0
v -6.879999 -3.576279E-07 -8.479999 0.2666667 0.1333333 0
v -7.039999 -3.576279E-07 -8.479999 0.2666667 0.1333333 0
v -7.039999 -3.576279E-07 -8.319999 0.2666667 0.1333333 0
v -6.879999 -3.576279E-07 -8.319999 0.2666667 0.1333333 0
v -6.879999 -3.576279E-07 -8.639999 0.2666667 0.1333333 0
v -7.039999 -3.576279E-07 -8.639999 0.2666667 0.1333333 0
v -7.039999 -3.576279E-07 -8.479999 0.2666667 0.1333333 0
v -6.879999 -3.576279E-07 -8.479999 0.2666667 0.1333333 0
v -6.879999 -3.576279E-07 -8.799999 0.2666667 0.1333333 0
v -7.039999 -3.576279E-07 -8.799999 0.2666667 0.1333333 0
v -7.039999 -3.576279E-07 -8.639999 0.2666667 0.1333333 0
v -6.879999 -3.576279E-07 -8.639999 0.2666667 0.1333333 0
v -6.879999 -3.576279E-07 -8.959999 0.2666667 0.1333333 0
v -7.039999 -3.576279E-07 -8.959999 0.2666667 0.1333333 0
v -7.039999 -3.576279E-07 -8.799999 0.2666667 0.1333333 0
v -6.879999 -3.576279E-07 -8.799999 0.2666667 0.1333333 0
v -6.879999 -3.576279E-07 -9.119999 0.2666667 0.1333333 0
v -7.039999 -3.576279E-07 -9.119999 0.2666667 0.1333333 0
v -7.039999 -3.576279E-07 -8.959999 0.2666667 0.1333333 0
v -6.879999 -3.576279E-07 -8.959999 0.2666667 0.1333333 0
v -6.879999 -3.576279E-07 -9.279999 0.2666667 0.1333333 0
v -7.039999 -3.576279E-07 -9.279999 0.2666667 0.1333333 0
v -7.039999 -3.576279E-07 -9.119999 0.2666667 0.1333333 0
v -6.879999 -3.576279E-07 -9.119999 0.2666667 0.1333333 0
v -6.879999 -3.576279E-07 -9.439999 0.2666667 0.1333333 0
v -7.039999 -3.576279E-07 -9.439999 0.2666667 0.1333333 0
v -7.039999 -3.576279E-07 -9.279999 0.2666667 0.1333333 0
v -6.879999 -3.576279E-07 -9.279999 0.2666667 0.1333333 0
v -6.879999 -3.576279E-07 -9.599998 0.2666667 0.1333333 0
v -7.039999 -3.576279E-07 -9.599998 0.2666667 0.1333333 0
v -7.039999 -3.576279E-07 -9.439999 0.2666667 0.1333333 0
v -6.879999 -3.576279E-07 -9.439999 0.2666667 0.1333333 0
v -6.879999 0.6399996 -7.039999 0.2666667 0.1333333 0
v -7.039999 0.6399996 -7.039999 0.2666667 0.1333333 0
v -7.039999 0.6399996 -7.199999 0.2666667 0.1333333 0
v -6.879999 0.6399996 -7.199999 0.2666667 0.1333333 0
v -6.879999 0.6399996 -7.199999 0.2666667 0.1333333 0
v -7.039999 0.6399996 -7.199999 0.2666667 0.1333333 0
v -7.039999 0.6399996 -7.359999 0.2666667 0.1333333 0
v -6.879999 0.6399996 -7.359999 0.2666667 0.1333333 0
v -6.879999 0.6399996 -7.359999 0.2666667 0.1333333 0
v -7.039999 0.6399996 -7.359999 0.2666667 0.1333333 0
v -7.039999 0.6399996 -7.519999 0.2666667 0.1333333 0
v -6.879999 0.6399996 -7.519999 0.24 0.12 0
v -6.879999 0.6399996 -7.519999 0.24 0.12 0
v -7.039999 0.6399996 -7.519999 0.2666667 0.1333333 0
v -7.039999 0.6399996 -7.679999 0.24 0.12 0
v -6.879999 0.6399996 -7.679999 0.2133334 0.1066667 0
v -6.879999 0.6399996 -8.159999 0.24 0.12 0
v -7.039999 0.6399996 -8.159999 0.2133334 0.1066667 0
v -7.039999 0.6399996 -8.319999 0.24 0.12 0
v -6.879999 0.6399996 -8.319999 0.2666667 0.1333333 0
v -6.879999 0.6399996 -8.319999 0.2666667 0.1333333 0
v -7.039999 0.6399996 -8.319999 0.24 0.12 0
v -7.039999 0.6399996 -8.479999 0.2666667 0.1333333 0
v -6.879999 0.6399996 -8.479999 0.2666667 0.1333333 0
v -6.879999 0.6399996 -8.479999 0.2666667 0.1333333 0
v -7.039999 0.6399996 -8.479999 0.2666667 0.1333333 0
v -7.039999 0.6399996 -8.639999 0.2666667 0.1333333 0
v -6.879999 0.6399996 -8.639999 0.2666667 0.1333333 0
v -6.879999 0.6399996 -8.639999 0.2666667 0.1333333 0
v -7.039999 0.6399996 -8.639999 0.2666667 0.1333333 0
v -7.039999 0.6399996 -8.799999 0.2666667 0.1333333 0
v -6.879999 0.6399996 -8.799999 0.2666667 0.1333333 0
v -6.879999 0.6399996 -8.799999 0.2666667 0.1333333 0
v -7.039999 0.6399996 -8.799999 0.2666667 0.1333333 0
v -7.039999 0.6399996 -8.959999 0.2666667 0.1333333 0
v -6.879999 0.6399996 -8.959999 0.24 0.12 0
v -6.879999 0.6399996 -8.959999 0.24 0.12 0
v -7.039999 0.6399996 -8.959999 0.2666667 0.1333333 0
v -7.039999 0.6399996 -9.119999 0.24 0.12 0
v -6.879999 0.6399996 -9.119999 0.2133334 0.1066667 0
v -6.879999 0.7999996 -7.679999 0.1882353 0.09803922 0
v -7.039999 0.7999996 -7.679999 0.1882353 0.09803922 0
v -7.039999 0.7999996 -7.839999 0.1882353 0.09803922 0
v -6.879999 0.7999996 -7.839999 0.1882353 0.09803922 0
v -7.039999 0.6399996 -7.679999 0.1505882 0.07843138 0
v -7.039999 0.7999996 -7.679999 0.1882353 0.09803922 0
v -6.879999 0.7999996 -7.679999 0.1694118 0.0882353 0
v -6.879999 0.6399996 -7.679999 0.1505882 0.07843138 0
v -7.039999 0.6399996 -7.839999 0.1505882 0.07843138 0
v -7.039999 0.7999996 -7.839999 0.1694118 0.0882353 0
v -7.039999 0.7999996 -7.679999 0.1882353 0.09803922 0
v -7.039999 0.6399996 -7.679999 0.1505882 0.07843138 0
v -6.879999 0.7999996 -7.839999 0.1882353 0.09803922 0
v -7.039999 0.7999996 -7.839999 0.1882353 0.09803922 0
v -7.039999 0.7999996 -7.999999 0.1882353 0.09803922 0
v -6.879999 0.7999996 -7.999999 0.1882353 0.09803922 0
v -6.879999 0.7999996 -7.999999 0.1882353 0.09803922 0
v -7.039999 0.7999996 -7.999999 0.1882353 0.09803922 0
v -7.039999 0.7999996 -8.159999 0.1882353 0.09803922 0
v -6.879999 0.7999996 -8.159999 0.1882353 0.09803922 0
v -6.879999 0.6399996 -8.159999 0.1505882 0.07843138 0
v -6.879999 0.7999996 -8.159999 0.1882353 0.09803922 0
v -7.039999 0.7999996 -8.159999 0.1694118 0.0882353 0
v -7.039999 0.6399996 -8.159999 0.1505882 0.07843138 0
v -6.879999 0.6399996 -7.999999 0.1505882 0.07843138 0
v -6.879999 0.7999996 -7.999999 0.1694118 0.0882353 0
v -6.879999 0.7999996 -8.159999 0.1882353 0.09803922 0
v -6.879999 0.6399996 -8.159999 0.1505882 0.07843138 0
v -6.879999 0.7999996 -9.119999 0.1882353 0.09803922 0
v -7.039999 0.7999996 -9.119999 0.1882353 0.09803922 0
v -7.039999 0.7999996 -9.279999 0.1882353 0.09803922 0
v -6.879999 0.7999996 -9.279999 0.1882353 0.09803922 0
v -7.039999 0.6399996 -9.119999 0.1505882 0.07843138 0
v -7.039999 0.7999996 -9.119999 0.1882353 0.09803922 0
v -6.879999 0.7999996 -9.119999 0.1694118 0.0882353 0
v -6.879999 0.6399996 -9.119999 0.1505882 0.07843138 0
v -7.039999 0.6399996 -9.279999 0.1505882 0.07843138 0
v -7.039999 0.7999996 -9.279999 0.1694118 0.0882353 0
v -7.039999 0.7999996 -9.119999 0.1882353 0.09803922 0
v -7.039999 0.6399996 -9.119999 0.1505882 0.07843138 0
v -6.879999 0.7999996 -9.279999 0.1882353 0.09803922 0
v -7.039999 0.7999996 -9.279999 0.1882353 0.09803922 0
v -7.039999 0.7999996 -9.439999 0.1882353 0.09803922 0
v -6.879999 0.7999996 -9.439999 0.1882353 0.09803922 0
v -6.879999 0.7999996 -9.439999 0.1882353 0.09803922 0
v -7.039999 0.7999996 -9.439999 0.1882353 0.09803922 0
v -7.039999 0.7999996 -9.599998 0.1882353 0.09803922 0
v -6.879999 0.7999996 -9.599998 0.1882353 0.09803922 0
v -6.879999 0.6399996 -9.599998 0.1505882 0.07843138 0
v -6.879999 0.7999996 -9.599998 0.1882353 0.09803922 0
v -7.039999 0.7999996 -9.599998 0.1694118 0.0882353 0
v -7.039999 0.6399996 -9.599998 0.1505882 0.07843138 0
v -6.879999 0.6399996 -9.439999 0.1505882 0.07843138 0
v -6.879999 0.7999996 -9.439999 0.1694118 0.0882353 0
v -6.879999 0.7999996 -9.599998 0.1882353 0.09803922 0
v -6.879999 0.6399996 -9.599998 0.1505882 0.07843138 0
v -5.92 -3.576279E-07 -9.759998 0.2666667 0.1333333 0
v -6.079999 -3.576279E-07 -9.759998 0.2666667 0.1333333 0
v -6.079999 -3.576279E-07 -9.599998 0.2666667 0.1333333 0
v -5.92 -3.576279E-07 -9.599998 0.2666667 0.1333333 0
v -5.92 -3.576279E-07 -9.599998 0.24 0.12 0
v -5.92 0.1599996 -9.599998 0.2133334 0.1066667 0
v -5.92 0.1599996 -9.759998 0.2666667 0.1333333 0
v -5.92 -3.576279E-07 -9.759998 0.2666667 0.1333333 0
v -5.92 -3.576279E-07 -9.919998 0.2666667 0.1333333 0
v -6.079999 -3.576279E-07 -9.919998 0.2666667 0.1333333 0
v -6.079999 -3.576279E-07 -9.759998 0.2666667 0.1333333 0
v -5.92 -3.576279E-07 -9.759998 0.2666667 0.1333333 0
v -5.92 -3.576279E-07 -9.759998 0.2666667 0.1333333 0
v -5.92 0.1599996 -9.759998 0.2666667 0.1333333 0
v -5.92 0.1599996 -9.919998 0.2666667 0.1333333 0
v -5.92 -3.576279E-07 -9.919998 0.2666667 0.1333333 0
v -5.92 -3.576279E-07 -10.08 0.2666667 0.1333333 0
v -6.079999 -3.576279E-07 -10.08 0.2666667 0.1333333 0
v -6.079999 -3.576279E-07 -9.919998 0.2666667 0.1333333 0
v -5.92 -3.576279E-07 -9.919998 0.2666667 0.1333333 0
v -5.92 -3.576279E-07 -10.08 0.2666667 0.1333333 0
v -5.92 0.1599996 -10.08 0.2666667 0.1333333 0
v -6.079999 0.1599996 -10.08 0.2133334 0.1066667 0
v -6.079999 -3.576279E-07 -10.08 0.24 0.12 0
v -5.92 -3.576279E-07 -9.919998 0.2666667 0.1333333 0
v -5.92 0.1599996 -9.919998 0.2666667 0.1333333 0
v -5.92 0.1599996 -10.08 0.2666667 0.1333333 0
v -5.92 -3.576279E-07 -10.08 0.2666667 0.1333333 0
v -5.92 0.1599996 -9.599998 0.2133334 0.1066667 0
v -5.92 0.3199996 -9.599998 0.2133334 0.1066667 0
v -5.92 0.3199996 -9.759998 0.2666667 0.1333333 0
v -5.92 0.1599996 -9.759998 0.2666667 0.1333333 0
v -5.92 0.1599996 -9.759998 0.2666667 0.1333333 0
v -5.92 0.3199996 -9.759998 0.2666667 0.1333333 0
v -5.92 0.3199996 -9.919998 0.2666667 0.1333333 0
v -5.92 0.1599996 -9.919998 0.2666667 0.1333333 0
v -5.92 0.1599996 -10.08 0.2666667 0.1333333 0
v -5.92 0.3199996 -10.08 0.2666667 0.1333333 0
v -6.079999 0.3199996 -10.08 0.2133334 0.1066667 0
v -6.079999 0.1599996 -10.08 0.2133334 0.1066667 0
v -5.92 0.1599996 -9.919998 0.2666667 0.1333333 0
v -5.92 0.3199996 -9.919998 0.2666667 0.1333333 0
v -5.92 0.3199996 -10.08 0.2666667 0.1333333 0
v -5.92 0.1599996 -10.08 0.2666667 0.1333333 0
v -5.92 0.3199996 -9.599998 0.2133334 0.1066667 0
v -5.92 0.4799997 -9.599998 0.24 0.12 0
v -5.92 0.4799997 -9.759998 0.2666667 0.1333333 0
v -5.92 0.3199996 -9.759998 0.2666667 0.1333333 0
v -5.92 0.4799997 -9.759998 0.24 0.12 0
v -6.079999 0.4799997 -9.759998 0.2133334 0.1066667 0
v -6.079999 0.4799997 -9.919998 0.2133334 0.1066667 0
v -5.92 0.4799997 -9.919998 0.2666667 0.1333333 0
v -5.92 0.3199996 -9.759998 0.2666667 0.1333333 0
v -5.92 0.4799997 -9.759998 0.2666667 0.1333333 0
v -5.92 0.4799997 -9.919998 0.2666667 0.1333333 0
v -5.92 0.3199996 -9.919998 0.2666667 0.1333333 0
v -5.92 0.4799997 -9.919998 0.2666667 0.1333333 0
v -6.079999 0.4799997 -9.919998 0.2133334 0.1066667 0
v -6.079999 0.4799997 -10.08 0.2133334 0.1066667 0
v -5.92 0.4799997 -10.08 0.2666667 0.1333333 0
v -5.92 0.3199996 -10.08 0.2666667 0.1333333 0
v -5.92 0.4799997 -10.08 0.2666667 0.1333333 0
v -6.079999 0.4799997 -10.08 0.2133334 0.1066667 0
v -6.079999 0.3199996 -10.08 0.2133334 0.1066667 0
v -5.92 0.3199996 -9.919998 0.2666667 0.1333333 0
v -5.92 0.4799997 -9.919998 0.2666667 0.1333333 0
v -5.92 0.4799997 -10.08 0.2666667 0.1333333 0
v -5.92 0.3199996 -10.08 0.2666667 0.1333333 0
v -5.92 0.4799997 -9.759998 0.1694118 0.0882353 0
v -5.92 0.6399996 -9.759998 0.1882353 0.09803922 0
v -6.079999 0.6399996 -9.759998 0.1505882 0.07843138 0
v -6.079999 0.4799997 -9.759998 0.1505882 0.07843138 0
v -5.92 0.4799997 -9.599998 0.1694118 0.0882353 0
v -5.92 0.6399996 -9.599998 0.1882353 0.09803922 0
v -5.92 0.6399996 -9.759998 0.1882353 0.09803922 0
v -5.92 0.4799997 -9.759998 0.1882353 0.09803922 0
v -5.92 0.7999996 -9.599998 0.1882353 0.09803922 0
v -6.079999 0.7999996 -9.599998 0.1882353 0.09803922 0
v -6.079999 0.7999996 -9.759998 0.1882353 0.09803922 0
v -5.92 0.7999996 -9.759998 0.1882353 0.09803922 0
v -5.92 0.6399996 -9.759998 0.1882353 0.09803922 0
v -5.92 0.7999996 -9.759998 0.1882353 0.09803922 0
v -6.079999 0.7999996 -9.759998 0.1694118 0.0882353 0
v -6.079999 0.6399996 -9.759998 0.1505882 0.07843138 0
v -5.92 0.6399996 -9.599998 0.1882353 0.09803922 0
v -5.92 0.7999996 -9.599998 0.1882353 0.09803922 0
v -5.92 0.7999996 -9.759998 0.1882353 0.09803922 0
v -5.92 0.6399996 -9.759998 0.1882353 0.09803922 0
v -6.079999 -3.576279E-07 -9.759998 0.2666667 0.1333333 0
v -6.239999 -3.576279E-07 -9.759998 0.2666667 0.1333333 0
v -6.239999 -3.576279E-07 -9.599998 0.2666667 0.1333333 0
v -6.079999 -3.576279E-07 -9.599998 0.2666667 0.1333333 0
v -6.079999 -3.576279E-07 -9.919998 0.2666667 0.1333333 0
v -6.239999 -3.576279E-07 -9.919998 0.2666667 0.1333333 0
v -6.239999 -3.576279E-07 -9.759998 0.2666667 0.1333333 0
v -6.079999 -3.576279E-07 -9.759998 0.2666667 0.1333333 0
v -6.079999 -3.576279E-07 -10.08 0.2666667 0.1333333 0
v -6.239999 -3.576279E-07 -10.08 0.2666667 0.1333333 0
v -6.239999 -3.576279E-07 -9.919998 0.2666667 0.1333333 0
v -6.079999 -3.576279E-07 -9.919998 0.2666667 0.1333333 0
v -6.079999 -3.576279E-07 -10.24 0.2666667 0.1333333 0
v -6.239999 -3.576279E-07 -10.24 0.2666667 0.1333333 0
v -6.239999 -3.576279E-07 -10.08 0.2666667 0.1333333 0
v -6.079999 -3.576279E-07 -10.08 0.2666667 0.1333333 0
v -6.079999 -3.576279E-07 -10.08 0.24 0.12 0
v -6.079999 0.1599996 -10.08 0.2133334 0.1066667 0
v -6.079999 0.1599996 -10.24 0.2666667 0.1333333 0
v -6.079999 -3.576279E-07 -10.24 0.2666667 0.1333333 0
v -6.079999 -3.576279E-07 -10.4 0.2666667 0.1333333 0
v -6.239999 -3.576279E-07 -10.4 0.2666667 0.1333333 0
v -6.239999 -3.576279E-07 -10.24 0.2666667 0.1333333 0
v -6.079999 -3.576279E-07 -10.24 0.2666667 0.1333333 0
v -6.079999 -3.576279E-07 -10.24 0.2666667 0.1333333 0
v -6.079999 0.1599996 -10.24 0.2666667 0.1333333 0
v -6.079999 0.1599996 -10.4 0.2666667 0.1333333 0
v -6.079999 -3.576279E-07 -10.4 0.2666667 0.1333333 0
v -6.079999 -3.576279E-07 -10.56 0.2666667 0.1333333 0
v -6.239999 -3.576279E-07 -10.56 0.2666667 0.1333333 0
v -6.239999 -3.576279E-07 -10.4 0.2666667 0.1333333 0
v -6.079999 -3.576279E-07 -10.4 0.2666667 0.1333333 0
v -6.079999 -3.576279E-07 -10.56 0.2666667 0.1333333 0
v -6.079999 0.1599996 -10.56 0.2666667 0.1333333 0
v -6.239999 0.1599996 -10.56 0.2133334 0.1066667 0
v -6.239999 -3.576279E-07 -10.56 0.24 0.12 0
v -6.079999 -3.576279E-07 -10.4 0.2666667 0.1333333 0
v -6.079999 0.1599996 -10.4 0.2666667 0.1333333 0
v -6.079999 0.1599996 -10.56 0.2666667 0.1333333 0
v -6.079999 -3.576279E-07 -10.56 0.2666667 0.1333333 0
v -6.079999 0.1599996 -10.08 0.2133334 0.1066667 0
v -6.079999 0.3199996 -10.08 0.2133334 0.1066667 0
v -6.079999 0.3199996 -10.24 0.2666667 0.1333333 0
v -6.079999 0.1599996 -10.24 0.2666667 0.1333333 0
v -6.079999 0.1599996 -10.24 0.2666667 0.1333333 0
v -6.079999 0.3199996 -10.24 0.2666667 0.1333333 0
v -6.079999 0.3199996 -10.4 0.2666667 0.1333333 0
v -6.079999 0.1599996 -10.4 0.2666667 0.1333333 0
v -6.079999 0.1599996 -10.56 0.2666667 0.1333333 0
v -6.079999 0.3199996 -10.56 0.2666667 0.1333333 0
v -6.239999 0.3199996 -10.56 0.2133334 0.1066667 0
v -6.239999 0.1599996 -10.56 0.2133334 0.1066667 0
v -6.079999 0.1599996 -10.4 0.2666667 0.1333333 0
v -6.079999 0.3199996 -10.4 0.2666667 0.1333333 0
v -6.079999 0.3199996 -10.56 0.2666667 0.1333333 0
v -6.079999 0.1599996 -10.56 0.2666667 0.1333333 0
v -6.079999 0.3199996 -10.08 0.2133334 0.1066667 0
v -6.079999 0.4799997 -10.08 0.24 0.12 0
v -6.079999 0.4799997 -10.24 0.2666667 0.1333333 0
v -6.079999 0.3199996 -10.24 0.2666667 0.1333333 0
v -6.079999 0.4799997 -10.24 0.24 0.12 0
v -6.239999 0.4799997 -10.24 0.2133334 0.1066667 0
v -6.239999 0.4799997 -10.4 0.2133334 0.1066667 0
v -6.079999 0.4799997 -10.4 0.2666667 0.1333333 0
v -6.079999 0.3199996 -10.24 0.2666667 0.1333333 0
v -6.079999 0.4799997 -10.24 0.2666667 0.1333333 0
v -6.079999 0.4799997 -10.4 0.2666667 0.1333333 0
v -6.079999 0.3199996 -10.4 0.2666667 0.1333333 0
v -6.079999 0.4799997 -10.4 0.2666667 0.1333333 0
v -6.239999 0.4799997 -10.4 0.2133334 0.1066667 0
v -6.239999 0.4799997 -10.56 0.24 0.12 0
v -6.079999 0.4799997 -10.56 0.2666667 0.1333333 0
v -6.079999 0.3199996 -10.56 0.2666667 0.1333333 0
v -6.079999 0.4799997 -10.56 0.2666667 0.1333333 0
v -6.239999 0.4799997 -10.56 0.24 0.12 0
v -6.239999 0.3199996 -10.56 0.2133334 0.1066667 0
v -6.079999 0.3199996 -10.4 0.2666667 0.1333333 0
v -6.079999 0.4799997 -10.4 0.2666667 0.1333333 0
v -6.079999 0.4799997 -10.56 0.2666667 0.1333333 0
v -6.079999 0.3199996 -10.56 0.2666667 0.1333333 0
v -6.079999 0.4799997 -9.759998 0.1505882 0.07843138 0
v -6.079999 0.6399996 -9.759998 0.1505882 0.07843138 0
v -6.079999 0.6399996 -9.919998 0.1882353 0.09803922 0
v -6.079999 0.4799997 -9.919998 0.1505882 0.07843138 0
v -6.079999 0.4799997 -9.919998 0.1505882 0.07843138 0
v -6.079999 0.6399996 -9.919998 0.1882353 0.09803922 0
v -6.079999 0.6399996 -10.08 0.1882353 0.09803922 0
v -6.079999 0.4799997 -10.08 0.1694118 0.0882353 0
v -6.079999 0.6399996 -10.08 0.24 0.12 0
v -6.239999 0.6399996 -10.08 0.2133334 0.1066667 0
v -6.239999 0.6399996 -10.24 0.24 0.12 0
v -6.079999 0.6399996 -10.24 0.2666667 0.1333333 0
v -6.079999 0.4799997 -10.24 0.24 0.12 0
v -6.079999 0.6399996 -10.24 0.2666667 0.1333333 0
v -6.239999 0.6399996 -10.24 0.24 0.12 0
v -6.239999 0.4799997 -10.24 0.2133334 0.1066667 0
v -6.079999 0.4799997 -10.08 0.24 0.12 0
v -6.079999 0.6399996 -10.08 0.2666667 0.1333333 0
v -6.079999 0.6399996 -10.24 0.2666667 0.1333333 0
v -6.079999 0.4799997 -10.24 0.2666667 0.1333333 0
v -6.079999 0.7999996 -9.599998 0.1882353 0.09803922 0
v -6.239999 0.7999996 -9.599998 0.1882353 0.09803922 0
v -6.239999 0.7999996 -9.759998 0.1882353 0.09803922 0
v -6.079999 0.7999996 -9.759998 0.1882353 0.09803922 0
v -6.239999 0.6399996 -9.599998 0.1505882 0.07843138 0
v -6.239999 0.7999996 -9.599998 0.1882353 0.09803922 0
v -6.079999 0.7999996 -9.599998 0.1694118 0.0882353 0
v -6.079999 0.6399996 -9.599998 0.1505882 0.07843138 0
v -6.239999 0.6399996 -9.759998 0.1505882 0.07843138 0
v -6.239999 0.7999996 -9.759998 0.1694118 0.0882353 0
v -6.239999 0.7999996 -9.599998 0.1882353 0.09803922 0
v -6.239999 0.6399996 -9.599998 0.1505882 0.07843138 0
v -6.079999 0.7999996 -9.759998 0.1882353 0.09803922 0
v -6.239999 0.7999996 -9.759998 0.1882353 0.09803922 0
v -6.239999 0.7999996 -9.919998 0.1882353 0.09803922 0
v -6.079999 0.7999996 -9.919998 0.1882353 0.09803922 0
v -6.079999 0.6399996 -9.759998 0.1505882 0.07843138 0
v -6.079999 0.7999996 -9.759998 0.1694118 0.0882353 0
v -6.079999 0.7999996 -9.919998 0.1882353 0.09803922 0
v -6.079999 0.6399996 -9.919998 0.1882353 0.09803922 0
v -6.079999 0.7999996 -9.919998 0.1882353 0.09803922 0
v -6.239999 0.7999996 -9.919998 0.1882353 0.09803922 0
v -6.239999 0.7999996 -10.08 0.1882353 0.09803922 0
v -6.079999 0.7999996 -10.08 0.1882353 0.09803922 0
v -6.079999 0.6399996 -10.08 0.1694118 0.0882353 0
v -6.079999 0.7999996 -10.08 0.1882353 0.09803922 0
v -6.239999 0.7999996 -10.08 0.1694118 0.0882353 0
v -6.239999 0.6399996 -10.08 0.1505882 0.07843138 0
v -6.079999 0.6399996 -9.919998 0.1882353 0.09803922 0
v -6.079999 0.7999996 -9.919998 0.1882353 0.09803922 0
v -6.079999 0.7999996 -10.08 0.1882353 0.09803922 0
v -6.079999 0.6399996 -10.08 0.1882353 0.09803922 0
v -6.24 -3.576279E-07 -9.759998 0.2666667 0.1333333 0
v -6.4 -3.576279E-07 -9.759998 0.2666667 0.1333333 0
v -6.4 -3.576279E-07 -9.599998 0.2666667 0.1333333 0
v -6.24 -3.576279E-07 -9.599998 0.2666667 0.1333333 0
v -6.24 -3.576279E-07 -9.919998 0.2666667 0.1333333 0
v -6.4 -3.576279E-07 -9.919998 0.2666667 0.1333333 0
v -6.4 -3.576279E-07 -9.759998 0.2666667 0.1333333 0
v -6.24 -3.576279E-07 -9.759998 0.2666667 0.1333333 0
v -6.24 -3.576279E-07 -10.08 0.2666667 0.1333333 0
v -6.4 -3.576279E-07 -10.08 0.2666667 0.1333333 0
v -6.4 -3.576279E-07 -9.919998 0.2666667 0.1333333 0
v -6.24 -3.576279E-07 -9.919998 0.2666667 0.1333333 0
v -6.24 -3.576279E-07 -10.24 0.2666667 0.1333333 0
v -6.4 -3.576279E-07 -10.24 0.2666667 0.1333333 0
v -6.4 -3.576279E-07 -10.08 0.2666667 0.1333333 0
v -6.24 -3.576279E-07 -10.08 0.2666667 0.1333333 0
v -6.24 -3.576279E-07 -10.4 0.2666667 0.1333333 0
v -6.4 -3.576279E-07 -10.4 0.2666667 0.1333333 0
v -6.4 -3.576279E-07 -10.24 0.2666667 0.1333333 0
v -6.24 -3.576279E-07 -10.24 0.2666667 0.1333333 0
v -6.24 -3.576279E-07 -10.56 0.2666667 0.1333333 0
v -6.4 -3.576279E-07 -10.56 0.2666667 0.1333333 0
v -6.4 -3.576279E-07 -10.4 0.2666667 0.1333333 0
v -6.24 -3.576279E-07 -10.4 0.2666667 0.1333333 0
v -6.24 -3.576279E-07 -10.72 0.2666667 0.1333333 0
v -6.4 -3.576279E-07 -10.72 0.2666667 0.1333333 0
v -6.4 -3.576279E-07 -10.56 0.2666667 0.1333333 0
v -6.24 -3.576279E-07 -10.56 0.2666667 0.1333333 0
v -6.24 -3.576279E-07 -10.56 0.24 0.12 0
v -6.24 0.1599996 -10.56 0.2133334 0.1066667 0
v -6.24 0.1599996 -10.72 0.2666667 0.1333333 0
v -6.24 -3.576279E-07 -10.72 0.2666667 0.1333333 0
v -6.24 -3.576279E-07 -10.88 0.2666667 0.1333333 0
v -6.4 -3.576279E-07 -10.88 0.2666667 0.1333333 0
v -6.4 -3.576279E-07 -10.72 0.2666667 0.1333333 0
v -6.24 -3.576279E-07 -10.72 0.2666667 0.1333333 0
v -6.24 -3.576279E-07 -10.88 0.2666667 0.1333333 0
v -6.24 0.1599996 -10.88 0.2666667 0.1333333 0
v -6.4 0.1599996 -10.88 0.2133334 0.1066667 0
v -6.4 -3.576279E-07 -10.88 0.24 0.12 0
v -6.24 -3.576279E-07 -10.72 0.2666667 0.1333333 0
v -6.24 0.1599996 -10.72 0.2666667 0.1333333 0
v -6.24 0.1599996 -10.88 0.2666667 0.1333333 0
v -6.24 -3.576279E-07 -10.88 0.2666667 0.1333333 0
v -6.24 0.1599996 -10.56 0.2133334 0.1066667 0
v -6.24 0.3199996 -10.56 0.2133334 0.1066667 0
v -6.24 0.3199996 -10.72 0.2666667 0.1333333 0
v -6.24 0.1599996 -10.72 0.2666667 0.1333333 0
v -6.24 0.1599996 -10.88 0.2666667 0.1333333 0
v -6.24 0.3199996 -10.88 0.2666667 0.1333333 0
v -6.4 0.3199996 -10.88 0.2133334 0.1066667 0
v -6.4 0.1599996 -10.88 0.2133334 0.1066667 0
v -6.24 0.1599996 -10.72 0.2666667 0.1333333 0
v -6.24 0.3199996 -10.72 0.2666667 0.1333333 0
v -6.24 0.3199996 -10.88 0.2666667 0.1333333 0
v -6.24 0.1599996 -10.88 0.2666667 0.1333333 0
v -6.24 0.4799997 -10.56 0.24 0.12 0
v -6.4 0.4799997 -10.56 0.2133334 0.1066667 0
v -6.4 0.4799997 -10.72 0.2133334 0.1066667 0
v -6.24 0.4799997 -10.72 0.2666667 0.1333333 0
v -6.24 0.3199996 -10.56 0.2133334 0.1066667 0
v -6.24 0.4799997 -10.56 0.24 0.12 0
v -6.24 0.4799997 -10.72 0.2666667 0.1333333 0
v -6.24 0.3199996 -10.72 0.2666667 0.1333333 0
v -6.24 0.4799997 -10.72 0.2666667 0.1333333 0
v -6.4 0.4799997 -10.72 0.2133334 0.1066667 0
v -6.4 0.4799997 -10.88 0.24 0.12 0
v -6.24 0.4799997 -10.88 0.2666667 0.1333333 0
v -6.24 0.3199996 -10.88 0.2666667 0.1333333 0
v -6.24 0.4799997 -10.88 0.2666667 0.1333333 0
v -6.4 0.4799997 -10.88 0.24 0.12 0
v -6.4 0.3199996 -10.88 0.2133334 0.1066667 0
v -6.24 0.3199996 -10.72 0.2666667 0.1333333 0
v -6.24 0.4799997 -10.72 0.2666667 0.1333333 0
v -6.24 0.4799997 -10.88 0.2666667 0.1333333 0
v -6.24 0.3199996 -10.88 0.2666667 0.1333333 0
v -6.24 0.6399996 -9.599998 0.24 0.12 0
v -6.4 0.6399996 -9.599998 0.2666667 0.1333333 0
v -6.4 0.6399996 -9.759998 0.24 0.12 0
v -6.24 0.6399996 -9.759998 0.2133334 0.1066667 0
v -6.24 0.6399996 -10.24 0.24 0.12 0
v -6.4 0.6399996 -10.24 0.2133334 0.1066667 0
v -6.4 0.6399996 -10.4 0.24 0.12 0
v -6.24 0.6399996 -10.4 0.2666667 0.1333333 0
v -6.24 0.4799997 -10.24 0.2133334 0.1066667 0
v -6.24 0.6399996 -10.24 0.24 0.12 0
v -6.24 0.6399996 -10.4 0.2666667 0.1333333 0
v -6.24 0.4799997 -10.4 0.2133334 0.1066667 0
v -6.24 0.6399996 -10.4 0.2666667 0.1333333 0
v -6.4 0.6399996 -10.4 0.24 0.12 0
v -6.4 0.6399996 -10.56 0.2666667 0.1333333 0
v -6.24 0.6399996 -10.56 0.2666667 0.1333333 0
v -6.24 0.4799997 -10.56 0.24 0.12 0
v -6.24 0.6399996 -10.56 0.2666667 0.1333333 0
v -6.4 0.6399996 -10.56 0.24 0.12 0
v -6.4 0.4799997 -10.56 0.2133334 0.1066667 0
v -6.24 0.4799997 -10.4 0.2133334 0.1066667 0
v -6.24 0.6399996 -10.4 0.2666667 0.1333333 0
v -6.24 0.6399996 -10.56 0.2666667 0.1333333 0
v -6.24 0.4799997 -10.56 0.24 0.12 0
v -6.24 0.7999996 -9.759998 0.1882353 0.09803922 0
v -6.4 0.7999996 -9.759998 0.1882353 0.09803922 0
v -6.4 0.7999996 -9.919998 0.1882353 0.09803922 0
v -6.24 0.7999996 -9.919998 0.1882353 0.09803922 0
v -6.4 0.6399996 -9.759998 0.1505882 0.07843138 0
v -6.4 0.7999996 -9.759998 0.1882353 0.09803922 0
v -6.24 0.7999996 -9.759998 0.1694118 0.0882353 0
v -6.24 0.6399996 -9.759998 0.1505882 0.07843138 0
v -6.4 0.6399996 -9.919998 0.1505882 0.07843138 0
v -6.4 0.7999996 -9.919998 0.1694118 0.0882353 0
v -6.4 0.7999996 -9.759998 0.1882353 0.09803922 0
v -6.4 0.6399996 -9.759998 0.1505882 0.07843138 0
v -6.24 0.7999996 -9.919998 0.1882353 0.09803922 0
v -6.4 0.7999996 -9.919998 0.1882353 0.09803922 0
v -6.4 0.7999996 -10.08 0.1882353 0.09803922 0
v -6.24 0.7999996 -10.08 0.1882353 0.09803922 0
v -6.24 0.7999996 -10.08 0.1882353 0.09803922 0
v -6.4 0.7999996 -10.08 0.1882353 0.09803922 0
v -6.4 0.7999996 -10.24 0.1882353 0.09803922 0
v -6.24 0.7999996 -10.24 0.1882353 0.09803922 0
v -6.24 0.6399996 -10.24 0.1694118 0.0882353 0
v -6.24 0.7999996 -10.24 0.1882353 0.09803922 0
v -6.4 0.7999996 -10.24 0.1694118 0.0882353 0
v -6.4 0.6399996 -10.24 0.1505882 0.07843138 0
v -6.24 0.6399996 -10.08 0.1505882 0.07843138 0
v -6.24 0.7999996 -10.08 0.1694118 0.0882353 0
v -6.24 0.7999996 -10.24 0.1882353 0.09803922 0
v -6.24 0.6399996 -10.24 0.1694118 0.0882353 0
v -6.4 -3.576279E-07 -9.759998 0.2666667 0.1333333 0
v -6.559999 -3.576279E-07 -9.759998 0.2666667 0.1333333 0
v -6.559999 -3.576279E-07 -9.599998 0.2666667 0.1333333 0
v -6.4 -3.576279E-07 -9.599998 0.2666667 0.1333333 0
v -6.4 -3.576279E-07 -9.919998 0.2666667 0.1333333 0
v -6.559999 -3.576279E-07 -9.919998 0.2666667 0.1333333 0
v -6.559999 -3.576279E-07 -9.759998 0.2666667 0.1333333 0
v -6.4 -3.576279E-07 -9.759998 0.2666667 0.1333333 0
v -6.4 -3.576279E-07 -10.08 0.2666667 0.1333333 0
v -6.559999 -3.576279E-07 -10.08 0.2666667 0.1333333 0
v -6.559999 -3.576279E-07 -9.919998 0.2666667 0.1333333 0
v -6.4 -3.576279E-07 -9.919998 0.2666667 0.1333333 0
v -6.4 -3.576279E-07 -10.24 0.2666667 0.1333333 0
v -6.559999 -3.576279E-07 -10.24 0.2666667 0.1333333 0
v -6.559999 -3.576279E-07 -10.08 0.2666667 0.1333333 0
v -6.4 -3.576279E-07 -10.08 0.2666667 0.1333333 0
v -6.4 -3.576279E-07 -10.4 0.2666667 0.1333333 0
v -6.559999 -3.576279E-07 -10.4 0.2666667 0.1333333 0
v -6.559999 -3.576279E-07 -10.24 0.2666667 0.1333333 0
v -6.4 -3.576279E-07 -10.24 0.2666667 0.1333333 0
v -6.4 -3.576279E-07 -10.56 0.2666667 0.1333333 0
v -6.559999 -3.576279E-07 -10.56 0.2666667 0.1333333 0
v -6.559999 -3.576279E-07 -10.4 0.2666667 0.1333333 0
v -6.4 -3.576279E-07 -10.4 0.2666667 0.1333333 0
v -6.4 -3.576279E-07 -10.72 0.2666667 0.1333333 0
v -6.559999 -3.576279E-07 -10.72 0.2666667 0.1333333 0
v -6.559999 -3.576279E-07 -10.56 0.2666667 0.1333333 0
v -6.4 -3.576279E-07 -10.56 0.2666667 0.1333333 0
v -6.4 -3.576279E-07 -10.88 0.2666667 0.1333333 0
v -6.559999 -3.576279E-07 -10.88 0.2666667 0.1333333 0
v -6.559999 -3.576279E-07 -10.72 0.2666667 0.1333333 0
v -6.4 -3.576279E-07 -10.72 0.2666667 0.1333333 0
v -6.4 -3.576279E-07 -11.04 0.2666667 0.1333333 0
v -6.559999 -3.576279E-07 -11.04 0.2666667 0.1333333 0
v -6.559999 -3.576279E-07 -10.88 0.2666667 0.1333333 0
v -6.4 -3.576279E-07 -10.88 0.2666667 0.1333333 0
v -6.4 -3.576279E-07 -10.88 0.24 0.12 0
v -6.4 0.1599996 -10.88 0.2133334 0.1066667 0
v -6.4 0.1599996 -11.04 0.2666667 0.1333333 0
v -6.4 -3.576279E-07 -11.04 0.2666667 0.1333333 0
v -6.4 -3.576279E-07 -11.2 0.2666667 0.1333333 0
v -6.559999 -3.576279E-07 -11.2 0.2666667 0.1333333 0
v -6.559999 -3.576279E-07 -11.04 0.2666667 0.1333333 0
v -6.4 -3.576279E-07 -11.04 0.2666667 0.1333333 0
v -6.4 -3.576279E-07 -11.2 0.2666667 0.1333333 0
v -6.4 0.1599996 -11.2 0.2666667 0.1333333 0
v -6.559999 0.1599996 -11.2 0.2133334 0.1066667 0
v -6.559999 -3.576279E-07 -11.2 0.24 0.12 0
v -6.4 -3.576279E-07 -11.04 0.2666667 0.1333333 0
v -6.4 0.1599996 -11.04 0.2666667 0.1333333 0
v -6.4 0.1599996 -11.2 0.2666667 0.1333333 0
v -6.4 -3.576279E-07 -11.2 0.2666667 0.1333333 0
v -6.4 0.1599996 -10.88 0.2133334 0.1066667 0
v -6.4 0.3199996 -10.88 0.2133334 0.1066667 0
v -6.4 0.3199996 -11.04 0.2666667 0.1333333 0
v -6.4 0.1599996 -11.04 0.2666667 0.1333333 0
v -6.4 0.1599996 -11.2 0.2666667 0.1333333 0
v -6.4 0.3199996 -11.2 0.2666667 0.1333333 0
v -6.559999 0.3199996 -11.2 0.2133334 0.1066667 0
v -6.559999 0.1599996 -11.2 0.2133334 0.1066667 0
v -6.4 0.1599996 -11.04 0.2666667 0.1333333 0
v -6.4 0.3199996 -11.04 0.2666667 0.1333333 0
v -6.4 0.3199996 -11.2 0.2666667 0.1333333 0
v -6.4 0.1599996 -11.2 0.2666667 0.1333333 0
v -6.4 0.4799997 -10.88 0.24 0.12 0
v -6.559999 0.4799997 -10.88 0.2133334 0.1066667 0
v -6.559999 0.4799997 -11.04 0.2133334 0.1066667 0
v -6.4 0.4799997 -11.04 0.2666667 0.1333333 0
v -6.4 0.3199996 -10.88 0.2133334 0.1066667 0
v -6.4 0.4799997 -10.88 0.24 0.12 0
v -6.4 0.4799997 -11.04 0.2666667 0.1333333 0
v -6.4 0.3199996 -11.04 0.2666667 0.1333333 0
v -6.4 0.4799997 -11.04 0.2666667 0.1333333 0
v -6.559999 0.4799997 -11.04 0.2133334 0.1066667 0
v -6.559999 0.4799997 -11.2 0.24 0.12 0
v -6.4 0.4799997 -11.2 0.2666667 0.1333333 0
v -6.4 0.3199996 -11.2 0.2666667 0.1333333 0
v -6.4 0.4799997 -11.2 0.2666667 0.1333333 0
v -6.559999 0.4799997 -11.2 0.24 0.12 0
v -6.559999 0.3199996 -11.2 0.2133334 0.1066667 0
v -6.4 0.3199996 -11.04 0.2666667 0.1333333 0
v -6.4 0.4799997 -11.04 0.2666667 0.1333333 0
v -6.4 0.4799997 -11.2 0.2666667 0.1333333 0
v -6.4 0.3199996 -11.2 0.2666667 0.1333333 0
v -6.4 0.6399996 -9.599998 0.2666667 0.1333333 0
v -6.559999 0.6399996 -9.599998 0.2666667 0.1333333 0
v -6.559999 0.6399996 -9.759998 0.2666667 0.1333333 0
v -6.4 0.6399996 -9.759998 0.24 0.12 0
v -6.4 0.6399996 -9.759998 0.24 0.12 0
v -6.559999 0.6399996 -9.759998 0.2666667 0.1333333 0
v -6.559999 0.6399996 -9.919998 0.24 0.12 0
v -6.4 0.6399996 -9.919998 0.2133334 0.1066667 0
v -6.4 0.6399996 -10.4 0.24 0.12 0
v -6.559999 0.6399996 -10.4 0.2133334 0.1066667 0
v -6.559999 0.6399996 -10.56 0.24 0.12 0
v -6.4 0.6399996 -10.56 0.2666667 0.1333333 0
v -6.4 0.6399996 -10.56 0.2666667 0.1333333 0
v -6.559999 0.6399996 -10.56 0.24 0.12 0
v -6.559999 0.6399996 -10.72 0.2666667 0.1333333 0
v -6.4 0.6399996 -10.72 0.2666667 0.1333333 0
v -6.4 0.4799997 -10.56 0.2133334 0.1066667 0
v -6.4 0.6399996 -10.56 0.24 0.12 0
v -6.4 0.6399996 -10.72 0.2666667 0.1333333 0
v -6.4 0.4799997 -10.72 0.2133334 0.1066667 0
v -6.4 0.6399996 -10.72 0.2666667 0.1333333 0
v -6.559999 0.6399996 -10.72 0.2666667 0.1333333 0
v -6.559999 0.6399996 -10.88 0.2666667 0.1333333 0
v -6.4 0.6399996 -10.88 0.2666667 0.1333333 0
v -6.4 0.4799997 -10.88 0.24 0.12 0
v -6.4 0.6399996 -10.88 0.2666667 0.1333333 0
v -6.559999 0.6399996 -10.88 0.24 0.12 0
v -6.559999 0.4799997 -10.88 0.2133334 0.1066667 0
v -6.4 0.4799997 -10.72 0.2133334 0.1066667 0
v -6.4 0.6399996 -10.72 0.2666667 0.1333333 0
v -6.4 0.6399996 -10.88 0.2666667 0.1333333 0
v -6.4 0.4799997 -10.88 0.24 0.12 0
v -6.4 0.7999996 -9.919998 0.1882353 0.09803922 0
v -6.559999 0.7999996 -9.919998 0.1882353 0.09803922 0
v -6.559999 0.7999996 -10.08 0.1882353 0.09803922 0
v -6.4 0.7999996 -10.08 0.1882353 0.09803922 0
v -6.559999 0.6399996 -9.919998 0.1505882 0.07843138 0
v -6.559999 0.7999996 -9.919998 0.1882353 0.09803922 0
v -6.4 0.7999996 -9.919998 0.1694118 0.0882353 0
v -6.4 0.6399996 -9.919998 0.1505882 0.07843138 0
v -6.559999 0.6399996 -10.08 0.1505882 0.07843138 0
v -6.559999 0.7999996 -10.08 0.1694118 0.0882353 0
v -6.559999 0.7999996 -9.919998 0.1882353 0.09803922 0
v -6.559999 0.6399996 -9.919998 0.1505882 0.07843138 0
v -6.4 0.7999996 -10.08 0.1882353 0.09803922 0
v -6.559999 0.7999996 -10.08 0.1882353 0.09803922 0
v -6.559999 0.7999996 -10.24 0.1882353 0.09803922 0
v -6.4 0.7999996 -10.24 0.1882353 0.09803922 0
v -6.4 0.7999996 -10.24 0.1882353 0.09803922 0
v -6.559999 0.7999996 -10.24 0.1882353 0.09803922 0
v -6.559999 0.7999996 -10.4 0.1882353 0.09803922 0
v -6.4 0.7999996 -10.4 0.1882353 0.09803922 0
v -6.4 0.6399996 -10.4 0.1505882 0.07843138 0
v -6.4 0.7999996 -10.4 0.1882353 0.09803922 0
v -6.559999 0.7999996 -10.4 0.1694118 0.0882353 0
v -6.559999 0.6399996 -10.4 0.1505882 0.07843138 0
v -6.4 0.6399996 -10.24 0.1505882 0.07843138 0
v -6.4 0.7999996 -10.24 0.1694118 0.0882353 0
v -6.4 0.7999996 -10.4 0.1882353 0.09803922 0
v -6.4 0.6399996 -10.4 0.1505882 0.07843138 0
v -6.559999 -3.576279E-07 -9.759998 0.2666667 0.1333333 0
v -6.719999 -3.576279E-07 -9.759998 0.2666667 0.1333333 0
v -6.719999 -3.576279E-07 -9.599998 0.2666667 0.1333333 0
v -6.559999 -3.576279E-07 -9.599998 0.2666667 0.1333333 0
v -6.559999 -3.576279E-07 -9.919998 0.2666667 0.1333333 0
v -6.719999 -3.576279E-07 -9.919998 0.2666667 0.1333333 0
v -6.719999 -3.576279E-07 -9.759998 0.2666667 0.1333333 0
v -6.559999 -3.576279E-07 -9.759998 0.2666667 0.1333333 0
v -6.559999 -3.576279E-07 -10.08 0.2666667 0.1333333 0
v -6.719999 -3.576279E-07 -10.08 0.2666667 0.1333333 0
v -6.719999 -3.576279E-07 -9.919998 0.2666667 0.1333333 0
v -6.559999 -3.576279E-07 -9.919998 0.2666667 0.1333333 0
v -6.559999 -3.576279E-07 -10.24 0.2666667 0.1333333 0
v -6.719999 -3.576279E-07 -10.24 0.2666667 0.1333333 0
v -6.719999 -3.576279E-07 -10.08 0.2666667 0.1333333 0
v -6.559999 -3.576279E-07 -10.08 0.2666667 0.1333333 0
v -6.559999 -3.576279E-07 -10.4 0.2666667 0.1333333 0
v -6.719999 -3.576279E-07 -10.4 0.2666667 0.1333333 0
v -6.719999 -3.576279E-07 -10.24 0.2666667 0.1333333 0
v -6.559999 -3.576279E-07 -10.24 0.2666667 0.1333333 0
v -6.559999 -3.576279E-07 -10.56 0.2666667 0.1333333 0
v -6.719999 -3.576279E-07 -10.56 0.2666667 0.1333333 0
v -6.719999 -3.576279E-07 -10.4 0.2666667 0.1333333 0
v -6.559999 -3.576279E-07 -10.4 0.2666667 0.1333333 0
v -6.559999 -3.576279E-07 -10.72 0.2666667 0.1333333 0
v -6.719999 -3.576279E-07 -10.72 0.2666667 0.1333333 0
v -6.719999 -3.576279E-07 -10.56 0.2666667 0.1333333 0
v -6.559999 -3.576279E-07 -10.56 0.2666667 0.1333333 0
v -6.559999 -3.576279E-07 -10.88 0.2666667 0.1333333 0
v -6.719999 -3.576279E-07 -10.88 0.2666667 0.1333333 0
v -6.719999 -3.576279E-07 -10.72 0.2666667 0.1333333 0
v -6.559999 -3.576279E-07 -10.72 0.2666667 0.1333333 0
v -6.559999 -3.576279E-07 -11.04 0.2666667 0.1333333 0
v -6.719999 -3.576279E-07 -11.04 0.2666667 0.1333333 0
v -6.719999 -3.576279E-07 -10.88 0.2666667 0.1333333 0
v -6.559999 -3.576279E-07 -10.88 0.2666667 0.1333333 0
v -6.559999 -3.576279E-07 -11.2 0.2666667 0.1333333 0
v -6.719999 -3.576279E-07 -11.2 0.2666667 0.1333333 0
v -6.719999 -3.576279E-07 -11.04 0.2666667 0.1333333 0
v -6.559999 -3.576279E-07 -11.04 0.2666667 0.1333333 0
v -6.559999 -3.576279E-07 -11.36 0.2666667 0.1333333 0
v -6.719999 -3.576279E-07 -11.36 0.2666667 0.1333333 0
v -6.719999 -3.576279E-07 -11.2 0.2666667 0.1333333 0
v -6.559999 -3.576279E-07 -11.2 0.2666667 0.1333333 0
v -6.559999 -3.576279E-07 -11.36 0.2666667 0.1333333 0
v -6.559999 0.1599996 -11.36 0.2666667 0.1333333 0
v -6.719999 0.1599996 -11.36 0.2133334 0.1066667 0
v -6.719999 -3.576279E-07 -11.36 0.24 0.12 0
v -6.559999 -3.576279E-07 -11.2 0.24 0.12 0
v -6.559999 0.1599996 -11.2 0.2133334 0.1066667 0
v -6.559999 0.1599996 -11.36 0.2666667 0.1333333 0
v -6.559999 -3.576279E-07 -11.36 0.2666667 0.1333333 0
v -6.559999 0.1599996 -11.36 0.2666667 0.1333333 0
v -6.559999 0.3199996 -11.36 0.2666667 0.1333333 0
v -6.719999 0.3199996 -11.36 0.2133334 0.1066667 0
v -6.719999 0.1599996 -11.36 0.2133334 0.1066667 0
v -6.559999 0.1599996 -11.2 0.2133334 0.1066667 0
v -6.559999 0.3199996 -11.2 0.2133334 0.1066667 0
v -6.559999 0.3199996 -11.36 0.2666667 0.1333333 0
v -6.559999 0.1599996 -11.36 0.2666667 0.1333333 0
v -6.559999 0.4799997 -11.2 0.24 0.12 0
v -6.719999 0.4799997 -11.2 0.2133334 0.1066667 0
v -6.719999 0.4799997 -11.36 0.24 0.12 0
v -6.559999 0.4799997 -11.36 0.2666667 0.1333333 0
v -6.559999 0.3199996 -11.36 0.2666667 0.1333333 0
v -6.559999 0.4799997 -11.36 0.2666667 0.1333333 0
v -6.719999 0.4799997 -11.36 0.24 0.12 0
v -6.719999 0.3199996 -11.36 0.2133334 0.1066667 0
v -6.559999 0.3199996 -11.2 0.2133334 0.1066667 0
v -6.559999 0.4799997 -11.2 0.24 0.12 0
v -6.559999 0.4799997 -11.36 0.2666667 0.1333333 0
v -6.559999 0.3199996 -11.36 0.2666667 0.1333333 0
v -6.559999 0.6399996 -9.599998 0.2666667 0.1333333 0
v -6.719999 0.6399996 -9.599998 0.2666667 0.1333333 0
v -6.719999 0.6399996 -9.759998 0.2666667 0.1333333 0
v -6.559999 0.6399996 -9.759998 0.2666667 0.1333333 0
v -6.559999 0.6399996 -9.759998 0.2666667 0.1333333 0
v -6.719999 0.6399996 -9.759998 0.2666667 0.1333333 0
v -6.719999 0.6399996 -9.919998 0.2666667 0.1333333 0
v -6.559999 0.6399996 -9.919998 0.24 0.12 0
v -6.559999 0.6399996 -9.919998 0.24 0.12 0
v -6.719999 0.6399996 -9.919998 0.2666667 0.1333333 0
v -6.719999 0.6399996 -10.08 0.24 0.12 0
v -6.559999 0.6399996 -10.08 0.2133334 0.1066667 0
v -6.559999 0.6399996 -10.56 0.24 0.12 0
v -6.719999 0.6399996 -10.56 0.2133334 0.1066667 0
v -6.719999 0.6399996 -10.72 0.24 0.12 0
v -6.559999 0.6399996 -10.72 0.2666667 0.1333333 0
v -6.559999 0.6399996 -10.72 0.2666667 0.1333333 0
v -6.719999 0.6399996 -10.72 0.24 0.12 0
v -6.719999 0.6399996 -10.88 0.2666667 0.1333333 0
v -6.559999 0.6399996 -10.88 0.2666667 0.1333333 0
v -6.559999 0.6399996 -10.88 0.2666667 0.1333333 0
v -6.719999 0.6399996 -10.88 0.2666667 0.1333333 0
v -6.719999 0.6399996 -11.04 0.2666667 0.1333333 0
v -6.559999 0.6399996 -11.04 0.2666667 0.1333333 0
v -6.559999 0.4799997 -10.88 0.2133334 0.1066667 0
v -6.559999 0.6399996 -10.88 0.24 0.12 0
v -6.559999 0.6399996 -11.04 0.2666667 0.1333333 0
v -6.559999 0.4799997 -11.04 0.2133334 0.1066667 0
v -6.559999 0.6399996 -11.04 0.2666667 0.1333333 0
v -6.719999 0.6399996 -11.04 0.2666667 0.1333333 0
v -6.719999 0.6399996 -11.2 0.2666667 0.1333333 0
v -6.559999 0.6399996 -11.2 0.2666667 0.1333333 0
v -6.559999 0.4799997 -11.2 0.24 0.12 0
v -6.559999 0.6399996 -11.2 0.2666667 0.1333333 0
v -6.719999 0.6399996 -11.2 0.24 0.12 0
v -6.719999 0.4799997 -11.2 0.2133334 0.1066667 0
v -6.559999 0.4799997 -11.04 0.2133334 0.1066667 0
v -6.559999 0.6399996 -11.04 0.2666667 0.1333333 0
v -6.559999 0.6399996 -11.2 0.2666667 0.1333333 0
v -6.559999 0.4799997 -11.2 0.24 0.12 0
v -6.559999 0.7999996 -10.08 0.1882353 0.09803922 0
v -6.719999 0.7999996 -10.08 0.1882353 0.09803922 0
v -6.719999 0.7999996 -10.24 0.1882353 0.09803922 0
v -6.559999 0.7999996 -10.24 0.1882353 0.09803922 0
v -6.719999 0.6399996 -10.08 0.1505882 0.07843138 0
v -6.719999 0.7999996 -10.08 0.1882353 0.09803922 0
v -6.559999 0.7999996 -10.08 0.1694118 0.0882353 0
v -6.559999 0.6399996 -10.08 0.1505882 0.07843138 0
v -6.719999 0.6399996 -10.24 0.1505882 0.07843138 0
v -6.719999 0.7999996 -10.24 0.1694118 0.0882353 0
v -6.719999 0.7999996 -10.08 0.1882353 0.09803922 0
v -6.719999 0.6399996 -10.08 0.1505882 0.07843138 0
v -6.559999 0.7999996 -10.24 0.1882353 0.09803922 0
v -6.719999 0.7999996 -10.24 0.1882353 0.09803922 0
v -6.719999 0.7999996 -10.4 0.1882353 0.09803922 0
v -6.559999 0.7999996 -10.4 0.1882353 0.09803922 0
v -6.559999 0.7999996 -10.4 0.1882353 0.09803922 0
v -6.719999 0.7999996 -10.4 0.1882353 0.09803922 0
v -6.719999 0.7999996 -10.56 0.1882353 0.09803922 0
v -6.559999 0.7999996 -10.56 0.1882353 0.09803922 0
v -6.559999 0.6399996 -10.56 0.1505882 0.07843138 0
v -6.559999 0.7999996 -10.56 0.1882353 0.09803922 0
v -6.719999 0.7999996 -10.56 0.1694118 0.0882353 0
v -6.719999 0.6399996 -10.56 0.1505882 0.07843138 0
v -6.559999 0.6399996 -10.4 0.1505882 0.07843138 0
v -6.559999 0.7999996 -10.4 0.1694118 0.0882353 0
v -6.559999 0.7999996 -10.56 0.1882353 0.09803922 0
v -6.559999 0.6399996 -10.56 0.1505882 0.07843138 0
v -6.719999 -3.576279E-07 -9.759998 0.2666667 0.1333333 0
v -6.88 -3.576279E-07 -9.759998 0.2666667 0.1333333 0
v -6.88 -3.576279E-07 -9.599998 0.2666667 0.1333333 0
v -6.719999 -3.576279E-07 -9.599998 0.2666667 0.1333333 0
v -6.719999 -3.576279E-07 -9.919998 0.2666667 0.1333333 0
v -6.88 -3.576279E-07 -9.919998 0.2666667 0.1333333 0
v -6.88 -3.576279E-07 -9.759998 0.2666667 0.1333333 0
v -6.719999 -3.576279E-07 -9.759998 0.2666667 0.1333333 0
v -6.719999 -3.576279E-07 -10.08 0.2666667 0.1333333 0
v -6.88 -3.576279E-07 -10.08 0.2666667 0.1333333 0
v -6.88 -3.576279E-07 -9.919998 0.2666667 0.1333333 0
v -6.719999 -3.576279E-07 -9.919998 0.2666667 0.1333333 0
v -6.719999 -3.576279E-07 -10.24 0.2666667 0.1333333 0
v -6.88 -3.576279E-07 -10.24 0.2666667 0.1333333 0
v -6.88 -3.576279E-07 -10.08 0.2666667 0.1333333 0
v -6.719999 -3.576279E-07 -10.08 0.2666667 0.1333333 0
v -6.719999 -3.576279E-07 -10.4 0.2666667 0.1333333 0
v -6.88 -3.576279E-07 -10.4 0.2666667 0.1333333 0
v -6.88 -3.576279E-07 -10.24 0.2666667 0.1333333 0
v -6.719999 -3.576279E-07 -10.24 0.2666667 0.1333333 0
v -6.719999 -3.576279E-07 -10.56 0.2666667 0.1333333 0
v -6.88 -3.576279E-07 -10.56 0.2666667 0.1333333 0
v -6.88 -3.576279E-07 -10.4 0.2666667 0.1333333 0
v -6.719999 -3.576279E-07 -10.4 0.2666667 0.1333333 0
v -6.719999 -3.576279E-07 -10.72 0.2666667 0.1333333 0
v -6.88 -3.576279E-07 -10.72 0.2666667 0.1333333 0
v -6.88 -3.576279E-07 -10.56 0.2666667 0.1333333 0
v -6.719999 -3.576279E-07 -10.56 0.2666667 0.1333333 0
v -6.719999 -3.576279E-07 -10.88 0.2666667 0.1333333 0
v -6.88 -3.576279E-07 -10.88 0.2666667 0.1333333 0
v -6.88 -3.576279E-07 -10.72 0.2666667 0.1333333 0
v -6.719999 -3.576279E-07 -10.72 0.2666667 0.1333333 0
v -6.719999 -3.576279E-07 -11.04 0.2666667 0.1333333 0
v -6.88 -3.576279E-07 -11.04 0.2666667 0.1333333 0
v -6.88 -3.576279E-07 -10.88 0.2666667 0.1333333 0
v -6.719999 -3.576279E-07 -10.88 0.2666667 0.1333333 0
v -6.719999 -3.576279E-07 -11.2 0.2666667 0.1333333 0
v -6.88 -3.576279E-07 -11.2 0.2666667 0.1333333 0
v -6.88 -3.576279E-07 -11.04 0.2666667 0.1333333 0
v -6.719999 -3.576279E-07 -11.04 0.2666667 0.1333333 0
v -6.719999 -3.576279E-07 -11.36 0.2666667 0.1333333 0
v -6.88 -3.576279E-07 -11.36 0.2666667 0.1333333 0
v -6.88 -3.576279E-07 -11.2 0.2666667 0.1333333 0
v -6.719999 -3.576279E-07 -11.2 0.2666667 0.1333333 0
v -6.719999 -3.576279E-07 -11.52 0.2666667 0.1333333 0
v -6.88 -3.576279E-07 -11.52 0.2666667 0.1333333 0
v -6.88 -3.576279E-07 -11.36 0.2666667 0.1333333 0
v -6.719999 -3.576279E-07 -11.36 0.2666667 0.1333333 0
v -6.719999 -3.576279E-07 -11.52 0.2666667 0.1333333 0
v -6.719999 0.1599996 -11.52 0.2666667 0.1333333 0
v -6.88 0.1599996 -11.52 0.2133334 0.1066667 0
v -6.88 -3.576279E-07 -11.52 0.24 0.12 0
v -6.719999 -3.576279E-07 -11.36 0.24 0.12 0
v -6.719999 0.1599996 -11.36 0.2133334 0.1066667 0
v -6.719999 0.1599996 -11.52 0.2666667 0.1333333 0
v -6.719999 -3.576279E-07 -11.52 0.2666667 0.1333333 0
v -6.719999 0.1599996 -11.52 0.2666667 0.1333333 0
v -6.719999 0.3199996 -11.52 0.2666667 0.1333333 0
v -6.88 0.3199996 -11.52 0.2133334 0.1066667 0
v -6.88 0.1599996 -11.52 0.2133334 0.1066667 0
v -6.719999 0.1599996 -11.36 0.2133334 0.1066667 0
v -6.719999 0.3199996 -11.36 0.2133334 0.1066667 0
v -6.719999 0.3199996 -11.52 0.2666667 0.1333333 0
v -6.719999 0.1599996 -11.52 0.2666667 0.1333333 0
v -6.719999 0.4799997 -11.36 0.24 0.12 0
v -6.88 0.4799997 -11.36 0.2133334 0.1066667 0
v -6.88 0.4799997 -11.52 0.24 0.12 0
v -6.719999 0.4799997 -11.52 0.2666667 0.1333333 0
v -6.719999 0.3199996 -11.52 0.2666667 0.1333333 0
v -6.719999 0.4799997 -11.52 0.2666667 0.1333333 0
v -6.88 0.4799997 -11.52 0.24 0.12 0
v -6.88 0.3199996 -11.52 0.2133334 0.1066667 0
v -6.719999 0.3199996 -11.36 0.2133334 0.1066667 0
v -6.719999 0.4799997 -11.36 0.24 0.12 0
v -6.719999 0.4799997 -11.52 0.2666667 0.1333333 0
v -6.719999 0.3199996 -11.52 0.2666667 0.1333333 0
v -6.719999 0.6399996 -9.599998 0.2666667 0.1333333 0
v -6.88 0.6399996 -9.599998 0.24 0.12 0
v -6.88 0.6399996 -9.759998 0.2666667 0.1333333 0
v -6.719999 0.6399996 -9.759998 0.2666667 0.1333333 0
v -6.719999 0.6399996 -9.759998 0.2666667 0.1333333 0
v -6.88 0.6399996 -9.759998 0.2666667 0.1333333 0
v -6.88 0.6399996 -9.919998 0.2666667 0.1333333 0
v -6.719999 0.6399996 -9.919998 0.2666667 0.1333333 0
v -6.719999 0.6399996 -9.919998 0.2666667 0.1333333 0
v -6.88 0.6399996 -9.919998 0.2666667 0.1333333 0
v -6.88 0.6399996 -10.08 0.2666667 0.1333333 0
v -6.719999 0.6399996 -10.08 0.24 0.12 0
v -6.719999 0.6399996 -10.08 0.24 0.12 0
v -6.88 0.6399996 -10.08 0.2666667 0.1333333 0
v -6.88 0.6399996 -10.24 0.24 0.12 0
v -6.719999 0.6399996 -10.24 0.2133334 0.1066667 0
v -6.719999 0.6399996 -10.72 0.24 0.12 0
v -6.88 0.6399996 -10.72 0.2133334 0.1066667 0
v -6.88 0.6399996 -10.88 0.24 0.12 0
v -6.719999 0.6399996 -10.88 0.2666667 0.1333333 0
v -6.719999 0.6399996 -10.88 0.2666667 0.1333333 0
v -6.88 0.6399996 -10.88 0.24 0.12 0
v -6.88 0.6399996 -11.04 0.2666667 0.1333333 0
v -6.719999 0.6399996 -11.04 0.2666667 0.1333333 0
v -6.719999 0.6399996 -11.04 0.2666667 0.1333333 0
v -6.88 0.6399996 -11.04 0.2666667 0.1333333 0
v -6.88 0.6399996 -11.2 0.2666667 0.1333333 0
v -6.719999 0.6399996 -11.2 0.2666667 0.1333333 0
v -6.719999 0.6399996 -11.2 0.2666667 0.1333333 0
v -6.88 0.6399996 -11.2 0.2666667 0.1333333 0
v -6.88 0.6399996 -11.36 0.2666667 0.1333333 0
v -6.719999 0.6399996 -11.36 0.2666667 0.1333333 0
v -6.719999 0.4799997 -11.36 0.24 0.12 0
v -6.719999 0.6399996 -11.36 0.2666667 0.1333333 0
v -6.88 0.6399996 -11.36 0.24 0.12 0
v -6.88 0.4799997 -11.36 0.2133334 0.1066667 0
v -6.719999 0.4799997 -11.2 0.2133334 0.1066667 0
v -6.719999 0.6399996 -11.2 0.24 0.12 0
v -6.719999 0.6399996 -11.36 0.2666667 0.1333333 0
v -6.719999 0.4799997 -11.36 0.24 0.12 0
v -6.719999 0.7999996 -10.24 0.1882353 0.09803922 0
v -6.88 0.7999996 -10.24 0.1882353 0.09803922 0
v -6.88 0.7999996 -10.4 0.1882353 0.09803922 0
v -6.719999 0.7999996 -10.4 0.1882353 0.09803922 0
v -6.88 0.6399996 -10.24 0.1505882 0.07843138 0
v -6.88 0.7999996 -10.24 0.1882353 0.09803922 0
v -6.719999 0.7999996 -10.24 0.1694118 0.0882353 0
v -6.719999 0.6399996 -10.24 0.1505882 0.07843138 0
v -6.88 0.6399996 -10.4 0.1505882 0.07843138 0
v -6.88 0.7999996 -10.4 0.1694118 0.0882353 0
v -6.88 0.7999996 -10.24 0.1882353 0.09803922 0
v -6.88 0.6399996 -10.24 0.1505882 0.07843138 0
v -6.719999 0.7999996 -10.4 0.1882353 0.09803922 0
v -6.88 0.7999996 -10.4 0.1882353 0.09803922 0
v -6.88 0.7999996 -10.56 0.1882353 0.09803922 0
v -6.719999 0.7999996 -10.56 0.1882353 0.09803922 0
v -6.719999 0.7999996 -10.56 0.1882353 0.09803922 0
v -6.88 0.7999996 -10.56 0.1882353 0.09803922 0
v -6.88 0.7999996 -10.72 0.1882353 0.09803922 0
v -6.719999 0.7999996 -10.72 0.1882353 0.09803922 0
v -6.719999 0.6399996 -10.72 0.1505882 0.07843138 0
v -6.719999 0.7999996 -10.72 0.1882353 0.09803922 0
v -6.88 0.7999996 -10.72 0.1694118 0.0882353 0
v -6.88 0.6399996 -10.72 0.1505882 0.07843138 0
v -6.719999 0.6399996 -10.56 0.1505882 0.07843138 0
v -6.719999 0.7999996 -10.56 0.1694118 0.0882353 0
v -6.719999 0.7999996 -10.72 0.1882353 0.09803922 0
v -6.719999 0.6399996 -10.72 0.1505882 0.07843138 0
v -6.879999 -3.576279E-07 -9.759998 0.2666667 0.1333333 0
v -7.039999 -3.576279E-07 -9.759998 0.2666667 0.1333333 0
v -7.039999 -3.576279E-07 -9.599998 0.2666667 0.1333333 0
v -6.879999 -3.576279E-07 -9.599998 0.2666667 0.1333333 0
v -6.879999 -3.576279E-07 -9.919998 0.2666667 0.1333333 0
v -7.039999 -3.576279E-07 -9.919998 0.2666667 0.1333333 0
v -7.039999 -3.576279E-07 -9.759998 0.2666667 0.1333333 0
v -6.879999 -3.576279E-07 -9.759998 0.2666667 0.1333333 0
v -6.879999 -3.576279E-07 -10.08 0.2666667 0.1333333 0
v -7.039999 -3.576279E-07 -10.08 0.2666667 0.1333333 0
v -7.039999 -3.576279E-07 -9.919998 0.2666667 0.1333333 0
v -6.879999 -3.576279E-07 -9.919998 0.2666667 0.1333333 0
v -6.879999 -3.576279E-07 -10.24 0.2666667 0.1333333 0
v -7.039999 -3.576279E-07 -10.24 0.2666667 0.1333333 0
v -7.039999 -3.576279E-07 -10.08 0.2666667 0.1333333 0
v -6.879999 -3.576279E-07 -10.08 0.2666667 0.1333333 0
v -6.879999 -3.576279E-07 -10.4 0.2666667 0.1333333 0
v -7.039999 -3.576279E-07 -10.4 0.2666667 0.1333333 0
v -7.039999 -3.576279E-07 -10.24 0.2666667 0.1333333 0
v -6.879999 -3.576279E-07 -10.24 0.2666667 0.1333333 0
v -6.879999 -3.576279E-07 -10.56 0.2666667 0.1333333 0
v -7.039999 -3.576279E-07 -10.56 0.2666667 0.1333333 0
v -7.039999 -3.576279E-07 -10.4 0.2666667 0.1333333 0
v -6.879999 -3.576279E-07 -10.4 0.2666667 0.1333333 0
v -6.879999 -3.576279E-07 -10.72 0.2666667 0.1333333 0
v -7.039999 -3.576279E-07 -10.72 0.2666667 0.1333333 0
v -7.039999 -3.576279E-07 -10.56 0.2666667 0.1333333 0
v -6.879999 -3.576279E-07 -10.56 0.2666667 0.1333333 0
v -6.879999 -3.576279E-07 -10.88 0.2666667 0.1333333 0
v -7.039999 -3.576279E-07 -10.88 0.2666667 0.1333333 0
v -7.039999 -3.576279E-07 -10.72 0.2666667 0.1333333 0
v -6.879999 -3.576279E-07 -10.72 0.2666667 0.1333333 0
v -6.879999 -3.576279E-07 -11.04 0.2666667 0.1333333 0
v -7.039999 -3.576279E-07 -11.04 0.2666667 0.1333333 0
v -7.039999 -3.576279E-07 -10.88 0.2666667 0.1333333 0
v -6.879999 -3.576279E-07 -10.88 0.2666667 0.1333333 0
v -6.879999 -3.576279E-07 -11.2 0.2666667 0.1333333 0
v -7.039999 -3.576279E-07 -11.2 0.2666667 0.1333333 0
v -7.039999 -3.576279E-07 -11.04 0.2666667 0.1333333 0
v -6.879999 -3.576279E-07 -11.04 0.2666667 0.1333333 0
v -6.879999 -3.576279E-07 -11.36 0.2666667 0.1333333 0
v -7.039999 -3.576279E-07 -11.36 0.2666667 0.1333333 0
v -7.039999 -3.576279E-07 -11.2 0.2666667 0.1333333 0
v -6.879999 -3.576279E-07 -11.2 0.2666667 0.1333333 0
v -6.879999 -3.576279E-07 -11.52 0.2666667 0.1333333 0
v -7.039999 -3.576279E-07 -11.52 0.2666667 0.1333333 0
v -7.039999 -3.576279E-07 -11.36 0.2666667 0.1333333 0
v -6.879999 -3.576279E-07 -11.36 0.2666667 0.1333333 0
v -6.879999 -3.576279E-07 -11.68 0.2666667 0.1333333 0
v -7.039999 -3.576279E-07 -11.68 0.2666667 0.1333333 0
v -7.039999 -3.576279E-07 -11.52 0.2666667 0.1333333 0
v -6.879999 -3.576279E-07 -11.52 0.2666667 0.1333333 0
v -6.879999 -3.576279E-07 -11.68 0.2666667 0.1333333 0
v -6.879999 0.1599996 -11.68 0.2666667 0.1333333 0
v -7.039999 0.1599996 -11.68 0.2133334 0.1066667 0
v -7.039999 -3.576279E-07 -11.68 0.24 0.12 0
v -6.879999 -3.576279E-07 -11.52 0.24 0.12 0
v -6.879999 0.1599996 -11.52 0.2133334 0.1066667 0
v -6.879999 0.1599996 -11.68 0.2666667 0.1333333 0
v -6.879999 -3.576279E-07 -11.68 0.2666667 0.1333333 0
v -6.879999 0.1599996 -11.68 0.2666667 0.1333333 0
v -6.879999 0.3199996 -11.68 0.2666667 0.1333333 0
v -7.039999 0.3199996 -11.68 0.2133334 0.1066667 0
v -7.039999 0.1599996 -11.68 0.2133334 0.1066667 0
v -6.879999 0.1599996 -11.52 0.2133334 0.1066667 0
v -6.879999 0.3199996 -11.52 0.2133334 0.1066667 0
v -6.879999 0.3199996 -11.68 0.2666667 0.1333333 0
v -6.879999 0.1599996 -11.68 0.2666667 0.1333333 0
v -6.879999 0.4799997 -11.52 0.24 0.12 0
v -7.039999 0.4799997 -11.52 0.2133334 0.1066667 0
v -7.039999 0.4799997 -11.68 0.24 0.12 0
v -6.879999 0.4799997 -11.68 0.2666667 0.1333333 0
v -6.879999 0.3199996 -11.68 0.2666667 0.1333333 0
v -6.879999 0.4799997 -11.68 0.2666667 0.1333333 0
v -7.039999 0.4799997 -11.68 0.24 0.12 0
v -7.039999 0.3199996 -11.68 0.2133334 0.1066667 0
v -6.879999 0.3199996 -11.52 0.2133334 0.1066667 0
v -6.879999 0.4799997 -11.52 0.24 0.12 0
v -6.879999 0.4799997 -11.68 0.2666667 0.1333333 0
v -6.879999 0.3199996 -11.68 0.2666667 0.1333333 0
v -6.879999 0.6399996 -9.599998 0.24 0.12 0
v -7.039999 0.6399996 -9.599998 0.2133334 0.1066667 0
v -7.039999 0.6399996 -9.759998 0.24 0.12 0
v -6.879999 0.6399996 -9.759998 0.2666667 0.1333333 0
v -6.879999 0.6399996 -9.759998 0.2666667 0.1333333 0
v -7.039999 0.6399996 -9.759998 0.24 0.12 0
v -7.039999 0.6399996 -9.919998 0.2666667 0.1333333 0
v -6.879999 0.6399996 -9.919998 0.2666667 0.1333333 0
v -6.879999 0.6399996 -9.919998 0.2666667 0.1333333 0
v -7.039999 0.6399996 -9.919998 0.2666667 0.1333333 0
v -7.039999 0.6399996 -10.08 0.2666667 0.1333333 0
v -6.879999 0.6399996 -10.08 0.2666667 0.1333333 0
v -6.879999 0.6399996 -10.08 0.2666667 0.1333333 0
v -7.039999 0.6399996 -10.08 0.2666667 0.1333333 0
v -7.039999 0.6399996 -10.24 0.2666667 0.1333333 0
v -6.879999 0.6399996 -10.24 0.24 0.12 0
v -6.879999 0.6399996 -10.24 0.24 0.12 0
v -7.039999 0.6399996 -10.24 0.2666667 0.1333333 0
v -7.039999 0.6399996 -10.4 0.24 0.12 0
v -6.879999 0.6399996 -10.4 0.2133334 0.1066667 0
v -6.879999 0.6399996 -10.88 0.24 0.12 0
v -7.039999 0.6399996 -10.88 0.2133334 0.1066667 0
v -7.039999 0.6399996 -11.04 0.24 0.12 0
v -6.879999 0.6399996 -11.04 0.2666667 0.1333333 0
v -6.879999 0.6399996 -11.04 0.2666667 0.1333333 0
v -7.039999 0.6399996 -11.04 0.24 0.12 0
v -7.039999 0.6399996 -11.2 0.2666667 0.1333333 0
v -6.879999 0.6399996 -11.2 0.2666667 0.1333333 0
v -6.879999 0.6399996 -11.2 0.2666667 0.1333333 0
v -7.039999 0.6399996 -11.2 0.2666667 0.1333333 0
v -7.039999 0.6399996 -11.36 0.2666667 0.1333333 0
v -6.879999 0.6399996 -11.36 0.2666667 0.1333333 0
v -6.879999 0.6399996 -11.36 0.2666667 0.1333333 0
v -7.039999 0.6399996 -11.36 0.2666667 0.1333333 0
v -7.039999 0.6399996 -11.52 0.2666667 0.1333333 0
v -6.879999 0.6399996 -11.52 0.2666667 0.1333333 0
v -6.879999 0.4799997 -11.52 0.24 0.12 0
v -6.879999 0.6399996 -11.52 0.2666667 0.1333333 0
v -7.039999 0.6399996 -11.52 0.24 0.12 0
v -7.039999 0.4799997 -11.52 0.2133334 0.1066667 0
v -6.879999 0.4799997 -11.36 0.2133334 0.1066667 0
v -6.879999 0.6399996 -11.36 0.24 0.12 0
v -6.879999 0.6399996 -11.52 0.2666667 0.1333333 0
v -6.879999 0.4799997 -11.52 0.24 0.12 0
v -6.879999 0.7999996 -10.4 0.1882353 0.09803922 0
v -7.039999 0.7999996 -10.4 0.1882353 0.09803922 0
v -7.039999 0.7999996 -10.56 0.1882353 0.09803922 0
v -6.879999 0.7999996 -10.56 0.1882353 0.09803922 0
v -7.039999 0.6399996 -10.4 0.1505882 0.07843138 0
v -7.039999 0.7999996 -10.4 0.1882353 0.09803922 0
v -6.879999 0.7999996 -10.4 0.1694118 0.0882353 0
v -6.879999 0.6399996 -10.4 0.1505882 0.07843138 0
v -7.039999 0.6399996 -10.56 0.1505882 0.07843138 0
v -7.039999 0.7999996 -10.56 0.1694118 0.0882353 0
v -7.039999 0.7999996 -10.4 0.1882353 0.09803922 0
v -7.039999 0.6399996 -10.4 0.1505882 0.07843138 0
v -6.879999 0.7999996 -10.56 0.1882353 0.09803922 0
v -7.039999 0.7999996 -10.56 0.1882353 0.09803922 0
v -7.039999 0.7999996 -10.72 0.1882353 0.09803922 0
v -6.879999 0.7999996 -10.72 0.1882353 0.09803922 0
v -6.879999 0.7999996 -10.72 0.1882353 0.09803922 0
v -7.039999 0.7999996 -10.72 0.1882353 0.09803922 0
v -7.039999 0.7999996 -10.88 0.1882353 0.09803922 0
v -6.879999 0.7999996 -10.88 0.1882353 0.09803922 0
v -6.879999 0.6399996 -10.88 0.1505882 0.07843138 0
v -6.879999 0.7999996 -10.88 0.1882353 0.09803922 0
v -7.039999 0.7999996 -10.88 0.1694118 0.0882353 0
v -7.039999 0.6399996 -10.88 0.1505882 0.07843138 0
v -6.879999 0.6399996 -10.72 0.1505882 0.07843138 0
v -6.879999 0.7999996 -10.72 0.1694118 0.0882353 0
v -6.879999 0.7999996 -10.88 0.1882353 0.09803922 0
v -6.879999 0.6399996 -10.88 0.1505882 0.07843138 0
v -7.039999 -3.576279E-07 -4.32 0.2666667 0.1333333 0
v -7.199999 -3.576279E-07 -4.32 0.2666667 0.1333333 0
v -7.199999 -3.576279E-07 -4.16 0.2666667 0.1333333 0
v -7.039999 -3.576279E-07 -4.16 0.2666667 0.1333333 0
v -7.199999 -3.576279E-07 -4.16 0.2666667 0.1333333 0
v -7.199999 0.1599996 -4.16 0.2666667 0.1333333 0
v -7.039999 0.1599996 -4.16 0.2666667 0.1333333 0
v -7.039999 -3.576279E-07 -4.16 0.2666667 0.1333333 0
v -7.039999 -3.576279E-07 -4.16 0.2666667 0.1333333 0
v -7.039999 0.1599996 -4.16 0.2666667 0.1333333 0
v -7.039999 0.1599996 -4.32 0.2133334 0.1066667 0
v -7.039999 -3.576279E-07 -4.32 0.24 0.12 0
v -7.039999 -3.576279E-07 -4.48 0.2666667 0.1333333 0
v -7.199999 -3.576279E-07 -4.48 0.2666667 0.1333333 0
v -7.199999 -3.576279E-07 -4.32 0.2666667 0.1333333 0
v -7.039999 -3.576279E-07 -4.32 0.2666667 0.1333333 0
v -7.199999 0.1599996 -4.16 0.2666667 0.1333333 0
v -7.199999 0.3199996 -4.16 0.2666667 0.1333333 0
v -7.039999 0.3199996 -4.16 0.2666667 0.1333333 0
v -7.039999 0.1599996 -4.16 0.2666667 0.1333333 0
v -7.039999 0.1599996 -4.16 0.2666667 0.1333333 0
v -7.039999 0.3199996 -4.16 0.2666667 0.1333333 0
v -7.039999 0.3199996 -4.32 0.2133334 0.1066667 0
v -7.039999 0.1599996 -4.32 0.2133334 0.1066667 0
v -7.039999 0.4799997 -4.16 0.2666667 0.1333333 0
v -7.199999 0.4799997 -4.16 0.24 0.12 0
v -7.199999 0.4799997 -4.32 0.2133334 0.1066667 0
v -7.039999 0.4799997 -4.32 0.24 0.12 0
v -7.199999 0.3199996 -4.16 0.2666667 0.1333333 0
v -7.199999 0.4799997 -4.16 0.2666667 0.1333333 0
v -7.039999 0.4799997 -4.16 0.2666667 0.1333333 0
v -7.039999 0.3199996 -4.16 0.2666667 0.1333333 0
v -7.039999 0.3199996 -4.16 0.2666667 0.1333333 0
v -7.039999 0.4799997 -4.16 0.2666667 0.1333333 0
v -7.039999 0.4799997 -4.32 0.24 0.12 0
v -7.039999 0.3199996 -4.32 0.2133334 0.1066667 0
v -7.039999 0.6399996 -4.32 0.2666667 0.1333333 0
v -7.199999 0.6399996 -4.32 0.2666667 0.1333333 0
v -7.199999 0.6399996 -4.48 0.2666667 0.1333333 0
v -7.039999 0.6399996 -4.48 0.2666667 0.1333333 0
v -7.199999 0.4799997 -4.32 0.2133334 0.1066667 0
v -7.199999 0.6399996 -4.32 0.24 0.12 0
v -7.039999 0.6399996 -4.32 0.2666667 0.1333333 0
v -7.039999 0.4799997 -4.32 0.24 0.12 0
v -7.039999 0.4799997 -4.32 0.24 0.12 0
v -7.039999 0.6399996 -4.32 0.2666667 0.1333333 0
v -7.039999 0.6399996 -4.48 0.24 0.12 0
v -7.039999 0.4799997 -4.48 0.2133334 0.1066667 0
v -7.199999 -3.576279E-07 -4.32 0.2666667 0.1333333 0
v -7.359999 -3.576279E-07 -4.32 0.2666667 0.1333333 0
v -7.359999 -3.576279E-07 -4.16 0.2666667 0.1333333 0
v -7.199999 -3.576279E-07 -4.16 0.2666667 0.1333333 0
v -7.359999 -3.576279E-07 -4.16 0.24 0.12 0
v -7.359999 0.1599996 -4.16 0.2133334 0.1066667 0
v -7.199999 0.1599996 -4.16 0.2666667 0.1333333 0
v -7.199999 -3.576279E-07 -4.16 0.2666667 0.1333333 0
v -7.199999 -3.576279E-07 -4.48 0.2666667 0.1333333 0
v -7.359999 -3.576279E-07 -4.48 0.2666667 0.1333333 0
v -7.359999 -3.576279E-07 -4.32 0.2666667 0.1333333 0
v -7.199999 -3.576279E-07 -4.32 0.2666667 0.1333333 0
v -7.359999 0.1599996 -4.16 0.2133334 0.1066667 0
v -7.359999 0.3199996 -4.16 0.2133334 0.1066667 0
v -7.199999 0.3199996 -4.16 0.2666667 0.1333333 0
v -7.199999 0.1599996 -4.16 0.2666667 0.1333333 0
v -7.359999 0.3199996 -4.16 0.2133334 0.1066667 0
v -7.359999 0.4799997 -4.16 0.24 0.12 0
v -7.199999 0.4799997 -4.16 0.2666667 0.1333333 0
v -7.199999 0.3199996 -4.16 0.2666667 0.1333333 0
v -7.199999 0.6399996 -4.16 0.2666667 0.1333333 0
v -7.359999 0.6399996 -4.16 0.2666667 0.1333333 0
v -7.359999 0.6399996 -4.32 0.2666667 0.1333333 0
v -7.199999 0.6399996 -4.32 0.2666667 0.1333333 0
v -7.359999 0.4799997 -4.16 0.24 0.12 0
v -7.359999 0.6399996 -4.16 0.2666667 0.1333333 0
v -7.199999 0.6399996 -4.16 0.2666667 0.1333333 0
v -7.199999 0.4799997 -4.16 0.2666667 0.1333333 0
v -7.199999 0.4799997 -4.16 0.24 0.12 0
v -7.199999 0.6399996 -4.16 0.2666667 0.1333333 0
v -7.199999 0.6399996 -4.32 0.24 0.12 0
v -7.199999 0.4799997 -4.32 0.2133334 0.1066667 0
v -7.199999 0.6399996 -4.32 0.2666667 0.1333333 0
v -7.359999 0.6399996 -4.32 0.2666667 0.1333333 0
v -7.359999 0.6399996 -4.48 0.2666667 0.1333333 0
v -7.199999 0.6399996 -4.48 0.2666667 0.1333333 0
v -7.359999 -3.576279E-07 -4.16 0.2666667 0.1333333 0
v -7.519999 -3.576279E-07 -4.16 0.2666667 0.1333333 0
v -7.519999 -3.576279E-07 -4 0.2666667 0.1333333 0
v -7.359999 -3.576279E-07 -4 0.2666667 0.1333333 0
v -7.519999 -3.576279E-07 -4 0.2666667 0.1333333 0
v -7.519999 0.1599996 -4 0.2666667 0.1333333 0
v -7.359999 0.1599996 -4 0.2666667 0.1333333 0
v -7.359999 -3.576279E-07 -4 0.2666667 0.1333333 0
v -7.359999 -3.576279E-07 -4 0.2666667 0.1333333 0
v -7.359999 0.1599996 -4 0.2666667 0.1333333 0
v -7.359999 0.1599996 -4.16 0.2133334 0.1066667 0
v -7.359999 -3.576279E-07 -4.16 0.24 0.12 0
v -7.359999 -3.576279E-07 -4.32 0.2666667 0.1333333 0
v -7.519999 -3.576279E-07 -4.32 0.2666667 0.1333333 0
v -7.519999 -3.576279E-07 -4.16 0.2666667 0.1333333 0
v -7.359999 -3.576279E-07 -4.16 0.2666667 0.1333333 0
v -7.359999 -3.576279E-07 -4.48 0.2666667 0.1333333 0
v -7.519999 -3.576279E-07 -4.48 0.2666667 0.1333333 0
v -7.519999 -3.576279E-07 -4.32 0.2666667 0.1333333 0
v -7.359999 -3.576279E-07 -4.32 0.2666667 0.1333333 0
v -7.519999 0.1599996 -4 0.2666667 0.1333333 0
v -7.519999 0.3199996 -4 0.2666667 0.1333333 0
v -7.359999 0.3199996 -4 0.2666667 0.1333333 0
v -7.359999 0.1599996 -4 0.2666667 0.1333333 0
v -7.359999 0.1599996 -4 0.2666667 0.1333333 0
v -7.359999 0.3199996 -4 0.2666667 0.1333333 0
v -7.359999 0.3199996 -4.16 0.2133334 0.1066667 0
v -7.359999 0.1599996 -4.16 0.2133334 0.1066667 0
v -7.359999 0.4799997 -4 0.2666667 0.1333333 0
v -7.519999 0.4799997 -4 0.24 0.12 0
v -7.519999 0.4799997 -4.16 0.2133334 0.1066667 0
v -7.359999 0.4799997 -4.16 0.2133334 0.1066667 0
v -7.519999 0.3199996 -4 0.2666667 0.1333333 0
v -7.519999 0.4799997 -4 0.2666667 0.1333333 0
v -7.359999 0.4799997 -4 0.2666667 0.1333333 0
v -7.359999 0.3199996 -4 0.2666667 0.1333333 0
v -7.359999 0.3199996 -4 0.2666667 0.1333333 0
v -7.359999 0.4799997 -4 0.2666667 0.1333333 0
v -7.359999 0.4799997 -4.16 0.2133334 0.1066667 0
v -7.359999 0.3199996 -4.16 0.2133334 0.1066667 0
v -7.359999 0.6399996 -4.16 0.2666667 0.1333333 0
v -7.519999 0.6399996 -4.16 0.24 0.12 0
v -7.519999 0.6399996 -4.32 0.2666667 0.1333333 0
v -7.359999 0.6399996 -4.32 0.2666667 0.1333333 0
v -7.519999 0.4799997 -4.16 0.2133334 0.1066667 0
v -7.519999 0.6399996 -4.16 0.2133334 0.1066667 0
v -7.359999 0.6399996 -4.16 0.2666667 0.1333333 0
v -7.359999 0.4799997 -4.16 0.24 0.12 0
v -7.359999 0.6399996 -4.32 0.2666667 0.1333333 0
v -7.519999 0.6399996 -4.32 0.2666667 0.1333333 0
v -7.519999 0.6399996 -4.48 0.2666667 0.1333333 0
v -7.359999 0.6399996 -4.48 0.2666667 0.1333333 0
v -7.519999 -3.576279E-07 -4.16 0.2666667 0.1333333 0
v -7.679999 -3.576279E-07 -4.16 0.2666667 0.1333333 0
v -7.679999 -3.576279E-07 -4 0.2666667 0.1333333 0
v -7.519999 -3.576279E-07 -4 0.2666667 0.1333333 0
v -7.679999 -3.576279E-07 -4 0.2666667 0.1333333 0
v -7.679999 0.1599996 -4 0.2666667 0.1333333 0
v -7.519999 0.1599996 -4 0.2666667 0.1333333 0
v -7.519999 -3.576279E-07 -4 0.2666667 0.1333333 0
v -7.519999 -3.576279E-07 -4.32 0.2666667 0.1333333 0
v -7.679999 -3.576279E-07 -4.32 0.2666667 0.1333333 0
v -7.679999 -3.576279E-07 -4.16 0.2666667 0.1333333 0
v -7.519999 -3.576279E-07 -4.16 0.2666667 0.1333333 0
v -7.519999 -3.576279E-07 -4.48 0.2666667 0.1333333 0
v -7.679999 -3.576279E-07 -4.48 0.2666667 0.1333333 0
v -7.679999 -3.576279E-07 -4.32 0.2666667 0.1333333 0
v -7.519999 -3.576279E-07 -4.32 0.2666667 0.1333333 0
v -7.679999 0.1599996 -4 0.2666667 0.1333333 0
v -7.679999 0.3199996 -4 0.2666667 0.1333333 0
v -7.519999 0.3199996 -4 0.2666667 0.1333333 0
v -7.519999 0.1599996 -4 0.2666667 0.1333333 0
v -7.679999 0.3199996 -4 0.2666667 0.1333333 0
v -7.679999 0.4799997 -4 0.2666667 0.1333333 0
v -7.519999 0.4799997 -4 0.2666667 0.1333333 0
v -7.519999 0.3199996 -4 0.2666667 0.1333333 0
v -7.679999 0.4799997 -4 0.1882353 0.09803922 0
v -7.679999 0.6399996 -4 0.1882353 0.09803922 0
v -7.519999 0.6399996 -4 0.1882353 0.09803922 0
v -7.519999 0.4799997 -4 0.1882353 0.09803922 0
v -7.519999 0.4799997 -4 0.1694118 0.0882353 0
v -7.519999 0.6399996 -4 0.1882353 0.09803922 0
v -7.519999 0.6399996 -4.16 0.1694118 0.0882353 0
v -7.519999 0.4799997 -4.16 0.1505882 0.07843138 0
v -7.519999 0.6399996 -4.16 0.24 0.12 0
v -7.679999 0.6399996 -4.16 0.2133334 0.1066667 0
v -7.679999 0.6399996 -4.32 0.24 0.12 0
v -7.519999 0.6399996 -4.32 0.2666667 0.1333333 0
v -7.519999 0.6399996 -4.32 0.2666667 0.1333333 0
v -7.679999 0.6399996 -4.32 0.24 0.12 0
v -7.679999 0.6399996 -4.48 0.2666667 0.1333333 0
v -7.519999 0.6399996 -4.48 0.2666667 0.1333333 0
v -7.519999 0.7999996 -4 0.1882353 0.09803922 0
v -7.679999 0.7999996 -4 0.1882353 0.09803922 0
v -7.679999 0.7999996 -4.16 0.1882353 0.09803922 0
v -7.519999 0.7999996 -4.16 0.1882353 0.09803922 0
v -7.679999 0.6399996 -4 0.1882353 0.09803922 0
v -7.679999 0.7999996 -4 0.1882353 0.09803922 0
v -7.519999 0.7999996 -4 0.1882353 0.09803922 0
v -7.519999 0.6399996 -4 0.1882353 0.09803922 0
v -7.519999 0.6399996 -4.16 0.1505882 0.07843138 0
v -7.519999 0.7999996 -4.16 0.1882353 0.09803922 0
v -7.679999 0.7999996 -4.16 0.1694118 0.0882353 0
v -7.679999 0.6399996 -4.16 0.1505882 0.07843138 0
v -7.519999 0.6399996 -4 0.1882353 0.09803922 0
v -7.519999 0.7999996 -4 0.1882353 0.09803922 0
v -7.519999 0.7999996 -4.16 0.1882353 0.09803922 0
v -7.519999 0.6399996 -4.16 0.1694118 0.0882353 0
v -7.679999 -3.576279E-07 -4.16 0.2666667 0.1333333 0
v -7.839999 -3.576279E-07 -4.16 0.2666667 0.1333333 0
v -7.839999 -3.576279E-07 -4 0.2666667 0.1333333 0
v -7.679999 -3.576279E-07 -4 0.2666667 0.1333333 0
v -7.839999 -3.576279E-07 -4 0.24 0.12 0
v -7.839999 0.1599996 -4 0.2133334 0.1066667 0
v -7.679999 0.1599996 -4 0.2666667 0.1333333 0
v -7.679999 -3.576279E-07 -4 0.2666667 0.1333333 0
v -7.679999 -3.576279E-07 -4.32 0.2666667 0.1333333 0
v -7.839999 -3.576279E-07 -4.32 0.2666667 0.1333333 0
v -7.839999 -3.576279E-07 -4.16 0.2666667 0.1333333 0
v -7.679999 -3.576279E-07 -4.16 0.2666667 0.1333333 0
v -7.679999 -3.576279E-07 -4.48 0.2666667 0.1333333 0
v -7.839999 -3.576279E-07 -4.48 0.2666667 0.1333333 0
v -7.839999 -3.576279E-07 -4.32 0.2666667 0.1333333 0
v -7.679999 -3.576279E-07 -4.32 0.2666667 0.1333333 0
v -7.839999 0.1599996 -4 0.2133334 0.1066667 0
v -7.839999 0.3199996 -4 0.2133334 0.1066667 0
v -7.679999 0.3199996 -4 0.2666667 0.1333333 0
v -7.679999 0.1599996 -4 0.2666667 0.1333333 0
v -7.839999 0.3199996 -4 0.2133334 0.1066667 0
v -7.839999 0.4799997 -4 0.24 0.12 0
v -7.679999 0.4799997 -4 0.2666667 0.1333333 0
v -7.679999 0.3199996 -4 0.2666667 0.1333333 0
v -7.839999 0.4799997 -4 0.1694118 0.0882353 0
v -7.839999 0.6399996 -4 0.1882353 0.09803922 0
v -7.679999 0.6399996 -4 0.1882353 0.09803922 0
v -7.679999 0.4799997 -4 0.1882353 0.09803922 0
v -7.679999 0.6399996 -4.32 0.24 0.12 0
v -7.839999 0.6399996 -4.32 0.2133334 0.1066667 0
v -7.839999 0.6399996 -4.48 0.24 0.12 0
v -7.679999 0.6399996 -4.48 0.2666667 0.1333333 0
v -7.679999 0.7999996 -4 0.1882353 0.09803922 0
v -7.839999 0.7999996 -4 0.1882353 0.09803922 0
v -7.839999 0.7999996 -4.16 0.1882353 0.09803922 0
v -7.679999 0.7999996 -4.16 0.1882353 0.09803922 0
v -7.839999 0.6399996 -4 0.1882353 0.09803922 0
v -7.839999 0.7999996 -4 0.1882353 0.09803922 0
v -7.679999 0.7999996 -4 0.1882353 0.09803922 0
v -7.679999 0.6399996 -4 0.1882353 0.09803922 0
v -7.679999 0.7999996 -4.16 0.1882353 0.09803922 0
v -7.839999 0.7999996 -4.16 0.1882353 0.09803922 0
v -7.839999 0.7999996 -4.32 0.1882353 0.09803922 0
v -7.679999 0.7999996 -4.32 0.1882353 0.09803922 0
v -7.679999 0.6399996 -4.32 0.1505882 0.07843138 0
v -7.679999 0.7999996 -4.32 0.1882353 0.09803922 0
v -7.839999 0.7999996 -4.32 0.1694118 0.0882353 0
v -7.839999 0.6399996 -4.32 0.1505882 0.07843138 0
v -7.679999 0.6399996 -4.16 0.1505882 0.07843138 0
v -7.679999 0.7999996 -4.16 0.1694118 0.0882353 0
v -7.679999 0.7999996 -4.32 0.1882353 0.09803922 0
v -7.679999 0.6399996 -4.32 0.1505882 0.07843138 0
v -7.839999 -3.576279E-07 -4 0.2666667 0.1333333 0
v -7.999999 -3.576279E-07 -4 0.2666667 0.1333333 0
v -7.999999 -3.576279E-07 -3.84 0.2666667 0.1333333 0
v -7.839999 -3.576279E-07 -3.84 0.2666667 0.1333333 0
v -7.999999 -3.576279E-07 -3.84 0.2666667 0.1333333 0
v -7.999999 0.1599996 -3.84 0.2666667 0.1333333 0
v -7.839999 0.1599996 -3.84 0.2666667 0.1333333 0
v -7.839999 -3.576279E-07 -3.84 0.2666667 0.1333333 0
v -7.839999 -3.576279E-07 -3.84 0.2666667 0.1333333 0
v -7.839999 0.1599996 -3.84 0.2666667 0.1333333 0
v -7.839999 0.1599996 -4 0.2133334 0.1066667 0
v -7.839999 -3.576279E-07 -4 0.24 0.12 0
v -7.999999 -3.576279E-07 -4 0.24 0.12 0
v -7.999999 0.1599996 -4 0.2133334 0.1066667 0
v -7.999999 0.1599996 -3.84 0.2666667 0.1333333 0
v -7.999999 -3.576279E-07 -3.84 0.2666667 0.1333333 0
v -7.839999 -3.576279E-07 -4.16 0.2666667 0.1333333 0
v -7.999999 -3.576279E-07 -4.16 0.2666667 0.1333333 0
v -7.999999 -3.576279E-07 -4 0.2666667 0.1333333 0
v -7.839999 -3.576279E-07 -4 0.2666667 0.1333333 0
v -7.839999 -3.576279E-07 -4.32 0.2666667 0.1333333 0
v -7.999999 -3.576279E-07 -4.32 0.2666667 0.1333333 0
v -7.999999 -3.576279E-07 -4.16 0.2666667 0.1333333 0
v -7.839999 -3.576279E-07 -4.16 0.2666667 0.1333333 0
v -7.839999 -3.576279E-07 -4.48 0.2666667 0.1333333 0
v -7.999999 -3.576279E-07 -4.48 0.2666667 0.1333333 0
v -7.999999 -3.576279E-07 -4.32 0.2666667 0.1333333 0
v -7.839999 -3.576279E-07 -4.32 0.2666667 0.1333333 0
v -7.999999 0.1599996 -3.84 0.2666667 0.1333333 0
v -7.999999 0.3199996 -3.84 0.2666667 0.1333333 0
v -7.839999 0.3199996 -3.84 0.2666667 0.1333333 0
v -7.839999 0.1599996 -3.84 0.2666667 0.1333333 0
v -7.839999 0.1599996 -3.84 0.2666667 0.1333333 0
v -7.839999 0.3199996 -3.84 0.2666667 0.1333333 0
v -7.839999 0.3199996 -4 0.2133334 0.1066667 0
v -7.839999 0.1599996 -4 0.2133334 0.1066667 0
v -7.999999 0.1599996 -4 0.2133334 0.1066667 0
v -7.999999 0.3199996 -4 0.2133334 0.1066667 0
v -7.999999 0.3199996 -3.84 0.2666667 0.1333333 0
v -7.999999 0.1599996 -3.84 0.2666667 0.1333333 0
v -7.839999 0.4799997 -3.84 0.2666667 0.1333333 0
v -7.999999 0.4799997 -3.84 0.2666667 0.1333333 0
v -7.999999 0.4799997 -4 0.2133334 0.1066667 0
v -7.839999 0.4799997 -4 0.2133334 0.1066667 0
v -7.999999 0.3199996 -3.84 0.2666667 0.1333333 0
v -7.999999 0.4799997 -3.84 0.2666667 0.1333333 0
v -7.839999 0.4799997 -3.84 0.2666667 0.1333333 0
v -7.839999 0.3199996 -3.84 0.2666667 0.1333333 0
v -7.839999 0.3199996 -3.84 0.2666667 0.1333333 0
v -7.839999 0.4799997 -3.84 0.2666667 0.1333333 0
v -7.839999 0.4799997 -4 0.2133334 0.1066667 0
v -7.839999 0.3199996 -4 0.2133334 0.1066667 0
v -7.999999 0.3199996 -4 0.2133334 0.1066667 0
v -7.999999 0.4799997 -4 0.2133334 0.1066667 0
v -7.999999 0.4799997 -3.84 0.2666667 0.1333333 0
v -7.999999 0.3199996 -3.84 0.2666667 0.1333333 0
v -7.999999 0.4799997 -4 0.1694118 0.0882353 0
v -7.999999 0.6399996 -4 0.1882353 0.09803922 0
v -7.839999 0.6399996 -4 0.1882353 0.09803922 0
v -7.839999 0.4799997 -4 0.1694118 0.0882353 0
v -7.839999 0.7999996 -4 0.1882353 0.09803922 0
v -7.999999 0.7999996 -4 0.1882353 0.09803922 0
v -7.999999 0.7999996 -4.16 0.1882353 0.09803922 0
v -7.839999 0.7999996 -4.16 0.1882353 0.09803922 0
v -7.999999 0.6399996 -4 0.1882353 0.09803922 0
v -7.999999 0.7999996 -4 0.1882353 0.09803922 0
v -7.839999 0.7999996 -4 0.1882353 0.09803922 0
v -7.839999 0.6399996 -4 0.1882353 0.09803922 0
v -7.999999 0.6399996 -4.16 0.1505882 0.07843138 0
v -7.999999 0.7999996 -4.16 0.1694118 0.0882353 0
v -7.999999 0.7999996 -4 0.1882353 0.09803922 0
v -7.999999 0.6399996 -4 0.1694118 0.0882353 0
v -7.839999 0.7999996 -4.16 0.1882353 0.09803922 0
v -7.999999 0.7999996 -4.16 0.1882353 0.09803922 0
v -7.999999 0.7999996 -4.32 0.1882353 0.09803922 0
v -7.839999 0.7999996 -4.32 0.1882353 0.09803922 0
v -7.839999 0.7999996 -4.32 0.1882353 0.09803922 0
v -7.999999 0.7999996 -4.32 0.1882353 0.09803922 0
v -7.999999 0.7999996 -4.48 0.1882353 0.09803922 0
v -7.839999 0.7999996 -4.48 0.1882353 0.09803922 0
v -7.839999 0.6399996 -4.48 0.1505882 0.07843138 0
v -7.839999 0.7999996 -4.48 0.1882353 0.09803922 0
v -7.999999 0.7999996 -4.48 0.1694118 0.0882353 0
v -7.999999 0.6399996 -4.48 0.1505882 0.07843138 0
v -7.839999 0.6399996 -4.32 0.1505882 0.07843138 0
v -7.839999 0.7999996 -4.32 0.1694118 0.0882353 0
v -7.839999 0.7999996 -4.48 0.1882353 0.09803922 0
v -7.839999 0.6399996 -4.48 0.1505882 0.07843138 0
v -7.999999 -3.576279E-07 -4.16 0.2666667 0.1333333 0
v -8.159999 -3.576279E-07 -4.16 0.2666667 0.1333333 0
v -8.159999 -3.576279E-07 -4 0.2666667 0.1333333 0
v -7.999999 -3.576279E-07 -4 0.2666667 0.1333333 0
v -8.159999 -3.576279E-07 -4 0.2666667 0.1333333 0
v -8.159999 0.1599996 -4 0.2666667 0.1333333 0
v -7.999999 0.1599996 -4 0.2133334 0.1066667 0
v -7.999999 -3.576279E-07 -4 0.24 0.12 0
v -7.999999 -3.576279E-07 -4.32 0.2666667 0.1333333 0
v -8.159999 -3.576279E-07 -4.32 0.2666667 0.1333333 0
v -8.159999 -3.576279E-07 -4.16 0.2666667 0.1333333 0
v -7.999999 -3.576279E-07 -4.16 0.2666667 0.1333333 0
v -7.999999 -3.576279E-07 -4.48 0.2666667 0.1333333 0
v -8.159999 -3.576279E-07 -4.48 0.2666667 0.1333333 0
v -8.159999 -3.576279E-07 -4.32 0.2666667 0.1333333 0
v -7.999999 -3.576279E-07 -4.32 0.2666667 0.1333333 0
v -8.159999 0.1599996 -4 0.2666667 0.1333333 0
v -8.159999 0.3199996 -4 0.2666667 0.1333333 0
v -7.999999 0.3199996 -4 0.2133334 0.1066667 0
v -7.999999 0.1599996 -4 0.2133334 0.1066667 0
v -8.159999 0.3199996 -4 0.2666667 0.1333333 0
v -8.159999 0.4799997 -4 0.2666667 0.1333333 0
v -7.999999 0.4799997 -4 0.24 0.12 0
v -7.999999 0.3199996 -4 0.2133334 0.1066667 0
v -7.999999 0.6399996 -4 0.24 0.12 0
v -8.159999 0.6399996 -4 0.2666667 0.1333333 0
v -8.159999 0.6399996 -4.16 0.24 0.12 0
v -7.999999 0.6399996 -4.16 0.2133334 0.1066667 0
v -8.159999 0.4799997 -4 0.2666667 0.1333333 0
v -8.159999 0.6399996 -4 0.2666667 0.1333333 0
v -7.999999 0.6399996 -4 0.2666667 0.1333333 0
v -7.999999 0.4799997 -4 0.24 0.12 0
v -7.999999 0.7999996 -4.16 0.1882353 0.09803922 0
v -8.159999 0.7999996 -4.16 0.1882353 0.09803922 0
v -8.159999 0.7999996 -4.32 0.1882353 0.09803922 0
v -7.999999 0.7999996 -4.32 0.1882353 0.09803922 0
v -8.159999 0.6399996 -4.16 0.1505882 0.07843138 0
v -8.159999 0.7999996 -4.16 0.1882353 0.09803922 0
v -7.999999 0.7999996 -4.16 0.1694118 0.0882353 0
v -7.999999 0.6399996 -4.16 0.1505882 0.07843138 0
v -8.159999 0.6399996 -4.32 0.1505882 0.07843138 0
v -8.159999 0.7999996 -4.32 0.1694118 0.0882353 0
v -8.159999 0.7999996 -4.16 0.1882353 0.09803922 0
v -8.159999 0.6399996 -4.16 0.1505882 0.07843138 0
v -7.999999 0.7999996 -4.32 0.1882353 0.09803922 0
v -8.159999 0.7999996 -4.32 0.1882353 0.09803922 0
v -8.159999 0.7999996 -4.48 0.1882353 0.09803922 0
v -7.999999 0.7999996 -4.48 0.1882353 0.09803922 0
v -8.159999 -3.576279E-07 -4.16 0.2666667 0.1333333 0
v -8.319999 -3.576279E-07 -4.16 0.2666667 0.1333333 0
v -8.319999 -3.576279E-07 -4 0.2666667 0.1333333 0
v -8.159999 -3.576279E-07 -4 0.2666667 0.1333333 0
v -8.319999 -3.576279E-07 -4 0.2666667 0.1333333 0
v -8.319999 0.1599996 -4 0.2666667 0.1333333 0
v -8.159999 0.1599996 -4 0.2666667 0.1333333 0
v -8.159999 -3.576279E-07 -4 0.2666667 0.1333333 0
v -8.159999 -3.576279E-07 -4.32 0.2666667 0.1333333 0
v -8.319999 -3.576279E-07 -4.32 0.2666667 0.1333333 0
v -8.319999 -3.576279E-07 -4.16 0.2666667 0.1333333 0
v -8.159999 -3.576279E-07 -4.16 0.2666667 0.1333333 0
v -8.159999 -3.576279E-07 -4.48 0.2666667 0.1333333 0
v -8.319999 -3.576279E-07 -4.48 0.2666667 0.1333333 0
v -8.319999 -3.576279E-07 -4.32 0.2666667 0.1333333 0
v -8.159999 -3.576279E-07 -4.32 0.2666667 0.1333333 0
v -8.319999 0.1599996 -4 0.2666667 0.1333333 0
v -8.319999 0.3199996 -4 0.2666667 0.1333333 0
v -8.159999 0.3199996 -4 0.2666667 0.1333333 0
v -8.159999 0.1599996 -4 0.2666667 0.1333333 0
v -8.319999 0.3199996 -4 0.2666667 0.1333333 0
v -8.319999 0.4799997 -4 0.2666667 0.1333333 0
v -8.159999 0.4799997 -4 0.2666667 0.1333333 0
v -8.159999 0.3199996 -4 0.2666667 0.1333333 0
v -8.159999 0.6399996 -4 0.2666667 0.1333333 0
v -8.319999 0.6399996 -4 0.2666667 0.1333333 0
v -8.319999 0.6399996 -4.16 0.2666667 0.1333333 0
v -8.159999 0.6399996 -4.16 0.24 0.12 0
v -8.319999 0.4799997 -4 0.2666667 0.1333333 0
v -8.319999 0.6399996 -4 0.2666667 0.1333333 0
v -8.159999 0.6399996 -4 0.2666667 0.1333333 0
v -8.159999 0.4799997 -4 0.2666667 0.1333333 0
v -8.159999 0.6399996 -4.16 0.24 0.12 0
v -8.319999 0.6399996 -4.16 0.2666667 0.1333333 0
v -8.319999 0.6399996 -4.32 0.24 0.12 0
v -8.159999 0.6399996 -4.32 0.2133334 0.1066667 0
v -8.159999 0.7999996 -4.32 0.1882353 0.09803922 0
v -8.319999 0.7999996 -4.32 0.1882353 0.09803922 0
v -8.319999 0.7999996 -4.48 0.1882353 0.09803922 0
v -8.159999 0.7999996 -4.48 0.1882353 0.09803922 0
v -8.319999 0.6399996 -4.32 0.1505882 0.07843138 0
v -8.319999 0.7999996 -4.32 0.1882353 0.09803922 0
v -8.159999 0.7999996 -4.32 0.1694118 0.0882353 0
v -8.159999 0.6399996 -4.32 0.1505882 0.07843138 0
v -8.319999 0.6399996 -4.48 0.1505882 0.07843138 0
v -8.319999 0.7999996 -4.48 0.1694118 0.0882353 0
v -8.319999 0.7999996 -4.32 0.1882353 0.09803922 0
v -8.319999 0.6399996 -4.32 0.1505882 0.07843138 0
v -8.319999 -3.576279E-07 -4.16 0.2666667 0.1333333 0
v -8.479999 -3.576279E-07 -4.16 0.2666667 0.1333333 0
v -8.479999 -3.576279E-07 -4 0.2666667 0.1333333 0
v -8.319999 -3.576279E-07 -4 0.2666667 0.1333333 0
v -8.479999 -3.576279E-07 -4 0.2666667 0.1333333 0
v -8.479999 0.1599996 -4 0.2666667 0.1333333 0
v -8.319999 0.1599996 -4 0.2666667 0.1333333 0
v -8.319999 -3.576279E-07 -4 0.2666667 0.1333333 0
v -8.319999 -3.576279E-07 -4.32 0.2666667 0.1333333 0
v -8.479999 -3.576279E-07 -4.32 0.2666667 0.1333333 0
v -8.479999 -3.576279E-07 -4.16 0.2666667 0.1333333 0
v -8.319999 -3.576279E-07 -4.16 0.2666667 0.1333333 0
v -8.319999 -3.576279E-07 -4.48 0.2666667 0.1333333 0
v -8.479999 -3.576279E-07 -4.48 0.2666667 0.1333333 0
v -8.479999 -3.576279E-07 -4.32 0.2666667 0.1333333 0
v -8.319999 -3.576279E-07 -4.32 0.2666667 0.1333333 0
v -8.479999 0.1599996 -4 0.2666667 0.1333333 0
v -8.479999 0.3199996 -4 0.2666667 0.1333333 0
v -8.319999 0.3199996 -4 0.2666667 0.1333333 0
v -8.319999 0.1599996 -4 0.2666667 0.1333333 0
v -8.479999 0.3199996 -4 0.2666667 0.1333333 0
v -8.479999 0.4799997 -4 0.2666667 0.1333333 0
v -8.319999 0.4799997 -4 0.2666667 0.1333333 0
v -8.319999 0.3199996 -4 0.2666667 0.1333333 0
v -8.319999 0.6399996 -4 0.2666667 0.1333333 0
v -8.479999 0.6399996 -4 0.2666667 0.1333333 0
v -8.479999 0.6399996 -4.16 0.2666667 0.1333333 0
v -8.319999 0.6399996 -4.16 0.2666667 0.1333333 0
v -8.479999 0.4799997 -4 0.2666667 0.1333333 0
v -8.479999 0.6399996 -4 0.2666667 0.1333333 0
v -8.319999 0.6399996 -4 0.2666667 0.1333333 0
v -8.319999 0.4799997 -4 0.2666667 0.1333333 0
v -8.479999 0.4799997 -4.16 0.2133334 0.1066667 0
v -8.479999 0.6399996 -4.16 0.24 0.12 0
v -8.479999 0.6399996 -4 0.2666667 0.1333333 0
v -8.479999 0.4799997 -4 0.24 0.12 0
v -8.319999 0.6399996 -4.16 0.2666667 0.1333333 0
v -8.479999 0.6399996 -4.16 0.2666667 0.1333333 0
v -8.479999 0.6399996 -4.32 0.2666667 0.1333333 0
v -8.319999 0.6399996 -4.32 0.24 0.12 0
v -8.319999 0.6399996 -4.32 0.24 0.12 0
v -8.479999 0.6399996 -4.32 0.2666667 0.1333333 0
v -8.479999 0.6399996 -4.48 0.24 0.12 0
v -8.319999 0.6399996 -4.48 0.2133334 0.1066667 0
v -8.479999 -3.576279E-07 -4.16 0.2666667 0.1333333 0
v -8.639999 -3.576279E-07 -4.16 0.2666667 0.1333333 0
v -8.639999 -3.576279E-07 -4 0.2666667 0.1333333 0
v -8.479999 -3.576279E-07 -4 0.2666667 0.1333333 0
v -8.639999 -3.576279E-07 -4 0.2666667 0.1333333 0
v -8.639999 0.1599996 -4 0.2666667 0.1333333 0
v -8.479999 0.1599996 -4 0.2666667 0.1333333 0
v -8.479999 -3.576279E-07 -4 0.2666667 0.1333333 0
v -8.639999 -3.576279E-07 -4.16 0.24 0.12 0
v -8.639999 0.1599996 -4.16 0.2133334 0.1066667 0
v -8.639999 0.1599996 -4 0.2666667 0.1333333 0
v -8.639999 -3.576279E-07 -4 0.2666667 0.1333333 0
v -8.479999 -3.576279E-07 -4.32 0.2666667 0.1333333 0
v -8.639999 -3.576279E-07 -4.32 0.2666667 0.1333333 0
v -8.639999 -3.576279E-07 -4.16 0.2666667 0.1333333 0
v -8.479999 -3.576279E-07 -4.16 0.2666667 0.1333333 0
v -8.479999 -3.576279E-07 -4.48 0.2666667 0.1333333 0
v -8.639999 -3.576279E-07 -4.48 0.2666667 0.1333333 0
v -8.639999 -3.576279E-07 -4.32 0.2666667 0.1333333 0
v -8.479999 -3.576279E-07 -4.32 0.2666667 0.1333333 0
v -8.639999 0.1599996 -4 0.2666667 0.1333333 0
v -8.639999 0.3199996 -4 0.2666667 0.1333333 0
v -8.479999 0.3199996 -4 0.2666667 0.1333333 0
v -8.479999 0.1599996 -4 0.2666667 0.1333333 0
v -8.639999 0.1599996 -4.16 0.2133334 0.1066667 0
v -8.639999 0.3199996 -4.16 0.2133334 0.1066667 0
v -8.639999 0.3199996 -4 0.2666667 0.1333333 0
v -8.639999 0.1599996 -4 0.2666667 0.1333333 0
v -8.479999 0.4799997 -4 0.24 0.12 0
v -8.639999 0.4799997 -4 0.2666667 0.1333333 0
v -8.639999 0.4799997 -4.16 0.2133334 0.1066667 0
v -8.479999 0.4799997 -4.16 0.2133334 0.1066667 0
v -8.639999 0.3199996 -4 0.2666667 0.1333333 0
v -8.639999 0.4799997 -4 0.2666667 0.1333333 0
v -8.479999 0.4799997 -4 0.2666667 0.1333333 0
v -8.479999 0.3199996 -4 0.2666667 0.1333333 0
v -8.639999 0.3199996 -4.16 0.2133334 0.1066667 0
v -8.639999 0.4799997 -4.16 0.2133334 0.1066667 0
v -8.639999 0.4799997 -4 0.2666667 0.1333333 0
v -8.639999 0.3199996 -4 0.2666667 0.1333333 0
v -8.479999 0.6399996 -4.16 0.2666667 0.1333333 0
v -8.639999 0.6399996 -4.16 0.2666667 0.1333333 0
v -8.639999 0.6399996 -4.32 0.2666667 0.1333333 0
v -8.479999 0.6399996 -4.32 0.2666667 0.1333333 0
v -8.639999 0.4799997 -4.16 0.24 0.12 0
v -8.639999 0.6399996 -4.16 0.2666667 0.1333333 0
v -8.479999 0.6399996 -4.16 0.24 0.12 0
v -8.479999 0.4799997 -4.16 0.2133334 0.1066667 0
v -8.479999 0.6399996 -4.32 0.2666667 0.1333333 0
v -8.639999 0.6399996 -4.32 0.2666667 0.1333333 0
v -8.639999 0.6399996 -4.48 0.2666667 0.1333333 0
v -8.479999 0.6399996 -4.48 0.24 0.12 0
v -8.639999 -3.576279E-07 -4.32 0.2666667 0.1333333 0
v -8.799999 -3.576279E-07 -4.32 0.2666667 0.1333333 0
v -8.799999 -3.576279E-07 -4.16 0.2666667 0.1333333 0
v -8.639999 -3.576279E-07 -4.16 0.2666667 0.1333333 0
v -8.799999 -3.576279E-07 -4.16 0.2666667 0.1333333 0
v -8.799999 0.1599996 -4.16 0.2666667 0.1333333 0
v -8.639999 0.1599996 -4.16 0.2133334 0.1066667 0
v -8.639999 -3.576279E-07 -4.16 0.24 0.12 0
v -8.639999 -3.576279E-07 -4.48 0.2666667 0.1333333 0
v -8.799999 -3.576279E-07 -4.48 0.2666667 0.1333333 0
v -8.799999 -3.576279E-07 -4.32 0.2666667 0.1333333 0
v -8.639999 -3.576279E-07 -4.32 0.2666667 0.1333333 0
v -8.799999 0.1599996 -4.16 0.2666667 0.1333333 0
v -8.799999 0.3199996 -4.16 0.2666667 0.1333333 0
v -8.639999 0.3199996 -4.16 0.2133334 0.1066667 0
v -8.639999 0.1599996 -4.16 0.2133334 0.1066667 0
v -8.799999 0.3199996 -4.16 0.2666667 0.1333333 0
v -8.799999 0.4799997 -4.16 0.2666667 0.1333333 0
v -8.639999 0.4799997 -4.16 0.24 0.12 0
v -8.639999 0.3199996 -4.16 0.2133334 0.1066667 0
v -8.639999 0.6399996 -4.16 0.2666667 0.1333333 0
v -8.799999 0.6399996 -4.16 0.2666667 0.1333333 0
v -8.799999 0.6399996 -4.32 0.2666667 0.1333333 0
v -8.639999 0.6399996 -4.32 0.2666667 0.1333333 0
v -8.799999 0.4799997 -4.16 0.2666667 0.1333333 0
v -8.799999 0.6399996 -4.16 0.2666667 0.1333333 0
v -8.639999 0.6399996 -4.16 0.2666667 0.1333333 0
v -8.639999 0.4799997 -4.16 0.24 0.12 0
v -8.799999 0.4799997 -4.32 0.2133334 0.1066667 0
v -8.799999 0.6399996 -4.32 0.24 0.12 0
v -8.799999 0.6399996 -4.16 0.2666667 0.1333333 0
v -8.799999 0.4799997 -4.16 0.24 0.12 0
v -8.639999 0.6399996 -4.32 0.2666667 0.1333333 0
v -8.799999 0.6399996 -4.32 0.2666667 0.1333333 0
v -8.799999 0.6399996 -4.48 0.2666667 0.1333333 0
v -8.639999 0.6399996 -4.48 0.2666667 0.1333333 0
v -8.799999 -3.576279E-07 -4.32 0.2666667 0.1333333 0
v -8.959999 -3.576279E-07 -4.32 0.2666667 0.1333333 0
v -8.959999 -3.576279E-07 -4.16 0.2666667 0.1333333 0
v -8.799999 -3.576279E-07 -4.16 0.2666667 0.1333333 0
v -8.959999 -3.576279E-07 -4.16 0.2666667 0.1333333 0
v -8.959999 0.1599996 -4.16 0.2666667 0.1333333 0
v -8.799999 0.1599996 -4.16 0.2666667 0.1333333 0
v -8.799999 -3.576279E-07 -4.16 0.2666667 0.1333333 0
v -8.959999 -3.576279E-07 -4.32 0.24 0.12 0
v -8.959999 0.1599996 -4.32 0.2133334 0.1066667 0
v -8.959999 0.1599996 -4.16 0.2666667 0.1333333 0
v -8.959999 -3.576279E-07 -4.16 0.2666667 0.1333333 0
v -8.799999 -3.576279E-07 -4.48 0.2666667 0.1333333 0
v -8.959999 -3.576279E-07 -4.48 0.2666667 0.1333333 0
v -8.959999 -3.576279E-07 -4.32 0.2666667 0.1333333 0
v -8.799999 -3.576279E-07 -4.32 0.2666667 0.1333333 0
v -8.959999 0.1599996 -4.16 0.2666667 0.1333333 0
v -8.959999 0.3199996 -4.16 0.2666667 0.1333333 0
v -8.799999 0.3199996 -4.16 0.2666667 0.1333333 0
v -8.799999 0.1599996 -4.16 0.2666667 0.1333333 0
v -8.959999 0.1599996 -4.32 0.2133334 0.1066667 0
v -8.959999 0.3199996 -4.32 0.2133334 0.1066667 0
v -8.959999 0.3199996 -4.16 0.2666667 0.1333333 0
v -8.959999 0.1599996 -4.16 0.2666667 0.1333333 0
v -8.799999 0.4799997 -4.16 0.24 0.12 0
v -8.959999 0.4799997 -4.16 0.2666667 0.1333333 0
v -8.959999 0.4799997 -4.32 0.24 0.12 0
v -8.799999 0.4799997 -4.32 0.2133334 0.1066667 0
v -8.959999 0.3199996 -4.16 0.2666667 0.1333333 0
v -8.959999 0.4799997 -4.16 0.2666667 0.1333333 0
v -8.799999 0.4799997 -4.16 0.2666667 0.1333333 0
v -8.799999 0.3199996 -4.16 0.2666667 0.1333333 0
v -8.959999 0.3199996 -4.32 0.2133334 0.1066667 0
v -8.959999 0.4799997 -4.32 0.24 0.12 0
v -8.959999 0.4799997 -4.16 0.2666667 0.1333333 0
v -8.959999 0.3199996 -4.16 0.2666667 0.1333333 0
v -8.799999 0.6399996 -4.32 0.2666667 0.1333333 0
v -8.959999 0.6399996 -4.32 0.2666667 0.1333333 0
v -8.959999 0.6399996 -4.48 0.2666667 0.1333333 0
v -8.799999 0.6399996 -4.48 0.2666667 0.1333333 0
v -8.959999 0.4799997 -4.32 0.24 0.12 0
v -8.959999 0.6399996 -4.32 0.2666667 0.1333333 0
v -8.799999 0.6399996 -4.32 0.24 0.12 0
v -8.799999 0.4799997 -4.32 0.2133334 0.1066667 0
v -8.959999 0.4799997 -4.48 0.2133334 0.1066667 0
v -8.959999 0.6399996 -4.48 0.24 0.12 0
v -8.959999 0.6399996 -4.32 0.2666667 0.1333333 0
v -8.959999 0.4799997 -4.32 0.24 0.12 0
v -8.959999 -3.576279E-07 -4.48 0.2666667 0.1333333 0
v -9.119999 -3.576279E-07 -4.48 0.2666667 0.1333333 0
v -9.119999 -3.576279E-07 -4.32 0.2666667 0.1333333 0
v -8.959999 -3.576279E-07 -4.32 0.2666667 0.1333333 0
v -9.119999 -3.576279E-07 -4.32 0.2666667 0.1333333 0
v -9.119999 0.1599996 -4.32 0.2666667 0.1333333 0
v -8.959999 0.1599996 -4.32 0.2133334 0.1066667 0
v -8.959999 -3.576279E-07 -4.32 0.24 0.12 0
v -9.119999 -3.576279E-07 -4.48 0.24 0.12 0
v -9.119999 0.1599996 -4.48 0.2133334 0.1066667 0
v -9.119999 0.1599996 -4.32 0.2666667 0.1333333 0
v -9.119999 -3.576279E-07 -4.32 0.2666667 0.1333333 0
v -9.119999 0.1599996 -4.32 0.2666667 0.1333333 0
v -9.119999 0.3199996 -4.32 0.2666667 0.1333333 0
v -8.959999 0.3199996 -4.32 0.2133334 0.1066667 0
v -8.959999 0.1599996 -4.32 0.2133334 0.1066667 0
v -9.119999 0.1599996 -4.48 0.2133334 0.1066667 0
v -9.119999 0.3199996 -4.48 0.2133334 0.1066667 0
v -9.119999 0.3199996 -4.32 0.2666667 0.1333333 0
v -9.119999 0.1599996 -4.32 0.2666667 0.1333333 0
v -8.959999 0.4799997 -4.32 0.24 0.12 0
v -9.119999 0.4799997 -4.32 0.2666667 0.1333333 0
v -9.119999 0.4799997 -4.48 0.24 0.12 0
v -8.959999 0.4799997 -4.48 0.2133334 0.1066667 0
v -9.119999 0.3199996 -4.32 0.2666667 0.1333333 0
v -9.119999 0.4799997 -4.32 0.2666667 0.1333333 0
v -8.959999 0.4799997 -4.32 0.24 0.12 0
v -8.959999 0.3199996 -4.32 0.2133334 0.1066667 0
v -9.119999 0.3199996 -4.48 0.2133334 0.1066667 0
v -9.119999 0.4799997 -4.48 0.24 0.12 0
v -9.119999 0.4799997 -4.32 0.2666667 0.1333333 0
v -9.119999 0.3199996 -4.32 0.2666667 0.1333333 0
v -7.039999 -3.576279E-07 -4.639999 0.2666667 0.1333333 0
v -7.199999 -3.576279E-07 -4.639999 0.2666667 0.1333333 0
v -7.199999 -3.576279E-07 -4.48 0.2666667 0.1333333 0
v -7.039999 -3.576279E-07 -4.48 0.2666667 0.1333333 0
v -7.039999 -3.576279E-07 -4.8 0.2666667 0.1333333 0
v -7.199999 -3.576279E-07 -4.8 0.2666667 0.1333333 0
v -7.199999 -3.576279E-07 -4.639999 0.2666667 0.1333333 0
v -7.039999 -3.576279E-07 -4.639999 0.2666667 0.1333333 0
v -7.039999 -3.576279E-07 -4.96 0.2666667 0.1333333 0
v -7.199999 -3.576279E-07 -4.96 0.2666667 0.1333333 0
v -7.199999 -3.576279E-07 -4.8 0.2666667 0.1333333 0
v -7.039999 -3.576279E-07 -4.8 0.2666667 0.1333333 0
v -7.039999 -3.576279E-07 -5.119999 0.2666667 0.1333333 0
v -7.199999 -3.576279E-07 -5.119999 0.2666667 0.1333333 0
v -7.199999 -3.576279E-07 -4.96 0.2666667 0.1333333 0
v -7.039999 -3.576279E-07 -4.96 0.2666667 0.1333333 0
v -7.039999 -3.576279E-07 -5.28 0.2666667 0.1333333 0
v -7.199999 -3.576279E-07 -5.28 0.2666667 0.1333333 0
v -7.199999 -3.576279E-07 -5.119999 0.2666667 0.1333333 0
v -7.039999 -3.576279E-07 -5.119999 0.2666667 0.1333333 0
v -7.039999 -3.576279E-07 -5.44 0.2666667 0.1333333 0
v -7.199999 -3.576279E-07 -5.44 0.2666667 0.1333333 0
v -7.199999 -3.576279E-07 -5.28 0.2666667 0.1333333 0
v -7.039999 -3.576279E-07 -5.28 0.2666667 0.1333333 0
v -7.039999 -3.576279E-07 -5.599999 0.2666667 0.1333333 0
v -7.199999 -3.576279E-07 -5.599999 0.2666667 0.1333333 0
v -7.199999 -3.576279E-07 -5.44 0.2666667 0.1333333 0
v -7.039999 -3.576279E-07 -5.44 0.2666667 0.1333333 0
v -7.039999 -3.576279E-07 -5.759999 0.2666667 0.1333333 0
v -7.199999 -3.576279E-07 -5.759999 0.2666667 0.1333333 0
v -7.199999 -3.576279E-07 -5.599999 0.2666667 0.1333333 0
v -7.039999 -3.576279E-07 -5.599999 0.2666667 0.1333333 0
v -7.039999 -3.576279E-07 -5.92 0.2666667 0.1333333 0
v -7.199999 -3.576279E-07 -5.92 0.2666667 0.1333333 0
v -7.199999 -3.576279E-07 -5.759999 0.2666667 0.1333333 0
v -7.039999 -3.576279E-07 -5.759999 0.2666667 0.1333333 0
v -7.039999 -3.576279E-07 -6.079999 0.2666667 0.1333333 0
v -7.199999 -3.576279E-07 -6.079999 0.2666667 0.1333333 0
v -7.199999 -3.576279E-07 -5.92 0.2666667 0.1333333 0
v -7.039999 -3.576279E-07 -5.92 0.2666667 0.1333333 0
v -7.039999 -3.576279E-07 -6.239999 0.2666667 0.1333333 0
v -7.199999 -3.576279E-07 -6.239999 0.2666667 0.1333333 0
v -7.199999 -3.576279E-07 -6.079999 0.2666667 0.1333333 0
v -7.039999 -3.576279E-07 -6.079999 0.2666667 0.1333333 0
v -7.039999 -3.576279E-07 -6.4 0.2666667 0.1333333 0
v -7.199999 -3.576279E-07 -6.4 0.2666667 0.1333333 0
v -7.199999 -3.576279E-07 -6.24 0.2666667 0.1333333 0
v -7.039999 -3.576279E-07 -6.24 0.2666667 0.1333333 0
v -7.039999 -3.576279E-07 -6.559999 0.2666667 0.1333333 0
v -7.199999 -3.576279E-07 -6.559999 0.2666667 0.1333333 0
v -7.199999 -3.576279E-07 -6.4 0.2666667 0.1333333 0
v -7.039999 -3.576279E-07 -6.4 0.2666667 0.1333333 0
v -7.039999 -3.576279E-07 -6.719999 0.2666667 0.1333333 0
v -7.199999 -3.576279E-07 -6.719999 0.2666667 0.1333333 0
v -7.199999 -3.576279E-07 -6.559999 0.2666667 0.1333333 0
v -7.039999 -3.576279E-07 -6.559999 0.2666667 0.1333333 0
v -7.039999 -3.576279E-07 -6.88 0.2666667 0.1333333 0
v -7.199999 -3.576279E-07 -6.88 0.2666667 0.1333333 0
v -7.199999 -3.576279E-07 -6.719999 0.2666667 0.1333333 0
v -7.039999 -3.576279E-07 -6.719999 0.2666667 0.1333333 0
v -7.039999 -3.576279E-07 -7.039999 0.2666667 0.1333333 0
v -7.199999 -3.576279E-07 -7.039999 0.2666667 0.1333333 0
v -7.199999 -3.576279E-07 -6.879999 0.2666667 0.1333333 0
v -7.039999 -3.576279E-07 -6.879999 0.2666667 0.1333333 0
v -7.039999 0.6399996 -4.48 0.24 0.12 0
v -7.199999 0.6399996 -4.48 0.2666667 0.1333333 0
v -7.199999 0.6399996 -4.639999 0.24 0.12 0
v -7.039999 0.6399996 -4.639999 0.2133334 0.1066667 0
v -7.039999 0.6399996 -5.119999 0.24 0.12 0
v -7.199999 0.6399996 -5.119999 0.2133334 0.1066667 0
v -7.199999 0.6399996 -5.28 0.24 0.12 0
v -7.039999 0.6399996 -5.28 0.2666667 0.1333333 0
v -7.039999 0.6399996 -5.28 0.2666667 0.1333333 0
v -7.199999 0.6399996 -5.28 0.24 0.12 0
v -7.199999 0.6399996 -5.44 0.2666667 0.1333333 0
v -7.039999 0.6399996 -5.44 0.2666667 0.1333333 0
v -7.039999 0.6399996 -5.44 0.2666667 0.1333333 0
v -7.199999 0.6399996 -5.44 0.2666667 0.1333333 0
v -7.199999 0.6399996 -5.599999 0.2666667 0.1333333 0
v -7.039999 0.6399996 -5.599999 0.2666667 0.1333333 0
v -7.039999 0.6399996 -5.599999 0.2666667 0.1333333 0
v -7.199999 0.6399996 -5.599999 0.2666667 0.1333333 0
v -7.199999 0.6399996 -5.759999 0.2666667 0.1333333 0
v -7.039999 0.6399996 -5.759999 0.2666667 0.1333333 0
v -7.039999 0.6399996 -5.759999 0.2666667 0.1333333 0
v -7.199999 0.6399996 -5.759999 0.2666667 0.1333333 0
v -7.199999 0.6399996 -5.92 0.2666667 0.1333333 0
v -7.039999 0.6399996 -5.92 0.2666667 0.1333333 0
v -7.039999 0.6399996 -5.92 0.2666667 0.1333333 0
v -7.199999 0.6399996 -5.92 0.2666667 0.1333333 0
v -7.199999 0.6399996 -6.079999 0.2666667 0.1333333 0
v -7.039999 0.6399996 -6.079999 0.24 0.12 0
v -7.039999 0.6399996 -6.079999 0.24 0.12 0
v -7.199999 0.6399996 -6.079999 0.2666667 0.1333333 0
v -7.199999 0.6399996 -6.239999 0.24 0.12 0
v -7.039999 0.6399996 -6.239999 0.2133334 0.1066667 0
v -7.039999 0.6399996 -6.719999 0.24 0.12 0
v -7.199999 0.6399996 -6.719999 0.2133334 0.1066667 0
v -7.199999 0.6399996 -6.88 0.24 0.12 0
v -7.039999 0.6399996 -6.88 0.2666667 0.1333333 0
v -7.039999 0.6399996 -6.879999 0.2666667 0.1333333 0
v -7.199999 0.6399996 -6.879999 0.24 0.12 0
v -7.199999 0.6399996 -7.039999 0.2666667 0.1333333 0
v -7.039999 0.6399996 -7.039999 0.2666667 0.1333333 0
v -7.039999 0.7999996 -4.639999 0.1882353 0.09803922 0
v -7.199999 0.7999996 -4.639999 0.1882353 0.09803922 0
v -7.199999 0.7999996 -4.8 0.1882353 0.09803922 0
v -7.039999 0.7999996 -4.8 0.1882353 0.09803922 0
v -7.199999 0.6399996 -4.639999 0.1505882 0.07843138 0
v -7.199999 0.7999996 -4.639999 0.1882353 0.09803922 0
v -7.039999 0.7999996 -4.639999 0.1694118 0.0882353 0
v -7.039999 0.6399996 -4.639999 0.1505882 0.07843138 0
v -7.199999 0.6399996 -4.8 0.1505882 0.07843138 0
v -7.199999 0.7999996 -4.8 0.1694118 0.0882353 0
v -7.199999 0.7999996 -4.639999 0.1882353 0.09803922 0
v -7.199999 0.6399996 -4.639999 0.1505882 0.07843138 0
v -7.039999 0.7999996 -4.8 0.1882353 0.09803922 0
v -7.199999 0.7999996 -4.8 0.1882353 0.09803922 0
v -7.199999 0.7999996 -4.96 0.1882353 0.09803922 0
v -7.039999 0.7999996 -4.96 0.1882353 0.09803922 0
v -7.039999 0.7999996 -4.96 0.1882353 0.09803922 0
v -7.199999 0.7999996 -4.96 0.1882353 0.09803922 0
v -7.199999 0.7999996 -5.119999 0.1882353 0.09803922 0
v -7.039999 0.7999996 -5.119999 0.1882353 0.09803922 0
v -7.039999 0.6399996 -5.119999 0.1505882 0.07843138 0
v -7.039999 0.7999996 -5.119999 0.1882353 0.09803922 0
v -7.199999 0.7999996 -5.119999 0.1694118 0.0882353 0
v -7.199999 0.6399996 -5.119999 0.1505882 0.07843138 0
v -7.039999 0.6399996 -4.96 0.1505882 0.07843138 0
v -7.039999 0.7999996 -4.96 0.1694118 0.0882353 0
v -7.039999 0.7999996 -5.119999 0.1882353 0.09803922 0
v -7.039999 0.6399996 -5.119999 0.1505882 0.07843138 0
v -7.039999 0.7999996 -6.24 0.1882353 0.09803922 0
v -7.199999 0.7999996 -6.24 0.1882353 0.09803922 0
v -7.199999 0.7999996 -6.4 0.1882353 0.09803922 0
v -7.039999 0.7999996 -6.4 0.1882353 0.09803922 0
v -7.199999 0.6399996 -6.24 0.1505882 0.07843138 0
v -7.199999 0.7999996 -6.24 0.1882353 0.09803922 0
v -7.039999 0.7999996 -6.24 0.1694118 0.0882353 0
v -7.039999 0.6399996 -6.24 0.1505882 0.07843138 0
v -7.199999 0.6399996 -6.4 0.1505882 0.07843138 0
v -7.199999 0.7999996 -6.4 0.1694118 0.0882353 0
v -7.199999 0.7999996 -6.24 0.1882353 0.09803922 0
v -7.199999 0.6399996 -6.24 0.1505882 0.07843138 0
v -7.039999 0.7999996 -6.4 0.1882353 0.09803922 0
v -7.199999 0.7999996 -6.4 0.1882353 0.09803922 0
v -7.199999 0.7999996 -6.559999 0.1882353 0.09803922 0
v -7.039999 0.7999996 -6.559999 0.1882353 0.09803922 0
v -7.039999 0.7999996 -6.559999 0.1882353 0.09803922 0
v -7.199999 0.7999996 -6.559999 0.1882353 0.09803922 0
v -7.199999 0.7999996 -6.719999 0.1882353 0.09803922 0
v -7.039999 0.7999996 -6.719999 0.1882353 0.09803922 0
v -7.039999 0.6399996 -6.719999 0.1505882 0.07843138 0
v -7.039999 0.7999996 -6.719999 0.1882353 0.09803922 0
v -7.199999 0.7999996 -6.719999 0.1694118 0.0882353 0
v -7.199999 0.6399996 -6.719999 0.1505882 0.07843138 0
v -7.039999 0.6399996 -6.559999 0.1505882 0.07843138 0
v -7.039999 0.7999996 -6.559999 0.1694118 0.0882353 0
v -7.039999 0.7999996 -6.719999 0.1882353 0.09803922 0
v -7.039999 0.6399996 -6.719999 0.1505882 0.07843138 0
v -7.199999 -3.576279E-07 -4.639999 0.2666667 0.1333333 0
v -7.359999 -3.576279E-07 -4.639999 0.2666667 0.1333333 0
v -7.359999 -3.576279E-07 -4.48 0.2666667 0.1333333 0
v -7.199999 -3.576279E-07 -4.48 0.2666667 0.1333333 0
v -7.199999 -3.576279E-07 -4.8 0.2666667 0.1333333 0
v -7.359999 -3.576279E-07 -4.8 0.2666667 0.1333333 0
v -7.359999 -3.576279E-07 -4.639999 0.2666667 0.1333333 0
v -7.199999 -3.576279E-07 -4.639999 0.2666667 0.1333333 0
v -7.199999 -3.576279E-07 -4.96 0.2666667 0.1333333 0
v -7.359999 -3.576279E-07 -4.96 0.2666667 0.1333333 0
v -7.359999 -3.576279E-07 -4.8 0.2666667 0.1333333 0
v -7.199999 -3.576279E-07 -4.8 0.2666667 0.1333333 0
v -7.199999 -3.576279E-07 -5.119999 0.2666667 0.1333333 0
v -7.359999 -3.576279E-07 -5.119999 0.2666667 0.1333333 0
v -7.359999 -3.576279E-07 -4.96 0.2666667 0.1333333 0
v -7.199999 -3.576279E-07 -4.96 0.2666667 0.1333333 0
v -7.199999 -3.576279E-07 -5.28 0.2666667 0.1333333 0
v -7.359999 -3.576279E-07 -5.28 0.2666667 0.1333333 0
v -7.359999 -3.576279E-07 -5.119999 0.2666667 0.1333333 0
v -7.199999 -3.576279E-07 -5.119999 0.2666667 0.1333333 0
v -7.199999 -3.576279E-07 -5.44 0.2666667 0.1333333 0
v -7.359999 -3.576279E-07 -5.44 0.2666667 0.1333333 0
v -7.359999 -3.576279E-07 -5.28 0.2666667 0.1333333 0
v -7.199999 -3.576279E-07 -5.28 0.2666667 0.1333333 0
v -7.199999 -3.576279E-07 -5.599999 0.2666667 0.1333333 0
v -7.359999 -3.576279E-07 -5.599999 0.2666667 0.1333333 0
v -7.359999 -3.576279E-07 -5.44 0.2666667 0.1333333 0
v -7.199999 -3.576279E-07 -5.44 0.2666667 0.1333333 0
v -7.199999 -3.576279E-07 -5.759999 0.2666667 0.1333333 0
v -7.359999 -3.576279E-07 -5.759999 0.2666667 0.1333333 0
v -7.359999 -3.576279E-07 -5.599999 0.2666667 0.1333333 0
v -7.199999 -3.576279E-07 -5.599999 0.2666667 0.1333333 0
v -7.199999 -3.576279E-07 -5.92 0.2666667 0.1333333 0
v -7.359999 -3.576279E-07 -5.92 0.2666667 0.1333333 0
v -7.359999 -3.576279E-07 -5.759999 0.2666667 0.1333333 0
v -7.199999 -3.576279E-07 -5.759999 0.2666667 0.1333333 0
v -7.199999 -3.576279E-07 -6.079999 0.2666667 0.1333333 0
v -7.359999 -3.576279E-07 -6.079999 0.2666667 0.1333333 0
v -7.359999 -3.576279E-07 -5.92 0.2666667 0.1333333 0
v -7.199999 -3.576279E-07 -5.92 0.2666667 0.1333333 0
v -7.199999 -3.576279E-07 -6.239999 0.2666667 0.1333333 0
v -7.359999 -3.576279E-07 -6.239999 0.2666667 0.1333333 0
v -7.359999 -3.576279E-07 -6.079999 0.2666667 0.1333333 0
v -7.199999 -3.576279E-07 -6.079999 0.2666667 0.1333333 0
v -7.199999 -3.576279E-07 -6.4 0.2666667 0.1333333 0
v -7.359999 -3.576279E-07 -6.4 0.2666667 0.1333333 0
v -7.359999 -3.576279E-07 -6.24 0.2666667 0.1333333 0
v -7.199999 -3.576279E-07 -6.24 0.2666667 0.1333333 0
v -7.199999 -3.576279E-07 -6.559999 0.2666667 0.1333333 0
v -7.359999 -3.576279E-07 -6.559999 0.2666667 0.1333333 0
v -7.359999 -3.576279E-07 -6.4 0.2666667 0.1333333 0
v -7.199999 -3.576279E-07 -6.4 0.2666667 0.1333333 0
v -7.199999 -3.576279E-07 -6.719999 0.2666667 0.1333333 0
v -7.359999 -3.576279E-07 -6.719999 0.2666667 0.1333333 0
v -7.359999 -3.576279E-07 -6.559999 0.2666667 0.1333333 0
v -7.199999 -3.576279E-07 -6.559999 0.2666667 0.1333333 0
v -7.199999 -3.576279E-07 -6.88 0.2666667 0.1333333 0
v -7.359999 -3.576279E-07 -6.88 0.2666667 0.1333333 0
v -7.359999 -3.576279E-07 -6.719999 0.2666667 0.1333333 0
v -7.199999 -3.576279E-07 -6.719999 0.2666667 0.1333333 0
v -7.199999 -3.576279E-07 -7.039999 0.2666667 0.1333333 0
v -7.359999 -3.576279E-07 -7.039999 0.2666667 0.1333333 0
v -7.359999 -3.576279E-07 -6.879999 0.2666667 0.1333333 0
v -7.199999 -3.576279E-07 -6.879999 0.2666667 0.1333333 0
v -7.199999 0.6399996 -4.48 0.2666667 0.1333333 0
v -7.359999 0.6399996 -4.48 0.2666667 0.1333333 0
v -7.359999 0.6399996 -4.639999 0.2666667 0.1333333 0
v -7.199999 0.6399996 -4.639999 0.24 0.12 0
v -7.199999 0.6399996 -4.639999 0.24 0.12 0
v -7.359999 0.6399996 -4.639999 0.2666667 0.1333333 0
v -7.359999 0.6399996 -4.8 0.24 0.12 0
v -7.199999 0.6399996 -4.8 0.2133334 0.1066667 0
v -7.199999 0.6399996 -5.28 0.24 0.12 0
v -7.359999 0.6399996 -5.28 0.2133334 0.1066667 0
v -7.359999 0.6399996 -5.44 0.24 0.12 0
v -7.199999 0.6399996 -5.44 0.2666667 0.1333333 0
v -7.199999 0.6399996 -5.44 0.2666667 0.1333333 0
v -7.359999 0.6399996 -5.44 0.24 0.12 0
v -7.359999 0.6399996 -5.599999 0.2666667 0.1333333 0
v -7.199999 0.6399996 -5.599999 0.2666667 0.1333333 0
v -7.199999 0.6399996 -5.599999 0.2666667 0.1333333 0
v -7.359999 0.6399996 -5.599999 0.2666667 0.1333333 0
v -7.359999 0.6399996 -5.759999 0.2666667 0.1333333 0
v -7.199999 0.6399996 -5.759999 0.2666667 0.1333333 0
v -7.199999 0.6399996 -5.759999 0.2666667 0.1333333 0
v -7.359999 0.6399996 -5.759999 0.2666667 0.1333333 0
v -7.359999 0.6399996 -5.92 0.2666667 0.1333333 0
v -7.199999 0.6399996 -5.92 0.2666667 0.1333333 0
v -7.199999 0.6399996 -5.92 0.2666667 0.1333333 0
v -7.359999 0.6399996 -5.92 0.2666667 0.1333333 0
v -7.359999 0.6399996 -6.079999 0.2666667 0.1333333 0
v -7.199999 0.6399996 -6.079999 0.2666667 0.1333333 0
v -7.199999 0.6399996 -6.079999 0.2666667 0.1333333 0
v -7.359999 0.6399996 -6.079999 0.2666667 0.1333333 0
v -7.359999 0.6399996 -6.239999 0.2666667 0.1333333 0
v -7.199999 0.6399996 -6.239999 0.24 0.12 0
v -7.199999 0.6399996 -6.24 0.24 0.12 0
v -7.359999 0.6399996 -6.24 0.2666667 0.1333333 0
v -7.359999 0.6399996 -6.4 0.24 0.12 0
v -7.199999 0.6399996 -6.4 0.2133334 0.1066667 0
v -7.199999 0.6399996 -6.879999 0.24 0.12 0
v -7.359999 0.6399996 -6.879999 0.2133334 0.1066667 0
v -7.359999 0.6399996 -7.039999 0.24 0.12 0
v -7.199999 0.6399996 -7.039999 0.2666667 0.1333333 0
v -7.199999 0.7999996 -4.8 0.1882353 0.09803922 0
v -7.359999 0.7999996 -4.8 0.1882353 0.09803922 0
v -7.359999 0.7999996 -4.96 0.1882353 0.09803922 0
v -7.199999 0.7999996 -4.96 0.1882353 0.09803922 0
v -7.359999 0.6399996 -4.8 0.1505882 0.07843138 0
v -7.359999 0.7999996 -4.8 0.1882353 0.09803922 0
v -7.199999 0.7999996 -4.8 0.1694118 0.0882353 0
v -7.199999 0.6399996 -4.8 0.1505882 0.07843138 0
v -7.359999 0.6399996 -4.96 0.1505882 0.07843138 0
v -7.359999 0.7999996 -4.96 0.1694118 0.0882353 0
v -7.359999 0.7999996 -4.8 0.1882353 0.09803922 0
v -7.359999 0.6399996 -4.8 0.1505882 0.07843138 0
v -7.199999 0.7999996 -4.96 0.1882353 0.09803922 0
v -7.359999 0.7999996 -4.96 0.1882353 0.09803922 0
v -7.359999 0.7999996 -5.119999 0.1882353 0.09803922 0
v -7.199999 0.7999996 -5.119999 0.1882353 0.09803922 0
v -7.199999 0.7999996 -5.119999 0.1882353 0.09803922 0
v -7.359999 0.7999996 -5.119999 0.1882353 0.09803922 0
v -7.359999 0.7999996 -5.28 0.1882353 0.09803922 0
v -7.199999 0.7999996 -5.28 0.1882353 0.09803922 0
v -7.199999 0.6399996 -5.28 0.1505882 0.07843138 0
v -7.199999 0.7999996 -5.28 0.1882353 0.09803922 0
v -7.359999 0.7999996 -5.28 0.1694118 0.0882353 0
v -7.359999 0.6399996 -5.28 0.1505882 0.07843138 0
v -7.199999 0.6399996 -5.119999 0.1505882 0.07843138 0
v -7.199999 0.7999996 -5.119999 0.1694118 0.0882353 0
v -7.199999 0.7999996 -5.28 0.1882353 0.09803922 0
v -7.199999 0.6399996 -5.28 0.1505882 0.07843138 0
v -7.199999 0.7999996 -6.4 0.1882353 0.09803922 0
v -7.359999 0.7999996 -6.4 0.1882353 0.09803922 0
v -7.359999 0.7999996 -6.559999 0.1882353 0.09803922 0
v -7.199999 0.7999996 -6.559999 0.1882353 0.09803922 0
v -7.359999 0.6399996 -6.4 0.1505882 0.07843138 0
v -7.359999 0.7999996 -6.4 0.1882353 0.09803922 0
v -7.199999 0.7999996 -6.4 0.1694118 0.0882353 0
v -7.199999 0.6399996 -6.4 0.1505882 0.07843138 0
v -7.359999 0.6399996 -6.559999 0.1505882 0.07843138 0
v -7.359999 0.7999996 -6.559999 0.1694118 0.0882353 0
v -7.359999 0.7999996 -6.4 0.1882353 0.09803922 0
v -7.359999 0.6399996 -6.4 0.1505882 0.07843138 0
v -7.199999 0.7999996 -6.559999 0.1882353 0.09803922 0
v -7.359999 0.7999996 -6.559999 0.1882353 0.09803922 0
v -7.359999 0.7999996 -6.719999 0.1882353 0.09803922 0
v -7.199999 0.7999996 -6.719999 0.1882353 0.09803922 0
v -7.199999 0.7999996 -6.719999 0.1882353 0.09803922 0
v -7.359999 0.7999996 -6.719999 0.1882353 0.09803922 0
v -7.359999 0.7999996 -6.88 0.1882353 0.09803922 0
v -7.199999 0.7999996 -6.88 0.1882353 0.09803922 0
v -7.199999 0.6399996 -6.88 0.1505882 0.07843138 0
v -7.199999 0.7999996 -6.88 0.1882353 0.09803922 0
v -7.359999 0.7999996 -6.88 0.1694118 0.0882353 0
v -7.359999 0.6399996 -6.88 0.1505882 0.07843138 0
v -7.199999 0.6399996 -6.719999 0.1505882 0.07843138 0
v -7.199999 0.7999996 -6.719999 0.1694118 0.0882353 0
v -7.199999 0.7999996 -6.88 0.1882353 0.09803922 0
v -7.199999 0.6399996 -6.88 0.1505882 0.07843138 0
v -7.359999 -3.576279E-07 -4.639999 0.2666667 0.1333333 0
v -7.519999 -3.576279E-07 -4.639999 0.2666667 0.1333333 0
v -7.519999 -3.576279E-07 -4.48 0.2666667 0.1333333 0
v -7.359999 -3.576279E-07 -4.48 0.2666667 0.1333333 0
v -7.359999 -3.576279E-07 -4.8 0.2666667 0.1333333 0
v -7.519999 -3.576279E-07 -4.8 0.2666667 0.1333333 0
v -7.519999 -3.576279E-07 -4.639999 0.2666667 0.1333333 0
v -7.359999 -3.576279E-07 -4.639999 0.2666667 0.1333333 0
v -7.359999 -3.576279E-07 -4.96 0.2666667 0.1333333 0
v -7.519999 -3.576279E-07 -4.96 0.2666667 0.1333333 0
v -7.519999 -3.576279E-07 -4.8 0.2666667 0.1333333 0
v -7.359999 -3.576279E-07 -4.8 0.2666667 0.1333333 0
v -7.359999 -3.576279E-07 -5.119999 0.2666667 0.1333333 0
v -7.519999 -3.576279E-07 -5.119999 0.2666667 0.1333333 0
v -7.519999 -3.576279E-07 -4.96 0.2666667 0.1333333 0
v -7.359999 -3.576279E-07 -4.96 0.2666667 0.1333333 0
v -7.359999 -3.576279E-07 -5.28 0.2666667 0.1333333 0
v -7.519999 -3.576279E-07 -5.28 0.2666667 0.1333333 0
v -7.519999 -3.576279E-07 -5.119999 0.2666667 0.1333333 0
v -7.359999 -3.576279E-07 -5.119999 0.2666667 0.1333333 0
v -7.359999 -3.576279E-07 -5.44 0.2666667 0.1333333 0
v -7.519999 -3.576279E-07 -5.44 0.2666667 0.1333333 0
v -7.519999 -3.576279E-07 -5.28 0.2666667 0.1333333 0
v -7.359999 -3.576279E-07 -5.28 0.2666667 0.1333333 0
v -7.359999 -3.576279E-07 -5.599999 0.2666667 0.1333333 0
v -7.519999 -3.576279E-07 -5.599999 0.2666667 0.1333333 0
v -7.519999 -3.576279E-07 -5.44 0.2666667 0.1333333 0
v -7.359999 -3.576279E-07 -5.44 0.2666667 0.1333333 0
v -7.359999 -3.576279E-07 -5.759999 0.2666667 0.1333333 0
v -7.519999 -3.576279E-07 -5.759999 0.2666667 0.1333333 0
v -7.519999 -3.576279E-07 -5.599999 0.2666667 0.1333333 0
v -7.359999 -3.576279E-07 -5.599999 0.2666667 0.1333333 0
v -7.359999 -3.576279E-07 -5.92 0.2666667 0.1333333 0
v -7.519999 -3.576279E-07 -5.92 0.2666667 0.1333333 0
v -7.519999 -3.576279E-07 -5.759999 0.2666667 0.1333333 0
v -7.359999 -3.576279E-07 -5.759999 0.2666667 0.1333333 0
v -7.359999 -3.576279E-07 -6.079999 0.2666667 0.1333333 0
v -7.519999 -3.576279E-07 -6.079999 0.2666667 0.1333333 0
v -7.519999 -3.576279E-07 -5.92 0.2666667 0.1333333 0
v -7.359999 -3.576279E-07 -5.92 0.2666667 0.1333333 0
v -7.359999 -3.576279E-07 -6.239999 0.2666667 0.1333333 0
v -7.519999 -3.576279E-07 -6.239999 0.2666667 0.1333333 0
v -7.519999 -3.576279E-07 -6.079999 0.2666667 0.1333333 0
v -7.359999 -3.576279E-07 -6.079999 0.2666667 0.1333333 0
v -7.359999 -3.576279E-07 -6.4 0.2666667 0.1333333 0
v -7.519999 -3.576279E-07 -6.4 0.2666667 0.1333333 0
v -7.519999 -3.576279E-07 -6.24 0.2666667 0.1333333 0
v -7.359999 -3.576279E-07 -6.24 0.2666667 0.1333333 0
v -7.359999 -3.576279E-07 -6.559999 0.2666667 0.1333333 0
v -7.519999 -3.576279E-07 -6.559999 0.2666667 0.1333333 0
v -7.519999 -3.576279E-07 -6.4 0.2666667 0.1333333 0
v -7.359999 -3.576279E-07 -6.4 0.2666667 0.1333333 0
v -7.359999 -3.576279E-07 -6.719999 0.2666667 0.1333333 0
v -7.519999 -3.576279E-07 -6.719999 0.2666667 0.1333333 0
v -7.519999 -3.576279E-07 -6.559999 0.2666667 0.1333333 0
v -7.359999 -3.576279E-07 -6.559999 0.2666667 0.1333333 0
v -7.359999 -3.576279E-07 -6.88 0.2666667 0.1333333 0
v -7.519999 -3.576279E-07 -6.88 0.2666667 0.1333333 0
v -7.519999 -3.576279E-07 -6.719999 0.2666667 0.1333333 0
v -7.359999 -3.576279E-07 -6.719999 0.2666667 0.1333333 0
v -7.359999 -3.576279E-07 -7.039999 0.2666667 0.1333333 0
v -7.519999 -3.576279E-07 -7.039999 0.2666667 0.1333333 0
v -7.519999 -3.576279E-07 -6.879999 0.2666667 0.1333333 0
v -7.359999 -3.576279E-07 -6.879999 0.2666667 0.1333333 0
v -7.359999 0.6399996 -4.48 0.2666667 0.1333333 0
v -7.519999 0.6399996 -4.48 0.2666667 0.1333333 0
v -7.519999 0.6399996 -4.639999 0.2666667 0.1333333 0
v -7.359999 0.6399996 -4.639999 0.2666667 0.1333333 0
v -7.359999 0.6399996 -4.639999 0.2666667 0.1333333 0
v -7.519999 0.6399996 -4.639999 0.2666667 0.1333333 0
v -7.519999 0.6399996 -4.8 0.2666667 0.1333333 0
v -7.359999 0.6399996 -4.8 0.24 0.12 0
v -7.359999 0.6399996 -4.8 0.24 0.12 0
v -7.519999 0.6399996 -4.8 0.2666667 0.1333333 0
v -7.519999 0.6399996 -4.96 0.24 0.12 0
v -7.359999 0.6399996 -4.96 0.2133334 0.1066667 0
v -7.359999 0.6399996 -5.44 0.24 0.12 0
v -7.519999 0.6399996 -5.44 0.2133334 0.1066667 0
v -7.519999 0.6399996 -5.599999 0.24 0.12 0
v -7.359999 0.6399996 -5.599999 0.2666667 0.1333333 0
v -7.359999 0.6399996 -5.599999 0.2666667 0.1333333 0
v -7.519999 0.6399996 -5.599999 0.24 0.12 0
v -7.519999 0.6399996 -5.759999 0.2666667 0.1333333 0
v -7.359999 0.6399996 -5.759999 0.2666667 0.1333333 0
v -7.359999 0.6399996 -5.759999 0.2666667 0.1333333 0
v -7.519999 0.6399996 -5.759999 0.2666667 0.1333333 0
v -7.519999 0.6399996 -5.92 0.2666667 0.1333333 0
v -7.359999 0.6399996 -5.92 0.2666667 0.1333333 0
v -7.359999 0.6399996 -5.92 0.2666667 0.1333333 0
v -7.519999 0.6399996 -5.92 0.2666667 0.1333333 0
v -7.519999 0.6399996 -6.079999 0.2666667 0.1333333 0
v -7.359999 0.6399996 -6.079999 0.2666667 0.1333333 0
v -7.359999 0.6399996 -6.079999 0.2666667 0.1333333 0
v -7.519999 0.6399996 -6.079999 0.2666667 0.1333333 0
v -7.519999 0.6399996 -6.239999 0.2666667 0.1333333 0
v -7.359999 0.6399996 -6.239999 0.2666667 0.1333333 0
v -7.359999 0.6399996 -6.24 0.2666667 0.1333333 0
v -7.519999 0.6399996 -6.24 0.2666667 0.1333333 0
v -7.519999 0.6399996 -6.4 0.2666667 0.1333333 0
v -7.359999 0.6399996 -6.4 0.24 0.12 0
v -7.359999 0.6399996 -6.4 0.24 0.12 0
v -7.519999 0.6399996 -6.4 0.2666667 0.1333333 0
v -7.519999 0.6399996 -6.559999 0.24 0.12 0
v -7.359999 0.6399996 -6.559999 0.2133334 0.1066667 0
v -7.359999 0.7999996 -4.96 0.1882353 0.09803922 0
v -7.519999 0.7999996 -4.96 0.1882353 0.09803922 0
v -7.519999 0.7999996 -5.119999 0.1882353 0.09803922 0
v -7.359999 0.7999996 -5.119999 0.1882353 0.09803922 0
v -7.519999 0.6399996 -4.96 0.1505882 0.07843138 0
v -7.519999 0.7999996 -4.96 0.1882353 0.09803922 0
v -7.359999 0.7999996 -4.96 0.1694118 0.0882353 0
v -7.359999 0.6399996 -4.96 0.1505882 0.07843138 0
v -7.519999 0.6399996 -5.119999 0.1505882 0.07843138 0
v -7.519999 0.7999996 -5.119999 0.1694118 0.0882353 0
v -7.519999 0.7999996 -4.96 0.1882353 0.09803922 0
v -7.519999 0.6399996 -4.96 0.1505882 0.07843138 0
v -7.359999 0.7999996 -5.119999 0.1882353 0.09803922 0
v -7.519999 0.7999996 -5.119999 0.1882353 0.09803922 0
v -7.519999 0.7999996 -5.28 0.1882353 0.09803922 0
v -7.359999 0.7999996 -5.28 0.1882353 0.09803922 0
v -7.359999 0.7999996 -5.28 0.1882353 0.09803922 0
v -7.519999 0.7999996 -5.28 0.1882353 0.09803922 0
v -7.519999 0.7999996 -5.44 0.1882353 0.09803922 0
v -7.359999 0.7999996 -5.44 0.1882353 0.09803922 0
v -7.359999 0.6399996 -5.44 0.1505882 0.07843138 0
v -7.359999 0.7999996 -5.44 0.1882353 0.09803922 0
v -7.519999 0.7999996 -5.44 0.1694118 0.0882353 0
v -7.519999 0.6399996 -5.44 0.1505882 0.07843138 0
v -7.359999 0.6399996 -5.28 0.1505882 0.07843138 0
v -7.359999 0.7999996 -5.28 0.1694118 0.0882353 0
v -7.359999 0.7999996 -5.44 0.1882353 0.09803922 0
v -7.359999 0.6399996 -5.44 0.1505882 0.07843138 0
v -7.359999 0.7999996 -6.559999 0.1882353 0.09803922 0
v -7.519999 0.7999996 -6.559999 0.1882353 0.09803922 0
v -7.519999 0.7999996 -6.719999 0.1882353 0.09803922 0
v -7.359999 0.7999996 -6.719999 0.1882353 0.09803922 0
v -7.519999 0.6399996 -6.559999 0.1505882 0.07843138 0
v -7.519999 0.7999996 -6.559999 0.1882353 0.09803922 0
v -7.359999 0.7999996 -6.559999 0.1694118 0.0882353 0
v -7.359999 0.6399996 -6.559999 0.1505882 0.07843138 0
v -7.519999 0.6399996 -6.719999 0.1505882 0.07843138 0
v -7.519999 0.7999996 -6.719999 0.1694118 0.0882353 0
v -7.519999 0.7999996 -6.559999 0.1882353 0.09803922 0
v -7.519999 0.6399996 -6.559999 0.1505882 0.07843138 0
v -7.359999 0.7999996 -6.719999 0.1882353 0.09803922 0
v -7.519999 0.7999996 -6.719999 0.1882353 0.09803922 0
v -7.519999 0.7999996 -6.88 0.1882353 0.09803922 0
v -7.359999 0.7999996 -6.88 0.1882353 0.09803922 0
v -7.359999 0.7999996 -6.879999 0.1882353 0.09803922 0
v -7.519999 0.7999996 -6.879999 0.1882353 0.09803922 0
v -7.519999 0.7999996 -7.039999 0.1882353 0.09803922 0
v -7.359999 0.7999996 -7.039999 0.1882353 0.09803922 0
v -7.359999 0.6399996 -7.039999 0.1505882 0.07843138 0
v -7.359999 0.7999996 -7.039999 0.1882353 0.09803922 0
v -7.519999 0.7999996 -7.039999 0.1694118 0.0882353 0
v -7.519999 0.6399996 -7.039999 0.1505882 0.07843138 0
v -7.359999 0.6399996 -6.879999 0.1505882 0.07843138 0
v -7.359999 0.7999996 -6.879999 0.1694118 0.0882353 0
v -7.359999 0.7999996 -7.039999 0.1882353 0.09803922 0
v -7.359999 0.6399996 -7.039999 0.1505882 0.07843138 0
v -7.519999 -3.576279E-07 -4.639999 0.2666667 0.1333333 0
v -7.679999 -3.576279E-07 -4.639999 0.2666667 0.1333333 0
v -7.679999 -3.576279E-07 -4.48 0.2666667 0.1333333 0
v -7.519999 -3.576279E-07 -4.48 0.2666667 0.1333333 0
v -7.519999 -3.576279E-07 -4.8 0.2666667 0.1333333 0
v -7.679999 -3.576279E-07 -4.8 0.2666667 0.1333333 0
v -7.679999 -3.576279E-07 -4.639999 0.2666667 0.1333333 0
v -7.519999 -3.576279E-07 -4.639999 0.2666667 0.1333333 0
v -7.519999 -3.576279E-07 -4.96 0.2666667 0.1333333 0
v -7.679999 -3.576279E-07 -4.96 0.2666667 0.1333333 0
v -7.679999 -3.576279E-07 -4.8 0.2666667 0.1333333 0
v -7.519999 -3.576279E-07 -4.8 0.2666667 0.1333333 0
v -7.519999 -3.576279E-07 -5.119999 0.2666667 0.1333333 0
v -7.679999 -3.576279E-07 -5.119999 0.2666667 0.1333333 0
v -7.679999 -3.576279E-07 -4.96 0.2666667 0.1333333 0
v -7.519999 -3.576279E-07 -4.96 0.2666667 0.1333333 0
v -7.519999 -3.576279E-07 -5.28 0.2666667 0.1333333 0
v -7.679999 -3.576279E-07 -5.28 0.2666667 0.1333333 0
v -7.679999 -3.576279E-07 -5.119999 0.2666667 0.1333333 0
v -7.519999 -3.576279E-07 -5.119999 0.2666667 0.1333333 0
v -7.519999 -3.576279E-07 -5.44 0.2666667 0.1333333 0
v -7.679999 -3.576279E-07 -5.44 0.2666667 0.1333333 0
v -7.679999 -3.576279E-07 -5.28 0.2666667 0.1333333 0
v -7.519999 -3.576279E-07 -5.28 0.2666667 0.1333333 0
v -7.519999 -3.576279E-07 -5.599999 0.2666667 0.1333333 0
v -7.679999 -3.576279E-07 -5.599999 0.2666667 0.1333333 0
v -7.679999 -3.576279E-07 -5.44 0.2666667 0.1333333 0
v -7.519999 -3.576279E-07 -5.44 0.2666667 0.1333333 0
v -7.519999 -3.576279E-07 -5.759999 0.2666667 0.1333333 0
v -7.679999 -3.576279E-07 -5.759999 0.2666667 0.1333333 0
v -7.679999 -3.576279E-07 -5.599999 0.2666667 0.1333333 0
v -7.519999 -3.576279E-07 -5.599999 0.2666667 0.1333333 0
v -7.519999 -3.576279E-07 -5.92 0.2666667 0.1333333 0
v -7.679999 -3.576279E-07 -5.92 0.2666667 0.1333333 0
v -7.679999 -3.576279E-07 -5.759999 0.2666667 0.1333333 0
v -7.519999 -3.576279E-07 -5.759999 0.2666667 0.1333333 0
v -7.519999 -3.576279E-07 -6.079999 0.2666667 0.1333333 0
v -7.679999 -3.576279E-07 -6.079999 0.2666667 0.1333333 0
v -7.679999 -3.576279E-07 -5.92 0.2666667 0.1333333 0
v -7.519999 -3.576279E-07 -5.92 0.2666667 0.1333333 0
v -7.519999 -3.576279E-07 -6.239999 0.2666667 0.1333333 0
v -7.679999 -3.576279E-07 -6.239999 0.2666667 0.1333333 0
v -7.679999 -3.576279E-07 -6.079999 0.2666667 0.1333333 0
v -7.519999 -3.576279E-07 -6.079999 0.2666667 0.1333333 0
v -7.519999 -3.576279E-07 -6.4 0.2666667 0.1333333 0
v -7.679999 -3.576279E-07 -6.4 0.2666667 0.1333333 0
v -7.679999 -3.576279E-07 -6.24 0.2666667 0.1333333 0
v -7.519999 -3.576279E-07 -6.24 0.2666667 0.1333333 0
v -7.519999 -3.576279E-07 -6.559999 0.2666667 0.1333333 0
v -7.679999 -3.576279E-07 -6.559999 0.2666667 0.1333333 0
v -7.679999 -3.576279E-07 -6.4 0.2666667 0.1333333 0
v -7.519999 -3.576279E-07 -6.4 0.2666667 0.1333333 0
v -7.519999 -3.576279E-07 -6.719999 0.2666667 0.1333333 0
v -7.679999 -3.576279E-07 -6.719999 0.2666667 0.1333333 0
v -7.679999 -3.576279E-07 -6.559999 0.2666667 0.1333333 0
v -7.519999 -3.576279E-07 -6.559999 0.2666667 0.1333333 0
v -7.519999 -3.576279E-07 -6.88 0.2666667 0.1333333 0
v -7.679999 -3.576279E-07 -6.88 0.2666667 0.1333333 0
v -7.679999 -3.576279E-07 -6.719999 0.2666667 0.1333333 0
v -7.519999 -3.576279E-07 -6.719999 0.2666667 0.1333333 0
v -7.519999 -3.576279E-07 -7.039999 0.2666667 0.1333333 0
v -7.679999 -3.576279E-07 -7.039999 0.2666667 0.1333333 0
v -7.679999 -3.576279E-07 -6.879999 0.2666667 0.1333333 0
v -7.519999 -3.576279E-07 -6.879999 0.2666667 0.1333333 0
v -7.519999 0.6399996 -4.48 0.2666667 0.1333333 0
v -7.679999 0.6399996 -4.48 0.2666667 0.1333333 0
v -7.679999 0.6399996 -4.639999 0.2666667 0.1333333 0
v -7.519999 0.6399996 -4.639999 0.2666667 0.1333333 0
v -7.519999 0.6399996 -4.639999 0.2666667 0.1333333 0
v -7.679999 0.6399996 -4.639999 0.2666667 0.1333333 0
v -7.679999 0.6399996 -4.8 0.2666667 0.1333333 0
v -7.519999 0.6399996 -4.8 0.2666667 0.1333333 0
v -7.519999 0.6399996 -4.8 0.2666667 0.1333333 0
v -7.679999 0.6399996 -4.8 0.2666667 0.1333333 0
v -7.679999 0.6399996 -4.96 0.2666667 0.1333333 0
v -7.519999 0.6399996 -4.96 0.24 0.12 0
v -7.519999 0.6399996 -4.96 0.24 0.12 0
v -7.679999 0.6399996 -4.96 0.2666667 0.1333333 0
v -7.679999 0.6399996 -5.119999 0.24 0.12 0
v -7.519999 0.6399996 -5.119999 0.2133334 0.1066667 0
v -7.519999 0.6399996 -5.599999 0.24 0.12 0
v -7.679999 0.6399996 -5.599999 0.2133334 0.1066667 0
v -7.679999 0.6399996 -5.759999 0.24 0.12 0
v -7.519999 0.6399996 -5.759999 0.2666667 0.1333333 0
v -7.519999 0.6399996 -5.759999 0.2666667 0.1333333 0
v -7.679999 0.6399996 -5.759999 0.24 0.12 0
v -7.679999 0.6399996 -5.92 0.2666667 0.1333333 0
v -7.519999 0.6399996 -5.92 0.2666667 0.1333333 0
v -7.519999 0.6399996 -5.92 0.2666667 0.1333333 0
v -7.679999 0.6399996 -5.92 0.2666667 0.1333333 0
v -7.679999 0.6399996 -6.079999 0.2666667 0.1333333 0
v -7.519999 0.6399996 -6.079999 0.2666667 0.1333333 0
v -7.519999 0.6399996 -6.079999 0.2666667 0.1333333 0
v -7.679999 0.6399996 -6.079999 0.2666667 0.1333333 0
v -7.679999 0.6399996 -6.239999 0.2666667 0.1333333 0
v -7.519999 0.6399996 -6.239999 0.2666667 0.1333333 0
v -7.519999 0.6399996 -6.24 0.2666667 0.1333333 0
v -7.679999 0.6399996 -6.24 0.2666667 0.1333333 0
v -7.679999 0.6399996 -6.4 0.2666667 0.1333333 0
v -7.519999 0.6399996 -6.4 0.2666667 0.1333333 0
v -7.519999 0.6399996 -6.4 0.2666667 0.1333333 0
v -7.679999 0.6399996 -6.4 0.2666667 0.1333333 0
v -7.679999 0.6399996 -6.559999 0.2666667 0.1333333 0
v -7.519999 0.6399996 -6.559999 0.24 0.12 0
v -7.519999 0.6399996 -6.559999 0.24 0.12 0
v -7.679999 0.6399996 -6.559999 0.2666667 0.1333333 0
v -7.679999 0.6399996 -6.719999 0.24 0.12 0
v -7.519999 0.6399996 -6.719999 0.2133334 0.1066667 0
v -7.519999 0.7999996 -5.119999 0.1882353 0.09803922 0
v -7.679999 0.7999996 -5.119999 0.1882353 0.09803922 0
v -7.679999 0.7999996 -5.28 0.1882353 0.09803922 0
v -7.519999 0.7999996 -5.28 0.1882353 0.09803922 0
v -7.679999 0.6399996 -5.119999 0.1505882 0.07843138 0
v -7.679999 0.7999996 -5.119999 0.1882353 0.09803922 0
v -7.519999 0.7999996 -5.119999 0.1694118 0.0882353 0
v -7.519999 0.6399996 -5.119999 0.1505882 0.07843138 0
v -7.679999 0.6399996 -5.28 0.1505882 0.07843138 0
v -7.679999 0.7999996 -5.28 0.1694118 0.0882353 0
v -7.679999 0.7999996 -5.119999 0.1882353 0.09803922 0
v -7.679999 0.6399996 -5.119999 0.1505882 0.07843138 0
v -7.519999 0.7999996 -5.28 0.1882353 0.09803922 0
v -7.679999 0.7999996 -5.28 0.1882353 0.09803922 0
v -7.679999 0.7999996 -5.44 0.1882353 0.09803922 0
v -7.519999 0.7999996 -5.44 0.1882353 0.09803922 0
v -7.519999 0.7999996 -5.44 0.1882353 0.09803922 0
v -7.679999 0.7999996 -5.44 0.1882353 0.09803922 0
v -7.679999 0.7999996 -5.599999 0.1882353 0.09803922 0
v -7.519999 0.7999996 -5.599999 0.1882353 0.09803922 0
v -7.519999 0.6399996 -5.599999 0.1505882 0.07843138 0
v -7.519999 0.7999996 -5.599999 0.1882353 0.09803922 0
v -7.679999 0.7999996 -5.599999 0.1694118 0.0882353 0
v -7.679999 0.6399996 -5.599999 0.1505882 0.07843138 0
v -7.519999 0.6399996 -5.44 0.1505882 0.07843138 0
v -7.519999 0.7999996 -5.44 0.1694118 0.0882353 0
v -7.519999 0.7999996 -5.599999 0.1882353 0.09803922 0
v -7.519999 0.6399996 -5.599999 0.1505882 0.07843138 0
v -7.519999 0.7999996 -6.719999 0.1882353 0.09803922 0
v -7.679999 0.7999996 -6.719999 0.1882353 0.09803922 0
v -7.679999 0.7999996 -6.88 0.1882353 0.09803922 0
v -7.519999 0.7999996 -6.88 0.1882353 0.09803922 0
v -7.679999 0.6399996 -6.719999 0.1505882 0.07843138 0
v -7.679999 0.7999996 -6.719999 0.1882353 0.09803922 0
v -7.519999 0.7999996 -6.719999 0.1694118 0.0882353 0
v -7.519999 0.6399996 -6.719999 0.1505882 0.07843138 0
v -7.679999 0.6399996 -6.88 0.1505882 0.07843138 0
v -7.679999 0.7999996 -6.88 0.1694118 0.0882353 0
v -7.679999 0.7999996 -6.719999 0.1882353 0.09803922 0
v -7.679999 0.6399996 -6.719999 0.1505882 0.07843138 0
v -7.519999 0.7999996 -6.879999 0.1882353 0.09803922 0
v -7.679999 0.7999996 -6.879999 0.1882353 0.09803922 0
v -7.679999 0.7999996 -7.039999 0.1882353 0.09803922 0
v -7.519999 0.7999996 -7.039999 0.1882353 0.09803922 0
v -7.679999 -3.576279E-07 -4.639999 0.2666667 0.1333333 0
v -7.839999 -3.576279E-07 -4.639999 0.2666667 0.1333333 0
v -7.839999 -3.576279E-07 -4.48 0.2666667 0.1333333 0
v -7.679999 -3.576279E-07 -4.48 0.2666667 0.1333333 0
v -7.679999 -3.576279E-07 -4.8 0.2666667 0.1333333 0
v -7.839999 -3.576279E-07 -4.8 0.2666667 0.1333333 0
v -7.839999 -3.576279E-07 -4.639999 0.2666667 0.1333333 0
v -7.679999 -3.576279E-07 -4.639999 0.2666667 0.1333333 0
v -7.679999 -3.576279E-07 -4.96 0.2666667 0.1333333 0
v -7.839999 -3.576279E-07 -4.96 0.2666667 0.1333333 0
v -7.839999 -3.576279E-07 -4.8 0.2666667 0.1333333 0
v -7.679999 -3.576279E-07 -4.8 0.2666667 0.1333333 0
v -7.679999 -3.576279E-07 -5.119999 0.2666667 0.1333333 0
v -7.839999 -3.576279E-07 -5.119999 0.2666667 0.1333333 0
v -7.839999 -3.576279E-07 -4.96 0.2666667 0.1333333 0
v -7.679999 -3.576279E-07 -4.96 0.2666667 0.1333333 0
v -7.679999 -3.576279E-07 -5.28 0.2666667 0.1333333 0
v -7.839999 -3.576279E-07 -5.28 0.2666667 0.1333333 0
v -7.839999 -3.576279E-07 -5.119999 0.2666667 0.1333333 0
v -7.679999 -3.576279E-07 -5.119999 0.2666667 0.1333333 0
v -7.679999 -3.576279E-07 -5.44 0.2666667 0.1333333 0
v -7.839999 -3.576279E-07 -5.44 0.2666667 0.1333333 0
v -7.839999 -3.576279E-07 -5.28 0.2666667 0.1333333 0
v -7.679999 -3.576279E-07 -5.28 0.2666667 0.1333333 0
v -7.679999 -3.576279E-07 -5.599999 0.2666667 0.1333333 0
v -7.839999 -3.576279E-07 -5.599999 0.2666667 0.1333333 0
v -7.839999 -3.576279E-07 -5.44 0.2666667 0.1333333 0
v -7.679999 -3.576279E-07 -5.44 0.2666667 0.1333333 0
v -7.679999 -3.576279E-07 -5.759999 0.2666667 0.1333333 0
v -7.839999 -3.576279E-07 -5.759999 0.2666667 0.1333333 0
v -7.839999 -3.576279E-07 -5.599999 0.2666667 0.1333333 0
v -7.679999 -3.576279E-07 -5.599999 0.2666667 0.1333333 0
v -7.679999 -3.576279E-07 -5.92 0.2666667 0.1333333 0
v -7.839999 -3.576279E-07 -5.92 0.2666667 0.1333333 0
v -7.839999 -3.576279E-07 -5.759999 0.2666667 0.1333333 0
v -7.679999 -3.576279E-07 -5.759999 0.2666667 0.1333333 0
v -7.679999 -3.576279E-07 -6.079999 0.2666667 0.1333333 0
v -7.839999 -3.576279E-07 -6.079999 0.2666667 0.1333333 0
v -7.839999 -3.576279E-07 -5.92 0.2666667 0.1333333 0
v -7.679999 -3.576279E-07 -5.92 0.2666667 0.1333333 0
v -7.679999 -3.576279E-07 -6.239999 0.2666667 0.1333333 0
v -7.839999 -3.576279E-07 -6.239999 0.2666667 0.1333333 0
v -7.839999 -3.576279E-07 -6.079999 0.2666667 0.1333333 0
v -7.679999 -3.576279E-07 -6.079999 0.2666667 0.1333333 0
v -7.679999 -3.576279E-07 -6.4 0.2666667 0.1333333 0
v -7.839999 -3.576279E-07 -6.4 0.2666667 0.1333333 0
v -7.839999 -3.576279E-07 -6.24 0.2666667 0.1333333 0
v -7.679999 -3.576279E-07 -6.24 0.2666667 0.1333333 0
v -7.679999 -3.576279E-07 -6.559999 0.2666667 0.1333333 0
v -7.839999 -3.576279E-07 -6.559999 0.2666667 0.1333333 0
v -7.839999 -3.576279E-07 -6.4 0.2666667 0.1333333 0
v -7.679999 -3.576279E-07 -6.4 0.2666667 0.1333333 0
v -7.679999 -3.576279E-07 -6.719999 0.2666667 0.1333333 0
v -7.839999 -3.576279E-07 -6.719999 0.2666667 0.1333333 0
v -7.839999 -3.576279E-07 -6.559999 0.2666667 0.1333333 0
v -7.679999 -3.576279E-07 -6.559999 0.2666667 0.1333333 0
v -7.679999 -3.576279E-07 -6.88 0.2666667 0.1333333 0
v -7.839999 -3.576279E-07 -6.88 0.2666667 0.1333333 0
v -7.839999 -3.576279E-07 -6.719999 0.2666667 0.1333333 0
v -7.679999 -3.576279E-07 -6.719999 0.2666667 0.1333333 0
v -7.679999 -3.576279E-07 -7.039999 0.2666667 0.1333333 0
v -7.839999 -3.576279E-07 -7.039999 0.2666667 0.1333333 0
v -7.839999 -3.576279E-07 -6.879999 0.2666667 0.1333333 0
v -7.679999 -3.576279E-07 -6.879999 0.2666667 0.1333333 0
v -7.679999 0.6399996 -4.48 0.2666667 0.1333333 0
v -7.839999 0.6399996 -4.48 0.24 0.12 0
v -7.839999 0.6399996 -4.639999 0.2666667 0.1333333 0
v -7.679999 0.6399996 -4.639999 0.2666667 0.1333333 0
v -7.679999 0.6399996 -4.639999 0.2666667 0.1333333 0
v -7.839999 0.6399996 -4.639999 0.2666667 0.1333333 0
v -7.839999 0.6399996 -4.8 0.2666667 0.1333333 0
v -7.679999 0.6399996 -4.8 0.2666667 0.1333333 0
v -7.679999 0.6399996 -4.8 0.2666667 0.1333333 0
v -7.839999 0.6399996 -4.8 0.2666667 0.1333333 0
v -7.839999 0.6399996 -4.96 0.2666667 0.1333333 0
v -7.679999 0.6399996 -4.96 0.2666667 0.1333333 0
v -7.679999 0.6399996 -4.96 0.2666667 0.1333333 0
v -7.839999 0.6399996 -4.96 0.2666667 0.1333333 0
v -7.839999 0.6399996 -5.119999 0.2666667 0.1333333 0
v -7.679999 0.6399996 -5.119999 0.24 0.12 0
v -7.679999 0.6399996 -5.119999 0.24 0.12 0
v -7.839999 0.6399996 -5.119999 0.2666667 0.1333333 0
v -7.839999 0.6399996 -5.28 0.24 0.12 0
v -7.679999 0.6399996 -5.28 0.2133334 0.1066667 0
v -7.679999 0.6399996 -5.759999 0.24 0.12 0
v -7.839999 0.6399996 -5.759999 0.2133334 0.1066667 0
v -7.839999 0.6399996 -5.92 0.24 0.12 0
v -7.679999 0.6399996 -5.92 0.2666667 0.1333333 0
v -7.679999 0.6399996 -5.92 0.2666667 0.1333333 0
v -7.839999 0.6399996 -5.92 0.24 0.12 0
v -7.839999 0.6399996 -6.079999 0.2666667 0.1333333 0
v -7.679999 0.6399996 -6.079999 0.2666667 0.1333333 0
v -7.679999 0.6399996 -6.079999 0.2666667 0.1333333 0
v -7.839999 0.6399996 -6.079999 0.2666667 0.1333333 0
v -7.839999 0.6399996 -6.239999 0.2666667 0.1333333 0
v -7.679999 0.6399996 -6.239999 0.2666667 0.1333333 0
v -7.679999 0.6399996 -6.24 0.2666667 0.1333333 0
v -7.839999 0.6399996 -6.24 0.2666667 0.1333333 0
v -7.839999 0.6399996 -6.4 0.2666667 0.1333333 0
v -7.679999 0.6399996 -6.4 0.2666667 0.1333333 0
v -7.679999 0.6399996 -6.4 0.2666667 0.1333333 0
v -7.839999 0.6399996 -6.4 0.2666667 0.1333333 0
v -7.839999 0.6399996 -6.559999 0.2666667 0.1333333 0
v -7.679999 0.6399996 -6.559999 0.2666667 0.1333333 0
v -7.679999 0.6399996 -6.559999 0.2666667 0.1333333 0
v -7.839999 0.6399996 -6.559999 0.2666667 0.1333333 0
v -7.839999 0.6399996 -6.719999 0.2666667 0.1333333 0
v -7.679999 0.6399996 -6.719999 0.24 0.12 0
v -7.679999 0.6399996 -6.719999 0.24 0.12 0
v -7.839999 0.6399996 -6.719999 0.2666667 0.1333333 0
v -7.839999 0.6399996 -6.88 0.24 0.12 0
v -7.679999 0.6399996 -6.88 0.2133334 0.1066667 0
v -7.679999 0.7999996 -5.28 0.1882353 0.09803922 0
v -7.839999 0.7999996 -5.28 0.1882353 0.09803922 0
v -7.839999 0.7999996 -5.44 0.1882353 0.09803922 0
v -7.679999 0.7999996 -5.44 0.1882353 0.09803922 0
v -7.839999 0.6399996 -5.28 0.1505882 0.07843138 0
v -7.839999 0.7999996 -5.28 0.1882353 0.09803922 0
v -7.679999 0.7999996 -5.28 0.1694118 0.0882353 0
v -7.679999 0.6399996 -5.28 0.1505882 0.07843138 0
v -7.839999 0.6399996 -5.44 0.1505882 0.07843138 0
v -7.839999 0.7999996 -5.44 0.1694118 0.0882353 0
v -7.839999 0.7999996 -5.28 0.1882353 0.09803922 0
v -7.839999 0.6399996 -5.28 0.1505882 0.07843138 0
v -7.679999 0.7999996 -5.44 0.1882353 0.09803922 0
v -7.839999 0.7999996 -5.44 0.1882353 0.09803922 0
v -7.839999 0.7999996 -5.599999 0.1882353 0.09803922 0
v -7.679999 0.7999996 -5.599999 0.1882353 0.09803922 0
v -7.679999 0.7999996 -5.599999 0.1882353 0.09803922 0
v -7.839999 0.7999996 -5.599999 0.1882353 0.09803922 0
v -7.839999 0.7999996 -5.759999 0.1882353 0.09803922 0
v -7.679999 0.7999996 -5.759999 0.1882353 0.09803922 0
v -7.679999 0.6399996 -5.759999 0.1505882 0.07843138 0
v -7.679999 0.7999996 -5.759999 0.1882353 0.09803922 0
v -7.839999 0.7999996 -5.759999 0.1694118 0.0882353 0
v -7.839999 0.6399996 -5.759999 0.1505882 0.07843138 0
v -7.679999 0.6399996 -5.599999 0.1505882 0.07843138 0
v -7.679999 0.7999996 -5.599999 0.1694118 0.0882353 0
v -7.679999 0.7999996 -5.759999 0.1882353 0.09803922 0
v -7.679999 0.6399996 -5.759999 0.1505882 0.07843138 0
v -7.679999 0.7999996 -6.879999 0.1882353 0.09803922 0
v -7.839999 0.7999996 -6.879999 0.1882353 0.09803922 0
v -7.839999 0.7999996 -7.039999 0.1882353 0.09803922 0
v -7.679999 0.7999996 -7.039999 0.1882353 0.09803922 0
v -7.839999 0.6399996 -6.879999 0.1505882 0.07843138 0
v -7.839999 0.7999996 -6.879999 0.1882353 0.09803922 0
v -7.679999 0.7999996 -6.879999 0.1694118 0.0882353 0
v -7.679999 0.6399996 -6.879999 0.1505882 0.07843138 0
v -7.839999 0.6399996 -7.039999 0.1505882 0.07843138 0
v -7.839999 0.7999996 -7.039999 0.1694118 0.0882353 0
v -7.839999 0.7999996 -6.879999 0.1882353 0.09803922 0
v -7.839999 0.6399996 -6.879999 0.1505882 0.07843138 0
v -7.839999 -3.576279E-07 -4.639999 0.2666667 0.1333333 0
v -7.999999 -3.576279E-07 -4.639999 0.2666667 0.1333333 0
v -7.999999 -3.576279E-07 -4.48 0.2666667 0.1333333 0
v -7.839999 -3.576279E-07 -4.48 0.2666667 0.1333333 0
v -7.839999 -3.576279E-07 -4.8 0.2666667 0.1333333 0
v -7.999999 -3.576279E-07 -4.8 0.2666667 0.1333333 0
v -7.999999 -3.576279E-07 -4.639999 0.2666667 0.1333333 0
v -7.839999 -3.576279E-07 -4.639999 0.2666667 0.1333333 0
v -7.839999 -3.576279E-07 -4.96 0.2666667 0.1333333 0
v -7.999999 -3.576279E-07 -4.96 0.2666667 0.1333333 0
v -7.999999 -3.576279E-07 -4.8 0.2666667 0.1333333 0
v -7.839999 -3.576279E-07 -4.8 0.2666667 0.1333333 0
v -7.839999 -3.576279E-07 -5.119999 0.2666667 0.1333333 0
v -7.999999 -3.576279E-07 -5.119999 0.2666667 0.1333333 0
v -7.999999 -3.576279E-07 -4.96 0.2666667 0.1333333 0
v -7.839999 -3.576279E-07 -4.96 0.2666667 0.1333333 0
v -7.839999 -3.576279E-07 -5.28 0.2666667 0.1333333 0
v -7.999999 -3.576279E-07 -5.28 0.2666667 0.1333333 0
v -7.999999 -3.576279E-07 -5.119999 0.2666667 0.1333333 0
v -7.839999 -3.576279E-07 -5.119999 0.2666667 0.1333333 0
v -7.839999 -3.576279E-07 -5.44 0.2666667 0.1333333 0
v -7.999999 -3.576279E-07 -5.44 0.2666667 0.1333333 0
v -7.999999 -3.576279E-07 -5.28 0.2666667 0.1333333 0
v -7.839999 -3.576279E-07 -5.28 0.2666667 0.1333333 0
v -7.839999 -3.576279E-07 -5.599999 0.2666667 0.1333333 0
v -7.999999 -3.576279E-07 -5.599999 0.2666667 0.1333333 0
v -7.999999 -3.576279E-07 -5.44 0.2666667 0.1333333 0
v -7.839999 -3.576279E-07 -5.44 0.2666667 0.1333333 0
v -7.839999 -3.576279E-07 -5.759999 0.2666667 0.1333333 0
v -7.999999 -3.576279E-07 -5.759999 0.2666667 0.1333333 0
v -7.999999 -3.576279E-07 -5.599999 0.2666667 0.1333333 0
v -7.839999 -3.576279E-07 -5.599999 0.2666667 0.1333333 0
v -7.839999 -3.576279E-07 -5.92 0.2666667 0.1333333 0
v -7.999999 -3.576279E-07 -5.92 0.2666667 0.1333333 0
v -7.999999 -3.576279E-07 -5.759999 0.2666667 0.1333333 0
v -7.839999 -3.576279E-07 -5.759999 0.2666667 0.1333333 0
v -7.839999 -3.576279E-07 -6.079999 0.2666667 0.1333333 0
v -7.999999 -3.576279E-07 -6.079999 0.2666667 0.1333333 0
v -7.999999 -3.576279E-07 -5.92 0.2666667 0.1333333 0
v -7.839999 -3.576279E-07 -5.92 0.2666667 0.1333333 0
v -7.839999 -3.576279E-07 -6.239999 0.2666667 0.1333333 0
v -7.999999 -3.576279E-07 -6.239999 0.2666667 0.1333333 0
v -7.999999 -3.576279E-07 -6.079999 0.2666667 0.1333333 0
v -7.839999 -3.576279E-07 -6.079999 0.2666667 0.1333333 0
v -7.839999 -3.576279E-07 -6.4 0.2666667 0.1333333 0
v -7.999999 -3.576279E-07 -6.4 0.2666667 0.1333333 0
v -7.999999 -3.576279E-07 -6.24 0.2666667 0.1333333 0
v -7.839999 -3.576279E-07 -6.24 0.2666667 0.1333333 0
v -7.839999 -3.576279E-07 -6.559999 0.2666667 0.1333333 0
v -7.999999 -3.576279E-07 -6.559999 0.2666667 0.1333333 0
v -7.999999 -3.576279E-07 -6.4 0.2666667 0.1333333 0
v -7.839999 -3.576279E-07 -6.4 0.2666667 0.1333333 0
v -7.839999 -3.576279E-07 -6.719999 0.2666667 0.1333333 0
v -7.999999 -3.576279E-07 -6.719999 0.2666667 0.1333333 0
v -7.999999 -3.576279E-07 -6.559999 0.2666667 0.1333333 0
v -7.839999 -3.576279E-07 -6.559999 0.2666667 0.1333333 0
v -7.839999 -3.576279E-07 -6.88 0.2666667 0.1333333 0
v -7.999999 -3.576279E-07 -6.88 0.2666667 0.1333333 0
v -7.999999 -3.576279E-07 -6.719999 0.2666667 0.1333333 0
v -7.839999 -3.576279E-07 -6.719999 0.2666667 0.1333333 0
v -7.839999 -3.576279E-07 -7.039999 0.2666667 0.1333333 0
v -7.999999 -3.576279E-07 -7.039999 0.2666667 0.1333333 0
v -7.999999 -3.576279E-07 -6.879999 0.2666667 0.1333333 0
v -7.839999 -3.576279E-07 -6.879999 0.2666667 0.1333333 0
v -7.839999 0.6399996 -4.48 0.24 0.12 0
v -7.999999 0.6399996 -4.48 0.2133334 0.1066667 0
v -7.999999 0.6399996 -4.639999 0.24 0.12 0
v -7.839999 0.6399996 -4.639999 0.2666667 0.1333333 0
v -7.839999 0.6399996 -4.639999 0.2666667 0.1333333 0
v -7.999999 0.6399996 -4.639999 0.24 0.12 0
v -7.999999 0.6399996 -4.8 0.2666667 0.1333333 0
v -7.839999 0.6399996 -4.8 0.2666667 0.1333333 0
v -7.839999 0.6399996 -4.8 0.2666667 0.1333333 0
v -7.999999 0.6399996 -4.8 0.2666667 0.1333333 0
v -7.999999 0.6399996 -4.96 0.2666667 0.1333333 0
v -7.839999 0.6399996 -4.96 0.2666667 0.1333333 0
v -7.839999 0.6399996 -4.96 0.2666667 0.1333333 0
v -7.999999 0.6399996 -4.96 0.2666667 0.1333333 0
v -7.999999 0.6399996 -5.119999 0.2666667 0.1333333 0
v -7.839999 0.6399996 -5.119999 0.2666667 0.1333333 0
v -7.839999 0.6399996 -5.119999 0.2666667 0.1333333 0
v -7.999999 0.6399996 -5.119999 0.2666667 0.1333333 0
v -7.999999 0.6399996 -5.28 0.2666667 0.1333333 0
v -7.839999 0.6399996 -5.28 0.24 0.12 0
v -7.839999 0.6399996 -5.28 0.24 0.12 0
v -7.999999 0.6399996 -5.28 0.2666667 0.1333333 0
v -7.999999 0.6399996 -5.44 0.24 0.12 0
v -7.839999 0.6399996 -5.44 0.2133334 0.1066667 0
v -7.839999 0.6399996 -5.92 0.24 0.12 0
v -7.999999 0.6399996 -5.92 0.2133334 0.1066667 0
v -7.999999 0.6399996 -6.079999 0.24 0.12 0
v -7.839999 0.6399996 -6.079999 0.2666667 0.1333333 0
v -7.839999 0.6399996 -6.079999 0.2666667 0.1333333 0
v -7.999999 0.6399996 -6.079999 0.24 0.12 0
v -7.999999 0.6399996 -6.239999 0.2666667 0.1333333 0
v -7.839999 0.6399996 -6.239999 0.2666667 0.1333333 0
v -7.839999 0.6399996 -6.24 0.2666667 0.1333333 0
v -7.999999 0.6399996 -6.24 0.2666667 0.1333333 0
v -7.999999 0.6399996 -6.4 0.2666667 0.1333333 0
v -7.839999 0.6399996 -6.4 0.2666667 0.1333333 0
v -7.839999 0.6399996 -6.4 0.2666667 0.1333333 0
v -7.999999 0.6399996 -6.4 0.2666667 0.1333333 0
v -7.999999 0.6399996 -6.559999 0.2666667 0.1333333 0
v -7.839999 0.6399996 -6.559999 0.2666667 0.1333333 0
v -7.839999 0.6399996 -6.559999 0.2666667 0.1333333 0
v -7.999999 0.6399996 -6.559999 0.2666667 0.1333333 0
v -7.999999 0.6399996 -6.719999 0.2666667 0.1333333 0
v -7.839999 0.6399996 -6.719999 0.2666667 0.1333333 0
v -7.839999 0.6399996 -6.719999 0.2666667 0.1333333 0
v -7.999999 0.6399996 -6.719999 0.2666667 0.1333333 0
v -7.999999 0.6399996 -6.88 0.2666667 0.1333333 0
v -7.839999 0.6399996 -6.88 0.24 0.12 0
v -7.839999 0.6399996 -6.879999 0.24 0.12 0
v -7.999999 0.6399996 -6.879999 0.2666667 0.1333333 0
v -7.999999 0.6399996 -7.039999 0.24 0.12 0
v -7.839999 0.6399996 -7.039999 0.2133334 0.1066667 0
v -7.839999 0.7999996 -5.44 0.1882353 0.09803922 0
v -7.999999 0.7999996 -5.44 0.1882353 0.09803922 0
v -7.999999 0.7999996 -5.599999 0.1882353 0.09803922 0
v -7.839999 0.7999996 -5.599999 0.1882353 0.09803922 0
v -7.999999 0.6399996 -5.44 0.1505882 0.07843138 0
v -7.999999 0.7999996 -5.44 0.1882353 0.09803922 0
v -7.839999 0.7999996 -5.44 0.1694118 0.0882353 0
v -7.839999 0.6399996 -5.44 0.1505882 0.07843138 0
v -7.999999 0.6399996 -5.599999 0.1505882 0.07843138 0
v -7.999999 0.7999996 -5.599999 0.1694118 0.0882353 0
v -7.999999 0.7999996 -5.44 0.1882353 0.09803922 0
v -7.999999 0.6399996 -5.44 0.1505882 0.07843138 0
v -7.839999 0.7999996 -5.599999 0.1882353 0.09803922 0
v -7.999999 0.7999996 -5.599999 0.1882353 0.09803922 0
v -7.999999 0.7999996 -5.759999 0.1882353 0.09803922 0
v -7.839999 0.7999996 -5.759999 0.1882353 0.09803922 0
v -7.839999 0.7999996 -5.759999 0.1882353 0.09803922 0
v -7.999999 0.7999996 -5.759999 0.1882353 0.09803922 0
v -7.999999 0.7999996 -5.92 0.1882353 0.09803922 0
v -7.839999 0.7999996 -5.92 0.1882353 0.09803922 0
v -7.839999 0.6399996 -5.92 0.1505882 0.07843138 0
v -7.839999 0.7999996 -5.92 0.1882353 0.09803922 0
v -7.999999 0.7999996 -5.92 0.1694118 0.0882353 0
v -7.999999 0.6399996 -5.92 0.1505882 0.07843138 0
v -7.839999 0.6399996 -5.759999 0.1505882 0.07843138 0
v -7.839999 0.7999996 -5.759999 0.1694118 0.0882353 0
v -7.839999 0.7999996 -5.92 0.1882353 0.09803922 0
v -7.839999 0.6399996 -5.92 0.1505882 0.07843138 0
v -7.999999 -3.576279E-07 -4.639999 0.2666667 0.1333333 0
v -8.159999 -3.576279E-07 -4.639999 0.2666667 0.1333333 0
v -8.159999 -3.576279E-07 -4.48 0.2666667 0.1333333 0
v -7.999999 -3.576279E-07 -4.48 0.2666667 0.1333333 0
v -7.999999 -3.576279E-07 -4.8 0.2666667 0.1333333 0
v -8.159999 -3.576279E-07 -4.8 0.2666667 0.1333333 0
v -8.159999 -3.576279E-07 -4.639999 0.2666667 0.1333333 0
v -7.999999 -3.576279E-07 -4.639999 0.2666667 0.1333333 0
v -7.999999 -3.576279E-07 -4.96 0.2666667 0.1333333 0
v -8.159999 -3.576279E-07 -4.96 0.2666667 0.1333333 0
v -8.159999 -3.576279E-07 -4.8 0.2666667 0.1333333 0
v -7.999999 -3.576279E-07 -4.8 0.2666667 0.1333333 0
v -7.999999 -3.576279E-07 -5.119999 0.2666667 0.1333333 0
v -8.159999 -3.576279E-07 -5.119999 0.2666667 0.1333333 0
v -8.159999 -3.576279E-07 -4.96 0.2666667 0.1333333 0
v -7.999999 -3.576279E-07 -4.96 0.2666667 0.1333333 0
v -7.999999 -3.576279E-07 -5.28 0.2666667 0.1333333 0
v -8.159999 -3.576279E-07 -5.28 0.2666667 0.1333333 0
v -8.159999 -3.576279E-07 -5.119999 0.2666667 0.1333333 0
v -7.999999 -3.576279E-07 -5.119999 0.2666667 0.1333333 0
v -7.999999 -3.576279E-07 -5.44 0.2666667 0.1333333 0
v -8.159999 -3.576279E-07 -5.44 0.2666667 0.1333333 0
v -8.159999 -3.576279E-07 -5.28 0.2666667 0.1333333 0
v -7.999999 -3.576279E-07 -5.28 0.2666667 0.1333333 0
v -7.999999 -3.576279E-07 -5.599999 0.2666667 0.1333333 0
v -8.159999 -3.576279E-07 -5.599999 0.2666667 0.1333333 0
v -8.159999 -3.576279E-07 -5.44 0.2666667 0.1333333 0
v -7.999999 -3.576279E-07 -5.44 0.2666667 0.1333333 0
v -7.999999 -3.576279E-07 -5.759999 0.2666667 0.1333333 0
v -8.159999 -3.576279E-07 -5.759999 0.2666667 0.1333333 0
v -8.159999 -3.576279E-07 -5.599999 0.2666667 0.1333333 0
v -7.999999 -3.576279E-07 -5.599999 0.2666667 0.1333333 0
v -7.999999 -3.576279E-07 -5.92 0.2666667 0.1333333 0
v -8.159999 -3.576279E-07 -5.92 0.2666667 0.1333333 0
v -8.159999 -3.576279E-07 -5.759999 0.2666667 0.1333333 0
v -7.999999 -3.576279E-07 -5.759999 0.2666667 0.1333333 0
v -7.999999 -3.576279E-07 -6.079999 0.2666667 0.1333333 0
v -8.159999 -3.576279E-07 -6.079999 0.2666667 0.1333333 0
v -8.159999 -3.576279E-07 -5.92 0.2666667 0.1333333 0
v -7.999999 -3.576279E-07 -5.92 0.2666667 0.1333333 0
v -7.999999 -3.576279E-07 -6.239999 0.2666667 0.1333333 0
v -8.159999 -3.576279E-07 -6.239999 0.2666667 0.1333333 0
v -8.159999 -3.576279E-07 -6.079999 0.2666667 0.1333333 0
v -7.999999 -3.576279E-07 -6.079999 0.2666667 0.1333333 0
v -7.999999 -3.576279E-07 -6.4 0.2666667 0.1333333 0
v -8.159999 -3.576279E-07 -6.4 0.2666667 0.1333333 0
v -8.159999 -3.576279E-07 -6.24 0.2666667 0.1333333 0
v -7.999999 -3.576279E-07 -6.24 0.2666667 0.1333333 0
v -7.999999 -3.576279E-07 -6.559999 0.2666667 0.1333333 0
v -8.159999 -3.576279E-07 -6.559999 0.2666667 0.1333333 0
v -8.159999 -3.576279E-07 -6.4 0.2666667 0.1333333 0
v -7.999999 -3.576279E-07 -6.4 0.2666667 0.1333333 0
v -7.999999 -3.576279E-07 -6.719999 0.2666667 0.1333333 0
v -8.159999 -3.576279E-07 -6.719999 0.2666667 0.1333333 0
v -8.159999 -3.576279E-07 -6.559999 0.2666667 0.1333333 0
v -7.999999 -3.576279E-07 -6.559999 0.2666667 0.1333333 0
v -7.999999 -3.576279E-07 -6.88 0.2666667 0.1333333 0
v -8.159999 -3.576279E-07 -6.88 0.2666667 0.1333333 0
v -8.159999 -3.576279E-07 -6.719999 0.2666667 0.1333333 0
v -7.999999 -3.576279E-07 -6.719999 0.2666667 0.1333333 0
v -7.999999 -3.576279E-07 -7.039999 0.2666667 0.1333333 0
v -8.159999 -3.576279E-07 -7.039999 0.2666667 0.1333333 0
v -8.159999 -3.576279E-07 -6.879999 0.2666667 0.1333333 0
v -7.999999 -3.576279E-07 -6.879999 0.2666667 0.1333333 0
v -7.999999 0.6399996 -4.639999 0.24 0.12 0
v -8.159999 0.6399996 -4.639999 0.2133334 0.1066667 0
v -8.159999 0.6399996 -4.8 0.24 0.12 0
v -7.999999 0.6399996 -4.8 0.2666667 0.1333333 0
v -7.999999 0.6399996 -4.8 0.2666667 0.1333333 0
v -8.159999 0.6399996 -4.8 0.24 0.12 0
v -8.159999 0.6399996 -4.96 0.2666667 0.1333333 0
v -7.999999 0.6399996 -4.96 0.2666667 0.1333333 0
v -7.999999 0.6399996 -4.96 0.2666667 0.1333333 0
v -8.159999 0.6399996 -4.96 0.2666667 0.1333333 0
v -8.159999 0.6399996 -5.119999 0.2666667 0.1333333 0
v -7.999999 0.6399996 -5.119999 0.2666667 0.1333333 0
v -7.999999 0.6399996 -5.119999 0.2666667 0.1333333 0
v -8.159999 0.6399996 -5.119999 0.2666667 0.1333333 0
v -8.159999 0.6399996 -5.28 0.2666667 0.1333333 0
v -7.999999 0.6399996 -5.28 0.2666667 0.1333333 0
v -7.999999 0.6399996 -5.28 0.2666667 0.1333333 0
v -8.159999 0.6399996 -5.28 0.2666667 0.1333333 0
v -8.159999 0.6399996 -5.44 0.2666667 0.1333333 0
v -7.999999 0.6399996 -5.44 0.24 0.12 0
v -7.999999 0.6399996 -5.44 0.24 0.12 0
v -8.159999 0.6399996 -5.44 0.2666667 0.1333333 0
v -8.159999 0.6399996 -5.599999 0.24 0.12 0
v -7.999999 0.6399996 -5.599999 0.2133334 0.1066667 0
v -7.999999 0.6399996 -6.079999 0.24 0.12 0
v -8.159999 0.6399996 -6.079999 0.2133334 0.1066667 0
v -8.159999 0.6399996 -6.239999 0.24 0.12 0
v -7.999999 0.6399996 -6.239999 0.2666667 0.1333333 0
v -7.999999 0.6399996 -6.24 0.2666667 0.1333333 0
v -8.159999 0.6399996 -6.24 0.24 0.12 0
v -8.159999 0.6399996 -6.4 0.2666667 0.1333333 0
v -7.999999 0.6399996 -6.4 0.2666667 0.1333333 0
v -7.999999 0.6399996 -6.4 0.2666667 0.1333333 0
v -8.159999 0.6399996 -6.4 0.2666667 0.1333333 0
v -8.159999 0.6399996 -6.559999 0.2666667 0.1333333 0
v -7.999999 0.6399996 -6.559999 0.2666667 0.1333333 0
v -7.999999 0.6399996 -6.559999 0.2666667 0.1333333 0
v -8.159999 0.6399996 -6.559999 0.2666667 0.1333333 0
v -8.159999 0.6399996 -6.719999 0.2666667 0.1333333 0
v -7.999999 0.6399996 -6.719999 0.2666667 0.1333333 0
v -7.999999 0.6399996 -6.719999 0.2666667 0.1333333 0
v -8.159999 0.6399996 -6.719999 0.2666667 0.1333333 0
v -8.159999 0.6399996 -6.88 0.2666667 0.1333333 0
v -7.999999 0.6399996 -6.88 0.2666667 0.1333333 0
v -7.999999 0.6399996 -6.879999 0.2666667 0.1333333 0
v -8.159999 0.6399996 -6.879999 0.2666667 0.1333333 0
v -8.159999 0.6399996 -7.039999 0.2666667 0.1333333 0
v -7.999999 0.6399996 -7.039999 0.24 0.12 0
v -7.999999 0.7999996 -4.48 0.1882353 0.09803922 0
v -8.159999 0.7999996 -4.48 0.1882353 0.09803922 0
v -8.159999 0.7999996 -4.639999 0.1882353 0.09803922 0
v -7.999999 0.7999996 -4.639999 0.1882353 0.09803922 0
v -7.999999 0.6399996 -4.639999 0.1505882 0.07843138 0
v -7.999999 0.7999996 -4.639999 0.1882353 0.09803922 0
v -8.159999 0.7999996 -4.639999 0.1694118 0.0882353 0
v -8.159999 0.6399996 -4.639999 0.1505882 0.07843138 0
v -7.999999 0.6399996 -4.48 0.1505882 0.07843138 0
v -7.999999 0.7999996 -4.48 0.1694118 0.0882353 0
v -7.999999 0.7999996 -4.639999 0.1882353 0.09803922 0
v -7.999999 0.6399996 -4.639999 0.1505882 0.07843138 0
v -7.999999 0.7999996 -5.599999 0.1882353 0.09803922 0
v -8.159999 0.7999996 -5.599999 0.1882353 0.09803922 0
v -8.159999 0.7999996 -5.759999 0.1882353 0.09803922 0
v -7.999999 0.7999996 -5.759999 0.1882353 0.09803922 0
v -8.159999 0.6399996 -5.599999 0.1505882 0.07843138 0
v -8.159999 0.7999996 -5.599999 0.1882353 0.09803922 0
v -7.999999 0.7999996 -5.599999 0.1694118 0.0882353 0
v -7.999999 0.6399996 -5.599999 0.1505882 0.07843138 0
v -8.159999 0.6399996 -5.759999 0.1505882 0.07843138 0
v -8.159999 0.7999996 -5.759999 0.1694118 0.0882353 0
v -8.159999 0.7999996 -5.599999 0.1882353 0.09803922 0
v -8.159999 0.6399996 -5.599999 0.1505882 0.07843138 0
v -7.999999 0.7999996 -5.759999 0.1882353 0.09803922 0
v -8.159999 0.7999996 -5.759999 0.1882353 0.09803922 0
v -8.159999 0.7999996 -5.92 0.1882353 0.09803922 0
v -7.999999 0.7999996 -5.92 0.1882353 0.09803922 0
v -7.999999 0.7999996 -5.92 0.1882353 0.09803922 0
v -8.159999 0.7999996 -5.92 0.1882353 0.09803922 0
v -8.159999 0.7999996 -6.079999 0.1882353 0.09803922 0
v -7.999999 0.7999996 -6.079999 0.1882353 0.09803922 0
v -7.999999 0.6399996 -6.079999 0.1505882 0.07843138 0
v -7.999999 0.7999996 -6.079999 0.1882353 0.09803922 0
v -8.159999 0.7999996 -6.079999 0.1694118 0.0882353 0
v -8.159999 0.6399996 -6.079999 0.1505882 0.07843138 0
v -7.999999 0.6399996 -5.92 0.1505882 0.07843138 0
v -7.999999 0.7999996 -5.92 0.1694118 0.0882353 0
v -7.999999 0.7999996 -6.079999 0.1882353 0.09803922 0
v -7.999999 0.6399996 -6.079999 0.1505882 0.07843138 0
v -8.159999 -3.576279E-07 -4.639999 0.2666667 0.1333333 0
v -8.319999 -3.576279E-07 -4.639999 0.2666667 0.1333333 0
v -8.319999 -3.576279E-07 -4.48 0.2666667 0.1333333 0
v -8.159999 -3.576279E-07 -4.48 0.2666667 0.1333333 0
v -8.159999 -3.576279E-07 -4.8 0.2666667 0.1333333 0
v -8.319999 -3.576279E-07 -4.8 0.2666667 0.1333333 0
v -8.319999 -3.576279E-07 -4.639999 0.2666667 0.1333333 0
v -8.159999 -3.576279E-07 -4.639999 0.2666667 0.1333333 0
v -8.159999 -3.576279E-07 -4.96 0.2666667 0.1333333 0
v -8.319999 -3.576279E-07 -4.96 0.2666667 0.1333333 0
v -8.319999 -3.576279E-07 -4.8 0.2666667 0.1333333 0
v -8.159999 -3.576279E-07 -4.8 0.2666667 0.1333333 0
v -8.159999 -3.576279E-07 -5.119999 0.2666667 0.1333333 0
v -8.319999 -3.576279E-07 -5.119999 0.2666667 0.1333333 0
v -8.319999 -3.576279E-07 -4.96 0.2666667 0.1333333 0
v -8.159999 -3.576279E-07 -4.96 0.2666667 0.1333333 0
v -8.159999 -3.576279E-07 -5.28 0.2666667 0.1333333 0
v -8.319999 -3.576279E-07 -5.28 0.2666667 0.1333333 0
v -8.319999 -3.576279E-07 -5.119999 0.2666667 0.1333333 0
v -8.159999 -3.576279E-07 -5.119999 0.2666667 0.1333333 0
v -8.159999 -3.576279E-07 -5.44 0.2666667 0.1333333 0
v -8.319999 -3.576279E-07 -5.44 0.2666667 0.1333333 0
v -8.319999 -3.576279E-07 -5.28 0.2666667 0.1333333 0
v -8.159999 -3.576279E-07 -5.28 0.2666667 0.1333333 0
v -8.159999 -3.576279E-07 -5.599999 0.2666667 0.1333333 0
v -8.319999 -3.576279E-07 -5.599999 0.2666667 0.1333333 0
v -8.319999 -3.576279E-07 -5.44 0.2666667 0.1333333 0
v -8.159999 -3.576279E-07 -5.44 0.2666667 0.1333333 0
v -8.159999 -3.576279E-07 -5.759999 0.2666667 0.1333333 0
v -8.319999 -3.576279E-07 -5.759999 0.2666667 0.1333333 0
v -8.319999 -3.576279E-07 -5.599999 0.2666667 0.1333333 0
v -8.159999 -3.576279E-07 -5.599999 0.2666667 0.1333333 0
v -8.159999 -3.576279E-07 -5.92 0.2666667 0.1333333 0
v -8.319999 -3.576279E-07 -5.92 0.2666667 0.1333333 0
v -8.319999 -3.576279E-07 -5.759999 0.2666667 0.1333333 0
v -8.159999 -3.576279E-07 -5.759999 0.2666667 0.1333333 0
v -8.159999 -3.576279E-07 -6.079999 0.2666667 0.1333333 0
v -8.319999 -3.576279E-07 -6.079999 0.2666667 0.1333333 0
v -8.319999 -3.576279E-07 -5.92 0.2666667 0.1333333 0
v -8.159999 -3.576279E-07 -5.92 0.2666667 0.1333333 0
v -8.159999 -3.576279E-07 -6.239999 0.2666667 0.1333333 0
v -8.319999 -3.576279E-07 -6.239999 0.2666667 0.1333333 0
v -8.319999 -3.576279E-07 -6.079999 0.2666667 0.1333333 0
v -8.159999 -3.576279E-07 -6.079999 0.2666667 0.1333333 0
v -8.159999 -3.576279E-07 -6.4 0.2666667 0.1333333 0
v -8.319999 -3.576279E-07 -6.4 0.2666667 0.1333333 0
v -8.319999 -3.576279E-07 -6.24 0.2666667 0.1333333 0
v -8.159999 -3.576279E-07 -6.24 0.2666667 0.1333333 0
v -8.159999 -3.576279E-07 -6.559999 0.2666667 0.1333333 0
v -8.319999 -3.576279E-07 -6.559999 0.2666667 0.1333333 0
v -8.319999 -3.576279E-07 -6.4 0.2666667 0.1333333 0
v -8.159999 -3.576279E-07 -6.4 0.2666667 0.1333333 0
v -8.159999 -3.576279E-07 -6.719999 0.2666667 0.1333333 0
v -8.319999 -3.576279E-07 -6.719999 0.2666667 0.1333333 0
v -8.319999 -3.576279E-07 -6.559999 0.2666667 0.1333333 0
v -8.159999 -3.576279E-07 -6.559999 0.2666667 0.1333333 0
v -8.159999 -3.576279E-07 -6.88 0.2666667 0.1333333 0
v -8.319999 -3.576279E-07 -6.88 0.2666667 0.1333333 0
v -8.319999 -3.576279E-07 -6.719999 0.2666667 0.1333333 0
v -8.159999 -3.576279E-07 -6.719999 0.2666667 0.1333333 0
v -8.159999 -3.576279E-07 -7.039999 0.2666667 0.1333333 0
v -8.319999 -3.576279E-07 -7.039999 0.2666667 0.1333333 0
v -8.319999 -3.576279E-07 -6.879999 0.2666667 0.1333333 0
v -8.159999 -3.576279E-07 -6.879999 0.2666667 0.1333333 0
v -8.159999 0.6399996 -4.8 0.24 0.12 0
v -8.319999 0.6399996 -4.8 0.2133334 0.1066667 0
v -8.319999 0.6399996 -4.96 0.24 0.12 0
v -8.159999 0.6399996 -4.96 0.2666667 0.1333333 0
v -8.159999 0.6399996 -4.96 0.2666667 0.1333333 0
v -8.319999 0.6399996 -4.96 0.24 0.12 0
v -8.319999 0.6399996 -5.119999 0.2666667 0.1333333 0
v -8.159999 0.6399996 -5.119999 0.2666667 0.1333333 0
v -8.159999 0.6399996 -5.119999 0.2666667 0.1333333 0
v -8.319999 0.6399996 -5.119999 0.2666667 0.1333333 0
v -8.319999 0.6399996 -5.28 0.2666667 0.1333333 0
v -8.159999 0.6399996 -5.28 0.2666667 0.1333333 0
v -8.159999 0.6399996 -5.28 0.2666667 0.1333333 0
v -8.319999 0.6399996 -5.28 0.2666667 0.1333333 0
v -8.319999 0.6399996 -5.44 0.2666667 0.1333333 0
v -8.159999 0.6399996 -5.44 0.2666667 0.1333333 0
v -8.159999 0.6399996 -5.44 0.2666667 0.1333333 0
v -8.319999 0.6399996 -5.44 0.2666667 0.1333333 0
v -8.319999 0.6399996 -5.599999 0.2666667 0.1333333 0
v -8.159999 0.6399996 -5.599999 0.24 0.12 0
v -8.159999 0.6399996 -5.599999 0.24 0.12 0
v -8.319999 0.6399996 -5.599999 0.2666667 0.1333333 0
v -8.319999 0.6399996 -5.759999 0.24 0.12 0
v -8.159999 0.6399996 -5.759999 0.2133334 0.1066667 0
v -8.159999 0.6399996 -6.24 0.24 0.12 0
v -8.319999 0.6399996 -6.24 0.2133334 0.1066667 0
v -8.319999 0.6399996 -6.4 0.24 0.12 0
v -8.159999 0.6399996 -6.4 0.2666667 0.1333333 0
v -8.159999 0.6399996 -6.4 0.2666667 0.1333333 0
v -8.319999 0.6399996 -6.4 0.24 0.12 0
v -8.319999 0.6399996 -6.559999 0.2666667 0.1333333 0
v -8.159999 0.6399996 -6.559999 0.2666667 0.1333333 0
v -8.159999 0.6399996 -6.559999 0.2666667 0.1333333 0
v -8.319999 0.6399996 -6.559999 0.2666667 0.1333333 0
v -8.319999 0.6399996 -6.719999 0.2666667 0.1333333 0
v -8.159999 0.6399996 -6.719999 0.2666667 0.1333333 0
v -8.159999 0.6399996 -6.719999 0.2666667 0.1333333 0
v -8.319999 0.6399996 -6.719999 0.2666667 0.1333333 0
v -8.319999 0.6399996 -6.88 0.2666667 0.1333333 0
v -8.159999 0.6399996 -6.88 0.2666667 0.1333333 0
v -8.159999 0.6399996 -6.879999 0.2666667 0.1333333 0
v -8.319999 0.6399996 -6.879999 0.2666667 0.1333333 0
v -8.319999 0.6399996 -7.039999 0.2666667 0.1333333 0
v -8.159999 0.6399996 -7.039999 0.2666667 0.1333333 0
v -8.159999 0.7999996 -4.48 0.1882353 0.09803922 0
v -8.319999 0.7999996 -4.48 0.1882353 0.09803922 0
v -8.319999 0.7999996 -4.639999 0.1882353 0.09803922 0
v -8.159999 0.7999996 -4.639999 0.1882353 0.09803922 0
v -8.159999 0.7999996 -4.639999 0.1882353 0.09803922 0
v -8.319999 0.7999996 -4.639999 0.1882353 0.09803922 0
v -8.319999 0.7999996 -4.8 0.1882353 0.09803922 0
v -8.159999 0.7999996 -4.8 0.1882353 0.09803922 0
v -8.159999 0.6399996 -4.8 0.1505882 0.07843138 0
v -8.159999 0.7999996 -4.8 0.1882353 0.09803922 0
v -8.319999 0.7999996 -4.8 0.1694118 0.0882353 0
v -8.319999 0.6399996 -4.8 0.1505882 0.07843138 0
v -8.159999 0.6399996 -4.639999 0.1505882 0.07843138 0
v -8.159999 0.7999996 -4.639999 0.1694118 0.0882353 0
v -8.159999 0.7999996 -4.8 0.1882353 0.09803922 0
v -8.159999 0.6399996 -4.8 0.1505882 0.07843138 0
v -8.159999 0.7999996 -5.759999 0.1882353 0.09803922 0
v -8.319999 0.7999996 -5.759999 0.1882353 0.09803922 0
v -8.319999 0.7999996 -5.92 0.1882353 0.09803922 0
v -8.159999 0.7999996 -5.92 0.1882353 0.09803922 0
v -8.319999 0.6399996 -5.759999 0.1505882 0.07843138 0
v -8.319999 0.7999996 -5.759999 0.1882353 0.09803922 0
v -8.159999 0.7999996 -5.759999 0.1694118 0.0882353 0
v -8.159999 0.6399996 -5.759999 0.1505882 0.07843138 0
v -8.319999 0.6399996 -5.92 0.1505882 0.07843138 0
v -8.319999 0.7999996 -5.92 0.1694118 0.0882353 0
v -8.319999 0.7999996 -5.759999 0.1882353 0.09803922 0
v -8.319999 0.6399996 -5.759999 0.1505882 0.07843138 0
v -8.159999 0.7999996 -5.92 0.1882353 0.09803922 0
v -8.319999 0.7999996 -5.92 0.1882353 0.09803922 0
v -8.319999 0.7999996 -6.079999 0.1882353 0.09803922 0
v -8.159999 0.7999996 -6.079999 0.1882353 0.09803922 0
v -8.159999 0.7999996 -6.079999 0.1882353 0.09803922 0
v -8.319999 0.7999996 -6.079999 0.1882353 0.09803922 0
v -8.319999 0.7999996 -6.239999 0.1882353 0.09803922 0
v -8.159999 0.7999996 -6.239999 0.1882353 0.09803922 0
v -8.159999 0.6399996 -6.239999 0.1505882 0.07843138 0
v -8.159999 0.7999996 -6.239999 0.1882353 0.09803922 0
v -8.319999 0.7999996 -6.239999 0.1694118 0.0882353 0
v -8.319999 0.6399996 -6.239999 0.1505882 0.07843138 0
v -8.159999 0.6399996 -6.079999 0.1505882 0.07843138 0
v -8.159999 0.7999996 -6.079999 0.1694118 0.0882353 0
v -8.159999 0.7999996 -6.239999 0.1882353 0.09803922 0
v -8.159999 0.6399996 -6.239999 0.1505882 0.07843138 0
v -8.319999 -3.576279E-07 -4.639999 0.2666667 0.1333333 0
v -8.479999 -3.576279E-07 -4.639999 0.2666667 0.1333333 0
v -8.479999 -3.576279E-07 -4.48 0.2666667 0.1333333 0
v -8.319999 -3.576279E-07 -4.48 0.2666667 0.1333333 0
v -8.319999 -3.576279E-07 -4.8 0.2666667 0.1333333 0
v -8.479999 -3.576279E-07 -4.8 0.2666667 0.1333333 0
v -8.479999 -3.576279E-07 -4.639999 0.2666667 0.1333333 0
v -8.319999 -3.576279E-07 -4.639999 0.2666667 0.1333333 0
v -8.319999 -3.576279E-07 -4.96 0.2666667 0.1333333 0
v -8.479999 -3.576279E-07 -4.96 0.2666667 0.1333333 0
v -8.479999 -3.576279E-07 -4.8 0.2666667 0.1333333 0
v -8.319999 -3.576279E-07 -4.8 0.2666667 0.1333333 0
v -8.319999 -3.576279E-07 -5.119999 0.2666667 0.1333333 0
v -8.479999 -3.576279E-07 -5.119999 0.2666667 0.1333333 0
v -8.479999 -3.576279E-07 -4.96 0.2666667 0.1333333 0
v -8.319999 -3.576279E-07 -4.96 0.2666667 0.1333333 0
v -8.319999 -3.576279E-07 -5.28 0.2666667 0.1333333 0
v -8.479999 -3.576279E-07 -5.28 0.2666667 0.1333333 0
v -8.479999 -3.576279E-07 -5.119999 0.2666667 0.1333333 0
v -8.319999 -3.576279E-07 -5.119999 0.2666667 0.1333333 0
v -8.319999 -3.576279E-07 -5.44 0.2666667 0.1333333 0
v -8.479999 -3.576279E-07 -5.44 0.2666667 0.1333333 0
v -8.479999 -3.576279E-07 -5.28 0.2666667 0.1333333 0
v -8.319999 -3.576279E-07 -5.28 0.2666667 0.1333333 0
v -8.319999 -3.576279E-07 -5.599999 0.2666667 0.1333333 0
v -8.479999 -3.576279E-07 -5.599999 0.2666667 0.1333333 0
v -8.479999 -3.576279E-07 -5.44 0.2666667 0.1333333 0
v -8.319999 -3.576279E-07 -5.44 0.2666667 0.1333333 0
v -8.319999 -3.576279E-07 -5.759999 0.2666667 0.1333333 0
v -8.479999 -3.576279E-07 -5.759999 0.2666667 0.1333333 0
v -8.479999 -3.576279E-07 -5.599999 0.2666667 0.1333333 0
v -8.319999 -3.576279E-07 -5.599999 0.2666667 0.1333333 0
v -8.319999 -3.576279E-07 -5.92 0.2666667 0.1333333 0
v -8.479999 -3.576279E-07 -5.92 0.2666667 0.1333333 0
v -8.479999 -3.576279E-07 -5.759999 0.2666667 0.1333333 0
v -8.319999 -3.576279E-07 -5.759999 0.2666667 0.1333333 0
v -8.319999 -3.576279E-07 -6.079999 0.2666667 0.1333333 0
v -8.479999 -3.576279E-07 -6.079999 0.2666667 0.1333333 0
v -8.479999 -3.576279E-07 -5.92 0.2666667 0.1333333 0
v -8.319999 -3.576279E-07 -5.92 0.2666667 0.1333333 0
v -8.319999 -3.576279E-07 -6.239999 0.2666667 0.1333333 0
v -8.479999 -3.576279E-07 -6.239999 0.2666667 0.1333333 0
v -8.479999 -3.576279E-07 -6.079999 0.2666667 0.1333333 0
v -8.319999 -3.576279E-07 -6.079999 0.2666667 0.1333333 0
v -8.319999 -3.576279E-07 -6.4 0.2666667 0.1333333 0
v -8.479999 -3.576279E-07 -6.4 0.2666667 0.1333333 0
v -8.479999 -3.576279E-07 -6.24 0.2666667 0.1333333 0
v -8.319999 -3.576279E-07 -6.24 0.2666667 0.1333333 0
v -8.319999 -3.576279E-07 -6.559999 0.2666667 0.1333333 0
v -8.479999 -3.576279E-07 -6.559999 0.2666667 0.1333333 0
v -8.479999 -3.576279E-07 -6.4 0.2666667 0.1333333 0
v -8.319999 -3.576279E-07 -6.4 0.2666667 0.1333333 0
v -8.319999 -3.576279E-07 -6.719999 0.2666667 0.1333333 0
v -8.479999 -3.576279E-07 -6.719999 0.2666667 0.1333333 0
v -8.479999 -3.576279E-07 -6.559999 0.2666667 0.1333333 0
v -8.319999 -3.576279E-07 -6.559999 0.2666667 0.1333333 0
v -8.319999 -3.576279E-07 -6.88 0.2666667 0.1333333 0
v -8.479999 -3.576279E-07 -6.88 0.2666667 0.1333333 0
v -8.479999 -3.576279E-07 -6.719999 0.2666667 0.1333333 0
v -8.319999 -3.576279E-07 -6.719999 0.2666667 0.1333333 0
v -8.319999 -3.576279E-07 -7.039999 0.2666667 0.1333333 0
v -8.479999 -3.576279E-07 -7.039999 0.2666667 0.1333333 0
v -8.479999 -3.576279E-07 -6.879999 0.2666667 0.1333333 0
v -8.319999 -3.576279E-07 -6.879999 0.2666667 0.1333333 0
v -8.319999 0.6399996 -4.96 0.24 0.12 0
v -8.479999 0.6399996 -4.96 0.2133334 0.1066667 0
v -8.479999 0.6399996 -5.119999 0.24 0.12 0
v -8.319999 0.6399996 -5.119999 0.2666667 0.1333333 0
v -8.319999 0.6399996 -5.119999 0.2666667 0.1333333 0
v -8.479999 0.6399996 -5.119999 0.24 0.12 0
v -8.479999 0.6399996 -5.28 0.2666667 0.1333333 0
v -8.319999 0.6399996 -5.28 0.2666667 0.1333333 0
v -8.319999 0.6399996 -5.28 0.2666667 0.1333333 0
v -8.479999 0.6399996 -5.28 0.2666667 0.1333333 0
v -8.479999 0.6399996 -5.44 0.2666667 0.1333333 0
v -8.319999 0.6399996 -5.44 0.2666667 0.1333333 0
v -8.319999 0.6399996 -5.44 0.2666667 0.1333333 0
v -8.479999 0.6399996 -5.44 0.2666667 0.1333333 0
v -8.479999 0.6399996 -5.599999 0.2666667 0.1333333 0
v -8.319999 0.6399996 -5.599999 0.2666667 0.1333333 0
v -8.319999 0.6399996 -5.599999 0.2666667 0.1333333 0
v -8.479999 0.6399996 -5.599999 0.2666667 0.1333333 0
v -8.479999 0.6399996 -5.759999 0.2666667 0.1333333 0
v -8.319999 0.6399996 -5.759999 0.24 0.12 0
v -8.319999 0.6399996 -5.759999 0.24 0.12 0
v -8.479999 0.6399996 -5.759999 0.2666667 0.1333333 0
v -8.479999 0.6399996 -5.92 0.24 0.12 0
v -8.319999 0.6399996 -5.92 0.2133334 0.1066667 0
v -8.319999 0.6399996 -6.4 0.24 0.12 0
v -8.479999 0.6399996 -6.4 0.2133334 0.1066667 0
v -8.479999 0.6399996 -6.559999 0.24 0.12 0
v -8.319999 0.6399996 -6.559999 0.2666667 0.1333333 0
v -8.319999 0.6399996 -6.559999 0.2666667 0.1333333 0
v -8.479999 0.6399996 -6.559999 0.24 0.12 0
v -8.479999 0.6399996 -6.719999 0.2666667 0.1333333 0
v -8.319999 0.6399996 -6.719999 0.2666667 0.1333333 0
v -8.319999 0.6399996 -6.719999 0.2666667 0.1333333 0
v -8.479999 0.6399996 -6.719999 0.2666667 0.1333333 0
v -8.479999 0.6399996 -6.88 0.2666667 0.1333333 0
v -8.319999 0.6399996 -6.88 0.2666667 0.1333333 0
v -8.319999 0.6399996 -6.879999 0.2666667 0.1333333 0
v -8.479999 0.6399996 -6.879999 0.2666667 0.1333333 0
v -8.479999 0.6399996 -7.039999 0.2666667 0.1333333 0
v -8.319999 0.6399996 -7.039999 0.2666667 0.1333333 0
v -8.319999 0.7999996 -4.48 0.1882353 0.09803922 0
v -8.479999 0.7999996 -4.48 0.1882353 0.09803922 0
v -8.479999 0.7999996 -4.639999 0.1882353 0.09803922 0
v -8.319999 0.7999996 -4.639999 0.1882353 0.09803922 0
v -8.479999 0.6399996 -4.48 0.1505882 0.07843138 0
v -8.479999 0.7999996 -4.48 0.1882353 0.09803922 0
v -8.319999 0.7999996 -4.48 0.1694118 0.0882353 0
v -8.319999 0.6399996 -4.48 0.1505882 0.07843138 0
v -8.479999 0.6399996 -4.639999 0.1505882 0.07843138 0
v -8.479999 0.7999996 -4.639999 0.1694118 0.0882353 0
v -8.479999 0.7999996 -4.48 0.1882353 0.09803922 0
v -8.479999 0.6399996 -4.48 0.1505882 0.07843138 0
v -8.319999 0.7999996 -4.639999 0.1882353 0.09803922 0
v -8.479999 0.7999996 -4.639999 0.1882353 0.09803922 0
v -8.479999 0.7999996 -4.8 0.1882353 0.09803922 0
v -8.319999 0.7999996 -4.8 0.1882353 0.09803922 0
v -8.319999 0.7999996 -4.8 0.1882353 0.09803922 0
v -8.479999 0.7999996 -4.8 0.1882353 0.09803922 0
v -8.479999 0.7999996 -4.96 0.1882353 0.09803922 0
v -8.319999 0.7999996 -4.96 0.1882353 0.09803922 0
v -8.319999 0.6399996 -4.96 0.1505882 0.07843138 0
v -8.319999 0.7999996 -4.96 0.1882353 0.09803922 0
v -8.479999 0.7999996 -4.96 0.1694118 0.0882353 0
v -8.479999 0.6399996 -4.96 0.1505882 0.07843138 0
v -8.319999 0.6399996 -4.8 0.1505882 0.07843138 0
v -8.319999 0.7999996 -4.8 0.1694118 0.0882353 0
v -8.319999 0.7999996 -4.96 0.1882353 0.09803922 0
v -8.319999 0.6399996 -4.96 0.1505882 0.07843138 0
v -8.319999 0.7999996 -5.92 0.1882353 0.09803922 0
v -8.479999 0.7999996 -5.92 0.1882353 0.09803922 0
v -8.479999 0.7999996 -6.079999 0.1882353 0.09803922 0
v -8.319999 0.7999996 -6.079999 0.1882353 0.09803922 0
v -8.479999 0.6399996 -5.92 0.1505882 0.07843138 0
v -8.479999 0.7999996 -5.92 0.1882353 0.09803922 0
v -8.319999 0.7999996 -5.92 0.1694118 0.0882353 0
v -8.319999 0.6399996 -5.92 0.1505882 0.07843138 0
v -8.479999 0.6399996 -6.079999 0.1505882 0.07843138 0
v -8.479999 0.7999996 -6.079999 0.1694118 0.0882353 0
v -8.479999 0.7999996 -5.92 0.1882353 0.09803922 0
v -8.479999 0.6399996 -5.92 0.1505882 0.07843138 0
v -8.319999 0.7999996 -6.079999 0.1882353 0.09803922 0
v -8.479999 0.7999996 -6.079999 0.1882353 0.09803922 0
v -8.479999 0.7999996 -6.239999 0.1882353 0.09803922 0
v -8.319999 0.7999996 -6.239999 0.1882353 0.09803922 0
v -8.319999 0.7999996 -6.24 0.1882353 0.09803922 0
v -8.479999 0.7999996 -6.24 0.1882353 0.09803922 0
v -8.479999 0.7999996 -6.4 0.1882353 0.09803922 0
v -8.319999 0.7999996 -6.4 0.1882353 0.09803922 0
v -8.319999 0.6399996 -6.4 0.1505882 0.07843138 0
v -8.319999 0.7999996 -6.4 0.1882353 0.09803922 0
v -8.479999 0.7999996 -6.4 0.1694118 0.0882353 0
v -8.479999 0.6399996 -6.4 0.1505882 0.07843138 0
v -8.319999 0.6399996 -6.24 0.1505882 0.07843138 0
v -8.319999 0.7999996 -6.24 0.1694118 0.0882353 0
v -8.319999 0.7999996 -6.4 0.1882353 0.09803922 0
v -8.319999 0.6399996 -6.4 0.1505882 0.07843138 0
v -8.479999 -3.576279E-07 -4.639999 0.2666667 0.1333333 0
v -8.639999 -3.576279E-07 -4.639999 0.2666667 0.1333333 0
v -8.639999 -3.576279E-07 -4.48 0.2666667 0.1333333 0
v -8.479999 -3.576279E-07 -4.48 0.2666667 0.1333333 0
v -8.479999 -3.576279E-07 -4.8 0.2666667 0.1333333 0
v -8.639999 -3.576279E-07 -4.8 0.2666667 0.1333333 0
v -8.639999 -3.576279E-07 -4.639999 0.2666667 0.1333333 0
v -8.479999 -3.576279E-07 -4.639999 0.2666667 0.1333333 0
v -8.479999 -3.576279E-07 -4.96 0.2666667 0.1333333 0
v -8.639999 -3.576279E-07 -4.96 0.2666667 0.1333333 0
v -8.639999 -3.576279E-07 -4.8 0.2666667 0.1333333 0
v -8.479999 -3.576279E-07 -4.8 0.2666667 0.1333333 0
v -8.479999 -3.576279E-07 -5.119999 0.2666667 0.1333333 0
v -8.639999 -3.576279E-07 -5.119999 0.2666667 0.1333333 0
v -8.639999 -3.576279E-07 -4.96 0.2666667 0.1333333 0
v -8.479999 -3.576279E-07 -4.96 0.2666667 0.1333333 0
v -8.479999 -3.576279E-07 -5.28 0.2666667 0.1333333 0
v -8.639999 -3.576279E-07 -5.28 0.2666667 0.1333333 0
v -8.639999 -3.576279E-07 -5.119999 0.2666667 0.1333333 0
v -8.479999 -3.576279E-07 -5.119999 0.2666667 0.1333333 0
v -8.479999 -3.576279E-07 -5.44 0.2666667 0.1333333 0
v -8.639999 -3.576279E-07 -5.44 0.2666667 0.1333333 0
v -8.639999 -3.576279E-07 -5.28 0.2666667 0.1333333 0
v -8.479999 -3.576279E-07 -5.28 0.2666667 0.1333333 0
v -8.479999 -3.576279E-07 -5.599999 0.2666667 0.1333333 0
v -8.639999 -3.576279E-07 -5.599999 0.2666667 0.1333333 0
v -8.639999 -3.576279E-07 -5.44 0.2666667 0.1333333 0
v -8.479999 -3.576279E-07 -5.44 0.2666667 0.1333333 0
v -8.479999 -3.576279E-07 -5.759999 0.2666667 0.1333333 0
v -8.639999 -3.576279E-07 -5.759999 0.2666667 0.1333333 0
v -8.639999 -3.576279E-07 -5.599999 0.2666667 0.1333333 0
v -8.479999 -3.576279E-07 -5.599999 0.2666667 0.1333333 0
v -8.479999 -3.576279E-07 -5.92 0.2666667 0.1333333 0
v -8.639999 -3.576279E-07 -5.92 0.2666667 0.1333333 0
v -8.639999 -3.576279E-07 -5.759999 0.2666667 0.1333333 0
v -8.479999 -3.576279E-07 -5.759999 0.2666667 0.1333333 0
v -8.479999 -3.576279E-07 -6.079999 0.2666667 0.1333333 0
v -8.639999 -3.576279E-07 -6.079999 0.2666667 0.1333333 0
v -8.639999 -3.576279E-07 -5.92 0.2666667 0.1333333 0
v -8.479999 -3.576279E-07 -5.92 0.2666667 0.1333333 0
v -8.479999 -3.576279E-07 -6.239999 0.2666667 0.1333333 0
v -8.639999 -3.576279E-07 -6.239999 0.2666667 0.1333333 0
v -8.639999 -3.576279E-07 -6.079999 0.2666667 0.1333333 0
v -8.479999 -3.576279E-07 -6.079999 0.2666667 0.1333333 0
v -8.479999 -3.576279E-07 -6.4 0.2666667 0.1333333 0
v -8.639999 -3.576279E-07 -6.4 0.2666667 0.1333333 0
v -8.639999 -3.576279E-07 -6.24 0.2666667 0.1333333 0
v -8.479999 -3.576279E-07 -6.24 0.2666667 0.1333333 0
v -8.479999 -3.576279E-07 -6.559999 0.2666667 0.1333333 0
v -8.639999 -3.576279E-07 -6.559999 0.2666667 0.1333333 0
v -8.639999 -3.576279E-07 -6.4 0.2666667 0.1333333 0
v -8.479999 -3.576279E-07 -6.4 0.2666667 0.1333333 0
v -8.479999 -3.576279E-07 -6.719999 0.2666667 0.1333333 0
v -8.639999 -3.576279E-07 -6.719999 0.2666667 0.1333333 0
v -8.639999 -3.576279E-07 -6.559999 0.2666667 0.1333333 0
v -8.479999 -3.576279E-07 -6.559999 0.2666667 0.1333333 0
v -8.479999 -3.576279E-07 -6.88 0.2666667 0.1333333 0
v -8.639999 -3.576279E-07 -6.88 0.2666667 0.1333333 0
v -8.639999 -3.576279E-07 -6.719999 0.2666667 0.1333333 0
v -8.479999 -3.576279E-07 -6.719999 0.2666667 0.1333333 0
v -8.479999 -3.576279E-07 -7.039999 0.2666667 0.1333333 0
v -8.639999 -3.576279E-07 -7.039999 0.2666667 0.1333333 0
v -8.639999 -3.576279E-07 -6.879999 0.2666667 0.1333333 0
v -8.479999 -3.576279E-07 -6.879999 0.2666667 0.1333333 0
v -8.479999 0.6399996 -4.48 0.24 0.12 0
v -8.639999 0.6399996 -4.48 0.2666667 0.1333333 0
v -8.639999 0.6399996 -4.639999 0.24 0.12 0
v -8.479999 0.6399996 -4.639999 0.2133334 0.1066667 0
v -8.479999 0.6399996 -5.119999 0.24 0.12 0
v -8.639999 0.6399996 -5.119999 0.2133334 0.1066667 0
v -8.639999 0.6399996 -5.28 0.24 0.12 0
v -8.479999 0.6399996 -5.28 0.2666667 0.1333333 0
v -8.479999 0.6399996 -5.28 0.2666667 0.1333333 0
v -8.639999 0.6399996 -5.28 0.24 0.12 0
v -8.639999 0.6399996 -5.44 0.2666667 0.1333333 0
v -8.479999 0.6399996 -5.44 0.2666667 0.1333333 0
v -8.479999 0.6399996 -5.44 0.2666667 0.1333333 0
v -8.639999 0.6399996 -5.44 0.2666667 0.1333333 0
v -8.639999 0.6399996 -5.599999 0.2666667 0.1333333 0
v -8.479999 0.6399996 -5.599999 0.2666667 0.1333333 0
v -8.479999 0.6399996 -5.599999 0.2666667 0.1333333 0
v -8.639999 0.6399996 -5.599999 0.2666667 0.1333333 0
v -8.639999 0.6399996 -5.759999 0.2666667 0.1333333 0
v -8.479999 0.6399996 -5.759999 0.2666667 0.1333333 0
v -8.479999 0.6399996 -5.759999 0.2666667 0.1333333 0
v -8.639999 0.6399996 -5.759999 0.2666667 0.1333333 0
v -8.639999 0.6399996 -5.92 0.2666667 0.1333333 0
v -8.479999 0.6399996 -5.92 0.24 0.12 0
v -8.479999 0.6399996 -5.92 0.24 0.12 0
v -8.639999 0.6399996 -5.92 0.2666667 0.1333333 0
v -8.639999 0.6399996 -6.079999 0.24 0.12 0
v -8.479999 0.6399996 -6.079999 0.2133334 0.1066667 0
v -8.479999 0.6399996 -6.559999 0.24 0.12 0
v -8.639999 0.6399996 -6.559999 0.2133334 0.1066667 0
v -8.639999 0.6399996 -6.719999 0.24 0.12 0
v -8.479999 0.6399996 -6.719999 0.2666667 0.1333333 0
v -8.479999 0.6399996 -6.719999 0.2666667 0.1333333 0
v -8.639999 0.6399996 -6.719999 0.24 0.12 0
v -8.639999 0.6399996 -6.88 0.2666667 0.1333333 0
v -8.479999 0.6399996 -6.88 0.2666667 0.1333333 0
v -8.479999 0.6399996 -6.879999 0.2666667 0.1333333 0
v -8.639999 0.6399996 -6.879999 0.2666667 0.1333333 0
v -8.639999 0.6399996 -7.039999 0.2666667 0.1333333 0
v -8.479999 0.6399996 -7.039999 0.2666667 0.1333333 0
v -8.479999 0.7999996 -4.639999 0.1882353 0.09803922 0
v -8.639999 0.7999996 -4.639999 0.1882353 0.09803922 0
v -8.639999 0.7999996 -4.8 0.1882353 0.09803922 0
v -8.479999 0.7999996 -4.8 0.1882353 0.09803922 0
v -8.639999 0.6399996 -4.639999 0.1505882 0.07843138 0
v -8.639999 0.7999996 -4.639999 0.1882353 0.09803922 0
v -8.479999 0.7999996 -4.639999 0.1694118 0.0882353 0
v -8.479999 0.6399996 -4.639999 0.1505882 0.07843138 0
v -8.639999 0.6399996 -4.8 0.1505882 0.07843138 0
v -8.639999 0.7999996 -4.8 0.1694118 0.0882353 0
v -8.639999 0.7999996 -4.639999 0.1882353 0.09803922 0
v -8.639999 0.6399996 -4.639999 0.1505882 0.07843138 0
v -8.479999 0.7999996 -4.8 0.1882353 0.09803922 0
v -8.639999 0.7999996 -4.8 0.1882353 0.09803922 0
v -8.639999 0.7999996 -4.96 0.1882353 0.09803922 0
v -8.479999 0.7999996 -4.96 0.1882353 0.09803922 0
v -8.479999 0.7999996 -4.96 0.1882353 0.09803922 0
v -8.639999 0.7999996 -4.96 0.1882353 0.09803922 0
v -8.639999 0.7999996 -5.119999 0.1882353 0.09803922 0
v -8.479999 0.7999996 -5.119999 0.1882353 0.09803922 0
v -8.479999 0.6399996 -5.119999 0.1505882 0.07843138 0
v -8.479999 0.7999996 -5.119999 0.1882353 0.09803922 0
v -8.639999 0.7999996 -5.119999 0.1694118 0.0882353 0
v -8.639999 0.6399996 -5.119999 0.1505882 0.07843138 0
v -8.479999 0.6399996 -4.96 0.1505882 0.07843138 0
v -8.479999 0.7999996 -4.96 0.1694118 0.0882353 0
v -8.479999 0.7999996 -5.119999 0.1882353 0.09803922 0
v -8.479999 0.6399996 -5.119999 0.1505882 0.07843138 0
v -8.479999 0.7999996 -6.079999 0.1882353 0.09803922 0
v -8.639999 0.7999996 -6.079999 0.1882353 0.09803922 0
v -8.639999 0.7999996 -6.239999 0.1882353 0.09803922 0
v -8.479999 0.7999996 -6.239999 0.1882353 0.09803922 0
v -8.639999 0.6399996 -6.079999 0.1505882 0.07843138 0
v -8.639999 0.7999996 -6.079999 0.1882353 0.09803922 0
v -8.479999 0.7999996 -6.079999 0.1694118 0.0882353 0
v -8.479999 0.6399996 -6.079999 0.1505882 0.07843138 0
v -8.639999 0.6399996 -6.239999 0.1505882 0.07843138 0
v -8.639999 0.7999996 -6.239999 0.1694118 0.0882353 0
v -8.639999 0.7999996 -6.079999 0.1882353 0.09803922 0
v -8.639999 0.6399996 -6.079999 0.1505882 0.07843138 0
v -8.479999 0.7999996 -6.24 0.1882353 0.09803922 0
v -8.639999 0.7999996 -6.24 0.1882353 0.09803922 0
v -8.639999 0.7999996 -6.4 0.1882353 0.09803922 0
v -8.479999 0.7999996 -6.4 0.1882353 0.09803922 0
v -8.479999 0.7999996 -6.4 0.1882353 0.09803922 0
v -8.639999 0.7999996 -6.4 0.1882353 0.09803922 0
v -8.639999 0.7999996 -6.559999 0.1882353 0.09803922 0
v -8.479999 0.7999996 -6.559999 0.1882353 0.09803922 0
v -8.479999 0.6399996 -6.559999 0.1505882 0.07843138 0
v -8.479999 0.7999996 -6.559999 0.1882353 0.09803922 0
v -8.639999 0.7999996 -6.559999 0.1694118 0.0882353 0
v -8.639999 0.6399996 -6.559999 0.1505882 0.07843138 0
v -8.479999 0.6399996 -6.4 0.1505882 0.07843138 0
v -8.479999 0.7999996 -6.4 0.1694118 0.0882353 0
v -8.479999 0.7999996 -6.559999 0.1882353 0.09803922 0
v -8.479999 0.6399996 -6.559999 0.1505882 0.07843138 0
v -8.639999 -3.576279E-07 -4.639999 0.2666667 0.1333333 0
v -8.799999 -3.576279E-07 -4.639999 0.2666667 0.1333333 0
v -8.799999 -3.576279E-07 -4.48 0.2666667 0.1333333 0
v -8.639999 -3.576279E-07 -4.48 0.2666667 0.1333333 0
v -8.639999 -3.576279E-07 -4.8 0.2666667 0.1333333 0
v -8.799999 -3.576279E-07 -4.8 0.2666667 0.1333333 0
v -8.799999 -3.576279E-07 -4.639999 0.2666667 0.1333333 0
v -8.639999 -3.576279E-07 -4.639999 0.2666667 0.1333333 0
v -8.639999 -3.576279E-07 -4.96 0.2666667 0.1333333 0
v -8.799999 -3.576279E-07 -4.96 0.2666667 0.1333333 0
v -8.799999 -3.576279E-07 -4.8 0.2666667 0.1333333 0
v -8.639999 -3.576279E-07 -4.8 0.2666667 0.1333333 0
v -8.639999 -3.576279E-07 -5.119999 0.2666667 0.1333333 0
v -8.799999 -3.576279E-07 -5.119999 0.2666667 0.1333333 0
v -8.799999 -3.576279E-07 -4.96 0.2666667 0.1333333 0
v -8.639999 -3.576279E-07 -4.96 0.2666667 0.1333333 0
v -8.639999 -3.576279E-07 -5.28 0.2666667 0.1333333 0
v -8.799999 -3.576279E-07 -5.28 0.2666667 0.1333333 0
v -8.799999 -3.576279E-07 -5.119999 0.2666667 0.1333333 0
v -8.639999 -3.576279E-07 -5.119999 0.2666667 0.1333333 0
v -8.639999 -3.576279E-07 -5.44 0.2666667 0.1333333 0
v -8.799999 -3.576279E-07 -5.44 0.2666667 0.1333333 0
v -8.799999 -3.576279E-07 -5.28 0.2666667 0.1333333 0
v -8.639999 -3.576279E-07 -5.28 0.2666667 0.1333333 0
v -8.639999 -3.576279E-07 -5.599999 0.2666667 0.1333333 0
v -8.799999 -3.576279E-07 -5.599999 0.2666667 0.1333333 0
v -8.799999 -3.576279E-07 -5.44 0.2666667 0.1333333 0
v -8.639999 -3.576279E-07 -5.44 0.2666667 0.1333333 0
v -8.639999 -3.576279E-07 -5.759999 0.2666667 0.1333333 0
v -8.799999 -3.576279E-07 -5.759999 0.2666667 0.1333333 0
v -8.799999 -3.576279E-07 -5.599999 0.2666667 0.1333333 0
v -8.639999 -3.576279E-07 -5.599999 0.2666667 0.1333333 0
v -8.639999 -3.576279E-07 -5.92 0.2666667 0.1333333 0
v -8.799999 -3.576279E-07 -5.92 0.2666667 0.1333333 0
v -8.799999 -3.576279E-07 -5.759999 0.2666667 0.1333333 0
v -8.639999 -3.576279E-07 -5.759999 0.2666667 0.1333333 0
v -8.639999 -3.576279E-07 -6.079999 0.2666667 0.1333333 0
v -8.799999 -3.576279E-07 -6.079999 0.2666667 0.1333333 0
v -8.799999 -3.576279E-07 -5.92 0.2666667 0.1333333 0
v -8.639999 -3.576279E-07 -5.92 0.2666667 0.1333333 0
v -8.639999 -3.576279E-07 -6.239999 0.2666667 0.1333333 0
v -8.799999 -3.576279E-07 -6.239999 0.2666667 0.1333333 0
v -8.799999 -3.576279E-07 -6.079999 0.2666667 0.1333333 0
v -8.639999 -3.576279E-07 -6.079999 0.2666667 0.1333333 0
v -8.639999 -3.576279E-07 -6.4 0.2666667 0.1333333 0
v -8.799999 -3.576279E-07 -6.4 0.2666667 0.1333333 0
v -8.799999 -3.576279E-07 -6.24 0.2666667 0.1333333 0
v -8.639999 -3.576279E-07 -6.24 0.2666667 0.1333333 0
v -8.639999 -3.576279E-07 -6.559999 0.2666667 0.1333333 0
v -8.799999 -3.576279E-07 -6.559999 0.2666667 0.1333333 0
v -8.799999 -3.576279E-07 -6.4 0.2666667 0.1333333 0
v -8.639999 -3.576279E-07 -6.4 0.2666667 0.1333333 0
v -8.639999 -3.576279E-07 -6.719999 0.2666667 0.1333333 0
v -8.799999 -3.576279E-07 -6.719999 0.2666667 0.1333333 0
v -8.799999 -3.576279E-07 -6.559999 0.2666667 0.1333333 0
v -8.639999 -3.576279E-07 -6.559999 0.2666667 0.1333333 0
v -8.639999 -3.576279E-07 -6.88 0.2666667 0.1333333 0
v -8.799999 -3.576279E-07 -6.88 0.2666667 0.1333333 0
v -8.799999 -3.576279E-07 -6.719999 0.2666667 0.1333333 0
v -8.639999 -3.576279E-07 -6.719999 0.2666667 0.1333333 0
v -8.639999 -3.576279E-07 -7.039999 0.2666667 0.1333333 0
v -8.799999 -3.576279E-07 -7.039999 0.2666667 0.1333333 0
v -8.799999 -3.576279E-07 -6.879999 0.2666667 0.1333333 0
v -8.639999 -3.576279E-07 -6.879999 0.2666667 0.1333333 0
v -8.639999 0.6399996 -4.48 0.2666667 0.1333333 0
v -8.799999 0.6399996 -4.48 0.2666667 0.1333333 0
v -8.799999 0.6399996 -4.639999 0.2666667 0.1333333 0
v -8.639999 0.6399996 -4.639999 0.24 0.12 0
v -8.639999 0.6399996 -4.639999 0.24 0.12 0
v -8.799999 0.6399996 -4.639999 0.2666667 0.1333333 0
v -8.799999 0.6399996 -4.8 0.24 0.12 0
v -8.639999 0.6399996 -4.8 0.2133334 0.1066667 0
v -8.639999 0.6399996 -5.28 0.24 0.12 0
v -8.799999 0.6399996 -5.28 0.2133334 0.1066667 0
v -8.799999 0.6399996 -5.44 0.24 0.12 0
v -8.639999 0.6399996 -5.44 0.2666667 0.1333333 0
v -8.639999 0.6399996 -5.44 0.2666667 0.1333333 0
v -8.799999 0.6399996 -5.44 0.24 0.12 0
v -8.799999 0.6399996 -5.599999 0.2666667 0.1333333 0
v -8.639999 0.6399996 -5.599999 0.2666667 0.1333333 0
v -8.639999 0.6399996 -5.599999 0.2666667 0.1333333 0
v -8.799999 0.6399996 -5.599999 0.2666667 0.1333333 0
v -8.799999 0.6399996 -5.759999 0.2666667 0.1333333 0
v -8.639999 0.6399996 -5.759999 0.2666667 0.1333333 0
v -8.639999 0.6399996 -5.759999 0.2666667 0.1333333 0
v -8.799999 0.6399996 -5.759999 0.2666667 0.1333333 0
v -8.799999 0.6399996 -5.92 0.2666667 0.1333333 0
v -8.639999 0.6399996 -5.92 0.2666667 0.1333333 0
v -8.639999 0.6399996 -5.92 0.2666667 0.1333333 0
v -8.799999 0.6399996 -5.92 0.2666667 0.1333333 0
v -8.799999 0.6399996 -6.079999 0.2666667 0.1333333 0
v -8.639999 0.6399996 -6.079999 0.24 0.12 0
v -8.639999 0.6399996 -6.079999 0.24 0.12 0
v -8.799999 0.6399996 -6.079999 0.2666667 0.1333333 0
v -8.799999 0.6399996 -6.239999 0.24 0.12 0
v -8.639999 0.6399996 -6.239999 0.2133334 0.1066667 0
v -8.639999 0.6399996 -6.719999 0.24 0.12 0
v -8.799999 0.6399996 -6.719999 0.2133334 0.1066667 0
v -8.799999 0.6399996 -6.88 0.24 0.12 0
v -8.639999 0.6399996 -6.88 0.2666667 0.1333333 0
v -8.639999 0.6399996 -6.879999 0.2666667 0.1333333 0
v -8.799999 0.6399996 -6.879999 0.24 0.12 0
v -8.799999 0.6399996 -7.039999 0.2666667 0.1333333 0
v -8.639999 0.6399996 -7.039999 0.2666667 0.1333333 0
v -8.639999 0.7999996 -4.8 0.1882353 0.09803922 0
v -8.799999 0.7999996 -4.8 0.1882353 0.09803922 0
v -8.799999 0.7999996 -4.96 0.1882353 0.09803922 0
v -8.639999 0.7999996 -4.96 0.1882353 0.09803922 0
v -8.799999 0.6399996 -4.8 0.1505882 0.07843138 0
v -8.799999 0.7999996 -4.8 0.1882353 0.09803922 0
v -8.639999 0.7999996 -4.8 0.1694118 0.0882353 0
v -8.639999 0.6399996 -4.8 0.1505882 0.07843138 0
v -8.799999 0.6399996 -4.96 0.1505882 0.07843138 0
v -8.799999 0.7999996 -4.96 0.1694118 0.0882353 0
v -8.799999 0.7999996 -4.8 0.1882353 0.09803922 0
v -8.799999 0.6399996 -4.8 0.1505882 0.07843138 0
v -8.639999 0.7999996 -4.96 0.1882353 0.09803922 0
v -8.799999 0.7999996 -4.96 0.1882353 0.09803922 0
v -8.799999 0.7999996 -5.119999 0.1882353 0.09803922 0
v -8.639999 0.7999996 -5.119999 0.1882353 0.09803922 0
v -8.639999 0.7999996 -5.119999 0.1882353 0.09803922 0
v -8.799999 0.7999996 -5.119999 0.1882353 0.09803922 0
v -8.799999 0.7999996 -5.28 0.1882353 0.09803922 0
v -8.639999 0.7999996 -5.28 0.1882353 0.09803922 0
v -8.639999 0.6399996 -5.28 0.1505882 0.07843138 0
v -8.639999 0.7999996 -5.28 0.1882353 0.09803922 0
v -8.799999 0.7999996 -5.28 0.1694118 0.0882353 0
v -8.799999 0.6399996 -5.28 0.1505882 0.07843138 0
v -8.639999 0.6399996 -5.119999 0.1505882 0.07843138 0
v -8.639999 0.7999996 -5.119999 0.1694118 0.0882353 0
v -8.639999 0.7999996 -5.28 0.1882353 0.09803922 0
v -8.639999 0.6399996 -5.28 0.1505882 0.07843138 0
v -8.639999 0.7999996 -6.24 0.1882353 0.09803922 0
v -8.799999 0.7999996 -6.24 0.1882353 0.09803922 0
v -8.799999 0.7999996 -6.4 0.1882353 0.09803922 0
v -8.639999 0.7999996 -6.4 0.1882353 0.09803922 0
v -8.799999 0.6399996 -6.24 0.1505882 0.07843138 0
v -8.799999 0.7999996 -6.24 0.1882353 0.09803922 0
v -8.639999 0.7999996 -6.24 0.1694118 0.0882353 0
v -8.639999 0.6399996 -6.24 0.1505882 0.07843138 0
v -8.799999 0.6399996 -6.4 0.1505882 0.07843138 0
v -8.799999 0.7999996 -6.4 0.1694118 0.0882353 0
v -8.799999 0.7999996 -6.24 0.1882353 0.09803922 0
v -8.799999 0.6399996 -6.24 0.1505882 0.07843138 0
v -8.639999 0.7999996 -6.4 0.1882353 0.09803922 0
v -8.799999 0.7999996 -6.4 0.1882353 0.09803922 0
v -8.799999 0.7999996 -6.559999 0.1882353 0.09803922 0
v -8.639999 0.7999996 -6.559999 0.1882353 0.09803922 0
v -8.639999 0.7999996 -6.559999 0.1882353 0.09803922 0
v -8.799999 0.7999996 -6.559999 0.1882353 0.09803922 0
v -8.799999 0.7999996 -6.719999 0.1882353 0.09803922 0
v -8.639999 0.7999996 -6.719999 0.1882353 0.09803922 0
v -8.639999 0.6399996 -6.719999 0.1505882 0.07843138 0
v -8.639999 0.7999996 -6.719999 0.1882353 0.09803922 0
v -8.799999 0.7999996 -6.719999 0.1694118 0.0882353 0
v -8.799999 0.6399996 -6.719999 0.1505882 0.07843138 0
v -8.639999 0.6399996 -6.559999 0.1505882 0.07843138 0
v -8.639999 0.7999996 -6.559999 0.1694118 0.0882353 0
v -8.639999 0.7999996 -6.719999 0.1882353 0.09803922 0
v -8.639999 0.6399996 -6.719999 0.1505882 0.07843138 0
v -8.799999 -3.576279E-07 -4.639999 0.2666667 0.1333333 0
v -8.959999 -3.576279E-07 -4.639999 0.2666667 0.1333333 0
v -8.959999 -3.576279E-07 -4.48 0.2666667 0.1333333 0
v -8.799999 -3.576279E-07 -4.48 0.2666667 0.1333333 0
v -8.799999 -3.576279E-07 -4.8 0.2666667 0.1333333 0
v -8.959999 -3.576279E-07 -4.8 0.2666667 0.1333333 0
v -8.959999 -3.576279E-07 -4.639999 0.2666667 0.1333333 0
v -8.799999 -3.576279E-07 -4.639999 0.2666667 0.1333333 0
v -8.799999 -3.576279E-07 -4.96 0.2666667 0.1333333 0
v -8.959999 -3.576279E-07 -4.96 0.2666667 0.1333333 0
v -8.959999 -3.576279E-07 -4.8 0.2666667 0.1333333 0
v -8.799999 -3.576279E-07 -4.8 0.2666667 0.1333333 0
v -8.799999 -3.576279E-07 -5.119999 0.2666667 0.1333333 0
v -8.959999 -3.576279E-07 -5.119999 0.2666667 0.1333333 0
v -8.959999 -3.576279E-07 -4.96 0.2666667 0.1333333 0
v -8.799999 -3.576279E-07 -4.96 0.2666667 0.1333333 0
v -8.799999 -3.576279E-07 -5.28 0.2666667 0.1333333 0
v -8.959999 -3.576279E-07 -5.28 0.2666667 0.1333333 0
v -8.959999 -3.576279E-07 -5.119999 0.2666667 0.1333333 0
v -8.799999 -3.576279E-07 -5.119999 0.2666667 0.1333333 0
v -8.799999 -3.576279E-07 -5.44 0.2666667 0.1333333 0
v -8.959999 -3.576279E-07 -5.44 0.2666667 0.1333333 0
v -8.959999 -3.576279E-07 -5.28 0.2666667 0.1333333 0
v -8.799999 -3.576279E-07 -5.28 0.2666667 0.1333333 0
v -8.799999 -3.576279E-07 -5.599999 0.2666667 0.1333333 0
v -8.959999 -3.576279E-07 -5.599999 0.2666667 0.1333333 0
v -8.959999 -3.576279E-07 -5.44 0.2666667 0.1333333 0
v -8.799999 -3.576279E-07 -5.44 0.2666667 0.1333333 0
v -8.799999 -3.576279E-07 -5.759999 0.2666667 0.1333333 0
v -8.959999 -3.576279E-07 -5.759999 0.2666667 0.1333333 0
v -8.959999 -3.576279E-07 -5.599999 0.2666667 0.1333333 0
v -8.799999 -3.576279E-07 -5.599999 0.2666667 0.1333333 0
v -8.799999 -3.576279E-07 -5.92 0.2666667 0.1333333 0
v -8.959999 -3.576279E-07 -5.92 0.2666667 0.1333333 0
v -8.959999 -3.576279E-07 -5.759999 0.2666667 0.1333333 0
v -8.799999 -3.576279E-07 -5.759999 0.2666667 0.1333333 0
v -8.799999 -3.576279E-07 -6.079999 0.2666667 0.1333333 0
v -8.959999 -3.576279E-07 -6.079999 0.2666667 0.1333333 0
v -8.959999 -3.576279E-07 -5.92 0.2666667 0.1333333 0
v -8.799999 -3.576279E-07 -5.92 0.2666667 0.1333333 0
v -8.799999 -3.576279E-07 -6.239999 0.2666667 0.1333333 0
v -8.959999 -3.576279E-07 -6.239999 0.2666667 0.1333333 0
v -8.959999 -3.576279E-07 -6.079999 0.2666667 0.1333333 0
v -8.799999 -3.576279E-07 -6.079999 0.2666667 0.1333333 0
v -8.799999 -3.576279E-07 -6.4 0.2666667 0.1333333 0
v -8.959999 -3.576279E-07 -6.4 0.2666667 0.1333333 0
v -8.959999 -3.576279E-07 -6.24 0.2666667 0.1333333 0
v -8.799999 -3.576279E-07 -6.24 0.2666667 0.1333333 0
v -8.799999 -3.576279E-07 -6.559999 0.2666667 0.1333333 0
v -8.959999 -3.576279E-07 -6.559999 0.2666667 0.1333333 0
v -8.959999 -3.576279E-07 -6.4 0.2666667 0.1333333 0
v -8.799999 -3.576279E-07 -6.4 0.2666667 0.1333333 0
v -8.799999 -3.576279E-07 -6.719999 0.2666667 0.1333333 0
v -8.959999 -3.576279E-07 -6.719999 0.2666667 0.1333333 0
v -8.959999 -3.576279E-07 -6.559999 0.2666667 0.1333333 0
v -8.799999 -3.576279E-07 -6.559999 0.2666667 0.1333333 0
v -8.799999 -3.576279E-07 -6.88 0.2666667 0.1333333 0
v -8.959999 -3.576279E-07 -6.88 0.2666667 0.1333333 0
v -8.959999 -3.576279E-07 -6.719999 0.2666667 0.1333333 0
v -8.799999 -3.576279E-07 -6.719999 0.2666667 0.1333333 0
v -8.799999 -3.576279E-07 -7.039999 0.2666667 0.1333333 0
v -8.959999 -3.576279E-07 -7.039999 0.2666667 0.1333333 0
v -8.959999 -3.576279E-07 -6.879999 0.2666667 0.1333333 0
v -8.799999 -3.576279E-07 -6.879999 0.2666667 0.1333333 0
v -8.799999 0.6399996 -4.48 0.2666667 0.1333333 0
v -8.959999 0.6399996 -4.48 0.2666667 0.1333333 0
v -8.959999 0.6399996 -4.639999 0.2666667 0.1333333 0
v -8.799999 0.6399996 -4.639999 0.2666667 0.1333333 0
v -8.799999 0.6399996 -4.639999 0.2666667 0.1333333 0
v -8.959999 0.6399996 -4.639999 0.2666667 0.1333333 0
v -8.959999 0.6399996 -4.8 0.2666667 0.1333333 0
v -8.799999 0.6399996 -4.8 0.24 0.12 0
v -8.799999 0.6399996 -4.8 0.24 0.12 0
v -8.959999 0.6399996 -4.8 0.2666667 0.1333333 0
v -8.959999 0.6399996 -4.96 0.24 0.12 0
v -8.799999 0.6399996 -4.96 0.2133334 0.1066667 0
v -8.799999 0.6399996 -5.44 0.24 0.12 0
v -8.959999 0.6399996 -5.44 0.2133334 0.1066667 0
v -8.959999 0.6399996 -5.599999 0.24 0.12 0
v -8.799999 0.6399996 -5.599999 0.2666667 0.1333333 0
v -8.799999 0.6399996 -5.599999 0.2666667 0.1333333 0
v -8.959999 0.6399996 -5.599999 0.24 0.12 0
v -8.959999 0.6399996 -5.759999 0.2666667 0.1333333 0
v -8.799999 0.6399996 -5.759999 0.2666667 0.1333333 0
v -8.799999 0.6399996 -5.759999 0.2666667 0.1333333 0
v -8.959999 0.6399996 -5.759999 0.2666667 0.1333333 0
v -8.959999 0.6399996 -5.92 0.2666667 0.1333333 0
v -8.799999 0.6399996 -5.92 0.2666667 0.1333333 0
v -8.799999 0.6399996 -5.92 0.2666667 0.1333333 0
v -8.959999 0.6399996 -5.92 0.2666667 0.1333333 0
v -8.959999 0.6399996 -6.079999 0.2666667 0.1333333 0
v -8.799999 0.6399996 -6.079999 0.2666667 0.1333333 0
v -8.799999 0.6399996 -6.079999 0.2666667 0.1333333 0
v -8.959999 0.6399996 -6.079999 0.2666667 0.1333333 0
v -8.959999 0.6399996 -6.239999 0.2666667 0.1333333 0
v -8.799999 0.6399996 -6.239999 0.24 0.12 0
v -8.799999 0.6399996 -6.24 0.24 0.12 0
v -8.959999 0.6399996 -6.24 0.2666667 0.1333333 0
v -8.959999 0.6399996 -6.4 0.24 0.12 0
v -8.799999 0.6399996 -6.4 0.2133334 0.1066667 0
v -8.799999 0.6399996 -6.879999 0.24 0.12 0
v -8.959999 0.6399996 -6.879999 0.2133334 0.1066667 0
v -8.959999 0.6399996 -7.039999 0.24 0.12 0
v -8.799999 0.6399996 -7.039999 0.2666667 0.1333333 0
v -8.799999 0.7999996 -4.96 0.1882353 0.09803922 0
v -8.959999 0.7999996 -4.96 0.1882353 0.09803922 0
v -8.959999 0.7999996 -5.119999 0.1882353 0.09803922 0
v -8.799999 0.7999996 -5.119999 0.1882353 0.09803922 0
v -8.959999 0.6399996 -4.96 0.1505882 0.07843138 0
v -8.959999 0.7999996 -4.96 0.1882353 0.09803922 0
v -8.799999 0.7999996 -4.96 0.1694118 0.0882353 0
v -8.799999 0.6399996 -4.96 0.1505882 0.07843138 0
v -8.959999 0.6399996 -5.119999 0.1505882 0.07843138 0
v -8.959999 0.7999996 -5.119999 0.1694118 0.0882353 0
v -8.959999 0.7999996 -4.96 0.1882353 0.09803922 0
v -8.959999 0.6399996 -4.96 0.1505882 0.07843138 0
v -8.799999 0.7999996 -5.119999 0.1882353 0.09803922 0
v -8.959999 0.7999996 -5.119999 0.1882353 0.09803922 0
v -8.959999 0.7999996 -5.28 0.1882353 0.09803922 0
v -8.799999 0.7999996 -5.28 0.1882353 0.09803922 0
v -8.799999 0.7999996 -5.28 0.1882353 0.09803922 0
v -8.959999 0.7999996 -5.28 0.1882353 0.09803922 0
v -8.959999 0.7999996 -5.44 0.1882353 0.09803922 0
v -8.799999 0.7999996 -5.44 0.1882353 0.09803922 0
v -8.799999 0.6399996 -5.44 0.1505882 0.07843138 0
v -8.799999 0.7999996 -5.44 0.1882353 0.09803922 0
v -8.959999 0.7999996 -5.44 0.1694118 0.0882353 0
v -8.959999 0.6399996 -5.44 0.1505882 0.07843138 0
v -8.799999 0.6399996 -5.28 0.1505882 0.07843138 0
v -8.799999 0.7999996 -5.28 0.1694118 0.0882353 0
v -8.799999 0.7999996 -5.44 0.1882353 0.09803922 0
v -8.799999 0.6399996 -5.44 0.1505882 0.07843138 0
v -8.799999 0.7999996 -6.4 0.1882353 0.09803922 0
v -8.959999 0.7999996 -6.4 0.1882353 0.09803922 0
v -8.959999 0.7999996 -6.559999 0.1882353 0.09803922 0
v -8.799999 0.7999996 -6.559999 0.1882353 0.09803922 0
v -8.959999 0.6399996 -6.4 0.1505882 0.07843138 0
v -8.959999 0.7999996 -6.4 0.1882353 0.09803922 0
v -8.799999 0.7999996 -6.4 0.1694118 0.0882353 0
v -8.799999 0.6399996 -6.4 0.1505882 0.07843138 0
v -8.959999 0.6399996 -6.559999 0.1505882 0.07843138 0
v -8.959999 0.7999996 -6.559999 0.1694118 0.0882353 0
v -8.959999 0.7999996 -6.4 0.1882353 0.09803922 0
v -8.959999 0.6399996 -6.4 0.1505882 0.07843138 0
v -8.799999 0.7999996 -6.559999 0.1882353 0.09803922 0
v -8.959999 0.7999996 -6.559999 0.1882353 0.09803922 0
v -8.959999 0.7999996 -6.719999 0.1882353 0.09803922 0
v -8.799999 0.7999996 -6.719999 0.1882353 0.09803922 0
v -8.799999 0.7999996 -6.719999 0.1882353 0.09803922 0
v -8.959999 0.7999996 -6.719999 0.1882353 0.09803922 0
v -8.959999 0.7999996 -6.88 0.1882353 0.09803922 0
v -8.799999 0.7999996 -6.88 0.1882353 0.09803922 0
v -8.799999 0.6399996 -6.88 0.1505882 0.07843138 0
v -8.799999 0.7999996 -6.88 0.1882353 0.09803922 0
v -8.959999 0.7999996 -6.88 0.1694118 0.0882353 0
v -8.959999 0.6399996 -6.88 0.1505882 0.07843138 0
v -8.799999 0.6399996 -6.719999 0.1505882 0.07843138 0
v -8.799999 0.7999996 -6.719999 0.1694118 0.0882353 0
v -8.799999 0.7999996 -6.88 0.1882353 0.09803922 0
v -8.799999 0.6399996 -6.88 0.1505882 0.07843138 0
v -8.959999 -3.576279E-07 -4.639999 0.2666667 0.1333333 0
v -9.119999 -3.576279E-07 -4.639999 0.2666667 0.1333333 0
v -9.119999 -3.576279E-07 -4.48 0.2666667 0.1333333 0
v -8.959999 -3.576279E-07 -4.48 0.2666667 0.1333333 0
v -8.959999 -3.576279E-07 -4.8 0.2666667 0.1333333 0
v -9.119999 -3.576279E-07 -4.8 0.2666667 0.1333333 0
v -9.119999 -3.576279E-07 -4.639999 0.2666667 0.1333333 0
v -8.959999 -3.576279E-07 -4.639999 0.2666667 0.1333333 0
v -8.959999 -3.576279E-07 -4.96 0.2666667 0.1333333 0
v -9.119999 -3.576279E-07 -4.96 0.2666667 0.1333333 0
v -9.119999 -3.576279E-07 -4.8 0.2666667 0.1333333 0
v -8.959999 -3.576279E-07 -4.8 0.2666667 0.1333333 0
v -8.959999 -3.576279E-07 -5.119999 0.2666667 0.1333333 0
v -9.119999 -3.576279E-07 -5.119999 0.2666667 0.1333333 0
v -9.119999 -3.576279E-07 -4.96 0.2666667 0.1333333 0
v -8.959999 -3.576279E-07 -4.96 0.2666667 0.1333333 0
v -8.959999 -3.576279E-07 -5.28 0.2666667 0.1333333 0
v -9.119999 -3.576279E-07 -5.28 0.2666667 0.1333333 0
v -9.119999 -3.576279E-07 -5.119999 0.2666667 0.1333333 0
v -8.959999 -3.576279E-07 -5.119999 0.2666667 0.1333333 0
v -8.959999 -3.576279E-07 -5.44 0.2666667 0.1333333 0
v -9.119999 -3.576279E-07 -5.44 0.2666667 0.1333333 0
v -9.119999 -3.576279E-07 -5.28 0.2666667 0.1333333 0
v -8.959999 -3.576279E-07 -5.28 0.2666667 0.1333333 0
v -8.959999 -3.576279E-07 -5.599999 0.2666667 0.1333333 0
v -9.119999 -3.576279E-07 -5.599999 0.2666667 0.1333333 0
v -9.119999 -3.576279E-07 -5.44 0.2666667 0.1333333 0
v -8.959999 -3.576279E-07 -5.44 0.2666667 0.1333333 0
v -8.959999 -3.576279E-07 -5.759999 0.2666667 0.1333333 0
v -9.119999 -3.576279E-07 -5.759999 0.2666667 0.1333333 0
v -9.119999 -3.576279E-07 -5.599999 0.2666667 0.1333333 0
v -8.959999 -3.576279E-07 -5.599999 0.2666667 0.1333333 0
v -8.959999 -3.576279E-07 -5.92 0.2666667 0.1333333 0
v -9.119999 -3.576279E-07 -5.92 0.2666667 0.1333333 0
v -9.119999 -3.576279E-07 -5.759999 0.2666667 0.1333333 0
v -8.959999 -3.576279E-07 -5.759999 0.2666667 0.1333333 0
v -8.959999 -3.576279E-07 -6.079999 0.2666667 0.1333333 0
v -9.119999 -3.576279E-07 -6.079999 0.2666667 0.1333333 0
v -9.119999 -3.576279E-07 -5.92 0.2666667 0.1333333 0
v -8.959999 -3.576279E-07 -5.92 0.2666667 0.1333333 0
v -8.959999 -3.576279E-07 -6.239999 0.2666667 0.1333333 0
v -9.119999 -3.576279E-07 -6.239999 0.2666667 0.1333333 0
v -9.119999 -3.576279E-07 -6.079999 0.2666667 0.1333333 0
v -8.959999 -3.576279E-07 -6.079999 0.2666667 0.1333333 0
v -8.959999 -3.576279E-07 -6.4 0.2666667 0.1333333 0
v -9.119999 -3.576279E-07 -6.4 0.2666667 0.1333333 0
v -9.119999 -3.576279E-07 -6.24 0.2666667 0.1333333 0
v -8.959999 -3.576279E-07 -6.24 0.2666667 0.1333333 0
v -8.959999 -3.576279E-07 -6.559999 0.2666667 0.1333333 0
v -9.119999 -3.576279E-07 -6.559999 0.2666667 0.1333333 0
v -9.119999 -3.576279E-07 -6.4 0.2666667 0.1333333 0
v -8.959999 -3.576279E-07 -6.4 0.2666667 0.1333333 0
v -8.959999 -3.576279E-07 -6.719999 0.2666667 0.1333333 0
v -9.119999 -3.576279E-07 -6.719999 0.2666667 0.1333333 0
v -9.119999 -3.576279E-07 -6.559999 0.2666667 0.1333333 0
v -8.959999 -3.576279E-07 -6.559999 0.2666667 0.1333333 0
v -8.959999 -3.576279E-07 -6.88 0.2666667 0.1333333 0
v -9.119999 -3.576279E-07 -6.88 0.2666667 0.1333333 0
v -9.119999 -3.576279E-07 -6.719999 0.2666667 0.1333333 0
v -8.959999 -3.576279E-07 -6.719999 0.2666667 0.1333333 0
v -8.959999 -3.576279E-07 -7.039999 0.2666667 0.1333333 0
v -9.119999 -3.576279E-07 -7.039999 0.2666667 0.1333333 0
v -9.119999 -3.576279E-07 -6.879999 0.2666667 0.1333333 0
v -8.959999 -3.576279E-07 -6.879999 0.2666667 0.1333333 0
v -8.959999 0.6399996 -4.48 0.2666667 0.1333333 0
v -9.119999 0.6399996 -4.48 0.2666667 0.1333333 0
v -9.119999 0.6399996 -4.639999 0.2666667 0.1333333 0
v -8.959999 0.6399996 -4.639999 0.2666667 0.1333333 0
v -9.119999 0.4799997 -4.48 0.24 0.12 0
v -9.119999 0.6399996 -4.48 0.2666667 0.1333333 0
v -8.959999 0.6399996 -4.48 0.24 0.12 0
v -8.959999 0.4799997 -4.48 0.2133334 0.1066667 0
v -9.119999 0.4799997 -4.639999 0.2133334 0.1066667 0
v -9.119999 0.6399996 -4.639999 0.24 0.12 0
v -9.119999 0.6399996 -4.48 0.2666667 0.1333333 0
v -9.119999 0.4799997 -4.48 0.24 0.12 0
v -8.959999 0.6399996 -4.639999 0.2666667 0.1333333 0
v -9.119999 0.6399996 -4.639999 0.2666667 0.1333333 0
v -9.119999 0.6399996 -4.8 0.2666667 0.1333333 0
v -8.959999 0.6399996 -4.8 0.2666667 0.1333333 0
v -8.959999 0.6399996 -4.8 0.2666667 0.1333333 0
v -9.119999 0.6399996 -4.8 0.2666667 0.1333333 0
v -9.119999 0.6399996 -4.96 0.2666667 0.1333333 0
v -8.959999 0.6399996 -4.96 0.24 0.12 0
v -8.959999 0.6399996 -4.96 0.24 0.12 0
v -9.119999 0.6399996 -4.96 0.2666667 0.1333333 0
v -9.119999 0.6399996 -5.119999 0.24 0.12 0
v -8.959999 0.6399996 -5.119999 0.2133334 0.1066667 0
v -8.959999 0.6399996 -5.599999 0.24 0.12 0
v -9.119999 0.6399996 -5.599999 0.2133334 0.1066667 0
v -9.119999 0.6399996 -5.759999 0.24 0.12 0
v -8.959999 0.6399996 -5.759999 0.2666667 0.1333333 0
v -8.959999 0.6399996 -5.759999 0.2666667 0.1333333 0
v -9.119999 0.6399996 -5.759999 0.24 0.12 0
v -9.119999 0.6399996 -5.92 0.2666667 0.1333333 0
v -8.959999 0.6399996 -5.92 0.2666667 0.1333333 0
v -8.959999 0.6399996 -5.92 0.2666667 0.1333333 0
v -9.119999 0.6399996 -5.92 0.2666667 0.1333333 0
v -9.119999 0.6399996 -6.079999 0.2666667 0.1333333 0
v -8.959999 0.6399996 -6.079999 0.2666667 0.1333333 0
v -8.959999 0.6399996 -6.079999 0.2666667 0.1333333 0
v -9.119999 0.6399996 -6.079999 0.2666667 0.1333333 0
v -9.119999 0.6399996 -6.239999 0.2666667 0.1333333 0
v -8.959999 0.6399996 -6.239999 0.2666667 0.1333333 0
v -8.959999 0.6399996 -6.24 0.2666667 0.1333333 0
v -9.119999 0.6399996 -6.24 0.2666667 0.1333333 0
v -9.119999 0.6399996 -6.4 0.2666667 0.1333333 0
v -8.959999 0.6399996 -6.4 0.24 0.12 0
v -8.959999 0.6399996 -6.4 0.24 0.12 0
v -9.119999 0.6399996 -6.4 0.2666667 0.1333333 0
v -9.119999 0.6399996 -6.559999 0.24 0.12 0
v -8.959999 0.6399996 -6.559999 0.2133334 0.1066667 0
v -8.959999 0.7999996 -5.119999 0.1882353 0.09803922 0
v -9.119999 0.7999996 -5.119999 0.1882353 0.09803922 0
v -9.119999 0.7999996 -5.28 0.1882353 0.09803922 0
v -8.959999 0.7999996 -5.28 0.1882353 0.09803922 0
v -9.119999 0.6399996 -5.119999 0.1505882 0.07843138 0
v -9.119999 0.7999996 -5.119999 0.1882353 0.09803922 0
v -8.959999 0.7999996 -5.119999 0.1694118 0.0882353 0
v -8.959999 0.6399996 -5.119999 0.1505882 0.07843138 0
v -9.119999 0.6399996 -5.28 0.1505882 0.07843138 0
v -9.119999 0.7999996 -5.28 0.1694118 0.0882353 0
v -9.119999 0.7999996 -5.119999 0.1882353 0.09803922 0
v -9.119999 0.6399996 -5.119999 0.1505882 0.07843138 0
v -8.959999 0.7999996 -5.28 0.1882353 0.09803922 0
v -9.119999 0.7999996 -5.28 0.1882353 0.09803922 0
v -9.119999 0.7999996 -5.44 0.1882353 0.09803922 0
v -8.959999 0.7999996 -5.44 0.1882353 0.09803922 0
v -8.959999 0.7999996 -5.44 0.1882353 0.09803922 0
v -9.119999 0.7999996 -5.44 0.1882353 0.09803922 0
v -9.119999 0.7999996 -5.599999 0.1882353 0.09803922 0
v -8.959999 0.7999996 -5.599999 0.1882353 0.09803922 0
v -8.959999 0.6399996 -5.599999 0.1505882 0.07843138 0
v -8.959999 0.7999996 -5.599999 0.1882353 0.09803922 0
v -9.119999 0.7999996 -5.599999 0.1694118 0.0882353 0
v -9.119999 0.6399996 -5.599999 0.1505882 0.07843138 0
v -8.959999 0.6399996 -5.44 0.1505882 0.07843138 0
v -8.959999 0.7999996 -5.44 0.1694118 0.0882353 0
v -8.959999 0.7999996 -5.599999 0.1882353 0.09803922 0
v -8.959999 0.6399996 -5.599999 0.1505882 0.07843138 0
v -8.959999 0.7999996 -6.559999 0.1882353 0.09803922 0
v -9.119999 0.7999996 -6.559999 0.1882353 0.09803922 0
v -9.119999 0.7999996 -6.719999 0.1882353 0.09803922 0
v -8.959999 0.7999996 -6.719999 0.1882353 0.09803922 0
v -9.119999 0.6399996 -6.559999 0.1505882 0.07843138 0
v -9.119999 0.7999996 -6.559999 0.1882353 0.09803922 0
v -8.959999 0.7999996 -6.559999 0.1694118 0.0882353 0
v -8.959999 0.6399996 -6.559999 0.1505882 0.07843138 0
v -9.119999 0.6399996 -6.719999 0.1505882 0.07843138 0
v -9.119999 0.7999996 -6.719999 0.1694118 0.0882353 0
v -9.119999 0.7999996 -6.559999 0.1882353 0.09803922 0
v -9.119999 0.6399996 -6.559999 0.1505882 0.07843138 0
v -8.959999 0.7999996 -6.719999 0.1882353 0.09803922 0
v -9.119999 0.7999996 -6.719999 0.1882353 0.09803922 0
v -9.119999 0.7999996 -6.88 0.1882353 0.09803922 0
v -8.959999 0.7999996 -6.88 0.1882353 0.09803922 0
v -8.959999 0.7999996 -6.879999 0.1882353 0.09803922 0
v -9.119999 0.7999996 -6.879999 0.1882353 0.09803922 0
v -9.119999 0.7999996 -7.039999 0.1882353 0.09803922 0
v -8.959999 0.7999996 -7.039999 0.1882353 0.09803922 0
v -8.959999 0.6399996 -7.039999 0.1505882 0.07843138 0
v -8.959999 0.7999996 -7.039999 0.1882353 0.09803922 0
v -9.119999 0.7999996 -7.039999 0.1694118 0.0882353 0
v -9.119999 0.6399996 -7.039999 0.1505882 0.07843138 0
v -8.959999 0.6399996 -6.879999 0.1505882 0.07843138 0
v -8.959999 0.7999996 -6.879999 0.1694118 0.0882353 0
v -8.959999 0.7999996 -7.039999 0.1882353 0.09803922 0
v -8.959999 0.6399996 -7.039999 0.1505882 0.07843138 0
v -9.119999 -3.576279E-07 -4.639999 0.2666667 0.1333333 0
v -9.279999 -3.576279E-07 -4.639999 0.2666667 0.1333333 0
v -9.279999 -3.576279E-07 -4.48 0.2666667 0.1333333 0
v -9.119999 -3.576279E-07 -4.48 0.2666667 0.1333333 0
v -9.279999 -3.576279E-07 -4.48 0.2666667 0.1333333 0
v -9.279999 0.1599996 -4.48 0.2666667 0.1333333 0
v -9.119999 0.1599996 -4.48 0.2133334 0.1066667 0
v -9.119999 -3.576279E-07 -4.48 0.24 0.12 0
v -9.279999 -3.576279E-07 -4.639999 0.24 0.12 0
v -9.279999 0.1599996 -4.639999 0.2133334 0.1066667 0
v -9.279999 0.1599996 -4.48 0.2666667 0.1333333 0
v -9.279999 -3.576279E-07 -4.48 0.2666667 0.1333333 0
v -9.119999 -3.576279E-07 -4.8 0.2666667 0.1333333 0
v -9.279999 -3.576279E-07 -4.8 0.2666667 0.1333333 0
v -9.279999 -3.576279E-07 -4.639999 0.2666667 0.1333333 0
v -9.119999 -3.576279E-07 -4.639999 0.2666667 0.1333333 0
v -9.119999 -3.576279E-07 -4.96 0.2666667 0.1333333 0
v -9.279999 -3.576279E-07 -4.96 0.2666667 0.1333333 0
v -9.279999 -3.576279E-07 -4.8 0.2666667 0.1333333 0
v -9.119999 -3.576279E-07 -4.8 0.2666667 0.1333333 0
v -9.119999 -3.576279E-07 -5.119999 0.2666667 0.1333333 0
v -9.279999 -3.576279E-07 -5.119999 0.2666667 0.1333333 0
v -9.279999 -3.576279E-07 -4.96 0.2666667 0.1333333 0
v -9.119999 -3.576279E-07 -4.96 0.2666667 0.1333333 0
v -9.119999 -3.576279E-07 -5.28 0.2666667 0.1333333 0
v -9.279999 -3.576279E-07 -5.28 0.2666667 0.1333333 0
v -9.279999 -3.576279E-07 -5.119999 0.2666667 0.1333333 0
v -9.119999 -3.576279E-07 -5.119999 0.2666667 0.1333333 0
v -9.119999 -3.576279E-07 -5.44 0.2666667 0.1333333 0
v -9.279999 -3.576279E-07 -5.44 0.2666667 0.1333333 0
v -9.279999 -3.576279E-07 -5.28 0.2666667 0.1333333 0
v -9.119999 -3.576279E-07 -5.28 0.2666667 0.1333333 0
v -9.119999 -3.576279E-07 -5.599999 0.2666667 0.1333333 0
v -9.279999 -3.576279E-07 -5.599999 0.2666667 0.1333333 0
v -9.279999 -3.576279E-07 -5.44 0.2666667 0.1333333 0
v -9.119999 -3.576279E-07 -5.44 0.2666667 0.1333333 0
v -9.119999 -3.576279E-07 -5.759999 0.2666667 0.1333333 0
v -9.279999 -3.576279E-07 -5.759999 0.2666667 0.1333333 0
v -9.279999 -3.576279E-07 -5.599999 0.2666667 0.1333333 0
v -9.119999 -3.576279E-07 -5.599999 0.2666667 0.1333333 0
v -9.119999 -3.576279E-07 -5.92 0.2666667 0.1333333 0
v -9.279999 -3.576279E-07 -5.92 0.2666667 0.1333333 0
v -9.279999 -3.576279E-07 -5.759999 0.2666667 0.1333333 0
v -9.119999 -3.576279E-07 -5.759999 0.2666667 0.1333333 0
v -9.119999 -3.576279E-07 -6.079999 0.2666667 0.1333333 0
v -9.279999 -3.576279E-07 -6.079999 0.2666667 0.1333333 0
v -9.279999 -3.576279E-07 -5.92 0.2666667 0.1333333 0
v -9.119999 -3.576279E-07 -5.92 0.2666667 0.1333333 0
v -9.119999 -3.576279E-07 -6.239999 0.2666667 0.1333333 0
v -9.279999 -3.576279E-07 -6.239999 0.2666667 0.1333333 0
v -9.279999 -3.576279E-07 -6.079999 0.2666667 0.1333333 0
v -9.119999 -3.576279E-07 -6.079999 0.2666667 0.1333333 0
v -9.119999 -3.576279E-07 -6.4 0.2666667 0.1333333 0
v -9.279999 -3.576279E-07 -6.4 0.2666667 0.1333333 0
v -9.279999 -3.576279E-07 -6.24 0.2666667 0.1333333 0
v -9.119999 -3.576279E-07 -6.24 0.2666667 0.1333333 0
v -9.119999 -3.576279E-07 -6.559999 0.2666667 0.1333333 0
v -9.279999 -3.576279E-07 -6.559999 0.2666667 0.1333333 0
v -9.279999 -3.576279E-07 -6.4 0.2666667 0.1333333 0
v -9.119999 -3.576279E-07 -6.4 0.2666667 0.1333333 0
v -9.119999 -3.576279E-07 -6.719999 0.2666667 0.1333333 0
v -9.279999 -3.576279E-07 -6.719999 0.2666667 0.1333333 0
v -9.279999 -3.576279E-07 -6.559999 0.2666667 0.1333333 0
v -9.119999 -3.576279E-07 -6.559999 0.2666667 0.1333333 0
v -9.119999 -3.576279E-07 -6.88 0.2666667 0.1333333 0
v -9.279999 -3.576279E-07 -6.88 0.2666667 0.1333333 0
v -9.279999 -3.576279E-07 -6.719999 0.2666667 0.1333333 0
v -9.119999 -3.576279E-07 -6.719999 0.2666667 0.1333333 0
v -9.119999 -3.576279E-07 -7.039999 0.2666667 0.1333333 0
v -9.279999 -3.576279E-07 -7.039999 0.2666667 0.1333333 0
v -9.279999 -3.576279E-07 -6.879999 0.2666667 0.1333333 0
v -9.119999 -3.576279E-07 -6.879999 0.2666667 0.1333333 0
v -9.279999 0.1599996 -4.48 0.2666667 0.1333333 0
v -9.279999 0.3199996 -4.48 0.2666667 0.1333333 0
v -9.119999 0.3199996 -4.48 0.2133334 0.1066667 0
v -9.119999 0.1599996 -4.48 0.2133334 0.1066667 0
v -9.279999 0.1599996 -4.639999 0.2133334 0.1066667 0
v -9.279999 0.3199996 -4.639999 0.2133334 0.1066667 0
v -9.279999 0.3199996 -4.48 0.2666667 0.1333333 0
v -9.279999 0.1599996 -4.48 0.2666667 0.1333333 0
v -9.119999 0.4799997 -4.48 0.24 0.12 0
v -9.279999 0.4799997 -4.48 0.2666667 0.1333333 0
v -9.279999 0.4799997 -4.639999 0.24 0.12 0
v -9.119999 0.4799997 -4.639999 0.2133334 0.1066667 0
v -9.279999 0.3199996 -4.48 0.2666667 0.1333333 0
v -9.279999 0.4799997 -4.48 0.2666667 0.1333333 0
v -9.119999 0.4799997 -4.48 0.24 0.12 0
v -9.119999 0.3199996 -4.48 0.2133334 0.1066667 0
v -9.279999 0.3199996 -4.639999 0.2133334 0.1066667 0
v -9.279999 0.4799997 -4.639999 0.24 0.12 0
v -9.279999 0.4799997 -4.48 0.2666667 0.1333333 0
v -9.279999 0.3199996 -4.48 0.2666667 0.1333333 0
v -9.119999 0.6399996 -4.639999 0.2666667 0.1333333 0
v -9.279999 0.6399996 -4.639999 0.2666667 0.1333333 0
v -9.279999 0.6399996 -4.8 0.2666667 0.1333333 0
v -9.119999 0.6399996 -4.8 0.2666667 0.1333333 0
v -9.279999 0.4799997 -4.639999 0.24 0.12 0
v -9.279999 0.6399996 -4.639999 0.2666667 0.1333333 0
v -9.119999 0.6399996 -4.639999 0.24 0.12 0
v -9.119999 0.4799997 -4.639999 0.2133334 0.1066667 0
v -9.279999 0.4799997 -4.8 0.2133334 0.1066667 0
v -9.279999 0.6399996 -4.8 0.24 0.12 0
v -9.279999 0.6399996 -4.639999 0.2666667 0.1333333 0
v -9.279999 0.4799997 -4.639999 0.24 0.12 0
v -9.119999 0.6399996 -4.8 0.2666667 0.1333333 0
v -9.279999 0.6399996 -4.8 0.2666667 0.1333333 0
v -9.279999 0.6399996 -4.96 0.2666667 0.1333333 0
v -9.119999 0.6399996 -4.96 0.2666667 0.1333333 0
v -9.119999 0.6399996 -4.96 0.2666667 0.1333333 0
v -9.279999 0.6399996 -4.96 0.2666667 0.1333333 0
v -9.279999 0.6399996 -5.119999 0.2666667 0.1333333 0
v -9.119999 0.6399996 -5.119999 0.24 0.12 0
v -9.119999 0.6399996 -5.119999 0.24 0.12 0
v -9.279999 0.6399996 -5.119999 0.2666667 0.1333333 0
v -9.279999 0.6399996 -5.28 0.24 0.12 0
v -9.119999 0.6399996 -5.28 0.2133334 0.1066667 0
v -9.119999 0.6399996 -5.759999 0.24 0.12 0
v -9.279999 0.6399996 -5.759999 0.2133334 0.1066667 0
v -9.279999 0.6399996 -5.92 0.24 0.12 0
v -9.119999 0.6399996 -5.92 0.2666667 0.1333333 0
v -9.119999 0.6399996 -5.92 0.2666667 0.1333333 0
v -9.279999 0.6399996 -5.92 0.24 0.12 0
v -9.279999 0.6399996 -6.079999 0.2666667 0.1333333 0
v -9.119999 0.6399996 -6.079999 0.2666667 0.1333333 0
v -9.119999 0.6399996 -6.079999 0.2666667 0.1333333 0
v -9.279999 0.6399996 -6.079999 0.2666667 0.1333333 0
v -9.279999 0.6399996 -6.239999 0.2666667 0.1333333 0
v -9.119999 0.6399996 -6.239999 0.2666667 0.1333333 0
v -9.119999 0.6399996 -6.24 0.2666667 0.1333333 0
v -9.279999 0.6399996 -6.24 0.2666667 0.1333333 0
v -9.279999 0.6399996 -6.4 0.2666667 0.1333333 0
v -9.119999 0.6399996 -6.4 0.2666667 0.1333333 0
v -9.119999 0.6399996 -6.4 0.2666667 0.1333333 0
v -9.279999 0.6399996 -6.4 0.2666667 0.1333333 0
v -9.279999 0.6399996 -6.559999 0.2666667 0.1333333 0
v -9.119999 0.6399996 -6.559999 0.24 0.12 0
v -9.119999 0.6399996 -6.559999 0.24 0.12 0
v -9.279999 0.6399996 -6.559999 0.2666667 0.1333333 0
v -9.279999 0.6399996 -6.719999 0.24 0.12 0
v -9.119999 0.6399996 -6.719999 0.2133334 0.1066667 0
v -9.119999 0.7999996 -5.28 0.1882353 0.09803922 0
v -9.279999 0.7999996 -5.28 0.1882353 0.09803922 0
v -9.279999 0.7999996 -5.44 0.1882353 0.09803922 0
v -9.119999 0.7999996 -5.44 0.1882353 0.09803922 0
v -9.279999 0.6399996 -5.28 0.1505882 0.07843138 0
v -9.279999 0.7999996 -5.28 0.1882353 0.09803922 0
v -9.119999 0.7999996 -5.28 0.1694118 0.0882353 0
v -9.119999 0.6399996 -5.28 0.1505882 0.07843138 0
v -9.279999 0.6399996 -5.44 0.1505882 0.07843138 0
v -9.279999 0.7999996 -5.44 0.1694118 0.0882353 0
v -9.279999 0.7999996 -5.28 0.1882353 0.09803922 0
v -9.279999 0.6399996 -5.28 0.1505882 0.07843138 0
v -9.119999 0.7999996 -5.44 0.1882353 0.09803922 0
v -9.279999 0.7999996 -5.44 0.1882353 0.09803922 0
v -9.279999 0.7999996 -5.599999 0.1882353 0.09803922 0
v -9.119999 0.7999996 -5.599999 0.1882353 0.09803922 0
v -9.119999 0.7999996 -5.599999 0.1882353 0.09803922 0
v -9.279999 0.7999996 -5.599999 0.1882353 0.09803922 0
v -9.279999 0.7999996 -5.759999 0.1882353 0.09803922 0
v -9.119999 0.7999996 -5.759999 0.1882353 0.09803922 0
v -9.119999 0.6399996 -5.759999 0.1505882 0.07843138 0
v -9.119999 0.7999996 -5.759999 0.1882353 0.09803922 0
v -9.279999 0.7999996 -5.759999 0.1694118 0.0882353 0
v -9.279999 0.6399996 -5.759999 0.1505882 0.07843138 0
v -9.119999 0.6399996 -5.599999 0.1505882 0.07843138 0
v -9.119999 0.7999996 -5.599999 0.1694118 0.0882353 0
v -9.119999 0.7999996 -5.759999 0.1882353 0.09803922 0
v -9.119999 0.6399996 -5.759999 0.1505882 0.07843138 0
v -9.119999 0.7999996 -6.719999 0.1882353 0.09803922 0
v -9.279999 0.7999996 -6.719999 0.1882353 0.09803922 0
v -9.279999 0.7999996 -6.88 0.1882353 0.09803922 0
v -9.119999 0.7999996 -6.88 0.1882353 0.09803922 0
v -9.279999 0.6399996 -6.719999 0.1505882 0.07843138 0
v -9.279999 0.7999996 -6.719999 0.1882353 0.09803922 0
v -9.119999 0.7999996 -6.719999 0.1694118 0.0882353 0
v -9.119999 0.6399996 -6.719999 0.1505882 0.07843138 0
v -9.279999 0.6399996 -6.88 0.1505882 0.07843138 0
v -9.279999 0.7999996 -6.88 0.1694118 0.0882353 0
v -9.279999 0.7999996 -6.719999 0.1882353 0.09803922 0
v -9.279999 0.6399996 -6.719999 0.1505882 0.07843138 0
v -9.119999 0.7999996 -6.879999 0.1882353 0.09803922 0
v -9.279999 0.7999996 -6.879999 0.1882353 0.09803922 0
v -9.279999 0.7999996 -7.039999 0.1882353 0.09803922 0
v -9.119999 0.7999996 -7.039999 0.1882353 0.09803922 0
v -9.279999 -3.576279E-07 -4.8 0.2666667 0.1333333 0
v -9.439999 -3.576279E-07 -4.8 0.2666667 0.1333333 0
v -9.439999 -3.576279E-07 -4.639999 0.2666667 0.1333333 0
v -9.279999 -3.576279E-07 -4.639999 0.2666667 0.1333333 0
v -9.439999 -3.576279E-07 -4.639999 0.2666667 0.1333333 0
v -9.439999 0.1599996 -4.639999 0.2666667 0.1333333 0
v -9.279999 0.1599996 -4.639999 0.2133334 0.1066667 0
v -9.279999 -3.576279E-07 -4.639999 0.24 0.12 0
v -9.439999 -3.576279E-07 -4.8 0.24 0.12 0
v -9.439999 0.1599996 -4.8 0.2133334 0.1066667 0
v -9.439999 0.1599996 -4.639999 0.2666667 0.1333333 0
v -9.439999 -3.576279E-07 -4.639999 0.2666667 0.1333333 0
v -9.279999 -3.576279E-07 -4.96 0.2666667 0.1333333 0
v -9.439999 -3.576279E-07 -4.96 0.2666667 0.1333333 0
v -9.439999 -3.576279E-07 -4.8 0.2666667 0.1333333 0
v -9.279999 -3.576279E-07 -4.8 0.2666667 0.1333333 0
v -9.279999 -3.576279E-07 -5.119999 0.2666667 0.1333333 0
v -9.439999 -3.576279E-07 -5.119999 0.2666667 0.1333333 0
v -9.439999 -3.576279E-07 -4.96 0.2666667 0.1333333 0
v -9.279999 -3.576279E-07 -4.96 0.2666667 0.1333333 0
v -9.279999 -3.576279E-07 -5.28 0.2666667 0.1333333 0
v -9.439999 -3.576279E-07 -5.28 0.2666667 0.1333333 0
v -9.439999 -3.576279E-07 -5.119999 0.2666667 0.1333333 0
v -9.279999 -3.576279E-07 -5.119999 0.2666667 0.1333333 0
v -9.279999 -3.576279E-07 -5.44 0.2666667 0.1333333 0
v -9.439999 -3.576279E-07 -5.44 0.2666667 0.1333333 0
v -9.439999 -3.576279E-07 -5.28 0.2666667 0.1333333 0
v -9.279999 -3.576279E-07 -5.28 0.2666667 0.1333333 0
v -9.279999 -3.576279E-07 -5.599999 0.2666667 0.1333333 0
v -9.439999 -3.576279E-07 -5.599999 0.2666667 0.1333333 0
v -9.439999 -3.576279E-07 -5.44 0.2666667 0.1333333 0
v -9.279999 -3.576279E-07 -5.44 0.2666667 0.1333333 0
v -9.279999 -3.576279E-07 -5.759999 0.2666667 0.1333333 0
v -9.439999 -3.576279E-07 -5.759999 0.2666667 0.1333333 0
v -9.439999 -3.576279E-07 -5.599999 0.2666667 0.1333333 0
v -9.279999 -3.576279E-07 -5.599999 0.2666667 0.1333333 0
v -9.279999 -3.576279E-07 -5.92 0.2666667 0.1333333 0
v -9.439999 -3.576279E-07 -5.92 0.2666667 0.1333333 0
v -9.439999 -3.576279E-07 -5.759999 0.2666667 0.1333333 0
v -9.279999 -3.576279E-07 -5.759999 0.2666667 0.1333333 0
v -9.279999 -3.576279E-07 -6.079999 0.2666667 0.1333333 0
v -9.439999 -3.576279E-07 -6.079999 0.2666667 0.1333333 0
v -9.439999 -3.576279E-07 -5.92 0.2666667 0.1333333 0
v -9.279999 -3.576279E-07 -5.92 0.2666667 0.1333333 0
v -9.279999 -3.576279E-07 -6.239999 0.2666667 0.1333333 0
v -9.439999 -3.576279E-07 -6.239999 0.2666667 0.1333333 0
v -9.439999 -3.576279E-07 -6.079999 0.2666667 0.1333333 0
v -9.279999 -3.576279E-07 -6.079999 0.2666667 0.1333333 0
v -9.279999 -3.576279E-07 -6.4 0.2666667 0.1333333 0
v -9.439999 -3.576279E-07 -6.4 0.2666667 0.1333333 0
v -9.439999 -3.576279E-07 -6.24 0.2666667 0.1333333 0
v -9.279999 -3.576279E-07 -6.24 0.2666667 0.1333333 0
v -9.279999 -3.576279E-07 -6.559999 0.2666667 0.1333333 0
v -9.439999 -3.576279E-07 -6.559999 0.2666667 0.1333333 0
v -9.439999 -3.576279E-07 -6.4 0.2666667 0.1333333 0
v -9.279999 -3.576279E-07 -6.4 0.2666667 0.1333333 0
v -9.279999 -3.576279E-07 -6.719999 0.2666667 0.1333333 0
v -9.439999 -3.576279E-07 -6.719999 0.2666667 0.1333333 0
v -9.439999 -3.576279E-07 -6.559999 0.2666667 0.1333333 0
v -9.279999 -3.576279E-07 -6.559999 0.2666667 0.1333333 0
v -9.279999 -3.576279E-07 -6.88 0.2666667 0.1333333 0
v -9.439999 -3.576279E-07 -6.88 0.2666667 0.1333333 0
v -9.439999 -3.576279E-07 -6.719999 0.2666667 0.1333333 0
v -9.279999 -3.576279E-07 -6.719999 0.2666667 0.1333333 0
v -9.279999 -3.576279E-07 -7.039999 0.2666667 0.1333333 0
v -9.439999 -3.576279E-07 -7.039999 0.2666667 0.1333333 0
v -9.439999 -3.576279E-07 -6.879999 0.2666667 0.1333333 0
v -9.279999 -3.576279E-07 -6.879999 0.2666667 0.1333333 0
v -9.439999 0.1599996 -4.639999 0.2666667 0.1333333 0
v -9.439999 0.3199996 -4.639999 0.2666667 0.1333333 0
v -9.279999 0.3199996 -4.639999 0.2133334 0.1066667 0
v -9.279999 0.1599996 -4.639999 0.2133334 0.1066667 0
v -9.439999 0.1599996 -4.8 0.2133334 0.1066667 0
v -9.439999 0.3199996 -4.8 0.2133334 0.1066667 0
v -9.439999 0.3199996 -4.639999 0.2666667 0.1333333 0
v -9.439999 0.1599996 -4.639999 0.2666667 0.1333333 0
v -9.279999 0.4799997 -4.639999 0.24 0.12 0
v -9.439999 0.4799997 -4.639999 0.2666667 0.1333333 0
v -9.439999 0.4799997 -4.8 0.24 0.12 0
v -9.279999 0.4799997 -4.8 0.2133334 0.1066667 0
v -9.439999 0.3199996 -4.639999 0.2666667 0.1333333 0
v -9.439999 0.4799997 -4.639999 0.2666667 0.1333333 0
v -9.279999 0.4799997 -4.639999 0.24 0.12 0
v -9.279999 0.3199996 -4.639999 0.2133334 0.1066667 0
v -9.439999 0.3199996 -4.8 0.2133334 0.1066667 0
v -9.439999 0.4799997 -4.8 0.24 0.12 0
v -9.439999 0.4799997 -4.639999 0.2666667 0.1333333 0
v -9.439999 0.3199996 -4.639999 0.2666667 0.1333333 0
v -9.279999 0.6399996 -4.8 0.2666667 0.1333333 0
v -9.439999 0.6399996 -4.8 0.2666667 0.1333333 0
v -9.439999 0.6399996 -4.96 0.2666667 0.1333333 0
v -9.279999 0.6399996 -4.96 0.2666667 0.1333333 0
v -9.439999 0.4799997 -4.8 0.24 0.12 0
v -9.439999 0.6399996 -4.8 0.2666667 0.1333333 0
v -9.279999 0.6399996 -4.8 0.24 0.12 0
v -9.279999 0.4799997 -4.8 0.2133334 0.1066667 0
v -9.439999 0.4799997 -4.96 0.2133334 0.1066667 0
v -9.439999 0.6399996 -4.96 0.2666667 0.1333333 0
v -9.439999 0.6399996 -4.8 0.2666667 0.1333333 0
v -9.439999 0.4799997 -4.8 0.24 0.12 0
v -9.279999 0.6399996 -4.96 0.2666667 0.1333333 0
v -9.439999 0.6399996 -4.96 0.2666667 0.1333333 0
v -9.439999 0.6399996 -5.119999 0.2666667 0.1333333 0
v -9.279999 0.6399996 -5.119999 0.2666667 0.1333333 0
v -9.439999 0.4799997 -5.119999 0.2133334 0.1066667 0
v -9.439999 0.6399996 -5.119999 0.24 0.12 0
v -9.439999 0.6399996 -4.96 0.2666667 0.1333333 0
v -9.439999 0.4799997 -4.96 0.2133334 0.1066667 0
v -9.279999 0.6399996 -5.119999 0.2666667 0.1333333 0
v -9.439999 0.6399996 -5.119999 0.2666667 0.1333333 0
v -9.439999 0.6399996 -5.28 0.2666667 0.1333333 0
v -9.279999 0.6399996 -5.28 0.24 0.12 0
v -9.279999 0.6399996 -5.28 0.24 0.12 0
v -9.439999 0.6399996 -5.28 0.2666667 0.1333333 0
v -9.439999 0.6399996 -5.44 0.24 0.12 0
v -9.279999 0.6399996 -5.44 0.2133334 0.1066667 0
v -9.279999 0.6399996 -5.92 0.24 0.12 0
v -9.439999 0.6399996 -5.92 0.2133334 0.1066667 0
v -9.439999 0.6399996 -6.079999 0.24 0.12 0
v -9.279999 0.6399996 -6.079999 0.2666667 0.1333333 0
v -9.279999 0.6399996 -6.079999 0.2666667 0.1333333 0
v -9.439999 0.6399996 -6.079999 0.24 0.12 0
v -9.439999 0.6399996 -6.239999 0.2666667 0.1333333 0
v -9.279999 0.6399996 -6.239999 0.2666667 0.1333333 0
v -9.279999 0.6399996 -6.24 0.2666667 0.1333333 0
v -9.439999 0.6399996 -6.24 0.2666667 0.1333333 0
v -9.439999 0.6399996 -6.4 0.2666667 0.1333333 0
v -9.279999 0.6399996 -6.4 0.2666667 0.1333333 0
v -9.279999 0.6399996 -6.4 0.2666667 0.1333333 0
v -9.439999 0.6399996 -6.4 0.2666667 0.1333333 0
v -9.439999 0.6399996 -6.559999 0.2666667 0.1333333 0
v -9.279999 0.6399996 -6.559999 0.2666667 0.1333333 0
v -9.279999 0.6399996 -6.559999 0.2666667 0.1333333 0
v -9.439999 0.6399996 -6.559999 0.2666667 0.1333333 0
v -9.439999 0.6399996 -6.719999 0.2666667 0.1333333 0
v -9.279999 0.6399996 -6.719999 0.24 0.12 0
v -9.279999 0.6399996 -6.719999 0.24 0.12 0
v -9.439999 0.6399996 -6.719999 0.2666667 0.1333333 0
v -9.439999 0.6399996 -6.88 0.24 0.12 0
v -9.279999 0.6399996 -6.88 0.2133334 0.1066667 0
v -9.279999 0.7999996 -5.44 0.1882353 0.09803922 0
v -9.439999 0.7999996 -5.44 0.1882353 0.09803922 0
v -9.439999 0.7999996 -5.599999 0.1882353 0.09803922 0
v -9.279999 0.7999996 -5.599999 0.1882353 0.09803922 0
v -9.439999 0.6399996 -5.44 0.1505882 0.07843138 0
v -9.439999 0.7999996 -5.44 0.1882353 0.09803922 0
v -9.279999 0.7999996 -5.44 0.1694118 0.0882353 0
v -9.279999 0.6399996 -5.44 0.1505882 0.07843138 0
v -9.439999 0.6399996 -5.599999 0.1505882 0.07843138 0
v -9.439999 0.7999996 -5.599999 0.1694118 0.0882353 0
v -9.439999 0.7999996 -5.44 0.1882353 0.09803922 0
v -9.439999 0.6399996 -5.44 0.1505882 0.07843138 0
v -9.279999 0.7999996 -5.599999 0.1882353 0.09803922 0
v -9.439999 0.7999996 -5.599999 0.1882353 0.09803922 0
v -9.439999 0.7999996 -5.759999 0.1882353 0.09803922 0
v -9.279999 0.7999996 -5.759999 0.1882353 0.09803922 0
v -9.279999 0.7999996 -5.759999 0.1882353 0.09803922 0
v -9.439999 0.7999996 -5.759999 0.1882353 0.09803922 0
v -9.439999 0.7999996 -5.92 0.1882353 0.09803922 0
v -9.279999 0.7999996 -5.92 0.1882353 0.09803922 0
v -9.279999 0.6399996 -5.92 0.1505882 0.07843138 0
v -9.279999 0.7999996 -5.92 0.1882353 0.09803922 0
v -9.439999 0.7999996 -5.92 0.1694118 0.0882353 0
v -9.439999 0.6399996 -5.92 0.1505882 0.07843138 0
v -9.279999 0.6399996 -5.759999 0.1505882 0.07843138 0
v -9.279999 0.7999996 -5.759999 0.1694118 0.0882353 0
v -9.279999 0.7999996 -5.92 0.1882353 0.09803922 0
v -9.279999 0.6399996 -5.92 0.1505882 0.07843138 0
v -9.279999 0.7999996 -6.879999 0.1882353 0.09803922 0
v -9.439999 0.7999996 -6.879999 0.1882353 0.09803922 0
v -9.439999 0.7999996 -7.039999 0.1882353 0.09803922 0
v -9.279999 0.7999996 -7.039999 0.1882353 0.09803922 0
v -9.439999 0.6399996 -6.879999 0.1505882 0.07843138 0
v -9.439999 0.7999996 -6.879999 0.1882353 0.09803922 0
v -9.279999 0.7999996 -6.879999 0.1694118 0.0882353 0
v -9.279999 0.6399996 -6.879999 0.1505882 0.07843138 0
v -9.439999 0.6399996 -7.039999 0.1505882 0.07843138 0
v -9.439999 0.7999996 -7.039999 0.1694118 0.0882353 0
v -9.439999 0.7999996 -6.879999 0.1882353 0.09803922 0
v -9.439999 0.6399996 -6.879999 0.1505882 0.07843138 0
v -9.439999 -3.576279E-07 -4.96 0.2666667 0.1333333 0
v -9.599998 -3.576279E-07 -4.96 0.2666667 0.1333333 0
v -9.599998 -3.576279E-07 -4.8 0.2666667 0.1333333 0
v -9.439999 -3.576279E-07 -4.8 0.2666667 0.1333333 0
v -9.599998 -3.576279E-07 -4.8 0.2666667 0.1333333 0
v -9.599998 0.1599996 -4.8 0.2666667 0.1333333 0
v -9.439999 0.1599996 -4.8 0.2133334 0.1066667 0
v -9.439999 -3.576279E-07 -4.8 0.24 0.12 0
v -9.599998 -3.576279E-07 -4.96 0.2666667 0.1333333 0
v -9.599998 0.1599996 -4.96 0.2666667 0.1333333 0
v -9.599998 0.1599996 -4.8 0.2666667 0.1333333 0
v -9.599998 -3.576279E-07 -4.8 0.2666667 0.1333333 0
v -9.439999 -3.576279E-07 -5.119999 0.2666667 0.1333333 0
v -9.599998 -3.576279E-07 -5.119999 0.2666667 0.1333333 0
v -9.599998 -3.576279E-07 -4.96 0.2666667 0.1333333 0
v -9.439999 -3.576279E-07 -4.96 0.2666667 0.1333333 0
v -9.599998 -3.576279E-07 -5.119999 0.24 0.12 0
v -9.599998 0.1599996 -5.119999 0.2133334 0.1066667 0
v -9.599998 0.1599996 -4.96 0.2666667 0.1333333 0
v -9.599998 -3.576279E-07 -4.96 0.2666667 0.1333333 0
v -9.439999 -3.576279E-07 -5.28 0.2666667 0.1333333 0
v -9.599998 -3.576279E-07 -5.28 0.2666667 0.1333333 0
v -9.599998 -3.576279E-07 -5.119999 0.2666667 0.1333333 0
v -9.439999 -3.576279E-07 -5.119999 0.2666667 0.1333333 0
v -9.439999 -3.576279E-07 -5.44 0.2666667 0.1333333 0
v -9.599998 -3.576279E-07 -5.44 0.2666667 0.1333333 0
v -9.599998 -3.576279E-07 -5.28 0.2666667 0.1333333 0
v -9.439999 -3.576279E-07 -5.28 0.2666667 0.1333333 0
v -9.439999 -3.576279E-07 -5.599999 0.2666667 0.1333333 0
v -9.599998 -3.576279E-07 -5.599999 0.2666667 0.1333333 0
v -9.599998 -3.576279E-07 -5.44 0.2666667 0.1333333 0
v -9.439999 -3.576279E-07 -5.44 0.2666667 0.1333333 0
v -9.439999 -3.576279E-07 -5.759999 0.2666667 0.1333333 0
v -9.599998 -3.576279E-07 -5.759999 0.2666667 0.1333333 0
v -9.599998 -3.576279E-07 -5.599999 0.2666667 0.1333333 0
v -9.439999 -3.576279E-07 -5.599999 0.2666667 0.1333333 0
v -9.439999 -3.576279E-07 -5.92 0.2666667 0.1333333 0
v -9.599998 -3.576279E-07 -5.92 0.2666667 0.1333333 0
v -9.599998 -3.576279E-07 -5.759999 0.2666667 0.1333333 0
v -9.439999 -3.576279E-07 -5.759999 0.2666667 0.1333333 0
v -9.439999 -3.576279E-07 -6.079999 0.2666667 0.1333333 0
v -9.599998 -3.576279E-07 -6.079999 0.2666667 0.1333333 0
v -9.599998 -3.576279E-07 -5.92 0.2666667 0.1333333 0
v -9.439999 -3.576279E-07 -5.92 0.2666667 0.1333333 0
v -9.439999 -3.576279E-07 -6.239999 0.2666667 0.1333333 0
v -9.599998 -3.576279E-07 -6.239999 0.2666667 0.1333333 0
v -9.599998 -3.576279E-07 -6.079999 0.2666667 0.1333333 0
v -9.439999 -3.576279E-07 -6.079999 0.2666667 0.1333333 0
v -9.439999 -3.576279E-07 -6.4 0.2666667 0.1333333 0
v -9.599998 -3.576279E-07 -6.4 0.2666667 0.1333333 0
v -9.599998 -3.576279E-07 -6.24 0.2666667 0.1333333 0
v -9.439999 -3.576279E-07 -6.24 0.2666667 0.1333333 0
v -9.439999 -3.576279E-07 -6.559999 0.2666667 0.1333333 0
v -9.599998 -3.576279E-07 -6.559999 0.2666667 0.1333333 0
v -9.599998 -3.576279E-07 -6.4 0.2666667 0.1333333 0
v -9.439999 -3.576279E-07 -6.4 0.2666667 0.1333333 0
v -9.439999 -3.576279E-07 -6.719999 0.2666667 0.1333333 0
v -9.599998 -3.576279E-07 -6.719999 0.2666667 0.1333333 0
v -9.599998 -3.576279E-07 -6.559999 0.2666667 0.1333333 0
v -9.439999 -3.576279E-07 -6.559999 0.2666667 0.1333333 0
v -9.439999 -3.576279E-07 -6.88 0.2666667 0.1333333 0
v -9.599998 -3.576279E-07 -6.88 0.2666667 0.1333333 0
v -9.599998 -3.576279E-07 -6.719999 0.2666667 0.1333333 0
v -9.439999 -3.576279E-07 -6.719999 0.2666667 0.1333333 0
v -9.439999 -3.576279E-07 -7.039999 0.2666667 0.1333333 0
v -9.599998 -3.576279E-07 -7.039999 0.2666667 0.1333333 0
v -9.599998 -3.576279E-07 -6.879999 0.2666667 0.1333333 0
v -9.439999 -3.576279E-07 -6.879999 0.2666667 0.1333333 0
v -9.599998 0.1599996 -4.8 0.2666667 0.1333333 0
v -9.599998 0.3199996 -4.8 0.2666667 0.1333333 0
v -9.439999 0.3199996 -4.8 0.2133334 0.1066667 0
v -9.439999 0.1599996 -4.8 0.2133334 0.1066667 0
v -9.599998 0.1599996 -4.96 0.2666667 0.1333333 0
v -9.599998 0.3199996 -4.96 0.2666667 0.1333333 0
v -9.599998 0.3199996 -4.8 0.2666667 0.1333333 0
v -9.599998 0.1599996 -4.8 0.2666667 0.1333333 0
v -9.599998 0.1599996 -5.119999 0.2133334 0.1066667 0
v -9.599998 0.3199996 -5.119999 0.2133334 0.1066667 0
v -9.599998 0.3199996 -4.96 0.2666667 0.1333333 0
v -9.599998 0.1599996 -4.96 0.2666667 0.1333333 0
v -9.439999 0.4799997 -4.8 0.24 0.12 0
v -9.599998 0.4799997 -4.8 0.2666667 0.1333333 0
v -9.599998 0.4799997 -4.96 0.2666667 0.1333333 0
v -9.439999 0.4799997 -4.96 0.2133334 0.1066667 0
v -9.599998 0.3199996 -4.8 0.2666667 0.1333333 0
v -9.599998 0.4799997 -4.8 0.2666667 0.1333333 0
v -9.439999 0.4799997 -4.8 0.24 0.12 0
v -9.439999 0.3199996 -4.8 0.2133334 0.1066667 0
v -9.599998 0.3199996 -4.96 0.2666667 0.1333333 0
v -9.599998 0.4799997 -4.96 0.2666667 0.1333333 0
v -9.599998 0.4799997 -4.8 0.2666667 0.1333333 0
v -9.599998 0.3199996 -4.8 0.2666667 0.1333333 0
v -9.439999 0.4799997 -4.96 0.2133334 0.1066667 0
v -9.599998 0.4799997 -4.96 0.2666667 0.1333333 0
v -9.599998 0.4799997 -5.119999 0.24 0.12 0
v -9.439999 0.4799997 -5.119999 0.2133334 0.1066667 0
v -9.599998 0.3199996 -5.119999 0.2133334 0.1066667 0
v -9.599998 0.4799997 -5.119999 0.24 0.12 0
v -9.599998 0.4799997 -4.96 0.2666667 0.1333333 0
v -9.599998 0.3199996 -4.96 0.2666667 0.1333333 0
v -9.439999 0.6399996 -5.119999 0.2666667 0.1333333 0
v -9.599998 0.6399996 -5.119999 0.2666667 0.1333333 0
v -9.599998 0.6399996 -5.28 0.2666667 0.1333333 0
v -9.439999 0.6399996 -5.28 0.2666667 0.1333333 0
v -9.599998 0.4799997 -5.119999 0.24 0.12 0
v -9.599998 0.6399996 -5.119999 0.2666667 0.1333333 0
v -9.439999 0.6399996 -5.119999 0.24 0.12 0
v -9.439999 0.4799997 -5.119999 0.2133334 0.1066667 0
v -9.599998 0.4799997 -5.28 0.2133334 0.1066667 0
v -9.599998 0.6399996 -5.28 0.2666667 0.1333333 0
v -9.599998 0.6399996 -5.119999 0.2666667 0.1333333 0
v -9.599998 0.4799997 -5.119999 0.24 0.12 0
v -9.439999 0.6399996 -5.28 0.2666667 0.1333333 0
v -9.599998 0.6399996 -5.28 0.2666667 0.1333333 0
v -9.599998 0.6399996 -5.44 0.2666667 0.1333333 0
v -9.439999 0.6399996 -5.44 0.24 0.12 0
v -9.599998 0.4799997 -5.44 0.2133334 0.1066667 0
v -9.599998 0.6399996 -5.44 0.24 0.12 0
v -9.599998 0.6399996 -5.28 0.2666667 0.1333333 0
v -9.599998 0.4799997 -5.28 0.2133334 0.1066667 0
v -9.439999 0.6399996 -5.44 0.24 0.12 0
v -9.599998 0.6399996 -5.44 0.2666667 0.1333333 0
v -9.599998 0.6399996 -5.599999 0.24 0.12 0
v -9.439999 0.6399996 -5.599999 0.2133334 0.1066667 0
v -9.439999 0.6399996 -6.079999 0.24 0.12 0
v -9.599998 0.6399996 -6.079999 0.2133334 0.1066667 0
v -9.599998 0.6399996 -6.239999 0.24 0.12 0
v -9.439999 0.6399996 -6.239999 0.2666667 0.1333333 0
v -9.439999 0.6399996 -6.24 0.2666667 0.1333333 0
v -9.599998 0.6399996 -6.24 0.24 0.12 0
v -9.599998 0.6399996 -6.4 0.2666667 0.1333333 0
v -9.439999 0.6399996 -6.4 0.2666667 0.1333333 0
v -9.439999 0.6399996 -6.4 0.2666667 0.1333333 0
v -9.599998 0.6399996 -6.4 0.2666667 0.1333333 0
v -9.599998 0.6399996 -6.559999 0.2666667 0.1333333 0
v -9.439999 0.6399996 -6.559999 0.2666667 0.1333333 0
v -9.439999 0.6399996 -6.559999 0.2666667 0.1333333 0
v -9.599998 0.6399996 -6.559999 0.2666667 0.1333333 0
v -9.599998 0.6399996 -6.719999 0.2666667 0.1333333 0
v -9.439999 0.6399996 -6.719999 0.2666667 0.1333333 0
v -9.439999 0.6399996 -6.719999 0.2666667 0.1333333 0
v -9.599998 0.6399996 -6.719999 0.2666667 0.1333333 0
v -9.599998 0.6399996 -6.88 0.2666667 0.1333333 0
v -9.439999 0.6399996 -6.88 0.24 0.12 0
v -9.439999 0.6399996 -6.879999 0.24 0.12 0
v -9.599998 0.6399996 -6.879999 0.2666667 0.1333333 0
v -9.599998 0.6399996 -7.039999 0.24 0.12 0
v -9.439999 0.6399996 -7.039999 0.2133334 0.1066667 0
v -9.439999 0.7999996 -5.599999 0.1882353 0.09803922 0
v -9.599998 0.7999996 -5.599999 0.1882353 0.09803922 0
v -9.599998 0.7999996 -5.759999 0.1882353 0.09803922 0
v -9.439999 0.7999996 -5.759999 0.1882353 0.09803922 0
v -9.599998 0.6399996 -5.599999 0.1505882 0.07843138 0
v -9.599998 0.7999996 -5.599999 0.1882353 0.09803922 0
v -9.439999 0.7999996 -5.599999 0.1694118 0.0882353 0
v -9.439999 0.6399996 -5.599999 0.1505882 0.07843138 0
v -9.599998 0.6399996 -5.759999 0.1505882 0.07843138 0
v -9.599998 0.7999996 -5.759999 0.1694118 0.0882353 0
v -9.599998 0.7999996 -5.599999 0.1882353 0.09803922 0
v -9.599998 0.6399996 -5.599999 0.1505882 0.07843138 0
v -9.439999 0.7999996 -5.759999 0.1882353 0.09803922 0
v -9.599998 0.7999996 -5.759999 0.1882353 0.09803922 0
v -9.599998 0.7999996 -5.92 0.1882353 0.09803922 0
v -9.439999 0.7999996 -5.92 0.1882353 0.09803922 0
v -9.439999 0.7999996 -5.92 0.1882353 0.09803922 0
v -9.599998 0.7999996 -5.92 0.1882353 0.09803922 0
v -9.599998 0.7999996 -6.079999 0.1882353 0.09803922 0
v -9.439999 0.7999996 -6.079999 0.1882353 0.09803922 0
v -9.439999 0.6399996 -6.079999 0.1505882 0.07843138 0
v -9.439999 0.7999996 -6.079999 0.1882353 0.09803922 0
v -9.599998 0.7999996 -6.079999 0.1694118 0.0882353 0
v -9.599998 0.6399996 -6.079999 0.1505882 0.07843138 0
v -9.439999 0.6399996 -5.92 0.1505882 0.07843138 0
v -9.439999 0.7999996 -5.92 0.1694118 0.0882353 0
v -9.439999 0.7999996 -6.079999 0.1882353 0.09803922 0
v -9.439999 0.6399996 -6.079999 0.1505882 0.07843138 0
v -7.039999 -3.576279E-07 -7.199999 0.2666667 0.1333333 0
v -7.199999 -3.576279E-07 -7.199999 0.2666667 0.1333333 0
v -7.199999 -3.576279E-07 -7.039999 0.2666667 0.1333333 0
v -7.039999 -3.576279E-07 -7.039999 0.2666667 0.1333333 0
v -7.039999 -3.576279E-07 -7.359999 0.2666667 0.1333333 0
v -7.199999 -3.576279E-07 -7.359999 0.2666667 0.1333333 0
v -7.199999 -3.576279E-07 -7.199999 0.2666667 0.1333333 0
v -7.039999 -3.576279E-07 -7.199999 0.2666667 0.1333333 0
v -7.039999 -3.576279E-07 -7.519999 0.2666667 0.1333333 0
v -7.199999 -3.576279E-07 -7.519999 0.2666667 0.1333333 0
v -7.199999 -3.576279E-07 -7.359999 0.2666667 0.1333333 0
v -7.039999 -3.576279E-07 -7.359999 0.2666667 0.1333333 0
v -7.039999 -3.576279E-07 -7.679999 0.2666667 0.1333333 0
v -7.199999 -3.576279E-07 -7.679999 0.2666667 0.1333333 0
v -7.199999 -3.576279E-07 -7.519999 0.2666667 0.1333333 0
v -7.039999 -3.576279E-07 -7.519999 0.2666667 0.1333333 0
v -7.039999 -3.576279E-07 -7.839999 0.2666667 0.1333333 0
v -7.199999 -3.576279E-07 -7.839999 0.2666667 0.1333333 0
v -7.199999 -3.576279E-07 -7.679999 0.2666667 0.1333333 0
v -7.039999 -3.576279E-07 -7.679999 0.2666667 0.1333333 0
v -7.039999 -3.576279E-07 -7.999999 0.2666667 0.1333333 0
v -7.199999 -3.576279E-07 -7.999999 0.2666667 0.1333333 0
v -7.199999 -3.576279E-07 -7.839999 0.2666667 0.1333333 0
v -7.039999 -3.576279E-07 -7.839999 0.2666667 0.1333333 0
v -7.039999 -3.576279E-07 -8.159999 0.2666667 0.1333333 0
v -7.199999 -3.576279E-07 -8.159999 0.2666667 0.1333333 0
v -7.199999 -3.576279E-07 -7.999999 0.2666667 0.1333333 0
v -7.039999 -3.576279E-07 -7.999999 0.2666667 0.1333333 0
v -7.039999 -3.576279E-07 -8.319999 0.2666667 0.1333333 0
v -7.199999 -3.576279E-07 -8.319999 0.2666667 0.1333333 0
v -7.199999 -3.576279E-07 -8.159999 0.2666667 0.1333333 0
v -7.039999 -3.576279E-07 -8.159999 0.2666667 0.1333333 0
v -7.039999 -3.576279E-07 -8.479999 0.2666667 0.1333333 0
v -7.199999 -3.576279E-07 -8.479999 0.2666667 0.1333333 0
v -7.199999 -3.576279E-07 -8.319999 0.2666667 0.1333333 0
v -7.039999 -3.576279E-07 -8.319999 0.2666667 0.1333333 0
v -7.039999 -3.576279E-07 -8.639999 0.2666667 0.1333333 0
v -7.199999 -3.576279E-07 -8.639999 0.2666667 0.1333333 0
v -7.199999 -3.576279E-07 -8.479999 0.2666667 0.1333333 0
v -7.039999 -3.576279E-07 -8.479999 0.2666667 0.1333333 0
v -7.039999 -3.576279E-07 -8.799999 0.2666667 0.1333333 0
v -7.199999 -3.576279E-07 -8.799999 0.2666667 0.1333333 0
v -7.199999 -3.576279E-07 -8.639999 0.2666667 0.1333333 0
v -7.039999 -3.576279E-07 -8.639999 0.2666667 0.1333333 0
v -7.039999 -3.576279E-07 -8.959999 0.2666667 0.1333333 0
v -7.199999 -3.576279E-07 -8.959999 0.2666667 0.1333333 0
v -7.199999 -3.576279E-07 -8.799999 0.2666667 0.1333333 0
v -7.039999 -3.576279E-07 -8.799999 0.2666667 0.1333333 0
v -7.039999 -3.576279E-07 -9.119999 0.2666667 0.1333333 0
v -7.199999 -3.576279E-07 -9.119999 0.2666667 0.1333333 0
v -7.199999 -3.576279E-07 -8.959999 0.2666667 0.1333333 0
v -7.039999 -3.576279E-07 -8.959999 0.2666667 0.1333333 0
v -7.039999 -3.576279E-07 -9.279999 0.2666667 0.1333333 0
v -7.199999 -3.576279E-07 -9.279999 0.2666667 0.1333333 0
v -7.199999 -3.576279E-07 -9.119999 0.2666667 0.1333333 0
v -7.039999 -3.576279E-07 -9.119999 0.2666667 0.1333333 0
v -7.039999 -3.576279E-07 -9.439999 0.2666667 0.1333333 0
v -7.199999 -3.576279E-07 -9.439999 0.2666667 0.1333333 0
v -7.199999 -3.576279E-07 -9.279999 0.2666667 0.1333333 0
v -7.039999 -3.576279E-07 -9.279999 0.2666667 0.1333333 0
v -7.039999 -3.576279E-07 -9.599998 0.2666667 0.1333333 0
v -7.199999 -3.576279E-07 -9.599998 0.2666667 0.1333333 0
v -7.199999 -3.576279E-07 -9.439999 0.2666667 0.1333333 0
v -7.039999 -3.576279E-07 -9.439999 0.2666667 0.1333333 0
v -7.039999 0.6399996 -7.039999 0.2666667 0.1333333 0
v -7.199999 0.6399996 -7.039999 0.2666667 0.1333333 0
v -7.199999 0.6399996 -7.199999 0.2666667 0.1333333 0
v -7.039999 0.6399996 -7.199999 0.2666667 0.1333333 0
v -7.039999 0.6399996 -7.199999 0.2666667 0.1333333 0
v -7.199999 0.6399996 -7.199999 0.2666667 0.1333333 0
v -7.199999 0.6399996 -7.359999 0.2666667 0.1333333 0
v -7.039999 0.6399996 -7.359999 0.2666667 0.1333333 0
v -7.039999 0.6399996 -7.359999 0.2666667 0.1333333 0
v -7.199999 0.6399996 -7.359999 0.2666667 0.1333333 0
v -7.199999 0.6399996 -7.519999 0.2666667 0.1333333 0
v -7.039999 0.6399996 -7.519999 0.2666667 0.1333333 0
v -7.039999 0.6399996 -7.519999 0.2666667 0.1333333 0
v -7.199999 0.6399996 -7.519999 0.2666667 0.1333333 0
v -7.199999 0.6399996 -7.679999 0.2666667 0.1333333 0
v -7.039999 0.6399996 -7.679999 0.24 0.12 0
v -7.039999 0.6399996 -7.679999 0.24 0.12 0
v -7.199999 0.6399996 -7.679999 0.2666667 0.1333333 0
v -7.199999 0.6399996 -7.839999 0.24 0.12 0
v -7.039999 0.6399996 -7.839999 0.2133334 0.1066667 0
v -7.039999 0.6399996 -8.319999 0.24 0.12 0
v -7.199999 0.6399996 -8.319999 0.2133334 0.1066667 0
v -7.199999 0.6399996 -8.479999 0.24 0.12 0
v -7.039999 0.6399996 -8.479999 0.2666667 0.1333333 0
v -7.039999 0.6399996 -8.479999 0.2666667 0.1333333 0
v -7.199999 0.6399996 -8.479999 0.24 0.12 0
v -7.199999 0.6399996 -8.639999 0.2666667 0.1333333 0
v -7.039999 0.6399996 -8.639999 0.2666667 0.1333333 0
v -7.039999 0.6399996 -8.639999 0.2666667 0.1333333 0
v -7.199999 0.6399996 -8.639999 0.2666667 0.1333333 0
v -7.199999 0.6399996 -8.799999 0.2666667 0.1333333 0
v -7.039999 0.6399996 -8.799999 0.2666667 0.1333333 0
v -7.039999 0.6399996 -8.799999 0.2666667 0.1333333 0
v -7.199999 0.6399996 -8.799999 0.2666667 0.1333333 0
v -7.199999 0.6399996 -8.959999 0.2666667 0.1333333 0
v -7.039999 0.6399996 -8.959999 0.2666667 0.1333333 0
v -7.039999 0.6399996 -8.959999 0.2666667 0.1333333 0
v -7.199999 0.6399996 -8.959999 0.2666667 0.1333333 0
v -7.199999 0.6399996 -9.119999 0.2666667 0.1333333 0
v -7.039999 0.6399996 -9.119999 0.24 0.12 0
v -7.039999 0.6399996 -9.119999 0.24 0.12 0
v -7.199999 0.6399996 -9.119999 0.2666667 0.1333333 0
v -7.199999 0.6399996 -9.279999 0.24 0.12 0
v -7.039999 0.6399996 -9.279999 0.2133334 0.1066667 0
v -7.039999 0.7999996 -7.839999 0.1882353 0.09803922 0
v -7.199999 0.7999996 -7.839999 0.1882353 0.09803922 0
v -7.199999 0.7999996 -7.999999 0.1882353 0.09803922 0
v -7.039999 0.7999996 -7.999999 0.1882353 0.09803922 0
v -7.199999 0.6399996 -7.839999 0.1505882 0.07843138 0
v -7.199999 0.7999996 -7.839999 0.1882353 0.09803922 0
v -7.039999 0.7999996 -7.839999 0.1694118 0.0882353 0
v -7.039999 0.6399996 -7.839999 0.1505882 0.07843138 0
v -7.199999 0.6399996 -7.999999 0.1505882 0.07843138 0
v -7.199999 0.7999996 -7.999999 0.1694118 0.0882353 0
v -7.199999 0.7999996 -7.839999 0.1882353 0.09803922 0
v -7.199999 0.6399996 -7.839999 0.1505882 0.07843138 0
v -7.039999 0.7999996 -7.999999 0.1882353 0.09803922 0
v -7.199999 0.7999996 -7.999999 0.1882353 0.09803922 0
v -7.199999 0.7999996 -8.159999 0.1882353 0.09803922 0
v -7.039999 0.7999996 -8.159999 0.1882353 0.09803922 0
v -7.039999 0.7999996 -8.159999 0.1882353 0.09803922 0
v -7.199999 0.7999996 -8.159999 0.1882353 0.09803922 0
v -7.199999 0.7999996 -8.319999 0.1882353 0.09803922 0
v -7.039999 0.7999996 -8.319999 0.1882353 0.09803922 0
v -7.039999 0.6399996 -8.319999 0.1505882 0.07843138 0
v -7.039999 0.7999996 -8.319999 0.1882353 0.09803922 0
v -7.199999 0.7999996 -8.319999 0.1694118 0.0882353 0
v -7.199999 0.6399996 -8.319999 0.1505882 0.07843138 0
v -7.039999 0.6399996 -8.159999 0.1505882 0.07843138 0
v -7.039999 0.7999996 -8.159999 0.1694118 0.0882353 0
v -7.039999 0.7999996 -8.319999 0.1882353 0.09803922 0
v -7.039999 0.6399996 -8.319999 0.1505882 0.07843138 0
v -7.039999 0.7999996 -9.279999 0.1882353 0.09803922 0
v -7.199999 0.7999996 -9.279999 0.1882353 0.09803922 0
v -7.199999 0.7999996 -9.439999 0.1882353 0.09803922 0
v -7.039999 0.7999996 -9.439999 0.1882353 0.09803922 0
v -7.199999 0.6399996 -9.279999 0.1505882 0.07843138 0
v -7.199999 0.7999996 -9.279999 0.1882353 0.09803922 0
v -7.039999 0.7999996 -9.279999 0.1694118 0.0882353 0
v -7.039999 0.6399996 -9.279999 0.1505882 0.07843138 0
v -7.199999 0.6399996 -9.439999 0.1505882 0.07843138 0
v -7.199999 0.7999996 -9.439999 0.1694118 0.0882353 0
v -7.199999 0.7999996 -9.279999 0.1882353 0.09803922 0
v -7.199999 0.6399996 -9.279999 0.1505882 0.07843138 0
v -7.039999 0.7999996 -9.439999 0.1882353 0.09803922 0
v -7.199999 0.7999996 -9.439999 0.1882353 0.09803922 0
v -7.199999 0.7999996 -9.599998 0.1882353 0.09803922 0
v -7.039999 0.7999996 -9.599998 0.1882353 0.09803922 0
v -7.199999 -3.576279E-07 -7.199999 0.2666667 0.1333333 0
v -7.359999 -3.576279E-07 -7.199999 0.2666667 0.1333333 0
v -7.359999 -3.576279E-07 -7.039999 0.2666667 0.1333333 0
v -7.199999 -3.576279E-07 -7.039999 0.2666667 0.1333333 0
v -7.199999 -3.576279E-07 -7.359999 0.2666667 0.1333333 0
v -7.359999 -3.576279E-07 -7.359999 0.2666667 0.1333333 0
v -7.359999 -3.576279E-07 -7.199999 0.2666667 0.1333333 0
v -7.199999 -3.576279E-07 -7.199999 0.2666667 0.1333333 0
v -7.199999 -3.576279E-07 -7.519999 0.2666667 0.1333333 0
v -7.359999 -3.576279E-07 -7.519999 0.2666667 0.1333333 0
v -7.359999 -3.576279E-07 -7.359999 0.2666667 0.1333333 0
v -7.199999 -3.576279E-07 -7.359999 0.2666667 0.1333333 0
v -7.199999 -3.576279E-07 -7.679999 0.2666667 0.1333333 0
v -7.359999 -3.576279E-07 -7.679999 0.2666667 0.1333333 0
v -7.359999 -3.576279E-07 -7.519999 0.2666667 0.1333333 0
v -7.199999 -3.576279E-07 -7.519999 0.2666667 0.1333333 0
v -7.199999 -3.576279E-07 -7.839999 0.2666667 0.1333333 0
v -7.359999 -3.576279E-07 -7.839999 0.2666667 0.1333333 0
v -7.359999 -3.576279E-07 -7.679999 0.2666667 0.1333333 0
v -7.199999 -3.576279E-07 -7.679999 0.2666667 0.1333333 0
v -7.199999 -3.576279E-07 -7.999999 0.2666667 0.1333333 0
v -7.359999 -3.576279E-07 -7.999999 0.2666667 0.1333333 0
v -7.359999 -3.576279E-07 -7.839999 0.2666667 0.1333333 0
v -7.199999 -3.576279E-07 -7.839999 0.2666667 0.1333333 0
v -7.199999 -3.576279E-07 -8.159999 0.2666667 0.1333333 0
v -7.359999 -3.576279E-07 -8.159999 0.2666667 0.1333333 0
v -7.359999 -3.576279E-07 -7.999999 0.2666667 0.1333333 0
v -7.199999 -3.576279E-07 -7.999999 0.2666667 0.1333333 0
v -7.199999 -3.576279E-07 -8.319999 0.2666667 0.1333333 0
v -7.359999 -3.576279E-07 -8.319999 0.2666667 0.1333333 0
v -7.359999 -3.576279E-07 -8.159999 0.2666667 0.1333333 0
v -7.199999 -3.576279E-07 -8.159999 0.2666667 0.1333333 0
v -7.199999 -3.576279E-07 -8.479999 0.2666667 0.1333333 0
v -7.359999 -3.576279E-07 -8.479999 0.2666667 0.1333333 0
v -7.359999 -3.576279E-07 -8.319999 0.2666667 0.1333333 0
v -7.199999 -3.576279E-07 -8.319999 0.2666667 0.1333333 0
v -7.199999 -3.576279E-07 -8.639999 0.2666667 0.1333333 0
v -7.359999 -3.576279E-07 -8.639999 0.2666667 0.1333333 0
v -7.359999 -3.576279E-07 -8.479999 0.2666667 0.1333333 0
v -7.199999 -3.576279E-07 -8.479999 0.2666667 0.1333333 0
v -7.199999 -3.576279E-07 -8.799999 0.2666667 0.1333333 0
v -7.359999 -3.576279E-07 -8.799999 0.2666667 0.1333333 0
v -7.359999 -3.576279E-07 -8.639999 0.2666667 0.1333333 0
v -7.199999 -3.576279E-07 -8.639999 0.2666667 0.1333333 0
v -7.199999 -3.576279E-07 -8.959999 0.2666667 0.1333333 0
v -7.359999 -3.576279E-07 -8.959999 0.2666667 0.1333333 0
v -7.359999 -3.576279E-07 -8.799999 0.2666667 0.1333333 0
v -7.199999 -3.576279E-07 -8.799999 0.2666667 0.1333333 0
v -7.199999 -3.576279E-07 -9.119999 0.2666667 0.1333333 0
v -7.359999 -3.576279E-07 -9.119999 0.2666667 0.1333333 0
v -7.359999 -3.576279E-07 -8.959999 0.2666667 0.1333333 0
v -7.199999 -3.576279E-07 -8.959999 0.2666667 0.1333333 0
v -7.199999 -3.576279E-07 -9.279999 0.2666667 0.1333333 0
v -7.359999 -3.576279E-07 -9.279999 0.2666667 0.1333333 0
v -7.359999 -3.576279E-07 -9.119999 0.2666667 0.1333333 0
v -7.199999 -3.576279E-07 -9.119999 0.2666667 0.1333333 0
v -7.199999 -3.576279E-07 -9.439999 0.2666667 0.1333333 0
v -7.359999 -3.576279E-07 -9.439999 0.2666667 0.1333333 0
v -7.359999 -3.576279E-07 -9.279999 0.2666667 0.1333333 0
v -7.199999 -3.576279E-07 -9.279999 0.2666667 0.1333333 0
v -7.199999 -3.576279E-07 -9.599998 0.2666667 0.1333333 0
v -7.359999 -3.576279E-07 -9.599998 0.2666667 0.1333333 0
v -7.359999 -3.576279E-07 -9.439999 0.2666667 0.1333333 0
v -7.199999 -3.576279E-07 -9.439999 0.2666667 0.1333333 0
v -7.199999 0.6399996 -7.039999 0.2666667 0.1333333 0
v -7.359999 0.6399996 -7.039999 0.24 0.12 0
v -7.359999 0.6399996 -7.199999 0.2666667 0.1333333 0
v -7.199999 0.6399996 -7.199999 0.2666667 0.1333333 0
v -7.199999 0.6399996 -7.199999 0.2666667 0.1333333 0
v -7.359999 0.6399996 -7.199999 0.2666667 0.1333333 0
v -7.359999 0.6399996 -7.359999 0.2666667 0.1333333 0
v -7.199999 0.6399996 -7.359999 0.2666667 0.1333333 0
v -7.199999 0.6399996 -7.359999 0.2666667 0.1333333 0
v -7.359999 0.6399996 -7.359999 0.2666667 0.1333333 0
v -7.359999 0.6399996 -7.519999 0.2666667 0.1333333 0
v -7.199999 0.6399996 -7.519999 0.2666667 0.1333333 0
v -7.199999 0.6399996 -7.519999 0.2666667 0.1333333 0
v -7.359999 0.6399996 -7.519999 0.2666667 0.1333333 0
v -7.359999 0.6399996 -7.679999 0.2666667 0.1333333 0
v -7.199999 0.6399996 -7.679999 0.2666667 0.1333333 0
v -7.199999 0.6399996 -7.679999 0.2666667 0.1333333 0
v -7.359999 0.6399996 -7.679999 0.2666667 0.1333333 0
v -7.359999 0.6399996 -7.839999 0.2666667 0.1333333 0
v -7.199999 0.6399996 -7.839999 0.24 0.12 0
v -7.199999 0.6399996 -7.839999 0.24 0.12 0
v -7.359999 0.6399996 -7.839999 0.2666667 0.1333333 0
v -7.359999 0.6399996 -7.999999 0.24 0.12 0
v -7.199999 0.6399996 -7.999999 0.2133334 0.1066667 0
v -7.199999 0.6399996 -8.479999 0.24 0.12 0
v -7.359999 0.6399996 -8.479999 0.2133334 0.1066667 0
v -7.359999 0.6399996 -8.639999 0.24 0.12 0
v -7.199999 0.6399996 -8.639999 0.2666667 0.1333333 0
v -7.199999 0.6399996 -8.639999 0.2666667 0.1333333 0
v -7.359999 0.6399996 -8.639999 0.24 0.12 0
v -7.359999 0.6399996 -8.799999 0.2666667 0.1333333 0
v -7.199999 0.6399996 -8.799999 0.2666667 0.1333333 0
v -7.199999 0.6399996 -8.799999 0.2666667 0.1333333 0
v -7.359999 0.6399996 -8.799999 0.2666667 0.1333333 0
v -7.359999 0.6399996 -8.959999 0.2666667 0.1333333 0
v -7.199999 0.6399996 -8.959999 0.2666667 0.1333333 0
v -7.199999 0.6399996 -8.959999 0.2666667 0.1333333 0
v -7.359999 0.6399996 -8.959999 0.2666667 0.1333333 0
v -7.359999 0.6399996 -9.119999 0.2666667 0.1333333 0
v -7.199999 0.6399996 -9.119999 0.2666667 0.1333333 0
v -7.199999 0.6399996 -9.119999 0.2666667 0.1333333 0
v -7.359999 0.6399996 -9.119999 0.2666667 0.1333333 0
v -7.359999 0.6399996 -9.279999 0.2666667 0.1333333 0
v -7.199999 0.6399996 -9.279999 0.24 0.12 0
v -7.199999 0.6399996 -9.279999 0.24 0.12 0
v -7.359999 0.6399996 -9.279999 0.2666667 0.1333333 0
v -7.359999 0.6399996 -9.439999 0.24 0.12 0
v -7.199999 0.6399996 -9.439999 0.2133334 0.1066667 0
v -7.199999 0.7999996 -7.999999 0.1882353 0.09803922 0
v -7.359999 0.7999996 -7.999999 0.1882353 0.09803922 0
v -7.359999 0.7999996 -8.159999 0.1882353 0.09803922 0
v -7.199999 0.7999996 -8.159999 0.1882353 0.09803922 0
v -7.359999 0.6399996 -7.999999 0.1505882 0.07843138 0
v -7.359999 0.7999996 -7.999999 0.1882353 0.09803922 0
v -7.199999 0.7999996 -7.999999 0.1694118 0.0882353 0
v -7.199999 0.6399996 -7.999999 0.1505882 0.07843138 0
v -7.359999 0.6399996 -8.159999 0.1505882 0.07843138 0
v -7.359999 0.7999996 -8.159999 0.1694118 0.0882353 0
v -7.359999 0.7999996 -7.999999 0.1882353 0.09803922 0
v -7.359999 0.6399996 -7.999999 0.1505882 0.07843138 0
v -7.199999 0.7999996 -8.159999 0.1882353 0.09803922 0
v -7.359999 0.7999996 -8.159999 0.1882353 0.09803922 0
v -7.359999 0.7999996 -8.319999 0.1882353 0.09803922 0
v -7.199999 0.7999996 -8.319999 0.1882353 0.09803922 0
v -7.199999 0.7999996 -8.319999 0.1882353 0.09803922 0
v -7.359999 0.7999996 -8.319999 0.1882353 0.09803922 0
v -7.359999 0.7999996 -8.479999 0.1882353 0.09803922 0
v -7.199999 0.7999996 -8.479999 0.1882353 0.09803922 0
v -7.199999 0.6399996 -8.479999 0.1505882 0.07843138 0
v -7.199999 0.7999996 -8.479999 0.1882353 0.09803922 0
v -7.359999 0.7999996 -8.479999 0.1694118 0.0882353 0
v -7.359999 0.6399996 -8.479999 0.1505882 0.07843138 0
v -7.199999 0.6399996 -8.319999 0.1505882 0.07843138 0
v -7.199999 0.7999996 -8.319999 0.1694118 0.0882353 0
v -7.199999 0.7999996 -8.479999 0.1882353 0.09803922 0
v -7.199999 0.6399996 -8.479999 0.1505882 0.07843138 0
v -7.199999 0.7999996 -9.439999 0.1882353 0.09803922 0
v -7.359999 0.7999996 -9.439999 0.1882353 0.09803922 0
v -7.359999 0.7999996 -9.599998 0.1882353 0.09803922 0
v -7.199999 0.7999996 -9.599998 0.1882353 0.09803922 0
v -7.359999 0.6399996 -9.439999 0.1505882 0.07843138 0
v -7.359999 0.7999996 -9.439999 0.1882353 0.09803922 0
v -7.199999 0.7999996 -9.439999 0.1694118 0.0882353 0
v -7.199999 0.6399996 -9.439999 0.1505882 0.07843138 0
v -7.359999 0.6399996 -9.599998 0.1505882 0.07843138 0
v -7.359999 0.7999996 -9.599998 0.1694118 0.0882353 0
v -7.359999 0.7999996 -9.439999 0.1882353 0.09803922 0
v -7.359999 0.6399996 -9.439999 0.1505882 0.07843138 0
v -7.359999 -3.576279E-07 -7.199999 0.2666667 0.1333333 0
v -7.519999 -3.576279E-07 -7.199999 0.2666667 0.1333333 0
v -7.519999 -3.576279E-07 -7.039999 0.2666667 0.1333333 0
v -7.359999 -3.576279E-07 -7.039999 0.2666667 0.1333333 0
v -7.359999 -3.576279E-07 -7.359999 0.2666667 0.1333333 0
v -7.519999 -3.576279E-07 -7.359999 0.2666667 0.1333333 0
v -7.519999 -3.576279E-07 -7.199999 0.2666667 0.1333333 0
v -7.359999 -3.576279E-07 -7.199999 0.2666667 0.1333333 0
v -7.359999 -3.576279E-07 -7.519999 0.2666667 0.1333333 0
v -7.519999 -3.576279E-07 -7.519999 0.2666667 0.1333333 0
v -7.519999 -3.576279E-07 -7.359999 0.2666667 0.1333333 0
v -7.359999 -3.576279E-07 -7.359999 0.2666667 0.1333333 0
v -7.359999 -3.576279E-07 -7.679999 0.2666667 0.1333333 0
v -7.519999 -3.576279E-07 -7.679999 0.2666667 0.1333333 0
v -7.519999 -3.576279E-07 -7.519999 0.2666667 0.1333333 0
v -7.359999 -3.576279E-07 -7.519999 0.2666667 0.1333333 0
v -7.359999 -3.576279E-07 -7.839999 0.2666667 0.1333333 0
v -7.519999 -3.576279E-07 -7.839999 0.2666667 0.1333333 0
v -7.519999 -3.576279E-07 -7.679999 0.2666667 0.1333333 0
v -7.359999 -3.576279E-07 -7.679999 0.2666667 0.1333333 0
v -7.359999 -3.576279E-07 -7.999999 0.2666667 0.1333333 0
v -7.519999 -3.576279E-07 -7.999999 0.2666667 0.1333333 0
v -7.519999 -3.576279E-07 -7.839999 0.2666667 0.1333333 0
v -7.359999 -3.576279E-07 -7.839999 0.2666667 0.1333333 0
v -7.359999 -3.576279E-07 -8.159999 0.2666667 0.1333333 0
v -7.519999 -3.576279E-07 -8.159999 0.2666667 0.1333333 0
v -7.519999 -3.576279E-07 -7.999999 0.2666667 0.1333333 0
v -7.359999 -3.576279E-07 -7.999999 0.2666667 0.1333333 0
v -7.359999 -3.576279E-07 -8.319999 0.2666667 0.1333333 0
v -7.519999 -3.576279E-07 -8.319999 0.2666667 0.1333333 0
v -7.519999 -3.576279E-07 -8.159999 0.2666667 0.1333333 0
v -7.359999 -3.576279E-07 -8.159999 0.2666667 0.1333333 0
v -7.359999 -3.576279E-07 -8.479999 0.2666667 0.1333333 0
v -7.519999 -3.576279E-07 -8.479999 0.2666667 0.1333333 0
v -7.519999 -3.576279E-07 -8.319999 0.2666667 0.1333333 0
v -7.359999 -3.576279E-07 -8.319999 0.2666667 0.1333333 0
v -7.359999 -3.576279E-07 -8.639999 0.2666667 0.1333333 0
v -7.519999 -3.576279E-07 -8.639999 0.2666667 0.1333333 0
v -7.519999 -3.576279E-07 -8.479999 0.2666667 0.1333333 0
v -7.359999 -3.576279E-07 -8.479999 0.2666667 0.1333333 0
v -7.359999 -3.576279E-07 -8.799999 0.2666667 0.1333333 0
v -7.519999 -3.576279E-07 -8.799999 0.2666667 0.1333333 0
v -7.519999 -3.576279E-07 -8.639999 0.2666667 0.1333333 0
v -7.359999 -3.576279E-07 -8.639999 0.2666667 0.1333333 0
v -7.359999 -3.576279E-07 -8.959999 0.2666667 0.1333333 0
v -7.519999 -3.576279E-07 -8.959999 0.2666667 0.1333333 0
v -7.519999 -3.576279E-07 -8.799999 0.2666667 0.1333333 0
v -7.359999 -3.576279E-07 -8.799999 0.2666667 0.1333333 0
v -7.359999 -3.576279E-07 -9.119999 0.2666667 0.1333333 0
v -7.519999 -3.576279E-07 -9.119999 0.2666667 0.1333333 0
v -7.519999 -3.576279E-07 -8.959999 0.2666667 0.1333333 0
v -7.359999 -3.576279E-07 -8.959999 0.2666667 0.1333333 0
v -7.359999 -3.576279E-07 -9.279999 0.2666667 0.1333333 0
v -7.519999 -3.576279E-07 -9.279999 0.2666667 0.1333333 0
v -7.519999 -3.576279E-07 -9.119999 0.2666667 0.1333333 0
v -7.359999 -3.576279E-07 -9.119999 0.2666667 0.1333333 0
v -7.359999 -3.576279E-07 -9.439999 0.2666667 0.1333333 0
v -7.519999 -3.576279E-07 -9.439999 0.2666667 0.1333333 0
v -7.519999 -3.576279E-07 -9.279999 0.2666667 0.1333333 0
v -7.359999 -3.576279E-07 -9.279999 0.2666667 0.1333333 0
v -7.359999 -3.576279E-07 -9.599998 0.2666667 0.1333333 0
v -7.519999 -3.576279E-07 -9.599998 0.2666667 0.1333333 0
v -7.519999 -3.576279E-07 -9.439999 0.2666667 0.1333333 0
v -7.359999 -3.576279E-07 -9.439999 0.2666667 0.1333333 0
v -7.359999 0.6399996 -7.039999 0.24 0.12 0
v -7.519999 0.6399996 -7.039999 0.2133334 0.1066667 0
v -7.519999 0.6399996 -7.199999 0.24 0.12 0
v -7.359999 0.6399996 -7.199999 0.2666667 0.1333333 0
v -7.359999 0.6399996 -7.199999 0.2666667 0.1333333 0
v -7.519999 0.6399996 -7.199999 0.24 0.12 0
v -7.519999 0.6399996 -7.359999 0.2666667 0.1333333 0
v -7.359999 0.6399996 -7.359999 0.2666667 0.1333333 0
v -7.359999 0.6399996 -7.359999 0.2666667 0.1333333 0
v -7.519999 0.6399996 -7.359999 0.2666667 0.1333333 0
v -7.519999 0.6399996 -7.519999 0.2666667 0.1333333 0
v -7.359999 0.6399996 -7.519999 0.2666667 0.1333333 0
v -7.359999 0.6399996 -7.519999 0.2666667 0.1333333 0
v -7.519999 0.6399996 -7.519999 0.2666667 0.1333333 0
v -7.519999 0.6399996 -7.679999 0.2666667 0.1333333 0
v -7.359999 0.6399996 -7.679999 0.2666667 0.1333333 0
v -7.359999 0.6399996 -7.679999 0.2666667 0.1333333 0
v -7.519999 0.6399996 -7.679999 0.2666667 0.1333333 0
v -7.519999 0.6399996 -7.839999 0.2666667 0.1333333 0
v -7.359999 0.6399996 -7.839999 0.2666667 0.1333333 0
v -7.359999 0.6399996 -7.839999 0.2666667 0.1333333 0
v -7.519999 0.6399996 -7.839999 0.2666667 0.1333333 0
v -7.519999 0.6399996 -7.999999 0.2666667 0.1333333 0
v -7.359999 0.6399996 -7.999999 0.24 0.12 0
v -7.359999 0.6399996 -7.999999 0.24 0.12 0
v -7.519999 0.6399996 -7.999999 0.2666667 0.1333333 0
v -7.519999 0.6399996 -8.159999 0.24 0.12 0
v -7.359999 0.6399996 -8.159999 0.2133334 0.1066667 0
v -7.359999 0.6399996 -8.639999 0.24 0.12 0
v -7.519999 0.6399996 -8.639999 0.2133334 0.1066667 0
v -7.519999 0.6399996 -8.799999 0.24 0.12 0
v -7.359999 0.6399996 -8.799999 0.2666667 0.1333333 0
v -7.359999 0.6399996 -8.799999 0.2666667 0.1333333 0
v -7.519999 0.6399996 -8.799999 0.24 0.12 0
v -7.519999 0.6399996 -8.959999 0.2666667 0.1333333 0
v -7.359999 0.6399996 -8.959999 0.2666667 0.1333333 0
v -7.359999 0.6399996 -8.959999 0.2666667 0.1333333 0
v -7.519999 0.6399996 -8.959999 0.2666667 0.1333333 0
v -7.519999 0.6399996 -9.119999 0.2666667 0.1333333 0
v -7.359999 0.6399996 -9.119999 0.2666667 0.1333333 0
v -7.359999 0.6399996 -9.119999 0.2666667 0.1333333 0
v -7.519999 0.6399996 -9.119999 0.2666667 0.1333333 0
v -7.519999 0.6399996 -9.279999 0.2666667 0.1333333 0
v -7.359999 0.6399996 -9.279999 0.2666667 0.1333333 0
v -7.359999 0.6399996 -9.279999 0.2666667 0.1333333 0
v -7.519999 0.6399996 -9.279999 0.2666667 0.1333333 0
v -7.519999 0.6399996 -9.439999 0.2666667 0.1333333 0
v -7.359999 0.6399996 -9.439999 0.24 0.12 0
v -7.359999 0.6399996 -9.439999 0.24 0.12 0
v -7.519999 0.6399996 -9.439999 0.2666667 0.1333333 0
v -7.519999 0.6399996 -9.599998 0.24 0.12 0
v -7.359999 0.6399996 -9.599998 0.2133334 0.1066667 0
v -7.359999 0.7999996 -8.159999 0.1882353 0.09803922 0
v -7.519999 0.7999996 -8.159999 0.1882353 0.09803922 0
v -7.519999 0.7999996 -8.319999 0.1882353 0.09803922 0
v -7.359999 0.7999996 -8.319999 0.1882353 0.09803922 0
v -7.519999 0.6399996 -8.159999 0.1505882 0.07843138 0
v -7.519999 0.7999996 -8.159999 0.1882353 0.09803922 0
v -7.359999 0.7999996 -8.159999 0.1694118 0.0882353 0
v -7.359999 0.6399996 -8.159999 0.1505882 0.07843138 0
v -7.519999 0.6399996 -8.319999 0.1505882 0.07843138 0
v -7.519999 0.7999996 -8.319999 0.1694118 0.0882353 0
v -7.519999 0.7999996 -8.159999 0.1882353 0.09803922 0
v -7.519999 0.6399996 -8.159999 0.1505882 0.07843138 0
v -7.359999 0.7999996 -8.319999 0.1882353 0.09803922 0
v -7.519999 0.7999996 -8.319999 0.1882353 0.09803922 0
v -7.519999 0.7999996 -8.479999 0.1882353 0.09803922 0
v -7.359999 0.7999996 -8.479999 0.1882353 0.09803922 0
v -7.359999 0.7999996 -8.479999 0.1882353 0.09803922 0
v -7.519999 0.7999996 -8.479999 0.1882353 0.09803922 0
v -7.519999 0.7999996 -8.639999 0.1882353 0.09803922 0
v -7.359999 0.7999996 -8.639999 0.1882353 0.09803922 0
v -7.359999 0.6399996 -8.639999 0.1505882 0.07843138 0
v -7.359999 0.7999996 -8.639999 0.1882353 0.09803922 0
v -7.519999 0.7999996 -8.639999 0.1694118 0.0882353 0
v -7.519999 0.6399996 -8.639999 0.1505882 0.07843138 0
v -7.359999 0.6399996 -8.479999 0.1505882 0.07843138 0
v -7.359999 0.7999996 -8.479999 0.1694118 0.0882353 0
v -7.359999 0.7999996 -8.639999 0.1882353 0.09803922 0
v -7.359999 0.6399996 -8.639999 0.1505882 0.07843138 0
v -7.519999 -3.576279E-07 -7.199999 0.2666667 0.1333333 0
v -7.679999 -3.576279E-07 -7.199999 0.2666667 0.1333333 0
v -7.679999 -3.576279E-07 -7.039999 0.2666667 0.1333333 0
v -7.519999 -3.576279E-07 -7.039999 0.2666667 0.1333333 0
v -7.519999 -3.576279E-07 -7.359999 0.2666667 0.1333333 0
v -7.679999 -3.576279E-07 -7.359999 0.2666667 0.1333333 0
v -7.679999 -3.576279E-07 -7.199999 0.2666667 0.1333333 0
v -7.519999 -3.576279E-07 -7.199999 0.2666667 0.1333333 0
v -7.519999 -3.576279E-07 -7.519999 0.2666667 0.1333333 0
v -7.679999 -3.576279E-07 -7.519999 0.2666667 0.1333333 0
v -7.679999 -3.576279E-07 -7.359999 0.2666667 0.1333333 0
v -7.519999 -3.576279E-07 -7.359999 0.2666667 0.1333333 0
v -7.519999 -3.576279E-07 -7.679999 0.2666667 0.1333333 0
v -7.679999 -3.576279E-07 -7.679999 0.2666667 0.1333333 0
v -7.679999 -3.576279E-07 -7.519999 0.2666667 0.1333333 0
v -7.519999 -3.576279E-07 -7.519999 0.2666667 0.1333333 0
v -7.519999 -3.576279E-07 -7.839999 0.2666667 0.1333333 0
v -7.679999 -3.576279E-07 -7.839999 0.2666667 0.1333333 0
v -7.679999 -3.576279E-07 -7.679999 0.2666667 0.1333333 0
v -7.519999 -3.576279E-07 -7.679999 0.2666667 0.1333333 0
v -7.519999 -3.576279E-07 -7.999999 0.2666667 0.1333333 0
v -7.679999 -3.576279E-07 -7.999999 0.2666667 0.1333333 0
v -7.679999 -3.576279E-07 -7.839999 0.2666667 0.1333333 0
v -7.519999 -3.576279E-07 -7.839999 0.2666667 0.1333333 0
v -7.519999 -3.576279E-07 -8.159999 0.2666667 0.1333333 0
v -7.679999 -3.576279E-07 -8.159999 0.2666667 0.1333333 0
v -7.679999 -3.576279E-07 -7.999999 0.2666667 0.1333333 0
v -7.519999 -3.576279E-07 -7.999999 0.2666667 0.1333333 0
v -7.519999 -3.576279E-07 -8.319999 0.2666667 0.1333333 0
v -7.679999 -3.576279E-07 -8.319999 0.2666667 0.1333333 0
v -7.679999 -3.576279E-07 -8.159999 0.2666667 0.1333333 0
v -7.519999 -3.576279E-07 -8.159999 0.2666667 0.1333333 0
v -7.519999 -3.576279E-07 -8.479999 0.2666667 0.1333333 0
v -7.679999 -3.576279E-07 -8.479999 0.2666667 0.1333333 0
v -7.679999 -3.576279E-07 -8.319999 0.2666667 0.1333333 0
v -7.519999 -3.576279E-07 -8.319999 0.2666667 0.1333333 0
v -7.519999 -3.576279E-07 -8.639999 0.2666667 0.1333333 0
v -7.679999 -3.576279E-07 -8.639999 0.2666667 0.1333333 0
v -7.679999 -3.576279E-07 -8.479999 0.2666667 0.1333333 0
v -7.519999 -3.576279E-07 -8.479999 0.2666667 0.1333333 0
v -7.519999 -3.576279E-07 -8.799999 0.2666667 0.1333333 0
v -7.679999 -3.576279E-07 -8.799999 0.2666667 0.1333333 0
v -7.679999 -3.576279E-07 -8.639999 0.2666667 0.1333333 0
v -7.519999 -3.576279E-07 -8.639999 0.2666667 0.1333333 0
v -7.519999 -3.576279E-07 -8.959999 0.2666667 0.1333333 0
v -7.679999 -3.576279E-07 -8.959999 0.2666667 0.1333333 0
v -7.679999 -3.576279E-07 -8.799999 0.2666667 0.1333333 0
v -7.519999 -3.576279E-07 -8.799999 0.2666667 0.1333333 0
v -7.519999 -3.576279E-07 -9.119999 0.2666667 0.1333333 0
v -7.679999 -3.576279E-07 -9.119999 0.2666667 0.1333333 0
v -7.679999 -3.576279E-07 -8.959999 0.2666667 0.1333333 0
v -7.519999 -3.576279E-07 -8.959999 0.2666667 0.1333333 0
v -7.519999 -3.576279E-07 -9.279999 0.2666667 0.1333333 0
v -7.679999 -3.576279E-07 -9.279999 0.2666667 0.1333333 0
v -7.679999 -3.576279E-07 -9.119999 0.2666667 0.1333333 0
v -7.519999 -3.576279E-07 -9.119999 0.2666667 0.1333333 0
v -7.519999 -3.576279E-07 -9.439999 0.2666667 0.1333333 0
v -7.679999 -3.576279E-07 -9.439999 0.2666667 0.1333333 0
v -7.679999 -3.576279E-07 -9.279999 0.2666667 0.1333333 0
v -7.519999 -3.576279E-07 -9.279999 0.2666667 0.1333333 0
v -7.519999 -3.576279E-07 -9.599998 0.2666667 0.1333333 0
v -7.679999 -3.576279E-07 -9.599998 0.2666667 0.1333333 0
v -7.679999 -3.576279E-07 -9.439999 0.2666667 0.1333333 0
v -7.519999 -3.576279E-07 -9.439999 0.2666667 0.1333333 0
v -7.519999 0.6399996 -7.199999 0.24 0.12 0
v -7.679999 0.6399996 -7.199999 0.2133334 0.1066667 0
v -7.679999 0.6399996 -7.359999 0.24 0.12 0
v -7.519999 0.6399996 -7.359999 0.2666667 0.1333333 0
v -7.519999 0.6399996 -7.359999 0.2666667 0.1333333 0
v -7.679999 0.6399996 -7.359999 0.24 0.12 0
v -7.679999 0.6399996 -7.519999 0.2666667 0.1333333 0
v -7.519999 0.6399996 -7.519999 0.2666667 0.1333333 0
v -7.519999 0.6399996 -7.519999 0.2666667 0.1333333 0
v -7.679999 0.6399996 -7.519999 0.2666667 0.1333333 0
v -7.679999 0.6399996 -7.679999 0.2666667 0.1333333 0
v -7.519999 0.6399996 -7.679999 0.2666667 0.1333333 0
v -7.519999 0.6399996 -7.679999 0.2666667 0.1333333 0
v -7.679999 0.6399996 -7.679999 0.2666667 0.1333333 0
v -7.679999 0.6399996 -7.839999 0.2666667 0.1333333 0
v -7.519999 0.6399996 -7.839999 0.2666667 0.1333333 0
v -7.519999 0.6399996 -7.839999 0.2666667 0.1333333 0
v -7.679999 0.6399996 -7.839999 0.2666667 0.1333333 0
v -7.679999 0.6399996 -7.999999 0.2666667 0.1333333 0
v -7.519999 0.6399996 -7.999999 0.2666667 0.1333333 0
v -7.519999 0.6399996 -7.999999 0.2666667 0.1333333 0
v -7.679999 0.6399996 -7.999999 0.2666667 0.1333333 0
v -7.679999 0.6399996 -8.159999 0.2666667 0.1333333 0
v -7.519999 0.6399996 -8.159999 0.24 0.12 0
v -7.519999 0.6399996 -8.159999 0.24 0.12 0
v -7.679999 0.6399996 -8.159999 0.2666667 0.1333333 0
v -7.679999 0.6399996 -8.319999 0.24 0.12 0
v -7.519999 0.6399996 -8.319999 0.2133334 0.1066667 0
v -7.519999 0.6399996 -8.799999 0.24 0.12 0
v -7.679999 0.6399996 -8.799999 0.2133334 0.1066667 0
v -7.679999 0.6399996 -8.959999 0.24 0.12 0
v -7.519999 0.6399996 -8.959999 0.2666667 0.1333333 0
v -7.519999 0.6399996 -8.959999 0.2666667 0.1333333 0
v -7.679999 0.6399996 -8.959999 0.24 0.12 0
v -7.679999 0.6399996 -9.119999 0.2666667 0.1333333 0
v -7.519999 0.6399996 -9.119999 0.2666667 0.1333333 0
v -7.519999 0.6399996 -9.119999 0.2666667 0.1333333 0
v -7.679999 0.6399996 -9.119999 0.2666667 0.1333333 0
v -7.679999 0.6399996 -9.279999 0.2666667 0.1333333 0
v -7.519999 0.6399996 -9.279999 0.2666667 0.1333333 0
v -7.519999 0.6399996 -9.279999 0.2666667 0.1333333 0
v -7.679999 0.6399996 -9.279999 0.2666667 0.1333333 0
v -7.679999 0.6399996 -9.439999 0.2666667 0.1333333 0
v -7.519999 0.6399996 -9.439999 0.2666667 0.1333333 0
v -7.519999 0.6399996 -9.439999 0.2666667 0.1333333 0
v -7.679999 0.6399996 -9.439999 0.2666667 0.1333333 0
v -7.679999 0.6399996 -9.599998 0.2666667 0.1333333 0
v -7.519999 0.6399996 -9.599998 0.24 0.12 0
v -7.519999 0.7999996 -7.039999 0.1882353 0.09803922 0
v -7.679999 0.7999996 -7.039999 0.1882353 0.09803922 0
v -7.679999 0.7999996 -7.199999 0.1882353 0.09803922 0
v -7.519999 0.7999996 -7.199999 0.1882353 0.09803922 0
v -7.519999 0.6399996 -7.199999 0.1505882 0.07843138 0
v -7.519999 0.7999996 -7.199999 0.1882353 0.09803922 0
v -7.679999 0.7999996 -7.199999 0.1694118 0.0882353 0
v -7.679999 0.6399996 -7.199999 0.1505882 0.07843138 0
v -7.519999 0.6399996 -7.039999 0.1505882 0.07843138 0
v -7.519999 0.7999996 -7.039999 0.1694118 0.0882353 0
v -7.519999 0.7999996 -7.199999 0.1882353 0.09803922 0
v -7.519999 0.6399996 -7.199999 0.1505882 0.07843138 0
v -7.519999 0.7999996 -8.319999 0.1882353 0.09803922 0
v -7.679999 0.7999996 -8.319999 0.1882353 0.09803922 0
v -7.679999 0.7999996 -8.479999 0.1882353 0.09803922 0
v -7.519999 0.7999996 -8.479999 0.1882353 0.09803922 0
v -7.679999 0.6399996 -8.319999 0.1505882 0.07843138 0
v -7.679999 0.7999996 -8.319999 0.1882353 0.09803922 0
v -7.519999 0.7999996 -8.319999 0.1694118 0.0882353 0
v -7.519999 0.6399996 -8.319999 0.1505882 0.07843138 0
v -7.679999 0.6399996 -8.479999 0.1505882 0.07843138 0
v -7.679999 0.7999996 -8.479999 0.1694118 0.0882353 0
v -7.679999 0.7999996 -8.319999 0.1882353 0.09803922 0
v -7.679999 0.6399996 -8.319999 0.1505882 0.07843138 0
v -7.519999 0.7999996 -8.479999 0.1882353 0.09803922 0
v -7.679999 0.7999996 -8.479999 0.1882353 0.09803922 0
v -7.679999 0.7999996 -8.639999 0.1882353 0.09803922 0
v -7.519999 0.7999996 -8.639999 0.1882353 0.09803922 0
v -7.519999 0.7999996 -8.639999 0.1882353 0.09803922 0
v -7.679999 0.7999996 -8.639999 0.1882353 0.09803922 0
v -7.679999 0.7999996 -8.799999 0.1882353 0.09803922 0
v -7.519999 0.7999996 -8.799999 0.1882353 0.09803922 0
v -7.519999 0.6399996 -8.799999 0.1505882 0.07843138 0
v -7.519999 0.7999996 -8.799999 0.1882353 0.09803922 0
v -7.679999 0.7999996 -8.799999 0.1694118 0.0882353 0
v -7.679999 0.6399996 -8.799999 0.1505882 0.07843138 0
v -7.519999 0.6399996 -8.639999 0.1505882 0.07843138 0
v -7.519999 0.7999996 -8.639999 0.1694118 0.0882353 0
v -7.519999 0.7999996 -8.799999 0.1882353 0.09803922 0
v -7.519999 0.6399996 -8.799999 0.1505882 0.07843138 0
v -7.679999 -3.576279E-07 -7.199999 0.2666667 0.1333333 0
v -7.839999 -3.576279E-07 -7.199999 0.2666667 0.1333333 0
v -7.839999 -3.576279E-07 -7.039999 0.2666667 0.1333333 0
v -7.679999 -3.576279E-07 -7.039999 0.2666667 0.1333333 0
v -7.679999 -3.576279E-07 -7.359999 0.2666667 0.1333333 0
v -7.839999 -3.576279E-07 -7.359999 0.2666667 0.1333333 0
v -7.839999 -3.576279E-07 -7.199999 0.2666667 0.1333333 0
v -7.679999 -3.576279E-07 -7.199999 0.2666667 0.1333333 0
v -7.679999 -3.576279E-07 -7.519999 0.2666667 0.1333333 0
v -7.839999 -3.576279E-07 -7.519999 0.2666667 0.1333333 0
v -7.839999 -3.576279E-07 -7.359999 0.2666667 0.1333333 0
v -7.679999 -3.576279E-07 -7.359999 0.2666667 0.1333333 0
v -7.679999 -3.576279E-07 -7.679999 0.2666667 0.1333333 0
v -7.839999 -3.576279E-07 -7.679999 0.2666667 0.1333333 0
v -7.839999 -3.576279E-07 -7.519999 0.2666667 0.1333333 0
v -7.679999 -3.576279E-07 -7.519999 0.2666667 0.1333333 0
v -7.679999 -3.576279E-07 -7.839999 0.2666667 0.1333333 0
v -7.839999 -3.576279E-07 -7.839999 0.2666667 0.1333333 0
v -7.839999 -3.576279E-07 -7.679999 0.2666667 0.1333333 0
v -7.679999 -3.576279E-07 -7.679999 0.2666667 0.1333333 0
v -7.679999 -3.576279E-07 -7.999999 0.2666667 0.1333333 0
v -7.839999 -3.576279E-07 -7.999999 0.2666667 0.1333333 0
v -7.839999 -3.576279E-07 -7.839999 0.2666667 0.1333333 0
v -7.679999 -3.576279E-07 -7.839999 0.2666667 0.1333333 0
v -7.679999 -3.576279E-07 -8.159999 0.2666667 0.1333333 0
v -7.839999 -3.576279E-07 -8.159999 0.2666667 0.1333333 0
v -7.839999 -3.576279E-07 -7.999999 0.2666667 0.1333333 0
v -7.679999 -3.576279E-07 -7.999999 0.2666667 0.1333333 0
v -7.679999 -3.576279E-07 -8.319999 0.2666667 0.1333333 0
v -7.839999 -3.576279E-07 -8.319999 0.2666667 0.1333333 0
v -7.839999 -3.576279E-07 -8.159999 0.2666667 0.1333333 0
v -7.679999 -3.576279E-07 -8.159999 0.2666667 0.1333333 0
v -7.679999 -3.576279E-07 -8.479999 0.2666667 0.1333333 0
v -7.839999 -3.576279E-07 -8.479999 0.2666667 0.1333333 0
v -7.839999 -3.576279E-07 -8.319999 0.2666667 0.1333333 0
v -7.679999 -3.576279E-07 -8.319999 0.2666667 0.1333333 0
v -7.679999 -3.576279E-07 -8.639999 0.2666667 0.1333333 0
v -7.839999 -3.576279E-07 -8.639999 0.2666667 0.1333333 0
v -7.839999 -3.576279E-07 -8.479999 0.2666667 0.1333333 0
v -7.679999 -3.576279E-07 -8.479999 0.2666667 0.1333333 0
v -7.679999 -3.576279E-07 -8.799999 0.2666667 0.1333333 0
v -7.839999 -3.576279E-07 -8.799999 0.2666667 0.1333333 0
v -7.839999 -3.576279E-07 -8.639999 0.2666667 0.1333333 0
v -7.679999 -3.576279E-07 -8.639999 0.2666667 0.1333333 0
v -7.679999 -3.576279E-07 -8.959999 0.2666667 0.1333333 0
v -7.839999 -3.576279E-07 -8.959999 0.2666667 0.1333333 0
v -7.839999 -3.576279E-07 -8.799999 0.2666667 0.1333333 0
v -7.679999 -3.576279E-07 -8.799999 0.2666667 0.1333333 0
v -7.679999 -3.576279E-07 -9.119999 0.2666667 0.1333333 0
v -7.839999 -3.576279E-07 -9.119999 0.2666667 0.1333333 0
v -7.839999 -3.576279E-07 -8.959999 0.2666667 0.1333333 0
v -7.679999 -3.576279E-07 -8.959999 0.2666667 0.1333333 0
v -7.679999 -3.576279E-07 -9.279999 0.2666667 0.1333333 0
v -7.839999 -3.576279E-07 -9.279999 0.2666667 0.1333333 0
v -7.839999 -3.576279E-07 -9.119999 0.2666667 0.1333333 0
v -7.679999 -3.576279E-07 -9.119999 0.2666667 0.1333333 0
v -7.679999 -3.576279E-07 -9.439999 0.2666667 0.1333333 0
v -7.839999 -3.576279E-07 -9.439999 0.2666667 0.1333333 0
v -7.839999 -3.576279E-07 -9.279999 0.2666667 0.1333333 0
v -7.679999 -3.576279E-07 -9.279999 0.2666667 0.1333333 0
v -7.679999 -3.576279E-07 -9.599998 0.2666667 0.1333333 0
v -7.839999 -3.576279E-07 -9.599998 0.2666667 0.1333333 0
v -7.839999 -3.576279E-07 -9.439999 0.2666667 0.1333333 0
v -7.679999 -3.576279E-07 -9.439999 0.2666667 0.1333333 0
v -7.679999 0.6399996 -7.359999 0.24 0.12 0
v -7.839999 0.6399996 -7.359999 0.2133334 0.1066667 0
v -7.839999 0.6399996 -7.519999 0.24 0.12 0
v -7.679999 0.6399996 -7.519999 0.2666667 0.1333333 0
v -7.679999 0.6399996 -7.519999 0.2666667 0.1333333 0
v -7.839999 0.6399996 -7.519999 0.24 0.12 0
v -7.839999 0.6399996 -7.679999 0.2666667 0.1333333 0
v -7.679999 0.6399996 -7.679999 0.2666667 0.1333333 0
v -7.679999 0.6399996 -7.679999 0.2666667 0.1333333 0
v -7.839999 0.6399996 -7.679999 0.2666667 0.1333333 0
v -7.839999 0.6399996 -7.839999 0.2666667 0.1333333 0
v -7.679999 0.6399996 -7.839999 0.2666667 0.1333333 0
v -7.679999 0.6399996 -7.839999 0.2666667 0.1333333 0
v -7.839999 0.6399996 -7.839999 0.2666667 0.1333333 0
v -7.839999 0.6399996 -7.999999 0.2666667 0.1333333 0
v -7.679999 0.6399996 -7.999999 0.2666667 0.1333333 0
v -7.679999 0.6399996 -7.999999 0.2666667 0.1333333 0
v -7.839999 0.6399996 -7.999999 0.2666667 0.1333333 0
v -7.839999 0.6399996 -8.159999 0.2666667 0.1333333 0
v -7.679999 0.6399996 -8.159999 0.2666667 0.1333333 0
v -7.679999 0.6399996 -8.159999 0.2666667 0.1333333 0
v -7.839999 0.6399996 -8.159999 0.2666667 0.1333333 0
v -7.839999 0.6399996 -8.319999 0.2666667 0.1333333 0
v -7.679999 0.6399996 -8.319999 0.24 0.12 0
v -7.679999 0.6399996 -8.319999 0.24 0.12 0
v -7.839999 0.6399996 -8.319999 0.2666667 0.1333333 0
v -7.839999 0.6399996 -8.479999 0.24 0.12 0
v -7.679999 0.6399996 -8.479999 0.2133334 0.1066667 0
v -7.679999 0.6399996 -8.959999 0.24 0.12 0
v -7.839999 0.6399996 -8.959999 0.2133334 0.1066667 0
v -7.839999 0.6399996 -9.119999 0.24 0.12 0
v -7.679999 0.6399996 -9.119999 0.2666667 0.1333333 0
v -7.679999 0.6399996 -9.119999 0.2666667 0.1333333 0
v -7.839999 0.6399996 -9.119999 0.24 0.12 0
v -7.839999 0.6399996 -9.279999 0.2666667 0.1333333 0
v -7.679999 0.6399996 -9.279999 0.2666667 0.1333333 0
v -7.679999 0.6399996 -9.279999 0.2666667 0.1333333 0
v -7.839999 0.6399996 -9.279999 0.2666667 0.1333333 0
v -7.839999 0.6399996 -9.439999 0.2666667 0.1333333 0
v -7.679999 0.6399996 -9.439999 0.2666667 0.1333333 0
v -7.679999 0.6399996 -9.439999 0.2666667 0.1333333 0
v -7.839999 0.6399996 -9.439999 0.2666667 0.1333333 0
v -7.839999 0.6399996 -9.599998 0.2666667 0.1333333 0
v -7.679999 0.6399996 -9.599998 0.2666667 0.1333333 0
v -7.679999 0.7999996 -7.039999 0.1882353 0.09803922 0
v -7.839999 0.7999996 -7.039999 0.1882353 0.09803922 0
v -7.839999 0.7999996 -7.199999 0.1882353 0.09803922 0
v -7.679999 0.7999996 -7.199999 0.1882353 0.09803922 0
v -7.679999 0.7999996 -7.199999 0.1882353 0.09803922 0
v -7.839999 0.7999996 -7.199999 0.1882353 0.09803922 0
v -7.839999 0.7999996 -7.359999 0.1882353 0.09803922 0
v -7.679999 0.7999996 -7.359999 0.1882353 0.09803922 0
v -7.679999 0.6399996 -7.359999 0.1505882 0.07843138 0
v -7.679999 0.7999996 -7.359999 0.1882353 0.09803922 0
v -7.839999 0.7999996 -7.359999 0.1694118 0.0882353 0
v -7.839999 0.6399996 -7.359999 0.1505882 0.07843138 0
v -7.679999 0.6399996 -7.199999 0.1505882 0.07843138 0
v -7.679999 0.7999996 -7.199999 0.1694118 0.0882353 0
v -7.679999 0.7999996 -7.359999 0.1882353 0.09803922 0
v -7.679999 0.6399996 -7.359999 0.1505882 0.07843138 0
v -7.679999 0.7999996 -8.479999 0.1882353 0.09803922 0
v -7.839999 0.7999996 -8.479999 0.1882353 0.09803922 0
v -7.839999 0.7999996 -8.639999 0.1882353 0.09803922 0
v -7.679999 0.7999996 -8.639999 0.1882353 0.09803922 0
v -7.839999 0.6399996 -8.479999 0.1505882 0.07843138 0
v -7.839999 0.7999996 -8.479999 0.1882353 0.09803922 0
v -7.679999 0.7999996 -8.479999 0.1694118 0.0882353 0
v -7.679999 0.6399996 -8.479999 0.1505882 0.07843138 0
v -7.839999 0.6399996 -8.639999 0.1505882 0.07843138 0
v -7.839999 0.7999996 -8.639999 0.1694118 0.0882353 0
v -7.839999 0.7999996 -8.479999 0.1882353 0.09803922 0
v -7.839999 0.6399996 -8.479999 0.1505882 0.07843138 0
v -7.679999 0.7999996 -8.639999 0.1882353 0.09803922 0
v -7.839999 0.7999996 -8.639999 0.1882353 0.09803922 0
v -7.839999 0.7999996 -8.799999 0.1882353 0.09803922 0
v -7.679999 0.7999996 -8.799999 0.1882353 0.09803922 0
v -7.679999 0.7999996 -8.799999 0.1882353 0.09803922 0
v -7.839999 0.7999996 -8.799999 0.1882353 0.09803922 0
v -7.839999 0.7999996 -8.959999 0.1882353 0.09803922 0
v -7.679999 0.7999996 -8.959999 0.1882353 0.09803922 0
v -7.679999 0.6399996 -8.959999 0.1505882 0.07843138 0
v -7.679999 0.7999996 -8.959999 0.1882353 0.09803922 0
v -7.839999 0.7999996 -8.959999 0.1694118 0.0882353 0
v -7.839999 0.6399996 -8.959999 0.1505882 0.07843138 0
v -7.679999 0.6399996 -8.799999 0.1505882 0.07843138 0
v -7.679999 0.7999996 -8.799999 0.1694118 0.0882353 0
v -7.679999 0.7999996 -8.959999 0.1882353 0.09803922 0
v -7.679999 0.6399996 -8.959999 0.1505882 0.07843138 0
v -7.839999 -3.576279E-07 -7.199999 0.2666667 0.1333333 0
v -7.999999 -3.576279E-07 -7.199999 0.2666667 0.1333333 0
v -7.999999 -3.576279E-07 -7.039999 0.2666667 0.1333333 0
v -7.839999 -3.576279E-07 -7.039999 0.2666667 0.1333333 0
v -7.839999 -3.576279E-07 -7.359999 0.2666667 0.1333333 0
v -7.999999 -3.576279E-07 -7.359999 0.2666667 0.1333333 0
v -7.999999 -3.576279E-07 -7.199999 0.2666667 0.1333333 0
v -7.839999 -3.576279E-07 -7.199999 0.2666667 0.1333333 0
v -7.839999 -3.576279E-07 -7.519999 0.2666667 0.1333333 0
v -7.999999 -3.576279E-07 -7.519999 0.2666667 0.1333333 0
v -7.999999 -3.576279E-07 -7.359999 0.2666667 0.1333333 0
v -7.839999 -3.576279E-07 -7.359999 0.2666667 0.1333333 0
v -7.839999 -3.576279E-07 -7.679999 0.2666667 0.1333333 0
v -7.999999 -3.576279E-07 -7.679999 0.2666667 0.1333333 0
v -7.999999 -3.576279E-07 -7.519999 0.2666667 0.1333333 0
v -7.839999 -3.576279E-07 -7.519999 0.2666667 0.1333333 0
v -7.839999 -3.576279E-07 -7.839999 0.2666667 0.1333333 0
v -7.999999 -3.576279E-07 -7.839999 0.2666667 0.1333333 0
v -7.999999 -3.576279E-07 -7.679999 0.2666667 0.1333333 0
v -7.839999 -3.576279E-07 -7.679999 0.2666667 0.1333333 0
v -7.839999 -3.576279E-07 -7.999999 0.2666667 0.1333333 0
v -7.999999 -3.576279E-07 -7.999999 0.2666667 0.1333333 0
v -7.999999 -3.576279E-07 -7.839999 0.2666667 0.1333333 0
v -7.839999 -3.576279E-07 -7.839999 0.2666667 0.1333333 0
v -7.839999 -3.576279E-07 -8.159999 0.2666667 0.1333333 0
v -7.999999 -3.576279E-07 -8.159999 0.2666667 0.1333333 0
v -7.999999 -3.576279E-07 -7.999999 0.2666667 0.1333333 0
v -7.839999 -3.576279E-07 -7.999999 0.2666667 0.1333333 0
v -7.839999 -3.576279E-07 -8.319999 0.2666667 0.1333333 0
v -7.999999 -3.576279E-07 -8.319999 0.2666667 0.1333333 0
v -7.999999 -3.576279E-07 -8.159999 0.2666667 0.1333333 0
v -7.839999 -3.576279E-07 -8.159999 0.2666667 0.1333333 0
v -7.839999 -3.576279E-07 -8.479999 0.2666667 0.1333333 0
v -7.999999 -3.576279E-07 -8.479999 0.2666667 0.1333333 0
v -7.999999 -3.576279E-07 -8.319999 0.2666667 0.1333333 0
v -7.839999 -3.576279E-07 -8.319999 0.2666667 0.1333333 0
v -7.839999 -3.576279E-07 -8.639999 0.2666667 0.1333333 0
v -7.999999 -3.576279E-07 -8.639999 0.2666667 0.1333333 0
v -7.999999 -3.576279E-07 -8.479999 0.2666667 0.1333333 0
v -7.839999 -3.576279E-07 -8.479999 0.2666667 0.1333333 0
v -7.839999 -3.576279E-07 -8.799999 0.2666667 0.1333333 0
v -7.999999 -3.576279E-07 -8.799999 0.2666667 0.1333333 0
v -7.999999 -3.576279E-07 -8.639999 0.2666667 0.1333333 0
v -7.839999 -3.576279E-07 -8.639999 0.2666667 0.1333333 0
v -7.839999 -3.576279E-07 -8.959999 0.2666667 0.1333333 0
v -7.999999 -3.576279E-07 -8.959999 0.2666667 0.1333333 0
v -7.999999 -3.576279E-07 -8.799999 0.2666667 0.1333333 0
v -7.839999 -3.576279E-07 -8.799999 0.2666667 0.1333333 0
v -7.839999 -3.576279E-07 -9.119999 0.2666667 0.1333333 0
v -7.999999 -3.576279E-07 -9.119999 0.2666667 0.1333333 0
v -7.999999 -3.576279E-07 -8.959999 0.2666667 0.1333333 0
v -7.839999 -3.576279E-07 -8.959999 0.2666667 0.1333333 0
v -7.839999 -3.576279E-07 -9.279999 0.2666667 0.1333333 0
v -7.999999 -3.576279E-07 -9.279999 0.2666667 0.1333333 0
v -7.999999 -3.576279E-07 -9.119999 0.2666667 0.1333333 0
v -7.839999 -3.576279E-07 -9.119999 0.2666667 0.1333333 0
v -7.839999 -3.576279E-07 -9.439999 0.2666667 0.1333333 0
v -7.999999 -3.576279E-07 -9.439999 0.2666667 0.1333333 0
v -7.999999 -3.576279E-07 -9.279999 0.2666667 0.1333333 0
v -7.839999 -3.576279E-07 -9.279999 0.2666667 0.1333333 0
v -7.839999 -3.576279E-07 -9.599998 0.2666667 0.1333333 0
v -7.999999 -3.576279E-07 -9.599998 0.2666667 0.1333333 0
v -7.999999 -3.576279E-07 -9.439999 0.2666667 0.1333333 0
v -7.839999 -3.576279E-07 -9.439999 0.2666667 0.1333333 0
v -7.839999 0.6399996 -7.519999 0.24 0.12 0
v -7.999999 0.6399996 -7.519999 0.2133334 0.1066667 0
v -7.999999 0.6399996 -7.679999 0.24 0.12 0
v -7.839999 0.6399996 -7.679999 0.2666667 0.1333333 0
v -7.839999 0.6399996 -7.679999 0.2666667 0.1333333 0
v -7.999999 0.6399996 -7.679999 0.24 0.12 0
v -7.999999 0.6399996 -7.839999 0.2666667 0.1333333 0
v -7.839999 0.6399996 -7.839999 0.2666667 0.1333333 0
v -7.839999 0.6399996 -7.839999 0.2666667 0.1333333 0
v -7.999999 0.6399996 -7.839999 0.2666667 0.1333333 0
v -7.999999 0.6399996 -7.999999 0.2666667 0.1333333 0
v -7.839999 0.6399996 -7.999999 0.2666667 0.1333333 0
v -7.839999 0.6399996 -7.999999 0.2666667 0.1333333 0
v -7.999999 0.6399996 -7.999999 0.2666667 0.1333333 0
v -7.999999 0.6399996 -8.159999 0.2666667 0.1333333 0
v -7.839999 0.6399996 -8.159999 0.2666667 0.1333333 0
v -7.839999 0.6399996 -8.159999 0.2666667 0.1333333 0
v -7.999999 0.6399996 -8.159999 0.2666667 0.1333333 0
v -7.999999 0.6399996 -8.319999 0.2666667 0.1333333 0
v -7.839999 0.6399996 -8.319999 0.2666667 0.1333333 0
v -7.839999 0.6399996 -8.319999 0.2666667 0.1333333 0
v -7.999999 0.6399996 -8.319999 0.2666667 0.1333333 0
v -7.999999 0.6399996 -8.479999 0.2666667 0.1333333 0
v -7.839999 0.6399996 -8.479999 0.24 0.12 0
v -7.839999 0.6399996 -8.479999 0.24 0.12 0
v -7.999999 0.6399996 -8.479999 0.2666667 0.1333333 0
v -7.999999 0.6399996 -8.639999 0.24 0.12 0
v -7.839999 0.6399996 -8.639999 0.2133334 0.1066667 0
v -7.839999 0.6399996 -9.119999 0.24 0.12 0
v -7.999999 0.6399996 -9.119999 0.2133334 0.1066667 0
v -7.999999 0.6399996 -9.279999 0.24 0.12 0
v -7.839999 0.6399996 -9.279999 0.2666667 0.1333333 0
v -7.839999 0.6399996 -9.279999 0.2666667 0.1333333 0
v -7.999999 0.6399996 -9.279999 0.24 0.12 0
v -7.999999 0.6399996 -9.439999 0.2666667 0.1333333 0
v -7.839999 0.6399996 -9.439999 0.2666667 0.1333333 0
v -7.839999 0.6399996 -9.439999 0.2666667 0.1333333 0
v -7.999999 0.6399996 -9.439999 0.2666667 0.1333333 0
v -7.999999 0.6399996 -9.599998 0.2666667 0.1333333 0
v -7.839999 0.6399996 -9.599998 0.2666667 0.1333333 0
v -7.839999 0.7999996 -7.039999 0.1882353 0.09803922 0
v -7.999999 0.7999996 -7.039999 0.1882353 0.09803922 0
v -7.999999 0.7999996 -7.199999 0.1882353 0.09803922 0
v -7.839999 0.7999996 -7.199999 0.1882353 0.09803922 0
v -7.999999 0.6399996 -7.039999 0.1505882 0.07843138 0
v -7.999999 0.7999996 -7.039999 0.1882353 0.09803922 0
v -7.839999 0.7999996 -7.039999 0.1694118 0.0882353 0
v -7.839999 0.6399996 -7.039999 0.1505882 0.07843138 0
v -7.999999 0.6399996 -7.199999 0.1505882 0.07843138 0
v -7.999999 0.7999996 -7.199999 0.1694118 0.0882353 0
v -7.999999 0.7999996 -7.039999 0.1882353 0.09803922 0
v -7.999999 0.6399996 -7.039999 0.1505882 0.07843138 0
v -7.839999 0.7999996 -7.199999 0.1882353 0.09803922 0
v -7.999999 0.7999996 -7.199999 0.1882353 0.09803922 0
v -7.999999 0.7999996 -7.359999 0.1882353 0.09803922 0
v -7.839999 0.7999996 -7.359999 0.1882353 0.09803922 0
v -7.839999 0.7999996 -7.359999 0.1882353 0.09803922 0
v -7.999999 0.7999996 -7.359999 0.1882353 0.09803922 0
v -7.999999 0.7999996 -7.519999 0.1882353 0.09803922 0
v -7.839999 0.7999996 -7.519999 0.1882353 0.09803922 0
v -7.839999 0.6399996 -7.519999 0.1505882 0.07843138 0
v -7.839999 0.7999996 -7.519999 0.1882353 0.09803922 0
v -7.999999 0.7999996 -7.519999 0.1694118 0.0882353 0
v -7.999999 0.6399996 -7.519999 0.1505882 0.07843138 0
v -7.839999 0.6399996 -7.359999 0.1505882 0.07843138 0
v -7.839999 0.7999996 -7.359999 0.1694118 0.0882353 0
v -7.839999 0.7999996 -7.519999 0.1882353 0.09803922 0
v -7.839999 0.6399996 -7.519999 0.1505882 0.07843138 0
v -7.839999 0.7999996 -8.639999 0.1882353 0.09803922 0
v -7.999999 0.7999996 -8.639999 0.1882353 0.09803922 0
v -7.999999 0.7999996 -8.799999 0.1882353 0.09803922 0
v -7.839999 0.7999996 -8.799999 0.1882353 0.09803922 0
v -7.999999 0.6399996 -8.639999 0.1505882 0.07843138 0
v -7.999999 0.7999996 -8.639999 0.1882353 0.09803922 0
v -7.839999 0.7999996 -8.639999 0.1694118 0.0882353 0
v -7.839999 0.6399996 -8.639999 0.1505882 0.07843138 0
v -7.999999 0.6399996 -8.799999 0.1505882 0.07843138 0
v -7.999999 0.7999996 -8.799999 0.1694118 0.0882353 0
v -7.999999 0.7999996 -8.639999 0.1882353 0.09803922 0
v -7.999999 0.6399996 -8.639999 0.1505882 0.07843138 0
v -7.839999 0.7999996 -8.799999 0.1882353 0.09803922 0
v -7.999999 0.7999996 -8.799999 0.1882353 0.09803922 0
v -7.999999 0.7999996 -8.959999 0.1882353 0.09803922 0
v -7.839999 0.7999996 -8.959999 0.1882353 0.09803922 0
v -7.839999 0.7999996 -8.959999 0.1882353 0.09803922 0
v -7.999999 0.7999996 -8.959999 0.1882353 0.09803922 0
v -7.999999 0.7999996 -9.119999 0.1882353 0.09803922 0
v -7.839999 0.7999996 -9.119999 0.1882353 0.09803922 0
v -7.839999 0.6399996 -9.119999 0.1505882 0.07843138 0
v -7.839999 0.7999996 -9.119999 0.1882353 0.09803922 0
v -7.999999 0.7999996 -9.119999 0.1694118 0.0882353 0
v -7.999999 0.6399996 -9.119999 0.1505882 0.07843138 0
v -7.839999 0.6399996 -8.959999 0.1505882 0.07843138 0
v -7.839999 0.7999996 -8.959999 0.1694118 0.0882353 0
v -7.839999 0.7999996 -9.119999 0.1882353 0.09803922 0
v -7.839999 0.6399996 -9.119999 0.1505882 0.07843138 0
v -7.999999 -3.576279E-07 -7.199999 0.2666667 0.1333333 0
v -8.159999 -3.576279E-07 -7.199999 0.2666667 0.1333333 0
v -8.159999 -3.576279E-07 -7.039999 0.2666667 0.1333333 0
v -7.999999 -3.576279E-07 -7.039999 0.2666667 0.1333333 0
v -7.999999 -3.576279E-07 -7.359999 0.2666667 0.1333333 0
v -8.159999 -3.576279E-07 -7.359999 0.2666667 0.1333333 0
v -8.159999 -3.576279E-07 -7.199999 0.2666667 0.1333333 0
v -7.999999 -3.576279E-07 -7.199999 0.2666667 0.1333333 0
v -7.999999 -3.576279E-07 -7.519999 0.2666667 0.1333333 0
v -8.159999 -3.576279E-07 -7.519999 0.2666667 0.1333333 0
v -8.159999 -3.576279E-07 -7.359999 0.2666667 0.1333333 0
v -7.999999 -3.576279E-07 -7.359999 0.2666667 0.1333333 0
v -7.999999 -3.576279E-07 -7.679999 0.2666667 0.1333333 0
v -8.159999 -3.576279E-07 -7.679999 0.2666667 0.1333333 0
v -8.159999 -3.576279E-07 -7.519999 0.2666667 0.1333333 0
v -7.999999 -3.576279E-07 -7.519999 0.2666667 0.1333333 0
v -7.999999 -3.576279E-07 -7.839999 0.2666667 0.1333333 0
v -8.159999 -3.576279E-07 -7.839999 0.2666667 0.1333333 0
v -8.159999 -3.576279E-07 -7.679999 0.2666667 0.1333333 0
v -7.999999 -3.576279E-07 -7.679999 0.2666667 0.1333333 0
v -7.999999 -3.576279E-07 -7.999999 0.2666667 0.1333333 0
v -8.159999 -3.576279E-07 -7.999999 0.2666667 0.1333333 0
v -8.159999 -3.576279E-07 -7.839999 0.2666667 0.1333333 0
v -7.999999 -3.576279E-07 -7.839999 0.2666667 0.1333333 0
v -7.999999 -3.576279E-07 -8.159999 0.2666667 0.1333333 0
v -8.159999 -3.576279E-07 -8.159999 0.2666667 0.1333333 0
v -8.159999 -3.576279E-07 -7.999999 0.2666667 0.1333333 0
v -7.999999 -3.576279E-07 -7.999999 0.2666667 0.1333333 0
v -7.999999 -3.576279E-07 -8.319999 0.2666667 0.1333333 0
v -8.159999 -3.576279E-07 -8.319999 0.2666667 0.1333333 0
v -8.159999 -3.576279E-07 -8.159999 0.2666667 0.1333333 0
v -7.999999 -3.576279E-07 -8.159999 0.2666667 0.1333333 0
v -7.999999 -3.576279E-07 -8.479999 0.2666667 0.1333333 0
v -8.159999 -3.576279E-07 -8.479999 0.2666667 0.1333333 0
v -8.159999 -3.576279E-07 -8.319999 0.2666667 0.1333333 0
v -7.999999 -3.576279E-07 -8.319999 0.2666667 0.1333333 0
v -7.999999 -3.576279E-07 -8.639999 0.2666667 0.1333333 0
v -8.159999 -3.576279E-07 -8.639999 0.2666667 0.1333333 0
v -8.159999 -3.576279E-07 -8.479999 0.2666667 0.1333333 0
v -7.999999 -3.576279E-07 -8.479999 0.2666667 0.1333333 0
v -7.999999 -3.576279E-07 -8.799999 0.2666667 0.1333333 0
v -8.159999 -3.576279E-07 -8.799999 0.2666667 0.1333333 0
v -8.159999 -3.576279E-07 -8.639999 0.2666667 0.1333333 0
v -7.999999 -3.576279E-07 -8.639999 0.2666667 0.1333333 0
v -7.999999 -3.576279E-07 -8.959999 0.2666667 0.1333333 0
v -8.159999 -3.576279E-07 -8.959999 0.2666667 0.1333333 0
v -8.159999 -3.576279E-07 -8.799999 0.2666667 0.1333333 0
v -7.999999 -3.576279E-07 -8.799999 0.2666667 0.1333333 0
v -7.999999 -3.576279E-07 -9.119999 0.2666667 0.1333333 0
v -8.159999 -3.576279E-07 -9.119999 0.2666667 0.1333333 0
v -8.159999 -3.576279E-07 -8.959999 0.2666667 0.1333333 0
v -7.999999 -3.576279E-07 -8.959999 0.2666667 0.1333333 0
v -7.999999 -3.576279E-07 -9.279999 0.2666667 0.1333333 0
v -8.159999 -3.576279E-07 -9.279999 0.2666667 0.1333333 0
v -8.159999 -3.576279E-07 -9.119999 0.2666667 0.1333333 0
v -7.999999 -3.576279E-07 -9.119999 0.2666667 0.1333333 0
v -7.999999 -3.576279E-07 -9.439999 0.2666667 0.1333333 0
v -8.159999 -3.576279E-07 -9.439999 0.2666667 0.1333333 0
v -8.159999 -3.576279E-07 -9.279999 0.2666667 0.1333333 0
v -7.999999 -3.576279E-07 -9.279999 0.2666667 0.1333333 0
v -7.999999 -3.576279E-07 -9.599998 0.2666667 0.1333333 0
v -8.159999 -3.576279E-07 -9.599998 0.2666667 0.1333333 0
v -8.159999 -3.576279E-07 -9.439999 0.2666667 0.1333333 0
v -7.999999 -3.576279E-07 -9.439999 0.2666667 0.1333333 0
v -7.999999 0.6399996 -7.039999 0.24 0.12 0
v -8.159999 0.6399996 -7.039999 0.2666667 0.1333333 0
v -8.159999 0.6399996 -7.199999 0.24 0.12 0
v -7.999999 0.6399996 -7.199999 0.2133334 0.1066667 0
v -7.999999 0.6399996 -7.679999 0.24 0.12 0
v -8.159999 0.6399996 -7.679999 0.2133334 0.1066667 0
v -8.159999 0.6399996 -7.839999 0.24 0.12 0
v -7.999999 0.6399996 -7.839999 0.2666667 0.1333333 0
v -7.999999 0.6399996 -7.839999 0.2666667 0.1333333 0
v -8.159999 0.6399996 -7.839999 0.24 0.12 0
v -8.159999 0.6399996 -7.999999 0.2666667 0.1333333 0
v -7.999999 0.6399996 -7.999999 0.2666667 0.1333333 0
v -7.999999 0.6399996 -7.999999 0.2666667 0.1333333 0
v -8.159999 0.6399996 -7.999999 0.2666667 0.1333333 0
v -8.159999 0.6399996 -8.159999 0.2666667 0.1333333 0
v -7.999999 0.6399996 -8.159999 0.2666667 0.1333333 0
v -7.999999 0.6399996 -8.159999 0.2666667 0.1333333 0
v -8.159999 0.6399996 -8.159999 0.2666667 0.1333333 0
v -8.159999 0.6399996 -8.319999 0.2666667 0.1333333 0
v -7.999999 0.6399996 -8.319999 0.2666667 0.1333333 0
v -7.999999 0.6399996 -8.319999 0.2666667 0.1333333 0
v -8.159999 0.6399996 -8.319999 0.2666667 0.1333333 0
v -8.159999 0.6399996 -8.479999 0.2666667 0.1333333 0
v -7.999999 0.6399996 -8.479999 0.2666667 0.1333333 0
v -7.999999 0.6399996 -8.479999 0.2666667 0.1333333 0
v -8.159999 0.6399996 -8.479999 0.2666667 0.1333333 0
v -8.159999 0.6399996 -8.639999 0.2666667 0.1333333 0
v -7.999999 0.6399996 -8.639999 0.24 0.12 0
v -7.999999 0.6399996 -8.639999 0.24 0.12 0
v -8.159999 0.6399996 -8.639999 0.2666667 0.1333333 0
v -8.159999 0.6399996 -8.799999 0.24 0.12 0
v -7.999999 0.6399996 -8.799999 0.2133334 0.1066667 0
v -7.999999 0.6399996 -9.279999 0.24 0.12 0
v -8.159999 0.6399996 -9.279999 0.2133334 0.1066667 0
v -8.159999 0.6399996 -9.439999 0.24 0.12 0
v -7.999999 0.6399996 -9.439999 0.2666667 0.1333333 0
v -7.999999 0.6399996 -9.439999 0.2666667 0.1333333 0
v -8.159999 0.6399996 -9.439999 0.24 0.12 0
v -8.159999 0.6399996 -9.599998 0.2666667 0.1333333 0
v -7.999999 0.6399996 -9.599998 0.2666667 0.1333333 0
v -7.999999 0.7999996 -7.199999 0.1882353 0.09803922 0
v -8.159999 0.7999996 -7.199999 0.1882353 0.09803922 0
v -8.159999 0.7999996 -7.359999 0.1882353 0.09803922 0
v -7.999999 0.7999996 -7.359999 0.1882353 0.09803922 0
v -8.159999 0.6399996 -7.199999 0.1505882 0.07843138 0
v -8.159999 0.7999996 -7.199999 0.1882353 0.09803922 0
v -7.999999 0.7999996 -7.199999 0.1694118 0.0882353 0
v -7.999999 0.6399996 -7.199999 0.1505882 0.07843138 0
v -8.159999 0.6399996 -7.359999 0.1505882 0.07843138 0
v -8.159999 0.7999996 -7.359999 0.1694118 0.0882353 0
v -8.159999 0.7999996 -7.199999 0.1882353 0.09803922 0
v -8.159999 0.6399996 -7.199999 0.1505882 0.07843138 0
v -7.999999 0.7999996 -7.359999 0.1882353 0.09803922 0
v -8.159999 0.7999996 -7.359999 0.1882353 0.09803922 0
v -8.159999 0.7999996 -7.519999 0.1882353 0.09803922 0
v -7.999999 0.7999996 -7.519999 0.1882353 0.09803922 0
v -7.999999 0.7999996 -7.519999 0.1882353 0.09803922 0
v -8.159999 0.7999996 -7.519999 0.1882353 0.09803922 0
v -8.159999 0.7999996 -7.679999 0.1882353 0.09803922 0
v -7.999999 0.7999996 -7.679999 0.1882353 0.09803922 0
v -7.999999 0.6399996 -7.679999 0.1505882 0.07843138 0
v -7.999999 0.7999996 -7.679999 0.1882353 0.09803922 0
v -8.159999 0.7999996 -7.679999 0.1694118 0.0882353 0
v -8.159999 0.6399996 -7.679999 0.1505882 0.07843138 0
v -7.999999 0.6399996 -7.519999 0.1505882 0.07843138 0
v -7.999999 0.7999996 -7.519999 0.1694118 0.0882353 0
v -7.999999 0.7999996 -7.679999 0.1882353 0.09803922 0
v -7.999999 0.6399996 -7.679999 0.1505882 0.07843138 0
v -7.999999 0.7999996 -8.799999 0.1882353 0.09803922 0
v -8.159999 0.7999996 -8.799999 0.1882353 0.09803922 0
v -8.159999 0.7999996 -8.959999 0.1882353 0.09803922 0
v -7.999999 0.7999996 -8.959999 0.1882353 0.09803922 0
v -8.159999 0.6399996 -8.799999 0.1505882 0.07843138 0
v -8.159999 0.7999996 -8.799999 0.1882353 0.09803922 0
v -7.999999 0.7999996 -8.799999 0.1694118 0.0882353 0
v -7.999999 0.6399996 -8.799999 0.1505882 0.07843138 0
v -8.159999 0.6399996 -8.959999 0.1505882 0.07843138 0
v -8.159999 0.7999996 -8.959999 0.1694118 0.0882353 0
v -8.159999 0.7999996 -8.799999 0.1882353 0.09803922 0
v -8.159999 0.6399996 -8.799999 0.1505882 0.07843138 0
v -7.999999 0.7999996 -8.959999 0.1882353 0.09803922 0
v -8.159999 0.7999996 -8.959999 0.1882353 0.09803922 0
v -8.159999 0.7999996 -9.119999 0.1882353 0.09803922 0
v -7.999999 0.7999996 -9.119999 0.1882353 0.09803922 0
v -7.999999 0.7999996 -9.119999 0.1882353 0.09803922 0
v -8.159999 0.7999996 -9.119999 0.1882353 0.09803922 0
v -8.159999 0.7999996 -9.279999 0.1882353 0.09803922 0
v -7.999999 0.7999996 -9.279999 0.1882353 0.09803922 0
v -7.999999 0.6399996 -9.279999 0.1505882 0.07843138 0
v -7.999999 0.7999996 -9.279999 0.1882353 0.09803922 0
v -8.159999 0.7999996 -9.279999 0.1694118 0.0882353 0
v -8.159999 0.6399996 -9.279999 0.1505882 0.07843138 0
v -7.999999 0.6399996 -9.119999 0.1505882 0.07843138 0
v -7.999999 0.7999996 -9.119999 0.1694118 0.0882353 0
v -7.999999 0.7999996 -9.279999 0.1882353 0.09803922 0
v -7.999999 0.6399996 -9.279999 0.1505882 0.07843138 0
v -8.159999 -3.576279E-07 -7.199999 0.2666667 0.1333333 0
v -8.319999 -3.576279E-07 -7.199999 0.2666667 0.1333333 0
v -8.319999 -3.576279E-07 -7.039999 0.2666667 0.1333333 0
v -8.159999 -3.576279E-07 -7.039999 0.2666667 0.1333333 0
v -8.159999 -3.576279E-07 -7.359999 0.2666667 0.1333333 0
v -8.319999 -3.576279E-07 -7.359999 0.2666667 0.1333333 0
v -8.319999 -3.576279E-07 -7.199999 0.2666667 0.1333333 0
v -8.159999 -3.576279E-07 -7.199999 0.2666667 0.1333333 0
v -8.159999 -3.576279E-07 -7.519999 0.2666667 0.1333333 0
v -8.319999 -3.576279E-07 -7.519999 0.2666667 0.1333333 0
v -8.319999 -3.576279E-07 -7.359999 0.2666667 0.1333333 0
v -8.159999 -3.576279E-07 -7.359999 0.2666667 0.1333333 0
v -8.159999 -3.576279E-07 -7.679999 0.2666667 0.1333333 0
v -8.319999 -3.576279E-07 -7.679999 0.2666667 0.1333333 0
v -8.319999 -3.576279E-07 -7.519999 0.2666667 0.1333333 0
v -8.159999 -3.576279E-07 -7.519999 0.2666667 0.1333333 0
v -8.159999 -3.576279E-07 -7.839999 0.2666667 0.1333333 0
v -8.319999 -3.576279E-07 -7.839999 0.2666667 0.1333333 0
v -8.319999 -3.576279E-07 -7.679999 0.2666667 0.1333333 0
v -8.159999 -3.576279E-07 -7.679999 0.2666667 0.1333333 0
v -8.159999 -3.576279E-07 -7.999999 0.2666667 0.1333333 0
v -8.319999 -3.576279E-07 -7.999999 0.2666667 0.1333333 0
v -8.319999 -3.576279E-07 -7.839999 0.2666667 0.1333333 0
v -8.159999 -3.576279E-07 -7.839999 0.2666667 0.1333333 0
v -8.159999 -3.576279E-07 -8.159999 0.2666667 0.1333333 0
v -8.319999 -3.576279E-07 -8.159999 0.2666667 0.1333333 0
v -8.319999 -3.576279E-07 -7.999999 0.2666667 0.1333333 0
v -8.159999 -3.576279E-07 -7.999999 0.2666667 0.1333333 0
v -8.159999 -3.576279E-07 -8.319999 0.2666667 0.1333333 0
v -8.319999 -3.576279E-07 -8.319999 0.2666667 0.1333333 0
v -8.319999 -3.576279E-07 -8.159999 0.2666667 0.1333333 0
v -8.159999 -3.576279E-07 -8.159999 0.2666667 0.1333333 0
v -8.159999 -3.576279E-07 -8.479999 0.2666667 0.1333333 0
v -8.319999 -3.576279E-07 -8.479999 0.2666667 0.1333333 0
v -8.319999 -3.576279E-07 -8.319999 0.2666667 0.1333333 0
v -8.159999 -3.576279E-07 -8.319999 0.2666667 0.1333333 0
v -8.159999 -3.576279E-07 -8.639999 0.2666667 0.1333333 0
v -8.319999 -3.576279E-07 -8.639999 0.2666667 0.1333333 0
v -8.319999 -3.576279E-07 -8.479999 0.2666667 0.1333333 0
v -8.159999 -3.576279E-07 -8.479999 0.2666667 0.1333333 0
v -8.159999 -3.576279E-07 -8.799999 0.2666667 0.1333333 0
v -8.319999 -3.576279E-07 -8.799999 0.2666667 0.1333333 0
v -8.319999 -3.576279E-07 -8.639999 0.2666667 0.1333333 0
v -8.159999 -3.576279E-07 -8.639999 0.2666667 0.1333333 0
v -8.159999 -3.576279E-07 -8.959999 0.2666667 0.1333333 0
v -8.319999 -3.576279E-07 -8.959999 0.2666667 0.1333333 0
v -8.319999 -3.576279E-07 -8.799999 0.2666667 0.1333333 0
v -8.159999 -3.576279E-07 -8.799999 0.2666667 0.1333333 0
v -8.159999 -3.576279E-07 -9.119999 0.2666667 0.1333333 0
v -8.319999 -3.576279E-07 -9.119999 0.2666667 0.1333333 0
v -8.319999 -3.576279E-07 -8.959999 0.2666667 0.1333333 0
v -8.159999 -3.576279E-07 -8.959999 0.2666667 0.1333333 0
v -8.159999 -3.576279E-07 -9.279999 0.2666667 0.1333333 0
v -8.319999 -3.576279E-07 -9.279999 0.2666667 0.1333333 0
v -8.319999 -3.576279E-07 -9.119999 0.2666667 0.1333333 0
v -8.159999 -3.576279E-07 -9.119999 0.2666667 0.1333333 0
v -8.159999 -3.576279E-07 -9.439999 0.2666667 0.1333333 0
v -8.319999 -3.576279E-07 -9.439999 0.2666667 0.1333333 0
v -8.319999 -3.576279E-07 -9.279999 0.2666667 0.1333333 0
v -8.159999 -3.576279E-07 -9.279999 0.2666667 0.1333333 0
v -8.159999 -3.576279E-07 -9.599998 0.2666667 0.1333333 0
v -8.319999 -3.576279E-07 -9.599998 0.2666667 0.1333333 0
v -8.319999 -3.576279E-07 -9.439999 0.2666667 0.1333333 0
v -8.159999 -3.576279E-07 -9.439999 0.2666667 0.1333333 0
v -8.159999 0.6399996 -7.039999 0.2666667 0.1333333 0
v -8.319999 0.6399996 -7.039999 0.2666667 0.1333333 0
v -8.319999 0.6399996 -7.199999 0.2666667 0.1333333 0
v -8.159999 0.6399996 -7.199999 0.24 0.12 0
v -8.159999 0.6399996 -7.199999 0.24 0.12 0
v -8.319999 0.6399996 -7.199999 0.2666667 0.1333333 0
v -8.319999 0.6399996 -7.359999 0.24 0.12 0
v -8.159999 0.6399996 -7.359999 0.2133334 0.1066667 0
v -8.159999 0.6399996 -7.839999 0.24 0.12 0
v -8.319999 0.6399996 -7.839999 0.2133334 0.1066667 0
v -8.319999 0.6399996 -7.999999 0.24 0.12 0
v -8.159999 0.6399996 -7.999999 0.2666667 0.1333333 0
v -8.159999 0.6399996 -7.999999 0.2666667 0.1333333 0
v -8.319999 0.6399996 -7.999999 0.24 0.12 0
v -8.319999 0.6399996 -8.159999 0.2666667 0.1333333 0
v -8.159999 0.6399996 -8.159999 0.2666667 0.1333333 0
v -8.159999 0.6399996 -8.159999 0.2666667 0.1333333 0
v -8.319999 0.6399996 -8.159999 0.2666667 0.1333333 0
v -8.319999 0.6399996 -8.319999 0.2666667 0.1333333 0
v -8.159999 0.6399996 -8.319999 0.2666667 0.1333333 0
v -8.159999 0.6399996 -8.319999 0.2666667 0.1333333 0
v -8.319999 0.6399996 -8.319999 0.2666667 0.1333333 0
v -8.319999 0.6399996 -8.479999 0.2666667 0.1333333 0
v -8.159999 0.6399996 -8.479999 0.2666667 0.1333333 0
v -8.159999 0.6399996 -8.479999 0.2666667 0.1333333 0
v -8.319999 0.6399996 -8.479999 0.2666667 0.1333333 0
v -8.319999 0.6399996 -8.639999 0.2666667 0.1333333 0
v -8.159999 0.6399996 -8.639999 0.2666667 0.1333333 0
v -8.159999 0.6399996 -8.639999 0.2666667 0.1333333 0
v -8.319999 0.6399996 -8.639999 0.2666667 0.1333333 0
v -8.319999 0.6399996 -8.799999 0.2666667 0.1333333 0
v -8.159999 0.6399996 -8.799999 0.24 0.12 0
v -8.159999 0.6399996 -8.799999 0.24 0.12 0
v -8.319999 0.6399996 -8.799999 0.2666667 0.1333333 0
v -8.319999 0.6399996 -8.959999 0.24 0.12 0
v -8.159999 0.6399996 -8.959999 0.2133334 0.1066667 0
v -8.159999 0.6399996 -9.439999 0.24 0.12 0
v -8.319999 0.6399996 -9.439999 0.2133334 0.1066667 0
v -8.319999 0.6399996 -9.599998 0.24 0.12 0
v -8.159999 0.6399996 -9.599998 0.2666667 0.1333333 0
v -8.159999 0.7999996 -7.359999 0.1882353 0.09803922 0
v -8.319999 0.7999996 -7.359999 0.1882353 0.09803922 0
v -8.319999 0.7999996 -7.519999 0.1882353 0.09803922 0
v -8.159999 0.7999996 -7.519999 0.1882353 0.09803922 0
v -8.319999 0.6399996 -7.359999 0.1505882 0.07843138 0
v -8.319999 0.7999996 -7.359999 0.1882353 0.09803922 0
v -8.159999 0.7999996 -7.359999 0.1694118 0.0882353 0
v -8.159999 0.6399996 -7.359999 0.1505882 0.07843138 0
v -8.319999 0.6399996 -7.519999 0.1505882 0.07843138 0
v -8.319999 0.7999996 -7.519999 0.1694118 0.0882353 0
v -8.319999 0.7999996 -7.359999 0.1882353 0.09803922 0
v -8.319999 0.6399996 -7.359999 0.1505882 0.07843138 0
v -8.159999 0.7999996 -7.519999 0.1882353 0.09803922 0
v -8.319999 0.7999996 -7.519999 0.1882353 0.09803922 0
v -8.319999 0.7999996 -7.679999 0.1882353 0.09803922 0
v -8.159999 0.7999996 -7.679999 0.1882353 0.09803922 0
v -8.159999 0.7999996 -7.679999 0.1882353 0.09803922 0
v -8.319999 0.7999996 -7.679999 0.1882353 0.09803922 0
v -8.319999 0.7999996 -7.839999 0.1882353 0.09803922 0
v -8.159999 0.7999996 -7.839999 0.1882353 0.09803922 0
v -8.159999 0.6399996 -7.839999 0.1505882 0.07843138 0
v -8.159999 0.7999996 -7.839999 0.1882353 0.09803922 0
v -8.319999 0.7999996 -7.839999 0.1694118 0.0882353 0
v -8.319999 0.6399996 -7.839999 0.1505882 0.07843138 0
v -8.159999 0.6399996 -7.679999 0.1505882 0.07843138 0
v -8.159999 0.7999996 -7.679999 0.1694118 0.0882353 0
v -8.159999 0.7999996 -7.839999 0.1882353 0.09803922 0
v -8.159999 0.6399996 -7.839999 0.1505882 0.07843138 0
v -8.159999 0.7999996 -8.959999 0.1882353 0.09803922 0
v -8.319999 0.7999996 -8.959999 0.1882353 0.09803922 0
v -8.319999 0.7999996 -9.119999 0.1882353 0.09803922 0
v -8.159999 0.7999996 -9.119999 0.1882353 0.09803922 0
v -8.319999 0.6399996 -8.959999 0.1505882 0.07843138 0
v -8.319999 0.7999996 -8.959999 0.1882353 0.09803922 0
v -8.159999 0.7999996 -8.959999 0.1694118 0.0882353 0
v -8.159999 0.6399996 -8.959999 0.1505882 0.07843138 0
v -8.319999 0.6399996 -9.119999 0.1505882 0.07843138 0
v -8.319999 0.7999996 -9.119999 0.1694118 0.0882353 0
v -8.319999 0.7999996 -8.959999 0.1882353 0.09803922 0
v -8.319999 0.6399996 -8.959999 0.1505882 0.07843138 0
v -8.159999 0.7999996 -9.119999 0.1882353 0.09803922 0
v -8.319999 0.7999996 -9.119999 0.1882353 0.09803922 0
v -8.319999 0.7999996 -9.279999 0.1882353 0.09803922 0
v -8.159999 0.7999996 -9.279999 0.1882353 0.09803922 0
v -8.159999 0.7999996 -9.279999 0.1882353 0.09803922 0
v -8.319999 0.7999996 -9.279999 0.1882353 0.09803922 0
v -8.319999 0.7999996 -9.439999 0.1882353 0.09803922 0
v -8.159999 0.7999996 -9.439999 0.1882353 0.09803922 0
v -8.159999 0.6399996 -9.439999 0.1505882 0.07843138 0
v -8.159999 0.7999996 -9.439999 0.1882353 0.09803922 0
v -8.319999 0.7999996 -9.439999 0.1694118 0.0882353 0
v -8.319999 0.6399996 -9.439999 0.1505882 0.07843138 0
v -8.159999 0.6399996 -9.279999 0.1505882 0.07843138 0
v -8.159999 0.7999996 -9.279999 0.1694118 0.0882353 0
v -8.159999 0.7999996 -9.439999 0.1882353 0.09803922 0
v -8.159999 0.6399996 -9.439999 0.1505882 0.07843138 0
v -8.319999 -3.576279E-07 -7.199999 0.2666667 0.1333333 0
v -8.479999 -3.576279E-07 -7.199999 0.2666667 0.1333333 0
v -8.479999 -3.576279E-07 -7.039999 0.2666667 0.1333333 0
v -8.319999 -3.576279E-07 -7.039999 0.2666667 0.1333333 0
v -8.319999 -3.576279E-07 -7.359999 0.2666667 0.1333333 0
v -8.479999 -3.576279E-07 -7.359999 0.2666667 0.1333333 0
v -8.479999 -3.576279E-07 -7.199999 0.2666667 0.1333333 0
v -8.319999 -3.576279E-07 -7.199999 0.2666667 0.1333333 0
v -8.319999 -3.576279E-07 -7.519999 0.2666667 0.1333333 0
v -8.479999 -3.576279E-07 -7.519999 0.2666667 0.1333333 0
v -8.479999 -3.576279E-07 -7.359999 0.2666667 0.1333333 0
v -8.319999 -3.576279E-07 -7.359999 0.2666667 0.1333333 0
v -8.319999 -3.576279E-07 -7.679999 0.2666667 0.1333333 0
v -8.479999 -3.576279E-07 -7.679999 0.2666667 0.1333333 0
v -8.479999 -3.576279E-07 -7.519999 0.2666667 0.1333333 0
v -8.319999 -3.576279E-07 -7.519999 0.2666667 0.1333333 0
v -8.319999 -3.576279E-07 -7.839999 0.2666667 0.1333333 0
v -8.479999 -3.576279E-07 -7.839999 0.2666667 0.1333333 0
v -8.479999 -3.576279E-07 -7.679999 0.2666667 0.1333333 0
v -8.319999 -3.576279E-07 -7.679999 0.2666667 0.1333333 0
v -8.319999 -3.576279E-07 -7.999999 0.2666667 0.1333333 0
v -8.479999 -3.576279E-07 -7.999999 0.2666667 0.1333333 0
v -8.479999 -3.576279E-07 -7.839999 0.2666667 0.1333333 0
v -8.319999 -3.576279E-07 -7.839999 0.2666667 0.1333333 0
v -8.319999 -3.576279E-07 -8.159999 0.2666667 0.1333333 0
v -8.479999 -3.576279E-07 -8.159999 0.2666667 0.1333333 0
v -8.479999 -3.576279E-07 -7.999999 0.2666667 0.1333333 0
v -8.319999 -3.576279E-07 -7.999999 0.2666667 0.1333333 0
v -8.319999 -3.576279E-07 -8.319999 0.2666667 0.1333333 0
v -8.479999 -3.576279E-07 -8.319999 0.2666667 0.1333333 0
v -8.479999 -3.576279E-07 -8.159999 0.2666667 0.1333333 0
v -8.319999 -3.576279E-07 -8.159999 0.2666667 0.1333333 0
v -8.319999 -3.576279E-07 -8.479999 0.2666667 0.1333333 0
v -8.479999 -3.576279E-07 -8.479999 0.2666667 0.1333333 0
v -8.479999 -3.576279E-07 -8.319999 0.2666667 0.1333333 0
v -8.319999 -3.576279E-07 -8.319999 0.2666667 0.1333333 0
v -8.319999 -3.576279E-07 -8.639999 0.2666667 0.1333333 0
v -8.479999 -3.576279E-07 -8.639999 0.2666667 0.1333333 0
v -8.479999 -3.576279E-07 -8.479999 0.2666667 0.1333333 0
v -8.319999 -3.576279E-07 -8.479999 0.2666667 0.1333333 0
v -8.319999 -3.576279E-07 -8.799999 0.2666667 0.1333333 0
v -8.479999 -3.576279E-07 -8.799999 0.2666667 0.1333333 0
v -8.479999 -3.576279E-07 -8.639999 0.2666667 0.1333333 0
v -8.319999 -3.576279E-07 -8.639999 0.2666667 0.1333333 0
v -8.319999 -3.576279E-07 -8.959999 0.2666667 0.1333333 0
v -8.479999 -3.576279E-07 -8.959999 0.2666667 0.1333333 0
v -8.479999 -3.576279E-07 -8.799999 0.2666667 0.1333333 0
v -8.319999 -3.576279E-07 -8.799999 0.2666667 0.1333333 0
v -8.319999 -3.576279E-07 -9.119999 0.2666667 0.1333333 0
v -8.479999 -3.576279E-07 -9.119999 0.2666667 0.1333333 0
v -8.479999 -3.576279E-07 -8.959999 0.2666667 0.1333333 0
v -8.319999 -3.576279E-07 -8.959999 0.2666667 0.1333333 0
v -8.319999 -3.576279E-07 -9.279999 0.2666667 0.1333333 0
v -8.479999 -3.576279E-07 -9.279999 0.2666667 0.1333333 0
v -8.479999 -3.576279E-07 -9.119999 0.2666667 0.1333333 0
v -8.319999 -3.576279E-07 -9.119999 0.2666667 0.1333333 0
v -8.319999 -3.576279E-07 -9.439999 0.2666667 0.1333333 0
v -8.479999 -3.576279E-07 -9.439999 0.2666667 0.1333333 0
v -8.479999 -3.576279E-07 -9.279999 0.2666667 0.1333333 0
v -8.319999 -3.576279E-07 -9.279999 0.2666667 0.1333333 0
v -8.319999 -3.576279E-07 -9.599998 0.2666667 0.1333333 0
v -8.479999 -3.576279E-07 -9.599998 0.2666667 0.1333333 0
v -8.479999 -3.576279E-07 -9.439999 0.2666667 0.1333333 0
v -8.319999 -3.576279E-07 -9.439999 0.2666667 0.1333333 0
v -8.319999 0.6399996 -7.039999 0.2666667 0.1333333 0
v -8.479999 0.6399996 -7.039999 0.2666667 0.1333333 0
v -8.479999 0.6399996 -7.199999 0.2666667 0.1333333 0
v -8.319999 0.6399996 -7.199999 0.2666667 0.1333333 0
v -8.319999 0.6399996 -7.199999 0.2666667 0.1333333 0
v -8.479999 0.6399996 -7.199999 0.2666667 0.1333333 0
v -8.479999 0.6399996 -7.359999 0.2666667 0.1333333 0
v -8.319999 0.6399996 -7.359999 0.24 0.12 0
v -8.319999 0.6399996 -7.359999 0.24 0.12 0
v -8.479999 0.6399996 -7.359999 0.2666667 0.1333333 0
v -8.479999 0.6399996 -7.519999 0.24 0.12 0
v -8.319999 0.6399996 -7.519999 0.2133334 0.1066667 0
v -8.319999 0.6399996 -7.999999 0.24 0.12 0
v -8.479999 0.6399996 -7.999999 0.2133334 0.1066667 0
v -8.479999 0.6399996 -8.159999 0.24 0.12 0
v -8.319999 0.6399996 -8.159999 0.2666667 0.1333333 0
v -8.319999 0.6399996 -8.159999 0.2666667 0.1333333 0
v -8.479999 0.6399996 -8.159999 0.24 0.12 0
v -8.479999 0.6399996 -8.319999 0.2666667 0.1333333 0
v -8.319999 0.6399996 -8.319999 0.2666667 0.1333333 0
v -8.319999 0.6399996 -8.319999 0.2666667 0.1333333 0
v -8.479999 0.6399996 -8.319999 0.2666667 0.1333333 0
v -8.479999 0.6399996 -8.479999 0.2666667 0.1333333 0
v -8.319999 0.6399996 -8.479999 0.2666667 0.1333333 0
v -8.319999 0.6399996 -8.479999 0.2666667 0.1333333 0
v -8.479999 0.6399996 -8.479999 0.2666667 0.1333333 0
v -8.479999 0.6399996 -8.639999 0.2666667 0.1333333 0
v -8.319999 0.6399996 -8.639999 0.2666667 0.1333333 0
v -8.319999 0.6399996 -8.639999 0.2666667 0.1333333 0
v -8.479999 0.6399996 -8.639999 0.2666667 0.1333333 0
v -8.479999 0.6399996 -8.799999 0.2666667 0.1333333 0
v -8.319999 0.6399996 -8.799999 0.2666667 0.1333333 0
v -8.319999 0.6399996 -8.799999 0.2666667 0.1333333 0
v -8.479999 0.6399996 -8.799999 0.2666667 0.1333333 0
v -8.479999 0.6399996 -8.959999 0.2666667 0.1333333 0
v -8.319999 0.6399996 -8.959999 0.24 0.12 0
v -8.319999 0.6399996 -8.959999 0.24 0.12 0
v -8.479999 0.6399996 -8.959999 0.2666667 0.1333333 0
v -8.479999 0.6399996 -9.119999 0.24 0.12 0
v -8.319999 0.6399996 -9.119999 0.2133334 0.1066667 0
v -8.319999 0.7999996 -7.519999 0.1882353 0.09803922 0
v -8.479999 0.7999996 -7.519999 0.1882353 0.09803922 0
v -8.479999 0.7999996 -7.679999 0.1882353 0.09803922 0
v -8.319999 0.7999996 -7.679999 0.1882353 0.09803922 0
v -8.479999 0.6399996 -7.519999 0.1505882 0.07843138 0
v -8.479999 0.7999996 -7.519999 0.1882353 0.09803922 0
v -8.319999 0.7999996 -7.519999 0.1694118 0.0882353 0
v -8.319999 0.6399996 -7.519999 0.1505882 0.07843138 0
v -8.479999 0.6399996 -7.679999 0.1505882 0.07843138 0
v -8.479999 0.7999996 -7.679999 0.1694118 0.0882353 0
v -8.479999 0.7999996 -7.519999 0.1882353 0.09803922 0
v -8.479999 0.6399996 -7.519999 0.1505882 0.07843138 0
v -8.319999 0.7999996 -7.679999 0.1882353 0.09803922 0
v -8.479999 0.7999996 -7.679999 0.1882353 0.09803922 0
v -8.479999 0.7999996 -7.839999 0.1882353 0.09803922 0
v -8.319999 0.7999996 -7.839999 0.1882353 0.09803922 0
v -8.319999 0.7999996 -7.839999 0.1882353 0.09803922 0
v -8.479999 0.7999996 -7.839999 0.1882353 0.09803922 0
v -8.479999 0.7999996 -7.999999 0.1882353 0.09803922 0
v -8.319999 0.7999996 -7.999999 0.1882353 0.09803922 0
v -8.319999 0.6399996 -7.999999 0.1505882 0.07843138 0
v -8.319999 0.7999996 -7.999999 0.1882353 0.09803922 0
v -8.479999 0.7999996 -7.999999 0.1694118 0.0882353 0
v -8.479999 0.6399996 -7.999999 0.1505882 0.07843138 0
v -8.319999 0.6399996 -7.839999 0.1505882 0.07843138 0
v -8.319999 0.7999996 -7.839999 0.1694118 0.0882353 0
v -8.319999 0.7999996 -7.999999 0.1882353 0.09803922 0
v -8.319999 0.6399996 -7.999999 0.1505882 0.07843138 0
v -8.319999 0.7999996 -9.119999 0.1882353 0.09803922 0
v -8.479999 0.7999996 -9.119999 0.1882353 0.09803922 0
v -8.479999 0.7999996 -9.279999 0.1882353 0.09803922 0
v -8.319999 0.7999996 -9.279999 0.1882353 0.09803922 0
v -8.479999 0.6399996 -9.119999 0.1505882 0.07843138 0
v -8.479999 0.7999996 -9.119999 0.1882353 0.09803922 0
v -8.319999 0.7999996 -9.119999 0.1694118 0.0882353 0
v -8.319999 0.6399996 -9.119999 0.1505882 0.07843138 0
v -8.479999 0.6399996 -9.279999 0.1505882 0.07843138 0
v -8.479999 0.7999996 -9.279999 0.1694118 0.0882353 0
v -8.479999 0.7999996 -9.119999 0.1882353 0.09803922 0
v -8.479999 0.6399996 -9.119999 0.1505882 0.07843138 0
v -8.319999 0.7999996 -9.279999 0.1882353 0.09803922 0
v -8.479999 0.7999996 -9.279999 0.1882353 0.09803922 0
v -8.479999 0.7999996 -9.439999 0.1882353 0.09803922 0
v -8.319999 0.7999996 -9.439999 0.1882353 0.09803922 0
v -8.319999 0.7999996 -9.439999 0.1882353 0.09803922 0
v -8.479999 0.7999996 -9.439999 0.1882353 0.09803922 0
v -8.479999 0.7999996 -9.599998 0.1882353 0.09803922 0
v -8.319999 0.7999996 -9.599998 0.1882353 0.09803922 0
v -8.319999 0.6399996 -9.599998 0.1505882 0.07843138 0
v -8.319999 0.7999996 -9.599998 0.1882353 0.09803922 0
v -8.479999 0.7999996 -9.599998 0.1694118 0.0882353 0
v -8.479999 0.6399996 -9.599998 0.1505882 0.07843138 0
v -8.319999 0.6399996 -9.439999 0.1505882 0.07843138 0
v -8.319999 0.7999996 -9.439999 0.1694118 0.0882353 0
v -8.319999 0.7999996 -9.599998 0.1882353 0.09803922 0
v -8.319999 0.6399996 -9.599998 0.1505882 0.07843138 0
v -8.479999 -3.576279E-07 -7.199999 0.2666667 0.1333333 0
v -8.639999 -3.576279E-07 -7.199999 0.2666667 0.1333333 0
v -8.639999 -3.576279E-07 -7.039999 0.2666667 0.1333333 0
v -8.479999 -3.576279E-07 -7.039999 0.2666667 0.1333333 0
v -8.479999 -3.576279E-07 -7.359999 0.2666667 0.1333333 0
v -8.639999 -3.576279E-07 -7.359999 0.2666667 0.1333333 0
v -8.639999 -3.576279E-07 -7.199999 0.2666667 0.1333333 0
v -8.479999 -3.576279E-07 -7.199999 0.2666667 0.1333333 0
v -8.479999 -3.576279E-07 -7.519999 0.2666667 0.1333333 0
v -8.639999 -3.576279E-07 -7.519999 0.2666667 0.1333333 0
v -8.639999 -3.576279E-07 -7.359999 0.2666667 0.1333333 0
v -8.479999 -3.576279E-07 -7.359999 0.2666667 0.1333333 0
v -8.479999 -3.576279E-07 -7.679999 0.2666667 0.1333333 0
v -8.639999 -3.576279E-07 -7.679999 0.2666667 0.1333333 0
v -8.639999 -3.576279E-07 -7.519999 0.2666667 0.1333333 0
v -8.479999 -3.576279E-07 -7.519999 0.2666667 0.1333333 0
v -8.479999 -3.576279E-07 -7.839999 0.2666667 0.1333333 0
v -8.639999 -3.576279E-07 -7.839999 0.2666667 0.1333333 0
v -8.639999 -3.576279E-07 -7.679999 0.2666667 0.1333333 0
v -8.479999 -3.576279E-07 -7.679999 0.2666667 0.1333333 0
v -8.479999 -3.576279E-07 -7.999999 0.2666667 0.1333333 0
v -8.639999 -3.576279E-07 -7.999999 0.2666667 0.1333333 0
v -8.639999 -3.576279E-07 -7.839999 0.2666667 0.1333333 0
v -8.479999 -3.576279E-07 -7.839999 0.2666667 0.1333333 0
v -8.479999 -3.576279E-07 -8.159999 0.2666667 0.1333333 0
v -8.639999 -3.576279E-07 -8.159999 0.2666667 0.1333333 0
v -8.639999 -3.576279E-07 -7.999999 0.2666667 0.1333333 0
v -8.479999 -3.576279E-07 -7.999999 0.2666667 0.1333333 0
v -8.479999 -3.576279E-07 -8.319999 0.2666667 0.1333333 0
v -8.639999 -3.576279E-07 -8.319999 0.2666667 0.1333333 0
v -8.639999 -3.576279E-07 -8.159999 0.2666667 0.1333333 0
v -8.479999 -3.576279E-07 -8.159999 0.2666667 0.1333333 0
v -8.479999 -3.576279E-07 -8.479999 0.2666667 0.1333333 0
v -8.639999 -3.576279E-07 -8.479999 0.2666667 0.1333333 0
v -8.639999 -3.576279E-07 -8.319999 0.2666667 0.1333333 0
v -8.479999 -3.576279E-07 -8.319999 0.2666667 0.1333333 0
v -8.479999 -3.576279E-07 -8.639999 0.2666667 0.1333333 0
v -8.639999 -3.576279E-07 -8.639999 0.2666667 0.1333333 0
v -8.639999 -3.576279E-07 -8.479999 0.2666667 0.1333333 0
v -8.479999 -3.576279E-07 -8.479999 0.2666667 0.1333333 0
v -8.479999 -3.576279E-07 -8.799999 0.2666667 0.1333333 0
v -8.639999 -3.576279E-07 -8.799999 0.2666667 0.1333333 0
v -8.639999 -3.576279E-07 -8.639999 0.2666667 0.1333333 0
v -8.479999 -3.576279E-07 -8.639999 0.2666667 0.1333333 0
v -8.479999 -3.576279E-07 -8.959999 0.2666667 0.1333333 0
v -8.639999 -3.576279E-07 -8.959999 0.2666667 0.1333333 0
v -8.639999 -3.576279E-07 -8.799999 0.2666667 0.1333333 0
v -8.479999 -3.576279E-07 -8.799999 0.2666667 0.1333333 0
v -8.479999 -3.576279E-07 -9.119999 0.2666667 0.1333333 0
v -8.639999 -3.576279E-07 -9.119999 0.2666667 0.1333333 0
v -8.639999 -3.576279E-07 -8.959999 0.2666667 0.1333333 0
v -8.479999 -3.576279E-07 -8.959999 0.2666667 0.1333333 0
v -8.479999 -3.576279E-07 -9.279999 0.2666667 0.1333333 0
v -8.639999 -3.576279E-07 -9.279999 0.2666667 0.1333333 0
v -8.639999 -3.576279E-07 -9.119999 0.2666667 0.1333333 0
v -8.479999 -3.576279E-07 -9.119999 0.2666667 0.1333333 0
v -8.479999 -3.576279E-07 -9.439999 0.2666667 0.1333333 0
v -8.639999 -3.576279E-07 -9.439999 0.2666667 0.1333333 0
v -8.639999 -3.576279E-07 -9.279999 0.2666667 0.1333333 0
v -8.479999 -3.576279E-07 -9.279999 0.2666667 0.1333333 0
v -8.479999 -3.576279E-07 -9.599998 0.2666667 0.1333333 0
v -8.639999 -3.576279E-07 -9.599998 0.2666667 0.1333333 0
v -8.639999 -3.576279E-07 -9.439999 0.2666667 0.1333333 0
v -8.479999 -3.576279E-07 -9.439999 0.2666667 0.1333333 0
v -8.479999 0.6399996 -7.039999 0.2666667 0.1333333 0
v -8.639999 0.6399996 -7.039999 0.2666667 0.1333333 0
v -8.639999 0.6399996 -7.199999 0.2666667 0.1333333 0
v -8.479999 0.6399996 -7.199999 0.2666667 0.1333333 0
v -8.479999 0.6399996 -7.199999 0.2666667 0.1333333 0
v -8.639999 0.6399996 -7.199999 0.2666667 0.1333333 0
v -8.639999 0.6399996 -7.359999 0.2666667 0.1333333 0
v -8.479999 0.6399996 -7.359999 0.2666667 0.1333333 0
v -8.479999 0.6399996 -7.359999 0.2666667 0.1333333 0
v -8.639999 0.6399996 -7.359999 0.2666667 0.1333333 0
v -8.639999 0.6399996 -7.519999 0.2666667 0.1333333 0
v -8.479999 0.6399996 -7.519999 0.24 0.12 0
v -8.479999 0.6399996 -7.519999 0.24 0.12 0
v -8.639999 0.6399996 -7.519999 0.2666667 0.1333333 0
v -8.639999 0.6399996 -7.679999 0.24 0.12 0
v -8.479999 0.6399996 -7.679999 0.2133334 0.1066667 0
v -8.479999 0.6399996 -8.159999 0.24 0.12 0
v -8.639999 0.6399996 -8.159999 0.2133334 0.1066667 0
v -8.639999 0.6399996 -8.319999 0.24 0.12 0
v -8.479999 0.6399996 -8.319999 0.2666667 0.1333333 0
v -8.479999 0.6399996 -8.319999 0.2666667 0.1333333 0
v -8.639999 0.6399996 -8.319999 0.24 0.12 0
v -8.639999 0.6399996 -8.479999 0.2666667 0.1333333 0
v -8.479999 0.6399996 -8.479999 0.2666667 0.1333333 0
v -8.479999 0.6399996 -8.479999 0.2666667 0.1333333 0
v -8.639999 0.6399996 -8.479999 0.2666667 0.1333333 0
v -8.639999 0.6399996 -8.639999 0.2666667 0.1333333 0
v -8.479999 0.6399996 -8.639999 0.2666667 0.1333333 0
v -8.479999 0.6399996 -8.639999 0.2666667 0.1333333 0
v -8.639999 0.6399996 -8.639999 0.2666667 0.1333333 0
v -8.639999 0.6399996 -8.799999 0.2666667 0.1333333 0
v -8.479999 0.6399996 -8.799999 0.2666667 0.1333333 0
v -8.479999 0.6399996 -8.799999 0.2666667 0.1333333 0
v -8.639999 0.6399996 -8.799999 0.2666667 0.1333333 0
v -8.639999 0.6399996 -8.959999 0.2666667 0.1333333 0
v -8.479999 0.6399996 -8.959999 0.2666667 0.1333333 0
v -8.479999 0.6399996 -8.959999 0.2666667 0.1333333 0
v -8.639999 0.6399996 -8.959999 0.2666667 0.1333333 0
v -8.639999 0.6399996 -9.119999 0.2666667 0.1333333 0
v -8.479999 0.6399996 -9.119999 0.24 0.12 0
v -8.479999 0.6399996 -9.119999 0.24 0.12 0
v -8.639999 0.6399996 -9.119999 0.2666667 0.1333333 0
v -8.639999 0.6399996 -9.279999 0.24 0.12 0
v -8.479999 0.6399996 -9.279999 0.2133334 0.1066667 0
v -8.479999 0.7999996 -7.679999 0.1882353 0.09803922 0
v -8.639999 0.7999996 -7.679999 0.1882353 0.09803922 0
v -8.639999 0.7999996 -7.839999 0.1882353 0.09803922 0
v -8.479999 0.7999996 -7.839999 0.1882353 0.09803922 0
v -8.639999 0.6399996 -7.679999 0.1505882 0.07843138 0
v -8.639999 0.7999996 -7.679999 0.1882353 0.09803922 0
v -8.479999 0.7999996 -7.679999 0.1694118 0.0882353 0
v -8.479999 0.6399996 -7.679999 0.1505882 0.07843138 0
v -8.639999 0.6399996 -7.839999 0.1505882 0.07843138 0
v -8.639999 0.7999996 -7.839999 0.1694118 0.0882353 0
v -8.639999 0.7999996 -7.679999 0.1882353 0.09803922 0
v -8.639999 0.6399996 -7.679999 0.1505882 0.07843138 0
v -8.479999 0.7999996 -7.839999 0.1882353 0.09803922 0
v -8.639999 0.7999996 -7.839999 0.1882353 0.09803922 0
v -8.639999 0.7999996 -7.999999 0.1882353 0.09803922 0
v -8.479999 0.7999996 -7.999999 0.1882353 0.09803922 0
v -8.479999 0.7999996 -7.999999 0.1882353 0.09803922 0
v -8.639999 0.7999996 -7.999999 0.1882353 0.09803922 0
v -8.639999 0.7999996 -8.159999 0.1882353 0.09803922 0
v -8.479999 0.7999996 -8.159999 0.1882353 0.09803922 0
v -8.479999 0.6399996 -8.159999 0.1505882 0.07843138 0
v -8.479999 0.7999996 -8.159999 0.1882353 0.09803922 0
v -8.639999 0.7999996 -8.159999 0.1694118 0.0882353 0
v -8.639999 0.6399996 -8.159999 0.1505882 0.07843138 0
v -8.479999 0.6399996 -7.999999 0.1505882 0.07843138 0
v -8.479999 0.7999996 -7.999999 0.1694118 0.0882353 0
v -8.479999 0.7999996 -8.159999 0.1882353 0.09803922 0
v -8.479999 0.6399996 -8.159999 0.1505882 0.07843138 0
v -8.479999 0.7999996 -9.279999 0.1882353 0.09803922 0
v -8.639999 0.7999996 -9.279999 0.1882353 0.09803922 0
v -8.639999 0.7999996 -9.439999 0.1882353 0.09803922 0
v -8.479999 0.7999996 -9.439999 0.1882353 0.09803922 0
v -8.639999 0.6399996 -9.279999 0.1505882 0.07843138 0
v -8.639999 0.7999996 -9.279999 0.1882353 0.09803922 0
v -8.479999 0.7999996 -9.279999 0.1694118 0.0882353 0
v -8.479999 0.6399996 -9.279999 0.1505882 0.07843138 0
v -8.639999 0.6399996 -9.439999 0.1505882 0.07843138 0
v -8.639999 0.7999996 -9.439999 0.1694118 0.0882353 0
v -8.639999 0.7999996 -9.279999 0.1882353 0.09803922 0
v -8.639999 0.6399996 -9.279999 0.1505882 0.07843138 0
v -8.479999 0.7999996 -9.439999 0.1882353 0.09803922 0
v -8.639999 0.7999996 -9.439999 0.1882353 0.09803922 0
v -8.639999 0.7999996 -9.599998 0.1882353 0.09803922 0
v -8.479999 0.7999996 -9.599998 0.1882353 0.09803922 0
v -8.639999 -3.576279E-07 -7.199999 0.2666667 0.1333333 0
v -8.799999 -3.576279E-07 -7.199999 0.2666667 0.1333333 0
v -8.799999 -3.576279E-07 -7.039999 0.2666667 0.1333333 0
v -8.639999 -3.576279E-07 -7.039999 0.2666667 0.1333333 0
v -8.639999 -3.576279E-07 -7.359999 0.2666667 0.1333333 0
v -8.799999 -3.576279E-07 -7.359999 0.2666667 0.1333333 0
v -8.799999 -3.576279E-07 -7.199999 0.2666667 0.1333333 0
v -8.639999 -3.576279E-07 -7.199999 0.2666667 0.1333333 0
v -8.639999 -3.576279E-07 -7.519999 0.2666667 0.1333333 0
v -8.799999 -3.576279E-07 -7.519999 0.2666667 0.1333333 0
v -8.799999 -3.576279E-07 -7.359999 0.2666667 0.1333333 0
v -8.639999 -3.576279E-07 -7.359999 0.2666667 0.1333333 0
v -8.639999 -3.576279E-07 -7.679999 0.2666667 0.1333333 0
v -8.799999 -3.576279E-07 -7.679999 0.2666667 0.1333333 0
v -8.799999 -3.576279E-07 -7.519999 0.2666667 0.1333333 0
v -8.639999 -3.576279E-07 -7.519999 0.2666667 0.1333333 0
v -8.639999 -3.576279E-07 -7.839999 0.2666667 0.1333333 0
v -8.799999 -3.576279E-07 -7.839999 0.2666667 0.1333333 0
v -8.799999 -3.576279E-07 -7.679999 0.2666667 0.1333333 0
v -8.639999 -3.576279E-07 -7.679999 0.2666667 0.1333333 0
v -8.639999 -3.576279E-07 -7.999999 0.2666667 0.1333333 0
v -8.799999 -3.576279E-07 -7.999999 0.2666667 0.1333333 0
v -8.799999 -3.576279E-07 -7.839999 0.2666667 0.1333333 0
v -8.639999 -3.576279E-07 -7.839999 0.2666667 0.1333333 0
v -8.639999 -3.576279E-07 -8.159999 0.2666667 0.1333333 0
v -8.799999 -3.576279E-07 -8.159999 0.2666667 0.1333333 0
v -8.799999 -3.576279E-07 -7.999999 0.2666667 0.1333333 0
v -8.639999 -3.576279E-07 -7.999999 0.2666667 0.1333333 0
v -8.639999 -3.576279E-07 -8.319999 0.2666667 0.1333333 0
v -8.799999 -3.576279E-07 -8.319999 0.2666667 0.1333333 0
v -8.799999 -3.576279E-07 -8.159999 0.2666667 0.1333333 0
v -8.639999 -3.576279E-07 -8.159999 0.2666667 0.1333333 0
v -8.639999 -3.576279E-07 -8.479999 0.2666667 0.1333333 0
v -8.799999 -3.576279E-07 -8.479999 0.2666667 0.1333333 0
v -8.799999 -3.576279E-07 -8.319999 0.2666667 0.1333333 0
v -8.639999 -3.576279E-07 -8.319999 0.2666667 0.1333333 0
v -8.639999 -3.576279E-07 -8.639999 0.2666667 0.1333333 0
v -8.799999 -3.576279E-07 -8.639999 0.2666667 0.1333333 0
v -8.799999 -3.576279E-07 -8.479999 0.2666667 0.1333333 0
v -8.639999 -3.576279E-07 -8.479999 0.2666667 0.1333333 0
v -8.639999 -3.576279E-07 -8.799999 0.2666667 0.1333333 0
v -8.799999 -3.576279E-07 -8.799999 0.2666667 0.1333333 0
v -8.799999 -3.576279E-07 -8.639999 0.2666667 0.1333333 0
v -8.639999 -3.576279E-07 -8.639999 0.2666667 0.1333333 0
v -8.639999 -3.576279E-07 -8.959999 0.2666667 0.1333333 0
v -8.799999 -3.576279E-07 -8.959999 0.2666667 0.1333333 0
v -8.799999 -3.576279E-07 -8.799999 0.2666667 0.1333333 0
v -8.639999 -3.576279E-07 -8.799999 0.2666667 0.1333333 0
v -8.639999 -3.576279E-07 -9.119999 0.2666667 0.1333333 0
v -8.799999 -3.576279E-07 -9.119999 0.2666667 0.1333333 0
v -8.799999 -3.576279E-07 -8.959999 0.2666667 0.1333333 0
v -8.639999 -3.576279E-07 -8.959999 0.2666667 0.1333333 0
v -8.639999 -3.576279E-07 -9.279999 0.2666667 0.1333333 0
v -8.799999 -3.576279E-07 -9.279999 0.2666667 0.1333333 0
v -8.799999 -3.576279E-07 -9.119999 0.2666667 0.1333333 0
v -8.639999 -3.576279E-07 -9.119999 0.2666667 0.1333333 0
v -8.639999 -3.576279E-07 -9.439999 0.2666667 0.1333333 0
v -8.799999 -3.576279E-07 -9.439999 0.2666667 0.1333333 0
v -8.799999 -3.576279E-07 -9.279999 0.2666667 0.1333333 0
v -8.639999 -3.576279E-07 -9.279999 0.2666667 0.1333333 0
v -8.639999 -3.576279E-07 -9.599998 0.2666667 0.1333333 0
v -8.799999 -3.576279E-07 -9.599998 0.2666667 0.1333333 0
v -8.799999 -3.576279E-07 -9.439999 0.2666667 0.1333333 0
v -8.639999 -3.576279E-07 -9.439999 0.2666667 0.1333333 0
v -8.639999 0.6399996 -7.039999 0.2666667 0.1333333 0
v -8.799999 0.6399996 -7.039999 0.2666667 0.1333333 0
v -8.799999 0.6399996 -7.199999 0.2666667 0.1333333 0
v -8.639999 0.6399996 -7.199999 0.2666667 0.1333333 0
v -8.639999 0.6399996 -7.199999 0.2666667 0.1333333 0
v -8.799999 0.6399996 -7.199999 0.2666667 0.1333333 0
v -8.799999 0.6399996 -7.359999 0.2666667 0.1333333 0
v -8.639999 0.6399996 -7.359999 0.2666667 0.1333333 0
v -8.639999 0.6399996 -7.359999 0.2666667 0.1333333 0
v -8.799999 0.6399996 -7.359999 0.2666667 0.1333333 0
v -8.799999 0.6399996 -7.519999 0.2666667 0.1333333 0
v -8.639999 0.6399996 -7.519999 0.2666667 0.1333333 0
v -8.639999 0.6399996 -7.519999 0.2666667 0.1333333 0
v -8.799999 0.6399996 -7.519999 0.2666667 0.1333333 0
v -8.799999 0.6399996 -7.679999 0.2666667 0.1333333 0
v -8.639999 0.6399996 -7.679999 0.24 0.12 0
v -8.639999 0.6399996 -7.679999 0.24 0.12 0
v -8.799999 0.6399996 -7.679999 0.2666667 0.1333333 0
v -8.799999 0.6399996 -7.839999 0.24 0.12 0
v -8.639999 0.6399996 -7.839999 0.2133334 0.1066667 0
v -8.639999 0.6399996 -8.319999 0.24 0.12 0
v -8.799999 0.6399996 -8.319999 0.2133334 0.1066667 0
v -8.799999 0.6399996 -8.479999 0.24 0.12 0
v -8.639999 0.6399996 -8.479999 0.2666667 0.1333333 0
v -8.639999 0.6399996 -8.479999 0.2666667 0.1333333 0
v -8.799999 0.6399996 -8.479999 0.24 0.12 0
v -8.799999 0.6399996 -8.639999 0.2666667 0.1333333 0
v -8.639999 0.6399996 -8.639999 0.2666667 0.1333333 0
v -8.639999 0.6399996 -8.639999 0.2666667 0.1333333 0
v -8.799999 0.6399996 -8.639999 0.2666667 0.1333333 0
v -8.799999 0.6399996 -8.799999 0.2666667 0.1333333 0
v -8.639999 0.6399996 -8.799999 0.2666667 0.1333333 0
v -8.639999 0.6399996 -8.799999 0.2666667 0.1333333 0
v -8.799999 0.6399996 -8.799999 0.2666667 0.1333333 0
v -8.799999 0.6399996 -8.959999 0.2666667 0.1333333 0
v -8.639999 0.6399996 -8.959999 0.2666667 0.1333333 0
v -8.639999 0.6399996 -8.959999 0.2666667 0.1333333 0
v -8.799999 0.6399996 -8.959999 0.2666667 0.1333333 0
v -8.799999 0.6399996 -9.119999 0.2666667 0.1333333 0
v -8.639999 0.6399996 -9.119999 0.2666667 0.1333333 0
v -8.639999 0.6399996 -9.119999 0.2666667 0.1333333 0
v -8.799999 0.6399996 -9.119999 0.2666667 0.1333333 0
v -8.799999 0.6399996 -9.279999 0.2666667 0.1333333 0
v -8.639999 0.6399996 -9.279999 0.24 0.12 0
v -8.639999 0.6399996 -9.279999 0.24 0.12 0
v -8.799999 0.6399996 -9.279999 0.2666667 0.1333333 0
v -8.799999 0.6399996 -9.439999 0.24 0.12 0
v -8.639999 0.6399996 -9.439999 0.2133334 0.1066667 0
v -8.639999 0.7999996 -7.839999 0.1882353 0.09803922 0
v -8.799999 0.7999996 -7.839999 0.1882353 0.09803922 0
v -8.799999 0.7999996 -7.999999 0.1882353 0.09803922 0
v -8.639999 0.7999996 -7.999999 0.1882353 0.09803922 0
v -8.799999 0.6399996 -7.839999 0.1505882 0.07843138 0
v -8.799999 0.7999996 -7.839999 0.1882353 0.09803922 0
v -8.639999 0.7999996 -7.839999 0.1694118 0.0882353 0
v -8.639999 0.6399996 -7.839999 0.1505882 0.07843138 0
v -8.799999 0.6399996 -7.999999 0.1505882 0.07843138 0
v -8.799999 0.7999996 -7.999999 0.1694118 0.0882353 0
v -8.799999 0.7999996 -7.839999 0.1882353 0.09803922 0
v -8.799999 0.6399996 -7.839999 0.1505882 0.07843138 0
v -8.639999 0.7999996 -7.999999 0.1882353 0.09803922 0
v -8.799999 0.7999996 -7.999999 0.1882353 0.09803922 0
v -8.799999 0.7999996 -8.159999 0.1882353 0.09803922 0
v -8.639999 0.7999996 -8.159999 0.1882353 0.09803922 0
v -8.639999 0.7999996 -8.159999 0.1882353 0.09803922 0
v -8.799999 0.7999996 -8.159999 0.1882353 0.09803922 0
v -8.799999 0.7999996 -8.319999 0.1882353 0.09803922 0
v -8.639999 0.7999996 -8.319999 0.1882353 0.09803922 0
v -8.639999 0.6399996 -8.319999 0.1505882 0.07843138 0
v -8.639999 0.7999996 -8.319999 0.1882353 0.09803922 0
v -8.799999 0.7999996 -8.319999 0.1694118 0.0882353 0
v -8.799999 0.6399996 -8.319999 0.1505882 0.07843138 0
v -8.639999 0.6399996 -8.159999 0.1505882 0.07843138 0
v -8.639999 0.7999996 -8.159999 0.1694118 0.0882353 0
v -8.639999 0.7999996 -8.319999 0.1882353 0.09803922 0
v -8.639999 0.6399996 -8.319999 0.1505882 0.07843138 0
v -8.639999 0.7999996 -9.439999 0.1882353 0.09803922 0
v -8.799999 0.7999996 -9.439999 0.1882353 0.09803922 0
v -8.799999 0.7999996 -9.599998 0.1882353 0.09803922 0
v -8.639999 0.7999996 -9.599998 0.1882353 0.09803922 0
v -8.799999 0.6399996 -9.439999 0.1505882 0.07843138 0
v -8.799999 0.7999996 -9.439999 0.1882353 0.09803922 0
v -8.639999 0.7999996 -9.439999 0.1694118 0.0882353 0
v -8.639999 0.6399996 -9.439999 0.1505882 0.07843138 0
v -8.799999 0.6399996 -9.599998 0.1505882 0.07843138 0
v -8.799999 0.7999996 -9.599998 0.1694118 0.0882353 0
v -8.799999 0.7999996 -9.439999 0.1882353 0.09803922 0
v -8.799999 0.6399996 -9.439999 0.1505882 0.07843138 0
v -8.799999 -3.576279E-07 -7.199999 0.2666667 0.1333333 0
v -8.959999 -3.576279E-07 -7.199999 0.2666667 0.1333333 0
v -8.959999 -3.576279E-07 -7.039999 0.2666667 0.1333333 0
v -8.799999 -3.576279E-07 -7.039999 0.2666667 0.1333333 0
v -8.799999 -3.576279E-07 -7.359999 0.2666667 0.1333333 0
v -8.959999 -3.576279E-07 -7.359999 0.2666667 0.1333333 0
v -8.959999 -3.576279E-07 -7.199999 0.2666667 0.1333333 0
v -8.799999 -3.576279E-07 -7.199999 0.2666667 0.1333333 0
v -8.799999 -3.576279E-07 -7.519999 0.2666667 0.1333333 0
v -8.959999 -3.576279E-07 -7.519999 0.2666667 0.1333333 0
v -8.959999 -3.576279E-07 -7.359999 0.2666667 0.1333333 0
v -8.799999 -3.576279E-07 -7.359999 0.2666667 0.1333333 0
v -8.799999 -3.576279E-07 -7.679999 0.2666667 0.1333333 0
v -8.959999 -3.576279E-07 -7.679999 0.2666667 0.1333333 0
v -8.959999 -3.576279E-07 -7.519999 0.2666667 0.1333333 0
v -8.799999 -3.576279E-07 -7.519999 0.2666667 0.1333333 0
v -8.799999 -3.576279E-07 -7.839999 0.2666667 0.1333333 0
v -8.959999 -3.576279E-07 -7.839999 0.2666667 0.1333333 0
v -8.959999 -3.576279E-07 -7.679999 0.2666667 0.1333333 0
v -8.799999 -3.576279E-07 -7.679999 0.2666667 0.1333333 0
v -8.799999 -3.576279E-07 -7.999999 0.2666667 0.1333333 0
v -8.959999 -3.576279E-07 -7.999999 0.2666667 0.1333333 0
v -8.959999 -3.576279E-07 -7.839999 0.2666667 0.1333333 0
v -8.799999 -3.576279E-07 -7.839999 0.2666667 0.1333333 0
v -8.799999 -3.576279E-07 -8.159999 0.2666667 0.1333333 0
v -8.959999 -3.576279E-07 -8.159999 0.2666667 0.1333333 0
v -8.959999 -3.576279E-07 -7.999999 0.2666667 0.1333333 0
v -8.799999 -3.576279E-07 -7.999999 0.2666667 0.1333333 0
v -8.799999 -3.576279E-07 -8.319999 0.2666667 0.1333333 0
v -8.959999 -3.576279E-07 -8.319999 0.2666667 0.1333333 0
v -8.959999 -3.576279E-07 -8.159999 0.2666667 0.1333333 0
v -8.799999 -3.576279E-07 -8.159999 0.2666667 0.1333333 0
v -8.799999 -3.576279E-07 -8.479999 0.2666667 0.1333333 0
v -8.959999 -3.576279E-07 -8.479999 0.2666667 0.1333333 0
v -8.959999 -3.576279E-07 -8.319999 0.2666667 0.1333333 0
v -8.799999 -3.576279E-07 -8.319999 0.2666667 0.1333333 0
v -8.799999 -3.576279E-07 -8.639999 0.2666667 0.1333333 0
v -8.959999 -3.576279E-07 -8.639999 0.2666667 0.1333333 0
v -8.959999 -3.576279E-07 -8.479999 0.2666667 0.1333333 0
v -8.799999 -3.576279E-07 -8.479999 0.2666667 0.1333333 0
v -8.799999 -3.576279E-07 -8.799999 0.2666667 0.1333333 0
v -8.959999 -3.576279E-07 -8.799999 0.2666667 0.1333333 0
v -8.959999 -3.576279E-07 -8.639999 0.2666667 0.1333333 0
v -8.799999 -3.576279E-07 -8.639999 0.2666667 0.1333333 0
v -8.799999 -3.576279E-07 -8.959999 0.2666667 0.1333333 0
v -8.959999 -3.576279E-07 -8.959999 0.2666667 0.1333333 0
v -8.959999 -3.576279E-07 -8.799999 0.2666667 0.1333333 0
v -8.799999 -3.576279E-07 -8.799999 0.2666667 0.1333333 0
v -8.799999 -3.576279E-07 -9.119999 0.2666667 0.1333333 0
v -8.959999 -3.576279E-07 -9.119999 0.2666667 0.1333333 0
v -8.959999 -3.576279E-07 -8.959999 0.2666667 0.1333333 0
v -8.799999 -3.576279E-07 -8.959999 0.2666667 0.1333333 0
v -8.799999 -3.576279E-07 -9.279999 0.2666667 0.1333333 0
v -8.959999 -3.576279E-07 -9.279999 0.2666667 0.1333333 0
v -8.959999 -3.576279E-07 -9.119999 0.2666667 0.1333333 0
v -8.799999 -3.576279E-07 -9.119999 0.2666667 0.1333333 0
v -8.799999 -3.576279E-07 -9.439999 0.2666667 0.1333333 0
v -8.959999 -3.576279E-07 -9.439999 0.2666667 0.1333333 0
v -8.959999 -3.576279E-07 -9.279999 0.2666667 0.1333333 0
v -8.799999 -3.576279E-07 -9.279999 0.2666667 0.1333333 0
v -8.799999 -3.576279E-07 -9.599998 0.2666667 0.1333333 0
v -8.959999 -3.576279E-07 -9.599998 0.2666667 0.1333333 0
v -8.959999 -3.576279E-07 -9.439999 0.2666667 0.1333333 0
v -8.799999 -3.576279E-07 -9.439999 0.2666667 0.1333333 0
v -8.799999 0.6399996 -7.039999 0.2666667 0.1333333 0
v -8.959999 0.6399996 -7.039999 0.24 0.12 0
v -8.959999 0.6399996 -7.199999 0.2666667 0.1333333 0
v -8.799999 0.6399996 -7.199999 0.2666667 0.1333333 0
v -8.799999 0.6399996 -7.199999 0.2666667 0.1333333 0
v -8.959999 0.6399996 -7.199999 0.2666667 0.1333333 0
v -8.959999 0.6399996 -7.359999 0.2666667 0.1333333 0
v -8.799999 0.6399996 -7.359999 0.2666667 0.1333333 0
v -8.799999 0.6399996 -7.359999 0.2666667 0.1333333 0
v -8.959999 0.6399996 -7.359999 0.2666667 0.1333333 0
v -8.959999 0.6399996 -7.519999 0.2666667 0.1333333 0
v -8.799999 0.6399996 -7.519999 0.2666667 0.1333333 0
v -8.799999 0.6399996 -7.519999 0.2666667 0.1333333 0
v -8.959999 0.6399996 -7.519999 0.2666667 0.1333333 0
v -8.959999 0.6399996 -7.679999 0.2666667 0.1333333 0
v -8.799999 0.6399996 -7.679999 0.2666667 0.1333333 0
v -8.799999 0.6399996 -7.679999 0.2666667 0.1333333 0
v -8.959999 0.6399996 -7.679999 0.2666667 0.1333333 0
v -8.959999 0.6399996 -7.839999 0.2666667 0.1333333 0
v -8.799999 0.6399996 -7.839999 0.24 0.12 0
v -8.799999 0.6399996 -7.839999 0.24 0.12 0
v -8.959999 0.6399996 -7.839999 0.2666667 0.1333333 0
v -8.959999 0.6399996 -7.999999 0.24 0.12 0
v -8.799999 0.6399996 -7.999999 0.2133334 0.1066667 0
v -8.799999 0.6399996 -8.479999 0.24 0.12 0
v -8.959999 0.6399996 -8.479999 0.2133334 0.1066667 0
v -8.959999 0.6399996 -8.639999 0.24 0.12 0
v -8.799999 0.6399996 -8.639999 0.2666667 0.1333333 0
v -8.799999 0.6399996 -8.639999 0.2666667 0.1333333 0
v -8.959999 0.6399996 -8.639999 0.24 0.12 0
v -8.959999 0.6399996 -8.799999 0.2666667 0.1333333 0
v -8.799999 0.6399996 -8.799999 0.2666667 0.1333333 0
v -8.799999 0.6399996 -8.799999 0.2666667 0.1333333 0
v -8.959999 0.6399996 -8.799999 0.2666667 0.1333333 0
v -8.959999 0.6399996 -8.959999 0.2666667 0.1333333 0
v -8.799999 0.6399996 -8.959999 0.2666667 0.1333333 0
v -8.799999 0.6399996 -8.959999 0.2666667 0.1333333 0
v -8.959999 0.6399996 -8.959999 0.2666667 0.1333333 0
v -8.959999 0.6399996 -9.119999 0.2666667 0.1333333 0
v -8.799999 0.6399996 -9.119999 0.2666667 0.1333333 0
v -8.799999 0.6399996 -9.119999 0.2666667 0.1333333 0
v -8.959999 0.6399996 -9.119999 0.2666667 0.1333333 0
v -8.959999 0.6399996 -9.279999 0.2666667 0.1333333 0
v -8.799999 0.6399996 -9.279999 0.2666667 0.1333333 0
v -8.799999 0.6399996 -9.279999 0.2666667 0.1333333 0
v -8.959999 0.6399996 -9.279999 0.2666667 0.1333333 0
v -8.959999 0.6399996 -9.439999 0.2666667 0.1333333 0
v -8.799999 0.6399996 -9.439999 0.24 0.12 0
v -8.799999 0.6399996 -9.439999 0.24 0.12 0
v -8.959999 0.6399996 -9.439999 0.2666667 0.1333333 0
v -8.959999 0.6399996 -9.599998 0.24 0.12 0
v -8.799999 0.6399996 -9.599998 0.2133334 0.1066667 0
v -8.799999 0.7999996 -7.999999 0.1882353 0.09803922 0
v -8.959999 0.7999996 -7.999999 0.1882353 0.09803922 0
v -8.959999 0.7999996 -8.159999 0.1882353 0.09803922 0
v -8.799999 0.7999996 -8.159999 0.1882353 0.09803922 0
v -8.959999 0.6399996 -7.999999 0.1505882 0.07843138 0
v -8.959999 0.7999996 -7.999999 0.1882353 0.09803922 0
v -8.799999 0.7999996 -7.999999 0.1694118 0.0882353 0
v -8.799999 0.6399996 -7.999999 0.1505882 0.07843138 0
v -8.959999 0.6399996 -8.159999 0.1505882 0.07843138 0
v -8.959999 0.7999996 -8.159999 0.1694118 0.0882353 0
v -8.959999 0.7999996 -7.999999 0.1882353 0.09803922 0
v -8.959999 0.6399996 -7.999999 0.1505882 0.07843138 0
v -8.799999 0.7999996 -8.159999 0.1882353 0.09803922 0
v -8.959999 0.7999996 -8.159999 0.1882353 0.09803922 0
v -8.959999 0.7999996 -8.319999 0.1882353 0.09803922 0
v -8.799999 0.7999996 -8.319999 0.1882353 0.09803922 0
v -8.799999 0.7999996 -8.319999 0.1882353 0.09803922 0
v -8.959999 0.7999996 -8.319999 0.1882353 0.09803922 0
v -8.959999 0.7999996 -8.479999 0.1882353 0.09803922 0
v -8.799999 0.7999996 -8.479999 0.1882353 0.09803922 0
v -8.799999 0.6399996 -8.479999 0.1505882 0.07843138 0
v -8.799999 0.7999996 -8.479999 0.1882353 0.09803922 0
v -8.959999 0.7999996 -8.479999 0.1694118 0.0882353 0
v -8.959999 0.6399996 -8.479999 0.1505882 0.07843138 0
v -8.799999 0.6399996 -8.319999 0.1505882 0.07843138 0
v -8.799999 0.7999996 -8.319999 0.1694118 0.0882353 0
v -8.799999 0.7999996 -8.479999 0.1882353 0.09803922 0
v -8.799999 0.6399996 -8.479999 0.1505882 0.07843138 0
v -8.959999 -3.576279E-07 -7.199999 0.2666667 0.1333333 0
v -9.119999 -3.576279E-07 -7.199999 0.2666667 0.1333333 0
v -9.119999 -3.576279E-07 -7.039999 0.2666667 0.1333333 0
v -8.959999 -3.576279E-07 -7.039999 0.2666667 0.1333333 0
v -8.959999 -3.576279E-07 -7.359999 0.2666667 0.1333333 0
v -9.119999 -3.576279E-07 -7.359999 0.2666667 0.1333333 0
v -9.119999 -3.576279E-07 -7.199999 0.2666667 0.1333333 0
v -8.959999 -3.576279E-07 -7.199999 0.2666667 0.1333333 0
v -8.959999 -3.576279E-07 -7.519999 0.2666667 0.1333333 0
v -9.119999 -3.576279E-07 -7.519999 0.2666667 0.1333333 0
v -9.119999 -3.576279E-07 -7.359999 0.2666667 0.1333333 0
v -8.959999 -3.576279E-07 -7.359999 0.2666667 0.1333333 0
v -8.959999 -3.576279E-07 -7.679999 0.2666667 0.1333333 0
v -9.119999 -3.576279E-07 -7.679999 0.2666667 0.1333333 0
v -9.119999 -3.576279E-07 -7.519999 0.2666667 0.1333333 0
v -8.959999 -3.576279E-07 -7.519999 0.2666667 0.1333333 0
v -8.959999 -3.576279E-07 -7.839999 0.2666667 0.1333333 0
v -9.119999 -3.576279E-07 -7.839999 0.2666667 0.1333333 0
v -9.119999 -3.576279E-07 -7.679999 0.2666667 0.1333333 0
v -8.959999 -3.576279E-07 -7.679999 0.2666667 0.1333333 0
v -8.959999 -3.576279E-07 -7.999999 0.2666667 0.1333333 0
v -9.119999 -3.576279E-07 -7.999999 0.2666667 0.1333333 0
v -9.119999 -3.576279E-07 -7.839999 0.2666667 0.1333333 0
v -8.959999 -3.576279E-07 -7.839999 0.2666667 0.1333333 0
v -8.959999 -3.576279E-07 -8.159999 0.2666667 0.1333333 0
v -9.119999 -3.576279E-07 -8.159999 0.2666667 0.1333333 0
v -9.119999 -3.576279E-07 -7.999999 0.2666667 0.1333333 0
v -8.959999 -3.576279E-07 -7.999999 0.2666667 0.1333333 0
v -8.959999 -3.576279E-07 -8.319999 0.2666667 0.1333333 0
v -9.119999 -3.576279E-07 -8.319999 0.2666667 0.1333333 0
v -9.119999 -3.576279E-07 -8.159999 0.2666667 0.1333333 0
v -8.959999 -3.576279E-07 -8.159999 0.2666667 0.1333333 0
v -8.959999 -3.576279E-07 -8.479999 0.2666667 0.1333333 0
v -9.119999 -3.576279E-07 -8.479999 0.2666667 0.1333333 0
v -9.119999 -3.576279E-07 -8.319999 0.2666667 0.1333333 0
v -8.959999 -3.576279E-07 -8.319999 0.2666667 0.1333333 0
v -8.959999 -3.576279E-07 -8.639999 0.2666667 0.1333333 0
v -9.119999 -3.576279E-07 -8.639999 0.2666667 0.1333333 0
v -9.119999 -3.576279E-07 -8.479999 0.2666667 0.1333333 0
v -8.959999 -3.576279E-07 -8.479999 0.2666667 0.1333333 0
v -8.959999 -3.576279E-07 -8.799999 0.2666667 0.1333333 0
v -9.119999 -3.576279E-07 -8.799999 0.2666667 0.1333333 0
v -9.119999 -3.576279E-07 -8.639999 0.2666667 0.1333333 0
v -8.959999 -3.576279E-07 -8.639999 0.2666667 0.1333333 0
v -8.959999 -3.576279E-07 -8.959999 0.2666667 0.1333333 0
v -9.119999 -3.576279E-07 -8.959999 0.2666667 0.1333333 0
v -9.119999 -3.576279E-07 -8.799999 0.2666667 0.1333333 0
v -8.959999 -3.576279E-07 -8.799999 0.2666667 0.1333333 0
v -8.959999 -3.576279E-07 -9.119999 0.2666667 0.1333333 0
v -9.119999 -3.576279E-07 -9.119999 0.2666667 0.1333333 0
v -9.119999 -3.576279E-07 -8.959999 0.2666667 0.1333333 0
v -8.959999 -3.576279E-07 -8.959999 0.2666667 0.1333333 0
v -8.959999 -3.576279E-07 -9.279999 0.2666667 0.1333333 0
v -9.119999 -3.576279E-07 -9.279999 0.2666667 0.1333333 0
v -9.119999 -3.576279E-07 -9.119999 0.2666667 0.1333333 0
v -8.959999 -3.576279E-07 -9.119999 0.2666667 0.1333333 0
v -8.959999 -3.576279E-07 -9.439999 0.2666667 0.1333333 0
v -9.119999 -3.576279E-07 -9.439999 0.2666667 0.1333333 0
v -9.119999 -3.576279E-07 -9.279999 0.2666667 0.1333333 0
v -8.959999 -3.576279E-07 -9.279999 0.2666667 0.1333333 0
v -8.959999 -3.576279E-07 -9.599998 0.2666667 0.1333333 0
v -9.119999 -3.576279E-07 -9.599998 0.2666667 0.1333333 0
v -9.119999 -3.576279E-07 -9.439999 0.2666667 0.1333333 0
v -8.959999 -3.576279E-07 -9.439999 0.2666667 0.1333333 0
v -8.959999 0.6399996 -7.039999 0.24 0.12 0
v -9.119999 0.6399996 -7.039999 0.2133334 0.1066667 0
v -9.119999 0.6399996 -7.199999 0.24 0.12 0
v -8.959999 0.6399996 -7.199999 0.2666667 0.1333333 0
v -8.959999 0.6399996 -7.199999 0.2666667 0.1333333 0
v -9.119999 0.6399996 -7.199999 0.24 0.12 0
v -9.119999 0.6399996 -7.359999 0.2666667 0.1333333 0
v -8.959999 0.6399996 -7.359999 0.2666667 0.1333333 0
v -8.959999 0.6399996 -7.359999 0.2666667 0.1333333 0
v -9.119999 0.6399996 -7.359999 0.2666667 0.1333333 0
v -9.119999 0.6399996 -7.519999 0.2666667 0.1333333 0
v -8.959999 0.6399996 -7.519999 0.2666667 0.1333333 0
v -8.959999 0.6399996 -7.519999 0.2666667 0.1333333 0
v -9.119999 0.6399996 -7.519999 0.2666667 0.1333333 0
v -9.119999 0.6399996 -7.679999 0.2666667 0.1333333 0
v -8.959999 0.6399996 -7.679999 0.2666667 0.1333333 0
v -8.959999 0.6399996 -7.679999 0.2666667 0.1333333 0
v -9.119999 0.6399996 -7.679999 0.2666667 0.1333333 0
v -9.119999 0.6399996 -7.839999 0.2666667 0.1333333 0
v -8.959999 0.6399996 -7.839999 0.2666667 0.1333333 0
v -8.959999 0.6399996 -7.839999 0.2666667 0.1333333 0
v -9.119999 0.6399996 -7.839999 0.2666667 0.1333333 0
v -9.119999 0.6399996 -7.999999 0.2666667 0.1333333 0
v -8.959999 0.6399996 -7.999999 0.24 0.12 0
v -8.959999 0.6399996 -7.999999 0.24 0.12 0
v -9.119999 0.6399996 -7.999999 0.2666667 0.1333333 0
v -9.119999 0.6399996 -8.159999 0.24 0.12 0
v -8.959999 0.6399996 -8.159999 0.2133334 0.1066667 0
v -8.959999 0.6399996 -8.639999 0.24 0.12 0
v -9.119999 0.6399996 -8.639999 0.2133334 0.1066667 0
v -9.119999 0.6399996 -8.799999 0.24 0.12 0
v -8.959999 0.6399996 -8.799999 0.2666667 0.1333333 0
v -8.959999 0.6399996 -8.799999 0.2666667 0.1333333 0
v -9.119999 0.6399996 -8.799999 0.24 0.12 0
v -9.119999 0.6399996 -8.959999 0.2666667 0.1333333 0
v -8.959999 0.6399996 -8.959999 0.2666667 0.1333333 0
v -8.959999 0.6399996 -8.959999 0.2666667 0.1333333 0
v -9.119999 0.6399996 -8.959999 0.2666667 0.1333333 0
v -9.119999 0.6399996 -9.119999 0.2666667 0.1333333 0
v -8.959999 0.6399996 -9.119999 0.2666667 0.1333333 0
v -8.959999 0.6399996 -9.119999 0.2666667 0.1333333 0
v -9.119999 0.6399996 -9.119999 0.2666667 0.1333333 0
v -9.119999 0.6399996 -9.279999 0.2666667 0.1333333 0
v -8.959999 0.6399996 -9.279999 0.2666667 0.1333333 0
v -8.959999 0.6399996 -9.279999 0.2666667 0.1333333 0
v -9.119999 0.6399996 -9.279999 0.2666667 0.1333333 0
v -9.119999 0.6399996 -9.439999 0.2666667 0.1333333 0
v -8.959999 0.6399996 -9.439999 0.2666667 0.1333333 0
v -8.959999 0.6399996 -9.439999 0.2666667 0.1333333 0
v -9.119999 0.6399996 -9.439999 0.2666667 0.1333333 0
v -9.119999 0.6399996 -9.599998 0.2666667 0.1333333 0
v -8.959999 0.6399996 -9.599998 0.24 0.12 0
v -8.959999 0.7999996 -8.159999 0.1882353 0.09803922 0
v -9.119999 0.7999996 -8.159999 0.1882353 0.09803922 0
v -9.119999 0.7999996 -8.319999 0.1882353 0.09803922 0
v -8.959999 0.7999996 -8.319999 0.1882353 0.09803922 0
v -9.119999 0.6399996 -8.159999 0.1505882 0.07843138 0
v -9.119999 0.7999996 -8.159999 0.1882353 0.09803922 0
v -8.959999 0.7999996 -8.159999 0.1694118 0.0882353 0
v -8.959999 0.6399996 -8.159999 0.1505882 0.07843138 0
v -9.119999 0.6399996 -8.319999 0.1505882 0.07843138 0
v -9.119999 0.7999996 -8.319999 0.1694118 0.0882353 0
v -9.119999 0.7999996 -8.159999 0.1882353 0.09803922 0
v -9.119999 0.6399996 -8.159999 0.1505882 0.07843138 0
v -8.959999 0.7999996 -8.319999 0.1882353 0.09803922 0
v -9.119999 0.7999996 -8.319999 0.1882353 0.09803922 0
v -9.119999 0.7999996 -8.479999 0.1882353 0.09803922 0
v -8.959999 0.7999996 -8.479999 0.1882353 0.09803922 0
v -8.959999 0.7999996 -8.479999 0.1882353 0.09803922 0
v -9.119999 0.7999996 -8.479999 0.1882353 0.09803922 0
v -9.119999 0.7999996 -8.639999 0.1882353 0.09803922 0
v -8.959999 0.7999996 -8.639999 0.1882353 0.09803922 0
v -8.959999 0.6399996 -8.639999 0.1505882 0.07843138 0
v -8.959999 0.7999996 -8.639999 0.1882353 0.09803922 0
v -9.119999 0.7999996 -8.639999 0.1694118 0.0882353 0
v -9.119999 0.6399996 -8.639999 0.1505882 0.07843138 0
v -8.959999 0.6399996 -8.479999 0.1505882 0.07843138 0
v -8.959999 0.7999996 -8.479999 0.1694118 0.0882353 0
v -8.959999 0.7999996 -8.639999 0.1882353 0.09803922 0
v -8.959999 0.6399996 -8.639999 0.1505882 0.07843138 0
v -9.119999 -3.576279E-07 -7.199999 0.2666667 0.1333333 0
v -9.279999 -3.576279E-07 -7.199999 0.2666667 0.1333333 0
v -9.279999 -3.576279E-07 -7.039999 0.2666667 0.1333333 0
v -9.119999 -3.576279E-07 -7.039999 0.2666667 0.1333333 0
v -9.119999 -3.576279E-07 -7.359999 0.2666667 0.1333333 0
v -9.279999 -3.576279E-07 -7.359999 0.2666667 0.1333333 0
v -9.279999 -3.576279E-07 -7.199999 0.2666667 0.1333333 0
v -9.119999 -3.576279E-07 -7.199999 0.2666667 0.1333333 0
v -9.119999 -3.576279E-07 -7.519999 0.2666667 0.1333333 0
v -9.279999 -3.576279E-07 -7.519999 0.2666667 0.1333333 0
v -9.279999 -3.576279E-07 -7.359999 0.2666667 0.1333333 0
v -9.119999 -3.576279E-07 -7.359999 0.2666667 0.1333333 0
v -9.119999 -3.576279E-07 -7.679999 0.2666667 0.1333333 0
v -9.279999 -3.576279E-07 -7.679999 0.2666667 0.1333333 0
v -9.279999 -3.576279E-07 -7.519999 0.2666667 0.1333333 0
v -9.119999 -3.576279E-07 -7.519999 0.2666667 0.1333333 0
v -9.119999 -3.576279E-07 -7.839999 0.2666667 0.1333333 0
v -9.279999 -3.576279E-07 -7.839999 0.2666667 0.1333333 0
v -9.279999 -3.576279E-07 -7.679999 0.2666667 0.1333333 0
v -9.119999 -3.576279E-07 -7.679999 0.2666667 0.1333333 0
v -9.119999 -3.576279E-07 -7.999999 0.2666667 0.1333333 0
v -9.279999 -3.576279E-07 -7.999999 0.2666667 0.1333333 0
v -9.279999 -3.576279E-07 -7.839999 0.2666667 0.1333333 0
v -9.119999 -3.576279E-07 -7.839999 0.2666667 0.1333333 0
v -9.119999 -3.576279E-07 -8.159999 0.2666667 0.1333333 0
v -9.279999 -3.576279E-07 -8.159999 0.2666667 0.1333333 0
v -9.279999 -3.576279E-07 -7.999999 0.2666667 0.1333333 0
v -9.119999 -3.576279E-07 -7.999999 0.2666667 0.1333333 0
v -9.119999 -3.576279E-07 -8.319999 0.2666667 0.1333333 0
v -9.279999 -3.576279E-07 -8.319999 0.2666667 0.1333333 0
v -9.279999 -3.576279E-07 -8.159999 0.2666667 0.1333333 0
v -9.119999 -3.576279E-07 -8.159999 0.2666667 0.1333333 0
v -9.119999 -3.576279E-07 -8.479999 0.2666667 0.1333333 0
v -9.279999 -3.576279E-07 -8.479999 0.2666667 0.1333333 0
v -9.279999 -3.576279E-07 -8.319999 0.2666667 0.1333333 0
v -9.119999 -3.576279E-07 -8.319999 0.2666667 0.1333333 0
v -9.119999 -3.576279E-07 -8.639999 0.2666667 0.1333333 0
v -9.279999 -3.576279E-07 -8.639999 0.2666667 0.1333333 0
v -9.279999 -3.576279E-07 -8.479999 0.2666667 0.1333333 0
v -9.119999 -3.576279E-07 -8.479999 0.2666667 0.1333333 0
v -9.119999 -3.576279E-07 -8.799999 0.2666667 0.1333333 0
v -9.279999 -3.576279E-07 -8.799999 0.2666667 0.1333333 0
v -9.279999 -3.576279E-07 -8.639999 0.2666667 0.1333333 0
v -9.119999 -3.576279E-07 -8.639999 0.2666667 0.1333333 0
v -9.119999 -3.576279E-07 -8.959999 0.2666667 0.1333333 0
v -9.279999 -3.576279E-07 -8.959999 0.2666667 0.1333333 0
v -9.279999 -3.576279E-07 -8.799999 0.2666667 0.1333333 0
v -9.119999 -3.576279E-07 -8.799999 0.2666667 0.1333333 0
v -9.119999 -3.576279E-07 -9.119999 0.2666667 0.1333333 0
v -9.279999 -3.576279E-07 -9.119999 0.2666667 0.1333333 0
v -9.279999 -3.576279E-07 -8.959999 0.2666667 0.1333333 0
v -9.119999 -3.576279E-07 -8.959999 0.2666667 0.1333333 0
v -9.119999 -3.576279E-07 -9.279999 0.2666667 0.1333333 0
v -9.279999 -3.576279E-07 -9.279999 0.2666667 0.1333333 0
v -9.279999 -3.576279E-07 -9.119999 0.2666667 0.1333333 0
v -9.119999 -3.576279E-07 -9.119999 0.2666667 0.1333333 0
v -9.119999 -3.576279E-07 -9.439999 0.2666667 0.1333333 0
v -9.279999 -3.576279E-07 -9.439999 0.2666667 0.1333333 0
v -9.279999 -3.576279E-07 -9.279999 0.2666667 0.1333333 0
v -9.119999 -3.576279E-07 -9.279999 0.2666667 0.1333333 0
v -9.119999 -3.576279E-07 -9.599998 0.2666667 0.1333333 0
v -9.279999 -3.576279E-07 -9.599998 0.2666667 0.1333333 0
v -9.279999 -3.576279E-07 -9.439999 0.2666667 0.1333333 0
v -9.119999 -3.576279E-07 -9.439999 0.2666667 0.1333333 0
v -9.119999 0.6399996 -7.199999 0.24 0.12 0
v -9.279999 0.6399996 -7.199999 0.2133334 0.1066667 0
v -9.279999 0.6399996 -7.359999 0.24 0.12 0
v -9.119999 0.6399996 -7.359999 0.2666667 0.1333333 0
v -9.119999 0.6399996 -7.359999 0.2666667 0.1333333 0
v -9.279999 0.6399996 -7.359999 0.24 0.12 0
v -9.279999 0.6399996 -7.519999 0.2666667 0.1333333 0
v -9.119999 0.6399996 -7.519999 0.2666667 0.1333333 0
v -9.119999 0.6399996 -7.519999 0.2666667 0.1333333 0
v -9.279999 0.6399996 -7.519999 0.2666667 0.1333333 0
v -9.279999 0.6399996 -7.679999 0.2666667 0.1333333 0
v -9.119999 0.6399996 -7.679999 0.2666667 0.1333333 0
v -9.119999 0.6399996 -7.679999 0.2666667 0.1333333 0
v -9.279999 0.6399996 -7.679999 0.2666667 0.1333333 0
v -9.279999 0.6399996 -7.839999 0.2666667 0.1333333 0
v -9.119999 0.6399996 -7.839999 0.2666667 0.1333333 0
v -9.119999 0.6399996 -7.839999 0.2666667 0.1333333 0
v -9.279999 0.6399996 -7.839999 0.2666667 0.1333333 0
v -9.279999 0.6399996 -7.999999 0.2666667 0.1333333 0
v -9.119999 0.6399996 -7.999999 0.2666667 0.1333333 0
v -9.119999 0.6399996 -7.999999 0.2666667 0.1333333 0
v -9.279999 0.6399996 -7.999999 0.2666667 0.1333333 0
v -9.279999 0.6399996 -8.159999 0.2666667 0.1333333 0
v -9.119999 0.6399996 -8.159999 0.24 0.12 0
v -9.119999 0.6399996 -8.159999 0.24 0.12 0
v -9.279999 0.6399996 -8.159999 0.2666667 0.1333333 0
v -9.279999 0.6399996 -8.319999 0.24 0.12 0
v -9.119999 0.6399996 -8.319999 0.2133334 0.1066667 0
v -9.119999 0.6399996 -8.799999 0.24 0.12 0
v -9.279999 0.6399996 -8.799999 0.2133334 0.1066667 0
v -9.279999 0.6399996 -8.959999 0.24 0.12 0
v -9.119999 0.6399996 -8.959999 0.2666667 0.1333333 0
v -9.119999 0.6399996 -8.959999 0.2666667 0.1333333 0
v -9.279999 0.6399996 -8.959999 0.24 0.12 0
v -9.279999 0.6399996 -9.119999 0.2666667 0.1333333 0
v -9.119999 0.6399996 -9.119999 0.2666667 0.1333333 0
v -9.119999 0.6399996 -9.119999 0.2666667 0.1333333 0
v -9.279999 0.6399996 -9.119999 0.2666667 0.1333333 0
v -9.279999 0.6399996 -9.279999 0.2666667 0.1333333 0
v -9.119999 0.6399996 -9.279999 0.2666667 0.1333333 0
v -9.119999 0.6399996 -9.279999 0.2666667 0.1333333 0
v -9.279999 0.6399996 -9.279999 0.2666667 0.1333333 0
v -9.279999 0.6399996 -9.439999 0.2666667 0.1333333 0
v -9.119999 0.6399996 -9.439999 0.2666667 0.1333333 0
v -9.119999 0.6399996 -9.439999 0.2666667 0.1333333 0
v -9.279999 0.6399996 -9.439999 0.2666667 0.1333333 0
v -9.279999 0.6399996 -9.599998 0.2666667 0.1333333 0
v -9.119999 0.6399996 -9.599998 0.2666667 0.1333333 0
v -9.119999 0.7999996 -7.039999 0.1882353 0.09803922 0
v -9.279999 0.7999996 -7.039999 0.1882353 0.09803922 0
v -9.279999 0.7999996 -7.199999 0.1882353 0.09803922 0
v -9.119999 0.7999996 -7.199999 0.1882353 0.09803922 0
v -9.119999 0.6399996 -7.199999 0.1505882 0.07843138 0
v -9.119999 0.7999996 -7.199999 0.1882353 0.09803922 0
v -9.279999 0.7999996 -7.199999 0.1694118 0.0882353 0
v -9.279999 0.6399996 -7.199999 0.1505882 0.07843138 0
v -9.119999 0.6399996 -7.039999 0.1505882 0.07843138 0
v -9.119999 0.7999996 -7.039999 0.1694118 0.0882353 0
v -9.119999 0.7999996 -7.199999 0.1882353 0.09803922 0
v -9.119999 0.6399996 -7.199999 0.1505882 0.07843138 0
v -9.119999 0.7999996 -8.319999 0.1882353 0.09803922 0
v -9.279999 0.7999996 -8.319999 0.1882353 0.09803922 0
v -9.279999 0.7999996 -8.479999 0.1882353 0.09803922 0
v -9.119999 0.7999996 -8.479999 0.1882353 0.09803922 0
v -9.279999 0.6399996 -8.319999 0.1505882 0.07843138 0
v -9.279999 0.7999996 -8.319999 0.1882353 0.09803922 0
v -9.119999 0.7999996 -8.319999 0.1694118 0.0882353 0
v -9.119999 0.6399996 -8.319999 0.1505882 0.07843138 0
v -9.279999 0.6399996 -8.479999 0.1505882 0.07843138 0
v -9.279999 0.7999996 -8.479999 0.1694118 0.0882353 0
v -9.279999 0.7999996 -8.319999 0.1882353 0.09803922 0
v -9.279999 0.6399996 -8.319999 0.1505882 0.07843138 0
v -9.119999 0.7999996 -8.479999 0.1882353 0.09803922 0
v -9.279999 0.7999996 -8.479999 0.1882353 0.09803922 0
v -9.279999 0.7999996 -8.639999 0.1882353 0.09803922 0
v -9.119999 0.7999996 -8.639999 0.1882353 0.09803922 0
v -9.119999 0.7999996 -8.639999 0.1882353 0.09803922 0
v -9.279999 0.7999996 -8.639999 0.1882353 0.09803922 0
v -9.279999 0.7999996 -8.799999 0.1882353 0.09803922 0
v -9.119999 0.7999996 -8.799999 0.1882353 0.09803922 0
v -9.119999 0.6399996 -8.799999 0.1505882 0.07843138 0
v -9.119999 0.7999996 -8.799999 0.1882353 0.09803922 0
v -9.279999 0.7999996 -8.799999 0.1694118 0.0882353 0
v -9.279999 0.6399996 -8.799999 0.1505882 0.07843138 0
v -9.119999 0.6399996 -8.639999 0.1505882 0.07843138 0
v -9.119999 0.7999996 -8.639999 0.1694118 0.0882353 0
v -9.119999 0.7999996 -8.799999 0.1882353 0.09803922 0
v -9.119999 0.6399996 -8.799999 0.1505882 0.07843138 0
v -9.279999 -3.576279E-07 -7.199999 0.2666667 0.1333333 0
v -9.439999 -3.576279E-07 -7.199999 0.2666667 0.1333333 0
v -9.439999 -3.576279E-07 -7.039999 0.2666667 0.1333333 0
v -9.279999 -3.576279E-07 -7.039999 0.2666667 0.1333333 0
v -9.279999 -3.576279E-07 -7.359999 0.2666667 0.1333333 0
v -9.439999 -3.576279E-07 -7.359999 0.2666667 0.1333333 0
v -9.439999 -3.576279E-07 -7.199999 0.2666667 0.1333333 0
v -9.279999 -3.576279E-07 -7.199999 0.2666667 0.1333333 0
v -9.279999 -3.576279E-07 -7.519999 0.2666667 0.1333333 0
v -9.439999 -3.576279E-07 -7.519999 0.2666667 0.1333333 0
v -9.439999 -3.576279E-07 -7.359999 0.2666667 0.1333333 0
v -9.279999 -3.576279E-07 -7.359999 0.2666667 0.1333333 0
v -9.279999 -3.576279E-07 -7.679999 0.2666667 0.1333333 0
v -9.439999 -3.576279E-07 -7.679999 0.2666667 0.1333333 0
v -9.439999 -3.576279E-07 -7.519999 0.2666667 0.1333333 0
v -9.279999 -3.576279E-07 -7.519999 0.2666667 0.1333333 0
v -9.279999 -3.576279E-07 -7.839999 0.2666667 0.1333333 0
v -9.439999 -3.576279E-07 -7.839999 0.2666667 0.1333333 0
v -9.439999 -3.576279E-07 -7.679999 0.2666667 0.1333333 0
v -9.279999 -3.576279E-07 -7.679999 0.2666667 0.1333333 0
v -9.279999 -3.576279E-07 -7.999999 0.2666667 0.1333333 0
v -9.439999 -3.576279E-07 -7.999999 0.2666667 0.1333333 0
v -9.439999 -3.576279E-07 -7.839999 0.2666667 0.1333333 0
v -9.279999 -3.576279E-07 -7.839999 0.2666667 0.1333333 0
v -9.279999 -3.576279E-07 -8.159999 0.2666667 0.1333333 0
v -9.439999 -3.576279E-07 -8.159999 0.2666667 0.1333333 0
v -9.439999 -3.576279E-07 -7.999999 0.2666667 0.1333333 0
v -9.279999 -3.576279E-07 -7.999999 0.2666667 0.1333333 0
v -9.279999 -3.576279E-07 -8.319999 0.2666667 0.1333333 0
v -9.439999 -3.576279E-07 -8.319999 0.2666667 0.1333333 0
v -9.439999 -3.576279E-07 -8.159999 0.2666667 0.1333333 0
v -9.279999 -3.576279E-07 -8.159999 0.2666667 0.1333333 0
v -9.279999 -3.576279E-07 -8.479999 0.2666667 0.1333333 0
v -9.439999 -3.576279E-07 -8.479999 0.2666667 0.1333333 0
v -9.439999 -3.576279E-07 -8.319999 0.2666667 0.1333333 0
v -9.279999 -3.576279E-07 -8.319999 0.2666667 0.1333333 0
v -9.279999 -3.576279E-07 -8.639999 0.2666667 0.1333333 0
v -9.439999 -3.576279E-07 -8.639999 0.2666667 0.1333333 0
v -9.439999 -3.576279E-07 -8.479999 0.2666667 0.1333333 0
v -9.279999 -3.576279E-07 -8.479999 0.2666667 0.1333333 0
v -9.279999 -3.576279E-07 -8.799999 0.2666667 0.1333333 0
v -9.439999 -3.576279E-07 -8.799999 0.2666667 0.1333333 0
v -9.439999 -3.576279E-07 -8.639999 0.2666667 0.1333333 0
v -9.279999 -3.576279E-07 -8.639999 0.2666667 0.1333333 0
v -9.279999 -3.576279E-07 -8.959999 0.2666667 0.1333333 0
v -9.439999 -3.576279E-07 -8.959999 0.2666667 0.1333333 0
v -9.439999 -3.576279E-07 -8.799999 0.2666667 0.1333333 0
v -9.279999 -3.576279E-07 -8.799999 0.2666667 0.1333333 0
v -9.279999 -3.576279E-07 -9.119999 0.2666667 0.1333333 0
v -9.439999 -3.576279E-07 -9.119999 0.2666667 0.1333333 0
v -9.439999 -3.576279E-07 -8.959999 0.2666667 0.1333333 0
v -9.279999 -3.576279E-07 -8.959999 0.2666667 0.1333333 0
v -9.279999 -3.576279E-07 -9.279999 0.2666667 0.1333333 0
v -9.439999 -3.576279E-07 -9.279999 0.2666667 0.1333333 0
v -9.439999 -3.576279E-07 -9.119999 0.2666667 0.1333333 0
v -9.279999 -3.576279E-07 -9.119999 0.2666667 0.1333333 0
v -9.279999 -3.576279E-07 -9.439999 0.2666667 0.1333333 0
v -9.439999 -3.576279E-07 -9.439999 0.2666667 0.1333333 0
v -9.439999 -3.576279E-07 -9.279999 0.2666667 0.1333333 0
v -9.279999 -3.576279E-07 -9.279999 0.2666667 0.1333333 0
v -9.279999 -3.576279E-07 -9.599998 0.2666667 0.1333333 0
v -9.439999 -3.576279E-07 -9.599998 0.2666667 0.1333333 0
v -9.439999 -3.576279E-07 -9.439999 0.2666667 0.1333333 0
v -9.279999 -3.576279E-07 -9.439999 0.2666667 0.1333333 0
v -9.279999 0.6399996 -7.359999 0.24 0.12 0
v -9.439999 0.6399996 -7.359999 0.2133334 0.1066667 0
v -9.439999 0.6399996 -7.519999 0.24 0.12 0
v -9.279999 0.6399996 -7.519999 0.2666667 0.1333333 0
v -9.279999 0.6399996 -7.519999 0.2666667 0.1333333 0
v -9.439999 0.6399996 -7.519999 0.24 0.12 0
v -9.439999 0.6399996 -7.679999 0.2666667 0.1333333 0
v -9.279999 0.6399996 -7.679999 0.2666667 0.1333333 0
v -9.279999 0.6399996 -7.679999 0.2666667 0.1333333 0
v -9.439999 0.6399996 -7.679999 0.2666667 0.1333333 0
v -9.439999 0.6399996 -7.839999 0.2666667 0.1333333 0
v -9.279999 0.6399996 -7.839999 0.2666667 0.1333333 0
v -9.279999 0.6399996 -7.839999 0.2666667 0.1333333 0
v -9.439999 0.6399996 -7.839999 0.2666667 0.1333333 0
v -9.439999 0.6399996 -7.999999 0.2666667 0.1333333 0
v -9.279999 0.6399996 -7.999999 0.2666667 0.1333333 0
v -9.279999 0.6399996 -7.999999 0.2666667 0.1333333 0
v -9.439999 0.6399996 -7.999999 0.2666667 0.1333333 0
v -9.439999 0.6399996 -8.159999 0.2666667 0.1333333 0
v -9.279999 0.6399996 -8.159999 0.2666667 0.1333333 0
v -9.279999 0.6399996 -8.159999 0.2666667 0.1333333 0
v -9.439999 0.6399996 -8.159999 0.2666667 0.1333333 0
v -9.439999 0.6399996 -8.319999 0.2666667 0.1333333 0
v -9.279999 0.6399996 -8.319999 0.24 0.12 0
v -9.279999 0.6399996 -8.319999 0.24 0.12 0
v -9.439999 0.6399996 -8.319999 0.2666667 0.1333333 0
v -9.439999 0.6399996 -8.479999 0.24 0.12 0
v -9.279999 0.6399996 -8.479999 0.2133334 0.1066667 0
v -9.279999 0.6399996 -8.959999 0.24 0.12 0
v -9.439999 0.6399996 -8.959999 0.2133334 0.1066667 0
v -9.439999 0.6399996 -9.119999 0.24 0.12 0
v -9.279999 0.6399996 -9.119999 0.2666667 0.1333333 0
v -9.279999 0.6399996 -9.119999 0.2666667 0.1333333 0
v -9.439999 0.6399996 -9.119999 0.24 0.12 0
v -9.439999 0.6399996 -9.279999 0.2666667 0.1333333 0
v -9.279999 0.6399996 -9.279999 0.2666667 0.1333333 0
v -9.279999 0.6399996 -9.279999 0.2666667 0.1333333 0
v -9.439999 0.6399996 -9.279999 0.2666667 0.1333333 0
v -9.439999 0.6399996 -9.439999 0.2666667 0.1333333 0
v -9.279999 0.6399996 -9.439999 0.2666667 0.1333333 0
v -9.279999 0.6399996 -9.439999 0.2666667 0.1333333 0
v -9.439999 0.6399996 -9.439999 0.2666667 0.1333333 0
v -9.439999 0.6399996 -9.599998 0.2666667 0.1333333 0
v -9.279999 0.6399996 -9.599998 0.2666667 0.1333333 0
v -9.279999 0.7999996 -7.039999 0.1882353 0.09803922 0
v -9.439999 0.7999996 -7.039999 0.1882353 0.09803922 0
v -9.439999 0.7999996 -7.199999 0.1882353 0.09803922 0
v -9.279999 0.7999996 -7.199999 0.1882353 0.09803922 0
v -9.279999 0.7999996 -7.199999 0.1882353 0.09803922 0
v -9.439999 0.7999996 -7.199999 0.1882353 0.09803922 0
v -9.439999 0.7999996 -7.359999 0.1882353 0.09803922 0
v -9.279999 0.7999996 -7.359999 0.1882353 0.09803922 0
v -9.279999 0.6399996 -7.359999 0.1505882 0.07843138 0
v -9.279999 0.7999996 -7.359999 0.1882353 0.09803922 0
v -9.439999 0.7999996 -7.359999 0.1694118 0.0882353 0
v -9.439999 0.6399996 -7.359999 0.1505882 0.07843138 0
v -9.279999 0.6399996 -7.199999 0.1505882 0.07843138 0
v -9.279999 0.7999996 -7.199999 0.1694118 0.0882353 0
v -9.279999 0.7999996 -7.359999 0.1882353 0.09803922 0
v -9.279999 0.6399996 -7.359999 0.1505882 0.07843138 0
v -9.279999 0.7999996 -8.479999 0.1882353 0.09803922 0
v -9.439999 0.7999996 -8.479999 0.1882353 0.09803922 0
v -9.439999 0.7999996 -8.639999 0.1882353 0.09803922 0
v -9.279999 0.7999996 -8.639999 0.1882353 0.09803922 0
v -9.439999 0.6399996 -8.479999 0.1505882 0.07843138 0
v -9.439999 0.7999996 -8.479999 0.1882353 0.09803922 0
v -9.279999 0.7999996 -8.479999 0.1694118 0.0882353 0
v -9.279999 0.6399996 -8.479999 0.1505882 0.07843138 0
v -9.439999 0.6399996 -8.639999 0.1505882 0.07843138 0
v -9.439999 0.7999996 -8.639999 0.1694118 0.0882353 0
v -9.439999 0.7999996 -8.479999 0.1882353 0.09803922 0
v -9.439999 0.6399996 -8.479999 0.1505882 0.07843138 0
v -9.279999 0.7999996 -8.639999 0.1882353 0.09803922 0
v -9.439999 0.7999996 -8.639999 0.1882353 0.09803922 0
v -9.439999 0.7999996 -8.799999 0.1882353 0.09803922 0
v -9.279999 0.7999996 -8.799999 0.1882353 0.09803922 0
v -9.279999 0.7999996 -8.799999 0.1882353 0.09803922 0
v -9.439999 0.7999996 -8.799999 0.1882353 0.09803922 0
v -9.439999 0.7999996 -8.959999 0.1882353 0.09803922 0
v -9.279999 0.7999996 -8.959999 0.1882353 0.09803922 0
v -9.279999 0.6399996 -8.959999 0.1505882 0.07843138 0
v -9.279999 0.7999996 -8.959999 0.1882353 0.09803922 0
v -9.439999 0.7999996 -8.959999 0.1694118 0.0882353 0
v -9.439999 0.6399996 -8.959999 0.1505882 0.07843138 0
v -9.279999 0.6399996 -8.799999 0.1505882 0.07843138 0
v -9.279999 0.7999996 -8.799999 0.1694118 0.0882353 0
v -9.279999 0.7999996 -8.959999 0.1882353 0.09803922 0
v -9.279999 0.6399996 -8.959999 0.1505882 0.07843138 0
v -9.439999 -3.576279E-07 -7.199999 0.2666667 0.1333333 0
v -9.599998 -3.576279E-07 -7.199999 0.2666667 0.1333333 0
v -9.599998 -3.576279E-07 -7.039999 0.2666667 0.1333333 0
v -9.439999 -3.576279E-07 -7.039999 0.2666667 0.1333333 0
v -9.439999 -3.576279E-07 -7.359999 0.2666667 0.1333333 0
v -9.599998 -3.576279E-07 -7.359999 0.2666667 0.1333333 0
v -9.599998 -3.576279E-07 -7.199999 0.2666667 0.1333333 0
v -9.439999 -3.576279E-07 -7.199999 0.2666667 0.1333333 0
v -9.439999 -3.576279E-07 -7.519999 0.2666667 0.1333333 0
v -9.599998 -3.576279E-07 -7.519999 0.2666667 0.1333333 0
v -9.599998 -3.576279E-07 -7.359999 0.2666667 0.1333333 0
v -9.439999 -3.576279E-07 -7.359999 0.2666667 0.1333333 0
v -9.439999 -3.576279E-07 -7.679999 0.2666667 0.1333333 0
v -9.599998 -3.576279E-07 -7.679999 0.2666667 0.1333333 0
v -9.599998 -3.576279E-07 -7.519999 0.2666667 0.1333333 0
v -9.439999 -3.576279E-07 -7.519999 0.2666667 0.1333333 0
v -9.439999 -3.576279E-07 -7.839999 0.2666667 0.1333333 0
v -9.599998 -3.576279E-07 -7.839999 0.2666667 0.1333333 0
v -9.599998 -3.576279E-07 -7.679999 0.2666667 0.1333333 0
v -9.439999 -3.576279E-07 -7.679999 0.2666667 0.1333333 0
v -9.439999 -3.576279E-07 -7.999999 0.2666667 0.1333333 0
v -9.599998 -3.576279E-07 -7.999999 0.2666667 0.1333333 0
v -9.599998 -3.576279E-07 -7.839999 0.2666667 0.1333333 0
v -9.439999 -3.576279E-07 -7.839999 0.2666667 0.1333333 0
v -9.439999 -3.576279E-07 -8.159999 0.2666667 0.1333333 0
v -9.599998 -3.576279E-07 -8.159999 0.2666667 0.1333333 0
v -9.599998 -3.576279E-07 -7.999999 0.2666667 0.1333333 0
v -9.439999 -3.576279E-07 -7.999999 0.2666667 0.1333333 0
v -9.439999 -3.576279E-07 -8.319999 0.2666667 0.1333333 0
v -9.599998 -3.576279E-07 -8.319999 0.2666667 0.1333333 0
v -9.599998 -3.576279E-07 -8.159999 0.2666667 0.1333333 0
v -9.439999 -3.576279E-07 -8.159999 0.2666667 0.1333333 0
v -9.439999 -3.576279E-07 -8.479999 0.2666667 0.1333333 0
v -9.599998 -3.576279E-07 -8.479999 0.2666667 0.1333333 0
v -9.599998 -3.576279E-07 -8.319999 0.2666667 0.1333333 0
v -9.439999 -3.576279E-07 -8.319999 0.2666667 0.1333333 0
v -9.439999 -3.576279E-07 -8.639999 0.2666667 0.1333333 0
v -9.599998 -3.576279E-07 -8.639999 0.2666667 0.1333333 0
v -9.599998 -3.576279E-07 -8.479999 0.2666667 0.1333333 0
v -9.439999 -3.576279E-07 -8.479999 0.2666667 0.1333333 0
v -9.439999 -3.576279E-07 -8.799999 0.2666667 0.1333333 0
v -9.599998 -3.576279E-07 -8.799999 0.2666667 0.1333333 0
v -9.599998 -3.576279E-07 -8.639999 0.2666667 0.1333333 0
v -9.439999 -3.576279E-07 -8.639999 0.2666667 0.1333333 0
v -9.439999 -3.576279E-07 -8.959999 0.2666667 0.1333333 0
v -9.599998 -3.576279E-07 -8.959999 0.2666667 0.1333333 0
v -9.599998 -3.576279E-07 -8.799999 0.2666667 0.1333333 0
v -9.439999 -3.576279E-07 -8.799999 0.2666667 0.1333333 0
v -9.439999 -3.576279E-07 -9.119999 0.2666667 0.1333333 0
v -9.599998 -3.576279E-07 -9.119999 0.2666667 0.1333333 0
v -9.599998 -3.576279E-07 -8.959999 0.2666667 0.1333333 0
v -9.439999 -3.576279E-07 -8.959999 0.2666667 0.1333333 0
v -9.439999 -3.576279E-07 -9.279999 0.2666667 0.1333333 0
v -9.599998 -3.576279E-07 -9.279999 0.2666667 0.1333333 0
v -9.599998 -3.576279E-07 -9.119999 0.2666667 0.1333333 0
v -9.439999 -3.576279E-07 -9.119999 0.2666667 0.1333333 0
v -9.439999 -3.576279E-07 -9.439999 0.2666667 0.1333333 0
v -9.599998 -3.576279E-07 -9.439999 0.2666667 0.1333333 0
v -9.599998 -3.576279E-07 -9.279999 0.2666667 0.1333333 0
v -9.439999 -3.576279E-07 -9.279999 0.2666667 0.1333333 0
v -9.439999 -3.576279E-07 -9.599998 0.2666667 0.1333333 0
v -9.599998 -3.576279E-07 -9.599998 0.2666667 0.1333333 0
v -9.599998 -3.576279E-07 -9.439999 0.2666667 0.1333333 0
v -9.439999 -3.576279E-07 -9.439999 0.2666667 0.1333333 0
v -9.439999 0.6399996 -7.519999 0.24 0.12 0
v -9.599998 0.6399996 -7.519999 0.2133334 0.1066667 0
v -9.599998 0.6399996 -7.679999 0.24 0.12 0
v -9.439999 0.6399996 -7.679999 0.2666667 0.1333333 0
v -9.439999 0.6399996 -7.679999 0.2666667 0.1333333 0
v -9.599998 0.6399996 -7.679999 0.24 0.12 0
v -9.599998 0.6399996 -7.839999 0.2666667 0.1333333 0
v -9.439999 0.6399996 -7.839999 0.2666667 0.1333333 0
v -9.439999 0.6399996 -7.839999 0.2666667 0.1333333 0
v -9.599998 0.6399996 -7.839999 0.2666667 0.1333333 0
v -9.599998 0.6399996 -7.999999 0.2666667 0.1333333 0
v -9.439999 0.6399996 -7.999999 0.2666667 0.1333333 0
v -9.439999 0.6399996 -7.999999 0.2666667 0.1333333 0
v -9.599998 0.6399996 -7.999999 0.2666667 0.1333333 0
v -9.599998 0.6399996 -8.159999 0.2666667 0.1333333 0
v -9.439999 0.6399996 -8.159999 0.2666667 0.1333333 0
v -9.439999 0.6399996 -8.159999 0.2666667 0.1333333 0
v -9.599998 0.6399996 -8.159999 0.2666667 0.1333333 0
v -9.599998 0.6399996 -8.319999 0.2666667 0.1333333 0
v -9.439999 0.6399996 -8.319999 0.2666667 0.1333333 0
v -9.439999 0.6399996 -8.319999 0.2666667 0.1333333 0
v -9.599998 0.6399996 -8.319999 0.2666667 0.1333333 0
v -9.599998 0.6399996 -8.479999 0.2666667 0.1333333 0
v -9.439999 0.6399996 -8.479999 0.24 0.12 0
v -9.439999 0.6399996 -8.479999 0.24 0.12 0
v -9.599998 0.6399996 -8.479999 0.2666667 0.1333333 0
v -9.599998 0.6399996 -8.639999 0.24 0.12 0
v -9.439999 0.6399996 -8.639999 0.2133334 0.1066667 0
v -9.439999 0.6399996 -9.119999 0.24 0.12 0
v -9.599998 0.6399996 -9.119999 0.2133334 0.1066667 0
v -9.599998 0.6399996 -9.279999 0.24 0.12 0
v -9.439999 0.6399996 -9.279999 0.2666667 0.1333333 0
v -9.439999 0.6399996 -9.279999 0.2666667 0.1333333 0
v -9.599998 0.6399996 -9.279999 0.24 0.12 0
v -9.599998 0.6399996 -9.439999 0.2666667 0.1333333 0
v -9.439999 0.6399996 -9.439999 0.2666667 0.1333333 0
v -9.439999 0.6399996 -9.439999 0.2666667 0.1333333 0
v -9.599998 0.6399996 -9.439999 0.2666667 0.1333333 0
v -9.599998 0.6399996 -9.599998 0.2666667 0.1333333 0
v -9.439999 0.6399996 -9.599998 0.2666667 0.1333333 0
v -9.439999 0.7999996 -7.039999 0.1882353 0.09803922 0
v -9.599998 0.7999996 -7.039999 0.1882353 0.09803922 0
v -9.599998 0.7999996 -7.199999 0.1882353 0.09803922 0
v -9.439999 0.7999996 -7.199999 0.1882353 0.09803922 0
v -9.599998 0.6399996 -7.039999 0.1505882 0.07843138 0
v -9.599998 0.7999996 -7.039999 0.1882353 0.09803922 0
v -9.439999 0.7999996 -7.039999 0.1694118 0.0882353 0
v -9.439999 0.6399996 -7.039999 0.1505882 0.07843138 0
v -9.599998 0.6399996 -7.199999 0.1505882 0.07843138 0
v -9.599998 0.7999996 -7.199999 0.1694118 0.0882353 0
v -9.599998 0.7999996 -7.039999 0.1882353 0.09803922 0
v -9.599998 0.6399996 -7.039999 0.1505882 0.07843138 0
v -9.439999 0.7999996 -7.199999 0.1882353 0.09803922 0
v -9.599998 0.7999996 -7.199999 0.1882353 0.09803922 0
v -9.599998 0.7999996 -7.359999 0.1882353 0.09803922 0
v -9.439999 0.7999996 -7.359999 0.1882353 0.09803922 0
v -9.439999 0.7999996 -7.359999 0.1882353 0.09803922 0
v -9.599998 0.7999996 -7.359999 0.1882353 0.09803922 0
v -9.599998 0.7999996 -7.519999 0.1882353 0.09803922 0
v -9.439999 0.7999996 -7.519999 0.1882353 0.09803922 0
v -9.439999 0.6399996 -7.519999 0.1505882 0.07843138 0
v -9.439999 0.7999996 -7.519999 0.1882353 0.09803922 0
v -9.599998 0.7999996 -7.519999 0.1694118 0.0882353 0
v -9.599998 0.6399996 -7.519999 0.1505882 0.07843138 0
v -9.439999 0.6399996 -7.359999 0.1505882 0.07843138 0
v -9.439999 0.7999996 -7.359999 0.1694118 0.0882353 0
v -9.439999 0.7999996 -7.519999 0.1882353 0.09803922 0
v -9.439999 0.6399996 -7.519999 0.1505882 0.07843138 0
v -9.439999 0.7999996 -8.639999 0.1882353 0.09803922 0
v -9.599998 0.7999996 -8.639999 0.1882353 0.09803922 0
v -9.599998 0.7999996 -8.799999 0.1882353 0.09803922 0
v -9.439999 0.7999996 -8.799999 0.1882353 0.09803922 0
v -9.599998 0.6399996 -8.639999 0.1505882 0.07843138 0
v -9.599998 0.7999996 -8.639999 0.1882353 0.09803922 0
v -9.439999 0.7999996 -8.639999 0.1694118 0.0882353 0
v -9.439999 0.6399996 -8.639999 0.1505882 0.07843138 0
v -9.599998 0.6399996 -8.799999 0.1505882 0.07843138 0
v -9.599998 0.7999996 -8.799999 0.1694118 0.0882353 0
v -9.599998 0.7999996 -8.639999 0.1882353 0.09803922 0
v -9.599998 0.6399996 -8.639999 0.1505882 0.07843138 0
v -9.439999 0.7999996 -8.799999 0.1882353 0.09803922 0
v -9.599998 0.7999996 -8.799999 0.1882353 0.09803922 0
v -9.599998 0.7999996 -8.959999 0.1882353 0.09803922 0
v -9.439999 0.7999996 -8.959999 0.1882353 0.09803922 0
v -9.439999 0.7999996 -8.959999 0.1882353 0.09803922 0
v -9.599998 0.7999996 -8.959999 0.1882353 0.09803922 0
v -9.599998 0.7999996 -9.119999 0.1882353 0.09803922 0
v -9.439999 0.7999996 -9.119999 0.1882353 0.09803922 0
v -9.439999 0.6399996 -9.119999 0.1505882 0.07843138 0
v -9.439999 0.7999996 -9.119999 0.1882353 0.09803922 0
v -9.599998 0.7999996 -9.119999 0.1694118 0.0882353 0
v -9.599998 0.6399996 -9.119999 0.1505882 0.07843138 0
v -9.439999 0.6399996 -8.959999 0.1505882 0.07843138 0
v -9.439999 0.7999996 -8.959999 0.1694118 0.0882353 0
v -9.439999 0.7999996 -9.119999 0.1882353 0.09803922 0
v -9.439999 0.6399996 -9.119999 0.1505882 0.07843138 0
v -7.039999 -3.576279E-07 -9.759998 0.2666667 0.1333333 0
v -7.199999 -3.576279E-07 -9.759998 0.2666667 0.1333333 0
v -7.199999 -3.576279E-07 -9.599998 0.2666667 0.1333333 0
v -7.039999 -3.576279E-07 -9.599998 0.2666667 0.1333333 0
v -7.039999 -3.576279E-07 -9.919998 0.2666667 0.1333333 0
v -7.199999 -3.576279E-07 -9.919998 0.2666667 0.1333333 0
v -7.199999 -3.576279E-07 -9.759998 0.2666667 0.1333333 0
v -7.039999 -3.576279E-07 -9.759998 0.2666667 0.1333333 0
v -7.039999 -3.576279E-07 -10.08 0.2666667 0.1333333 0
v -7.199999 -3.576279E-07 -10.08 0.2666667 0.1333333 0
v -7.199999 -3.576279E-07 -9.919998 0.2666667 0.1333333 0
v -7.039999 -3.576279E-07 -9.919998 0.2666667 0.1333333 0
v -7.039999 -3.576279E-07 -10.24 0.2666667 0.1333333 0
v -7.199999 -3.576279E-07 -10.24 0.2666667 0.1333333 0
v -7.199999 -3.576279E-07 -10.08 0.2666667 0.1333333 0
v -7.039999 -3.576279E-07 -10.08 0.2666667 0.1333333 0
v -7.039999 -3.576279E-07 -10.4 0.2666667 0.1333333 0
v -7.199999 -3.576279E-07 -10.4 0.2666667 0.1333333 0
v -7.199999 -3.576279E-07 -10.24 0.2666667 0.1333333 0
v -7.039999 -3.576279E-07 -10.24 0.2666667 0.1333333 0
v -7.039999 -3.576279E-07 -10.56 0.2666667 0.1333333 0
v -7.199999 -3.576279E-07 -10.56 0.2666667 0.1333333 0
v -7.199999 -3.576279E-07 -10.4 0.2666667 0.1333333 0
v -7.039999 -3.576279E-07 -10.4 0.2666667 0.1333333 0
v -7.039999 -3.576279E-07 -10.72 0.2666667 0.1333333 0
v -7.199999 -3.576279E-07 -10.72 0.2666667 0.1333333 0
v -7.199999 -3.576279E-07 -10.56 0.2666667 0.1333333 0
v -7.039999 -3.576279E-07 -10.56 0.2666667 0.1333333 0
v -7.039999 -3.576279E-07 -10.88 0.2666667 0.1333333 0
v -7.199999 -3.576279E-07 -10.88 0.2666667 0.1333333 0
v -7.199999 -3.576279E-07 -10.72 0.2666667 0.1333333 0
v -7.039999 -3.576279E-07 -10.72 0.2666667 0.1333333 0
v -7.039999 -3.576279E-07 -11.04 0.2666667 0.1333333 0
v -7.199999 -3.576279E-07 -11.04 0.2666667 0.1333333 0
v -7.199999 -3.576279E-07 -10.88 0.2666667 0.1333333 0
v -7.039999 -3.576279E-07 -10.88 0.2666667 0.1333333 0
v -7.039999 -3.576279E-07 -11.2 0.2666667 0.1333333 0
v -7.199999 -3.576279E-07 -11.2 0.2666667 0.1333333 0
v -7.199999 -3.576279E-07 -11.04 0.2666667 0.1333333 0
v -7.039999 -3.576279E-07 -11.04 0.2666667 0.1333333 0
v -7.039999 -3.576279E-07 -11.36 0.2666667 0.1333333 0
v -7.199999 -3.576279E-07 -11.36 0.2666667 0.1333333 0
v -7.199999 -3.576279E-07 -11.2 0.2666667 0.1333333 0
v -7.039999 -3.576279E-07 -11.2 0.2666667 0.1333333 0
v -7.039999 -3.576279E-07 -11.52 0.2666667 0.1333333 0
v -7.199999 -3.576279E-07 -11.52 0.2666667 0.1333333 0
v -7.199999 -3.576279E-07 -11.36 0.2666667 0.1333333 0
v -7.039999 -3.576279E-07 -11.36 0.2666667 0.1333333 0
v -7.039999 -3.576279E-07 -11.68 0.2666667 0.1333333 0
v -7.199999 -3.576279E-07 -11.68 0.2666667 0.1333333 0
v -7.199999 -3.576279E-07 -11.52 0.2666667 0.1333333 0
v -7.039999 -3.576279E-07 -11.52 0.2666667 0.1333333 0
v -7.039999 -3.576279E-07 -11.84 0.2666667 0.1333333 0
v -7.199999 -3.576279E-07 -11.84 0.2666667 0.1333333 0
v -7.199999 -3.576279E-07 -11.68 0.2666667 0.1333333 0
v -7.039999 -3.576279E-07 -11.68 0.2666667 0.1333333 0
v -7.039999 -3.576279E-07 -11.84 0.2666667 0.1333333 0
v -7.039999 0.1599996 -11.84 0.2666667 0.1333333 0
v -7.199999 0.1599996 -11.84 0.2666667 0.1333333 0
v -7.199999 -3.576279E-07 -11.84 0.2666667 0.1333333 0
v -7.039999 -3.576279E-07 -11.68 0.24 0.12 0
v -7.039999 0.1599996 -11.68 0.2133334 0.1066667 0
v -7.039999 0.1599996 -11.84 0.2666667 0.1333333 0
v -7.039999 -3.576279E-07 -11.84 0.2666667 0.1333333 0
v -7.039999 0.1599996 -11.84 0.2666667 0.1333333 0
v -7.039999 0.3199996 -11.84 0.2666667 0.1333333 0
v -7.199999 0.3199996 -11.84 0.2666667 0.1333333 0
v -7.199999 0.1599996 -11.84 0.2666667 0.1333333 0
v -7.039999 0.1599996 -11.68 0.2133334 0.1066667 0
v -7.039999 0.3199996 -11.68 0.2133334 0.1066667 0
v -7.039999 0.3199996 -11.84 0.2666667 0.1333333 0
v -7.039999 0.1599996 -11.84 0.2666667 0.1333333 0
v -7.039999 0.4799997 -11.68 0.24 0.12 0
v -7.199999 0.4799997 -11.68 0.2133334 0.1066667 0
v -7.199999 0.4799997 -11.84 0.24 0.12 0
v -7.039999 0.4799997 -11.84 0.2666667 0.1333333 0
v -7.039999 0.3199996 -11.84 0.2666667 0.1333333 0
v -7.039999 0.4799997 -11.84 0.2666667 0.1333333 0
v -7.199999 0.4799997 -11.84 0.2666667 0.1333333 0
v -7.199999 0.3199996 -11.84 0.2666667 0.1333333 0
v -7.039999 0.3199996 -11.68 0.2133334 0.1066667 0
v -7.039999 0.4799997 -11.68 0.24 0.12 0
v -7.039999 0.4799997 -11.84 0.2666667 0.1333333 0
v -7.039999 0.3199996 -11.84 0.2666667 0.1333333 0
v -7.039999 0.6399996 -9.759998 0.24 0.12 0
v -7.199999 0.6399996 -9.759998 0.2133334 0.1066667 0
v -7.199999 0.6399996 -9.919998 0.24 0.12 0
v -7.039999 0.6399996 -9.919998 0.2666667 0.1333333 0
v -7.039999 0.6399996 -9.919998 0.2666667 0.1333333 0
v -7.199999 0.6399996 -9.919998 0.24 0.12 0
v -7.199999 0.6399996 -10.08 0.2666667 0.1333333 0
v -7.039999 0.6399996 -10.08 0.2666667 0.1333333 0
v -7.039999 0.6399996 -10.08 0.2666667 0.1333333 0
v -7.199999 0.6399996 -10.08 0.2666667 0.1333333 0
v -7.199999 0.6399996 -10.24 0.2666667 0.1333333 0
v -7.039999 0.6399996 -10.24 0.2666667 0.1333333 0
v -7.039999 0.6399996 -10.24 0.2666667 0.1333333 0
v -7.199999 0.6399996 -10.24 0.2666667 0.1333333 0
v -7.199999 0.6399996 -10.4 0.2666667 0.1333333 0
v -7.039999 0.6399996 -10.4 0.24 0.12 0
v -7.039999 0.6399996 -10.4 0.24 0.12 0
v -7.199999 0.6399996 -10.4 0.2666667 0.1333333 0
v -7.199999 0.6399996 -10.56 0.24 0.12 0
v -7.039999 0.6399996 -10.56 0.2133334 0.1066667 0
v -7.039999 0.6399996 -11.04 0.24 0.12 0
v -7.199999 0.6399996 -11.04 0.2133334 0.1066667 0
v -7.199999 0.6399996 -11.2 0.24 0.12 0
v -7.039999 0.6399996 -11.2 0.2666667 0.1333333 0
v -7.039999 0.6399996 -11.2 0.2666667 0.1333333 0
v -7.199999 0.6399996 -11.2 0.24 0.12 0
v -7.199999 0.6399996 -11.36 0.2666667 0.1333333 0
v -7.039999 0.6399996 -11.36 0.2666667 0.1333333 0
v -7.039999 0.6399996 -11.36 0.2666667 0.1333333 0
v -7.199999 0.6399996 -11.36 0.2666667 0.1333333 0
v -7.199999 0.6399996 -11.52 0.2666667 0.1333333 0
v -7.039999 0.6399996 -11.52 0.2666667 0.1333333 0
v -7.039999 0.6399996 -11.52 0.2666667 0.1333333 0
v -7.199999 0.6399996 -11.52 0.2666667 0.1333333 0
v -7.199999 0.6399996 -11.68 0.2666667 0.1333333 0
v -7.039999 0.6399996 -11.68 0.2666667 0.1333333 0
v -7.039999 0.4799997 -11.68 0.24 0.12 0
v -7.039999 0.6399996 -11.68 0.2666667 0.1333333 0
v -7.199999 0.6399996 -11.68 0.24 0.12 0
v -7.199999 0.4799997 -11.68 0.2133334 0.1066667 0
v -7.039999 0.4799997 -11.52 0.2133334 0.1066667 0
v -7.039999 0.6399996 -11.52 0.24 0.12 0
v -7.039999 0.6399996 -11.68 0.2666667 0.1333333 0
v -7.039999 0.4799997 -11.68 0.24 0.12 0
v -7.039999 0.7999996 -9.599998 0.1882353 0.09803922 0
v -7.199999 0.7999996 -9.599998 0.1882353 0.09803922 0
v -7.199999 0.7999996 -9.759998 0.1882353 0.09803922 0
v -7.039999 0.7999996 -9.759998 0.1882353 0.09803922 0
v -7.039999 0.6399996 -9.759998 0.1505882 0.07843138 0
v -7.039999 0.7999996 -9.759998 0.1882353 0.09803922 0
v -7.199999 0.7999996 -9.759998 0.1694118 0.0882353 0
v -7.199999 0.6399996 -9.759998 0.1505882 0.07843138 0
v -7.039999 0.6399996 -9.599998 0.1505882 0.07843138 0
v -7.039999 0.7999996 -9.599998 0.1694118 0.0882353 0
v -7.039999 0.7999996 -9.759998 0.1882353 0.09803922 0
v -7.039999 0.6399996 -9.759998 0.1505882 0.07843138 0
v -7.039999 0.7999996 -10.56 0.1882353 0.09803922 0
v -7.199999 0.7999996 -10.56 0.1882353 0.09803922 0
v -7.199999 0.7999996 -10.72 0.1882353 0.09803922 0
v -7.039999 0.7999996 -10.72 0.1882353 0.09803922 0
v -7.199999 0.6399996 -10.56 0.1505882 0.07843138 0
v -7.199999 0.7999996 -10.56 0.1882353 0.09803922 0
v -7.039999 0.7999996 -10.56 0.1694118 0.0882353 0
v -7.039999 0.6399996 -10.56 0.1505882 0.07843138 0
v -7.199999 0.6399996 -10.72 0.1505882 0.07843138 0
v -7.199999 0.7999996 -10.72 0.1694118 0.0882353 0
v -7.199999 0.7999996 -10.56 0.1882353 0.09803922 0
v -7.199999 0.6399996 -10.56 0.1505882 0.07843138 0
v -7.039999 0.7999996 -10.72 0.1882353 0.09803922 0
v -7.199999 0.7999996 -10.72 0.1882353 0.09803922 0
v -7.199999 0.7999996 -10.88 0.1882353 0.09803922 0
v -7.039999 0.7999996 -10.88 0.1882353 0.09803922 0
v -7.039999 0.7999996 -10.88 0.1882353 0.09803922 0
v -7.199999 0.7999996 -10.88 0.1882353 0.09803922 0
v -7.199999 0.7999996 -11.04 0.1882353 0.09803922 0
v -7.039999 0.7999996 -11.04 0.1882353 0.09803922 0
v -7.039999 0.6399996 -11.04 0.1505882 0.07843138 0
v -7.039999 0.7999996 -11.04 0.1882353 0.09803922 0
v -7.199999 0.7999996 -11.04 0.1694118 0.0882353 0
v -7.199999 0.6399996 -11.04 0.1505882 0.07843138 0
v -7.039999 0.6399996 -10.88 0.1505882 0.07843138 0
v -7.039999 0.7999996 -10.88 0.1694118 0.0882353 0
v -7.039999 0.7999996 -11.04 0.1882353 0.09803922 0
v -7.039999 0.6399996 -11.04 0.1505882 0.07843138 0
v -7.199999 -3.576279E-07 -9.759998 0.2666667 0.1333333 0
v -7.359999 -3.576279E-07 -9.759998 0.2666667 0.1333333 0
v -7.359999 -3.576279E-07 -9.599998 0.2666667 0.1333333 0
v -7.199999 -3.576279E-07 -9.599998 0.2666667 0.1333333 0
v -7.199999 -3.576279E-07 -9.919998 0.2666667 0.1333333 0
v -7.359999 -3.576279E-07 -9.919998 0.2666667 0.1333333 0
v -7.359999 -3.576279E-07 -9.759998 0.2666667 0.1333333 0
v -7.199999 -3.576279E-07 -9.759998 0.2666667 0.1333333 0
v -7.199999 -3.576279E-07 -10.08 0.2666667 0.1333333 0
v -7.359999 -3.576279E-07 -10.08 0.2666667 0.1333333 0
v -7.359999 -3.576279E-07 -9.919998 0.2666667 0.1333333 0
v -7.199999 -3.576279E-07 -9.919998 0.2666667 0.1333333 0
v -7.199999 -3.576279E-07 -10.24 0.2666667 0.1333333 0
v -7.359999 -3.576279E-07 -10.24 0.2666667 0.1333333 0
v -7.359999 -3.576279E-07 -10.08 0.2666667 0.1333333 0
v -7.199999 -3.576279E-07 -10.08 0.2666667 0.1333333 0
v -7.199999 -3.576279E-07 -10.4 0.2666667 0.1333333 0
v -7.359999 -3.576279E-07 -10.4 0.2666667 0.1333333 0
v -7.359999 -3.576279E-07 -10.24 0.2666667 0.1333333 0
v -7.199999 -3.576279E-07 -10.24 0.2666667 0.1333333 0
v -7.199999 -3.576279E-07 -10.56 0.2666667 0.1333333 0
v -7.359999 -3.576279E-07 -10.56 0.2666667 0.1333333 0
v -7.359999 -3.576279E-07 -10.4 0.2666667 0.1333333 0
v -7.199999 -3.576279E-07 -10.4 0.2666667 0.1333333 0
v -7.199999 -3.576279E-07 -10.72 0.2666667 0.1333333 0
v -7.359999 -3.576279E-07 -10.72 0.2666667 0.1333333 0
v -7.359999 -3.576279E-07 -10.56 0.2666667 0.1333333 0
v -7.199999 -3.576279E-07 -10.56 0.2666667 0.1333333 0
v -7.199999 -3.576279E-07 -10.88 0.2666667 0.1333333 0
v -7.359999 -3.576279E-07 -10.88 0.2666667 0.1333333 0
v -7.359999 -3.576279E-07 -10.72 0.2666667 0.1333333 0
v -7.199999 -3.576279E-07 -10.72 0.2666667 0.1333333 0
v -7.199999 -3.576279E-07 -11.04 0.2666667 0.1333333 0
v -7.359999 -3.576279E-07 -11.04 0.2666667 0.1333333 0
v -7.359999 -3.576279E-07 -10.88 0.2666667 0.1333333 0
v -7.199999 -3.576279E-07 -10.88 0.2666667 0.1333333 0
v -7.199999 -3.576279E-07 -11.2 0.2666667 0.1333333 0
v -7.359999 -3.576279E-07 -11.2 0.2666667 0.1333333 0
v -7.359999 -3.576279E-07 -11.04 0.2666667 0.1333333 0
v -7.199999 -3.576279E-07 -11.04 0.2666667 0.1333333 0
v -7.199999 -3.576279E-07 -11.36 0.2666667 0.1333333 0
v -7.359999 -3.576279E-07 -11.36 0.2666667 0.1333333 0
v -7.359999 -3.576279E-07 -11.2 0.2666667 0.1333333 0
v -7.199999 -3.576279E-07 -11.2 0.2666667 0.1333333 0
v -7.199999 -3.576279E-07 -11.52 0.2666667 0.1333333 0
v -7.359999 -3.576279E-07 -11.52 0.2666667 0.1333333 0
v -7.359999 -3.576279E-07 -11.36 0.2666667 0.1333333 0
v -7.199999 -3.576279E-07 -11.36 0.2666667 0.1333333 0
v -7.199999 -3.576279E-07 -11.68 0.2666667 0.1333333 0
v -7.359999 -3.576279E-07 -11.68 0.2666667 0.1333333 0
v -7.359999 -3.576279E-07 -11.52 0.2666667 0.1333333 0
v -7.199999 -3.576279E-07 -11.52 0.2666667 0.1333333 0
v -7.199999 -3.576279E-07 -11.84 0.2666667 0.1333333 0
v -7.359999 -3.576279E-07 -11.84 0.2666667 0.1333333 0
v -7.359999 -3.576279E-07 -11.68 0.2666667 0.1333333 0
v -7.199999 -3.576279E-07 -11.68 0.2666667 0.1333333 0
v -7.199999 -3.576279E-07 -11.84 0.2666667 0.1333333 0
v -7.199999 0.1599996 -11.84 0.2666667 0.1333333 0
v -7.359999 0.1599996 -11.84 0.2133334 0.1066667 0
v -7.359999 -3.576279E-07 -11.84 0.24 0.12 0
v -7.199999 0.1599996 -11.84 0.2666667 0.1333333 0
v -7.199999 0.3199996 -11.84 0.2666667 0.1333333 0
v -7.359999 0.3199996 -11.84 0.2133334 0.1066667 0
v -7.359999 0.1599996 -11.84 0.2133334 0.1066667 0
v -7.199999 0.3199996 -11.84 0.2666667 0.1333333 0
v -7.199999 0.4799997 -11.84 0.2666667 0.1333333 0
v -7.359999 0.4799997 -11.84 0.24 0.12 0
v -7.359999 0.3199996 -11.84 0.2133334 0.1066667 0
v -7.199999 0.6399996 -9.919998 0.24 0.12 0
v -7.359999 0.6399996 -9.919998 0.2133334 0.1066667 0
v -7.359999 0.6399996 -10.08 0.24 0.12 0
v -7.199999 0.6399996 -10.08 0.2666667 0.1333333 0
v -7.199999 0.6399996 -10.08 0.2666667 0.1333333 0
v -7.359999 0.6399996 -10.08 0.24 0.12 0
v -7.359999 0.6399996 -10.24 0.2666667 0.1333333 0
v -7.199999 0.6399996 -10.24 0.2666667 0.1333333 0
v -7.199999 0.6399996 -10.24 0.2666667 0.1333333 0
v -7.359999 0.6399996 -10.24 0.2666667 0.1333333 0
v -7.359999 0.6399996 -10.4 0.2666667 0.1333333 0
v -7.199999 0.6399996 -10.4 0.2666667 0.1333333 0
v -7.199999 0.6399996 -10.4 0.2666667 0.1333333 0
v -7.359999 0.6399996 -10.4 0.2666667 0.1333333 0
v -7.359999 0.6399996 -10.56 0.2666667 0.1333333 0
v -7.199999 0.6399996 -10.56 0.24 0.12 0
v -7.199999 0.6399996 -10.56 0.24 0.12 0
v -7.359999 0.6399996 -10.56 0.2666667 0.1333333 0
v -7.359999 0.6399996 -10.72 0.24 0.12 0
v -7.199999 0.6399996 -10.72 0.2133334 0.1066667 0
v -7.199999 0.6399996 -11.2 0.24 0.12 0
v -7.359999 0.6399996 -11.2 0.2133334 0.1066667 0
v -7.359999 0.6399996 -11.36 0.24 0.12 0
v -7.199999 0.6399996 -11.36 0.2666667 0.1333333 0
v -7.199999 0.6399996 -11.36 0.2666667 0.1333333 0
v -7.359999 0.6399996 -11.36 0.24 0.12 0
v -7.359999 0.6399996 -11.52 0.2666667 0.1333333 0
v -7.199999 0.6399996 -11.52 0.2666667 0.1333333 0
v -7.199999 0.6399996 -11.52 0.2666667 0.1333333 0
v -7.359999 0.6399996 -11.52 0.2666667 0.1333333 0
v -7.359999 0.6399996 -11.68 0.2666667 0.1333333 0
v -7.199999 0.6399996 -11.68 0.2666667 0.1333333 0
v -7.199999 0.6399996 -11.68 0.2666667 0.1333333 0
v -7.359999 0.6399996 -11.68 0.2666667 0.1333333 0
v -7.359999 0.6399996 -11.84 0.2666667 0.1333333 0
v -7.199999 0.6399996 -11.84 0.2666667 0.1333333 0
v -7.199999 0.4799997 -11.84 0.2666667 0.1333333 0
v -7.199999 0.6399996 -11.84 0.2666667 0.1333333 0
v -7.359999 0.6399996 -11.84 0.2666667 0.1333333 0
v -7.359999 0.4799997 -11.84 0.24 0.12 0
v -7.199999 0.4799997 -11.68 0.2133334 0.1066667 0
v -7.199999 0.6399996 -11.68 0.24 0.12 0
v -7.199999 0.6399996 -11.84 0.2666667 0.1333333 0
v -7.199999 0.4799997 -11.84 0.24 0.12 0
v -7.199999 0.7999996 -9.599998 0.1882353 0.09803922 0
v -7.359999 0.7999996 -9.599998 0.1882353 0.09803922 0
v -7.359999 0.7999996 -9.759998 0.1882353 0.09803922 0
v -7.199999 0.7999996 -9.759998 0.1882353 0.09803922 0
v -7.199999 0.7999996 -9.759998 0.1882353 0.09803922 0
v -7.359999 0.7999996 -9.759998 0.1882353 0.09803922 0
v -7.359999 0.7999996 -9.919998 0.1882353 0.09803922 0
v -7.199999 0.7999996 -9.919998 0.1882353 0.09803922 0
v -7.199999 0.6399996 -9.919998 0.1505882 0.07843138 0
v -7.199999 0.7999996 -9.919998 0.1882353 0.09803922 0
v -7.359999 0.7999996 -9.919998 0.1694118 0.0882353 0
v -7.359999 0.6399996 -9.919998 0.1505882 0.07843138 0
v -7.199999 0.6399996 -9.759998 0.1505882 0.07843138 0
v -7.199999 0.7999996 -9.759998 0.1694118 0.0882353 0
v -7.199999 0.7999996 -9.919998 0.1882353 0.09803922 0
v -7.199999 0.6399996 -9.919998 0.1505882 0.07843138 0
v -7.199999 0.7999996 -10.72 0.1882353 0.09803922 0
v -7.359999 0.7999996 -10.72 0.1882353 0.09803922 0
v -7.359999 0.7999996 -10.88 0.1882353 0.09803922 0
v -7.199999 0.7999996 -10.88 0.1882353 0.09803922 0
v -7.359999 0.6399996 -10.72 0.1505882 0.07843138 0
v -7.359999 0.7999996 -10.72 0.1882353 0.09803922 0
v -7.199999 0.7999996 -10.72 0.1694118 0.0882353 0
v -7.199999 0.6399996 -10.72 0.1505882 0.07843138 0
v -7.359999 0.6399996 -10.88 0.1505882 0.07843138 0
v -7.359999 0.7999996 -10.88 0.1694118 0.0882353 0
v -7.359999 0.7999996 -10.72 0.1882353 0.09803922 0
v -7.359999 0.6399996 -10.72 0.1505882 0.07843138 0
v -7.199999 0.7999996 -10.88 0.1882353 0.09803922 0
v -7.359999 0.7999996 -10.88 0.1882353 0.09803922 0
v -7.359999 0.7999996 -11.04 0.1882353 0.09803922 0
v -7.199999 0.7999996 -11.04 0.1882353 0.09803922 0
v -7.199999 0.7999996 -11.04 0.1882353 0.09803922 0
v -7.359999 0.7999996 -11.04 0.1882353 0.09803922 0
v -7.359999 0.7999996 -11.2 0.1882353 0.09803922 0
v -7.199999 0.7999996 -11.2 0.1882353 0.09803922 0
v -7.199999 0.6399996 -11.2 0.1505882 0.07843138 0
v -7.199999 0.7999996 -11.2 0.1882353 0.09803922 0
v -7.359999 0.7999996 -11.2 0.1694118 0.0882353 0
v -7.359999 0.6399996 -11.2 0.1505882 0.07843138 0
v -7.199999 0.6399996 -11.04 0.1505882 0.07843138 0
v -7.199999 0.7999996 -11.04 0.1694118 0.0882353 0
v -7.199999 0.7999996 -11.2 0.1882353 0.09803922 0
v -7.199999 0.6399996 -11.2 0.1505882 0.07843138 0
v -7.359999 -3.576279E-07 -9.759998 0.2666667 0.1333333 0
v -7.519999 -3.576279E-07 -9.759998 0.2666667 0.1333333 0
v -7.519999 -3.576279E-07 -9.599998 0.2666667 0.1333333 0
v -7.359999 -3.576279E-07 -9.599998 0.2666667 0.1333333 0
v -7.359999 -3.576279E-07 -9.919998 0.2666667 0.1333333 0
v -7.519999 -3.576279E-07 -9.919998 0.2666667 0.1333333 0
v -7.519999 -3.576279E-07 -9.759998 0.2666667 0.1333333 0
v -7.359999 -3.576279E-07 -9.759998 0.2666667 0.1333333 0
v -7.359999 -3.576279E-07 -10.08 0.2666667 0.1333333 0
v -7.519999 -3.576279E-07 -10.08 0.2666667 0.1333333 0
v -7.519999 -3.576279E-07 -9.919998 0.2666667 0.1333333 0
v -7.359999 -3.576279E-07 -9.919998 0.2666667 0.1333333 0
v -7.359999 -3.576279E-07 -10.24 0.2666667 0.1333333 0
v -7.519999 -3.576279E-07 -10.24 0.2666667 0.1333333 0
v -7.519999 -3.576279E-07 -10.08 0.2666667 0.1333333 0
v -7.359999 -3.576279E-07 -10.08 0.2666667 0.1333333 0
v -7.359999 -3.576279E-07 -10.4 0.2666667 0.1333333 0
v -7.519999 -3.576279E-07 -10.4 0.2666667 0.1333333 0
v -7.519999 -3.576279E-07 -10.24 0.2666667 0.1333333 0
v -7.359999 -3.576279E-07 -10.24 0.2666667 0.1333333 0
v -7.359999 -3.576279E-07 -10.56 0.2666667 0.1333333 0
v -7.519999 -3.576279E-07 -10.56 0.2666667 0.1333333 0
v -7.519999 -3.576279E-07 -10.4 0.2666667 0.1333333 0
v -7.359999 -3.576279E-07 -10.4 0.2666667 0.1333333 0
v -7.359999 -3.576279E-07 -10.72 0.2666667 0.1333333 0
v -7.519999 -3.576279E-07 -10.72 0.2666667 0.1333333 0
v -7.519999 -3.576279E-07 -10.56 0.2666667 0.1333333 0
v -7.359999 -3.576279E-07 -10.56 0.2666667 0.1333333 0
v -7.359999 -3.576279E-07 -10.88 0.2666667 0.1333333 0
v -7.519999 -3.576279E-07 -10.88 0.2666667 0.1333333 0
v -7.519999 -3.576279E-07 -10.72 0.2666667 0.1333333 0
v -7.359999 -3.576279E-07 -10.72 0.2666667 0.1333333 0
v -7.359999 -3.576279E-07 -11.04 0.2666667 0.1333333 0
v -7.519999 -3.576279E-07 -11.04 0.2666667 0.1333333 0
v -7.519999 -3.576279E-07 -10.88 0.2666667 0.1333333 0
v -7.359999 -3.576279E-07 -10.88 0.2666667 0.1333333 0
v -7.359999 -3.576279E-07 -11.2 0.2666667 0.1333333 0
v -7.519999 -3.576279E-07 -11.2 0.2666667 0.1333333 0
v -7.519999 -3.576279E-07 -11.04 0.2666667 0.1333333 0
v -7.359999 -3.576279E-07 -11.04 0.2666667 0.1333333 0
v -7.359999 -3.576279E-07 -11.36 0.2666667 0.1333333 0
v -7.519999 -3.576279E-07 -11.36 0.2666667 0.1333333 0
v -7.519999 -3.576279E-07 -11.2 0.2666667 0.1333333 0
v -7.359999 -3.576279E-07 -11.2 0.2666667 0.1333333 0
v -7.359999 -3.576279E-07 -11.52 0.2666667 0.1333333 0
v -7.519999 -3.576279E-07 -11.52 0.2666667 0.1333333 0
v -7.519999 -3.576279E-07 -11.36 0.2666667 0.1333333 0
v -7.359999 -3.576279E-07 -11.36 0.2666667 0.1333333 0
v -7.359999 -3.576279E-07 -11.68 0.2666667 0.1333333 0
v -7.519999 -3.576279E-07 -11.68 0.2666667 0.1333333 0
v -7.519999 -3.576279E-07 -11.52 0.2666667 0.1333333 0
v -7.359999 -3.576279E-07 -11.52 0.2666667 0.1333333 0
v -7.359999 -3.576279E-07 -11.84 0.2666667 0.1333333 0
v -7.519999 -3.576279E-07 -11.84 0.2666667 0.1333333 0
v -7.519999 -3.576279E-07 -11.68 0.2666667 0.1333333 0
v -7.359999 -3.576279E-07 -11.68 0.2666667 0.1333333 0
v -7.359999 -3.576279E-07 -12 0.2666667 0.1333333 0
v -7.519999 -3.576279E-07 -12 0.2666667 0.1333333 0
v -7.519999 -3.576279E-07 -11.84 0.2666667 0.1333333 0
v -7.359999 -3.576279E-07 -11.84 0.2666667 0.1333333 0
v -7.359999 -3.576279E-07 -12 0.2666667 0.1333333 0
v -7.359999 0.1599996 -12 0.2666667 0.1333333 0
v -7.519999 0.1599996 -12 0.2666667 0.1333333 0
v -7.519999 -3.576279E-07 -12 0.2666667 0.1333333 0
v -7.359999 -3.576279E-07 -11.84 0.24 0.12 0
v -7.359999 0.1599996 -11.84 0.2133334 0.1066667 0
v -7.359999 0.1599996 -12 0.2666667 0.1333333 0
v -7.359999 -3.576279E-07 -12 0.2666667 0.1333333 0
v -7.359999 0.1599996 -12 0.2666667 0.1333333 0
v -7.359999 0.3199996 -12 0.2666667 0.1333333 0
v -7.519999 0.3199996 -12 0.2666667 0.1333333 0
v -7.519999 0.1599996 -12 0.2666667 0.1333333 0
v -7.359999 0.1599996 -11.84 0.2133334 0.1066667 0
v -7.359999 0.3199996 -11.84 0.2133334 0.1066667 0
v -7.359999 0.3199996 -12 0.2666667 0.1333333 0
v -7.359999 0.1599996 -12 0.2666667 0.1333333 0
v -7.359999 0.4799997 -11.84 0.2133334 0.1066667 0
v -7.519999 0.4799997 -11.84 0.2133334 0.1066667 0
v -7.519999 0.4799997 -12 0.24 0.12 0
v -7.359999 0.4799997 -12 0.2666667 0.1333333 0
v -7.359999 0.3199996 -12 0.2666667 0.1333333 0
v -7.359999 0.4799997 -12 0.2666667 0.1333333 0
v -7.519999 0.4799997 -12 0.2666667 0.1333333 0
v -7.519999 0.3199996 -12 0.2666667 0.1333333 0
v -7.359999 0.3199996 -11.84 0.2133334 0.1066667 0
v -7.359999 0.4799997 -11.84 0.2133334 0.1066667 0
v -7.359999 0.4799997 -12 0.2666667 0.1333333 0
v -7.359999 0.3199996 -12 0.2666667 0.1333333 0
v -7.359999 0.6399996 -10.08 0.24 0.12 0
v -7.519999 0.6399996 -10.08 0.2133334 0.1066667 0
v -7.519999 0.6399996 -10.24 0.24 0.12 0
v -7.359999 0.6399996 -10.24 0.2666667 0.1333333 0
v -7.359999 0.6399996 -10.24 0.2666667 0.1333333 0
v -7.519999 0.6399996 -10.24 0.24 0.12 0
v -7.519999 0.6399996 -10.4 0.2666667 0.1333333 0
v -7.359999 0.6399996 -10.4 0.2666667 0.1333333 0
v -7.359999 0.6399996 -10.4 0.2666667 0.1333333 0
v -7.519999 0.6399996 -10.4 0.2666667 0.1333333 0
v -7.519999 0.6399996 -10.56 0.2666667 0.1333333 0
v -7.359999 0.6399996 -10.56 0.2666667 0.1333333 0
v -7.359999 0.6399996 -10.56 0.2666667 0.1333333 0
v -7.519999 0.6399996 -10.56 0.2666667 0.1333333 0
v -7.519999 0.6399996 -10.72 0.2666667 0.1333333 0
v -7.359999 0.6399996 -10.72 0.24 0.12 0
v -7.359999 0.6399996 -10.72 0.24 0.12 0
v -7.519999 0.6399996 -10.72 0.2666667 0.1333333 0
v -7.519999 0.6399996 -10.88 0.24 0.12 0
v -7.359999 0.6399996 -10.88 0.2133334 0.1066667 0
v -7.359999 0.6399996 -11.36 0.24 0.12 0
v -7.519999 0.6399996 -11.36 0.2133334 0.1066667 0
v -7.519999 0.6399996 -11.52 0.24 0.12 0
v -7.359999 0.6399996 -11.52 0.2666667 0.1333333 0
v -7.359999 0.6399996 -11.52 0.2666667 0.1333333 0
v -7.519999 0.6399996 -11.52 0.24 0.12 0
v -7.519999 0.6399996 -11.68 0.2666667 0.1333333 0
v -7.359999 0.6399996 -11.68 0.2666667 0.1333333 0
v -7.359999 0.6399996 -11.68 0.2666667 0.1333333 0
v -7.519999 0.6399996 -11.68 0.2666667 0.1333333 0
v -7.519999 0.6399996 -11.84 0.2666667 0.1333333 0
v -7.359999 0.6399996 -11.84 0.2666667 0.1333333 0
v -7.359999 0.4799997 -11.84 0.24 0.12 0
v -7.359999 0.6399996 -11.84 0.2666667 0.1333333 0
v -7.519999 0.6399996 -11.84 0.24 0.12 0
v -7.519999 0.4799997 -11.84 0.2133334 0.1066667 0
v -7.359999 0.7999996 -9.599998 0.1882353 0.09803922 0
v -7.519999 0.7999996 -9.599998 0.1882353 0.09803922 0
v -7.519999 0.7999996 -9.759998 0.1882353 0.09803922 0
v -7.359999 0.7999996 -9.759998 0.1882353 0.09803922 0
v -7.519999 0.6399996 -9.599998 0.1505882 0.07843138 0
v -7.519999 0.7999996 -9.599998 0.1882353 0.09803922 0
v -7.359999 0.7999996 -9.599998 0.1694118 0.0882353 0
v -7.359999 0.6399996 -9.599998 0.1505882 0.07843138 0
v -7.519999 0.6399996 -9.759998 0.1505882 0.07843138 0
v -7.519999 0.7999996 -9.759998 0.1694118 0.0882353 0
v -7.519999 0.7999996 -9.599998 0.1882353 0.09803922 0
v -7.519999 0.6399996 -9.599998 0.1505882 0.07843138 0
v -7.359999 0.7999996 -9.759998 0.1882353 0.09803922 0
v -7.519999 0.7999996 -9.759998 0.1882353 0.09803922 0
v -7.519999 0.7999996 -9.919998 0.1882353 0.09803922 0
v -7.359999 0.7999996 -9.919998 0.1882353 0.09803922 0
v -7.359999 0.7999996 -9.919998 0.1882353 0.09803922 0
v -7.519999 0.7999996 -9.919998 0.1882353 0.09803922 0
v -7.519999 0.7999996 -10.08 0.1882353 0.09803922 0
v -7.359999 0.7999996 -10.08 0.1882353 0.09803922 0
v -7.359999 0.6399996 -10.08 0.1505882 0.07843138 0
v -7.359999 0.7999996 -10.08 0.1882353 0.09803922 0
v -7.519999 0.7999996 -10.08 0.1694118 0.0882353 0
v -7.519999 0.6399996 -10.08 0.1505882 0.07843138 0
v -7.359999 0.6399996 -9.919998 0.1505882 0.07843138 0
v -7.359999 0.7999996 -9.919998 0.1694118 0.0882353 0
v -7.359999 0.7999996 -10.08 0.1882353 0.09803922 0
v -7.359999 0.6399996 -10.08 0.1505882 0.07843138 0
v -7.359999 0.7999996 -10.88 0.1882353 0.09803922 0
v -7.519999 0.7999996 -10.88 0.1882353 0.09803922 0
v -7.519999 0.7999996 -11.04 0.1882353 0.09803922 0
v -7.359999 0.7999996 -11.04 0.1882353 0.09803922 0
v -7.519999 0.6399996 -10.88 0.1505882 0.07843138 0
v -7.519999 0.7999996 -10.88 0.1882353 0.09803922 0
v -7.359999 0.7999996 -10.88 0.1694118 0.0882353 0
v -7.359999 0.6399996 -10.88 0.1505882 0.07843138 0
v -7.519999 0.6399996 -11.04 0.1505882 0.07843138 0
v -7.519999 0.7999996 -11.04 0.1694118 0.0882353 0
v -7.519999 0.7999996 -10.88 0.1882353 0.09803922 0
v -7.519999 0.6399996 -10.88 0.1505882 0.07843138 0
v -7.359999 0.7999996 -11.04 0.1882353 0.09803922 0
v -7.519999 0.7999996 -11.04 0.1882353 0.09803922 0
v -7.519999 0.7999996 -11.2 0.1882353 0.09803922 0
v -7.359999 0.7999996 -11.2 0.1882353 0.09803922 0
v -7.359999 0.7999996 -11.2 0.1882353 0.09803922 0
v -7.519999 0.7999996 -11.2 0.1882353 0.09803922 0
v -7.519999 0.7999996 -11.36 0.1882353 0.09803922 0
v -7.359999 0.7999996 -11.36 0.1882353 0.09803922 0
v -7.359999 0.6399996 -11.36 0.1505882 0.07843138 0
v -7.359999 0.7999996 -11.36 0.1882353 0.09803922 0
v -7.519999 0.7999996 -11.36 0.1694118 0.0882353 0
v -7.519999 0.6399996 -11.36 0.1505882 0.07843138 0
v -7.359999 0.6399996 -11.2 0.1505882 0.07843138 0
v -7.359999 0.7999996 -11.2 0.1694118 0.0882353 0
v -7.359999 0.7999996 -11.36 0.1882353 0.09803922 0
v -7.359999 0.6399996 -11.36 0.1505882 0.07843138 0
v -7.519999 -3.576279E-07 -9.759998 0.2666667 0.1333333 0
v -7.679999 -3.576279E-07 -9.759998 0.2666667 0.1333333 0
v -7.679999 -3.576279E-07 -9.599998 0.2666667 0.1333333 0
v -7.519999 -3.576279E-07 -9.599998 0.2666667 0.1333333 0
v -7.519999 -3.576279E-07 -9.919998 0.2666667 0.1333333 0
v -7.679999 -3.576279E-07 -9.919998 0.2666667 0.1333333 0
v -7.679999 -3.576279E-07 -9.759998 0.2666667 0.1333333 0
v -7.519999 -3.576279E-07 -9.759998 0.2666667 0.1333333 0
v -7.519999 -3.576279E-07 -10.08 0.2666667 0.1333333 0
v -7.679999 -3.576279E-07 -10.08 0.2666667 0.1333333 0
v -7.679999 -3.576279E-07 -9.919998 0.2666667 0.1333333 0
v -7.519999 -3.576279E-07 -9.919998 0.2666667 0.1333333 0
v -7.519999 -3.576279E-07 -10.24 0.2666667 0.1333333 0
v -7.679999 -3.576279E-07 -10.24 0.2666667 0.1333333 0
v -7.679999 -3.576279E-07 -10.08 0.2666667 0.1333333 0
v -7.519999 -3.576279E-07 -10.08 0.2666667 0.1333333 0
v -7.519999 -3.576279E-07 -10.4 0.2666667 0.1333333 0
v -7.679999 -3.576279E-07 -10.4 0.2666667 0.1333333 0
v -7.679999 -3.576279E-07 -10.24 0.2666667 0.1333333 0
v -7.519999 -3.576279E-07 -10.24 0.2666667 0.1333333 0
v -7.519999 -3.576279E-07 -10.56 0.2666667 0.1333333 0
v -7.679999 -3.576279E-07 -10.56 0.2666667 0.1333333 0
v -7.679999 -3.576279E-07 -10.4 0.2666667 0.1333333 0
v -7.519999 -3.576279E-07 -10.4 0.2666667 0.1333333 0
v -7.519999 -3.576279E-07 -10.72 0.2666667 0.1333333 0
v -7.679999 -3.576279E-07 -10.72 0.2666667 0.1333333 0
v -7.679999 -3.576279E-07 -10.56 0.2666667 0.1333333 0
v -7.519999 -3.576279E-07 -10.56 0.2666667 0.1333333 0
v -7.519999 -3.576279E-07 -10.88 0.2666667 0.1333333 0
v -7.679999 -3.576279E-07 -10.88 0.2666667 0.1333333 0
v -7.679999 -3.576279E-07 -10.72 0.2666667 0.1333333 0
v -7.519999 -3.576279E-07 -10.72 0.2666667 0.1333333 0
v -7.519999 -3.576279E-07 -11.04 0.2666667 0.1333333 0
v -7.679999 -3.576279E-07 -11.04 0.2666667 0.1333333 0
v -7.679999 -3.576279E-07 -10.88 0.2666667 0.1333333 0
v -7.519999 -3.576279E-07 -10.88 0.2666667 0.1333333 0
v -7.519999 -3.576279E-07 -11.2 0.2666667 0.1333333 0
v -7.679999 -3.576279E-07 -11.2 0.2666667 0.1333333 0
v -7.679999 -3.576279E-07 -11.04 0.2666667 0.1333333 0
v -7.519999 -3.576279E-07 -11.04 0.2666667 0.1333333 0
v -7.519999 -3.576279E-07 -11.36 0.2666667 0.1333333 0
v -7.679999 -3.576279E-07 -11.36 0.2666667 0.1333333 0
v -7.679999 -3.576279E-07 -11.2 0.2666667 0.1333333 0
v -7.519999 -3.576279E-07 -11.2 0.2666667 0.1333333 0
v -7.519999 -3.576279E-07 -11.52 0.2666667 0.1333333 0
v -7.679999 -3.576279E-07 -11.52 0.2666667 0.1333333 0
v -7.679999 -3.576279E-07 -11.36 0.2666667 0.1333333 0
v -7.519999 -3.576279E-07 -11.36 0.2666667 0.1333333 0
v -7.519999 -3.576279E-07 -11.68 0.2666667 0.1333333 0
v -7.679999 -3.576279E-07 -11.68 0.2666667 0.1333333 0
v -7.679999 -3.576279E-07 -11.52 0.2666667 0.1333333 0
v -7.519999 -3.576279E-07 -11.52 0.2666667 0.1333333 0
v -7.519999 -3.576279E-07 -11.84 0.2666667 0.1333333 0
v -7.679999 -3.576279E-07 -11.84 0.2666667 0.1333333 0
v -7.679999 -3.576279E-07 -11.68 0.2666667 0.1333333 0
v -7.519999 -3.576279E-07 -11.68 0.2666667 0.1333333 0
v -7.519999 -3.576279E-07 -12 0.2666667 0.1333333 0
v -7.679999 -3.576279E-07 -12 0.2666667 0.1333333 0
v -7.679999 -3.576279E-07 -11.84 0.2666667 0.1333333 0
v -7.519999 -3.576279E-07 -11.84 0.2666667 0.1333333 0
v -7.519999 -3.576279E-07 -12 0.2666667 0.1333333 0
v -7.519999 0.1599996 -12 0.2666667 0.1333333 0
v -7.679999 0.1599996 -12 0.2666667 0.1333333 0
v -7.679999 -3.576279E-07 -12 0.2666667 0.1333333 0
v -7.519999 0.1599996 -12 0.2666667 0.1333333 0
v -7.519999 0.3199996 -12 0.2666667 0.1333333 0
v -7.679999 0.3199996 -12 0.2666667 0.1333333 0
v -7.679999 0.1599996 -12 0.2666667 0.1333333 0
v -7.519999 0.3199996 -12 0.2666667 0.1333333 0
v -7.519999 0.4799997 -12 0.2666667 0.1333333 0
v -7.679999 0.4799997 -12 0.2666667 0.1333333 0
v -7.679999 0.3199996 -12 0.2666667 0.1333333 0
v -7.519999 0.6399996 -9.599998 0.24 0.12 0
v -7.679999 0.6399996 -9.599998 0.2666667 0.1333333 0
v -7.679999 0.6399996 -9.759998 0.24 0.12 0
v -7.519999 0.6399996 -9.759998 0.2133334 0.1066667 0
v -7.519999 0.6399996 -10.24 0.24 0.12 0
v -7.679999 0.6399996 -10.24 0.2133334 0.1066667 0
v -7.679999 0.6399996 -10.4 0.24 0.12 0
v -7.519999 0.6399996 -10.4 0.2666667 0.1333333 0
v -7.519999 0.6399996 -10.4 0.2666667 0.1333333 0
v -7.679999 0.6399996 -10.4 0.24 0.12 0
v -7.679999 0.6399996 -10.56 0.2666667 0.1333333 0
v -7.519999 0.6399996 -10.56 0.2666667 0.1333333 0
v -7.519999 0.6399996 -10.56 0.2666667 0.1333333 0
v -7.679999 0.6399996 -10.56 0.2666667 0.1333333 0
v -7.679999 0.6399996 -10.72 0.2666667 0.1333333 0
v -7.519999 0.6399996 -10.72 0.2666667 0.1333333 0
v -7.519999 0.6399996 -10.72 0.2666667 0.1333333 0
v -7.679999 0.6399996 -10.72 0.2666667 0.1333333 0
v -7.679999 0.6399996 -10.88 0.2666667 0.1333333 0
v -7.519999 0.6399996 -10.88 0.24 0.12 0
v -7.519999 0.6399996 -10.88 0.24 0.12 0
v -7.679999 0.6399996 -10.88 0.2666667 0.1333333 0
v -7.679999 0.6399996 -11.04 0.24 0.12 0
v -7.519999 0.6399996 -11.04 0.2133334 0.1066667 0
v -7.519999 0.6399996 -11.52 0.24 0.12 0
v -7.679999 0.6399996 -11.52 0.2133334 0.1066667 0
v -7.679999 0.6399996 -11.68 0.24 0.12 0
v -7.519999 0.6399996 -11.68 0.2666667 0.1333333 0
v -7.519999 0.6399996 -11.68 0.2666667 0.1333333 0
v -7.679999 0.6399996 -11.68 0.24 0.12 0
v -7.679999 0.6399996 -11.84 0.2666667 0.1333333 0
v -7.519999 0.6399996 -11.84 0.2666667 0.1333333 0
v -7.519999 0.6399996 -11.84 0.2666667 0.1333333 0
v -7.679999 0.6399996 -11.84 0.2666667 0.1333333 0
v -7.679999 0.6399996 -12 0.2666667 0.1333333 0
v -7.519999 0.6399996 -12 0.2666667 0.1333333 0
v -7.519999 0.4799997 -12 0.2666667 0.1333333 0
v -7.519999 0.6399996 -12 0.2666667 0.1333333 0
v -7.679999 0.6399996 -12 0.2666667 0.1333333 0
v -7.679999 0.4799997 -12 0.2666667 0.1333333 0
v -7.519999 0.4799997 -11.84 0.2133334 0.1066667 0
v -7.519999 0.6399996 -11.84 0.24 0.12 0
v -7.519999 0.6399996 -12 0.2666667 0.1333333 0
v -7.519999 0.4799997 -12 0.24 0.12 0
v -7.519999 0.7999996 -9.759998 0.1882353 0.09803922 0
v -7.679999 0.7999996 -9.759998 0.1882353 0.09803922 0
v -7.679999 0.7999996 -9.919998 0.1882353 0.09803922 0
v -7.519999 0.7999996 -9.919998 0.1882353 0.09803922 0
v -7.679999 0.6399996 -9.759998 0.1505882 0.07843138 0
v -7.679999 0.7999996 -9.759998 0.1882353 0.09803922 0
v -7.519999 0.7999996 -9.759998 0.1694118 0.0882353 0
v -7.519999 0.6399996 -9.759998 0.1505882 0.07843138 0
v -7.679999 0.6399996 -9.919998 0.1505882 0.07843138 0
v -7.679999 0.7999996 -9.919998 0.1694118 0.0882353 0
v -7.679999 0.7999996 -9.759998 0.1882353 0.09803922 0
v -7.679999 0.6399996 -9.759998 0.1505882 0.07843138 0
v -7.519999 0.7999996 -9.919998 0.1882353 0.09803922 0
v -7.679999 0.7999996 -9.919998 0.1882353 0.09803922 0
v -7.679999 0.7999996 -10.08 0.1882353 0.09803922 0
v -7.519999 0.7999996 -10.08 0.1882353 0.09803922 0
v -7.519999 0.7999996 -10.08 0.1882353 0.09803922 0
v -7.679999 0.7999996 -10.08 0.1882353 0.09803922 0
v -7.679999 0.7999996 -10.24 0.1882353 0.09803922 0
v -7.519999 0.7999996 -10.24 0.1882353 0.09803922 0
v -7.519999 0.6399996 -10.24 0.1505882 0.07843138 0
v -7.519999 0.7999996 -10.24 0.1882353 0.09803922 0
v -7.679999 0.7999996 -10.24 0.1694118 0.0882353 0
v -7.679999 0.6399996 -10.24 0.1505882 0.07843138 0
v -7.519999 0.6399996 -10.08 0.1505882 0.07843138 0
v -7.519999 0.7999996 -10.08 0.1694118 0.0882353 0
v -7.519999 0.7999996 -10.24 0.1882353 0.09803922 0
v -7.519999 0.6399996 -10.24 0.1505882 0.07843138 0
v -7.519999 0.7999996 -11.04 0.1882353 0.09803922 0
v -7.679999 0.7999996 -11.04 0.1882353 0.09803922 0
v -7.679999 0.7999996 -11.2 0.1882353 0.09803922 0
v -7.519999 0.7999996 -11.2 0.1882353 0.09803922 0
v -7.679999 0.6399996 -11.04 0.1505882 0.07843138 0
v -7.679999 0.7999996 -11.04 0.1882353 0.09803922 0
v -7.519999 0.7999996 -11.04 0.1694118 0.0882353 0
v -7.519999 0.6399996 -11.04 0.1505882 0.07843138 0
v -7.679999 0.6399996 -11.2 0.1505882 0.07843138 0
v -7.679999 0.7999996 -11.2 0.1694118 0.0882353 0
v -7.679999 0.7999996 -11.04 0.1882353 0.09803922 0
v -7.679999 0.6399996 -11.04 0.1505882 0.07843138 0
v -7.519999 0.7999996 -11.2 0.1882353 0.09803922 0
v -7.679999 0.7999996 -11.2 0.1882353 0.09803922 0
v -7.679999 0.7999996 -11.36 0.1882353 0.09803922 0
v -7.519999 0.7999996 -11.36 0.1882353 0.09803922 0
v -7.519999 0.7999996 -11.36 0.1882353 0.09803922 0
v -7.679999 0.7999996 -11.36 0.1882353 0.09803922 0
v -7.679999 0.7999996 -11.52 0.1882353 0.09803922 0
v -7.519999 0.7999996 -11.52 0.1882353 0.09803922 0
v -7.519999 0.6399996 -11.52 0.1505882 0.07843138 0
v -7.519999 0.7999996 -11.52 0.1882353 0.09803922 0
v -7.679999 0.7999996 -11.52 0.1694118 0.0882353 0
v -7.679999 0.6399996 -11.52 0.1505882 0.07843138 0
v -7.519999 0.6399996 -11.36 0.1505882 0.07843138 0
v -7.519999 0.7999996 -11.36 0.1694118 0.0882353 0
v -7.519999 0.7999996 -11.52 0.1882353 0.09803922 0
v -7.519999 0.6399996 -11.52 0.1505882 0.07843138 0
v -7.679999 -3.576279E-07 -9.759998 0.2666667 0.1333333 0
v -7.839999 -3.576279E-07 -9.759998 0.2666667 0.1333333 0
v -7.839999 -3.576279E-07 -9.599998 0.2666667 0.1333333 0
v -7.679999 -3.576279E-07 -9.599998 0.2666667 0.1333333 0
v -7.679999 -3.576279E-07 -9.919998 0.2666667 0.1333333 0
v -7.839999 -3.576279E-07 -9.919998 0.2666667 0.1333333 0
v -7.839999 -3.576279E-07 -9.759998 0.2666667 0.1333333 0
v -7.679999 -3.576279E-07 -9.759998 0.2666667 0.1333333 0
v -7.679999 -3.576279E-07 -10.08 0.2666667 0.1333333 0
v -7.839999 -3.576279E-07 -10.08 0.2666667 0.1333333 0
v -7.839999 -3.576279E-07 -9.919998 0.2666667 0.1333333 0
v -7.679999 -3.576279E-07 -9.919998 0.2666667 0.1333333 0
v -7.679999 -3.576279E-07 -10.24 0.2666667 0.1333333 0
v -7.839999 -3.576279E-07 -10.24 0.2666667 0.1333333 0
v -7.839999 -3.576279E-07 -10.08 0.2666667 0.1333333 0
v -7.679999 -3.576279E-07 -10.08 0.2666667 0.1333333 0
v -7.679999 -3.576279E-07 -10.4 0.2666667 0.1333333 0
v -7.839999 -3.576279E-07 -10.4 0.2666667 0.1333333 0
v -7.839999 -3.576279E-07 -10.24 0.2666667 0.1333333 0
v -7.679999 -3.576279E-07 -10.24 0.2666667 0.1333333 0
v -7.679999 -3.576279E-07 -10.56 0.2666667 0.1333333 0
v -7.839999 -3.576279E-07 -10.56 0.2666667 0.1333333 0
v -7.839999 -3.576279E-07 -10.4 0.2666667 0.1333333 0
v -7.679999 -3.576279E-07 -10.4 0.2666667 0.1333333 0
v -7.679999 -3.576279E-07 -10.72 0.2666667 0.1333333 0
v -7.839999 -3.576279E-07 -10.72 0.2666667 0.1333333 0
v -7.839999 -3.576279E-07 -10.56 0.2666667 0.1333333 0
v -7.679999 -3.576279E-07 -10.56 0.2666667 0.1333333 0
v -7.679999 -3.576279E-07 -10.88 0.2666667 0.1333333 0
v -7.839999 -3.576279E-07 -10.88 0.2666667 0.1333333 0
v -7.839999 -3.576279E-07 -10.72 0.2666667 0.1333333 0
v -7.679999 -3.576279E-07 -10.72 0.2666667 0.1333333 0
v -7.679999 -3.576279E-07 -11.04 0.2666667 0.1333333 0
v -7.839999 -3.576279E-07 -11.04 0.2666667 0.1333333 0
v -7.839999 -3.576279E-07 -10.88 0.2666667 0.1333333 0
v -7.679999 -3.576279E-07 -10.88 0.2666667 0.1333333 0
v -7.679999 -3.576279E-07 -11.2 0.2666667 0.1333333 0
v -7.839999 -3.576279E-07 -11.2 0.2666667 0.1333333 0
v -7.839999 -3.576279E-07 -11.04 0.2666667 0.1333333 0
v -7.679999 -3.576279E-07 -11.04 0.2666667 0.1333333 0
v -7.679999 -3.576279E-07 -11.36 0.2666667 0.1333333 0
v -7.839999 -3.576279E-07 -11.36 0.2666667 0.1333333 0
v -7.839999 -3.576279E-07 -11.2 0.2666667 0.1333333 0
v -7.679999 -3.576279E-07 -11.2 0.2666667 0.1333333 0
v -7.679999 -3.576279E-07 -11.52 0.2666667 0.1333333 0
v -7.839999 -3.576279E-07 -11.52 0.2666667 0.1333333 0
v -7.839999 -3.576279E-07 -11.36 0.2666667 0.1333333 0
v -7.679999 -3.576279E-07 -11.36 0.2666667 0.1333333 0
v -7.679999 -3.576279E-07 -11.68 0.2666667 0.1333333 0
v -7.839999 -3.576279E-07 -11.68 0.2666667 0.1333333 0
v -7.839999 -3.576279E-07 -11.52 0.2666667 0.1333333 0
v -7.679999 -3.576279E-07 -11.52 0.2666667 0.1333333 0
v -7.679999 -3.576279E-07 -11.84 0.2666667 0.1333333 0
v -7.839999 -3.576279E-07 -11.84 0.2666667 0.1333333 0
v -7.839999 -3.576279E-07 -11.68 0.2666667 0.1333333 0
v -7.679999 -3.576279E-07 -11.68 0.2666667 0.1333333 0
v -7.679999 -3.576279E-07 -12 0.2666667 0.1333333 0
v -7.839999 -3.576279E-07 -12 0.2666667 0.1333333 0
v -7.839999 -3.576279E-07 -11.84 0.2666667 0.1333333 0
v -7.679999 -3.576279E-07 -11.84 0.2666667 0.1333333 0
v -7.679999 -3.576279E-07 -12 0.2666667 0.1333333 0
v -7.679999 0.1599996 -12 0.2666667 0.1333333 0
v -7.839999 0.1599996 -12 0.2133334 0.1066667 0
v -7.839999 -3.576279E-07 -12 0.24 0.12 0
v -7.679999 0.1599996 -12 0.2666667 0.1333333 0
v -7.679999 0.3199996 -12 0.2666667 0.1333333 0
v -7.839999 0.3199996 -12 0.2133334 0.1066667 0
v -7.839999 0.1599996 -12 0.2133334 0.1066667 0
v -7.679999 0.3199996 -12 0.2666667 0.1333333 0
v -7.679999 0.4799997 -12 0.2666667 0.1333333 0
v -7.839999 0.4799997 -12 0.24 0.12 0
v -7.839999 0.3199996 -12 0.2133334 0.1066667 0
v -7.679999 0.6399996 -9.599998 0.2666667 0.1333333 0
v -7.839999 0.6399996 -9.599998 0.2666667 0.1333333 0
v -7.839999 0.6399996 -9.759998 0.2666667 0.1333333 0
v -7.679999 0.6399996 -9.759998 0.24 0.12 0
v -7.679999 0.6399996 -9.759998 0.24 0.12 0
v -7.839999 0.6399996 -9.759998 0.2666667 0.1333333 0
v -7.839999 0.6399996 -9.919998 0.24 0.12 0
v -7.679999 0.6399996 -9.919998 0.2133334 0.1066667 0
v -7.679999 0.6399996 -10.4 0.24 0.12 0
v -7.839999 0.6399996 -10.4 0.2133334 0.1066667 0
v -7.839999 0.6399996 -10.56 0.24 0.12 0
v -7.679999 0.6399996 -10.56 0.2666667 0.1333333 0
v -7.679999 0.6399996 -10.56 0.2666667 0.1333333 0
v -7.839999 0.6399996 -10.56 0.24 0.12 0
v -7.839999 0.6399996 -10.72 0.2666667 0.1333333 0
v -7.679999 0.6399996 -10.72 0.2666667 0.1333333 0
v -7.679999 0.6399996 -10.72 0.2666667 0.1333333 0
v -7.839999 0.6399996 -10.72 0.2666667 0.1333333 0
v -7.839999 0.6399996 -10.88 0.2666667 0.1333333 0
v -7.679999 0.6399996 -10.88 0.2666667 0.1333333 0
v -7.679999 0.6399996 -10.88 0.2666667 0.1333333 0
v -7.839999 0.6399996 -10.88 0.2666667 0.1333333 0
v -7.839999 0.6399996 -11.04 0.2666667 0.1333333 0
v -7.679999 0.6399996 -11.04 0.24 0.12 0
v -7.679999 0.6399996 -11.04 0.24 0.12 0
v -7.839999 0.6399996 -11.04 0.2666667 0.1333333 0
v -7.839999 0.6399996 -11.2 0.24 0.12 0
v -7.679999 0.6399996 -11.2 0.2133334 0.1066667 0
v -7.679999 0.6399996 -11.68 0.24 0.12 0
v -7.839999 0.6399996 -11.68 0.2133334 0.1066667 0
v -7.839999 0.6399996 -11.84 0.24 0.12 0
v -7.679999 0.6399996 -11.84 0.2666667 0.1333333 0
v -7.679999 0.6399996 -11.84 0.2666667 0.1333333 0
v -7.839999 0.6399996 -11.84 0.24 0.12 0
v -7.839999 0.6399996 -12 0.2666667 0.1333333 0
v -7.679999 0.6399996 -12 0.2666667 0.1333333 0
v -7.679999 0.4799997 -12 0.2666667 0.1333333 0
v -7.679999 0.6399996 -12 0.2666667 0.1333333 0
v -7.839999 0.6399996 -12 0.2666667 0.1333333 0
v -7.839999 0.4799997 -12 0.24 0.12 0
v -7.679999 0.7999996 -9.919998 0.1882353 0.09803922 0
v -7.839999 0.7999996 -9.919998 0.1882353 0.09803922 0
v -7.839999 0.7999996 -10.08 0.1882353 0.09803922 0
v -7.679999 0.7999996 -10.08 0.1882353 0.09803922 0
v -7.839999 0.6399996 -9.919998 0.1505882 0.07843138 0
v -7.839999 0.7999996 -9.919998 0.1882353 0.09803922 0
v -7.679999 0.7999996 -9.919998 0.1694118 0.0882353 0
v -7.679999 0.6399996 -9.919998 0.1505882 0.07843138 0
v -7.839999 0.6399996 -10.08 0.1505882 0.07843138 0
v -7.839999 0.7999996 -10.08 0.1694118 0.0882353 0
v -7.839999 0.7999996 -9.919998 0.1882353 0.09803922 0
v -7.839999 0.6399996 -9.919998 0.1505882 0.07843138 0
v -7.679999 0.7999996 -10.08 0.1882353 0.09803922 0
v -7.839999 0.7999996 -10.08 0.1882353 0.09803922 0
v -7.839999 0.7999996 -10.24 0.1882353 0.09803922 0
v -7.679999 0.7999996 -10.24 0.1882353 0.09803922 0
v -7.679999 0.7999996 -10.24 0.1882353 0.09803922 0
v -7.839999 0.7999996 -10.24 0.1882353 0.09803922 0
v -7.839999 0.7999996 -10.4 0.1882353 0.09803922 0
v -7.679999 0.7999996 -10.4 0.1882353 0.09803922 0
v -7.679999 0.6399996 -10.4 0.1505882 0.07843138 0
v -7.679999 0.7999996 -10.4 0.1882353 0.09803922 0
v -7.839999 0.7999996 -10.4 0.1694118 0.0882353 0
v -7.839999 0.6399996 -10.4 0.1505882 0.07843138 0
v -7.679999 0.6399996 -10.24 0.1505882 0.07843138 0
v -7.679999 0.7999996 -10.24 0.1694118 0.0882353 0
v -7.679999 0.7999996 -10.4 0.1882353 0.09803922 0
v -7.679999 0.6399996 -10.4 0.1505882 0.07843138 0
v -7.679999 0.7999996 -11.2 0.1882353 0.09803922 0
v -7.839999 0.7999996 -11.2 0.1882353 0.09803922 0
v -7.839999 0.7999996 -11.36 0.1882353 0.09803922 0
v -7.679999 0.7999996 -11.36 0.1882353 0.09803922 0
v -7.839999 0.6399996 -11.2 0.1505882 0.07843138 0
v -7.839999 0.7999996 -11.2 0.1882353 0.09803922 0
v -7.679999 0.7999996 -11.2 0.1694118 0.0882353 0
v -7.679999 0.6399996 -11.2 0.1505882 0.07843138 0
v -7.839999 0.6399996 -11.36 0.1505882 0.07843138 0
v -7.839999 0.7999996 -11.36 0.1694118 0.0882353 0
v -7.839999 0.7999996 -11.2 0.1882353 0.09803922 0
v -7.839999 0.6399996 -11.2 0.1505882 0.07843138 0
v -7.679999 0.7999996 -11.36 0.1882353 0.09803922 0
v -7.839999 0.7999996 -11.36 0.1882353 0.09803922 0
v -7.839999 0.7999996 -11.52 0.1882353 0.09803922 0
v -7.679999 0.7999996 -11.52 0.1882353 0.09803922 0
v -7.679999 0.7999996 -11.52 0.1882353 0.09803922 0
v -7.839999 0.7999996 -11.52 0.1882353 0.09803922 0
v -7.839999 0.7999996 -11.68 0.1882353 0.09803922 0
v -7.679999 0.7999996 -11.68 0.1882353 0.09803922 0
v -7.679999 0.6399996 -11.68 0.1505882 0.07843138 0
v -7.679999 0.7999996 -11.68 0.1882353 0.09803922 0
v -7.839999 0.7999996 -11.68 0.1694118 0.0882353 0
v -7.839999 0.6399996 -11.68 0.1505882 0.07843138 0
v -7.679999 0.6399996 -11.52 0.1505882 0.07843138 0
v -7.679999 0.7999996 -11.52 0.1694118 0.0882353 0
v -7.679999 0.7999996 -11.68 0.1882353 0.09803922 0
v -7.679999 0.6399996 -11.68 0.1505882 0.07843138 0
v -7.839999 -3.576279E-07 -9.759998 0.2666667 0.1333333 0
v -7.999999 -3.576279E-07 -9.759998 0.2666667 0.1333333 0
v -7.999999 -3.576279E-07 -9.599998 0.2666667 0.1333333 0
v -7.839999 -3.576279E-07 -9.599998 0.2666667 0.1333333 0
v -7.839999 -3.576279E-07 -9.919998 0.2666667 0.1333333 0
v -7.999999 -3.576279E-07 -9.919998 0.2666667 0.1333333 0
v -7.999999 -3.576279E-07 -9.759998 0.2666667 0.1333333 0
v -7.839999 -3.576279E-07 -9.759998 0.2666667 0.1333333 0
v -7.839999 -3.576279E-07 -10.08 0.2666667 0.1333333 0
v -7.999999 -3.576279E-07 -10.08 0.2666667 0.1333333 0
v -7.999999 -3.576279E-07 -9.919998 0.2666667 0.1333333 0
v -7.839999 -3.576279E-07 -9.919998 0.2666667 0.1333333 0
v -7.839999 -3.576279E-07 -10.24 0.2666667 0.1333333 0
v -7.999999 -3.576279E-07 -10.24 0.2666667 0.1333333 0
v -7.999999 -3.576279E-07 -10.08 0.2666667 0.1333333 0
v -7.839999 -3.576279E-07 -10.08 0.2666667 0.1333333 0
v -7.839999 -3.576279E-07 -10.4 0.2666667 0.1333333 0
v -7.999999 -3.576279E-07 -10.4 0.2666667 0.1333333 0
v -7.999999 -3.576279E-07 -10.24 0.2666667 0.1333333 0
v -7.839999 -3.576279E-07 -10.24 0.2666667 0.1333333 0
v -7.839999 -3.576279E-07 -10.56 0.2666667 0.1333333 0
v -7.999999 -3.576279E-07 -10.56 0.2666667 0.1333333 0
v -7.999999 -3.576279E-07 -10.4 0.2666667 0.1333333 0
v -7.839999 -3.576279E-07 -10.4 0.2666667 0.1333333 0
v -7.839999 -3.576279E-07 -10.72 0.2666667 0.1333333 0
v -7.999999 -3.576279E-07 -10.72 0.2666667 0.1333333 0
v -7.999999 -3.576279E-07 -10.56 0.2666667 0.1333333 0
v -7.839999 -3.576279E-07 -10.56 0.2666667 0.1333333 0
v -7.839999 -3.576279E-07 -10.88 0.2666667 0.1333333 0
v -7.999999 -3.576279E-07 -10.88 0.2666667 0.1333333 0
v -7.999999 -3.576279E-07 -10.72 0.2666667 0.1333333 0
v -7.839999 -3.576279E-07 -10.72 0.2666667 0.1333333 0
v -7.839999 -3.576279E-07 -11.04 0.2666667 0.1333333 0
v -7.999999 -3.576279E-07 -11.04 0.2666667 0.1333333 0
v -7.999999 -3.576279E-07 -10.88 0.2666667 0.1333333 0
v -7.839999 -3.576279E-07 -10.88 0.2666667 0.1333333 0
v -7.839999 -3.576279E-07 -11.2 0.2666667 0.1333333 0
v -7.999999 -3.576279E-07 -11.2 0.2666667 0.1333333 0
v -7.999999 -3.576279E-07 -11.04 0.2666667 0.1333333 0
v -7.839999 -3.576279E-07 -11.04 0.2666667 0.1333333 0
v -7.839999 -3.576279E-07 -11.36 0.2666667 0.1333333 0
v -7.999999 -3.576279E-07 -11.36 0.2666667 0.1333333 0
v -7.999999 -3.576279E-07 -11.2 0.2666667 0.1333333 0
v -7.839999 -3.576279E-07 -11.2 0.2666667 0.1333333 0
v -7.839999 -3.576279E-07 -11.52 0.2666667 0.1333333 0
v -7.999999 -3.576279E-07 -11.52 0.2666667 0.1333333 0
v -7.999999 -3.576279E-07 -11.36 0.2666667 0.1333333 0
v -7.839999 -3.576279E-07 -11.36 0.2666667 0.1333333 0
v -7.839999 -3.576279E-07 -11.68 0.2666667 0.1333333 0
v -7.999999 -3.576279E-07 -11.68 0.2666667 0.1333333 0
v -7.999999 -3.576279E-07 -11.52 0.2666667 0.1333333 0
v -7.839999 -3.576279E-07 -11.52 0.2666667 0.1333333 0
v -7.839999 -3.576279E-07 -11.84 0.2666667 0.1333333 0
v -7.999999 -3.576279E-07 -11.84 0.2666667 0.1333333 0
v -7.999999 -3.576279E-07 -11.68 0.2666667 0.1333333 0
v -7.839999 -3.576279E-07 -11.68 0.2666667 0.1333333 0
v -7.839999 -3.576279E-07 -12 0.2666667 0.1333333 0
v -7.999999 -3.576279E-07 -12 0.2666667 0.1333333 0
v -7.999999 -3.576279E-07 -11.84 0.2666667 0.1333333 0
v -7.839999 -3.576279E-07 -11.84 0.2666667 0.1333333 0
v -7.839999 -3.576279E-07 -12.16 0.2666667 0.1333333 0
v -7.999999 -3.576279E-07 -12.16 0.2666667 0.1333333 0
v -7.999999 -3.576279E-07 -12 0.2666667 0.1333333 0
v -7.839999 -3.576279E-07 -12 0.2666667 0.1333333 0
v -7.839999 -3.576279E-07 -12.16 0.2666667 0.1333333 0
v -7.839999 0.1599996 -12.16 0.2666667 0.1333333 0
v -7.999999 0.1599996 -12.16 0.2666667 0.1333333 0
v -7.999999 -3.576279E-07 -12.16 0.2666667 0.1333333 0
v -7.839999 -3.576279E-07 -12 0.24 0.12 0
v -7.839999 0.1599996 -12 0.2133334 0.1066667 0
v -7.839999 0.1599996 -12.16 0.2666667 0.1333333 0
v -7.839999 -3.576279E-07 -12.16 0.2666667 0.1333333 0
v -7.839999 0.1599996 -12.16 0.2666667 0.1333333 0
v -7.839999 0.3199996 -12.16 0.2666667 0.1333333 0
v -7.999999 0.3199996 -12.16 0.2666667 0.1333333 0
v -7.999999 0.1599996 -12.16 0.2666667 0.1333333 0
v -7.839999 0.1599996 -12 0.2133334 0.1066667 0
v -7.839999 0.3199996 -12 0.2133334 0.1066667 0
v -7.839999 0.3199996 -12.16 0.2666667 0.1333333 0
v -7.839999 0.1599996 -12.16 0.2666667 0.1333333 0
v -7.839999 0.4799997 -12 0.2133334 0.1066667 0
v -7.999999 0.4799997 -12 0.2133334 0.1066667 0
v -7.999999 0.4799997 -12.16 0.2666667 0.1333333 0
v -7.839999 0.4799997 -12.16 0.2666667 0.1333333 0
v -7.839999 0.3199996 -12.16 0.2666667 0.1333333 0
v -7.839999 0.4799997 -12.16 0.2666667 0.1333333 0
v -7.999999 0.4799997 -12.16 0.2666667 0.1333333 0
v -7.999999 0.3199996 -12.16 0.2666667 0.1333333 0
v -7.839999 0.3199996 -12 0.2133334 0.1066667 0
v -7.839999 0.4799997 -12 0.2133334 0.1066667 0
v -7.839999 0.4799997 -12.16 0.2666667 0.1333333 0
v -7.839999 0.3199996 -12.16 0.2666667 0.1333333 0
v -7.839999 0.6399996 -9.599998 0.2666667 0.1333333 0
v -7.999999 0.6399996 -9.599998 0.2666667 0.1333333 0
v -7.999999 0.6399996 -9.759998 0.2666667 0.1333333 0
v -7.839999 0.6399996 -9.759998 0.2666667 0.1333333 0
v -7.839999 0.6399996 -9.759998 0.2666667 0.1333333 0
v -7.999999 0.6399996 -9.759998 0.2666667 0.1333333 0
v -7.999999 0.6399996 -9.919998 0.2666667 0.1333333 0
v -7.839999 0.6399996 -9.919998 0.24 0.12 0
v -7.839999 0.6399996 -9.919998 0.24 0.12 0
v -7.999999 0.6399996 -9.919998 0.2666667 0.1333333 0
v -7.999999 0.6399996 -10.08 0.24 0.12 0
v -7.839999 0.6399996 -10.08 0.2133334 0.1066667 0
v -7.839999 0.6399996 -10.56 0.24 0.12 0
v -7.999999 0.6399996 -10.56 0.2133334 0.1066667 0
v -7.999999 0.6399996 -10.72 0.24 0.12 0
v -7.839999 0.6399996 -10.72 0.2666667 0.1333333 0
v -7.839999 0.6399996 -10.72 0.2666667 0.1333333 0
v -7.999999 0.6399996 -10.72 0.24 0.12 0
v -7.999999 0.6399996 -10.88 0.2666667 0.1333333 0
v -7.839999 0.6399996 -10.88 0.2666667 0.1333333 0
v -7.839999 0.6399996 -10.88 0.2666667 0.1333333 0
v -7.999999 0.6399996 -10.88 0.2666667 0.1333333 0
v -7.999999 0.6399996 -11.04 0.2666667 0.1333333 0
v -7.839999 0.6399996 -11.04 0.2666667 0.1333333 0
v -7.839999 0.6399996 -11.04 0.2666667 0.1333333 0
v -7.999999 0.6399996 -11.04 0.2666667 0.1333333 0
v -7.999999 0.6399996 -11.2 0.2666667 0.1333333 0
v -7.839999 0.6399996 -11.2 0.24 0.12 0
v -7.839999 0.6399996 -11.2 0.24 0.12 0
v -7.999999 0.6399996 -11.2 0.2666667 0.1333333 0
v -7.999999 0.6399996 -11.36 0.24 0.12 0
v -7.839999 0.6399996 -11.36 0.2133334 0.1066667 0
v -7.839999 0.6399996 -11.84 0.24 0.12 0
v -7.999999 0.6399996 -11.84 0.2133334 0.1066667 0
v -7.999999 0.6399996 -12 0.24 0.12 0
v -7.839999 0.6399996 -12 0.2666667 0.1333333 0
v -7.839999 0.4799997 -12 0.24 0.12 0
v -7.839999 0.6399996 -12 0.2666667 0.1333333 0
v -7.999999 0.6399996 -12 0.2666667 0.1333333 0
v -7.999999 0.4799997 -12 0.2133334 0.1066667 0
v -7.839999 0.7999996 -10.08 0.1882353 0.09803922 0
v -7.999999 0.7999996 -10.08 0.1882353 0.09803922 0
v -7.999999 0.7999996 -10.24 0.1882353 0.09803922 0
v -7.839999 0.7999996 -10.24 0.1882353 0.09803922 0
v -7.999999 0.6399996 -10.08 0.1505882 0.07843138 0
v -7.999999 0.7999996 -10.08 0.1882353 0.09803922 0
v -7.839999 0.7999996 -10.08 0.1694118 0.0882353 0
v -7.839999 0.6399996 -10.08 0.1505882 0.07843138 0
v -7.999999 0.6399996 -10.24 0.1505882 0.07843138 0
v -7.999999 0.7999996 -10.24 0.1694118 0.0882353 0
v -7.999999 0.7999996 -10.08 0.1882353 0.09803922 0
v -7.999999 0.6399996 -10.08 0.1505882 0.07843138 0
v -7.839999 0.7999996 -10.24 0.1882353 0.09803922 0
v -7.999999 0.7999996 -10.24 0.1882353 0.09803922 0
v -7.999999 0.7999996 -10.4 0.1882353 0.09803922 0
v -7.839999 0.7999996 -10.4 0.1882353 0.09803922 0
v -7.839999 0.7999996 -10.4 0.1882353 0.09803922 0
v -7.999999 0.7999996 -10.4 0.1882353 0.09803922 0
v -7.999999 0.7999996 -10.56 0.1882353 0.09803922 0
v -7.839999 0.7999996 -10.56 0.1882353 0.09803922 0
v -7.839999 0.6399996 -10.56 0.1505882 0.07843138 0
v -7.839999 0.7999996 -10.56 0.1882353 0.09803922 0
v -7.999999 0.7999996 -10.56 0.1694118 0.0882353 0
v -7.999999 0.6399996 -10.56 0.1505882 0.07843138 0
v -7.839999 0.6399996 -10.4 0.1505882 0.07843138 0
v -7.839999 0.7999996 -10.4 0.1694118 0.0882353 0
v -7.839999 0.7999996 -10.56 0.1882353 0.09803922 0
v -7.839999 0.6399996 -10.56 0.1505882 0.07843138 0
v -7.839999 0.7999996 -11.36 0.1882353 0.09803922 0
v -7.999999 0.7999996 -11.36 0.1882353 0.09803922 0
v -7.999999 0.7999996 -11.52 0.1882353 0.09803922 0
v -7.839999 0.7999996 -11.52 0.1882353 0.09803922 0
v -7.999999 0.6399996 -11.36 0.1505882 0.07843138 0
v -7.999999 0.7999996 -11.36 0.1882353 0.09803922 0
v -7.839999 0.7999996 -11.36 0.1694118 0.0882353 0
v -7.839999 0.6399996 -11.36 0.1505882 0.07843138 0
v -7.999999 0.6399996 -11.52 0.1505882 0.07843138 0
v -7.999999 0.7999996 -11.52 0.1694118 0.0882353 0
v -7.999999 0.7999996 -11.36 0.1882353 0.09803922 0
v -7.999999 0.6399996 -11.36 0.1505882 0.07843138 0
v -7.839999 0.7999996 -11.52 0.1882353 0.09803922 0
v -7.999999 0.7999996 -11.52 0.1882353 0.09803922 0
v -7.999999 0.7999996 -11.68 0.1882353 0.09803922 0
v -7.839999 0.7999996 -11.68 0.1882353 0.09803922 0
v -7.839999 0.7999996 -11.68 0.1882353 0.09803922 0
v -7.999999 0.7999996 -11.68 0.1882353 0.09803922 0
v -7.999999 0.7999996 -11.84 0.1882353 0.09803922 0
v -7.839999 0.7999996 -11.84 0.1882353 0.09803922 0
v -7.839999 0.6399996 -11.84 0.1505882 0.07843138 0
v -7.839999 0.7999996 -11.84 0.1882353 0.09803922 0
v -7.999999 0.7999996 -11.84 0.1694118 0.0882353 0
v -7.999999 0.6399996 -11.84 0.1505882 0.07843138 0
v -7.839999 0.6399996 -11.68 0.1505882 0.07843138 0
v -7.839999 0.7999996 -11.68 0.1694118 0.0882353 0
v -7.839999 0.7999996 -11.84 0.1882353 0.09803922 0
v -7.839999 0.6399996 -11.84 0.1505882 0.07843138 0
v -7.999999 -3.576279E-07 -9.759998 0.2666667 0.1333333 0
v -8.159999 -3.576279E-07 -9.759998 0.2666667 0.1333333 0
v -8.159999 -3.576279E-07 -9.599998 0.2666667 0.1333333 0
v -7.999999 -3.576279E-07 -9.599998 0.2666667 0.1333333 0
v -7.999999 -3.576279E-07 -9.919998 0.2666667 0.1333333 0
v -8.159999 -3.576279E-07 -9.919998 0.2666667 0.1333333 0
v -8.159999 -3.576279E-07 -9.759998 0.2666667 0.1333333 0
v -7.999999 -3.576279E-07 -9.759998 0.2666667 0.1333333 0
v -7.999999 -3.576279E-07 -10.08 0.2666667 0.1333333 0
v -8.159999 -3.576279E-07 -10.08 0.2666667 0.1333333 0
v -8.159999 -3.576279E-07 -9.919998 0.2666667 0.1333333 0
v -7.999999 -3.576279E-07 -9.919998 0.2666667 0.1333333 0
v -7.999999 -3.576279E-07 -10.24 0.2666667 0.1333333 0
v -8.159999 -3.576279E-07 -10.24 0.2666667 0.1333333 0
v -8.159999 -3.576279E-07 -10.08 0.2666667 0.1333333 0
v -7.999999 -3.576279E-07 -10.08 0.2666667 0.1333333 0
v -7.999999 -3.576279E-07 -10.4 0.2666667 0.1333333 0
v -8.159999 -3.576279E-07 -10.4 0.2666667 0.1333333 0
v -8.159999 -3.576279E-07 -10.24 0.2666667 0.1333333 0
v -7.999999 -3.576279E-07 -10.24 0.2666667 0.1333333 0
v -7.999999 -3.576279E-07 -10.56 0.2666667 0.1333333 0
v -8.159999 -3.576279E-07 -10.56 0.2666667 0.1333333 0
v -8.159999 -3.576279E-07 -10.4 0.2666667 0.1333333 0
v -7.999999 -3.576279E-07 -10.4 0.2666667 0.1333333 0
v -7.999999 -3.576279E-07 -10.72 0.2666667 0.1333333 0
v -8.159999 -3.576279E-07 -10.72 0.2666667 0.1333333 0
v -8.159999 -3.576279E-07 -10.56 0.2666667 0.1333333 0
v -7.999999 -3.576279E-07 -10.56 0.2666667 0.1333333 0
v -7.999999 -3.576279E-07 -10.88 0.2666667 0.1333333 0
v -8.159999 -3.576279E-07 -10.88 0.2666667 0.1333333 0
v -8.159999 -3.576279E-07 -10.72 0.2666667 0.1333333 0
v -7.999999 -3.576279E-07 -10.72 0.2666667 0.1333333 0
v -7.999999 -3.576279E-07 -11.04 0.2666667 0.1333333 0
v -8.159999 -3.576279E-07 -11.04 0.2666667 0.1333333 0
v -8.159999 -3.576279E-07 -10.88 0.2666667 0.1333333 0
v -7.999999 -3.576279E-07 -10.88 0.2666667 0.1333333 0
v -7.999999 -3.576279E-07 -11.2 0.2666667 0.1333333 0
v -8.159999 -3.576279E-07 -11.2 0.2666667 0.1333333 0
v -8.159999 -3.576279E-07 -11.04 0.2666667 0.1333333 0
v -7.999999 -3.576279E-07 -11.04 0.2666667 0.1333333 0
v -7.999999 -3.576279E-07 -11.36 0.2666667 0.1333333 0
v -8.159999 -3.576279E-07 -11.36 0.2666667 0.1333333 0
v -8.159999 -3.576279E-07 -11.2 0.2666667 0.1333333 0
v -7.999999 -3.576279E-07 -11.2 0.2666667 0.1333333 0
v -7.999999 -3.576279E-07 -11.52 0.2666667 0.1333333 0
v -8.159999 -3.576279E-07 -11.52 0.2666667 0.1333333 0
v -8.159999 -3.576279E-07 -11.36 0.2666667 0.1333333 0
v -7.999999 -3.576279E-07 -11.36 0.2666667 0.1333333 0
v -7.999999 -3.576279E-07 -11.68 0.2666667 0.1333333 0
v -8.159999 -3.576279E-07 -11.68 0.2666667 0.1333333 0
v -8.159999 -3.576279E-07 -11.52 0.2666667 0.1333333 0
v -7.999999 -3.576279E-07 -11.52 0.2666667 0.1333333 0
v -7.999999 -3.576279E-07 -11.84 0.2666667 0.1333333 0
v -8.159999 -3.576279E-07 -11.84 0.2666667 0.1333333 0
v -8.159999 -3.576279E-07 -11.68 0.2666667 0.1333333 0
v -7.999999 -3.576279E-07 -11.68 0.2666667 0.1333333 0
v -7.999999 -3.576279E-07 -12 0.2666667 0.1333333 0
v -8.159999 -3.576279E-07 -12 0.2666667 0.1333333 0
v -8.159999 -3.576279E-07 -11.84 0.2666667 0.1333333 0
v -7.999999 -3.576279E-07 -11.84 0.2666667 0.1333333 0
v -7.999999 -3.576279E-07 -12.16 0.2666667 0.1333333 0
v -8.159999 -3.576279E-07 -12.16 0.2666667 0.1333333 0
v -8.159999 -3.576279E-07 -12 0.2666667 0.1333333 0
v -7.999999 -3.576279E-07 -12 0.2666667 0.1333333 0
v -7.999999 -3.576279E-07 -12.16 0.2666667 0.1333333 0
v -7.999999 0.1599996 -12.16 0.2666667 0.1333333 0
v -8.159999 0.1599996 -12.16 0.2666667 0.1333333 0
v -8.159999 -3.576279E-07 -12.16 0.2666667 0.1333333 0
v -8.159999 -3.576279E-07 -12.16 0.2666667 0.1333333 0
v -8.159999 0.1599996 -12.16 0.2666667 0.1333333 0
v -8.159999 0.1599996 -12 0.2133334 0.1066667 0
v -8.159999 -3.576279E-07 -12 0.24 0.12 0
v -7.999999 0.1599996 -12.16 0.2666667 0.1333333 0
v -7.999999 0.3199996 -12.16 0.2666667 0.1333333 0
v -8.159999 0.3199996 -12.16 0.2666667 0.1333333 0
v -8.159999 0.1599996 -12.16 0.2666667 0.1333333 0
v -8.159999 0.1599996 -12.16 0.2666667 0.1333333 0
v -8.159999 0.3199996 -12.16 0.2666667 0.1333333 0
v -8.159999 0.3199996 -12 0.2133334 0.1066667 0
v -8.159999 0.1599996 -12 0.2133334 0.1066667 0
v -7.999999 0.4799997 -12 0.2133334 0.1066667 0
v -8.159999 0.4799997 -12 0.2133334 0.1066667 0
v -8.159999 0.4799997 -12.16 0.2666667 0.1333333 0
v -7.999999 0.4799997 -12.16 0.2666667 0.1333333 0
v -7.999999 0.3199996 -12.16 0.2666667 0.1333333 0
v -7.999999 0.4799997 -12.16 0.2666667 0.1333333 0
v -8.159999 0.4799997 -12.16 0.2666667 0.1333333 0
v -8.159999 0.3199996 -12.16 0.2666667 0.1333333 0
v -8.159999 0.3199996 -12.16 0.2666667 0.1333333 0
v -8.159999 0.4799997 -12.16 0.2666667 0.1333333 0
v -8.159999 0.4799997 -12 0.2133334 0.1066667 0
v -8.159999 0.3199996 -12 0.2133334 0.1066667 0
v -7.999999 0.6399996 -9.599998 0.2666667 0.1333333 0
v -8.159999 0.6399996 -9.599998 0.2666667 0.1333333 0
v -8.159999 0.6399996 -9.759998 0.2666667 0.1333333 0
v -7.999999 0.6399996 -9.759998 0.2666667 0.1333333 0
v -7.999999 0.6399996 -9.759998 0.2666667 0.1333333 0
v -8.159999 0.6399996 -9.759998 0.2666667 0.1333333 0
v -8.159999 0.6399996 -9.919998 0.2666667 0.1333333 0
v -7.999999 0.6399996 -9.919998 0.2666667 0.1333333 0
v -7.999999 0.6399996 -9.919998 0.2666667 0.1333333 0
v -8.159999 0.6399996 -9.919998 0.2666667 0.1333333 0
v -8.159999 0.6399996 -10.08 0.2666667 0.1333333 0
v -7.999999 0.6399996 -10.08 0.24 0.12 0
v -7.999999 0.6399996 -10.08 0.24 0.12 0
v -8.159999 0.6399996 -10.08 0.2666667 0.1333333 0
v -8.159999 0.6399996 -10.24 0.24 0.12 0
v -7.999999 0.6399996 -10.24 0.2133334 0.1066667 0
v -7.999999 0.6399996 -10.72 0.24 0.12 0
v -8.159999 0.6399996 -10.72 0.2133334 0.1066667 0
v -8.159999 0.6399996 -10.88 0.24 0.12 0
v -7.999999 0.6399996 -10.88 0.2666667 0.1333333 0
v -7.999999 0.6399996 -10.88 0.2666667 0.1333333 0
v -8.159999 0.6399996 -10.88 0.24 0.12 0
v -8.159999 0.6399996 -11.04 0.2666667 0.1333333 0
v -7.999999 0.6399996 -11.04 0.2666667 0.1333333 0
v -7.999999 0.6399996 -11.04 0.2666667 0.1333333 0
v -8.159999 0.6399996 -11.04 0.2666667 0.1333333 0
v -8.159999 0.6399996 -11.2 0.2666667 0.1333333 0
v -7.999999 0.6399996 -11.2 0.2666667 0.1333333 0
v -7.999999 0.6399996 -11.2 0.2666667 0.1333333 0
v -8.159999 0.6399996 -11.2 0.2666667 0.1333333 0
v -8.159999 0.6399996 -11.36 0.2666667 0.1333333 0
v -7.999999 0.6399996 -11.36 0.24 0.12 0
v -7.999999 0.6399996 -11.36 0.24 0.12 0
v -8.159999 0.6399996 -11.36 0.2666667 0.1333333 0
v -8.159999 0.6399996 -11.52 0.24 0.12 0
v -7.999999 0.6399996 -11.52 0.2133334 0.1066667 0
v -7.999999 0.4799997 -12 0.1505882 0.07843138 0
v -7.999999 0.6399996 -12 0.1882353 0.09803922 0
v -8.159999 0.6399996 -12 0.1882353 0.09803922 0
v -8.159999 0.4799997 -12 0.1694118 0.0882353 0
v -7.999999 0.7999996 -10.24 0.1882353 0.09803922 0
v -8.159999 0.7999996 -10.24 0.1882353 0.09803922 0
v -8.159999 0.7999996 -10.4 0.1882353 0.09803922 0
v -7.999999 0.7999996 -10.4 0.1882353 0.09803922 0
v -8.159999 0.6399996 -10.24 0.1505882 0.07843138 0
v -8.159999 0.7999996 -10.24 0.1882353 0.09803922 0
v -7.999999 0.7999996 -10.24 0.1694118 0.0882353 0
v -7.999999 0.6399996 -10.24 0.1505882 0.07843138 0
v -8.159999 0.6399996 -10.4 0.1505882 0.07843138 0
v -8.159999 0.7999996 -10.4 0.1694118 0.0882353 0
v -8.159999 0.7999996 -10.24 0.1882353 0.09803922 0
v -8.159999 0.6399996 -10.24 0.1505882 0.07843138 0
v -7.999999 0.7999996 -10.4 0.1882353 0.09803922 0
v -8.159999 0.7999996 -10.4 0.1882353 0.09803922 0
v -8.159999 0.7999996 -10.56 0.1882353 0.09803922 0
v -7.999999 0.7999996 -10.56 0.1882353 0.09803922 0
v -7.999999 0.7999996 -10.56 0.1882353 0.09803922 0
v -8.159999 0.7999996 -10.56 0.1882353 0.09803922 0
v -8.159999 0.7999996 -10.72 0.1882353 0.09803922 0
v -7.999999 0.7999996 -10.72 0.1882353 0.09803922 0
v -7.999999 0.6399996 -10.72 0.1505882 0.07843138 0
v -7.999999 0.7999996 -10.72 0.1882353 0.09803922 0
v -8.159999 0.7999996 -10.72 0.1694118 0.0882353 0
v -8.159999 0.6399996 -10.72 0.1505882 0.07843138 0
v -7.999999 0.6399996 -10.56 0.1505882 0.07843138 0
v -7.999999 0.7999996 -10.56 0.1694118 0.0882353 0
v -7.999999 0.7999996 -10.72 0.1882353 0.09803922 0
v -7.999999 0.6399996 -10.72 0.1505882 0.07843138 0
v -7.999999 0.7999996 -11.52 0.1882353 0.09803922 0
v -8.159999 0.7999996 -11.52 0.1882353 0.09803922 0
v -8.159999 0.7999996 -11.68 0.1882353 0.09803922 0
v -7.999999 0.7999996 -11.68 0.1882353 0.09803922 0
v -8.159999 0.6399996 -11.52 0.1505882 0.07843138 0
v -8.159999 0.7999996 -11.52 0.1882353 0.09803922 0
v -7.999999 0.7999996 -11.52 0.1694118 0.0882353 0
v -7.999999 0.6399996 -11.52 0.1505882 0.07843138 0
v -8.159999 0.6399996 -11.68 0.1505882 0.07843138 0
v -8.159999 0.7999996 -11.68 0.1694118 0.0882353 0
v -8.159999 0.7999996 -11.52 0.1882353 0.09803922 0
v -8.159999 0.6399996 -11.52 0.1505882 0.07843138 0
v -7.999999 0.7999996 -11.68 0.1882353 0.09803922 0
v -8.159999 0.7999996 -11.68 0.1882353 0.09803922 0
v -8.159999 0.7999996 -11.84 0.1882353 0.09803922 0
v -7.999999 0.7999996 -11.84 0.1882353 0.09803922 0
v -7.999999 0.7999996 -11.84 0.1882353 0.09803922 0
v -8.159999 0.7999996 -11.84 0.1882353 0.09803922 0
v -8.159999 0.7999996 -12 0.1882353 0.09803922 0
v -7.999999 0.7999996 -12 0.1882353 0.09803922 0
v -7.999999 0.6399996 -12 0.1882353 0.09803922 0
v -7.999999 0.7999996 -12 0.1882353 0.09803922 0
v -8.159999 0.7999996 -12 0.1882353 0.09803922 0
v -8.159999 0.6399996 -12 0.1882353 0.09803922 0
v -7.999999 0.6399996 -11.84 0.1505882 0.07843138 0
v -7.999999 0.7999996 -11.84 0.1694118 0.0882353 0
v -7.999999 0.7999996 -12 0.1882353 0.09803922 0
v -7.999999 0.6399996 -12 0.1694118 0.0882353 0
v -8.159999 -3.576279E-07 -9.759998 0.2666667 0.1333333 0
v -8.319999 -3.576279E-07 -9.759998 0.2666667 0.1333333 0
v -8.319999 -3.576279E-07 -9.599998 0.2666667 0.1333333 0
v -8.159999 -3.576279E-07 -9.599998 0.2666667 0.1333333 0
v -8.159999 -3.576279E-07 -9.919998 0.2666667 0.1333333 0
v -8.319999 -3.576279E-07 -9.919998 0.2666667 0.1333333 0
v -8.319999 -3.576279E-07 -9.759998 0.2666667 0.1333333 0
v -8.159999 -3.576279E-07 -9.759998 0.2666667 0.1333333 0
v -8.159999 -3.576279E-07 -10.08 0.2666667 0.1333333 0
v -8.319999 -3.576279E-07 -10.08 0.2666667 0.1333333 0
v -8.319999 -3.576279E-07 -9.919998 0.2666667 0.1333333 0
v -8.159999 -3.576279E-07 -9.919998 0.2666667 0.1333333 0
v -8.159999 -3.576279E-07 -10.24 0.2666667 0.1333333 0
v -8.319999 -3.576279E-07 -10.24 0.2666667 0.1333333 0
v -8.319999 -3.576279E-07 -10.08 0.2666667 0.1333333 0
v -8.159999 -3.576279E-07 -10.08 0.2666667 0.1333333 0
v -8.159999 -3.576279E-07 -10.4 0.2666667 0.1333333 0
v -8.319999 -3.576279E-07 -10.4 0.2666667 0.1333333 0
v -8.319999 -3.576279E-07 -10.24 0.2666667 0.1333333 0
v -8.159999 -3.576279E-07 -10.24 0.2666667 0.1333333 0
v -8.159999 -3.576279E-07 -10.56 0.2666667 0.1333333 0
v -8.319999 -3.576279E-07 -10.56 0.2666667 0.1333333 0
v -8.319999 -3.576279E-07 -10.4 0.2666667 0.1333333 0
v -8.159999 -3.576279E-07 -10.4 0.2666667 0.1333333 0
v -8.159999 -3.576279E-07 -10.72 0.2666667 0.1333333 0
v -8.319999 -3.576279E-07 -10.72 0.2666667 0.1333333 0
v -8.319999 -3.576279E-07 -10.56 0.2666667 0.1333333 0
v -8.159999 -3.576279E-07 -10.56 0.2666667 0.1333333 0
v -8.159999 -3.576279E-07 -10.88 0.2666667 0.1333333 0
v -8.319999 -3.576279E-07 -10.88 0.2666667 0.1333333 0
v -8.319999 -3.576279E-07 -10.72 0.2666667 0.1333333 0
v -8.159999 -3.576279E-07 -10.72 0.2666667 0.1333333 0
v -8.159999 -3.576279E-07 -11.04 0.2666667 0.1333333 0
v -8.319999 -3.576279E-07 -11.04 0.2666667 0.1333333 0
v -8.319999 -3.576279E-07 -10.88 0.2666667 0.1333333 0
v -8.159999 -3.576279E-07 -10.88 0.2666667 0.1333333 0
v -8.159999 -3.576279E-07 -11.2 0.2666667 0.1333333 0
v -8.319999 -3.576279E-07 -11.2 0.2666667 0.1333333 0
v -8.319999 -3.576279E-07 -11.04 0.2666667 0.1333333 0
v -8.159999 -3.576279E-07 -11.04 0.2666667 0.1333333 0
v -8.159999 -3.576279E-07 -11.36 0.2666667 0.1333333 0
v -8.319999 -3.576279E-07 -11.36 0.2666667 0.1333333 0
v -8.319999 -3.576279E-07 -11.2 0.2666667 0.1333333 0
v -8.159999 -3.576279E-07 -11.2 0.2666667 0.1333333 0
v -8.159999 -3.576279E-07 -11.52 0.2666667 0.1333333 0
v -8.319999 -3.576279E-07 -11.52 0.2666667 0.1333333 0
v -8.319999 -3.576279E-07 -11.36 0.2666667 0.1333333 0
v -8.159999 -3.576279E-07 -11.36 0.2666667 0.1333333 0
v -8.159999 -3.576279E-07 -11.68 0.2666667 0.1333333 0
v -8.319999 -3.576279E-07 -11.68 0.2666667 0.1333333 0
v -8.319999 -3.576279E-07 -11.52 0.2666667 0.1333333 0
v -8.159999 -3.576279E-07 -11.52 0.2666667 0.1333333 0
v -8.159999 -3.576279E-07 -11.84 0.2666667 0.1333333 0
v -8.319999 -3.576279E-07 -11.84 0.2666667 0.1333333 0
v -8.319999 -3.576279E-07 -11.68 0.2666667 0.1333333 0
v -8.159999 -3.576279E-07 -11.68 0.2666667 0.1333333 0
v -8.159999 -3.576279E-07 -12 0.2666667 0.1333333 0
v -8.319999 -3.576279E-07 -12 0.2666667 0.1333333 0
v -8.319999 -3.576279E-07 -11.84 0.2666667 0.1333333 0
v -8.159999 -3.576279E-07 -11.84 0.2666667 0.1333333 0
v -8.159999 -3.576279E-07 -12 0.24 0.12 0
v -8.159999 0.1599996 -12 0.2133334 0.1066667 0
v -8.319999 0.1599996 -12 0.2666667 0.1333333 0
v -8.319999 -3.576279E-07 -12 0.2666667 0.1333333 0
v -8.159999 0.1599996 -12 0.2133334 0.1066667 0
v -8.159999 0.3199996 -12 0.2133334 0.1066667 0
v -8.319999 0.3199996 -12 0.2666667 0.1333333 0
v -8.319999 0.1599996 -12 0.2666667 0.1333333 0
v -8.159999 0.3199996 -12 0.2133334 0.1066667 0
v -8.159999 0.4799997 -12 0.24 0.12 0
v -8.319999 0.4799997 -12 0.2666667 0.1333333 0
v -8.319999 0.3199996 -12 0.2666667 0.1333333 0
v -8.159999 0.6399996 -9.599998 0.2666667 0.1333333 0
v -8.319999 0.6399996 -9.599998 0.24 0.12 0
v -8.319999 0.6399996 -9.759998 0.2666667 0.1333333 0
v -8.159999 0.6399996 -9.759998 0.2666667 0.1333333 0
v -8.159999 0.6399996 -9.759998 0.2666667 0.1333333 0
v -8.319999 0.6399996 -9.759998 0.2666667 0.1333333 0
v -8.319999 0.6399996 -9.919998 0.2666667 0.1333333 0
v -8.159999 0.6399996 -9.919998 0.2666667 0.1333333 0
v -8.159999 0.6399996 -9.919998 0.2666667 0.1333333 0
v -8.319999 0.6399996 -9.919998 0.2666667 0.1333333 0
v -8.319999 0.6399996 -10.08 0.2666667 0.1333333 0
v -8.159999 0.6399996 -10.08 0.2666667 0.1333333 0
v -8.159999 0.6399996 -10.08 0.2666667 0.1333333 0
v -8.319999 0.6399996 -10.08 0.2666667 0.1333333 0
v -8.319999 0.6399996 -10.24 0.2666667 0.1333333 0
v -8.159999 0.6399996 -10.24 0.24 0.12 0
v -8.159999 0.6399996 -10.24 0.24 0.12 0
v -8.319999 0.6399996 -10.24 0.2666667 0.1333333 0
v -8.319999 0.6399996 -10.4 0.24 0.12 0
v -8.159999 0.6399996 -10.4 0.2133334 0.1066667 0
v -8.159999 0.6399996 -10.88 0.24 0.12 0
v -8.319999 0.6399996 -10.88 0.2133334 0.1066667 0
v -8.319999 0.6399996 -11.04 0.24 0.12 0
v -8.159999 0.6399996 -11.04 0.2666667 0.1333333 0
v -8.159999 0.6399996 -11.04 0.2666667 0.1333333 0
v -8.319999 0.6399996 -11.04 0.24 0.12 0
v -8.319999 0.6399996 -11.2 0.2666667 0.1333333 0
v -8.159999 0.6399996 -11.2 0.2666667 0.1333333 0
v -8.159999 0.6399996 -11.2 0.2666667 0.1333333 0
v -8.319999 0.6399996 -11.2 0.2666667 0.1333333 0
v -8.319999 0.6399996 -11.36 0.2666667 0.1333333 0
v -8.159999 0.6399996 -11.36 0.2666667 0.1333333 0
v -8.159999 0.6399996 -11.36 0.2666667 0.1333333 0
v -8.319999 0.6399996 -11.36 0.2666667 0.1333333 0
v -8.319999 0.6399996 -11.52 0.2666667 0.1333333 0
v -8.159999 0.6399996 -11.52 0.24 0.12 0
v -8.159999 0.6399996 -11.52 0.24 0.12 0
v -8.319999 0.6399996 -11.52 0.2666667 0.1333333 0
v -8.319999 0.6399996 -11.68 0.24 0.12 0
v -8.159999 0.6399996 -11.68 0.2133334 0.1066667 0
v -8.159999 0.4799997 -12 0.1694118 0.0882353 0
v -8.159999 0.6399996 -12 0.1882353 0.09803922 0
v -8.319999 0.6399996 -12 0.1882353 0.09803922 0
v -8.319999 0.4799997 -12 0.1882353 0.09803922 0
v -8.159999 0.7999996 -10.4 0.1882353 0.09803922 0
v -8.319999 0.7999996 -10.4 0.1882353 0.09803922 0
v -8.319999 0.7999996 -10.56 0.1882353 0.09803922 0
v -8.159999 0.7999996 -10.56 0.1882353 0.09803922 0
v -8.319999 0.6399996 -10.4 0.1505882 0.07843138 0
v -8.319999 0.7999996 -10.4 0.1882353 0.09803922 0
v -8.159999 0.7999996 -10.4 0.1694118 0.0882353 0
v -8.159999 0.6399996 -10.4 0.1505882 0.07843138 0
v -8.319999 0.6399996 -10.56 0.1505882 0.07843138 0
v -8.319999 0.7999996 -10.56 0.1694118 0.0882353 0
v -8.319999 0.7999996 -10.4 0.1882353 0.09803922 0
v -8.319999 0.6399996 -10.4 0.1505882 0.07843138 0
v -8.159999 0.7999996 -10.56 0.1882353 0.09803922 0
v -8.319999 0.7999996 -10.56 0.1882353 0.09803922 0
v -8.319999 0.7999996 -10.72 0.1882353 0.09803922 0
v -8.159999 0.7999996 -10.72 0.1882353 0.09803922 0
v -8.159999 0.7999996 -10.72 0.1882353 0.09803922 0
v -8.319999 0.7999996 -10.72 0.1882353 0.09803922 0
v -8.319999 0.7999996 -10.88 0.1882353 0.09803922 0
v -8.159999 0.7999996 -10.88 0.1882353 0.09803922 0
v -8.159999 0.6399996 -10.88 0.1505882 0.07843138 0
v -8.159999 0.7999996 -10.88 0.1882353 0.09803922 0
v -8.319999 0.7999996 -10.88 0.1694118 0.0882353 0
v -8.319999 0.6399996 -10.88 0.1505882 0.07843138 0
v -8.159999 0.6399996 -10.72 0.1505882 0.07843138 0
v -8.159999 0.7999996 -10.72 0.1694118 0.0882353 0
v -8.159999 0.7999996 -10.88 0.1882353 0.09803922 0
v -8.159999 0.6399996 -10.88 0.1505882 0.07843138 0
v -8.159999 0.7999996 -11.68 0.1882353 0.09803922 0
v -8.319999 0.7999996 -11.68 0.1882353 0.09803922 0
v -8.319999 0.7999996 -11.84 0.1882353 0.09803922 0
v -8.159999 0.7999996 -11.84 0.1882353 0.09803922 0
v -8.319999 0.6399996 -11.68 0.1505882 0.07843138 0
v -8.319999 0.7999996 -11.68 0.1882353 0.09803922 0
v -8.159999 0.7999996 -11.68 0.1694118 0.0882353 0
v -8.159999 0.6399996 -11.68 0.1505882 0.07843138 0
v -8.319999 0.6399996 -11.84 0.1505882 0.07843138 0
v -8.319999 0.7999996 -11.84 0.1694118 0.0882353 0
v -8.319999 0.7999996 -11.68 0.1882353 0.09803922 0
v -8.319999 0.6399996 -11.68 0.1505882 0.07843138 0
v -8.159999 0.7999996 -11.84 0.1882353 0.09803922 0
v -8.319999 0.7999996 -11.84 0.1882353 0.09803922 0
v -8.319999 0.7999996 -12 0.1882353 0.09803922 0
v -8.159999 0.7999996 -12 0.1882353 0.09803922 0
v -8.159999 0.6399996 -12 0.1882353 0.09803922 0
v -8.159999 0.7999996 -12 0.1882353 0.09803922 0
v -8.319999 0.7999996 -12 0.1882353 0.09803922 0
v -8.319999 0.6399996 -12 0.1882353 0.09803922 0
v -8.319999 -3.576279E-07 -9.759998 0.2666667 0.1333333 0
v -8.479999 -3.576279E-07 -9.759998 0.2666667 0.1333333 0
v -8.479999 -3.576279E-07 -9.599998 0.2666667 0.1333333 0
v -8.319999 -3.576279E-07 -9.599998 0.2666667 0.1333333 0
v -8.319999 -3.576279E-07 -9.919998 0.2666667 0.1333333 0
v -8.479999 -3.576279E-07 -9.919998 0.2666667 0.1333333 0
v -8.479999 -3.576279E-07 -9.759998 0.2666667 0.1333333 0
v -8.319999 -3.576279E-07 -9.759998 0.2666667 0.1333333 0
v -8.319999 -3.576279E-07 -10.08 0.2666667 0.1333333 0
v -8.479999 -3.576279E-07 -10.08 0.2666667 0.1333333 0
v -8.479999 -3.576279E-07 -9.919998 0.2666667 0.1333333 0
v -8.319999 -3.576279E-07 -9.919998 0.2666667 0.1333333 0
v -8.319999 -3.576279E-07 -10.24 0.2666667 0.1333333 0
v -8.479999 -3.576279E-07 -10.24 0.2666667 0.1333333 0
v -8.479999 -3.576279E-07 -10.08 0.2666667 0.1333333 0
v -8.319999 -3.576279E-07 -10.08 0.2666667 0.1333333 0
v -8.319999 -3.576279E-07 -10.4 0.2666667 0.1333333 0
v -8.479999 -3.576279E-07 -10.4 0.2666667 0.1333333 0
v -8.479999 -3.576279E-07 -10.24 0.2666667 0.1333333 0
v -8.319999 -3.576279E-07 -10.24 0.2666667 0.1333333 0
v -8.319999 -3.576279E-07 -10.56 0.2666667 0.1333333 0
v -8.479999 -3.576279E-07 -10.56 0.2666667 0.1333333 0
v -8.479999 -3.576279E-07 -10.4 0.2666667 0.1333333 0
v -8.319999 -3.576279E-07 -10.4 0.2666667 0.1333333 0
v -8.319999 -3.576279E-07 -10.72 0.2666667 0.1333333 0
v -8.479999 -3.576279E-07 -10.72 0.2666667 0.1333333 0
v -8.479999 -3.576279E-07 -10.56 0.2666667 0.1333333 0
v -8.319999 -3.576279E-07 -10.56 0.2666667 0.1333333 0
v -8.319999 -3.576279E-07 -10.88 0.2666667 0.1333333 0
v -8.479999 -3.576279E-07 -10.88 0.2666667 0.1333333 0
v -8.479999 -3.576279E-07 -10.72 0.2666667 0.1333333 0
v -8.319999 -3.576279E-07 -10.72 0.2666667 0.1333333 0
v -8.319999 -3.576279E-07 -11.04 0.2666667 0.1333333 0
v -8.479999 -3.576279E-07 -11.04 0.2666667 0.1333333 0
v -8.479999 -3.576279E-07 -10.88 0.2666667 0.1333333 0
v -8.319999 -3.576279E-07 -10.88 0.2666667 0.1333333 0
v -8.319999 -3.576279E-07 -11.2 0.2666667 0.1333333 0
v -8.479999 -3.576279E-07 -11.2 0.2666667 0.1333333 0
v -8.479999 -3.576279E-07 -11.04 0.2666667 0.1333333 0
v -8.319999 -3.576279E-07 -11.04 0.2666667 0.1333333 0
v -8.319999 -3.576279E-07 -11.36 0.2666667 0.1333333 0
v -8.479999 -3.576279E-07 -11.36 0.2666667 0.1333333 0
v -8.479999 -3.576279E-07 -11.2 0.2666667 0.1333333 0
v -8.319999 -3.576279E-07 -11.2 0.2666667 0.1333333 0
v -8.319999 -3.576279E-07 -11.52 0.2666667 0.1333333 0
v -8.479999 -3.576279E-07 -11.52 0.2666667 0.1333333 0
v -8.479999 -3.576279E-07 -11.36 0.2666667 0.1333333 0
v -8.319999 -3.576279E-07 -11.36 0.2666667 0.1333333 0
v -8.319999 -3.576279E-07 -11.68 0.2666667 0.1333333 0
v -8.479999 -3.576279E-07 -11.68 0.2666667 0.1333333 0
v -8.479999 -3.576279E-07 -11.52 0.2666667 0.1333333 0
v -8.319999 -3.576279E-07 -11.52 0.2666667 0.1333333 0
v -8.319999 -3.576279E-07 -11.84 0.2666667 0.1333333 0
v -8.479999 -3.576279E-07 -11.84 0.2666667 0.1333333 0
v -8.479999 -3.576279E-07 -11.68 0.2666667 0.1333333 0
v -8.319999 -3.576279E-07 -11.68 0.2666667 0.1333333 0
v -8.319999 -3.576279E-07 -12 0.2666667 0.1333333 0
v -8.479999 -3.576279E-07 -12 0.2666667 0.1333333 0
v -8.479999 -3.576279E-07 -11.84 0.2666667 0.1333333 0
v -8.319999 -3.576279E-07 -11.84 0.2666667 0.1333333 0
v -8.319999 -3.576279E-07 -12 0.2666667 0.1333333 0
v -8.319999 0.1599996 -12 0.2666667 0.1333333 0
v -8.479999 0.1599996 -12 0.2666667 0.1333333 0
v -8.479999 -3.576279E-07 -12 0.2666667 0.1333333 0
v -8.319999 0.1599996 -12 0.2666667 0.1333333 0
v -8.319999 0.3199996 -12 0.2666667 0.1333333 0
v -8.479999 0.3199996 -12 0.2666667 0.1333333 0
v -8.479999 0.1599996 -12 0.2666667 0.1333333 0
v -8.319999 0.3199996 -12 0.2666667 0.1333333 0
v -8.319999 0.4799997 -12 0.2666667 0.1333333 0
v -8.479999 0.4799997 -12 0.2666667 0.1333333 0
v -8.479999 0.3199996 -12 0.2666667 0.1333333 0
v -8.319999 0.6399996 -9.599998 0.24 0.12 0
v -8.479999 0.6399996 -9.599998 0.2133334 0.1066667 0
v -8.479999 0.6399996 -9.759998 0.24 0.12 0
v -8.319999 0.6399996 -9.759998 0.2666667 0.1333333 0
v -8.319999 0.6399996 -9.759998 0.2666667 0.1333333 0
v -8.479999 0.6399996 -9.759998 0.24 0.12 0
v -8.479999 0.6399996 -9.919998 0.2666667 0.1333333 0
v -8.319999 0.6399996 -9.919998 0.2666667 0.1333333 0
v -8.319999 0.6399996 -9.919998 0.2666667 0.1333333 0
v -8.479999 0.6399996 -9.919998 0.2666667 0.1333333 0
v -8.479999 0.6399996 -10.08 0.2666667 0.1333333 0
v -8.319999 0.6399996 -10.08 0.2666667 0.1333333 0
v -8.319999 0.6399996 -10.08 0.2666667 0.1333333 0
v -8.479999 0.6399996 -10.08 0.2666667 0.1333333 0
v -8.479999 0.6399996 -10.24 0.2666667 0.1333333 0
v -8.319999 0.6399996 -10.24 0.2666667 0.1333333 0
v -8.319999 0.6399996 -10.24 0.2666667 0.1333333 0
v -8.479999 0.6399996 -10.24 0.2666667 0.1333333 0
v -8.479999 0.6399996 -10.4 0.2666667 0.1333333 0
v -8.319999 0.6399996 -10.4 0.24 0.12 0
v -8.319999 0.6399996 -10.4 0.24 0.12 0
v -8.479999 0.6399996 -10.4 0.2666667 0.1333333 0
v -8.479999 0.6399996 -10.56 0.24 0.12 0
v -8.319999 0.6399996 -10.56 0.2133334 0.1066667 0
v -8.319999 0.6399996 -11.04 0.24 0.12 0
v -8.479999 0.6399996 -11.04 0.2133334 0.1066667 0
v -8.479999 0.6399996 -11.2 0.24 0.12 0
v -8.319999 0.6399996 -11.2 0.2666667 0.1333333 0
v -8.319999 0.6399996 -11.2 0.2666667 0.1333333 0
v -8.479999 0.6399996 -11.2 0.24 0.12 0
v -8.479999 0.6399996 -11.36 0.2666667 0.1333333 0
v -8.319999 0.6399996 -11.36 0.2666667 0.1333333 0
v -8.319999 0.6399996 -11.36 0.2666667 0.1333333 0
v -8.479999 0.6399996 -11.36 0.2666667 0.1333333 0
v -8.479999 0.6399996 -11.52 0.2666667 0.1333333 0
v -8.319999 0.6399996 -11.52 0.2666667 0.1333333 0
v -8.319999 0.6399996 -11.52 0.2666667 0.1333333 0
v -8.479999 0.6399996 -11.52 0.2666667 0.1333333 0
v -8.479999 0.6399996 -11.68 0.2666667 0.1333333 0
v -8.319999 0.6399996 -11.68 0.24 0.12 0
v -8.319999 0.6399996 -11.68 0.24 0.12 0
v -8.479999 0.6399996 -11.68 0.2666667 0.1333333 0
v -8.479999 0.6399996 -11.84 0.24 0.12 0
v -8.319999 0.6399996 -11.84 0.2133334 0.1066667 0
v -8.319999 0.4799997 -12 0.1882353 0.09803922 0
v -8.319999 0.6399996 -12 0.1882353 0.09803922 0
v -8.479999 0.6399996 -12 0.1882353 0.09803922 0
v -8.479999 0.4799997 -12 0.1882353 0.09803922 0
v -8.479999 0.4799997 -12 0.1694118 0.0882353 0
v -8.479999 0.6399996 -12 0.1882353 0.09803922 0
v -8.479999 0.6399996 -11.84 0.1694118 0.0882353 0
v -8.479999 0.4799997 -11.84 0.1505882 0.07843138 0
v -8.319999 0.7999996 -10.56 0.1882353 0.09803922 0
v -8.479999 0.7999996 -10.56 0.1882353 0.09803922 0
v -8.479999 0.7999996 -10.72 0.1882353 0.09803922 0
v -8.319999 0.7999996 -10.72 0.1882353 0.09803922 0
v -8.479999 0.6399996 -10.56 0.1505882 0.07843138 0
v -8.479999 0.7999996 -10.56 0.1882353 0.09803922 0
v -8.319999 0.7999996 -10.56 0.1694118 0.0882353 0
v -8.319999 0.6399996 -10.56 0.1505882 0.07843138 0
v -8.479999 0.6399996 -10.72 0.1505882 0.07843138 0
v -8.479999 0.7999996 -10.72 0.1694118 0.0882353 0
v -8.479999 0.7999996 -10.56 0.1882353 0.09803922 0
v -8.479999 0.6399996 -10.56 0.1505882 0.07843138 0
v -8.319999 0.7999996 -10.72 0.1882353 0.09803922 0
v -8.479999 0.7999996 -10.72 0.1882353 0.09803922 0
v -8.479999 0.7999996 -10.88 0.1882353 0.09803922 0
v -8.319999 0.7999996 -10.88 0.1882353 0.09803922 0
v -8.319999 0.7999996 -10.88 0.1882353 0.09803922 0
v -8.479999 0.7999996 -10.88 0.1882353 0.09803922 0
v -8.479999 0.7999996 -11.04 0.1882353 0.09803922 0
v -8.319999 0.7999996 -11.04 0.1882353 0.09803922 0
v -8.319999 0.6399996 -11.04 0.1505882 0.07843138 0
v -8.319999 0.7999996 -11.04 0.1882353 0.09803922 0
v -8.479999 0.7999996 -11.04 0.1694118 0.0882353 0
v -8.479999 0.6399996 -11.04 0.1505882 0.07843138 0
v -8.319999 0.6399996 -10.88 0.1505882 0.07843138 0
v -8.319999 0.7999996 -10.88 0.1694118 0.0882353 0
v -8.319999 0.7999996 -11.04 0.1882353 0.09803922 0
v -8.319999 0.6399996 -11.04 0.1505882 0.07843138 0
v -8.319999 0.7999996 -11.84 0.1882353 0.09803922 0
v -8.479999 0.7999996 -11.84 0.1882353 0.09803922 0
v -8.479999 0.7999996 -12 0.1882353 0.09803922 0
v -8.319999 0.7999996 -12 0.1882353 0.09803922 0
v -8.479999 0.6399996 -11.84 0.1505882 0.07843138 0
v -8.479999 0.7999996 -11.84 0.1882353 0.09803922 0
v -8.319999 0.7999996 -11.84 0.1694118 0.0882353 0
v -8.319999 0.6399996 -11.84 0.1505882 0.07843138 0
v -8.319999 0.6399996 -12 0.1882353 0.09803922 0
v -8.319999 0.7999996 -12 0.1882353 0.09803922 0
v -8.479999 0.7999996 -12 0.1882353 0.09803922 0
v -8.479999 0.6399996 -12 0.1882353 0.09803922 0
v -8.479999 0.6399996 -12 0.1882353 0.09803922 0
v -8.479999 0.7999996 -12 0.1882353 0.09803922 0
v -8.479999 0.7999996 -11.84 0.1882353 0.09803922 0
v -8.479999 0.6399996 -11.84 0.1694118 0.0882353 0
v -8.479999 -3.576279E-07 -9.759998 0.2666667 0.1333333 0
v -8.639999 -3.576279E-07 -9.759998 0.2666667 0.1333333 0
v -8.639999 -3.576279E-07 -9.599998 0.2666667 0.1333333 0
v -8.479999 -3.576279E-07 -9.599998 0.2666667 0.1333333 0
v -8.479999 -3.576279E-07 -9.919998 0.2666667 0.1333333 0
v -8.639999 -3.576279E-07 -9.919998 0.2666667 0.1333333 0
v -8.639999 -3.576279E-07 -9.759998 0.2666667 0.1333333 0
v -8.479999 -3.576279E-07 -9.759998 0.2666667 0.1333333 0
v -8.479999 -3.576279E-07 -10.08 0.2666667 0.1333333 0
v -8.639999 -3.576279E-07 -10.08 0.2666667 0.1333333 0
v -8.639999 -3.576279E-07 -9.919998 0.2666667 0.1333333 0
v -8.479999 -3.576279E-07 -9.919998 0.2666667 0.1333333 0
v -8.479999 -3.576279E-07 -10.24 0.2666667 0.1333333 0
v -8.639999 -3.576279E-07 -10.24 0.2666667 0.1333333 0
v -8.639999 -3.576279E-07 -10.08 0.2666667 0.1333333 0
v -8.479999 -3.576279E-07 -10.08 0.2666667 0.1333333 0
v -8.479999 -3.576279E-07 -10.4 0.2666667 0.1333333 0
v -8.639999 -3.576279E-07 -10.4 0.2666667 0.1333333 0
v -8.639999 -3.576279E-07 -10.24 0.2666667 0.1333333 0
v -8.479999 -3.576279E-07 -10.24 0.2666667 0.1333333 0
v -8.479999 -3.576279E-07 -10.56 0.2666667 0.1333333 0
v -8.639999 -3.576279E-07 -10.56 0.2666667 0.1333333 0
v -8.639999 -3.576279E-07 -10.4 0.2666667 0.1333333 0
v -8.479999 -3.576279E-07 -10.4 0.2666667 0.1333333 0
v -8.479999 -3.576279E-07 -10.72 0.2666667 0.1333333 0
v -8.639999 -3.576279E-07 -10.72 0.2666667 0.1333333 0
v -8.639999 -3.576279E-07 -10.56 0.2666667 0.1333333 0
v -8.479999 -3.576279E-07 -10.56 0.2666667 0.1333333 0
v -8.479999 -3.576279E-07 -10.88 0.2666667 0.1333333 0
v -8.639999 -3.576279E-07 -10.88 0.2666667 0.1333333 0
v -8.639999 -3.576279E-07 -10.72 0.2666667 0.1333333 0
v -8.479999 -3.576279E-07 -10.72 0.2666667 0.1333333 0
v -8.479999 -3.576279E-07 -11.04 0.2666667 0.1333333 0
v -8.639999 -3.576279E-07 -11.04 0.2666667 0.1333333 0
v -8.639999 -3.576279E-07 -10.88 0.2666667 0.1333333 0
v -8.479999 -3.576279E-07 -10.88 0.2666667 0.1333333 0
v -8.479999 -3.576279E-07 -11.2 0.2666667 0.1333333 0
v -8.639999 -3.576279E-07 -11.2 0.2666667 0.1333333 0
v -8.639999 -3.576279E-07 -11.04 0.2666667 0.1333333 0
v -8.479999 -3.576279E-07 -11.04 0.2666667 0.1333333 0
v -8.479999 -3.576279E-07 -11.36 0.2666667 0.1333333 0
v -8.639999 -3.576279E-07 -11.36 0.2666667 0.1333333 0
v -8.639999 -3.576279E-07 -11.2 0.2666667 0.1333333 0
v -8.479999 -3.576279E-07 -11.2 0.2666667 0.1333333 0
v -8.479999 -3.576279E-07 -11.52 0.2666667 0.1333333 0
v -8.639999 -3.576279E-07 -11.52 0.2666667 0.1333333 0
v -8.639999 -3.576279E-07 -11.36 0.2666667 0.1333333 0
v -8.479999 -3.576279E-07 -11.36 0.2666667 0.1333333 0
v -8.479999 -3.576279E-07 -11.68 0.2666667 0.1333333 0
v -8.639999 -3.576279E-07 -11.68 0.2666667 0.1333333 0
v -8.639999 -3.576279E-07 -11.52 0.2666667 0.1333333 0
v -8.479999 -3.576279E-07 -11.52 0.2666667 0.1333333 0
v -8.479999 -3.576279E-07 -11.84 0.2666667 0.1333333 0
v -8.639999 -3.576279E-07 -11.84 0.2666667 0.1333333 0
v -8.639999 -3.576279E-07 -11.68 0.2666667 0.1333333 0
v -8.479999 -3.576279E-07 -11.68 0.2666667 0.1333333 0
v -8.479999 -3.576279E-07 -12 0.2666667 0.1333333 0
v -8.639999 -3.576279E-07 -12 0.2666667 0.1333333 0
v -8.639999 -3.576279E-07 -11.84 0.2666667 0.1333333 0
v -8.479999 -3.576279E-07 -11.84 0.2666667 0.1333333 0
v -8.479999 -3.576279E-07 -12 0.2666667 0.1333333 0
v -8.479999 0.1599996 -12 0.2666667 0.1333333 0
v -8.639999 0.1599996 -12 0.2666667 0.1333333 0
v -8.639999 -3.576279E-07 -12 0.2666667 0.1333333 0
v -8.639999 -3.576279E-07 -12 0.2666667 0.1333333 0
v -8.639999 0.1599996 -12 0.2666667 0.1333333 0
v -8.639999 0.1599996 -11.84 0.2133334 0.1066667 0
v -8.639999 -3.576279E-07 -11.84 0.24 0.12 0
v -8.479999 0.1599996 -12 0.2666667 0.1333333 0
v -8.479999 0.3199996 -12 0.2666667 0.1333333 0
v -8.639999 0.3199996 -12 0.2666667 0.1333333 0
v -8.639999 0.1599996 -12 0.2666667 0.1333333 0
v -8.639999 0.1599996 -12 0.2666667 0.1333333 0
v -8.639999 0.3199996 -12 0.2666667 0.1333333 0
v -8.639999 0.3199996 -11.84 0.2133334 0.1066667 0
v -8.639999 0.1599996 -11.84 0.2133334 0.1066667 0
v -8.479999 0.4799997 -11.84 0.2133334 0.1066667 0
v -8.639999 0.4799997 -11.84 0.2133334 0.1066667 0
v -8.639999 0.4799997 -12 0.2666667 0.1333333 0
v -8.479999 0.4799997 -12 0.24 0.12 0
v -8.479999 0.3199996 -12 0.2666667 0.1333333 0
v -8.479999 0.4799997 -12 0.2666667 0.1333333 0
v -8.639999 0.4799997 -12 0.2666667 0.1333333 0
v -8.639999 0.3199996 -12 0.2666667 0.1333333 0
v -8.639999 0.3199996 -12 0.2666667 0.1333333 0
v -8.639999 0.4799997 -12 0.2666667 0.1333333 0
v -8.639999 0.4799997 -11.84 0.2133334 0.1066667 0
v -8.639999 0.3199996 -11.84 0.2133334 0.1066667 0
v -8.479999 0.6399996 -9.759998 0.24 0.12 0
v -8.639999 0.6399996 -9.759998 0.2133334 0.1066667 0
v -8.639999 0.6399996 -9.919998 0.24 0.12 0
v -8.479999 0.6399996 -9.919998 0.2666667 0.1333333 0
v -8.479999 0.6399996 -9.919998 0.2666667 0.1333333 0
v -8.639999 0.6399996 -9.919998 0.24 0.12 0
v -8.639999 0.6399996 -10.08 0.2666667 0.1333333 0
v -8.479999 0.6399996 -10.08 0.2666667 0.1333333 0
v -8.479999 0.6399996 -10.08 0.2666667 0.1333333 0
v -8.639999 0.6399996 -10.08 0.2666667 0.1333333 0
v -8.639999 0.6399996 -10.24 0.2666667 0.1333333 0
v -8.479999 0.6399996 -10.24 0.2666667 0.1333333 0
v -8.479999 0.6399996 -10.24 0.2666667 0.1333333 0
v -8.639999 0.6399996 -10.24 0.2666667 0.1333333 0
v -8.639999 0.6399996 -10.4 0.2666667 0.1333333 0
v -8.479999 0.6399996 -10.4 0.2666667 0.1333333 0
v -8.479999 0.6399996 -10.4 0.2666667 0.1333333 0
v -8.639999 0.6399996 -10.4 0.2666667 0.1333333 0
v -8.639999 0.6399996 -10.56 0.2666667 0.1333333 0
v -8.479999 0.6399996 -10.56 0.24 0.12 0
v -8.479999 0.6399996 -10.56 0.24 0.12 0
v -8.639999 0.6399996 -10.56 0.2666667 0.1333333 0
v -8.639999 0.6399996 -10.72 0.24 0.12 0
v -8.479999 0.6399996 -10.72 0.2133334 0.1066667 0
v -8.479999 0.6399996 -11.2 0.24 0.12 0
v -8.639999 0.6399996 -11.2 0.2133334 0.1066667 0
v -8.639999 0.6399996 -11.36 0.24 0.12 0
v -8.479999 0.6399996 -11.36 0.2666667 0.1333333 0
v -8.479999 0.6399996 -11.36 0.2666667 0.1333333 0
v -8.639999 0.6399996 -11.36 0.24 0.12 0
v -8.639999 0.6399996 -11.52 0.2666667 0.1333333 0
v -8.479999 0.6399996 -11.52 0.2666667 0.1333333 0
v -8.479999 0.6399996 -11.52 0.2666667 0.1333333 0
v -8.639999 0.6399996 -11.52 0.2666667 0.1333333 0
v -8.639999 0.6399996 -11.68 0.2666667 0.1333333 0
v -8.479999 0.6399996 -11.68 0.2666667 0.1333333 0
v -8.479999 0.6399996 -11.68 0.2666667 0.1333333 0
v -8.639999 0.6399996 -11.68 0.2666667 0.1333333 0
v -8.639999 0.6399996 -11.84 0.2666667 0.1333333 0
v -8.479999 0.6399996 -11.84 0.24 0.12 0
v -8.479999 0.4799997 -11.84 0.2133334 0.1066667 0
v -8.479999 0.6399996 -11.84 0.2133334 0.1066667 0
v -8.639999 0.6399996 -11.84 0.2666667 0.1333333 0
v -8.639999 0.4799997 -11.84 0.24 0.12 0
v -8.479999 0.7999996 -9.599998 0.1882353 0.09803922 0
v -8.639999 0.7999996 -9.599998 0.1882353 0.09803922 0
v -8.639999 0.7999996 -9.759998 0.1882353 0.09803922 0
v -8.479999 0.7999996 -9.759998 0.1882353 0.09803922 0
v -8.479999 0.6399996 -9.759998 0.1505882 0.07843138 0
v -8.479999 0.7999996 -9.759998 0.1882353 0.09803922 0
v -8.639999 0.7999996 -9.759998 0.1694118 0.0882353 0
v -8.639999 0.6399996 -9.759998 0.1505882 0.07843138 0
v -8.479999 0.6399996 -9.599998 0.1505882 0.07843138 0
v -8.479999 0.7999996 -9.599998 0.1694118 0.0882353 0
v -8.479999 0.7999996 -9.759998 0.1882353 0.09803922 0
v -8.479999 0.6399996 -9.759998 0.1505882 0.07843138 0
v -8.479999 0.7999996 -10.72 0.1882353 0.09803922 0
v -8.639999 0.7999996 -10.72 0.1882353 0.09803922 0
v -8.639999 0.7999996 -10.88 0.1882353 0.09803922 0
v -8.479999 0.7999996 -10.88 0.1882353 0.09803922 0
v -8.639999 0.6399996 -10.72 0.1505882 0.07843138 0
v -8.639999 0.7999996 -10.72 0.1882353 0.09803922 0
v -8.479999 0.7999996 -10.72 0.1694118 0.0882353 0
v -8.479999 0.6399996 -10.72 0.1505882 0.07843138 0
v -8.639999 0.6399996 -10.88 0.1505882 0.07843138 0
v -8.639999 0.7999996 -10.88 0.1694118 0.0882353 0
v -8.639999 0.7999996 -10.72 0.1882353 0.09803922 0
v -8.639999 0.6399996 -10.72 0.1505882 0.07843138 0
v -8.479999 0.7999996 -10.88 0.1882353 0.09803922 0
v -8.639999 0.7999996 -10.88 0.1882353 0.09803922 0
v -8.639999 0.7999996 -11.04 0.1882353 0.09803922 0
v -8.479999 0.7999996 -11.04 0.1882353 0.09803922 0
v -8.479999 0.7999996 -11.04 0.1882353 0.09803922 0
v -8.639999 0.7999996 -11.04 0.1882353 0.09803922 0
v -8.639999 0.7999996 -11.2 0.1882353 0.09803922 0
v -8.479999 0.7999996 -11.2 0.1882353 0.09803922 0
v -8.479999 0.6399996 -11.2 0.1505882 0.07843138 0
v -8.479999 0.7999996 -11.2 0.1882353 0.09803922 0
v -8.639999 0.7999996 -11.2 0.1694118 0.0882353 0
v -8.639999 0.6399996 -11.2 0.1505882 0.07843138 0
v -8.479999 0.6399996 -11.04 0.1505882 0.07843138 0
v -8.479999 0.7999996 -11.04 0.1694118 0.0882353 0
v -8.479999 0.7999996 -11.2 0.1882353 0.09803922 0
v -8.479999 0.6399996 -11.2 0.1505882 0.07843138 0
v -8.639999 -3.576279E-07 -9.759998 0.2666667 0.1333333 0
v -8.799999 -3.576279E-07 -9.759998 0.2666667 0.1333333 0
v -8.799999 -3.576279E-07 -9.599998 0.2666667 0.1333333 0
v -8.639999 -3.576279E-07 -9.599998 0.2666667 0.1333333 0
v -8.639999 -3.576279E-07 -9.919998 0.2666667 0.1333333 0
v -8.799999 -3.576279E-07 -9.919998 0.2666667 0.1333333 0
v -8.799999 -3.576279E-07 -9.759998 0.2666667 0.1333333 0
v -8.639999 -3.576279E-07 -9.759998 0.2666667 0.1333333 0
v -8.639999 -3.576279E-07 -10.08 0.2666667 0.1333333 0
v -8.799999 -3.576279E-07 -10.08 0.2666667 0.1333333 0
v -8.799999 -3.576279E-07 -9.919998 0.2666667 0.1333333 0
v -8.639999 -3.576279E-07 -9.919998 0.2666667 0.1333333 0
v -8.639999 -3.576279E-07 -10.24 0.2666667 0.1333333 0
v -8.799999 -3.576279E-07 -10.24 0.2666667 0.1333333 0
v -8.799999 -3.576279E-07 -10.08 0.2666667 0.1333333 0
v -8.639999 -3.576279E-07 -10.08 0.2666667 0.1333333 0
v -8.639999 -3.576279E-07 -10.4 0.2666667 0.1333333 0
v -8.799999 -3.576279E-07 -10.4 0.2666667 0.1333333 0
v -8.799999 -3.576279E-07 -10.24 0.2666667 0.1333333 0
v -8.639999 -3.576279E-07 -10.24 0.2666667 0.1333333 0
v -8.639999 -3.576279E-07 -10.56 0.2666667 0.1333333 0
v -8.799999 -3.576279E-07 -10.56 0.2666667 0.1333333 0
v -8.799999 -3.576279E-07 -10.4 0.2666667 0.1333333 0
v -8.639999 -3.576279E-07 -10.4 0.2666667 0.1333333 0
v -8.639999 -3.576279E-07 -10.72 0.2666667 0.1333333 0
v -8.799999 -3.576279E-07 -10.72 0.2666667 0.1333333 0
v -8.799999 -3.576279E-07 -10.56 0.2666667 0.1333333 0
v -8.639999 -3.576279E-07 -10.56 0.2666667 0.1333333 0
v -8.639999 -3.576279E-07 -10.88 0.2666667 0.1333333 0
v -8.799999 -3.576279E-07 -10.88 0.2666667 0.1333333 0
v -8.799999 -3.576279E-07 -10.72 0.2666667 0.1333333 0
v -8.639999 -3.576279E-07 -10.72 0.2666667 0.1333333 0
v -8.639999 -3.576279E-07 -11.04 0.2666667 0.1333333 0
v -8.799999 -3.576279E-07 -11.04 0.2666667 0.1333333 0
v -8.799999 -3.576279E-07 -10.88 0.2666667 0.1333333 0
v -8.639999 -3.576279E-07 -10.88 0.2666667 0.1333333 0
v -8.639999 -3.576279E-07 -11.2 0.2666667 0.1333333 0
v -8.799999 -3.576279E-07 -11.2 0.2666667 0.1333333 0
v -8.799999 -3.576279E-07 -11.04 0.2666667 0.1333333 0
v -8.639999 -3.576279E-07 -11.04 0.2666667 0.1333333 0
v -8.639999 -3.576279E-07 -11.36 0.2666667 0.1333333 0
v -8.799999 -3.576279E-07 -11.36 0.2666667 0.1333333 0
v -8.799999 -3.576279E-07 -11.2 0.2666667 0.1333333 0
v -8.639999 -3.576279E-07 -11.2 0.2666667 0.1333333 0
v -8.639999 -3.576279E-07 -11.52 0.2666667 0.1333333 0
v -8.799999 -3.576279E-07 -11.52 0.2666667 0.1333333 0
v -8.799999 -3.576279E-07 -11.36 0.2666667 0.1333333 0
v -8.639999 -3.576279E-07 -11.36 0.2666667 0.1333333 0
v -8.639999 -3.576279E-07 -11.68 0.2666667 0.1333333 0
v -8.799999 -3.576279E-07 -11.68 0.2666667 0.1333333 0
v -8.799999 -3.576279E-07 -11.52 0.2666667 0.1333333 0
v -8.639999 -3.576279E-07 -11.52 0.2666667 0.1333333 0
v -8.639999 -3.576279E-07 -11.84 0.2666667 0.1333333 0
v -8.799999 -3.576279E-07 -11.84 0.2666667 0.1333333 0
v -8.799999 -3.576279E-07 -11.68 0.2666667 0.1333333 0
v -8.639999 -3.576279E-07 -11.68 0.2666667 0.1333333 0
v -8.639999 -3.576279E-07 -11.84 0.24 0.12 0
v -8.639999 0.1599996 -11.84 0.2133334 0.1066667 0
v -8.799999 0.1599996 -11.84 0.2666667 0.1333333 0
v -8.799999 -3.576279E-07 -11.84 0.2666667 0.1333333 0
v -8.639999 0.1599996 -11.84 0.2133334 0.1066667 0
v -8.639999 0.3199996 -11.84 0.2133334 0.1066667 0
v -8.799999 0.3199996 -11.84 0.2666667 0.1333333 0
v -8.799999 0.1599996 -11.84 0.2666667 0.1333333 0
v -8.639999 0.3199996 -11.84 0.2133334 0.1066667 0
v -8.639999 0.4799997 -11.84 0.24 0.12 0
v -8.799999 0.4799997 -11.84 0.2666667 0.1333333 0
v -8.799999 0.3199996 -11.84 0.2666667 0.1333333 0
v -8.639999 0.6399996 -9.919998 0.24 0.12 0
v -8.799999 0.6399996 -9.919998 0.2133334 0.1066667 0
v -8.799999 0.6399996 -10.08 0.24 0.12 0
v -8.639999 0.6399996 -10.08 0.2666667 0.1333333 0
v -8.639999 0.6399996 -10.08 0.2666667 0.1333333 0
v -8.799999 0.6399996 -10.08 0.24 0.12 0
v -8.799999 0.6399996 -10.24 0.2666667 0.1333333 0
v -8.639999 0.6399996 -10.24 0.2666667 0.1333333 0
v -8.639999 0.6399996 -10.24 0.2666667 0.1333333 0
v -8.799999 0.6399996 -10.24 0.2666667 0.1333333 0
v -8.799999 0.6399996 -10.4 0.2666667 0.1333333 0
v -8.639999 0.6399996 -10.4 0.2666667 0.1333333 0
v -8.639999 0.6399996 -10.4 0.2666667 0.1333333 0
v -8.799999 0.6399996 -10.4 0.2666667 0.1333333 0
v -8.799999 0.6399996 -10.56 0.2666667 0.1333333 0
v -8.639999 0.6399996 -10.56 0.2666667 0.1333333 0
v -8.639999 0.6399996 -10.56 0.2666667 0.1333333 0
v -8.799999 0.6399996 -10.56 0.2666667 0.1333333 0
v -8.799999 0.6399996 -10.72 0.2666667 0.1333333 0
v -8.639999 0.6399996 -10.72 0.24 0.12 0
v -8.639999 0.6399996 -10.72 0.24 0.12 0
v -8.799999 0.6399996 -10.72 0.2666667 0.1333333 0
v -8.799999 0.6399996 -10.88 0.24 0.12 0
v -8.639999 0.6399996 -10.88 0.2133334 0.1066667 0
v -8.639999 0.6399996 -11.36 0.24 0.12 0
v -8.799999 0.6399996 -11.36 0.2133334 0.1066667 0
v -8.799999 0.6399996 -11.52 0.24 0.12 0
v -8.639999 0.6399996 -11.52 0.2666667 0.1333333 0
v -8.639999 0.6399996 -11.52 0.2666667 0.1333333 0
v -8.799999 0.6399996 -11.52 0.24 0.12 0
v -8.799999 0.6399996 -11.68 0.2666667 0.1333333 0
v -8.639999 0.6399996 -11.68 0.2666667 0.1333333 0
v -8.639999 0.6399996 -11.68 0.2666667 0.1333333 0
v -8.799999 0.6399996 -11.68 0.2666667 0.1333333 0
v -8.799999 0.6399996 -11.84 0.2666667 0.1333333 0
v -8.639999 0.6399996 -11.84 0.2666667 0.1333333 0
v -8.639999 0.4799997 -11.84 0.24 0.12 0
v -8.639999 0.6399996 -11.84 0.2666667 0.1333333 0
v -8.799999 0.6399996 -11.84 0.2666667 0.1333333 0
v -8.799999 0.4799997 -11.84 0.2666667 0.1333333 0
v -8.799999 0.4799997 -11.84 0.24 0.12 0
v -8.799999 0.6399996 -11.84 0.2666667 0.1333333 0
v -8.799999 0.6399996 -11.68 0.24 0.12 0
v -8.799999 0.4799997 -11.68 0.2133334 0.1066667 0
v -8.639999 0.7999996 -9.599998 0.1882353 0.09803922 0
v -8.799999 0.7999996 -9.599998 0.1882353 0.09803922 0
v -8.799999 0.7999996 -9.759998 0.1882353 0.09803922 0
v -8.639999 0.7999996 -9.759998 0.1882353 0.09803922 0
v -8.639999 0.7999996 -9.759998 0.1882353 0.09803922 0
v -8.799999 0.7999996 -9.759998 0.1882353 0.09803922 0
v -8.799999 0.7999996 -9.919998 0.1882353 0.09803922 0
v -8.639999 0.7999996 -9.919998 0.1882353 0.09803922 0
v -8.639999 0.6399996 -9.919998 0.1505882 0.07843138 0
v -8.639999 0.7999996 -9.919998 0.1882353 0.09803922 0
v -8.799999 0.7999996 -9.919998 0.1694118 0.0882353 0
v -8.799999 0.6399996 -9.919998 0.1505882 0.07843138 0
v -8.639999 0.6399996 -9.759998 0.1505882 0.07843138 0
v -8.639999 0.7999996 -9.759998 0.1694118 0.0882353 0
v -8.639999 0.7999996 -9.919998 0.1882353 0.09803922 0
v -8.639999 0.6399996 -9.919998 0.1505882 0.07843138 0
v -8.639999 0.7999996 -10.88 0.1882353 0.09803922 0
v -8.799999 0.7999996 -10.88 0.1882353 0.09803922 0
v -8.799999 0.7999996 -11.04 0.1882353 0.09803922 0
v -8.639999 0.7999996 -11.04 0.1882353 0.09803922 0
v -8.799999 0.6399996 -10.88 0.1505882 0.07843138 0
v -8.799999 0.7999996 -10.88 0.1882353 0.09803922 0
v -8.639999 0.7999996 -10.88 0.1694118 0.0882353 0
v -8.639999 0.6399996 -10.88 0.1505882 0.07843138 0
v -8.799999 0.6399996 -11.04 0.1505882 0.07843138 0
v -8.799999 0.7999996 -11.04 0.1694118 0.0882353 0
v -8.799999 0.7999996 -10.88 0.1882353 0.09803922 0
v -8.799999 0.6399996 -10.88 0.1505882 0.07843138 0
v -8.639999 0.7999996 -11.04 0.1882353 0.09803922 0
v -8.799999 0.7999996 -11.04 0.1882353 0.09803922 0
v -8.799999 0.7999996 -11.2 0.1882353 0.09803922 0
v -8.639999 0.7999996 -11.2 0.1882353 0.09803922 0
v -8.639999 0.7999996 -11.2 0.1882353 0.09803922 0
v -8.799999 0.7999996 -11.2 0.1882353 0.09803922 0
v -8.799999 0.7999996 -11.36 0.1882353 0.09803922 0
v -8.639999 0.7999996 -11.36 0.1882353 0.09803922 0
v -8.639999 0.6399996 -11.36 0.1505882 0.07843138 0
v -8.639999 0.7999996 -11.36 0.1882353 0.09803922 0
v -8.799999 0.7999996 -11.36 0.1694118 0.0882353 0
v -8.799999 0.6399996 -11.36 0.1505882 0.07843138 0
v -8.639999 0.6399996 -11.2 0.1505882 0.07843138 0
v -8.639999 0.7999996 -11.2 0.1694118 0.0882353 0
v -8.639999 0.7999996 -11.36 0.1882353 0.09803922 0
v -8.639999 0.6399996 -11.36 0.1505882 0.07843138 0
v -8.799999 -3.576279E-07 -9.759998 0.2666667 0.1333333 0
v -8.959999 -3.576279E-07 -9.759998 0.2666667 0.1333333 0
v -8.959999 -3.576279E-07 -9.599998 0.2666667 0.1333333 0
v -8.799999 -3.576279E-07 -9.599998 0.2666667 0.1333333 0
v -8.799999 -3.576279E-07 -9.919998 0.2666667 0.1333333 0
v -8.959999 -3.576279E-07 -9.919998 0.2666667 0.1333333 0
v -8.959999 -3.576279E-07 -9.759998 0.2666667 0.1333333 0
v -8.799999 -3.576279E-07 -9.759998 0.2666667 0.1333333 0
v -8.799999 -3.576279E-07 -10.08 0.2666667 0.1333333 0
v -8.959999 -3.576279E-07 -10.08 0.2666667 0.1333333 0
v -8.959999 -3.576279E-07 -9.919998 0.2666667 0.1333333 0
v -8.799999 -3.576279E-07 -9.919998 0.2666667 0.1333333 0
v -8.799999 -3.576279E-07 -10.24 0.2666667 0.1333333 0
v -8.959999 -3.576279E-07 -10.24 0.2666667 0.1333333 0
v -8.959999 -3.576279E-07 -10.08 0.2666667 0.1333333 0
v -8.799999 -3.576279E-07 -10.08 0.2666667 0.1333333 0
v -8.799999 -3.576279E-07 -10.4 0.2666667 0.1333333 0
v -8.959999 -3.576279E-07 -10.4 0.2666667 0.1333333 0
v -8.959999 -3.576279E-07 -10.24 0.2666667 0.1333333 0
v -8.799999 -3.576279E-07 -10.24 0.2666667 0.1333333 0
v -8.799999 -3.576279E-07 -10.56 0.2666667 0.1333333 0
v -8.959999 -3.576279E-07 -10.56 0.2666667 0.1333333 0
v -8.959999 -3.576279E-07 -10.4 0.2666667 0.1333333 0
v -8.799999 -3.576279E-07 -10.4 0.2666667 0.1333333 0
v -8.799999 -3.576279E-07 -10.72 0.2666667 0.1333333 0
v -8.959999 -3.576279E-07 -10.72 0.2666667 0.1333333 0
v -8.959999 -3.576279E-07 -10.56 0.2666667 0.1333333 0
v -8.799999 -3.576279E-07 -10.56 0.2666667 0.1333333 0
v -8.799999 -3.576279E-07 -10.88 0.2666667 0.1333333 0
v -8.959999 -3.576279E-07 -10.88 0.2666667 0.1333333 0
v -8.959999 -3.576279E-07 -10.72 0.2666667 0.1333333 0
v -8.799999 -3.576279E-07 -10.72 0.2666667 0.1333333 0
v -8.799999 -3.576279E-07 -11.04 0.2666667 0.1333333 0
v -8.959999 -3.576279E-07 -11.04 0.2666667 0.1333333 0
v -8.959999 -3.576279E-07 -10.88 0.2666667 0.1333333 0
v -8.799999 -3.576279E-07 -10.88 0.2666667 0.1333333 0
v -8.799999 -3.576279E-07 -11.2 0.2666667 0.1333333 0
v -8.959999 -3.576279E-07 -11.2 0.2666667 0.1333333 0
v -8.959999 -3.576279E-07 -11.04 0.2666667 0.1333333 0
v -8.799999 -3.576279E-07 -11.04 0.2666667 0.1333333 0
v -8.799999 -3.576279E-07 -11.36 0.2666667 0.1333333 0
v -8.959999 -3.576279E-07 -11.36 0.2666667 0.1333333 0
v -8.959999 -3.576279E-07 -11.2 0.2666667 0.1333333 0
v -8.799999 -3.576279E-07 -11.2 0.2666667 0.1333333 0
v -8.799999 -3.576279E-07 -11.52 0.2666667 0.1333333 0
v -8.959999 -3.576279E-07 -11.52 0.2666667 0.1333333 0
v -8.959999 -3.576279E-07 -11.36 0.2666667 0.1333333 0
v -8.799999 -3.576279E-07 -11.36 0.2666667 0.1333333 0
v -8.799999 -3.576279E-07 -11.68 0.2666667 0.1333333 0
v -8.959999 -3.576279E-07 -11.68 0.2666667 0.1333333 0
v -8.959999 -3.576279E-07 -11.52 0.2666667 0.1333333 0
v -8.799999 -3.576279E-07 -11.52 0.2666667 0.1333333 0
v -8.799999 -3.576279E-07 -11.84 0.2666667 0.1333333 0
v -8.959999 -3.576279E-07 -11.84 0.2666667 0.1333333 0
v -8.959999 -3.576279E-07 -11.68 0.2666667 0.1333333 0
v -8.799999 -3.576279E-07 -11.68 0.2666667 0.1333333 0
v -8.799999 -3.576279E-07 -11.84 0.2666667 0.1333333 0
v -8.799999 0.1599996 -11.84 0.2666667 0.1333333 0
v -8.959999 0.1599996 -11.84 0.2666667 0.1333333 0
v -8.959999 -3.576279E-07 -11.84 0.2666667 0.1333333 0
v -8.959999 -3.576279E-07 -11.84 0.2666667 0.1333333 0
v -8.959999 0.1599996 -11.84 0.2666667 0.1333333 0
v -8.959999 0.1599996 -11.68 0.2133334 0.1066667 0
v -8.959999 -3.576279E-07 -11.68 0.24 0.12 0
v -8.799999 0.1599996 -11.84 0.2666667 0.1333333 0
v -8.799999 0.3199996 -11.84 0.2666667 0.1333333 0
v -8.959999 0.3199996 -11.84 0.2666667 0.1333333 0
v -8.959999 0.1599996 -11.84 0.2666667 0.1333333 0
v -8.959999 0.1599996 -11.84 0.2666667 0.1333333 0
v -8.959999 0.3199996 -11.84 0.2666667 0.1333333 0
v -8.959999 0.3199996 -11.68 0.2133334 0.1066667 0
v -8.959999 0.1599996 -11.68 0.2133334 0.1066667 0
v -8.799999 0.4799997 -11.68 0.2133334 0.1066667 0
v -8.959999 0.4799997 -11.68 0.24 0.12 0
v -8.959999 0.4799997 -11.84 0.2666667 0.1333333 0
v -8.799999 0.4799997 -11.84 0.24 0.12 0
v -8.799999 0.3199996 -11.84 0.2666667 0.1333333 0
v -8.799999 0.4799997 -11.84 0.2666667 0.1333333 0
v -8.959999 0.4799997 -11.84 0.2666667 0.1333333 0
v -8.959999 0.3199996 -11.84 0.2666667 0.1333333 0
v -8.959999 0.3199996 -11.84 0.2666667 0.1333333 0
v -8.959999 0.4799997 -11.84 0.2666667 0.1333333 0
v -8.959999 0.4799997 -11.68 0.24 0.12 0
v -8.959999 0.3199996 -11.68 0.2133334 0.1066667 0
v -8.799999 0.6399996 -10.08 0.24 0.12 0
v -8.959999 0.6399996 -10.08 0.2133334 0.1066667 0
v -8.959999 0.6399996 -10.24 0.24 0.12 0
v -8.799999 0.6399996 -10.24 0.2666667 0.1333333 0
v -8.799999 0.6399996 -10.24 0.2666667 0.1333333 0
v -8.959999 0.6399996 -10.24 0.24 0.12 0
v -8.959999 0.6399996 -10.4 0.2666667 0.1333333 0
v -8.799999 0.6399996 -10.4 0.2666667 0.1333333 0
v -8.799999 0.6399996 -10.4 0.2666667 0.1333333 0
v -8.959999 0.6399996 -10.4 0.2666667 0.1333333 0
v -8.959999 0.6399996 -10.56 0.2666667 0.1333333 0
v -8.799999 0.6399996 -10.56 0.2666667 0.1333333 0
v -8.799999 0.6399996 -10.56 0.2666667 0.1333333 0
v -8.959999 0.6399996 -10.56 0.2666667 0.1333333 0
v -8.959999 0.6399996 -10.72 0.2666667 0.1333333 0
v -8.799999 0.6399996 -10.72 0.2666667 0.1333333 0
v -8.799999 0.6399996 -10.72 0.2666667 0.1333333 0
v -8.959999 0.6399996 -10.72 0.2666667 0.1333333 0
v -8.959999 0.6399996 -10.88 0.2666667 0.1333333 0
v -8.799999 0.6399996 -10.88 0.24 0.12 0
v -8.799999 0.6399996 -10.88 0.24 0.12 0
v -8.959999 0.6399996 -10.88 0.2666667 0.1333333 0
v -8.959999 0.6399996 -11.04 0.24 0.12 0
v -8.799999 0.6399996 -11.04 0.2133334 0.1066667 0
v -8.799999 0.6399996 -11.52 0.24 0.12 0
v -8.959999 0.6399996 -11.52 0.2133334 0.1066667 0
v -8.959999 0.6399996 -11.68 0.2666667 0.1333333 0
v -8.799999 0.6399996 -11.68 0.2666667 0.1333333 0
v -8.799999 0.4799997 -11.68 0.2133334 0.1066667 0
v -8.799999 0.6399996 -11.68 0.24 0.12 0
v -8.959999 0.6399996 -11.68 0.2666667 0.1333333 0
v -8.959999 0.4799997 -11.68 0.24 0.12 0
v -8.959999 0.4799997 -11.68 0.24 0.12 0
v -8.959999 0.6399996 -11.68 0.2666667 0.1333333 0
v -8.959999 0.6399996 -11.52 0.2133334 0.1066667 0
v -8.959999 0.4799997 -11.52 0.2133334 0.1066667 0
v -8.799999 0.7999996 -9.599998 0.1882353 0.09803922 0
v -8.959999 0.7999996 -9.599998 0.1882353 0.09803922 0
v -8.959999 0.7999996 -9.759998 0.1882353 0.09803922 0
v -8.799999 0.7999996 -9.759998 0.1882353 0.09803922 0
v -8.959999 0.6399996 -9.599998 0.1505882 0.07843138 0
v -8.959999 0.7999996 -9.599998 0.1882353 0.09803922 0
v -8.799999 0.7999996 -9.599998 0.1694118 0.0882353 0
v -8.799999 0.6399996 -9.599998 0.1505882 0.07843138 0
v -8.959999 0.6399996 -9.759998 0.1505882 0.07843138 0
v -8.959999 0.7999996 -9.759998 0.1694118 0.0882353 0
v -8.959999 0.7999996 -9.599998 0.1882353 0.09803922 0
v -8.959999 0.6399996 -9.599998 0.1505882 0.07843138 0
v -8.799999 0.7999996 -9.759998 0.1882353 0.09803922 0
v -8.959999 0.7999996 -9.759998 0.1882353 0.09803922 0
v -8.959999 0.7999996 -9.919998 0.1882353 0.09803922 0
v -8.799999 0.7999996 -9.919998 0.1882353 0.09803922 0
v -8.799999 0.7999996 -9.919998 0.1882353 0.09803922 0
v -8.959999 0.7999996 -9.919998 0.1882353 0.09803922 0
v -8.959999 0.7999996 -10.08 0.1882353 0.09803922 0
v -8.799999 0.7999996 -10.08 0.1882353 0.09803922 0
v -8.799999 0.6399996 -10.08 0.1505882 0.07843138 0
v -8.799999 0.7999996 -10.08 0.1882353 0.09803922 0
v -8.959999 0.7999996 -10.08 0.1694118 0.0882353 0
v -8.959999 0.6399996 -10.08 0.1505882 0.07843138 0
v -8.799999 0.6399996 -9.919998 0.1505882 0.07843138 0
v -8.799999 0.7999996 -9.919998 0.1694118 0.0882353 0
v -8.799999 0.7999996 -10.08 0.1882353 0.09803922 0
v -8.799999 0.6399996 -10.08 0.1505882 0.07843138 0
v -8.799999 0.7999996 -11.04 0.1882353 0.09803922 0
v -8.959999 0.7999996 -11.04 0.1882353 0.09803922 0
v -8.959999 0.7999996 -11.2 0.1882353 0.09803922 0
v -8.799999 0.7999996 -11.2 0.1882353 0.09803922 0
v -8.959999 0.6399996 -11.04 0.1505882 0.07843138 0
v -8.959999 0.7999996 -11.04 0.1882353 0.09803922 0
v -8.799999 0.7999996 -11.04 0.1694118 0.0882353 0
v -8.799999 0.6399996 -11.04 0.1505882 0.07843138 0
v -8.959999 0.6399996 -11.2 0.1505882 0.07843138 0
v -8.959999 0.7999996 -11.2 0.1694118 0.0882353 0
v -8.959999 0.7999996 -11.04 0.1882353 0.09803922 0
v -8.959999 0.6399996 -11.04 0.1505882 0.07843138 0
v -8.799999 0.7999996 -11.2 0.1882353 0.09803922 0
v -8.959999 0.7999996 -11.2 0.1882353 0.09803922 0
v -8.959999 0.7999996 -11.36 0.1882353 0.09803922 0
v -8.799999 0.7999996 -11.36 0.1882353 0.09803922 0
v -8.799999 0.7999996 -11.36 0.1882353 0.09803922 0
v -8.959999 0.7999996 -11.36 0.1882353 0.09803922 0
v -8.959999 0.7999996 -11.52 0.1882353 0.09803922 0
v -8.799999 0.7999996 -11.52 0.1882353 0.09803922 0
v -8.799999 0.6399996 -11.52 0.1505882 0.07843138 0
v -8.799999 0.7999996 -11.52 0.1882353 0.09803922 0
v -8.959999 0.7999996 -11.52 0.1882353 0.09803922 0
v -8.959999 0.6399996 -11.52 0.1694118 0.0882353 0
v -8.799999 0.6399996 -11.36 0.1505882 0.07843138 0
v -8.799999 0.7999996 -11.36 0.1694118 0.0882353 0
v -8.799999 0.7999996 -11.52 0.1882353 0.09803922 0
v -8.799999 0.6399996 -11.52 0.1505882 0.07843138 0
v -8.959999 -3.576279E-07 -9.759998 0.2666667 0.1333333 0
v -9.119999 -3.576279E-07 -9.759998 0.2666667 0.1333333 0
v -9.119999 -3.576279E-07 -9.599998 0.2666667 0.1333333 0
v -8.959999 -3.576279E-07 -9.599998 0.2666667 0.1333333 0
v -8.959999 -3.576279E-07 -9.919998 0.2666667 0.1333333 0
v -9.119999 -3.576279E-07 -9.919998 0.2666667 0.1333333 0
v -9.119999 -3.576279E-07 -9.759998 0.2666667 0.1333333 0
v -8.959999 -3.576279E-07 -9.759998 0.2666667 0.1333333 0
v -8.959999 -3.576279E-07 -10.08 0.2666667 0.1333333 0
v -9.119999 -3.576279E-07 -10.08 0.2666667 0.1333333 0
v -9.119999 -3.576279E-07 -9.919998 0.2666667 0.1333333 0
v -8.959999 -3.576279E-07 -9.919998 0.2666667 0.1333333 0
v -8.959999 -3.576279E-07 -10.24 0.2666667 0.1333333 0
v -9.119999 -3.576279E-07 -10.24 0.2666667 0.1333333 0
v -9.119999 -3.576279E-07 -10.08 0.2666667 0.1333333 0
v -8.959999 -3.576279E-07 -10.08 0.2666667 0.1333333 0
v -8.959999 -3.576279E-07 -10.4 0.2666667 0.1333333 0
v -9.119999 -3.576279E-07 -10.4 0.2666667 0.1333333 0
v -9.119999 -3.576279E-07 -10.24 0.2666667 0.1333333 0
v -8.959999 -3.576279E-07 -10.24 0.2666667 0.1333333 0
v -8.959999 -3.576279E-07 -10.56 0.2666667 0.1333333 0
v -9.119999 -3.576279E-07 -10.56 0.2666667 0.1333333 0
v -9.119999 -3.576279E-07 -10.4 0.2666667 0.1333333 0
v -8.959999 -3.576279E-07 -10.4 0.2666667 0.1333333 0
v -8.959999 -3.576279E-07 -10.72 0.2666667 0.1333333 0
v -9.119999 -3.576279E-07 -10.72 0.2666667 0.1333333 0
v -9.119999 -3.576279E-07 -10.56 0.2666667 0.1333333 0
v -8.959999 -3.576279E-07 -10.56 0.2666667 0.1333333 0
v -8.959999 -3.576279E-07 -10.88 0.2666667 0.1333333 0
v -9.119999 -3.576279E-07 -10.88 0.2666667 0.1333333 0
v -9.119999 -3.576279E-07 -10.72 0.2666667 0.1333333 0
v -8.959999 -3.576279E-07 -10.72 0.2666667 0.1333333 0
v -8.959999 -3.576279E-07 -11.04 0.2666667 0.1333333 0
v -9.119999 -3.576279E-07 -11.04 0.2666667 0.1333333 0
v -9.119999 -3.576279E-07 -10.88 0.2666667 0.1333333 0
v -8.959999 -3.576279E-07 -10.88 0.2666667 0.1333333 0
v -8.959999 -3.576279E-07 -11.2 0.2666667 0.1333333 0
v -9.119999 -3.576279E-07 -11.2 0.2666667 0.1333333 0
v -9.119999 -3.576279E-07 -11.04 0.2666667 0.1333333 0
v -8.959999 -3.576279E-07 -11.04 0.2666667 0.1333333 0
v -8.959999 -3.576279E-07 -11.36 0.2666667 0.1333333 0
v -9.119999 -3.576279E-07 -11.36 0.2666667 0.1333333 0
v -9.119999 -3.576279E-07 -11.2 0.2666667 0.1333333 0
v -8.959999 -3.576279E-07 -11.2 0.2666667 0.1333333 0
v -8.959999 -3.576279E-07 -11.52 0.2666667 0.1333333 0
v -9.119999 -3.576279E-07 -11.52 0.2666667 0.1333333 0
v -9.119999 -3.576279E-07 -11.36 0.2666667 0.1333333 0
v -8.959999 -3.576279E-07 -11.36 0.2666667 0.1333333 0
v -8.959999 -3.576279E-07 -11.68 0.2666667 0.1333333 0
v -9.119999 -3.576279E-07 -11.68 0.2666667 0.1333333 0
v -9.119999 -3.576279E-07 -11.52 0.2666667 0.1333333 0
v -8.959999 -3.576279E-07 -11.52 0.2666667 0.1333333 0
v -8.959999 -3.576279E-07 -11.68 0.24 0.12 0
v -8.959999 0.1599996 -11.68 0.2133334 0.1066667 0
v -9.119999 0.1599996 -11.68 0.2666667 0.1333333 0
v -9.119999 -3.576279E-07 -11.68 0.2666667 0.1333333 0
v -9.119999 -3.576279E-07 -11.68 0.2666667 0.1333333 0
v -9.119999 0.1599996 -11.68 0.2666667 0.1333333 0
v -9.119999 0.1599996 -11.52 0.2133334 0.1066667 0
v -9.119999 -3.576279E-07 -11.52 0.24 0.12 0
v -8.959999 0.1599996 -11.68 0.2133334 0.1066667 0
v -8.959999 0.3199996 -11.68 0.2133334 0.1066667 0
v -9.119999 0.3199996 -11.68 0.2666667 0.1333333 0
v -9.119999 0.1599996 -11.68 0.2666667 0.1333333 0
v -9.119999 0.1599996 -11.68 0.2666667 0.1333333 0
v -9.119999 0.3199996 -11.68 0.2666667 0.1333333 0
v -9.119999 0.3199996 -11.52 0.2133334 0.1066667 0
v -9.119999 0.1599996 -11.52 0.2133334 0.1066667 0
v -8.959999 0.4799997 -11.52 0.2133334 0.1066667 0
v -9.119999 0.4799997 -11.52 0.24 0.12 0
v -9.119999 0.4799997 -11.68 0.2666667 0.1333333 0
v -8.959999 0.4799997 -11.68 0.24 0.12 0
v -8.959999 0.3199996 -11.68 0.2133334 0.1066667 0
v -8.959999 0.4799997 -11.68 0.24 0.12 0
v -9.119999 0.4799997 -11.68 0.2666667 0.1333333 0
v -9.119999 0.3199996 -11.68 0.2666667 0.1333333 0
v -9.119999 0.3199996 -11.68 0.2666667 0.1333333 0
v -9.119999 0.4799997 -11.68 0.2666667 0.1333333 0
v -9.119999 0.4799997 -11.52 0.24 0.12 0
v -9.119999 0.3199996 -11.52 0.2133334 0.1066667 0
v -8.959999 0.6399996 -9.599998 0.24 0.12 0
v -9.119999 0.6399996 -9.599998 0.2666667 0.1333333 0
v -9.119999 0.6399996 -9.759998 0.24 0.12 0
v -8.959999 0.6399996 -9.759998 0.2133334 0.1066667 0
v -8.959999 0.6399996 -10.24 0.24 0.12 0
v -9.119999 0.6399996 -10.24 0.2133334 0.1066667 0
v -9.119999 0.6399996 -10.4 0.24 0.12 0
v -8.959999 0.6399996 -10.4 0.2666667 0.1333333 0
v -8.959999 0.6399996 -10.4 0.2666667 0.1333333 0
v -9.119999 0.6399996 -10.4 0.24 0.12 0
v -9.119999 0.6399996 -10.56 0.2666667 0.1333333 0
v -8.959999 0.6399996 -10.56 0.2666667 0.1333333 0
v -8.959999 0.6399996 -10.56 0.2666667 0.1333333 0
v -9.119999 0.6399996 -10.56 0.2666667 0.1333333 0
v -9.119999 0.6399996 -10.72 0.2666667 0.1333333 0
v -8.959999 0.6399996 -10.72 0.2666667 0.1333333 0
v -8.959999 0.6399996 -10.72 0.2666667 0.1333333 0
v -9.119999 0.6399996 -10.72 0.2666667 0.1333333 0
v -9.119999 0.6399996 -10.88 0.2666667 0.1333333 0
v -8.959999 0.6399996 -10.88 0.2666667 0.1333333 0
v -8.959999 0.6399996 -10.88 0.2666667 0.1333333 0
v -9.119999 0.6399996 -10.88 0.2666667 0.1333333 0
v -9.119999 0.6399996 -11.04 0.2666667 0.1333333 0
v -8.959999 0.6399996 -11.04 0.24 0.12 0
v -8.959999 0.6399996 -11.04 0.24 0.12 0
v -9.119999 0.6399996 -11.04 0.2666667 0.1333333 0
v -9.119999 0.6399996 -11.2 0.24 0.12 0
v -8.959999 0.6399996 -11.2 0.2133334 0.1066667 0
v -8.959999 0.4799997 -11.52 0.1505882 0.07843138 0
v -8.959999 0.6399996 -11.52 0.1694118 0.0882353 0
v -9.119999 0.6399996 -11.52 0.1882353 0.09803922 0
v -9.119999 0.4799997 -11.52 0.1694118 0.0882353 0
v -9.119999 0.4799997 -11.52 0.1694118 0.0882353 0
v -9.119999 0.6399996 -11.52 0.1882353 0.09803922 0
v -9.119999 0.6399996 -11.36 0.1694118 0.0882353 0
v -9.119999 0.4799997 -11.36 0.1505882 0.07843138 0
v -8.959999 0.7999996 -9.759998 0.1882353 0.09803922 0
v -9.119999 0.7999996 -9.759998 0.1882353 0.09803922 0
v -9.119999 0.7999996 -9.919998 0.1882353 0.09803922 0
v -8.959999 0.7999996 -9.919998 0.1882353 0.09803922 0
v -9.119999 0.6399996 -9.759998 0.1505882 0.07843138 0
v -9.119999 0.7999996 -9.759998 0.1882353 0.09803922 0
v -8.959999 0.7999996 -9.759998 0.1694118 0.0882353 0
v -8.959999 0.6399996 -9.759998 0.1505882 0.07843138 0
v -9.119999 0.6399996 -9.919998 0.1505882 0.07843138 0
v -9.119999 0.7999996 -9.919998 0.1694118 0.0882353 0
v -9.119999 0.7999996 -9.759998 0.1882353 0.09803922 0
v -9.119999 0.6399996 -9.759998 0.1505882 0.07843138 0
v -8.959999 0.7999996 -9.919998 0.1882353 0.09803922 0
v -9.119999 0.7999996 -9.919998 0.1882353 0.09803922 0
v -9.119999 0.7999996 -10.08 0.1882353 0.09803922 0
v -8.959999 0.7999996 -10.08 0.1882353 0.09803922 0
v -8.959999 0.7999996 -10.08 0.1882353 0.09803922 0
v -9.119999 0.7999996 -10.08 0.1882353 0.09803922 0
v -9.119999 0.7999996 -10.24 0.1882353 0.09803922 0
v -8.959999 0.7999996 -10.24 0.1882353 0.09803922 0
v -8.959999 0.6399996 -10.24 0.1505882 0.07843138 0
v -8.959999 0.7999996 -10.24 0.1882353 0.09803922 0
v -9.119999 0.7999996 -10.24 0.1694118 0.0882353 0
v -9.119999 0.6399996 -10.24 0.1505882 0.07843138 0
v -8.959999 0.6399996 -10.08 0.1505882 0.07843138 0
v -8.959999 0.7999996 -10.08 0.1694118 0.0882353 0
v -8.959999 0.7999996 -10.24 0.1882353 0.09803922 0
v -8.959999 0.6399996 -10.24 0.1505882 0.07843138 0
v -8.959999 0.7999996 -11.2 0.1882353 0.09803922 0
v -9.119999 0.7999996 -11.2 0.1882353 0.09803922 0
v -9.119999 0.7999996 -11.36 0.1882353 0.09803922 0
v -8.959999 0.7999996 -11.36 0.1882353 0.09803922 0
v -9.119999 0.6399996 -11.2 0.1505882 0.07843138 0
v -9.119999 0.7999996 -11.2 0.1882353 0.09803922 0
v -8.959999 0.7999996 -11.2 0.1694118 0.0882353 0
v -8.959999 0.6399996 -11.2 0.1505882 0.07843138 0
v -9.119999 0.6399996 -11.36 0.1694118 0.0882353 0
v -9.119999 0.7999996 -11.36 0.1882353 0.09803922 0
v -9.119999 0.7999996 -11.2 0.1882353 0.09803922 0
v -9.119999 0.6399996 -11.2 0.1505882 0.07843138 0
v -8.959999 0.7999996 -11.36 0.1882353 0.09803922 0
v -9.119999 0.7999996 -11.36 0.1882353 0.09803922 0
v -9.119999 0.7999996 -11.52 0.1882353 0.09803922 0
v -8.959999 0.7999996 -11.52 0.1882353 0.09803922 0
v -8.959999 0.6399996 -11.52 0.1694118 0.0882353 0
v -8.959999 0.7999996 -11.52 0.1882353 0.09803922 0
v -9.119999 0.7999996 -11.52 0.1882353 0.09803922 0
v -9.119999 0.6399996 -11.52 0.1882353 0.09803922 0
v -9.119999 0.6399996 -11.52 0.1882353 0.09803922 0
v -9.119999 0.7999996 -11.52 0.1882353 0.09803922 0
v -9.119999 0.7999996 -11.36 0.1882353 0.09803922 0
v -9.119999 0.6399996 -11.36 0.1694118 0.0882353 0
v -9.119999 -3.576279E-07 -9.759998 0.2666667 0.1333333 0
v -9.279999 -3.576279E-07 -9.759998 0.2666667 0.1333333 0
v -9.279999 -3.576279E-07 -9.599998 0.2666667 0.1333333 0
v -9.119999 -3.576279E-07 -9.599998 0.2666667 0.1333333 0
v -9.119999 -3.576279E-07 -9.919998 0.2666667 0.1333333 0
v -9.279999 -3.576279E-07 -9.919998 0.2666667 0.1333333 0
v -9.279999 -3.576279E-07 -9.759998 0.2666667 0.1333333 0
v -9.119999 -3.576279E-07 -9.759998 0.2666667 0.1333333 0
v -9.119999 -3.576279E-07 -10.08 0.2666667 0.1333333 0
v -9.279999 -3.576279E-07 -10.08 0.2666667 0.1333333 0
v -9.279999 -3.576279E-07 -9.919998 0.2666667 0.1333333 0
v -9.119999 -3.576279E-07 -9.919998 0.2666667 0.1333333 0
v -9.119999 -3.576279E-07 -10.24 0.2666667 0.1333333 0
v -9.279999 -3.576279E-07 -10.24 0.2666667 0.1333333 0
v -9.279999 -3.576279E-07 -10.08 0.2666667 0.1333333 0
v -9.119999 -3.576279E-07 -10.08 0.2666667 0.1333333 0
v -9.119999 -3.576279E-07 -10.4 0.2666667 0.1333333 0
v -9.279999 -3.576279E-07 -10.4 0.2666667 0.1333333 0
v -9.279999 -3.576279E-07 -10.24 0.2666667 0.1333333 0
v -9.119999 -3.576279E-07 -10.24 0.2666667 0.1333333 0
v -9.119999 -3.576279E-07 -10.56 0.2666667 0.1333333 0
v -9.279999 -3.576279E-07 -10.56 0.2666667 0.1333333 0
v -9.279999 -3.576279E-07 -10.4 0.2666667 0.1333333 0
v -9.119999 -3.576279E-07 -10.4 0.2666667 0.1333333 0
v -9.119999 -3.576279E-07 -10.72 0.2666667 0.1333333 0
v -9.279999 -3.576279E-07 -10.72 0.2666667 0.1333333 0
v -9.279999 -3.576279E-07 -10.56 0.2666667 0.1333333 0
v -9.119999 -3.576279E-07 -10.56 0.2666667 0.1333333 0
v -9.119999 -3.576279E-07 -10.88 0.2666667 0.1333333 0
v -9.279999 -3.576279E-07 -10.88 0.2666667 0.1333333 0
v -9.279999 -3.576279E-07 -10.72 0.2666667 0.1333333 0
v -9.119999 -3.576279E-07 -10.72 0.2666667 0.1333333 0
v -9.119999 -3.576279E-07 -11.04 0.2666667 0.1333333 0
v -9.279999 -3.576279E-07 -11.04 0.2666667 0.1333333 0
v -9.279999 -3.576279E-07 -10.88 0.2666667 0.1333333 0
v -9.119999 -3.576279E-07 -10.88 0.2666667 0.1333333 0
v -9.119999 -3.576279E-07 -11.2 0.2666667 0.1333333 0
v -9.279999 -3.576279E-07 -11.2 0.2666667 0.1333333 0
v -9.279999 -3.576279E-07 -11.04 0.2666667 0.1333333 0
v -9.119999 -3.576279E-07 -11.04 0.2666667 0.1333333 0
v -9.119999 -3.576279E-07 -11.36 0.2666667 0.1333333 0
v -9.279999 -3.576279E-07 -11.36 0.2666667 0.1333333 0
v -9.279999 -3.576279E-07 -11.2 0.2666667 0.1333333 0
v -9.119999 -3.576279E-07 -11.2 0.2666667 0.1333333 0
v -9.119999 -3.576279E-07 -11.52 0.2666667 0.1333333 0
v -9.279999 -3.576279E-07 -11.52 0.2666667 0.1333333 0
v -9.279999 -3.576279E-07 -11.36 0.2666667 0.1333333 0
v -9.119999 -3.576279E-07 -11.36 0.2666667 0.1333333 0
v -9.119999 -3.576279E-07 -11.52 0.24 0.12 0
v -9.119999 0.1599996 -11.52 0.2133334 0.1066667 0
v -9.279999 0.1599996 -11.52 0.2666667 0.1333333 0
v -9.279999 -3.576279E-07 -11.52 0.2666667 0.1333333 0
v -9.279999 -3.576279E-07 -11.52 0.2666667 0.1333333 0
v -9.279999 0.1599996 -11.52 0.2666667 0.1333333 0
v -9.279999 0.1599996 -11.36 0.2133334 0.1066667 0
v -9.279999 -3.576279E-07 -11.36 0.24 0.12 0
v -9.119999 0.1599996 -11.52 0.2133334 0.1066667 0
v -9.119999 0.3199996 -11.52 0.2133334 0.1066667 0
v -9.279999 0.3199996 -11.52 0.2666667 0.1333333 0
v -9.279999 0.1599996 -11.52 0.2666667 0.1333333 0
v -9.279999 0.1599996 -11.52 0.2666667 0.1333333 0
v -9.279999 0.3199996 -11.52 0.2666667 0.1333333 0
v -9.279999 0.3199996 -11.36 0.2133334 0.1066667 0
v -9.279999 0.1599996 -11.36 0.2133334 0.1066667 0
v -9.119999 0.4799997 -11.36 0.2133334 0.1066667 0
v -9.279999 0.4799997 -11.36 0.24 0.12 0
v -9.279999 0.4799997 -11.52 0.2666667 0.1333333 0
v -9.119999 0.4799997 -11.52 0.24 0.12 0
v -9.119999 0.3199996 -11.52 0.2133334 0.1066667 0
v -9.119999 0.4799997 -11.52 0.24 0.12 0
v -9.279999 0.4799997 -11.52 0.2666667 0.1333333 0
v -9.279999 0.3199996 -11.52 0.2666667 0.1333333 0
v -9.279999 0.3199996 -11.52 0.2666667 0.1333333 0
v -9.279999 0.4799997 -11.52 0.2666667 0.1333333 0
v -9.279999 0.4799997 -11.36 0.24 0.12 0
v -9.279999 0.3199996 -11.36 0.2133334 0.1066667 0
v -9.119999 0.6399996 -9.599998 0.2666667 0.1333333 0
v -9.279999 0.6399996 -9.599998 0.2666667 0.1333333 0
v -9.279999 0.6399996 -9.759998 0.2666667 0.1333333 0
v -9.119999 0.6399996 -9.759998 0.24 0.12 0
v -9.119999 0.6399996 -9.759998 0.24 0.12 0
v -9.279999 0.6399996 -9.759998 0.2666667 0.1333333 0
v -9.279999 0.6399996 -9.919998 0.24 0.12 0
v -9.119999 0.6399996 -9.919998 0.2133334 0.1066667 0
v -9.119999 0.6399996 -10.4 0.24 0.12 0
v -9.279999 0.6399996 -10.4 0.2133334 0.1066667 0
v -9.279999 0.6399996 -10.56 0.24 0.12 0
v -9.119999 0.6399996 -10.56 0.2666667 0.1333333 0
v -9.119999 0.6399996 -10.56 0.2666667 0.1333333 0
v -9.279999 0.6399996 -10.56 0.24 0.12 0
v -9.279999 0.6399996 -10.72 0.2666667 0.1333333 0
v -9.119999 0.6399996 -10.72 0.2666667 0.1333333 0
v -9.119999 0.6399996 -10.72 0.2666667 0.1333333 0
v -9.279999 0.6399996 -10.72 0.2666667 0.1333333 0
v -9.279999 0.6399996 -10.88 0.2666667 0.1333333 0
v -9.119999 0.6399996 -10.88 0.2666667 0.1333333 0
v -9.119999 0.6399996 -10.88 0.2666667 0.1333333 0
v -9.279999 0.6399996 -10.88 0.2666667 0.1333333 0
v -9.279999 0.6399996 -11.04 0.2666667 0.1333333 0
v -9.119999 0.6399996 -11.04 0.2666667 0.1333333 0
v -9.119999 0.6399996 -11.04 0.2666667 0.1333333 0
v -9.279999 0.6399996 -11.04 0.2666667 0.1333333 0
v -9.279999 0.6399996 -11.2 0.2666667 0.1333333 0
v -9.119999 0.6399996 -11.2 0.24 0.12 0
v -9.119999 0.6399996 -11.2 0.24 0.12 0
v -9.279999 0.6399996 -11.2 0.2666667 0.1333333 0
v -9.279999 0.6399996 -11.36 0.2666667 0.1333333 0
v -9.119999 0.6399996 -11.36 0.2133334 0.1066667 0
v -9.119999 0.4799997 -11.36 0.2133334 0.1066667 0
v -9.119999 0.6399996 -11.36 0.2133334 0.1066667 0
v -9.279999 0.6399996 -11.36 0.2666667 0.1333333 0
v -9.279999 0.4799997 -11.36 0.24 0.12 0
v -9.279999 0.4799997 -11.36 0.24 0.12 0
v -9.279999 0.6399996 -11.36 0.2666667 0.1333333 0
v -9.279999 0.6399996 -11.2 0.24 0.12 0
v -9.279999 0.4799997 -11.2 0.2133334 0.1066667 0
v -9.119999 0.7999996 -9.919998 0.1882353 0.09803922 0
v -9.279999 0.7999996 -9.919998 0.1882353 0.09803922 0
v -9.279999 0.7999996 -10.08 0.1882353 0.09803922 0
v -9.119999 0.7999996 -10.08 0.1882353 0.09803922 0
v -9.279999 0.6399996 -9.919998 0.1505882 0.07843138 0
v -9.279999 0.7999996 -9.919998 0.1882353 0.09803922 0
v -9.119999 0.7999996 -9.919998 0.1694118 0.0882353 0
v -9.119999 0.6399996 -9.919998 0.1505882 0.07843138 0
v -9.279999 0.6399996 -10.08 0.1505882 0.07843138 0
v -9.279999 0.7999996 -10.08 0.1694118 0.0882353 0
v -9.279999 0.7999996 -9.919998 0.1882353 0.09803922 0
v -9.279999 0.6399996 -9.919998 0.1505882 0.07843138 0
v -9.119999 0.7999996 -10.08 0.1882353 0.09803922 0
v -9.279999 0.7999996 -10.08 0.1882353 0.09803922 0
v -9.279999 0.7999996 -10.24 0.1882353 0.09803922 0
v -9.119999 0.7999996 -10.24 0.1882353 0.09803922 0
v -9.119999 0.7999996 -10.24 0.1882353 0.09803922 0
v -9.279999 0.7999996 -10.24 0.1882353 0.09803922 0
v -9.279999 0.7999996 -10.4 0.1882353 0.09803922 0
v -9.119999 0.7999996 -10.4 0.1882353 0.09803922 0
v -9.119999 0.6399996 -10.4 0.1505882 0.07843138 0
v -9.119999 0.7999996 -10.4 0.1882353 0.09803922 0
v -9.279999 0.7999996 -10.4 0.1694118 0.0882353 0
v -9.279999 0.6399996 -10.4 0.1505882 0.07843138 0
v -9.119999 0.6399996 -10.24 0.1505882 0.07843138 0
v -9.119999 0.7999996 -10.24 0.1694118 0.0882353 0
v -9.119999 0.7999996 -10.4 0.1882353 0.09803922 0
v -9.119999 0.6399996 -10.4 0.1505882 0.07843138 0
v -9.279999 -3.576279E-07 -9.759998 0.2666667 0.1333333 0
v -9.439999 -3.576279E-07 -9.759998 0.2666667 0.1333333 0
v -9.439999 -3.576279E-07 -9.599998 0.2666667 0.1333333 0
v -9.279999 -3.576279E-07 -9.599998 0.2666667 0.1333333 0
v -9.279999 -3.576279E-07 -9.919998 0.2666667 0.1333333 0
v -9.439999 -3.576279E-07 -9.919998 0.2666667 0.1333333 0
v -9.439999 -3.576279E-07 -9.759998 0.2666667 0.1333333 0
v -9.279999 -3.576279E-07 -9.759998 0.2666667 0.1333333 0
v -9.279999 -3.576279E-07 -10.08 0.2666667 0.1333333 0
v -9.439999 -3.576279E-07 -10.08 0.2666667 0.1333333 0
v -9.439999 -3.576279E-07 -9.919998 0.2666667 0.1333333 0
v -9.279999 -3.576279E-07 -9.919998 0.2666667 0.1333333 0
v -9.279999 -3.576279E-07 -10.24 0.2666667 0.1333333 0
v -9.439999 -3.576279E-07 -10.24 0.2666667 0.1333333 0
v -9.439999 -3.576279E-07 -10.08 0.2666667 0.1333333 0
v -9.279999 -3.576279E-07 -10.08 0.2666667 0.1333333 0
v -9.279999 -3.576279E-07 -10.4 0.2666667 0.1333333 0
v -9.439999 -3.576279E-07 -10.4 0.2666667 0.1333333 0
v -9.439999 -3.576279E-07 -10.24 0.2666667 0.1333333 0
v -9.279999 -3.576279E-07 -10.24 0.2666667 0.1333333 0
v -9.279999 -3.576279E-07 -10.56 0.2666667 0.1333333 0
v -9.439999 -3.576279E-07 -10.56 0.2666667 0.1333333 0
v -9.439999 -3.576279E-07 -10.4 0.2666667 0.1333333 0
v -9.279999 -3.576279E-07 -10.4 0.2666667 0.1333333 0
v -9.279999 -3.576279E-07 -10.72 0.2666667 0.1333333 0
v -9.439999 -3.576279E-07 -10.72 0.2666667 0.1333333 0
v -9.439999 -3.576279E-07 -10.56 0.2666667 0.1333333 0
v -9.279999 -3.576279E-07 -10.56 0.2666667 0.1333333 0
v -9.279999 -3.576279E-07 -10.88 0.2666667 0.1333333 0
v -9.439999 -3.576279E-07 -10.88 0.2666667 0.1333333 0
v -9.439999 -3.576279E-07 -10.72 0.2666667 0.1333333 0
v -9.279999 -3.576279E-07 -10.72 0.2666667 0.1333333 0
v -9.279999 -3.576279E-07 -11.04 0.2666667 0.1333333 0
v -9.439999 -3.576279E-07 -11.04 0.2666667 0.1333333 0
v -9.439999 -3.576279E-07 -10.88 0.2666667 0.1333333 0
v -9.279999 -3.576279E-07 -10.88 0.2666667 0.1333333 0
v -9.279999 -3.576279E-07 -11.2 0.2666667 0.1333333 0
v -9.439999 -3.576279E-07 -11.2 0.2666667 0.1333333 0
v -9.439999 -3.576279E-07 -11.04 0.2666667 0.1333333 0
v -9.279999 -3.576279E-07 -11.04 0.2666667 0.1333333 0
v -9.279999 -3.576279E-07 -11.36 0.2666667 0.1333333 0
v -9.439999 -3.576279E-07 -11.36 0.2666667 0.1333333 0
v -9.439999 -3.576279E-07 -11.2 0.2666667 0.1333333 0
v -9.279999 -3.576279E-07 -11.2 0.2666667 0.1333333 0
v -9.279999 -3.576279E-07 -11.36 0.24 0.12 0
v -9.279999 0.1599996 -11.36 0.2133334 0.1066667 0
v -9.439999 0.1599996 -11.36 0.2666667 0.1333333 0
v -9.439999 -3.576279E-07 -11.36 0.2666667 0.1333333 0
v -9.439999 -3.576279E-07 -11.36 0.2666667 0.1333333 0
v -9.439999 0.1599996 -11.36 0.2666667 0.1333333 0
v -9.439999 0.1599996 -11.2 0.2133334 0.1066667 0
v -9.439999 -3.576279E-07 -11.2 0.24 0.12 0
v -9.279999 0.1599996 -11.36 0.2133334 0.1066667 0
v -9.279999 0.3199996 -11.36 0.2133334 0.1066667 0
v -9.439999 0.3199996 -11.36 0.2666667 0.1333333 0
v -9.439999 0.1599996 -11.36 0.2666667 0.1333333 0
v -9.439999 0.1599996 -11.36 0.2666667 0.1333333 0
v -9.439999 0.3199996 -11.36 0.2666667 0.1333333 0
v -9.439999 0.3199996 -11.2 0.2133334 0.1066667 0
v -9.439999 0.1599996 -11.2 0.2133334 0.1066667 0
v -9.279999 0.4799997 -11.2 0.2133334 0.1066667 0
v -9.439999 0.4799997 -11.2 0.24 0.12 0
v -9.439999 0.4799997 -11.36 0.2666667 0.1333333 0
v -9.279999 0.4799997 -11.36 0.24 0.12 0
v -9.279999 0.3199996 -11.36 0.2133334 0.1066667 0
v -9.279999 0.4799997 -11.36 0.24 0.12 0
v -9.439999 0.4799997 -11.36 0.2666667 0.1333333 0
v -9.439999 0.3199996 -11.36 0.2666667 0.1333333 0
v -9.439999 0.3199996 -11.36 0.2666667 0.1333333 0
v -9.439999 0.4799997 -11.36 0.2666667 0.1333333 0
v -9.439999 0.4799997 -11.2 0.24 0.12 0
v -9.439999 0.3199996 -11.2 0.2133334 0.1066667 0
v -9.279999 0.6399996 -9.599998 0.2666667 0.1333333 0
v -9.439999 0.6399996 -9.599998 0.2666667 0.1333333 0
v -9.439999 0.6399996 -9.759998 0.2666667 0.1333333 0
v -9.279999 0.6399996 -9.759998 0.2666667 0.1333333 0
v -9.279999 0.6399996 -9.759998 0.2666667 0.1333333 0
v -9.439999 0.6399996 -9.759998 0.2666667 0.1333333 0
v -9.439999 0.6399996 -9.919998 0.2666667 0.1333333 0
v -9.279999 0.6399996 -9.919998 0.24 0.12 0
v -9.279999 0.6399996 -9.919998 0.24 0.12 0
v -9.439999 0.6399996 -9.919998 0.2666667 0.1333333 0
v -9.439999 0.6399996 -10.08 0.24 0.12 0
v -9.279999 0.6399996 -10.08 0.2133334 0.1066667 0
v -9.279999 0.6399996 -10.56 0.24 0.12 0
v -9.439999 0.6399996 -10.56 0.2133334 0.1066667 0
v -9.439999 0.6399996 -10.72 0.24 0.12 0
v -9.279999 0.6399996 -10.72 0.2666667 0.1333333 0
v -9.279999 0.6399996 -10.72 0.2666667 0.1333333 0
v -9.439999 0.6399996 -10.72 0.24 0.12 0
v -9.439999 0.6399996 -10.88 0.2666667 0.1333333 0
v -9.279999 0.6399996 -10.88 0.2666667 0.1333333 0
v -9.279999 0.6399996 -10.88 0.2666667 0.1333333 0
v -9.439999 0.6399996 -10.88 0.2666667 0.1333333 0
v -9.439999 0.6399996 -11.04 0.2666667 0.1333333 0
v -9.279999 0.6399996 -11.04 0.2666667 0.1333333 0
v -9.439999 0.4799997 -11.04 0.2133334 0.1066667 0
v -9.439999 0.6399996 -11.04 0.2666667 0.1333333 0
v -9.439999 0.6399996 -10.88 0.24 0.12 0
v -9.439999 0.4799997 -10.88 0.2133334 0.1066667 0
v -9.279999 0.6399996 -11.04 0.2666667 0.1333333 0
v -9.439999 0.6399996 -11.04 0.2666667 0.1333333 0
v -9.439999 0.6399996 -11.2 0.2666667 0.1333333 0
v -9.279999 0.6399996 -11.2 0.2666667 0.1333333 0
v -9.279999 0.4799997 -11.2 0.2133334 0.1066667 0
v -9.279999 0.6399996 -11.2 0.24 0.12 0
v -9.439999 0.6399996 -11.2 0.2666667 0.1333333 0
v -9.439999 0.4799997 -11.2 0.24 0.12 0
v -9.439999 0.4799997 -11.2 0.24 0.12 0
v -9.439999 0.6399996 -11.2 0.2666667 0.1333333 0
v -9.439999 0.6399996 -11.04 0.2666667 0.1333333 0
v -9.439999 0.4799997 -11.04 0.2133334 0.1066667 0
v -9.279999 0.7999996 -10.08 0.1882353 0.09803922 0
v -9.439999 0.7999996 -10.08 0.1882353 0.09803922 0
v -9.439999 0.7999996 -10.24 0.1882353 0.09803922 0
v -9.279999 0.7999996 -10.24 0.1882353 0.09803922 0
v -9.439999 0.6399996 -10.08 0.1505882 0.07843138 0
v -9.439999 0.7999996 -10.08 0.1882353 0.09803922 0
v -9.279999 0.7999996 -10.08 0.1694118 0.0882353 0
v -9.279999 0.6399996 -10.08 0.1505882 0.07843138 0
v -9.439999 0.6399996 -10.24 0.1505882 0.07843138 0
v -9.439999 0.7999996 -10.24 0.1694118 0.0882353 0
v -9.439999 0.7999996 -10.08 0.1882353 0.09803922 0
v -9.439999 0.6399996 -10.08 0.1505882 0.07843138 0
v -9.279999 0.7999996 -10.24 0.1882353 0.09803922 0
v -9.439999 0.7999996 -10.24 0.1882353 0.09803922 0
v -9.439999 0.7999996 -10.4 0.1882353 0.09803922 0
v -9.279999 0.7999996 -10.4 0.1882353 0.09803922 0
v -9.279999 0.7999996 -10.4 0.1882353 0.09803922 0
v -9.439999 0.7999996 -10.4 0.1882353 0.09803922 0
v -9.439999 0.7999996 -10.56 0.1882353 0.09803922 0
v -9.279999 0.7999996 -10.56 0.1882353 0.09803922 0
v -9.279999 0.6399996 -10.56 0.1505882 0.07843138 0
v -9.279999 0.7999996 -10.56 0.1882353 0.09803922 0
v -9.439999 0.7999996 -10.56 0.1694118 0.0882353 0
v -9.439999 0.6399996 -10.56 0.1505882 0.07843138 0
v -9.279999 0.6399996 -10.4 0.1505882 0.07843138 0
v -9.279999 0.7999996 -10.4 0.1694118 0.0882353 0
v -9.279999 0.7999996 -10.56 0.1882353 0.09803922 0
v -9.279999 0.6399996 -10.56 0.1505882 0.07843138 0
v -9.439999 -3.576279E-07 -9.759998 0.2666667 0.1333333 0
v -9.599998 -3.576279E-07 -9.759998 0.2666667 0.1333333 0
v -9.599998 -3.576279E-07 -9.599998 0.2666667 0.1333333 0
v -9.439999 -3.576279E-07 -9.599998 0.2666667 0.1333333 0
v -9.439999 -3.576279E-07 -9.919998 0.2666667 0.1333333 0
v -9.599998 -3.576279E-07 -9.919998 0.2666667 0.1333333 0
v -9.599998 -3.576279E-07 -9.759998 0.2666667 0.1333333 0
v -9.439999 -3.576279E-07 -9.759998 0.2666667 0.1333333 0
v -9.439999 -3.576279E-07 -10.08 0.2666667 0.1333333 0
v -9.599998 -3.576279E-07 -10.08 0.2666667 0.1333333 0
v -9.599998 -3.576279E-07 -9.919998 0.2666667 0.1333333 0
v -9.439999 -3.576279E-07 -9.919998 0.2666667 0.1333333 0
v -9.439999 -3.576279E-07 -10.24 0.2666667 0.1333333 0
v -9.599998 -3.576279E-07 -10.24 0.2666667 0.1333333 0
v -9.599998 -3.576279E-07 -10.08 0.2666667 0.1333333 0
v -9.439999 -3.576279E-07 -10.08 0.2666667 0.1333333 0
v -9.439999 -3.576279E-07 -10.4 0.2666667 0.1333333 0
v -9.599998 -3.576279E-07 -10.4 0.2666667 0.1333333 0
v -9.599998 -3.576279E-07 -10.24 0.2666667 0.1333333 0
v -9.439999 -3.576279E-07 -10.24 0.2666667 0.1333333 0
v -9.439999 -3.576279E-07 -10.56 0.2666667 0.1333333 0
v -9.599998 -3.576279E-07 -10.56 0.2666667 0.1333333 0
v -9.599998 -3.576279E-07 -10.4 0.2666667 0.1333333 0
v -9.439999 -3.576279E-07 -10.4 0.2666667 0.1333333 0
v -9.439999 -3.576279E-07 -10.72 0.2666667 0.1333333 0
v -9.599998 -3.576279E-07 -10.72 0.2666667 0.1333333 0
v -9.599998 -3.576279E-07 -10.56 0.2666667 0.1333333 0
v -9.439999 -3.576279E-07 -10.56 0.2666667 0.1333333 0
v -9.439999 -3.576279E-07 -10.88 0.2666667 0.1333333 0
v -9.599998 -3.576279E-07 -10.88 0.2666667 0.1333333 0
v -9.599998 -3.576279E-07 -10.72 0.2666667 0.1333333 0
v -9.439999 -3.576279E-07 -10.72 0.2666667 0.1333333 0
v -9.439999 -3.576279E-07 -11.04 0.2666667 0.1333333 0
v -9.599998 -3.576279E-07 -11.04 0.2666667 0.1333333 0
v -9.599998 -3.576279E-07 -10.88 0.2666667 0.1333333 0
v -9.439999 -3.576279E-07 -10.88 0.2666667 0.1333333 0
v -9.599998 -3.576279E-07 -11.04 0.2666667 0.1333333 0
v -9.599998 0.1599996 -11.04 0.2666667 0.1333333 0
v -9.599998 0.1599996 -10.88 0.2133334 0.1066667 0
v -9.599998 -3.576279E-07 -10.88 0.24 0.12 0
v -9.439999 -3.576279E-07 -11.2 0.2666667 0.1333333 0
v -9.599998 -3.576279E-07 -11.2 0.2666667 0.1333333 0
v -9.599998 -3.576279E-07 -11.04 0.2666667 0.1333333 0
v -9.439999 -3.576279E-07 -11.04 0.2666667 0.1333333 0
v -9.439999 -3.576279E-07 -11.2 0.24 0.12 0
v -9.439999 0.1599996 -11.2 0.2133334 0.1066667 0
v -9.599998 0.1599996 -11.2 0.2666667 0.1333333 0
v -9.599998 -3.576279E-07 -11.2 0.2666667 0.1333333 0
v -9.599998 -3.576279E-07 -11.2 0.2666667 0.1333333 0
v -9.599998 0.1599996 -11.2 0.2666667 0.1333333 0
v -9.599998 0.1599996 -11.04 0.2666667 0.1333333 0
v -9.599998 -3.576279E-07 -11.04 0.2666667 0.1333333 0
v -9.599998 0.1599996 -11.04 0.2666667 0.1333333 0
v -9.599998 0.3199996 -11.04 0.2666667 0.1333333 0
v -9.599998 0.3199996 -10.88 0.2133334 0.1066667 0
v -9.599998 0.1599996 -10.88 0.2133334 0.1066667 0
v -9.439999 0.1599996 -11.2 0.2133334 0.1066667 0
v -9.439999 0.3199996 -11.2 0.2133334 0.1066667 0
v -9.599998 0.3199996 -11.2 0.2666667 0.1333333 0
v -9.599998 0.1599996 -11.2 0.2666667 0.1333333 0
v -9.599998 0.1599996 -11.2 0.2666667 0.1333333 0
v -9.599998 0.3199996 -11.2 0.2666667 0.1333333 0
v -9.599998 0.3199996 -11.04 0.2666667 0.1333333 0
v -9.599998 0.1599996 -11.04 0.2666667 0.1333333 0
v -9.439999 0.4799997 -10.88 0.2133334 0.1066667 0
v -9.599998 0.4799997 -10.88 0.24 0.12 0
v -9.599998 0.4799997 -11.04 0.2666667 0.1333333 0
v -9.439999 0.4799997 -11.04 0.2133334 0.1066667 0
v -9.599998 0.3199996 -11.04 0.2666667 0.1333333 0
v -9.599998 0.4799997 -11.04 0.2666667 0.1333333 0
v -9.599998 0.4799997 -10.88 0.24 0.12 0
v -9.599998 0.3199996 -10.88 0.2133334 0.1066667 0
v -9.439999 0.4799997 -11.04 0.2133334 0.1066667 0
v -9.599998 0.4799997 -11.04 0.2666667 0.1333333 0
v -9.599998 0.4799997 -11.2 0.2666667 0.1333333 0
v -9.439999 0.4799997 -11.2 0.24 0.12 0
v -9.439999 0.3199996 -11.2 0.2133334 0.1066667 0
v -9.439999 0.4799997 -11.2 0.24 0.12 0
v -9.599998 0.4799997 -11.2 0.2666667 0.1333333 0
v -9.599998 0.3199996 -11.2 0.2666667 0.1333333 0
v -9.599998 0.3199996 -11.2 0.2666667 0.1333333 0
v -9.599998 0.4799997 -11.2 0.2666667 0.1333333 0
v -9.599998 0.4799997 -11.04 0.2666667 0.1333333 0
v -9.599998 0.3199996 -11.04 0.2666667 0.1333333 0
v -9.439999 0.6399996 -9.599998 0.2666667 0.1333333 0
v -9.599998 0.6399996 -9.599998 0.2666667 0.1333333 0
v -9.599998 0.6399996 -9.759998 0.2666667 0.1333333 0
v -9.439999 0.6399996 -9.759998 0.2666667 0.1333333 0
v -9.439999 0.6399996 -9.759998 0.2666667 0.1333333 0
v -9.599998 0.6399996 -9.759998 0.2666667 0.1333333 0
v -9.599998 0.6399996 -9.919998 0.2666667 0.1333333 0
v -9.439999 0.6399996 -9.919998 0.2666667 0.1333333 0
v -9.439999 0.6399996 -9.919998 0.2666667 0.1333333 0
v -9.599998 0.6399996 -9.919998 0.2666667 0.1333333 0
v -9.599998 0.6399996 -10.08 0.2666667 0.1333333 0
v -9.439999 0.6399996 -10.08 0.24 0.12 0
v -9.439999 0.6399996 -10.08 0.24 0.12 0
v -9.599998 0.6399996 -10.08 0.2666667 0.1333333 0
v -9.599998 0.6399996 -10.24 0.24 0.12 0
v -9.439999 0.6399996 -10.24 0.2133334 0.1066667 0
v -9.599998 0.4799997 -10.72 0.1505882 0.07843138 0
v -9.599998 0.6399996 -10.72 0.1882353 0.09803922 0
v -9.599998 0.6399996 -10.56 0.1505882 0.07843138 0
v -9.599998 0.4799997 -10.56 0.1505882 0.07843138 0
v -9.439999 0.6399996 -10.72 0.24 0.12 0
v -9.599998 0.6399996 -10.72 0.24 0.12 0
v -9.599998 0.6399996 -10.88 0.2666667 0.1333333 0
v -9.439999 0.6399996 -10.88 0.2666667 0.1333333 0
v -9.439999 0.4799997 -10.88 0.2133334 0.1066667 0
v -9.439999 0.6399996 -10.88 0.24 0.12 0
v -9.599998 0.6399996 -10.88 0.2666667 0.1333333 0
v -9.599998 0.4799997 -10.88 0.24 0.12 0
v -9.599998 0.4799997 -10.88 0.24 0.12 0
v -9.599998 0.6399996 -10.88 0.2666667 0.1333333 0
v -9.599998 0.6399996 -10.72 0.2666667 0.1333333 0
v -9.599998 0.4799997 -10.72 0.2133334 0.1066667 0
v -9.439999 0.7999996 -10.24 0.1882353 0.09803922 0
v -9.599998 0.7999996 -10.24 0.1882353 0.09803922 0
v -9.599998 0.7999996 -10.4 0.1882353 0.09803922 0
v -9.439999 0.7999996 -10.4 0.1882353 0.09803922 0
v -9.599998 0.6399996 -10.24 0.1505882 0.07843138 0
v -9.599998 0.7999996 -10.24 0.1882353 0.09803922 0
v -9.439999 0.7999996 -10.24 0.1694118 0.0882353 0
v -9.439999 0.6399996 -10.24 0.1505882 0.07843138 0
v -9.599998 0.6399996 -10.4 0.1505882 0.07843138 0
v -9.599998 0.7999996 -10.4 0.1694118 0.0882353 0
v -9.599998 0.7999996 -10.24 0.1882353 0.09803922 0
v -9.599998 0.6399996 -10.24 0.1505882 0.07843138 0
v -9.439999 0.7999996 -10.4 0.1882353 0.09803922 0
v -9.599998 0.7999996 -10.4 0.1882353 0.09803922 0
v -9.599998 0.7999996 -10.56 0.1882353 0.09803922 0
v -9.439999 0.7999996 -10.56 0.1882353 0.09803922 0
v -9.439999 0.7999996 -10.56 0.1882353 0.09803922 0
v -9.599998 0.7999996 -10.56 0.1882353 0.09803922 0
v -9.599998 0.7999996 -10.72 0.1882353 0.09803922 0
v -9.439999 0.7999996 -10.72 0.1882353 0.09803922 0
v -9.439999 0.6399996 -10.72 0.1505882 0.07843138 0
v -9.439999 0.7999996 -10.72 0.1882353 0.09803922 0
v -9.599998 0.7999996 -10.72 0.1882353 0.09803922 0
v -9.599998 0.6399996 -10.72 0.1694118 0.0882353 0
v -9.439999 0.6399996 -10.56 0.1505882 0.07843138 0
v -9.439999 0.7999996 -10.56 0.1694118 0.0882353 0
v -9.439999 0.7999996 -10.72 0.1882353 0.09803922 0
v -9.439999 0.6399996 -10.72 0.1505882 0.07843138 0
v -9.599998 0.6399996 -10.72 0.1882353 0.09803922 0
v -9.599998 0.7999996 -10.72 0.1882353 0.09803922 0
v -9.599998 0.7999996 -10.56 0.1694118 0.0882353 0
v -9.599998 0.6399996 -10.56 0.1505882 0.07843138 0
v -9.599998 -3.576279E-07 -5.28 0.2666667 0.1333333 0
v -9.759998 -3.576279E-07 -5.28 0.2666667 0.1333333 0
v -9.759998 -3.576279E-07 -5.119999 0.2666667 0.1333333 0
v -9.599998 -3.576279E-07 -5.119999 0.2666667 0.1333333 0
v -9.759998 -3.576279E-07 -5.119999 0.2666667 0.1333333 0
v -9.759998 0.1599996 -5.119999 0.2666667 0.1333333 0
v -9.599998 0.1599996 -5.119999 0.2133334 0.1066667 0
v -9.599998 -3.576279E-07 -5.119999 0.24 0.12 0
v -9.759998 -3.576279E-07 -5.28 0.2666667 0.1333333 0
v -9.759998 0.1599996 -5.28 0.2666667 0.1333333 0
v -9.759998 0.1599996 -5.119999 0.2666667 0.1333333 0
v -9.759998 -3.576279E-07 -5.119999 0.2666667 0.1333333 0
v -9.599998 -3.576279E-07 -5.44 0.2666667 0.1333333 0
v -9.759998 -3.576279E-07 -5.44 0.2666667 0.1333333 0
v -9.759998 -3.576279E-07 -5.28 0.2666667 0.1333333 0
v -9.599998 -3.576279E-07 -5.28 0.2666667 0.1333333 0
v -9.759998 -3.576279E-07 -5.44 0.24 0.12 0
v -9.759998 0.1599996 -5.44 0.2133334 0.1066667 0
v -9.759998 0.1599996 -5.28 0.2666667 0.1333333 0
v -9.759998 -3.576279E-07 -5.28 0.2666667 0.1333333 0
v -9.599998 -3.576279E-07 -5.599999 0.2666667 0.1333333 0
v -9.759998 -3.576279E-07 -5.599999 0.2666667 0.1333333 0
v -9.759998 -3.576279E-07 -5.44 0.2666667 0.1333333 0
v -9.599998 -3.576279E-07 -5.44 0.2666667 0.1333333 0
v -9.599998 -3.576279E-07 -5.759999 0.2666667 0.1333333 0
v -9.759998 -3.576279E-07 -5.759999 0.2666667 0.1333333 0
v -9.759998 -3.576279E-07 -5.599999 0.2666667 0.1333333 0
v -9.599998 -3.576279E-07 -5.599999 0.2666667 0.1333333 0
v -9.599998 -3.576279E-07 -5.92 0.2666667 0.1333333 0
v -9.759998 -3.576279E-07 -5.92 0.2666667 0.1333333 0
v -9.759998 -3.576279E-07 -5.759999 0.2666667 0.1333333 0
v -9.599998 -3.576279E-07 -5.759999 0.2666667 0.1333333 0
v -9.599998 -3.576279E-07 -6.079999 0.2666667 0.1333333 0
v -9.759998 -3.576279E-07 -6.079999 0.2666667 0.1333333 0
v -9.759998 -3.576279E-07 -5.92 0.2666667 0.1333333 0
v -9.599998 -3.576279E-07 -5.92 0.2666667 0.1333333 0
v -9.599998 -3.576279E-07 -6.239999 0.2666667 0.1333333 0
v -9.759998 -3.576279E-07 -6.239999 0.2666667 0.1333333 0
v -9.759998 -3.576279E-07 -6.079999 0.2666667 0.1333333 0
v -9.599998 -3.576279E-07 -6.079999 0.2666667 0.1333333 0
v -9.599998 -3.576279E-07 -6.4 0.2666667 0.1333333 0
v -9.759998 -3.576279E-07 -6.4 0.2666667 0.1333333 0
v -9.759998 -3.576279E-07 -6.24 0.2666667 0.1333333 0
v -9.599998 -3.576279E-07 -6.24 0.2666667 0.1333333 0
v -9.599998 -3.576279E-07 -6.559999 0.2666667 0.1333333 0
v -9.759998 -3.576279E-07 -6.559999 0.2666667 0.1333333 0
v -9.759998 -3.576279E-07 -6.4 0.2666667 0.1333333 0
v -9.599998 -3.576279E-07 -6.4 0.2666667 0.1333333 0
v -9.599998 -3.576279E-07 -6.719999 0.2666667 0.1333333 0
v -9.759998 -3.576279E-07 -6.719999 0.2666667 0.1333333 0
v -9.759998 -3.576279E-07 -6.559999 0.2666667 0.1333333 0
v -9.599998 -3.576279E-07 -6.559999 0.2666667 0.1333333 0
v -9.599998 -3.576279E-07 -6.88 0.2666667 0.1333333 0
v -9.759998 -3.576279E-07 -6.88 0.2666667 0.1333333 0
v -9.759998 -3.576279E-07 -6.719999 0.2666667 0.1333333 0
v -9.599998 -3.576279E-07 -6.719999 0.2666667 0.1333333 0
v -9.599998 -3.576279E-07 -7.039999 0.2666667 0.1333333 0
v -9.759998 -3.576279E-07 -7.039999 0.2666667 0.1333333 0
v -9.759998 -3.576279E-07 -6.879999 0.2666667 0.1333333 0
v -9.599998 -3.576279E-07 -6.879999 0.2666667 0.1333333 0
v -9.759998 0.1599996 -5.119999 0.2666667 0.1333333 0
v -9.759998 0.3199996 -5.119999 0.2666667 0.1333333 0
v -9.599998 0.3199996 -5.119999 0.2133334 0.1066667 0
v -9.599998 0.1599996 -5.119999 0.2133334 0.1066667 0
v -9.759998 0.1599996 -5.28 0.2666667 0.1333333 0
v -9.759998 0.3199996 -5.28 0.2666667 0.1333333 0
v -9.759998 0.3199996 -5.119999 0.2666667 0.1333333 0
v -9.759998 0.1599996 -5.119999 0.2666667 0.1333333 0
v -9.759998 0.1599996 -5.44 0.2133334 0.1066667 0
v -9.759998 0.3199996 -5.44 0.2133334 0.1066667 0
v -9.759998 0.3199996 -5.28 0.2666667 0.1333333 0
v -9.759998 0.1599996 -5.28 0.2666667 0.1333333 0
v -9.599998 0.4799997 -5.119999 0.24 0.12 0
v -9.759998 0.4799997 -5.119999 0.2666667 0.1333333 0
v -9.759998 0.4799997 -5.28 0.2666667 0.1333333 0
v -9.599998 0.4799997 -5.28 0.2133334 0.1066667 0
v -9.759998 0.3199996 -5.119999 0.2666667 0.1333333 0
v -9.759998 0.4799997 -5.119999 0.2666667 0.1333333 0
v -9.599998 0.4799997 -5.119999 0.24 0.12 0
v -9.599998 0.3199996 -5.119999 0.2133334 0.1066667 0
v -9.759998 0.3199996 -5.28 0.2666667 0.1333333 0
v -9.759998 0.4799997 -5.28 0.2666667 0.1333333 0
v -9.759998 0.4799997 -5.119999 0.2666667 0.1333333 0
v -9.759998 0.3199996 -5.119999 0.2666667 0.1333333 0
v -9.599998 0.4799997 -5.28 0.2133334 0.1066667 0
v -9.759998 0.4799997 -5.28 0.2666667 0.1333333 0
v -9.759998 0.4799997 -5.44 0.24 0.12 0
v -9.599998 0.4799997 -5.44 0.2133334 0.1066667 0
v -9.759998 0.3199996 -5.44 0.2133334 0.1066667 0
v -9.759998 0.4799997 -5.44 0.24 0.12 0
v -9.759998 0.4799997 -5.28 0.2666667 0.1333333 0
v -9.759998 0.3199996 -5.28 0.2666667 0.1333333 0
v -9.599998 0.6399996 -5.44 0.2666667 0.1333333 0
v -9.759998 0.6399996 -5.44 0.2666667 0.1333333 0
v -9.759998 0.6399996 -5.599999 0.2666667 0.1333333 0
v -9.599998 0.6399996 -5.599999 0.24 0.12 0
v -9.759998 0.4799997 -5.44 0.24 0.12 0
v -9.759998 0.6399996 -5.44 0.2666667 0.1333333 0
v -9.599998 0.6399996 -5.44 0.24 0.12 0
v -9.599998 0.4799997 -5.44 0.2133334 0.1066667 0
v -9.759998 0.4799997 -5.599999 0.2133334 0.1066667 0
v -9.759998 0.6399996 -5.599999 0.2666667 0.1333333 0
v -9.759998 0.6399996 -5.44 0.2666667 0.1333333 0
v -9.759998 0.4799997 -5.44 0.24 0.12 0
v -9.599998 0.6399996 -5.599999 0.24 0.12 0
v -9.759998 0.6399996 -5.599999 0.2666667 0.1333333 0
v -9.759998 0.6399996 -5.759999 0.24 0.12 0
v -9.599998 0.6399996 -5.759999 0.2133334 0.1066667 0
v -9.759998 0.4799997 -5.759999 0.2133334 0.1066667 0
v -9.759998 0.6399996 -5.759999 0.24 0.12 0
v -9.759998 0.6399996 -5.599999 0.2666667 0.1333333 0
v -9.759998 0.4799997 -5.599999 0.2133334 0.1066667 0
v -9.599998 0.6399996 -6.24 0.24 0.12 0
v -9.759998 0.6399996 -6.24 0.2133334 0.1066667 0
v -9.759998 0.6399996 -6.4 0.24 0.12 0
v -9.599998 0.6399996 -6.4 0.2666667 0.1333333 0
v -9.599998 0.6399996 -6.4 0.2666667 0.1333333 0
v -9.759998 0.6399996 -6.4 0.24 0.12 0
v -9.759998 0.6399996 -6.559999 0.2666667 0.1333333 0
v -9.599998 0.6399996 -6.559999 0.2666667 0.1333333 0
v -9.599998 0.6399996 -6.559999 0.2666667 0.1333333 0
v -9.759998 0.6399996 -6.559999 0.2666667 0.1333333 0
v -9.759998 0.6399996 -6.719999 0.2666667 0.1333333 0
v -9.599998 0.6399996 -6.719999 0.2666667 0.1333333 0
v -9.599998 0.6399996 -6.719999 0.2666667 0.1333333 0
v -9.759998 0.6399996 -6.719999 0.2666667 0.1333333 0
v -9.759998 0.6399996 -6.88 0.2666667 0.1333333 0
v -9.599998 0.6399996 -6.88 0.2666667 0.1333333 0
v -9.599998 0.6399996 -6.879999 0.2666667 0.1333333 0
v -9.759998 0.6399996 -6.879999 0.2666667 0.1333333 0
v -9.759998 0.6399996 -7.039999 0.2666667 0.1333333 0
v -9.599998 0.6399996 -7.039999 0.24 0.12 0
v -9.599998 0.7999996 -5.759999 0.1882353 0.09803922 0
v -9.759998 0.7999996 -5.759999 0.1882353 0.09803922 0
v -9.759998 0.7999996 -5.92 0.1882353 0.09803922 0
v -9.599998 0.7999996 -5.92 0.1882353 0.09803922 0
v -9.759998 0.6399996 -5.759999 0.1694118 0.0882353 0
v -9.759998 0.7999996 -5.759999 0.1882353 0.09803922 0
v -9.599998 0.7999996 -5.759999 0.1694118 0.0882353 0
v -9.599998 0.6399996 -5.759999 0.1505882 0.07843138 0
v -9.759998 0.6399996 -5.92 0.1505882 0.07843138 0
v -9.759998 0.7999996 -5.92 0.1694118 0.0882353 0
v -9.759998 0.7999996 -5.759999 0.1882353 0.09803922 0
v -9.759998 0.6399996 -5.759999 0.1694118 0.0882353 0
v -9.599998 0.7999996 -5.92 0.1882353 0.09803922 0
v -9.759998 0.7999996 -5.92 0.1882353 0.09803922 0
v -9.759998 0.7999996 -6.079999 0.1882353 0.09803922 0
v -9.599998 0.7999996 -6.079999 0.1882353 0.09803922 0
v -9.599998 0.7999996 -6.079999 0.1882353 0.09803922 0
v -9.759998 0.7999996 -6.079999 0.1882353 0.09803922 0
v -9.759998 0.7999996 -6.239999 0.1882353 0.09803922 0
v -9.599998 0.7999996 -6.239999 0.1882353 0.09803922 0
v -9.599998 0.6399996 -6.239999 0.1505882 0.07843138 0
v -9.599998 0.7999996 -6.239999 0.1882353 0.09803922 0
v -9.759998 0.7999996 -6.239999 0.1694118 0.0882353 0
v -9.759998 0.6399996 -6.239999 0.1505882 0.07843138 0
v -9.599998 0.6399996 -6.079999 0.1505882 0.07843138 0
v -9.599998 0.7999996 -6.079999 0.1694118 0.0882353 0
v -9.599998 0.7999996 -6.239999 0.1882353 0.09803922 0
v -9.599998 0.6399996 -6.239999 0.1505882 0.07843138 0
v -9.759998 -3.576279E-07 -5.599999 0.2666667 0.1333333 0
v -9.919998 -3.576279E-07 -5.599999 0.2666667 0.1333333 0
v -9.919998 -3.576279E-07 -5.44 0.2666667 0.1333333 0
v -9.759998 -3.576279E-07 -5.44 0.2666667 0.1333333 0
v -9.919998 -3.576279E-07 -5.44 0.2666667 0.1333333 0
v -9.919998 0.1599996 -5.44 0.2666667 0.1333333 0
v -9.759998 0.1599996 -5.44 0.2133334 0.1066667 0
v -9.759998 -3.576279E-07 -5.44 0.24 0.12 0
v -9.919998 -3.576279E-07 -5.599999 0.2666667 0.1333333 0
v -9.919998 0.1599996 -5.599999 0.2666667 0.1333333 0
v -9.919998 0.1599996 -5.44 0.2666667 0.1333333 0
v -9.919998 -3.576279E-07 -5.44 0.2666667 0.1333333 0
v -9.759998 -3.576279E-07 -5.759999 0.2666667 0.1333333 0
v -9.919998 -3.576279E-07 -5.759999 0.2666667 0.1333333 0
v -9.919998 -3.576279E-07 -5.599999 0.2666667 0.1333333 0
v -9.759998 -3.576279E-07 -5.599999 0.2666667 0.1333333 0
v -9.919998 -3.576279E-07 -5.759999 0.2666667 0.1333333 0
v -9.919998 0.1599996 -5.759999 0.2666667 0.1333333 0
v -9.919998 0.1599996 -5.599999 0.2666667 0.1333333 0
v -9.919998 -3.576279E-07 -5.599999 0.2666667 0.1333333 0
v -9.759998 -3.576279E-07 -5.92 0.2666667 0.1333333 0
v -9.919998 -3.576279E-07 -5.92 0.2666667 0.1333333 0
v -9.919998 -3.576279E-07 -5.759999 0.2666667 0.1333333 0
v -9.759998 -3.576279E-07 -5.759999 0.2666667 0.1333333 0
v -9.919998 -3.576279E-07 -5.92 0.24 0.12 0
v -9.919998 0.1599996 -5.92 0.2133334 0.1066667 0
v -9.919998 0.1599996 -5.759999 0.2666667 0.1333333 0
v -9.919998 -3.576279E-07 -5.759999 0.2666667 0.1333333 0
v -9.759998 -3.576279E-07 -6.079999 0.2666667 0.1333333 0
v -9.919998 -3.576279E-07 -6.079999 0.2666667 0.1333333 0
v -9.919998 -3.576279E-07 -5.92 0.2666667 0.1333333 0
v -9.759998 -3.576279E-07 -5.92 0.2666667 0.1333333 0
v -9.759998 -3.576279E-07 -6.239999 0.2666667 0.1333333 0
v -9.919998 -3.576279E-07 -6.239999 0.2666667 0.1333333 0
v -9.919998 -3.576279E-07 -6.079999 0.2666667 0.1333333 0
v -9.759998 -3.576279E-07 -6.079999 0.2666667 0.1333333 0
v -9.759998 -3.576279E-07 -6.4 0.2666667 0.1333333 0
v -9.919998 -3.576279E-07 -6.4 0.2666667 0.1333333 0
v -9.919998 -3.576279E-07 -6.24 0.2666667 0.1333333 0
v -9.759998 -3.576279E-07 -6.24 0.2666667 0.1333333 0
v -9.759998 -3.576279E-07 -6.559999 0.2666667 0.1333333 0
v -9.919998 -3.576279E-07 -6.559999 0.2666667 0.1333333 0
v -9.919998 -3.576279E-07 -6.4 0.2666667 0.1333333 0
v -9.759998 -3.576279E-07 -6.4 0.2666667 0.1333333 0
v -9.759998 -3.576279E-07 -6.719999 0.2666667 0.1333333 0
v -9.919998 -3.576279E-07 -6.719999 0.2666667 0.1333333 0
v -9.919998 -3.576279E-07 -6.559999 0.2666667 0.1333333 0
v -9.759998 -3.576279E-07 -6.559999 0.2666667 0.1333333 0
v -9.759998 -3.576279E-07 -6.88 0.2666667 0.1333333 0
v -9.919998 -3.576279E-07 -6.88 0.2666667 0.1333333 0
v -9.919998 -3.576279E-07 -6.719999 0.2666667 0.1333333 0
v -9.759998 -3.576279E-07 -6.719999 0.2666667 0.1333333 0
v -9.759998 -3.576279E-07 -7.039999 0.2666667 0.1333333 0
v -9.919998 -3.576279E-07 -7.039999 0.2666667 0.1333333 0
v -9.919998 -3.576279E-07 -6.879999 0.2666667 0.1333333 0
v -9.759998 -3.576279E-07 -6.879999 0.2666667 0.1333333 0
v -9.919998 0.1599996 -5.44 0.2666667 0.1333333 0
v -9.919998 0.3199996 -5.44 0.2666667 0.1333333 0
v -9.759998 0.3199996 -5.44 0.2133334 0.1066667 0
v -9.759998 0.1599996 -5.44 0.2133334 0.1066667 0
v -9.919998 0.1599996 -5.599999 0.2666667 0.1333333 0
v -9.919998 0.3199996 -5.599999 0.2666667 0.1333333 0
v -9.919998 0.3199996 -5.44 0.2666667 0.1333333 0
v -9.919998 0.1599996 -5.44 0.2666667 0.1333333 0
v -9.919998 0.1599996 -5.759999 0.2666667 0.1333333 0
v -9.919998 0.3199996 -5.759999 0.2666667 0.1333333 0
v -9.919998 0.3199996 -5.599999 0.2666667 0.1333333 0
v -9.919998 0.1599996 -5.599999 0.2666667 0.1333333 0
v -9.919998 0.1599996 -5.92 0.2133334 0.1066667 0
v -9.919998 0.3199996 -5.92 0.2133334 0.1066667 0
v -9.919998 0.3199996 -5.759999 0.2666667 0.1333333 0
v -9.919998 0.1599996 -5.759999 0.2666667 0.1333333 0
v -9.759998 0.4799997 -5.44 0.24 0.12 0
v -9.919998 0.4799997 -5.44 0.2666667 0.1333333 0
v -9.919998 0.4799997 -5.599999 0.2666667 0.1333333 0
v -9.759998 0.4799997 -5.599999 0.2133334 0.1066667 0
v -9.919998 0.3199996 -5.44 0.2666667 0.1333333 0
v -9.919998 0.4799997 -5.44 0.2666667 0.1333333 0
v -9.759998 0.4799997 -5.44 0.24 0.12 0
v -9.759998 0.3199996 -5.44 0.2133334 0.1066667 0
v -9.919998 0.3199996 -5.599999 0.2666667 0.1333333 0
v -9.919998 0.4799997 -5.599999 0.2666667 0.1333333 0
v -9.919998 0.4799997 -5.44 0.2666667 0.1333333 0
v -9.919998 0.3199996 -5.44 0.2666667 0.1333333 0
v -9.759998 0.4799997 -5.599999 0.2133334 0.1066667 0
v -9.919998 0.4799997 -5.599999 0.2666667 0.1333333 0
v -9.919998 0.4799997 -5.759999 0.24 0.12 0
v -9.759998 0.4799997 -5.759999 0.2133334 0.1066667 0
v -9.919998 0.3199996 -5.759999 0.2666667 0.1333333 0
v -9.919998 0.4799997 -5.759999 0.2666667 0.1333333 0
v -9.919998 0.4799997 -5.599999 0.2666667 0.1333333 0
v -9.919998 0.3199996 -5.599999 0.2666667 0.1333333 0
v -9.919998 0.3199996 -5.92 0.2133334 0.1066667 0
v -9.919998 0.4799997 -5.92 0.24 0.12 0
v -9.919998 0.4799997 -5.759999 0.2666667 0.1333333 0
v -9.919998 0.3199996 -5.759999 0.2666667 0.1333333 0
v -9.759998 0.6399996 -5.759999 0.24 0.12 0
v -9.919998 0.6399996 -5.759999 0.2666667 0.1333333 0
v -9.919998 0.6399996 -5.92 0.24 0.12 0
v -9.759998 0.6399996 -5.92 0.2133334 0.1066667 0
v -9.919998 0.4799997 -5.759999 0.24 0.12 0
v -9.919998 0.6399996 -5.759999 0.2666667 0.1333333 0
v -9.759998 0.6399996 -5.759999 0.24 0.12 0
v -9.759998 0.4799997 -5.759999 0.2133334 0.1066667 0
v -9.919998 0.4799997 -5.92 0.24 0.12 0
v -9.919998 0.6399996 -5.92 0.2666667 0.1333333 0
v -9.919998 0.6399996 -5.759999 0.2666667 0.1333333 0
v -9.919998 0.4799997 -5.759999 0.2666667 0.1333333 0
v -9.919998 0.4799997 -6.079999 0.1505882 0.07843138 0
v -9.919998 0.6399996 -6.079999 0.1882353 0.09803922 0
v -9.919998 0.6399996 -5.92 0.1882353 0.09803922 0
v -9.919998 0.4799997 -5.92 0.1694118 0.0882353 0
v -9.919998 0.4799997 -6.239999 0.1505882 0.07843138 0
v -9.919998 0.6399996 -6.239999 0.1505882 0.07843138 0
v -9.919998 0.6399996 -6.079999 0.1882353 0.09803922 0
v -9.919998 0.4799997 -6.079999 0.1505882 0.07843138 0
v -9.759998 0.6399996 -6.4 0.24 0.12 0
v -9.919998 0.6399996 -6.4 0.2133334 0.1066667 0
v -9.919998 0.6399996 -6.559999 0.24 0.12 0
v -9.759998 0.6399996 -6.559999 0.2666667 0.1333333 0
v -9.759998 0.6399996 -6.559999 0.2666667 0.1333333 0
v -9.919998 0.6399996 -6.559999 0.24 0.12 0
v -9.919998 0.6399996 -6.719999 0.2666667 0.1333333 0
v -9.759998 0.6399996 -6.719999 0.2666667 0.1333333 0
v -9.759998 0.6399996 -6.719999 0.2666667 0.1333333 0
v -9.919998 0.6399996 -6.719999 0.2666667 0.1333333 0
v -9.919998 0.6399996 -6.88 0.2666667 0.1333333 0
v -9.759998 0.6399996 -6.88 0.2666667 0.1333333 0
v -9.759998 0.6399996 -6.879999 0.2666667 0.1333333 0
v -9.919998 0.6399996 -6.879999 0.2666667 0.1333333 0
v -9.919998 0.6399996 -7.039999 0.2666667 0.1333333 0
v -9.759998 0.6399996 -7.039999 0.2666667 0.1333333 0
v -9.759998 0.7999996 -5.92 0.1882353 0.09803922 0
v -9.919998 0.7999996 -5.92 0.1882353 0.09803922 0
v -9.919998 0.7999996 -6.079999 0.1882353 0.09803922 0
v -9.759998 0.7999996 -6.079999 0.1882353 0.09803922 0
v -9.919998 0.6399996 -5.92 0.1694118 0.0882353 0
v -9.919998 0.7999996 -5.92 0.1882353 0.09803922 0
v -9.759998 0.7999996 -5.92 0.1694118 0.0882353 0
v -9.759998 0.6399996 -5.92 0.1505882 0.07843138 0
v -9.919998 0.6399996 -6.079999 0.1882353 0.09803922 0
v -9.919998 0.7999996 -6.079999 0.1882353 0.09803922 0
v -9.919998 0.7999996 -5.92 0.1882353 0.09803922 0
v -9.919998 0.6399996 -5.92 0.1882353 0.09803922 0
v -9.759998 0.7999996 -6.079999 0.1882353 0.09803922 0
v -9.919998 0.7999996 -6.079999 0.1882353 0.09803922 0
v -9.919998 0.7999996 -6.239999 0.1882353 0.09803922 0
v -9.759998 0.7999996 -6.239999 0.1882353 0.09803922 0
v -9.919998 0.6399996 -6.239999 0.1505882 0.07843138 0
v -9.919998 0.7999996 -6.239999 0.1694118 0.0882353 0
v -9.919998 0.7999996 -6.079999 0.1882353 0.09803922 0
v -9.919998 0.6399996 -6.079999 0.1882353 0.09803922 0
v -9.759998 0.7999996 -6.24 0.1882353 0.09803922 0
v -9.919998 0.7999996 -6.24 0.1882353 0.09803922 0
v -9.919998 0.7999996 -6.4 0.1882353 0.09803922 0
v -9.759998 0.7999996 -6.4 0.1882353 0.09803922 0
v -9.759998 0.6399996 -6.4 0.1505882 0.07843138 0
v -9.759998 0.7999996 -6.4 0.1882353 0.09803922 0
v -9.919998 0.7999996 -6.4 0.1694118 0.0882353 0
v -9.919998 0.6399996 -6.4 0.1505882 0.07843138 0
v -9.759998 0.6399996 -6.24 0.1505882 0.07843138 0
v -9.759998 0.7999996 -6.24 0.1694118 0.0882353 0
v -9.759998 0.7999996 -6.4 0.1882353 0.09803922 0
v -9.759998 0.6399996 -6.4 0.1505882 0.07843138 0
v -9.919998 -3.576279E-07 -6.079999 0.2666667 0.1333333 0
v -10.08 -3.576279E-07 -6.079999 0.2666667 0.1333333 0
v -10.08 -3.576279E-07 -5.92 0.2666667 0.1333333 0
v -9.919998 -3.576279E-07 -5.92 0.2666667 0.1333333 0
v -10.08 -3.576279E-07 -5.92 0.2666667 0.1333333 0
v -10.08 0.1599996 -5.92 0.2666667 0.1333333 0
v -9.919998 0.1599996 -5.92 0.2133334 0.1066667 0
v -9.919998 -3.576279E-07 -5.92 0.24 0.12 0
v -10.08 -3.576279E-07 -6.079999 0.2666667 0.1333333 0
v -10.08 0.1599996 -6.079999 0.2666667 0.1333333 0
v -10.08 0.1599996 -5.92 0.2666667 0.1333333 0
v -10.08 -3.576279E-07 -5.92 0.2666667 0.1333333 0
v -9.919998 -3.576279E-07 -6.239999 0.2666667 0.1333333 0
v -10.08 -3.576279E-07 -6.239999 0.2666667 0.1333333 0
v -10.08 -3.576279E-07 -6.079999 0.2666667 0.1333333 0
v -9.919998 -3.576279E-07 -6.079999 0.2666667 0.1333333 0
v -10.08 -3.576279E-07 -6.239999 0.2666667 0.1333333 0
v -10.08 0.1599996 -6.239999 0.2666667 0.1333333 0
v -10.08 0.1599996 -6.079999 0.2666667 0.1333333 0
v -10.08 -3.576279E-07 -6.079999 0.2666667 0.1333333 0
v -9.919998 -3.576279E-07 -6.4 0.2666667 0.1333333 0
v -10.08 -3.576279E-07 -6.4 0.2666667 0.1333333 0
v -10.08 -3.576279E-07 -6.24 0.2666667 0.1333333 0
v -9.919998 -3.576279E-07 -6.24 0.2666667 0.1333333 0
v -10.08 -3.576279E-07 -6.4 0.24 0.12 0
v -10.08 0.1599996 -6.4 0.2133334 0.1066667 0
v -10.08 0.1599996 -6.24 0.2666667 0.1333333 0
v -10.08 -3.576279E-07 -6.24 0.2666667 0.1333333 0
v -9.919998 -3.576279E-07 -6.559999 0.2666667 0.1333333 0
v -10.08 -3.576279E-07 -6.559999 0.2666667 0.1333333 0
v -10.08 -3.576279E-07 -6.4 0.2666667 0.1333333 0
v -9.919998 -3.576279E-07 -6.4 0.2666667 0.1333333 0
v -9.919998 -3.576279E-07 -6.719999 0.2666667 0.1333333 0
v -10.08 -3.576279E-07 -6.719999 0.2666667 0.1333333 0
v -10.08 -3.576279E-07 -6.559999 0.2666667 0.1333333 0
v -9.919998 -3.576279E-07 -6.559999 0.2666667 0.1333333 0
v -9.919998 -3.576279E-07 -6.88 0.2666667 0.1333333 0
v -10.08 -3.576279E-07 -6.88 0.2666667 0.1333333 0
v -10.08 -3.576279E-07 -6.719999 0.2666667 0.1333333 0
v -9.919998 -3.576279E-07 -6.719999 0.2666667 0.1333333 0
v -9.919998 -3.576279E-07 -7.039999 0.2666667 0.1333333 0
v -10.08 -3.576279E-07 -7.039999 0.2666667 0.1333333 0
v -10.08 -3.576279E-07 -6.879999 0.2666667 0.1333333 0
v -9.919998 -3.576279E-07 -6.879999 0.2666667 0.1333333 0
v -10.08 0.1599996 -5.92 0.2666667 0.1333333 0
v -10.08 0.3199996 -5.92 0.2666667 0.1333333 0
v -9.919998 0.3199996 -5.92 0.2133334 0.1066667 0
v -9.919998 0.1599996 -5.92 0.2133334 0.1066667 0
v -10.08 0.1599996 -6.079999 0.2666667 0.1333333 0
v -10.08 0.3199996 -6.079999 0.2666667 0.1333333 0
v -10.08 0.3199996 -5.92 0.2666667 0.1333333 0
v -10.08 0.1599996 -5.92 0.2666667 0.1333333 0
v -10.08 0.1599996 -6.239999 0.2666667 0.1333333 0
v -10.08 0.3199996 -6.239999 0.2666667 0.1333333 0
v -10.08 0.3199996 -6.079999 0.2666667 0.1333333 0
v -10.08 0.1599996 -6.079999 0.2666667 0.1333333 0
v -10.08 0.1599996 -6.4 0.2133334 0.1066667 0
v -10.08 0.3199996 -6.4 0.2133334 0.1066667 0
v -10.08 0.3199996 -6.24 0.2666667 0.1333333 0
v -10.08 0.1599996 -6.24 0.2666667 0.1333333 0
v -9.919998 0.4799997 -5.92 0.2133334 0.1066667 0
v -10.08 0.4799997 -5.92 0.2666667 0.1333333 0
v -10.08 0.4799997 -6.079999 0.2666667 0.1333333 0
v -9.919998 0.4799997 -6.079999 0.2133334 0.1066667 0
v -10.08 0.3199996 -5.92 0.2666667 0.1333333 0
v -10.08 0.4799997 -5.92 0.2666667 0.1333333 0
v -9.919998 0.4799997 -5.92 0.2133334 0.1066667 0
v -9.919998 0.3199996 -5.92 0.2133334 0.1066667 0
v -10.08 0.3199996 -6.079999 0.2666667 0.1333333 0
v -10.08 0.4799997 -6.079999 0.2666667 0.1333333 0
v -10.08 0.4799997 -5.92 0.2666667 0.1333333 0
v -10.08 0.3199996 -5.92 0.2666667 0.1333333 0
v -9.919998 0.4799997 -6.079999 0.2133334 0.1066667 0
v -10.08 0.4799997 -6.079999 0.2666667 0.1333333 0
v -10.08 0.4799997 -6.239999 0.24 0.12 0
v -9.919998 0.4799997 -6.239999 0.2133334 0.1066667 0
v -10.08 0.3199996 -6.239999 0.2666667 0.1333333 0
v -10.08 0.4799997 -6.239999 0.2666667 0.1333333 0
v -10.08 0.4799997 -6.079999 0.2666667 0.1333333 0
v -10.08 0.3199996 -6.079999 0.2666667 0.1333333 0
v -10.08 0.3199996 -6.4 0.2133334 0.1066667 0
v -10.08 0.4799997 -6.4 0.24 0.12 0
v -10.08 0.4799997 -6.24 0.2666667 0.1333333 0
v -10.08 0.3199996 -6.24 0.2666667 0.1333333 0
v -10.08 0.4799997 -6.24 0.1694118 0.0882353 0
v -10.08 0.6399996 -6.24 0.1882353 0.09803922 0
v -9.919998 0.6399996 -6.24 0.1505882 0.07843138 0
v -9.919998 0.4799997 -6.24 0.1505882 0.07843138 0
v -10.08 0.4799997 -6.4 0.1694118 0.0882353 0
v -10.08 0.6399996 -6.4 0.1882353 0.09803922 0
v -10.08 0.6399996 -6.24 0.1882353 0.09803922 0
v -10.08 0.4799997 -6.24 0.1882353 0.09803922 0
v -10.08 0.4799997 -6.559999 0.1505882 0.07843138 0
v -10.08 0.6399996 -6.559999 0.1882353 0.09803922 0
v -10.08 0.6399996 -6.4 0.1882353 0.09803922 0
v -10.08 0.4799997 -6.4 0.1694118 0.0882353 0
v -9.919998 0.6399996 -6.559999 0.24 0.12 0
v -10.08 0.6399996 -6.559999 0.24 0.12 0
v -10.08 0.6399996 -6.719999 0.2666667 0.1333333 0
v -9.919998 0.6399996 -6.719999 0.2666667 0.1333333 0
v -10.08 0.4799997 -6.719999 0.2133334 0.1066667 0
v -10.08 0.6399996 -6.719999 0.2666667 0.1333333 0
v -10.08 0.6399996 -6.559999 0.2666667 0.1333333 0
v -10.08 0.4799997 -6.559999 0.2133334 0.1066667 0
v -9.919998 0.6399996 -6.719999 0.2666667 0.1333333 0
v -10.08 0.6399996 -6.719999 0.2666667 0.1333333 0
v -10.08 0.6399996 -6.88 0.2666667 0.1333333 0
v -9.919998 0.6399996 -6.88 0.2666667 0.1333333 0
v -10.08 0.4799997 -6.88 0.2133334 0.1066667 0
v -10.08 0.6399996 -6.88 0.24 0.12 0
v -10.08 0.6399996 -6.719999 0.2666667 0.1333333 0
v -10.08 0.4799997 -6.719999 0.2133334 0.1066667 0
v -9.919998 0.6399996 -6.879999 0.2666667 0.1333333 0
v -10.08 0.6399996 -6.879999 0.2666667 0.1333333 0
v -10.08 0.6399996 -7.039999 0.2666667 0.1333333 0
v -9.919998 0.6399996 -7.039999 0.2666667 0.1333333 0
v -9.919998 0.7999996 -6.24 0.1882353 0.09803922 0
v -10.08 0.7999996 -6.24 0.1882353 0.09803922 0
v -10.08 0.7999996 -6.4 0.1882353 0.09803922 0
v -9.919998 0.7999996 -6.4 0.1882353 0.09803922 0
v -10.08 0.6399996 -6.24 0.1882353 0.09803922 0
v -10.08 0.7999996 -6.24 0.1882353 0.09803922 0
v -9.919998 0.7999996 -6.24 0.1694118 0.0882353 0
v -9.919998 0.6399996 -6.24 0.1505882 0.07843138 0
v -10.08 0.6399996 -6.4 0.1882353 0.09803922 0
v -10.08 0.7999996 -6.4 0.1882353 0.09803922 0
v -10.08 0.7999996 -6.24 0.1882353 0.09803922 0
v -10.08 0.6399996 -6.24 0.1882353 0.09803922 0
v -9.919998 0.7999996 -6.4 0.1882353 0.09803922 0
v -10.08 0.7999996 -6.4 0.1882353 0.09803922 0
v -10.08 0.7999996 -6.559999 0.1882353 0.09803922 0
v -9.919998 0.7999996 -6.559999 0.1882353 0.09803922 0
v -9.919998 0.6399996 -6.559999 0.1505882 0.07843138 0
v -9.919998 0.7999996 -6.559999 0.1882353 0.09803922 0
v -10.08 0.7999996 -6.559999 0.1882353 0.09803922 0
v -10.08 0.6399996 -6.559999 0.1694118 0.0882353 0
v -9.919998 0.6399996 -6.4 0.1505882 0.07843138 0
v -9.919998 0.7999996 -6.4 0.1694118 0.0882353 0
v -9.919998 0.7999996 -6.559999 0.1882353 0.09803922 0
v -9.919998 0.6399996 -6.559999 0.1505882 0.07843138 0
v -10.08 0.6399996 -6.559999 0.1882353 0.09803922 0
v -10.08 0.7999996 -6.559999 0.1882353 0.09803922 0
v -10.08 0.7999996 -6.4 0.1882353 0.09803922 0
v -10.08 0.6399996 -6.4 0.1882353 0.09803922 0
v -10.08 -3.576279E-07 -6.559999 0.2666667 0.1333333 0
v -10.24 -3.576279E-07 -6.559999 0.2666667 0.1333333 0
v -10.24 -3.576279E-07 -6.4 0.2666667 0.1333333 0
v -10.08 -3.576279E-07 -6.4 0.2666667 0.1333333 0
v -10.24 -3.576279E-07 -6.4 0.2666667 0.1333333 0
v -10.24 0.1599996 -6.4 0.2666667 0.1333333 0
v -10.08 0.1599996 -6.4 0.2133334 0.1066667 0
v -10.08 -3.576279E-07 -6.4 0.24 0.12 0
v -10.24 -3.576279E-07 -6.559999 0.2666667 0.1333333 0
v -10.24 0.1599996 -6.559999 0.2666667 0.1333333 0
v -10.24 0.1599996 -6.4 0.2666667 0.1333333 0
v -10.24 -3.576279E-07 -6.4 0.2666667 0.1333333 0
v -10.08 -3.576279E-07 -6.719999 0.2666667 0.1333333 0
v -10.24 -3.576279E-07 -6.719999 0.2666667 0.1333333 0
v -10.24 -3.576279E-07 -6.559999 0.2666667 0.1333333 0
v -10.08 -3.576279E-07 -6.559999 0.2666667 0.1333333 0
v -10.24 -3.576279E-07 -6.719999 0.2666667 0.1333333 0
v -10.24 0.1599996 -6.719999 0.2666667 0.1333333 0
v -10.24 0.1599996 -6.559999 0.2666667 0.1333333 0
v -10.24 -3.576279E-07 -6.559999 0.2666667 0.1333333 0
v -10.08 -3.576279E-07 -6.88 0.2666667 0.1333333 0
v -10.24 -3.576279E-07 -6.88 0.2666667 0.1333333 0
v -10.24 -3.576279E-07 -6.719999 0.2666667 0.1333333 0
v -10.08 -3.576279E-07 -6.719999 0.2666667 0.1333333 0
v -10.24 -3.576279E-07 -6.88 0.2666667 0.1333333 0
v -10.24 0.1599996 -6.88 0.2666667 0.1333333 0
v -10.24 0.1599996 -6.719999 0.2666667 0.1333333 0
v -10.24 -3.576279E-07 -6.719999 0.2666667 0.1333333 0
v -10.08 -3.576279E-07 -7.039999 0.2666667 0.1333333 0
v -10.24 -3.576279E-07 -7.039999 0.2666667 0.1333333 0
v -10.24 -3.576279E-07 -6.879999 0.2666667 0.1333333 0
v -10.08 -3.576279E-07 -6.879999 0.2666667 0.1333333 0
v -10.24 -3.576279E-07 -7.039999 0.2666667 0.1333333 0
v -10.24 0.1599996 -7.039999 0.2666667 0.1333333 0
v -10.24 0.1599996 -6.879999 0.2666667 0.1333333 0
v -10.24 -3.576279E-07 -6.879999 0.2666667 0.1333333 0
v -10.24 0.1599996 -6.4 0.2666667 0.1333333 0
v -10.24 0.3199996 -6.4 0.2666667 0.1333333 0
v -10.08 0.3199996 -6.4 0.2133334 0.1066667 0
v -10.08 0.1599996 -6.4 0.2133334 0.1066667 0
v -10.24 0.1599996 -6.559999 0.2666667 0.1333333 0
v -10.24 0.3199996 -6.559999 0.2666667 0.1333333 0
v -10.24 0.3199996 -6.4 0.2666667 0.1333333 0
v -10.24 0.1599996 -6.4 0.2666667 0.1333333 0
v -10.24 0.1599996 -6.719999 0.2666667 0.1333333 0
v -10.24 0.3199996 -6.719999 0.2666667 0.1333333 0
v -10.24 0.3199996 -6.559999 0.2666667 0.1333333 0
v -10.24 0.1599996 -6.559999 0.2666667 0.1333333 0
v -10.24 0.1599996 -6.88 0.2666667 0.1333333 0
v -10.24 0.3199996 -6.88 0.2666667 0.1333333 0
v -10.24 0.3199996 -6.719999 0.2666667 0.1333333 0
v -10.24 0.1599996 -6.719999 0.2666667 0.1333333 0
v -10.24 0.1599996 -7.039999 0.2666667 0.1333333 0
v -10.24 0.3199996 -7.039999 0.2666667 0.1333333 0
v -10.24 0.3199996 -6.879999 0.2666667 0.1333333 0
v -10.24 0.1599996 -6.879999 0.2666667 0.1333333 0
v -10.08 0.4799997 -6.4 0.2133334 0.1066667 0
v -10.24 0.4799997 -6.4 0.2666667 0.1333333 0
v -10.24 0.4799997 -6.559999 0.2666667 0.1333333 0
v -10.08 0.4799997 -6.559999 0.2133334 0.1066667 0
v -10.24 0.3199996 -6.4 0.2666667 0.1333333 0
v -10.24 0.4799997 -6.4 0.2666667 0.1333333 0
v -10.08 0.4799997 -6.4 0.2133334 0.1066667 0
v -10.08 0.3199996 -6.4 0.2133334 0.1066667 0
v -10.24 0.3199996 -6.559999 0.2666667 0.1333333 0
v -10.24 0.4799997 -6.559999 0.2666667 0.1333333 0
v -10.24 0.4799997 -6.4 0.2666667 0.1333333 0
v -10.24 0.3199996 -6.4 0.2666667 0.1333333 0
v -10.08 0.4799997 -6.559999 0.2133334 0.1066667 0
v -10.24 0.4799997 -6.559999 0.2666667 0.1333333 0
v -10.24 0.4799997 -6.719999 0.2666667 0.1333333 0
v -10.08 0.4799997 -6.719999 0.2133334 0.1066667 0
v -10.24 0.3199996 -6.719999 0.2666667 0.1333333 0
v -10.24 0.4799997 -6.719999 0.2666667 0.1333333 0
v -10.24 0.4799997 -6.559999 0.2666667 0.1333333 0
v -10.24 0.3199996 -6.559999 0.2666667 0.1333333 0
v -10.08 0.4799997 -6.719999 0.2133334 0.1066667 0
v -10.24 0.4799997 -6.719999 0.2666667 0.1333333 0
v -10.24 0.4799997 -6.88 0.24 0.12 0
v -10.08 0.4799997 -6.88 0.2133334 0.1066667 0
v -10.24 0.3199996 -6.88 0.2666667 0.1333333 0
v -10.24 0.4799997 -6.88 0.2666667 0.1333333 0
v -10.24 0.4799997 -6.719999 0.2666667 0.1333333 0
v -10.24 0.3199996 -6.719999 0.2666667 0.1333333 0
v -10.24 0.3199996 -7.039999 0.2666667 0.1333333 0
v -10.24 0.4799997 -7.039999 0.2666667 0.1333333 0
v -10.24 0.4799997 -6.879999 0.2666667 0.1333333 0
v -10.24 0.3199996 -6.879999 0.2666667 0.1333333 0
v -10.08 0.6399996 -6.879999 0.2666667 0.1333333 0
v -10.24 0.6399996 -6.879999 0.2666667 0.1333333 0
v -10.24 0.6399996 -7.039999 0.2666667 0.1333333 0
v -10.08 0.6399996 -7.039999 0.2666667 0.1333333 0
v -10.24 0.4799997 -6.879999 0.24 0.12 0
v -10.24 0.6399996 -6.879999 0.2666667 0.1333333 0
v -10.08 0.6399996 -6.879999 0.24 0.12 0
v -10.08 0.4799997 -6.879999 0.2133334 0.1066667 0
v -10.24 0.4799997 -7.039999 0.2666667 0.1333333 0
v -10.24 0.6399996 -7.039999 0.2666667 0.1333333 0
v -10.24 0.6399996 -6.879999 0.2666667 0.1333333 0
v -10.24 0.4799997 -6.879999 0.2666667 0.1333333 0
v -9.599998 -3.576279E-07 -7.199999 0.2666667 0.1333333 0
v -9.759998 -3.576279E-07 -7.199999 0.2666667 0.1333333 0
v -9.759998 -3.576279E-07 -7.039999 0.2666667 0.1333333 0
v -9.599998 -3.576279E-07 -7.039999 0.2666667 0.1333333 0
v -9.599998 -3.576279E-07 -7.359999 0.2666667 0.1333333 0
v -9.759998 -3.576279E-07 -7.359999 0.2666667 0.1333333 0
v -9.759998 -3.576279E-07 -7.199999 0.2666667 0.1333333 0
v -9.599998 -3.576279E-07 -7.199999 0.2666667 0.1333333 0
v -9.599998 -3.576279E-07 -7.519999 0.2666667 0.1333333 0
v -9.759998 -3.576279E-07 -7.519999 0.2666667 0.1333333 0
v -9.759998 -3.576279E-07 -7.359999 0.2666667 0.1333333 0
v -9.599998 -3.576279E-07 -7.359999 0.2666667 0.1333333 0
v -9.599998 -3.576279E-07 -7.679999 0.2666667 0.1333333 0
v -9.759998 -3.576279E-07 -7.679999 0.2666667 0.1333333 0
v -9.759998 -3.576279E-07 -7.519999 0.2666667 0.1333333 0
v -9.599998 -3.576279E-07 -7.519999 0.2666667 0.1333333 0
v -9.599998 -3.576279E-07 -7.839999 0.2666667 0.1333333 0
v -9.759998 -3.576279E-07 -7.839999 0.2666667 0.1333333 0
v -9.759998 -3.576279E-07 -7.679999 0.2666667 0.1333333 0
v -9.599998 -3.576279E-07 -7.679999 0.2666667 0.1333333 0
v -9.599998 -3.576279E-07 -7.999999 0.2666667 0.1333333 0
v -9.759998 -3.576279E-07 -7.999999 0.2666667 0.1333333 0
v -9.759998 -3.576279E-07 -7.839999 0.2666667 0.1333333 0
v -9.599998 -3.576279E-07 -7.839999 0.2666667 0.1333333 0
v -9.599998 -3.576279E-07 -8.159999 0.2666667 0.1333333 0
v -9.759998 -3.576279E-07 -8.159999 0.2666667 0.1333333 0
v -9.759998 -3.576279E-07 -7.999999 0.2666667 0.1333333 0
v -9.599998 -3.576279E-07 -7.999999 0.2666667 0.1333333 0
v -9.599998 -3.576279E-07 -8.319999 0.2666667 0.1333333 0
v -9.759998 -3.576279E-07 -8.319999 0.2666667 0.1333333 0
v -9.759998 -3.576279E-07 -8.159999 0.2666667 0.1333333 0
v -9.599998 -3.576279E-07 -8.159999 0.2666667 0.1333333 0
v -9.599998 -3.576279E-07 -8.479999 0.2666667 0.1333333 0
v -9.759998 -3.576279E-07 -8.479999 0.2666667 0.1333333 0
v -9.759998 -3.576279E-07 -8.319999 0.2666667 0.1333333 0
v -9.599998 -3.576279E-07 -8.319999 0.2666667 0.1333333 0
v -9.599998 -3.576279E-07 -8.639999 0.2666667 0.1333333 0
v -9.759998 -3.576279E-07 -8.639999 0.2666667 0.1333333 0
v -9.759998 -3.576279E-07 -8.479999 0.2666667 0.1333333 0
v -9.599998 -3.576279E-07 -8.479999 0.2666667 0.1333333 0
v -9.599998 -3.576279E-07 -8.799999 0.2666667 0.1333333 0
v -9.759998 -3.576279E-07 -8.799999 0.2666667 0.1333333 0
v -9.759998 -3.576279E-07 -8.639999 0.2666667 0.1333333 0
v -9.599998 -3.576279E-07 -8.639999 0.2666667 0.1333333 0
v -9.599998 -3.576279E-07 -8.959999 0.2666667 0.1333333 0
v -9.759998 -3.576279E-07 -8.959999 0.2666667 0.1333333 0
v -9.759998 -3.576279E-07 -8.799999 0.2666667 0.1333333 0
v -9.599998 -3.576279E-07 -8.799999 0.2666667 0.1333333 0
v -9.599998 -3.576279E-07 -9.119999 0.2666667 0.1333333 0
v -9.759998 -3.576279E-07 -9.119999 0.2666667 0.1333333 0
v -9.759998 -3.576279E-07 -8.959999 0.2666667 0.1333333 0
v -9.599998 -3.576279E-07 -8.959999 0.2666667 0.1333333 0
v -9.599998 -3.576279E-07 -9.279999 0.2666667 0.1333333 0
v -9.759998 -3.576279E-07 -9.279999 0.2666667 0.1333333 0
v -9.759998 -3.576279E-07 -9.119999 0.2666667 0.1333333 0
v -9.599998 -3.576279E-07 -9.119999 0.2666667 0.1333333 0
v -9.599998 -3.576279E-07 -9.439999 0.2666667 0.1333333 0
v -9.759998 -3.576279E-07 -9.439999 0.2666667 0.1333333 0
v -9.759998 -3.576279E-07 -9.279999 0.2666667 0.1333333 0
v -9.599998 -3.576279E-07 -9.279999 0.2666667 0.1333333 0
v -9.599998 -3.576279E-07 -9.599998 0.2666667 0.1333333 0
v -9.759998 -3.576279E-07 -9.599998 0.2666667 0.1333333 0
v -9.759998 -3.576279E-07 -9.439999 0.2666667 0.1333333 0
v -9.599998 -3.576279E-07 -9.439999 0.2666667 0.1333333 0
v -9.599998 0.6399996 -7.039999 0.24 0.12 0
v -9.759998 0.6399996 -7.039999 0.2666667 0.1333333 0
v -9.759998 0.6399996 -7.199999 0.24 0.12 0
v -9.599998 0.6399996 -7.199999 0.2133334 0.1066667 0
v -9.599998 0.6399996 -7.679999 0.24 0.12 0
v -9.759998 0.6399996 -7.679999 0.2133334 0.1066667 0
v -9.759998 0.6399996 -7.839999 0.24 0.12 0
v -9.599998 0.6399996 -7.839999 0.2666667 0.1333333 0
v -9.599998 0.6399996 -7.839999 0.2666667 0.1333333 0
v -9.759998 0.6399996 -7.839999 0.24 0.12 0
v -9.759998 0.6399996 -7.999999 0.2666667 0.1333333 0
v -9.599998 0.6399996 -7.999999 0.2666667 0.1333333 0
v -9.599998 0.6399996 -7.999999 0.2666667 0.1333333 0
v -9.759998 0.6399996 -7.999999 0.2666667 0.1333333 0
v -9.759998 0.6399996 -8.159999 0.2666667 0.1333333 0
v -9.599998 0.6399996 -8.159999 0.2666667 0.1333333 0
v -9.599998 0.6399996 -8.159999 0.2666667 0.1333333 0
v -9.759998 0.6399996 -8.159999 0.2666667 0.1333333 0
v -9.759998 0.6399996 -8.319999 0.2666667 0.1333333 0
v -9.599998 0.6399996 -8.319999 0.2666667 0.1333333 0
v -9.599998 0.6399996 -8.319999 0.2666667 0.1333333 0
v -9.759998 0.6399996 -8.319999 0.2666667 0.1333333 0
v -9.759998 0.6399996 -8.479999 0.2666667 0.1333333 0
v -9.599998 0.6399996 -8.479999 0.2666667 0.1333333 0
v -9.599998 0.6399996 -8.479999 0.2666667 0.1333333 0
v -9.759998 0.6399996 -8.479999 0.2666667 0.1333333 0
v -9.759998 0.6399996 -8.639999 0.2666667 0.1333333 0
v -9.599998 0.6399996 -8.639999 0.24 0.12 0
v -9.599998 0.6399996 -8.639999 0.24 0.12 0
v -9.759998 0.6399996 -8.639999 0.2666667 0.1333333 0
v -9.759998 0.6399996 -8.799999 0.24 0.12 0
v -9.599998 0.6399996 -8.799999 0.2133334 0.1066667 0
v -9.599998 0.6399996 -9.279999 0.24 0.12 0
v -9.759998 0.6399996 -9.279999 0.2133334 0.1066667 0
v -9.759998 0.6399996 -9.439999 0.24 0.12 0
v -9.599998 0.6399996 -9.439999 0.2666667 0.1333333 0
v -9.599998 0.6399996 -9.439999 0.2666667 0.1333333 0
v -9.759998 0.6399996 -9.439999 0.24 0.12 0
v -9.759998 0.6399996 -9.599998 0.2666667 0.1333333 0
v -9.599998 0.6399996 -9.599998 0.2666667 0.1333333 0
v -9.599998 0.7999996 -7.199999 0.1882353 0.09803922 0
v -9.759998 0.7999996 -7.199999 0.1882353 0.09803922 0
v -9.759998 0.7999996 -7.359999 0.1882353 0.09803922 0
v -9.599998 0.7999996 -7.359999 0.1882353 0.09803922 0
v -9.759998 0.6399996 -7.199999 0.1505882 0.07843138 0
v -9.759998 0.7999996 -7.199999 0.1882353 0.09803922 0
v -9.599998 0.7999996 -7.199999 0.1694118 0.0882353 0
v -9.599998 0.6399996 -7.199999 0.1505882 0.07843138 0
v -9.759998 0.6399996 -7.359999 0.1505882 0.07843138 0
v -9.759998 0.7999996 -7.359999 0.1694118 0.0882353 0
v -9.759998 0.7999996 -7.199999 0.1882353 0.09803922 0
v -9.759998 0.6399996 -7.199999 0.1505882 0.07843138 0
v -9.599998 0.7999996 -7.359999 0.1882353 0.09803922 0
v -9.759998 0.7999996 -7.359999 0.1882353 0.09803922 0
v -9.759998 0.7999996 -7.519999 0.1882353 0.09803922 0
v -9.599998 0.7999996 -7.519999 0.1882353 0.09803922 0
v -9.599998 0.7999996 -7.519999 0.1882353 0.09803922 0
v -9.759998 0.7999996 -7.519999 0.1882353 0.09803922 0
v -9.759998 0.7999996 -7.679999 0.1882353 0.09803922 0
v -9.599998 0.7999996 -7.679999 0.1882353 0.09803922 0
v -9.599998 0.6399996 -7.679999 0.1505882 0.07843138 0
v -9.599998 0.7999996 -7.679999 0.1882353 0.09803922 0
v -9.759998 0.7999996 -7.679999 0.1694118 0.0882353 0
v -9.759998 0.6399996 -7.679999 0.1505882 0.07843138 0
v -9.599998 0.6399996 -7.519999 0.1505882 0.07843138 0
v -9.599998 0.7999996 -7.519999 0.1694118 0.0882353 0
v -9.599998 0.7999996 -7.679999 0.1882353 0.09803922 0
v -9.599998 0.6399996 -7.679999 0.1505882 0.07843138 0
v -9.599998 0.7999996 -8.799999 0.1882353 0.09803922 0
v -9.759998 0.7999996 -8.799999 0.1882353 0.09803922 0
v -9.759998 0.7999996 -8.959999 0.1882353 0.09803922 0
v -9.599998 0.7999996 -8.959999 0.1882353 0.09803922 0
v -9.759998 0.6399996 -8.799999 0.1505882 0.07843138 0
v -9.759998 0.7999996 -8.799999 0.1882353 0.09803922 0
v -9.599998 0.7999996 -8.799999 0.1694118 0.0882353 0
v -9.599998 0.6399996 -8.799999 0.1505882 0.07843138 0
v -9.759998 0.6399996 -8.959999 0.1505882 0.07843138 0
v -9.759998 0.7999996 -8.959999 0.1694118 0.0882353 0
v -9.759998 0.7999996 -8.799999 0.1882353 0.09803922 0
v -9.759998 0.6399996 -8.799999 0.1505882 0.07843138 0
v -9.599998 0.7999996 -8.959999 0.1882353 0.09803922 0
v -9.759998 0.7999996 -8.959999 0.1882353 0.09803922 0
v -9.759998 0.7999996 -9.119999 0.1882353 0.09803922 0
v -9.599998 0.7999996 -9.119999 0.1882353 0.09803922 0
v -9.599998 0.7999996 -9.119999 0.1882353 0.09803922 0
v -9.759998 0.7999996 -9.119999 0.1882353 0.09803922 0
v -9.759998 0.7999996 -9.279999 0.1882353 0.09803922 0
v -9.599998 0.7999996 -9.279999 0.1882353 0.09803922 0
v -9.599998 0.6399996 -9.279999 0.1505882 0.07843138 0
v -9.599998 0.7999996 -9.279999 0.1882353 0.09803922 0
v -9.759998 0.7999996 -9.279999 0.1694118 0.0882353 0
v -9.759998 0.6399996 -9.279999 0.1505882 0.07843138 0
v -9.599998 0.6399996 -9.119999 0.1505882 0.07843138 0
v -9.599998 0.7999996 -9.119999 0.1694118 0.0882353 0
v -9.599998 0.7999996 -9.279999 0.1882353 0.09803922 0
v -9.599998 0.6399996 -9.279999 0.1505882 0.07843138 0
v -9.759998 -3.576279E-07 -7.199999 0.2666667 0.1333333 0
v -9.919998 -3.576279E-07 -7.199999 0.2666667 0.1333333 0
v -9.919998 -3.576279E-07 -7.039999 0.2666667 0.1333333 0
v -9.759998 -3.576279E-07 -7.039999 0.2666667 0.1333333 0
v -9.759998 -3.576279E-07 -7.359999 0.2666667 0.1333333 0
v -9.919998 -3.576279E-07 -7.359999 0.2666667 0.1333333 0
v -9.919998 -3.576279E-07 -7.199999 0.2666667 0.1333333 0
v -9.759998 -3.576279E-07 -7.199999 0.2666667 0.1333333 0
v -9.759998 -3.576279E-07 -7.519999 0.2666667 0.1333333 0
v -9.919998 -3.576279E-07 -7.519999 0.2666667 0.1333333 0
v -9.919998 -3.576279E-07 -7.359999 0.2666667 0.1333333 0
v -9.759998 -3.576279E-07 -7.359999 0.2666667 0.1333333 0
v -9.759998 -3.576279E-07 -7.679999 0.2666667 0.1333333 0
v -9.919998 -3.576279E-07 -7.679999 0.2666667 0.1333333 0
v -9.919998 -3.576279E-07 -7.519999 0.2666667 0.1333333 0
v -9.759998 -3.576279E-07 -7.519999 0.2666667 0.1333333 0
v -9.759998 -3.576279E-07 -7.839999 0.2666667 0.1333333 0
v -9.919998 -3.576279E-07 -7.839999 0.2666667 0.1333333 0
v -9.919998 -3.576279E-07 -7.679999 0.2666667 0.1333333 0
v -9.759998 -3.576279E-07 -7.679999 0.2666667 0.1333333 0
v -9.759998 -3.576279E-07 -7.999999 0.2666667 0.1333333 0
v -9.919998 -3.576279E-07 -7.999999 0.2666667 0.1333333 0
v -9.919998 -3.576279E-07 -7.839999 0.2666667 0.1333333 0
v -9.759998 -3.576279E-07 -7.839999 0.2666667 0.1333333 0
v -9.759998 -3.576279E-07 -8.159999 0.2666667 0.1333333 0
v -9.919998 -3.576279E-07 -8.159999 0.2666667 0.1333333 0
v -9.919998 -3.576279E-07 -7.999999 0.2666667 0.1333333 0
v -9.759998 -3.576279E-07 -7.999999 0.2666667 0.1333333 0
v -9.759998 -3.576279E-07 -8.319999 0.2666667 0.1333333 0
v -9.919998 -3.576279E-07 -8.319999 0.2666667 0.1333333 0
v -9.919998 -3.576279E-07 -8.159999 0.2666667 0.1333333 0
v -9.759998 -3.576279E-07 -8.159999 0.2666667 0.1333333 0
v -9.759998 -3.576279E-07 -8.479999 0.2666667 0.1333333 0
v -9.919998 -3.576279E-07 -8.479999 0.2666667 0.1333333 0
v -9.919998 -3.576279E-07 -8.319999 0.2666667 0.1333333 0
v -9.759998 -3.576279E-07 -8.319999 0.2666667 0.1333333 0
v -9.759998 -3.576279E-07 -8.639999 0.2666667 0.1333333 0
v -9.919998 -3.576279E-07 -8.639999 0.2666667 0.1333333 0
v -9.919998 -3.576279E-07 -8.479999 0.2666667 0.1333333 0
v -9.759998 -3.576279E-07 -8.479999 0.2666667 0.1333333 0
v -9.759998 -3.576279E-07 -8.799999 0.2666667 0.1333333 0
v -9.919998 -3.576279E-07 -8.799999 0.2666667 0.1333333 0
v -9.919998 -3.576279E-07 -8.639999 0.2666667 0.1333333 0
v -9.759998 -3.576279E-07 -8.639999 0.2666667 0.1333333 0
v -9.759998 -3.576279E-07 -8.959999 0.2666667 0.1333333 0
v -9.919998 -3.576279E-07 -8.959999 0.2666667 0.1333333 0
v -9.919998 -3.576279E-07 -8.799999 0.2666667 0.1333333 0
v -9.759998 -3.576279E-07 -8.799999 0.2666667 0.1333333 0
v -9.759998 -3.576279E-07 -9.119999 0.2666667 0.1333333 0
v -9.919998 -3.576279E-07 -9.119999 0.2666667 0.1333333 0
v -9.919998 -3.576279E-07 -8.959999 0.2666667 0.1333333 0
v -9.759998 -3.576279E-07 -8.959999 0.2666667 0.1333333 0
v -9.759998 -3.576279E-07 -9.279999 0.2666667 0.1333333 0
v -9.919998 -3.576279E-07 -9.279999 0.2666667 0.1333333 0
v -9.919998 -3.576279E-07 -9.119999 0.2666667 0.1333333 0
v -9.759998 -3.576279E-07 -9.119999 0.2666667 0.1333333 0
v -9.759998 -3.576279E-07 -9.439999 0.2666667 0.1333333 0
v -9.919998 -3.576279E-07 -9.439999 0.2666667 0.1333333 0
v -9.919998 -3.576279E-07 -9.279999 0.2666667 0.1333333 0
v -9.759998 -3.576279E-07 -9.279999 0.2666667 0.1333333 0
v -9.759998 -3.576279E-07 -9.599998 0.2666667 0.1333333 0
v -9.919998 -3.576279E-07 -9.599998 0.2666667 0.1333333 0
v -9.919998 -3.576279E-07 -9.439999 0.2666667 0.1333333 0
v -9.759998 -3.576279E-07 -9.439999 0.2666667 0.1333333 0
v -9.759998 0.6399996 -7.039999 0.2666667 0.1333333 0
v -9.919998 0.6399996 -7.039999 0.2666667 0.1333333 0
v -9.919998 0.6399996 -7.199999 0.2666667 0.1333333 0
v -9.759998 0.6399996 -7.199999 0.24 0.12 0
v -9.759998 0.6399996 -7.199999 0.24 0.12 0
v -9.919998 0.6399996 -7.199999 0.2666667 0.1333333 0
v -9.919998 0.6399996 -7.359999 0.24 0.12 0
v -9.759998 0.6399996 -7.359999 0.2133334 0.1066667 0
v -9.759998 0.6399996 -7.839999 0.24 0.12 0
v -9.919998 0.6399996 -7.839999 0.2133334 0.1066667 0
v -9.919998 0.6399996 -7.999999 0.24 0.12 0
v -9.759998 0.6399996 -7.999999 0.2666667 0.1333333 0
v -9.759998 0.6399996 -7.999999 0.2666667 0.1333333 0
v -9.919998 0.6399996 -7.999999 0.24 0.12 0
v -9.919998 0.6399996 -8.159999 0.2666667 0.1333333 0
v -9.759998 0.6399996 -8.159999 0.2666667 0.1333333 0
v -9.759998 0.6399996 -8.159999 0.2666667 0.1333333 0
v -9.919998 0.6399996 -8.159999 0.2666667 0.1333333 0
v -9.919998 0.6399996 -8.319999 0.2666667 0.1333333 0
v -9.759998 0.6399996 -8.319999 0.2666667 0.1333333 0
v -9.759998 0.6399996 -8.319999 0.2666667 0.1333333 0
v -9.919998 0.6399996 -8.319999 0.2666667 0.1333333 0
v -9.919998 0.6399996 -8.479999 0.2666667 0.1333333 0
v -9.759998 0.6399996 -8.479999 0.2666667 0.1333333 0
v -9.759998 0.6399996 -8.479999 0.2666667 0.1333333 0
v -9.919998 0.6399996 -8.479999 0.2666667 0.1333333 0
v -9.919998 0.6399996 -8.639999 0.2666667 0.1333333 0
v -9.759998 0.6399996 -8.639999 0.2666667 0.1333333 0
v -9.759998 0.6399996 -8.639999 0.2666667 0.1333333 0
v -9.919998 0.6399996 -8.639999 0.2666667 0.1333333 0
v -9.919998 0.6399996 -8.799999 0.2666667 0.1333333 0
v -9.759998 0.6399996 -8.799999 0.24 0.12 0
v -9.759998 0.6399996 -8.799999 0.24 0.12 0
v -9.919998 0.6399996 -8.799999 0.2666667 0.1333333 0
v -9.919998 0.6399996 -8.959999 0.24 0.12 0
v -9.759998 0.6399996 -8.959999 0.2133334 0.1066667 0
v -9.759998 0.6399996 -9.439999 0.24 0.12 0
v -9.919998 0.6399996 -9.439999 0.2133334 0.1066667 0
v -9.919998 0.6399996 -9.599998 0.24 0.12 0
v -9.759998 0.6399996 -9.599998 0.2666667 0.1333333 0
v -9.759998 0.7999996 -7.359999 0.1882353 0.09803922 0
v -9.919998 0.7999996 -7.359999 0.1882353 0.09803922 0
v -9.919998 0.7999996 -7.519999 0.1882353 0.09803922 0
v -9.759998 0.7999996 -7.519999 0.1882353 0.09803922 0
v -9.919998 0.6399996 -7.359999 0.1505882 0.07843138 0
v -9.919998 0.7999996 -7.359999 0.1882353 0.09803922 0
v -9.759998 0.7999996 -7.359999 0.1694118 0.0882353 0
v -9.759998 0.6399996 -7.359999 0.1505882 0.07843138 0
v -9.919998 0.6399996 -7.519999 0.1505882 0.07843138 0
v -9.919998 0.7999996 -7.519999 0.1694118 0.0882353 0
v -9.919998 0.7999996 -7.359999 0.1882353 0.09803922 0
v -9.919998 0.6399996 -7.359999 0.1505882 0.07843138 0
v -9.759998 0.7999996 -7.519999 0.1882353 0.09803922 0
v -9.919998 0.7999996 -7.519999 0.1882353 0.09803922 0
v -9.919998 0.7999996 -7.679999 0.1882353 0.09803922 0
v -9.759998 0.7999996 -7.679999 0.1882353 0.09803922 0
v -9.759998 0.7999996 -7.679999 0.1882353 0.09803922 0
v -9.919998 0.7999996 -7.679999 0.1882353 0.09803922 0
v -9.919998 0.7999996 -7.839999 0.1882353 0.09803922 0
v -9.759998 0.7999996 -7.839999 0.1882353 0.09803922 0
v -9.759998 0.6399996 -7.839999 0.1505882 0.07843138 0
v -9.759998 0.7999996 -7.839999 0.1882353 0.09803922 0
v -9.919998 0.7999996 -7.839999 0.1694118 0.0882353 0
v -9.919998 0.6399996 -7.839999 0.1505882 0.07843138 0
v -9.759998 0.6399996 -7.679999 0.1505882 0.07843138 0
v -9.759998 0.7999996 -7.679999 0.1694118 0.0882353 0
v -9.759998 0.7999996 -7.839999 0.1882353 0.09803922 0
v -9.759998 0.6399996 -7.839999 0.1505882 0.07843138 0
v -9.759998 0.7999996 -8.959999 0.1882353 0.09803922 0
v -9.919998 0.7999996 -8.959999 0.1882353 0.09803922 0
v -9.919998 0.7999996 -9.119999 0.1882353 0.09803922 0
v -9.759998 0.7999996 -9.119999 0.1882353 0.09803922 0
v -9.919998 0.6399996 -8.959999 0.1505882 0.07843138 0
v -9.919998 0.7999996 -8.959999 0.1882353 0.09803922 0
v -9.759998 0.7999996 -8.959999 0.1694118 0.0882353 0
v -9.759998 0.6399996 -8.959999 0.1505882 0.07843138 0
v -9.919998 0.6399996 -9.119999 0.1505882 0.07843138 0
v -9.919998 0.7999996 -9.119999 0.1694118 0.0882353 0
v -9.919998 0.7999996 -8.959999 0.1882353 0.09803922 0
v -9.919998 0.6399996 -8.959999 0.1505882 0.07843138 0
v -9.759998 0.7999996 -9.119999 0.1882353 0.09803922 0
v -9.919998 0.7999996 -9.119999 0.1882353 0.09803922 0
v -9.919998 0.7999996 -9.279999 0.1882353 0.09803922 0
v -9.759998 0.7999996 -9.279999 0.1882353 0.09803922 0
v -9.759998 0.7999996 -9.279999 0.1882353 0.09803922 0
v -9.919998 0.7999996 -9.279999 0.1882353 0.09803922 0
v -9.919998 0.7999996 -9.439999 0.1882353 0.09803922 0
v -9.759998 0.7999996 -9.439999 0.1882353 0.09803922 0
v -9.759998 0.6399996 -9.439999 0.1505882 0.07843138 0
v -9.759998 0.7999996 -9.439999 0.1882353 0.09803922 0
v -9.919998 0.7999996 -9.439999 0.1694118 0.0882353 0
v -9.919998 0.6399996 -9.439999 0.1505882 0.07843138 0
v -9.759998 0.6399996 -9.279999 0.1505882 0.07843138 0
v -9.759998 0.7999996 -9.279999 0.1694118 0.0882353 0
v -9.759998 0.7999996 -9.439999 0.1882353 0.09803922 0
v -9.759998 0.6399996 -9.439999 0.1505882 0.07843138 0
v -9.919998 -3.576279E-07 -7.199999 0.2666667 0.1333333 0
v -10.08 -3.576279E-07 -7.199999 0.2666667 0.1333333 0
v -10.08 -3.576279E-07 -7.039999 0.2666667 0.1333333 0
v -9.919998 -3.576279E-07 -7.039999 0.2666667 0.1333333 0
v -9.919998 -3.576279E-07 -7.359999 0.2666667 0.1333333 0
v -10.08 -3.576279E-07 -7.359999 0.2666667 0.1333333 0
v -10.08 -3.576279E-07 -7.199999 0.2666667 0.1333333 0
v -9.919998 -3.576279E-07 -7.199999 0.2666667 0.1333333 0
v -9.919998 -3.576279E-07 -7.519999 0.2666667 0.1333333 0
v -10.08 -3.576279E-07 -7.519999 0.2666667 0.1333333 0
v -10.08 -3.576279E-07 -7.359999 0.2666667 0.1333333 0
v -9.919998 -3.576279E-07 -7.359999 0.2666667 0.1333333 0
v -9.919998 -3.576279E-07 -7.679999 0.2666667 0.1333333 0
v -10.08 -3.576279E-07 -7.679999 0.2666667 0.1333333 0
v -10.08 -3.576279E-07 -7.519999 0.2666667 0.1333333 0
v -9.919998 -3.576279E-07 -7.519999 0.2666667 0.1333333 0
v -9.919998 -3.576279E-07 -7.839999 0.2666667 0.1333333 0
v -10.08 -3.576279E-07 -7.839999 0.2666667 0.1333333 0
v -10.08 -3.576279E-07 -7.679999 0.2666667 0.1333333 0
v -9.919998 -3.576279E-07 -7.679999 0.2666667 0.1333333 0
v -9.919998 -3.576279E-07 -7.999999 0.2666667 0.1333333 0
v -10.08 -3.576279E-07 -7.999999 0.2666667 0.1333333 0
v -10.08 -3.576279E-07 -7.839999 0.2666667 0.1333333 0
v -9.919998 -3.576279E-07 -7.839999 0.2666667 0.1333333 0
v -9.919998 -3.576279E-07 -8.159999 0.2666667 0.1333333 0
v -10.08 -3.576279E-07 -8.159999 0.2666667 0.1333333 0
v -10.08 -3.576279E-07 -7.999999 0.2666667 0.1333333 0
v -9.919998 -3.576279E-07 -7.999999 0.2666667 0.1333333 0
v -9.919998 -3.576279E-07 -8.319999 0.2666667 0.1333333 0
v -10.08 -3.576279E-07 -8.319999 0.2666667 0.1333333 0
v -10.08 -3.576279E-07 -8.159999 0.2666667 0.1333333 0
v -9.919998 -3.576279E-07 -8.159999 0.2666667 0.1333333 0
v -9.919998 -3.576279E-07 -8.479999 0.2666667 0.1333333 0
v -10.08 -3.576279E-07 -8.479999 0.2666667 0.1333333 0
v -10.08 -3.576279E-07 -8.319999 0.2666667 0.1333333 0
v -9.919998 -3.576279E-07 -8.319999 0.2666667 0.1333333 0
v -9.919998 -3.576279E-07 -8.639999 0.2666667 0.1333333 0
v -10.08 -3.576279E-07 -8.639999 0.2666667 0.1333333 0
v -10.08 -3.576279E-07 -8.479999 0.2666667 0.1333333 0
v -9.919998 -3.576279E-07 -8.479999 0.2666667 0.1333333 0
v -9.919998 -3.576279E-07 -8.799999 0.2666667 0.1333333 0
v -10.08 -3.576279E-07 -8.799999 0.2666667 0.1333333 0
v -10.08 -3.576279E-07 -8.639999 0.2666667 0.1333333 0
v -9.919998 -3.576279E-07 -8.639999 0.2666667 0.1333333 0
v -9.919998 -3.576279E-07 -8.959999 0.2666667 0.1333333 0
v -10.08 -3.576279E-07 -8.959999 0.2666667 0.1333333 0
v -10.08 -3.576279E-07 -8.799999 0.2666667 0.1333333 0
v -9.919998 -3.576279E-07 -8.799999 0.2666667 0.1333333 0
v -9.919998 -3.576279E-07 -9.119999 0.2666667 0.1333333 0
v -10.08 -3.576279E-07 -9.119999 0.2666667 0.1333333 0
v -10.08 -3.576279E-07 -8.959999 0.2666667 0.1333333 0
v -9.919998 -3.576279E-07 -8.959999 0.2666667 0.1333333 0
v -9.919998 -3.576279E-07 -9.279999 0.2666667 0.1333333 0
v -10.08 -3.576279E-07 -9.279999 0.2666667 0.1333333 0
v -10.08 -3.576279E-07 -9.119999 0.2666667 0.1333333 0
v -9.919998 -3.576279E-07 -9.119999 0.2666667 0.1333333 0
v -9.919998 -3.576279E-07 -9.439999 0.2666667 0.1333333 0
v -10.08 -3.576279E-07 -9.439999 0.2666667 0.1333333 0
v -10.08 -3.576279E-07 -9.279999 0.2666667 0.1333333 0
v -9.919998 -3.576279E-07 -9.279999 0.2666667 0.1333333 0
v -9.919998 -3.576279E-07 -9.599998 0.2666667 0.1333333 0
v -10.08 -3.576279E-07 -9.599998 0.2666667 0.1333333 0
v -10.08 -3.576279E-07 -9.439999 0.2666667 0.1333333 0
v -9.919998 -3.576279E-07 -9.439999 0.2666667 0.1333333 0
v -9.919998 0.6399996 -7.039999 0.2666667 0.1333333 0
v -10.08 0.6399996 -7.039999 0.2666667 0.1333333 0
v -10.08 0.6399996 -7.199999 0.2666667 0.1333333 0
v -9.919998 0.6399996 -7.199999 0.2666667 0.1333333 0
v -9.919998 0.6399996 -7.199999 0.2666667 0.1333333 0
v -10.08 0.6399996 -7.199999 0.2666667 0.1333333 0
v -10.08 0.6399996 -7.359999 0.2666667 0.1333333 0
v -9.919998 0.6399996 -7.359999 0.24 0.12 0
v -9.919998 0.6399996 -7.359999 0.24 0.12 0
v -10.08 0.6399996 -7.359999 0.2666667 0.1333333 0
v -10.08 0.6399996 -7.519999 0.24 0.12 0
v -9.919998 0.6399996 -7.519999 0.2133334 0.1066667 0
v -9.919998 0.6399996 -7.999999 0.24 0.12 0
v -10.08 0.6399996 -7.999999 0.2133334 0.1066667 0
v -10.08 0.6399996 -8.159999 0.24 0.12 0
v -9.919998 0.6399996 -8.159999 0.2666667 0.1333333 0
v -9.919998 0.6399996 -8.159999 0.2666667 0.1333333 0
v -10.08 0.6399996 -8.159999 0.24 0.12 0
v -10.08 0.6399996 -8.319999 0.2666667 0.1333333 0
v -9.919998 0.6399996 -8.319999 0.2666667 0.1333333 0
v -9.919998 0.6399996 -8.319999 0.2666667 0.1333333 0
v -10.08 0.6399996 -8.319999 0.2666667 0.1333333 0
v -10.08 0.6399996 -8.479999 0.2666667 0.1333333 0
v -9.919998 0.6399996 -8.479999 0.2666667 0.1333333 0
v -9.919998 0.6399996 -8.479999 0.2666667 0.1333333 0
v -10.08 0.6399996 -8.479999 0.2666667 0.1333333 0
v -10.08 0.6399996 -8.639999 0.2666667 0.1333333 0
v -9.919998 0.6399996 -8.639999 0.2666667 0.1333333 0
v -9.919998 0.6399996 -8.639999 0.2666667 0.1333333 0
v -10.08 0.6399996 -8.639999 0.2666667 0.1333333 0
v -10.08 0.6399996 -8.799999 0.2666667 0.1333333 0
v -9.919998 0.6399996 -8.799999 0.2666667 0.1333333 0
v -9.919998 0.6399996 -8.799999 0.2666667 0.1333333 0
v -10.08 0.6399996 -8.799999 0.2666667 0.1333333 0
v -10.08 0.6399996 -8.959999 0.2666667 0.1333333 0
v -9.919998 0.6399996 -8.959999 0.24 0.12 0
v -9.919998 0.6399996 -8.959999 0.24 0.12 0
v -10.08 0.6399996 -8.959999 0.2666667 0.1333333 0
v -10.08 0.6399996 -9.119999 0.24 0.12 0
v -9.919998 0.6399996 -9.119999 0.2133334 0.1066667 0
v -10.08 0.4799997 -9.279999 0.1505882 0.07843138 0
v -10.08 0.6399996 -9.279999 0.1882353 0.09803922 0
v -10.08 0.6399996 -9.119999 0.1694118 0.0882353 0
v -10.08 0.4799997 -9.119999 0.1505882 0.07843138 0
v -10.08 0.4799997 -9.439999 0.1505882 0.07843138 0
v -10.08 0.6399996 -9.439999 0.1882353 0.09803922 0
v -10.08 0.6399996 -9.279999 0.1882353 0.09803922 0
v -10.08 0.4799997 -9.279999 0.1505882 0.07843138 0
v -10.08 0.4799997 -9.599998 0.1694118 0.0882353 0
v -10.08 0.6399996 -9.599998 0.1882353 0.09803922 0
v -10.08 0.6399996 -9.439999 0.1882353 0.09803922 0
v -10.08 0.4799997 -9.439999 0.1505882 0.07843138 0
v -9.919998 0.7999996 -7.519999 0.1882353 0.09803922 0
v -10.08 0.7999996 -7.519999 0.1882353 0.09803922 0
v -10.08 0.7999996 -7.679999 0.1882353 0.09803922 0
v -9.919998 0.7999996 -7.679999 0.1882353 0.09803922 0
v -10.08 0.6399996 -7.519999 0.1505882 0.07843138 0
v -10.08 0.7999996 -7.519999 0.1882353 0.09803922 0
v -9.919998 0.7999996 -7.519999 0.1694118 0.0882353 0
v -9.919998 0.6399996 -7.519999 0.1505882 0.07843138 0
v -10.08 0.6399996 -7.679999 0.1505882 0.07843138 0
v -10.08 0.7999996 -7.679999 0.1694118 0.0882353 0
v -10.08 0.7999996 -7.519999 0.1882353 0.09803922 0
v -10.08 0.6399996 -7.519999 0.1505882 0.07843138 0
v -9.919998 0.7999996 -7.679999 0.1882353 0.09803922 0
v -10.08 0.7999996 -7.679999 0.1882353 0.09803922 0
v -10.08 0.7999996 -7.839999 0.1882353 0.09803922 0
v -9.919998 0.7999996 -7.839999 0.1882353 0.09803922 0
v -9.919998 0.7999996 -7.839999 0.1882353 0.09803922 0
v -10.08 0.7999996 -7.839999 0.1882353 0.09803922 0
v -10.08 0.7999996 -7.999999 0.1882353 0.09803922 0
v -9.919998 0.7999996 -7.999999 0.1882353 0.09803922 0
v -9.919998 0.6399996 -7.999999 0.1505882 0.07843138 0
v -9.919998 0.7999996 -7.999999 0.1882353 0.09803922 0
v -10.08 0.7999996 -7.999999 0.1694118 0.0882353 0
v -10.08 0.6399996 -7.999999 0.1505882 0.07843138 0
v -9.919998 0.6399996 -7.839999 0.1505882 0.07843138 0
v -9.919998 0.7999996 -7.839999 0.1694118 0.0882353 0
v -9.919998 0.7999996 -7.999999 0.1882353 0.09803922 0
v -9.919998 0.6399996 -7.999999 0.1505882 0.07843138 0
v -9.919998 0.7999996 -9.119999 0.1882353 0.09803922 0
v -10.08 0.7999996 -9.119999 0.1882353 0.09803922 0
v -10.08 0.7999996 -9.279999 0.1882353 0.09803922 0
v -9.919998 0.7999996 -9.279999 0.1882353 0.09803922 0
v -10.08 0.6399996 -9.119999 0.1505882 0.07843138 0
v -10.08 0.7999996 -9.119999 0.1882353 0.09803922 0
v -9.919998 0.7999996 -9.119999 0.1694118 0.0882353 0
v -9.919998 0.6399996 -9.119999 0.1505882 0.07843138 0
v -10.08 0.6399996 -9.279999 0.1882353 0.09803922 0
v -10.08 0.7999996 -9.279999 0.1882353 0.09803922 0
v -10.08 0.7999996 -9.119999 0.1882353 0.09803922 0
v -10.08 0.6399996 -9.119999 0.1694118 0.0882353 0
v -9.919998 0.7999996 -9.279999 0.1882353 0.09803922 0
v -10.08 0.7999996 -9.279999 0.1882353 0.09803922 0
v -10.08 0.7999996 -9.439999 0.1882353 0.09803922 0
v -9.919998 0.7999996 -9.439999 0.1882353 0.09803922 0
v -10.08 0.6399996 -9.439999 0.1882353 0.09803922 0
v -10.08 0.7999996 -9.439999 0.1882353 0.09803922 0
v -10.08 0.7999996 -9.279999 0.1882353 0.09803922 0
v -10.08 0.6399996 -9.279999 0.1882353 0.09803922 0
v -9.919998 0.7999996 -9.439999 0.1882353 0.09803922 0
v -10.08 0.7999996 -9.439999 0.1882353 0.09803922 0
v -10.08 0.7999996 -9.599998 0.1882353 0.09803922 0
v -9.919998 0.7999996 -9.599998 0.1882353 0.09803922 0
v -9.919998 0.6399996 -9.599998 0.1505882 0.07843138 0
v -9.919998 0.7999996 -9.599998 0.1882353 0.09803922 0
v -10.08 0.7999996 -9.599998 0.1882353 0.09803922 0
v -10.08 0.6399996 -9.599998 0.1694118 0.0882353 0
v -9.919998 0.6399996 -9.439999 0.1505882 0.07843138 0
v -9.919998 0.7999996 -9.439999 0.1694118 0.0882353 0
v -9.919998 0.7999996 -9.599998 0.1882353 0.09803922 0
v -9.919998 0.6399996 -9.599998 0.1505882 0.07843138 0
v -10.08 0.6399996 -9.599998 0.1882353 0.09803922 0
v -10.08 0.7999996 -9.599998 0.1882353 0.09803922 0
v -10.08 0.7999996 -9.439999 0.1882353 0.09803922 0
v -10.08 0.6399996 -9.439999 0.1882353 0.09803922 0
v -10.08 -3.576279E-07 -7.199999 0.2666667 0.1333333 0
v -10.24 -3.576279E-07 -7.199999 0.2666667 0.1333333 0
v -10.24 -3.576279E-07 -7.039999 0.2666667 0.1333333 0
v -10.08 -3.576279E-07 -7.039999 0.2666667 0.1333333 0
v -10.24 -3.576279E-07 -7.199999 0.2666667 0.1333333 0
v -10.24 0.1599996 -7.199999 0.2666667 0.1333333 0
v -10.24 0.1599996 -7.039999 0.2666667 0.1333333 0
v -10.24 -3.576279E-07 -7.039999 0.2666667 0.1333333 0
v -10.08 -3.576279E-07 -7.359999 0.2666667 0.1333333 0
v -10.24 -3.576279E-07 -7.359999 0.2666667 0.1333333 0
v -10.24 -3.576279E-07 -7.199999 0.2666667 0.1333333 0
v -10.08 -3.576279E-07 -7.199999 0.2666667 0.1333333 0
v -10.24 -3.576279E-07 -7.359999 0.2666667 0.1333333 0
v -10.24 0.1599996 -7.359999 0.2666667 0.1333333 0
v -10.24 0.1599996 -7.199999 0.2666667 0.1333333 0
v -10.24 -3.576279E-07 -7.199999 0.2666667 0.1333333 0
v -10.08 -3.576279E-07 -7.519999 0.2666667 0.1333333 0
v -10.24 -3.576279E-07 -7.519999 0.2666667 0.1333333 0
v -10.24 -3.576279E-07 -7.359999 0.2666667 0.1333333 0
v -10.08 -3.576279E-07 -7.359999 0.2666667 0.1333333 0
v -10.24 -3.576279E-07 -7.519999 0.2666667 0.1333333 0
v -10.24 0.1599996 -7.519999 0.2666667 0.1333333 0
v -10.24 0.1599996 -7.359999 0.2666667 0.1333333 0
v -10.24 -3.576279E-07 -7.359999 0.2666667 0.1333333 0
v -10.08 -3.576279E-07 -7.679999 0.2666667 0.1333333 0
v -10.24 -3.576279E-07 -7.679999 0.2666667 0.1333333 0
v -10.24 -3.576279E-07 -7.519999 0.2666667 0.1333333 0
v -10.08 -3.576279E-07 -7.519999 0.2666667 0.1333333 0
v -10.24 -3.576279E-07 -7.679999 0.24 0.12 0
v -10.24 0.1599996 -7.679999 0.2133334 0.1066667 0
v -10.24 0.1599996 -7.519999 0.2666667 0.1333333 0
v -10.24 -3.576279E-07 -7.519999 0.2666667 0.1333333 0
v -10.08 -3.576279E-07 -7.839999 0.2666667 0.1333333 0
v -10.24 -3.576279E-07 -7.839999 0.2666667 0.1333333 0
v -10.24 -3.576279E-07 -7.679999 0.2666667 0.1333333 0
v -10.08 -3.576279E-07 -7.679999 0.2666667 0.1333333 0
v -10.08 -3.576279E-07 -7.999999 0.2666667 0.1333333 0
v -10.24 -3.576279E-07 -7.999999 0.2666667 0.1333333 0
v -10.24 -3.576279E-07 -7.839999 0.2666667 0.1333333 0
v -10.08 -3.576279E-07 -7.839999 0.2666667 0.1333333 0
v -10.08 -3.576279E-07 -8.159999 0.2666667 0.1333333 0
v -10.24 -3.576279E-07 -8.159999 0.2666667 0.1333333 0
v -10.24 -3.576279E-07 -7.999999 0.2666667 0.1333333 0
v -10.08 -3.576279E-07 -7.999999 0.2666667 0.1333333 0
v -10.08 -3.576279E-07 -8.319999 0.2666667 0.1333333 0
v -10.24 -3.576279E-07 -8.319999 0.2666667 0.1333333 0
v -10.24 -3.576279E-07 -8.159999 0.2666667 0.1333333 0
v -10.08 -3.576279E-07 -8.159999 0.2666667 0.1333333 0
v -10.08 -3.576279E-07 -8.479999 0.2666667 0.1333333 0
v -10.24 -3.576279E-07 -8.479999 0.2666667 0.1333333 0
v -10.24 -3.576279E-07 -8.319999 0.2666667 0.1333333 0
v -10.08 -3.576279E-07 -8.319999 0.2666667 0.1333333 0
v -10.24 -3.576279E-07 -8.479999 0.2666667 0.1333333 0
v -10.24 0.1599996 -8.479999 0.2666667 0.1333333 0
v -10.24 0.1599996 -8.319999 0.2133334 0.1066667 0
v -10.24 -3.576279E-07 -8.319999 0.24 0.12 0
v -10.08 -3.576279E-07 -8.639999 0.2666667 0.1333333 0
v -10.24 -3.576279E-07 -8.639999 0.2666667 0.1333333 0
v -10.24 -3.576279E-07 -8.479999 0.2666667 0.1333333 0
v -10.08 -3.576279E-07 -8.479999 0.2666667 0.1333333 0
v -10.24 -3.576279E-07 -8.639999 0.2666667 0.1333333 0
v -10.24 0.1599996 -8.639999 0.2666667 0.1333333 0
v -10.24 0.1599996 -8.479999 0.2666667 0.1333333 0
v -10.24 -3.576279E-07 -8.479999 0.2666667 0.1333333 0
v -10.08 -3.576279E-07 -8.799999 0.2666667 0.1333333 0
v -10.24 -3.576279E-07 -8.799999 0.2666667 0.1333333 0
v -10.24 -3.576279E-07 -8.639999 0.2666667 0.1333333 0
v -10.08 -3.576279E-07 -8.639999 0.2666667 0.1333333 0
v -10.24 -3.576279E-07 -8.799999 0.2666667 0.1333333 0
v -10.24 0.1599996 -8.799999 0.2666667 0.1333333 0
v -10.24 0.1599996 -8.639999 0.2666667 0.1333333 0
v -10.24 -3.576279E-07 -8.639999 0.2666667 0.1333333 0
v -10.08 -3.576279E-07 -8.959999 0.2666667 0.1333333 0
v -10.24 -3.576279E-07 -8.959999 0.2666667 0.1333333 0
v -10.24 -3.576279E-07 -8.799999 0.2666667 0.1333333 0
v -10.08 -3.576279E-07 -8.799999 0.2666667 0.1333333 0
v -10.24 -3.576279E-07 -8.959999 0.2666667 0.1333333 0
v -10.24 0.1599996 -8.959999 0.2666667 0.1333333 0
v -10.24 0.1599996 -8.799999 0.2666667 0.1333333 0
v -10.24 -3.576279E-07 -8.799999 0.2666667 0.1333333 0
v -10.08 -3.576279E-07 -9.119999 0.2666667 0.1333333 0
v -10.24 -3.576279E-07 -9.119999 0.2666667 0.1333333 0
v -10.24 -3.576279E-07 -8.959999 0.2666667 0.1333333 0
v -10.08 -3.576279E-07 -8.959999 0.2666667 0.1333333 0
v -10.24 -3.576279E-07 -9.119999 0.2666667 0.1333333 0
v -10.24 0.1599996 -9.119999 0.2666667 0.1333333 0
v -10.24 0.1599996 -8.959999 0.2666667 0.1333333 0
v -10.24 -3.576279E-07 -8.959999 0.2666667 0.1333333 0
v -10.08 -3.576279E-07 -9.279999 0.2666667 0.1333333 0
v -10.24 -3.576279E-07 -9.279999 0.2666667 0.1333333 0
v -10.24 -3.576279E-07 -9.119999 0.2666667 0.1333333 0
v -10.08 -3.576279E-07 -9.119999 0.2666667 0.1333333 0
v -10.24 -3.576279E-07 -9.279999 0.2666667 0.1333333 0
v -10.24 0.1599996 -9.279999 0.2666667 0.1333333 0
v -10.24 0.1599996 -9.119999 0.2666667 0.1333333 0
v -10.24 -3.576279E-07 -9.119999 0.2666667 0.1333333 0
v -10.08 -3.576279E-07 -9.439999 0.2666667 0.1333333 0
v -10.24 -3.576279E-07 -9.439999 0.2666667 0.1333333 0
v -10.24 -3.576279E-07 -9.279999 0.2666667 0.1333333 0
v -10.08 -3.576279E-07 -9.279999 0.2666667 0.1333333 0
v -10.24 -3.576279E-07 -9.439999 0.2666667 0.1333333 0
v -10.24 0.1599996 -9.439999 0.2666667 0.1333333 0
v -10.24 0.1599996 -9.279999 0.2666667 0.1333333 0
v -10.24 -3.576279E-07 -9.279999 0.2666667 0.1333333 0
v -10.08 -3.576279E-07 -9.599998 0.2666667 0.1333333 0
v -10.24 -3.576279E-07 -9.599998 0.2666667 0.1333333 0
v -10.24 -3.576279E-07 -9.439999 0.2666667 0.1333333 0
v -10.08 -3.576279E-07 -9.439999 0.2666667 0.1333333 0
v -10.08 -3.576279E-07 -9.599998 0.24 0.12 0
v -10.08 0.1599996 -9.599998 0.2133334 0.1066667 0
v -10.24 0.1599996 -9.599998 0.2666667 0.1333333 0
v -10.24 -3.576279E-07 -9.599998 0.2666667 0.1333333 0
v -10.24 -3.576279E-07 -9.599998 0.2666667 0.1333333 0
v -10.24 0.1599996 -9.599998 0.2666667 0.1333333 0
v -10.24 0.1599996 -9.439999 0.2666667 0.1333333 0
v -10.24 -3.576279E-07 -9.439999 0.2666667 0.1333333 0
v -10.24 0.1599996 -7.199999 0.2666667 0.1333333 0
v -10.24 0.3199996 -7.199999 0.2666667 0.1333333 0
v -10.24 0.3199996 -7.039999 0.2666667 0.1333333 0
v -10.24 0.1599996 -7.039999 0.2666667 0.1333333 0
v -10.24 0.1599996 -7.359999 0.2666667 0.1333333 0
v -10.24 0.3199996 -7.359999 0.2666667 0.1333333 0
v -10.24 0.3199996 -7.199999 0.2666667 0.1333333 0
v -10.24 0.1599996 -7.199999 0.2666667 0.1333333 0
v -10.24 0.1599996 -7.519999 0.2666667 0.1333333 0
v -10.24 0.3199996 -7.519999 0.2666667 0.1333333 0
v -10.24 0.3199996 -7.359999 0.2666667 0.1333333 0
v -10.24 0.1599996 -7.359999 0.2666667 0.1333333 0
v -10.24 0.1599996 -7.679999 0.2133334 0.1066667 0
v -10.24 0.3199996 -7.679999 0.2133334 0.1066667 0
v -10.24 0.3199996 -7.519999 0.2666667 0.1333333 0
v -10.24 0.1599996 -7.519999 0.2666667 0.1333333 0
v -10.24 0.1599996 -8.479999 0.2666667 0.1333333 0
v -10.24 0.3199996 -8.479999 0.2666667 0.1333333 0
v -10.24 0.3199996 -8.319999 0.2133334 0.1066667 0
v -10.24 0.1599996 -8.319999 0.2133334 0.1066667 0
v -10.24 0.1599996 -8.639999 0.2666667 0.1333333 0
v -10.24 0.3199996 -8.639999 0.2666667 0.1333333 0
v -10.24 0.3199996 -8.479999 0.2666667 0.1333333 0
v -10.24 0.1599996 -8.479999 0.2666667 0.1333333 0
v -10.24 0.1599996 -8.799999 0.2666667 0.1333333 0
v -10.24 0.3199996 -8.799999 0.2666667 0.1333333 0
v -10.24 0.3199996 -8.639999 0.2666667 0.1333333 0
v -10.24 0.1599996 -8.639999 0.2666667 0.1333333 0
v -10.24 0.1599996 -8.959999 0.2666667 0.1333333 0
v -10.24 0.3199996 -8.959999 0.2666667 0.1333333 0
v -10.24 0.3199996 -8.799999 0.2666667 0.1333333 0
v -10.24 0.1599996 -8.799999 0.2666667 0.1333333 0
v -10.24 0.1599996 -9.119999 0.2666667 0.1333333 0
v -10.24 0.3199996 -9.119999 0.2666667 0.1333333 0
v -10.24 0.3199996 -8.959999 0.2666667 0.1333333 0
v -10.24 0.1599996 -8.959999 0.2666667 0.1333333 0
v -10.24 0.1599996 -9.279999 0.2666667 0.1333333 0
v -10.24 0.3199996 -9.279999 0.2666667 0.1333333 0
v -10.24 0.3199996 -9.119999 0.2666667 0.1333333 0
v -10.24 0.1599996 -9.119999 0.2666667 0.1333333 0
v -10.24 0.1599996 -9.439999 0.2666667 0.1333333 0
v -10.24 0.3199996 -9.439999 0.2666667 0.1333333 0
v -10.24 0.3199996 -9.279999 0.2666667 0.1333333 0
v -10.24 0.1599996 -9.279999 0.2666667 0.1333333 0
v -10.08 0.1599996 -9.599998 0.2133334 0.1066667 0
v -10.08 0.3199996 -9.599998 0.2133334 0.1066667 0
v -10.24 0.3199996 -9.599998 0.2666667 0.1333333 0
v -10.24 0.1599996 -9.599998 0.2666667 0.1333333 0
v -10.24 0.1599996 -9.599998 0.2666667 0.1333333 0
v -10.24 0.3199996 -9.599998 0.2666667 0.1333333 0
v -10.24 0.3199996 -9.439999 0.2666667 0.1333333 0
v -10.24 0.1599996 -9.439999 0.2666667 0.1333333 0
v -10.24 0.3199996 -7.199999 0.2666667 0.1333333 0
v -10.24 0.4799997 -7.199999 0.2666667 0.1333333 0
v -10.24 0.4799997 -7.039999 0.2666667 0.1333333 0
v -10.24 0.3199996 -7.039999 0.2666667 0.1333333 0
v -10.24 0.3199996 -7.359999 0.2666667 0.1333333 0
v -10.24 0.4799997 -7.359999 0.2666667 0.1333333 0
v -10.24 0.4799997 -7.199999 0.2666667 0.1333333 0
v -10.24 0.3199996 -7.199999 0.2666667 0.1333333 0
v -10.24 0.3199996 -7.519999 0.2666667 0.1333333 0
v -10.24 0.4799997 -7.519999 0.2666667 0.1333333 0
v -10.24 0.4799997 -7.359999 0.2666667 0.1333333 0
v -10.24 0.3199996 -7.359999 0.2666667 0.1333333 0
v -10.24 0.3199996 -7.679999 0.2133334 0.1066667 0
v -10.24 0.4799997 -7.679999 0.24 0.12 0
v -10.24 0.4799997 -7.519999 0.2666667 0.1333333 0
v -10.24 0.3199996 -7.519999 0.2666667 0.1333333 0
v -10.24 0.3199996 -8.479999 0.2666667 0.1333333 0
v -10.24 0.4799997 -8.479999 0.2666667 0.1333333 0
v -10.24 0.4799997 -8.319999 0.24 0.12 0
v -10.24 0.3199996 -8.319999 0.2133334 0.1066667 0
v -10.24 0.3199996 -8.639999 0.2666667 0.1333333 0
v -10.24 0.4799997 -8.639999 0.2666667 0.1333333 0
v -10.24 0.4799997 -8.479999 0.2666667 0.1333333 0
v -10.24 0.3199996 -8.479999 0.2666667 0.1333333 0
v -10.24 0.3199996 -8.799999 0.2666667 0.1333333 0
v -10.24 0.4799997 -8.799999 0.2666667 0.1333333 0
v -10.24 0.4799997 -8.639999 0.2666667 0.1333333 0
v -10.24 0.3199996 -8.639999 0.2666667 0.1333333 0
v -10.24 0.3199996 -8.959999 0.2666667 0.1333333 0
v -10.24 0.4799997 -8.959999 0.2666667 0.1333333 0
v -10.24 0.4799997 -8.799999 0.2666667 0.1333333 0
v -10.24 0.3199996 -8.799999 0.2666667 0.1333333 0
v -10.24 0.3199996 -9.119999 0.2666667 0.1333333 0
v -10.24 0.4799997 -9.119999 0.2666667 0.1333333 0
v -10.24 0.4799997 -8.959999 0.2666667 0.1333333 0
v -10.24 0.3199996 -8.959999 0.2666667 0.1333333 0
v -10.08 0.4799997 -9.119999 0.2133334 0.1066667 0
v -10.24 0.4799997 -9.119999 0.24 0.12 0
v -10.24 0.4799997 -9.279999 0.2666667 0.1333333 0
v -10.08 0.4799997 -9.279999 0.2133334 0.1066667 0
v -10.24 0.3199996 -9.279999 0.2666667 0.1333333 0
v -10.24 0.4799997 -9.279999 0.2666667 0.1333333 0
v -10.24 0.4799997 -9.119999 0.2666667 0.1333333 0
v -10.24 0.3199996 -9.119999 0.2666667 0.1333333 0
v -10.08 0.4799997 -9.279999 0.2133334 0.1066667 0
v -10.24 0.4799997 -9.279999 0.2666667 0.1333333 0
v -10.24 0.4799997 -9.439999 0.2666667 0.1333333 0
v -10.08 0.4799997 -9.439999 0.2133334 0.1066667 0
v -10.24 0.3199996 -9.439999 0.2666667 0.1333333 0
v -10.24 0.4799997 -9.439999 0.2666667 0.1333333 0
v -10.24 0.4799997 -9.279999 0.2666667 0.1333333 0
v -10.24 0.3199996 -9.279999 0.2666667 0.1333333 0
v -10.08 0.4799997 -9.439999 0.2133334 0.1066667 0
v -10.24 0.4799997 -9.439999 0.2666667 0.1333333 0
v -10.24 0.4799997 -9.599998 0.2666667 0.1333333 0
v -10.08 0.4799997 -9.599998 0.2133334 0.1066667 0
v -10.08 0.3199996 -9.599998 0.2133334 0.1066667 0
v -10.08 0.4799997 -9.599998 0.2133334 0.1066667 0
v -10.24 0.4799997 -9.599998 0.2666667 0.1333333 0
v -10.24 0.3199996 -9.599998 0.2666667 0.1333333 0
v -10.24 0.3199996 -9.599998 0.2666667 0.1333333 0
v -10.24 0.4799997 -9.599998 0.2666667 0.1333333 0
v -10.24 0.4799997 -9.439999 0.2666667 0.1333333 0
v -10.24 0.3199996 -9.439999 0.2666667 0.1333333 0
v -10.08 0.6399996 -7.039999 0.2666667 0.1333333 0
v -10.24 0.6399996 -7.039999 0.2666667 0.1333333 0
v -10.24 0.6399996 -7.199999 0.2666667 0.1333333 0
v -10.08 0.6399996 -7.199999 0.2666667 0.1333333 0
v -10.24 0.4799997 -7.199999 0.2666667 0.1333333 0
v -10.24 0.6399996 -7.199999 0.2666667 0.1333333 0
v -10.24 0.6399996 -7.039999 0.2666667 0.1333333 0
v -10.24 0.4799997 -7.039999 0.2666667 0.1333333 0
v -10.08 0.6399996 -7.199999 0.2666667 0.1333333 0
v -10.24 0.6399996 -7.199999 0.2666667 0.1333333 0
v -10.24 0.6399996 -7.359999 0.2666667 0.1333333 0
v -10.08 0.6399996 -7.359999 0.2666667 0.1333333 0
v -10.24 0.4799997 -7.359999 0.2666667 0.1333333 0
v -10.24 0.6399996 -7.359999 0.2666667 0.1333333 0
v -10.24 0.6399996 -7.199999 0.2666667 0.1333333 0
v -10.24 0.4799997 -7.199999 0.2666667 0.1333333 0
v -10.08 0.6399996 -7.359999 0.2666667 0.1333333 0
v -10.24 0.6399996 -7.359999 0.2666667 0.1333333 0
v -10.24 0.6399996 -7.519999 0.2666667 0.1333333 0
v -10.08 0.6399996 -7.519999 0.24 0.12 0
v -10.24 0.4799997 -7.519999 0.2666667 0.1333333 0
v -10.24 0.6399996 -7.519999 0.2666667 0.1333333 0
v -10.24 0.6399996 -7.359999 0.2666667 0.1333333 0
v -10.24 0.4799997 -7.359999 0.2666667 0.1333333 0
v -10.08 0.6399996 -7.519999 0.24 0.12 0
v -10.24 0.6399996 -7.519999 0.2666667 0.1333333 0
v -10.24 0.6399996 -7.679999 0.24 0.12 0
v -10.08 0.6399996 -7.679999 0.2133334 0.1066667 0
v -10.24 0.4799997 -7.679999 0.24 0.12 0
v -10.24 0.6399996 -7.679999 0.2666667 0.1333333 0
v -10.24 0.6399996 -7.519999 0.2666667 0.1333333 0
v -10.24 0.4799997 -7.519999 0.2666667 0.1333333 0
v -10.24 0.4799997 -7.839999 0.1505882 0.07843138 0
v -10.24 0.6399996 -7.839999 0.1882353 0.09803922 0
v -10.24 0.6399996 -7.679999 0.1882353 0.09803922 0
v -10.24 0.4799997 -7.679999 0.1694118 0.0882353 0
v -10.24 0.4799997 -7.999999 0.1505882 0.07843138 0
v -10.24 0.6399996 -7.999999 0.1882353 0.09803922 0
v -10.24 0.6399996 -7.839999 0.1882353 0.09803922 0
v -10.24 0.4799997 -7.839999 0.1505882 0.07843138 0
v -10.24 0.4799997 -8.159999 0.1505882 0.07843138 0
v -10.24 0.6399996 -8.159999 0.1882353 0.09803922 0
v -10.24 0.6399996 -7.999999 0.1882353 0.09803922 0
v -10.24 0.4799997 -7.999999 0.1505882 0.07843138 0
v -10.08 0.6399996 -8.159999 0.24 0.12 0
v -10.24 0.6399996 -8.159999 0.24 0.12 0
v -10.24 0.6399996 -8.319999 0.2666667 0.1333333 0
v -10.08 0.6399996 -8.319999 0.2666667 0.1333333 0
v -10.24 0.4799997 -8.319999 0.24 0.12 0
v -10.24 0.6399996 -8.319999 0.2666667 0.1333333 0
v -10.24 0.6399996 -8.159999 0.2666667 0.1333333 0
v -10.24 0.4799997 -8.159999 0.2133334 0.1066667 0
v -10.08 0.6399996 -8.319999 0.2666667 0.1333333 0
v -10.24 0.6399996 -8.319999 0.2666667 0.1333333 0
v -10.24 0.6399996 -8.479999 0.2666667 0.1333333 0
v -10.08 0.6399996 -8.479999 0.2666667 0.1333333 0
v -10.24 0.4799997 -8.479999 0.2666667 0.1333333 0
v -10.24 0.6399996 -8.479999 0.2666667 0.1333333 0
v -10.24 0.6399996 -8.319999 0.2666667 0.1333333 0
v -10.24 0.4799997 -8.319999 0.24 0.12 0
v -10.08 0.6399996 -8.479999 0.2666667 0.1333333 0
v -10.24 0.6399996 -8.479999 0.2666667 0.1333333 0
v -10.24 0.6399996 -8.639999 0.2666667 0.1333333 0
v -10.08 0.6399996 -8.639999 0.2666667 0.1333333 0
v -10.24 0.4799997 -8.639999 0.2666667 0.1333333 0
v -10.24 0.6399996 -8.639999 0.2666667 0.1333333 0
v -10.24 0.6399996 -8.479999 0.2666667 0.1333333 0
v -10.24 0.4799997 -8.479999 0.2666667 0.1333333 0
v -10.08 0.6399996 -8.639999 0.2666667 0.1333333 0
v -10.24 0.6399996 -8.639999 0.2666667 0.1333333 0
v -10.24 0.6399996 -8.799999 0.2666667 0.1333333 0
v -10.08 0.6399996 -8.799999 0.2666667 0.1333333 0
v -10.24 0.4799997 -8.799999 0.2666667 0.1333333 0
v -10.24 0.6399996 -8.799999 0.2666667 0.1333333 0
v -10.24 0.6399996 -8.639999 0.2666667 0.1333333 0
v -10.24 0.4799997 -8.639999 0.2666667 0.1333333 0
v -10.08 0.6399996 -8.799999 0.2666667 0.1333333 0
v -10.24 0.6399996 -8.799999 0.2666667 0.1333333 0
v -10.24 0.6399996 -8.959999 0.2666667 0.1333333 0
v -10.08 0.6399996 -8.959999 0.2666667 0.1333333 0
v -10.24 0.4799997 -8.959999 0.2666667 0.1333333 0
v -10.24 0.6399996 -8.959999 0.2666667 0.1333333 0
v -10.24 0.6399996 -8.799999 0.2666667 0.1333333 0
v -10.24 0.4799997 -8.799999 0.2666667 0.1333333 0
v -10.08 0.6399996 -8.959999 0.2666667 0.1333333 0
v -10.24 0.6399996 -8.959999 0.2666667 0.1333333 0
v -10.24 0.6399996 -9.119999 0.2666667 0.1333333 0
v -10.08 0.6399996 -9.119999 0.24 0.12 0
v -10.08 0.4799997 -9.119999 0.2133334 0.1066667 0
v -10.08 0.6399996 -9.119999 0.2133334 0.1066667 0
v -10.24 0.6399996 -9.119999 0.2666667 0.1333333 0
v -10.24 0.4799997 -9.119999 0.24 0.12 0
v -10.24 0.4799997 -9.119999 0.2666667 0.1333333 0
v -10.24 0.6399996 -9.119999 0.2666667 0.1333333 0
v -10.24 0.6399996 -8.959999 0.2666667 0.1333333 0
v -10.24 0.4799997 -8.959999 0.2666667 0.1333333 0
v -10.08 0.7999996 -7.679999 0.1882353 0.09803922 0
v -10.24 0.7999996 -7.679999 0.1882353 0.09803922 0
v -10.24 0.7999996 -7.839999 0.1882353 0.09803922 0
v -10.08 0.7999996 -7.839999 0.1882353 0.09803922 0
v -10.24 0.6399996 -7.679999 0.1694118 0.0882353 0
v -10.24 0.7999996 -7.679999 0.1882353 0.09803922 0
v -10.08 0.7999996 -7.679999 0.1694118 0.0882353 0
v -10.08 0.6399996 -7.679999 0.1505882 0.07843138 0
v -10.24 0.6399996 -7.839999 0.1882353 0.09803922 0
v -10.24 0.7999996 -7.839999 0.1882353 0.09803922 0
v -10.24 0.7999996 -7.679999 0.1882353 0.09803922 0
v -10.24 0.6399996 -7.679999 0.1882353 0.09803922 0
v -10.08 0.7999996 -7.839999 0.1882353 0.09803922 0
v -10.24 0.7999996 -7.839999 0.1882353 0.09803922 0
v -10.24 0.7999996 -7.999999 0.1882353 0.09803922 0
v -10.08 0.7999996 -7.999999 0.1882353 0.09803922 0
v -10.24 0.6399996 -7.999999 0.1882353 0.09803922 0
v -10.24 0.7999996 -7.999999 0.1882353 0.09803922 0
v -10.24 0.7999996 -7.839999 0.1882353 0.09803922 0
v -10.24 0.6399996 -7.839999 0.1882353 0.09803922 0
v -10.08 0.7999996 -7.999999 0.1882353 0.09803922 0
v -10.24 0.7999996 -7.999999 0.1882353 0.09803922 0
v -10.24 0.7999996 -8.159999 0.1882353 0.09803922 0
v -10.08 0.7999996 -8.159999 0.1882353 0.09803922 0
v -10.08 0.6399996 -8.159999 0.1505882 0.07843138 0
v -10.08 0.7999996 -8.159999 0.1882353 0.09803922 0
v -10.24 0.7999996 -8.159999 0.1882353 0.09803922 0
v -10.24 0.6399996 -8.159999 0.1694118 0.0882353 0
v -10.08 0.6399996 -7.999999 0.1505882 0.07843138 0
v -10.08 0.7999996 -7.999999 0.1694118 0.0882353 0
v -10.08 0.7999996 -8.159999 0.1882353 0.09803922 0
v -10.08 0.6399996 -8.159999 0.1505882 0.07843138 0
v -10.24 0.6399996 -8.159999 0.1882353 0.09803922 0
v -10.24 0.7999996 -8.159999 0.1882353 0.09803922 0
v -10.24 0.7999996 -7.999999 0.1882353 0.09803922 0
v -10.24 0.6399996 -7.999999 0.1882353 0.09803922 0
v -10.24 -3.576279E-07 -7.839999 0.2666667 0.1333333 0
v -10.4 -3.576279E-07 -7.839999 0.2666667 0.1333333 0
v -10.4 -3.576279E-07 -7.679999 0.2666667 0.1333333 0
v -10.24 -3.576279E-07 -7.679999 0.2666667 0.1333333 0
v -10.4 -3.576279E-07 -7.679999 0.2666667 0.1333333 0
v -10.4 0.1599996 -7.679999 0.2666667 0.1333333 0
v -10.24 0.1599996 -7.679999 0.2133334 0.1066667 0
v -10.24 -3.576279E-07 -7.679999 0.24 0.12 0
v -10.4 -3.576279E-07 -7.839999 0.2666667 0.1333333 0
v -10.4 0.1599996 -7.839999 0.2666667 0.1333333 0
v -10.4 0.1599996 -7.679999 0.2666667 0.1333333 0
v -10.4 -3.576279E-07 -7.679999 0.2666667 0.1333333 0
v -10.24 -3.576279E-07 -7.999999 0.2666667 0.1333333 0
v -10.4 -3.576279E-07 -7.999999 0.2666667 0.1333333 0
v -10.4 -3.576279E-07 -7.839999 0.2666667 0.1333333 0
v -10.24 -3.576279E-07 -7.839999 0.2666667 0.1333333 0
v -10.4 -3.576279E-07 -7.999999 0.2666667 0.1333333 0
v -10.4 0.1599996 -7.999999 0.2666667 0.1333333 0
v -10.4 0.1599996 -7.839999 0.2666667 0.1333333 0
v -10.4 -3.576279E-07 -7.839999 0.2666667 0.1333333 0
v -10.24 -3.576279E-07 -8.159999 0.2666667 0.1333333 0
v -10.4 -3.576279E-07 -8.159999 0.2666667 0.1333333 0
v -10.4 -3.576279E-07 -7.999999 0.2666667 0.1333333 0
v -10.24 -3.576279E-07 -7.999999 0.2666667 0.1333333 0
v -10.4 -3.576279E-07 -8.159999 0.2666667 0.1333333 0
v -10.4 0.1599996 -8.159999 0.2666667 0.1333333 0
v -10.4 0.1599996 -7.999999 0.2666667 0.1333333 0
v -10.4 -3.576279E-07 -7.999999 0.2666667 0.1333333 0
v -10.24 -3.576279E-07 -8.319999 0.2666667 0.1333333 0
v -10.4 -3.576279E-07 -8.319999 0.2666667 0.1333333 0
v -10.4 -3.576279E-07 -8.159999 0.2666667 0.1333333 0
v -10.24 -3.576279E-07 -8.159999 0.2666667 0.1333333 0
v -10.24 -3.576279E-07 -8.319999 0.24 0.12 0
v -10.24 0.1599996 -8.319999 0.2133334 0.1066667 0
v -10.4 0.1599996 -8.319999 0.2666667 0.1333333 0
v -10.4 -3.576279E-07 -8.319999 0.2666667 0.1333333 0
v -10.4 -3.576279E-07 -8.319999 0.2666667 0.1333333 0
v -10.4 0.1599996 -8.319999 0.2666667 0.1333333 0
v -10.4 0.1599996 -8.159999 0.2666667 0.1333333 0
v -10.4 -3.576279E-07 -8.159999 0.2666667 0.1333333 0
v -10.4 0.1599996 -7.679999 0.2666667 0.1333333 0
v -10.4 0.3199996 -7.679999 0.2666667 0.1333333 0
v -10.24 0.3199996 -7.679999 0.2133334 0.1066667 0
v -10.24 0.1599996 -7.679999 0.2133334 0.1066667 0
v -10.4 0.1599996 -7.839999 0.2666667 0.1333333 0
v -10.4 0.3199996 -7.839999 0.2666667 0.1333333 0
v -10.4 0.3199996 -7.679999 0.2666667 0.1333333 0
v -10.4 0.1599996 -7.679999 0.2666667 0.1333333 0
v -10.4 0.1599996 -7.999999 0.2666667 0.1333333 0
v -10.4 0.3199996 -7.999999 0.2666667 0.1333333 0
v -10.4 0.3199996 -7.839999 0.2666667 0.1333333 0
v -10.4 0.1599996 -7.839999 0.2666667 0.1333333 0
v -10.4 0.1599996 -8.159999 0.2666667 0.1333333 0
v -10.4 0.3199996 -8.159999 0.2666667 0.1333333 0
v -10.4 0.3199996 -7.999999 0.2666667 0.1333333 0
v -10.4 0.1599996 -7.999999 0.2666667 0.1333333 0
v -10.24 0.1599996 -8.319999 0.2133334 0.1066667 0
v -10.24 0.3199996 -8.319999 0.2133334 0.1066667 0
v -10.4 0.3199996 -8.319999 0.2666667 0.1333333 0
v -10.4 0.1599996 -8.319999 0.2666667 0.1333333 0
v -10.4 0.1599996 -8.319999 0.2666667 0.1333333 0
v -10.4 0.3199996 -8.319999 0.2666667 0.1333333 0
v -10.4 0.3199996 -8.159999 0.2666667 0.1333333 0
v -10.4 0.1599996 -8.159999 0.2666667 0.1333333 0
v -10.24 0.4799997 -7.679999 0.2133334 0.1066667 0
v -10.4 0.4799997 -7.679999 0.2666667 0.1333333 0
v -10.4 0.4799997 -7.839999 0.2666667 0.1333333 0
v -10.24 0.4799997 -7.839999 0.2133334 0.1066667 0
v -10.4 0.3199996 -7.679999 0.2666667 0.1333333 0
v -10.4 0.4799997 -7.679999 0.2666667 0.1333333 0
v -10.24 0.4799997 -7.679999 0.2133334 0.1066667 0
v -10.24 0.3199996 -7.679999 0.2133334 0.1066667 0
v -10.4 0.3199996 -7.839999 0.2666667 0.1333333 0
v -10.4 0.4799997 -7.839999 0.2666667 0.1333333 0
v -10.4 0.4799997 -7.679999 0.2666667 0.1333333 0
v -10.4 0.3199996 -7.679999 0.2666667 0.1333333 0
v -10.24 0.4799997 -7.839999 0.2133334 0.1066667 0
v -10.4 0.4799997 -7.839999 0.2666667 0.1333333 0
v -10.4 0.4799997 -7.999999 0.2666667 0.1333333 0
v -10.24 0.4799997 -7.999999 0.2133334 0.1066667 0
v -10.4 0.3199996 -7.999999 0.2666667 0.1333333 0
v -10.4 0.4799997 -7.999999 0.2666667 0.1333333 0
v -10.4 0.4799997 -7.839999 0.2666667 0.1333333 0
v -10.4 0.3199996 -7.839999 0.2666667 0.1333333 0
v -10.24 0.4799997 -7.999999 0.2133334 0.1066667 0
v -10.4 0.4799997 -7.999999 0.2666667 0.1333333 0
v -10.4 0.4799997 -8.159999 0.2666667 0.1333333 0
v -10.24 0.4799997 -8.159999 0.2133334 0.1066667 0
v -10.4 0.3199996 -8.159999 0.2666667 0.1333333 0
v -10.4 0.4799997 -8.159999 0.2666667 0.1333333 0
v -10.4 0.4799997 -7.999999 0.2666667 0.1333333 0
v -10.4 0.3199996 -7.999999 0.2666667 0.1333333 0
v -10.24 0.4799997 -8.159999 0.2133334 0.1066667 0
v -10.4 0.4799997 -8.159999 0.2666667 0.1333333 0
v -10.4 0.4799997 -8.319999 0.2666667 0.1333333 0
v -10.24 0.4799997 -8.319999 0.2133334 0.1066667 0
v -10.24 0.3199996 -8.319999 0.2133334 0.1066667 0
v -10.24 0.4799997 -8.319999 0.2133334 0.1066667 0
v -10.4 0.4799997 -8.319999 0.2666667 0.1333333 0
v -10.4 0.3199996 -8.319999 0.2666667 0.1333333 0
v -10.4 0.3199996 -8.319999 0.2666667 0.1333333 0
v -10.4 0.4799997 -8.319999 0.2666667 0.1333333 0
v -10.4 0.4799997 -8.159999 0.2666667 0.1333333 0
v -10.4 0.3199996 -8.159999 0.2666667 0.1333333 0
v -9.599998 -3.576279E-07 -9.759998 0.2666667 0.1333333 0
v -9.759998 -3.576279E-07 -9.759998 0.2666667 0.1333333 0
v -9.759998 -3.576279E-07 -9.599998 0.2666667 0.1333333 0
v -9.599998 -3.576279E-07 -9.599998 0.2666667 0.1333333 0
v -9.599998 -3.576279E-07 -9.919998 0.2666667 0.1333333 0
v -9.759998 -3.576279E-07 -9.919998 0.2666667 0.1333333 0
v -9.759998 -3.576279E-07 -9.759998 0.2666667 0.1333333 0
v -9.599998 -3.576279E-07 -9.759998 0.2666667 0.1333333 0
v -9.599998 -3.576279E-07 -10.08 0.2666667 0.1333333 0
v -9.759998 -3.576279E-07 -10.08 0.2666667 0.1333333 0
v -9.759998 -3.576279E-07 -9.919998 0.2666667 0.1333333 0
v -9.599998 -3.576279E-07 -9.919998 0.2666667 0.1333333 0
v -9.599998 -3.576279E-07 -10.24 0.2666667 0.1333333 0
v -9.759998 -3.576279E-07 -10.24 0.2666667 0.1333333 0
v -9.759998 -3.576279E-07 -10.08 0.2666667 0.1333333 0
v -9.599998 -3.576279E-07 -10.08 0.2666667 0.1333333 0
v -9.599998 -3.576279E-07 -10.4 0.2666667 0.1333333 0
v -9.759998 -3.576279E-07 -10.4 0.2666667 0.1333333 0
v -9.759998 -3.576279E-07 -10.24 0.2666667 0.1333333 0
v -9.599998 -3.576279E-07 -10.24 0.2666667 0.1333333 0
v -9.599998 -3.576279E-07 -10.56 0.2666667 0.1333333 0
v -9.759998 -3.576279E-07 -10.56 0.2666667 0.1333333 0
v -9.759998 -3.576279E-07 -10.4 0.2666667 0.1333333 0
v -9.599998 -3.576279E-07 -10.4 0.2666667 0.1333333 0
v -9.599998 -3.576279E-07 -10.72 0.2666667 0.1333333 0
v -9.759998 -3.576279E-07 -10.72 0.2666667 0.1333333 0
v -9.759998 -3.576279E-07 -10.56 0.2666667 0.1333333 0
v -9.599998 -3.576279E-07 -10.56 0.2666667 0.1333333 0
v -9.759998 -3.576279E-07 -10.72 0.2666667 0.1333333 0
v -9.759998 0.1599996 -10.72 0.2666667 0.1333333 0
v -9.759998 0.1599996 -10.56 0.2133334 0.1066667 0
v -9.759998 -3.576279E-07 -10.56 0.24 0.12 0
v -9.599998 -3.576279E-07 -10.88 0.2666667 0.1333333 0
v -9.759998 -3.576279E-07 -10.88 0.2666667 0.1333333 0
v -9.759998 -3.576279E-07 -10.72 0.2666667 0.1333333 0
v -9.599998 -3.576279E-07 -10.72 0.2666667 0.1333333 0
v -9.599998 -3.576279E-07 -10.88 0.24 0.12 0
v -9.599998 0.1599996 -10.88 0.2133334 0.1066667 0
v -9.759998 0.1599996 -10.88 0.2666667 0.1333333 0
v -9.759998 -3.576279E-07 -10.88 0.2666667 0.1333333 0
v -9.759998 -3.576279E-07 -10.88 0.2666667 0.1333333 0
v -9.759998 0.1599996 -10.88 0.2666667 0.1333333 0
v -9.759998 0.1599996 -10.72 0.2666667 0.1333333 0
v -9.759998 -3.576279E-07 -10.72 0.2666667 0.1333333 0
v -9.759998 0.1599996 -10.72 0.2666667 0.1333333 0
v -9.759998 0.3199996 -10.72 0.2666667 0.1333333 0
v -9.759998 0.3199996 -10.56 0.2133334 0.1066667 0
v -9.759998 0.1599996 -10.56 0.2133334 0.1066667 0
v -9.599998 0.1599996 -10.88 0.2133334 0.1066667 0
v -9.599998 0.3199996 -10.88 0.2133334 0.1066667 0
v -9.759998 0.3199996 -10.88 0.2666667 0.1333333 0
v -9.759998 0.1599996 -10.88 0.2666667 0.1333333 0
v -9.759998 0.1599996 -10.88 0.2666667 0.1333333 0
v -9.759998 0.3199996 -10.88 0.2666667 0.1333333 0
v -9.759998 0.3199996 -10.72 0.2666667 0.1333333 0
v -9.759998 0.1599996 -10.72 0.2666667 0.1333333 0
v -9.599998 0.4799997 -10.56 0.2133334 0.1066667 0
v -9.759998 0.4799997 -10.56 0.24 0.12 0
v -9.759998 0.4799997 -10.72 0.2666667 0.1333333 0
v -9.599998 0.4799997 -10.72 0.2133334 0.1066667 0
v -9.759998 0.3199996 -10.72 0.2666667 0.1333333 0
v -9.759998 0.4799997 -10.72 0.2666667 0.1333333 0
v -9.759998 0.4799997 -10.56 0.24 0.12 0
v -9.759998 0.3199996 -10.56 0.2133334 0.1066667 0
v -9.599998 0.4799997 -10.72 0.2133334 0.1066667 0
v -9.759998 0.4799997 -10.72 0.2666667 0.1333333 0
v -9.759998 0.4799997 -10.88 0.2666667 0.1333333 0
v -9.599998 0.4799997 -10.88 0.24 0.12 0
v -9.599998 0.3199996 -10.88 0.2133334 0.1066667 0
v -9.599998 0.4799997 -10.88 0.24 0.12 0
v -9.759998 0.4799997 -10.88 0.2666667 0.1333333 0
v -9.759998 0.3199996 -10.88 0.2666667 0.1333333 0
v -9.759998 0.3199996 -10.88 0.2666667 0.1333333 0
v -9.759998 0.4799997 -10.88 0.2666667 0.1333333 0
v -9.759998 0.4799997 -10.72 0.2666667 0.1333333 0
v -9.759998 0.3199996 -10.72 0.2666667 0.1333333 0
v -9.599998 0.6399996 -9.599998 0.2666667 0.1333333 0
v -9.759998 0.6399996 -9.599998 0.2666667 0.1333333 0
v -9.759998 0.6399996 -9.759998 0.2666667 0.1333333 0
v -9.599998 0.6399996 -9.759998 0.2666667 0.1333333 0
v -9.599998 0.6399996 -9.759998 0.2666667 0.1333333 0
v -9.759998 0.6399996 -9.759998 0.2666667 0.1333333 0
v -9.759998 0.6399996 -9.919998 0.2666667 0.1333333 0
v -9.599998 0.6399996 -9.919998 0.2666667 0.1333333 0
v -9.599998 0.6399996 -9.919998 0.2666667 0.1333333 0
v -9.759998 0.6399996 -9.919998 0.2666667 0.1333333 0
v -9.759998 0.6399996 -10.08 0.2666667 0.1333333 0
v -9.599998 0.6399996 -10.08 0.2666667 0.1333333 0
v -9.599998 0.6399996 -10.08 0.2666667 0.1333333 0
v -9.759998 0.6399996 -10.08 0.2666667 0.1333333 0
v -9.759998 0.6399996 -10.24 0.2666667 0.1333333 0
v -9.599998 0.6399996 -10.24 0.24 0.12 0
v -9.599998 0.6399996 -10.24 0.24 0.12 0
v -9.759998 0.6399996 -10.24 0.2666667 0.1333333 0
v -9.759998 0.6399996 -10.4 0.24 0.12 0
v -9.599998 0.6399996 -10.4 0.2133334 0.1066667 0
v -9.759998 0.4799997 -10.4 0.2133334 0.1066667 0
v -9.759998 0.6399996 -10.4 0.2666667 0.1333333 0
v -9.759998 0.6399996 -10.24 0.24 0.12 0
v -9.759998 0.4799997 -10.24 0.2133334 0.1066667 0
v -9.599998 0.4799997 -10.56 0.1505882 0.07843138 0
v -9.599998 0.6399996 -10.56 0.1505882 0.07843138 0
v -9.759998 0.6399996 -10.56 0.1882353 0.09803922 0
v -9.759998 0.4799997 -10.56 0.1694118 0.0882353 0
v -9.759998 0.4799997 -10.56 0.1694118 0.0882353 0
v -9.759998 0.6399996 -10.56 0.1882353 0.09803922 0
v -9.759998 0.6399996 -10.4 0.1882353 0.09803922 0
v -9.759998 0.4799997 -10.4 0.1505882 0.07843138 0
v -9.599998 0.7999996 -10.4 0.1882353 0.09803922 0
v -9.759998 0.7999996 -10.4 0.1882353 0.09803922 0
v -9.759998 0.7999996 -10.56 0.1882353 0.09803922 0
v -9.599998 0.7999996 -10.56 0.1882353 0.09803922 0
v -9.759998 0.6399996 -10.4 0.1694118 0.0882353 0
v -9.759998 0.7999996 -10.4 0.1882353 0.09803922 0
v -9.599998 0.7999996 -10.4 0.1694118 0.0882353 0
v -9.599998 0.6399996 -10.4 0.1505882 0.07843138 0
v -9.599998 0.6399996 -10.56 0.1505882 0.07843138 0
v -9.599998 0.7999996 -10.56 0.1694118 0.0882353 0
v -9.759998 0.7999996 -10.56 0.1882353 0.09803922 0
v -9.759998 0.6399996 -10.56 0.1882353 0.09803922 0
v -9.759998 0.6399996 -10.56 0.1882353 0.09803922 0
v -9.759998 0.7999996 -10.56 0.1882353 0.09803922 0
v -9.759998 0.7999996 -10.4 0.1882353 0.09803922 0
v -9.759998 0.6399996 -10.4 0.1882353 0.09803922 0
v -9.759998 -3.576279E-07 -9.759998 0.2666667 0.1333333 0
v -9.919998 -3.576279E-07 -9.759998 0.2666667 0.1333333 0
v -9.919998 -3.576279E-07 -9.599998 0.2666667 0.1333333 0
v -9.759998 -3.576279E-07 -9.599998 0.2666667 0.1333333 0
v -9.759998 -3.576279E-07 -9.919998 0.2666667 0.1333333 0
v -9.919998 -3.576279E-07 -9.919998 0.2666667 0.1333333 0
v -9.919998 -3.576279E-07 -9.759998 0.2666667 0.1333333 0
v -9.759998 -3.576279E-07 -9.759998 0.2666667 0.1333333 0
v -9.759998 -3.576279E-07 -10.08 0.2666667 0.1333333 0
v -9.919998 -3.576279E-07 -10.08 0.2666667 0.1333333 0
v -9.919998 -3.576279E-07 -9.919998 0.2666667 0.1333333 0
v -9.759998 -3.576279E-07 -9.919998 0.2666667 0.1333333 0
v -9.759998 -3.576279E-07 -10.24 0.2666667 0.1333333 0
v -9.919998 -3.576279E-07 -10.24 0.2666667 0.1333333 0
v -9.919998 -3.576279E-07 -10.08 0.2666667 0.1333333 0
v -9.759998 -3.576279E-07 -10.08 0.2666667 0.1333333 0
v -9.919998 -3.576279E-07 -10.24 0.2666667 0.1333333 0
v -9.919998 0.1599996 -10.24 0.2666667 0.1333333 0
v -9.919998 0.1599996 -10.08 0.2133334 0.1066667 0
v -9.919998 -3.576279E-07 -10.08 0.24 0.12 0
v -9.759998 -3.576279E-07 -10.4 0.2666667 0.1333333 0
v -9.919998 -3.576279E-07 -10.4 0.2666667 0.1333333 0
v -9.919998 -3.576279E-07 -10.24 0.2666667 0.1333333 0
v -9.759998 -3.576279E-07 -10.24 0.2666667 0.1333333 0
v -9.919998 -3.576279E-07 -10.4 0.2666667 0.1333333 0
v -9.919998 0.1599996 -10.4 0.2666667 0.1333333 0
v -9.919998 0.1599996 -10.24 0.2666667 0.1333333 0
v -9.919998 -3.576279E-07 -10.24 0.2666667 0.1333333 0
v -9.759998 -3.576279E-07 -10.56 0.2666667 0.1333333 0
v -9.919998 -3.576279E-07 -10.56 0.2666667 0.1333333 0
v -9.919998 -3.576279E-07 -10.4 0.2666667 0.1333333 0
v -9.759998 -3.576279E-07 -10.4 0.2666667 0.1333333 0
v -9.759998 -3.576279E-07 -10.56 0.24 0.12 0
v -9.759998 0.1599996 -10.56 0.2133334 0.1066667 0
v -9.919998 0.1599996 -10.56 0.2666667 0.1333333 0
v -9.919998 -3.576279E-07 -10.56 0.2666667 0.1333333 0
v -9.919998 -3.576279E-07 -10.56 0.2666667 0.1333333 0
v -9.919998 0.1599996 -10.56 0.2666667 0.1333333 0
v -9.919998 0.1599996 -10.4 0.2666667 0.1333333 0
v -9.919998 -3.576279E-07 -10.4 0.2666667 0.1333333 0
v -9.919998 0.1599996 -10.24 0.2666667 0.1333333 0
v -9.919998 0.3199996 -10.24 0.2666667 0.1333333 0
v -9.919998 0.3199996 -10.08 0.2133334 0.1066667 0
v -9.919998 0.1599996 -10.08 0.2133334 0.1066667 0
v -9.919998 0.1599996 -10.4 0.2666667 0.1333333 0
v -9.919998 0.3199996 -10.4 0.2666667 0.1333333 0
v -9.919998 0.3199996 -10.24 0.2666667 0.1333333 0
v -9.919998 0.1599996 -10.24 0.2666667 0.1333333 0
v -9.759998 0.1599996 -10.56 0.2133334 0.1066667 0
v -9.759998 0.3199996 -10.56 0.2133334 0.1066667 0
v -9.919998 0.3199996 -10.56 0.2666667 0.1333333 0
v -9.919998 0.1599996 -10.56 0.2666667 0.1333333 0
v -9.919998 0.1599996 -10.56 0.2666667 0.1333333 0
v -9.919998 0.3199996 -10.56 0.2666667 0.1333333 0
v -9.919998 0.3199996 -10.4 0.2666667 0.1333333 0
v -9.919998 0.1599996 -10.4 0.2666667 0.1333333 0
v -9.919998 0.3199996 -10.24 0.2666667 0.1333333 0
v -9.919998 0.4799997 -10.24 0.2666667 0.1333333 0
v -9.919998 0.4799997 -10.08 0.24 0.12 0
v -9.919998 0.3199996 -10.08 0.2133334 0.1066667 0
v -9.759998 0.4799997 -10.24 0.2133334 0.1066667 0
v -9.919998 0.4799997 -10.24 0.24 0.12 0
v -9.919998 0.4799997 -10.4 0.2666667 0.1333333 0
v -9.759998 0.4799997 -10.4 0.2133334 0.1066667 0
v -9.919998 0.3199996 -10.4 0.2666667 0.1333333 0
v -9.919998 0.4799997 -10.4 0.2666667 0.1333333 0
v -9.919998 0.4799997 -10.24 0.2666667 0.1333333 0
v -9.919998 0.3199996 -10.24 0.2666667 0.1333333 0
v -9.759998 0.4799997 -10.4 0.2133334 0.1066667 0
v -9.919998 0.4799997 -10.4 0.2666667 0.1333333 0
v -9.919998 0.4799997 -10.56 0.2666667 0.1333333 0
v -9.759998 0.4799997 -10.56 0.24 0.12 0
v -9.759998 0.3199996 -10.56 0.2133334 0.1066667 0
v -9.759998 0.4799997 -10.56 0.24 0.12 0
v -9.919998 0.4799997 -10.56 0.2666667 0.1333333 0
v -9.919998 0.3199996 -10.56 0.2666667 0.1333333 0
v -9.919998 0.3199996 -10.56 0.2666667 0.1333333 0
v -9.919998 0.4799997 -10.56 0.2666667 0.1333333 0
v -9.919998 0.4799997 -10.4 0.2666667 0.1333333 0
v -9.919998 0.3199996 -10.4 0.2666667 0.1333333 0
v -9.759998 0.6399996 -9.599998 0.2666667 0.1333333 0
v -9.919998 0.6399996 -9.599998 0.24 0.12 0
v -9.919998 0.6399996 -9.759998 0.2666667 0.1333333 0
v -9.759998 0.6399996 -9.759998 0.2666667 0.1333333 0
v -9.759998 0.6399996 -9.759998 0.2666667 0.1333333 0
v -9.919998 0.6399996 -9.759998 0.2666667 0.1333333 0
v -9.919998 0.6399996 -9.919998 0.2666667 0.1333333 0
v -9.759998 0.6399996 -9.919998 0.2666667 0.1333333 0
v -9.919998 0.4799997 -9.919998 0.2133334 0.1066667 0
v -9.919998 0.6399996 -9.919998 0.2666667 0.1333333 0
v -9.919998 0.6399996 -9.759998 0.24 0.12 0
v -9.919998 0.4799997 -9.759998 0.2133334 0.1066667 0
v -9.759998 0.6399996 -9.919998 0.2666667 0.1333333 0
v -9.919998 0.6399996 -9.919998 0.2666667 0.1333333 0
v -9.919998 0.6399996 -10.08 0.2666667 0.1333333 0
v -9.759998 0.6399996 -10.08 0.2666667 0.1333333 0
v -9.919998 0.4799997 -10.08 0.24 0.12 0
v -9.919998 0.6399996 -10.08 0.2666667 0.1333333 0
v -9.919998 0.6399996 -9.919998 0.2666667 0.1333333 0
v -9.919998 0.4799997 -9.919998 0.2133334 0.1066667 0
v -9.759998 0.6399996 -10.08 0.2666667 0.1333333 0
v -9.919998 0.6399996 -10.08 0.2666667 0.1333333 0
v -9.919998 0.6399996 -10.24 0.2666667 0.1333333 0
v -9.759998 0.6399996 -10.24 0.2666667 0.1333333 0
v -9.759998 0.4799997 -10.24 0.2133334 0.1066667 0
v -9.759998 0.6399996 -10.24 0.24 0.12 0
v -9.919998 0.6399996 -10.24 0.2666667 0.1333333 0
v -9.919998 0.4799997 -10.24 0.24 0.12 0
v -9.919998 0.4799997 -10.24 0.2666667 0.1333333 0
v -9.919998 0.6399996 -10.24 0.2666667 0.1333333 0
v -9.919998 0.6399996 -10.08 0.2666667 0.1333333 0
v -9.919998 0.4799997 -10.08 0.24 0.12 0
v -9.919998 -3.576279E-07 -9.759998 0.2666667 0.1333333 0
v -10.08 -3.576279E-07 -9.759998 0.2666667 0.1333333 0
v -10.08 -3.576279E-07 -9.599998 0.2666667 0.1333333 0
v -9.919998 -3.576279E-07 -9.599998 0.2666667 0.1333333 0
v -10.08 -3.576279E-07 -9.759998 0.2666667 0.1333333 0
v -10.08 0.1599996 -9.759998 0.2666667 0.1333333 0
v -10.08 0.1599996 -9.599998 0.2133334 0.1066667 0
v -10.08 -3.576279E-07 -9.599998 0.24 0.12 0
v -9.919998 -3.576279E-07 -9.919998 0.2666667 0.1333333 0
v -10.08 -3.576279E-07 -9.919998 0.2666667 0.1333333 0
v -10.08 -3.576279E-07 -9.759998 0.2666667 0.1333333 0
v -9.919998 -3.576279E-07 -9.759998 0.2666667 0.1333333 0
v -10.08 -3.576279E-07 -9.919998 0.2666667 0.1333333 0
v -10.08 0.1599996 -9.919998 0.2666667 0.1333333 0
v -10.08 0.1599996 -9.759998 0.2666667 0.1333333 0
v -10.08 -3.576279E-07 -9.759998 0.2666667 0.1333333 0
v -9.919998 -3.576279E-07 -10.08 0.2666667 0.1333333 0
v -10.08 -3.576279E-07 -10.08 0.2666667 0.1333333 0
v -10.08 -3.576279E-07 -9.919998 0.2666667 0.1333333 0
v -9.919998 -3.576279E-07 -9.919998 0.2666667 0.1333333 0
v -9.919998 -3.576279E-07 -10.08 0.24 0.12 0
v -9.919998 0.1599996 -10.08 0.2133334 0.1066667 0
v -10.08 0.1599996 -10.08 0.2666667 0.1333333 0
v -10.08 -3.576279E-07 -10.08 0.2666667 0.1333333 0
v -10.08 -3.576279E-07 -10.08 0.2666667 0.1333333 0
v -10.08 0.1599996 -10.08 0.2666667 0.1333333 0
v -10.08 0.1599996 -9.919998 0.2666667 0.1333333 0
v -10.08 -3.576279E-07 -9.919998 0.2666667 0.1333333 0
v -10.08 0.1599996 -9.759998 0.2666667 0.1333333 0
v -10.08 0.3199996 -9.759998 0.2666667 0.1333333 0
v -10.08 0.3199996 -9.599998 0.2133334 0.1066667 0
v -10.08 0.1599996 -9.599998 0.2133334 0.1066667 0
v -10.08 0.1599996 -9.919998 0.2666667 0.1333333 0
v -10.08 0.3199996 -9.919998 0.2666667 0.1333333 0
v -10.08 0.3199996 -9.759998 0.2666667 0.1333333 0
v -10.08 0.1599996 -9.759998 0.2666667 0.1333333 0
v -9.919998 0.1599996 -10.08 0.2133334 0.1066667 0
v -9.919998 0.3199996 -10.08 0.2133334 0.1066667 0
v -10.08 0.3199996 -10.08 0.2666667 0.1333333 0
v -10.08 0.1599996 -10.08 0.2666667 0.1333333 0
v -10.08 0.1599996 -10.08 0.2666667 0.1333333 0
v -10.08 0.3199996 -10.08 0.2666667 0.1333333 0
v -10.08 0.3199996 -9.919998 0.2666667 0.1333333 0
v -10.08 0.1599996 -9.919998 0.2666667 0.1333333 0
v -10.08 0.3199996 -9.759998 0.2666667 0.1333333 0
v -10.08 0.4799997 -9.759998 0.2666667 0.1333333 0
v -10.08 0.4799997 -9.599998 0.24 0.12 0
v -10.08 0.3199996 -9.599998 0.2133334 0.1066667 0
v -9.919998 0.4799997 -9.759998 0.2133334 0.1066667 0
v -10.08 0.4799997 -9.759998 0.24 0.12 0
v -10.08 0.4799997 -9.919998 0.2666667 0.1333333 0
v -9.919998 0.4799997 -9.919998 0.2133334 0.1066667 0
v -10.08 0.3199996 -9.919998 0.2666667 0.1333333 0
v -10.08 0.4799997 -9.919998 0.2666667 0.1333333 0
v -10.08 0.4799997 -9.759998 0.2666667 0.1333333 0
v -10.08 0.3199996 -9.759998 0.2666667 0.1333333 0
v -9.919998 0.4799997 -9.919998 0.2133334 0.1066667 0
v -10.08 0.4799997 -9.919998 0.2666667 0.1333333 0
v -10.08 0.4799997 -10.08 0.2666667 0.1333333 0
v -9.919998 0.4799997 -10.08 0.2133334 0.1066667 0
v -9.919998 0.3199996 -10.08 0.2133334 0.1066667 0
v -9.919998 0.4799997 -10.08 0.2133334 0.1066667 0
v -10.08 0.4799997 -10.08 0.2666667 0.1333333 0
v -10.08 0.3199996 -10.08 0.2666667 0.1333333 0
v -10.08 0.3199996 -10.08 0.2666667 0.1333333 0
v -10.08 0.4799997 -10.08 0.2666667 0.1333333 0
v -10.08 0.4799997 -9.919998 0.2666667 0.1333333 0
v -10.08 0.3199996 -9.919998 0.2666667 0.1333333 0
v -9.919998 0.6399996 -9.599998 0.24 0.12 0
v -10.08 0.6399996 -9.599998 0.24 0.12 0
v -10.08 0.6399996 -9.759998 0.2666667 0.1333333 0
v -9.919998 0.6399996 -9.759998 0.2666667 0.1333333 0
v -9.919998 0.4799997 -9.759998 0.2133334 0.1066667 0
v -9.919998 0.6399996 -9.759998 0.24 0.12 0
v -10.08 0.6399996 -9.759998 0.2666667 0.1333333 0
v -10.08 0.4799997 -9.759998 0.24 0.12 0
v -10.08 0.4799997 -9.759998 0.2666667 0.1333333 0
v -10.08 0.6399996 -9.759998 0.2666667 0.1333333 0
v -10.08 0.6399996 -9.599998 0.2666667 0.1333333 0
v -10.08 0.4799997 -9.599998 0.24 0.12 0
g Chunk_8x6x7
usemtl Voxel
f 3//1 2//1 1//1
f 4//1 3//1 1//1
f 7//2 6//2 5//2
f 8//2 7//2 5//2
f 11//3 10//3 9//3
f 12//3 11//3 9//3
f 15//2 14//2 13//2
f 16//2 15//2 13//2
f 19//3 18//3 17//3
f 20//3 19//3 17//3
f 23//4 22//4 21//4
f 24//4 23//4 21//4
f 27//2 26//2 25//2
f 28//2 27//2 25//2
f 31//3 30//3 29//3
f 32//3 31//3 29//3
g Chunk_8x6x8
usemtl Voxel
f 35//1 34//1 33//1
f 36//1 35//1 33//1
f 39//2 38//2 37//2
f 40//2 39//2 37//2
f 43//3 42//3 41//3
f 44//3 43//3 41//3
f 47//1 46//1 45//1
f 48//1 47//1 45//1
f 51//3 50//3 49//3
f 52//3 51//3 49//3
f 55//1 54//1 53//1
f 56//1 55//1 53//1
f 59//3 58//3 57//3
f 60//3 59//3 57//3
f 63//1 62//1 61//1
f 64//1 63//1 61//1
f 67//3 66//3 65//3
f 68//3 67//3 65//3
f 71//2 70//2 69//2
f 72//2 71//2 69//2
f 75//3 74//3 73//3
f 76//3 75//3 73//3
f 79//3 78//3 77//3
f 80//3 79//3 77//3
f 83//3 82//3 81//3
f 84//3 83//3 81//3
f 87//3 86//3 85//3
f 88//3 87//3 85//3
f 91//4 90//4 89//4
f 92//4 91//4 89//4
f 95//2 94//2 93//2
f 96//2 95//2 93//2
f 99//3 98//3 97//3
f 100//3 99//3 97//3
f 103//4 102//4 101//4
f 104//4 103//4 101//4
f 107//3 106//3 105//3
f 108//3 107//3 105//3
f 111//4 110//4 109//4
f 112//4 111//4 109//4
f 115//3 114//3 113//3
f 116//3 115//3 113//3
f 119//3 118//3 117//3
f 120//3 119//3 117//3
f 123//2 122//2 121//2
f 124//2 123//2 121//2
f 127//3 126//3 125//3
f 128//3 127//3 125//3
f 131//4 130//4 129//4
f 132//4 131//4 129//4
f 135//2 134//2 133//2
f 136//2 135//2 133//2
f 139//5 138//5 137//5
f 140//5 139//5 137//5
f 143//3 142//3 141//3
f 144//3 143//3 141//3
f 147//1 146//1 145//1
f 148//1 147//1 145//1
f 151//2 150//2 149//2
f 152//2 151//2 149//2
f 155//3 154//3 153//3
f 156//3 155//3 153//3
f 159//1 158//1 157//1
f 160//1 159//1 157//1
f 163//3 162//3 161//3
f 164//3 163//3 161//3
f 167//1 166//1 165//1
f 168//1 167//1 165//1
f 171//3 170//3 169//3
f 172//3 171//3 169//3
f 175//1 174//1 173//1
f 176//1 175//1 173//1
f 179//1 178//1 177//1
f 180//1 179//1 177//1
f 183//1 182//1 181//1
f 184//1 183//1 181//1
f 187//1 186//1 185//1
f 188//1 187//1 185//1
f 191//2 190//2 189//2
f 192//2 191//2 189//2
f 195//3 194//3 193//3
f 196//3 195//3 193//3
f 199//3 198//3 197//3
f 200//3 199//3 197//3
f 203//3 202//3 201//3
f 204//3 203//3 201//3
f 207//4 206//4 205//4
f 208//4 207//4 205//4
f 211//2 210//2 209//2
f 212//2 211//2 209//2
f 215//3 214//3 213//3
f 216//3 215//3 213//3
f 219//4 218//4 217//4
f 220//4 219//4 217//4
f 223//3 222//3 221//3
f 224//3 223//3 221//3
f 227//3 226//3 225//3
f 228//3 227//3 225//3
f 231//4 230//4 229//4
f 232//4 231//4 229//4
f 235//2 234//2 233//2
f 236//2 235//2 233//2
f 239//3 238//3 237//3
f 240//3 239//3 237//3
f 243//4 242//4 241//4
f 244//4 243//4 241//4
f 247//3 246//3 245//3
f 248//3 247//3 245//3
f 251//4 250//4 249//4
f 252//4 251//4 249//4
f 255//3 254//3 253//3
f 256//3 255//3 253//3
f 259//3 258//3 257//3
f 260//3 259//3 257//3
f 263//4 262//4 261//4
f 264//4 263//4 261//4
f 267//2 266//2 265//2
f 268//2 267//2 265//2
f 271//3 270//3 269//3
f 272//3 271//3 269//3
f 275//6 274//6 273//6
f 276//6 275//6 273//6
f 279//4 278//4 277//4
f 280//4 279//4 277//4
f 283//1 282//1 281//1
f 284//1 283//1 281//1
f 287//2 286//2 285//2
f 288//2 287//2 285//2
f 291//3 290//3 289//3
f 292//3 291//3 289//3
f 295//1 294//1 293//1
f 296//1 295//1 293//1
f 299//3 298//3 297//3
f 300//3 299//3 297//3
f 303//1 302//1 301//1
f 304//1 303//1 301//1
f 307//3 306//3 305//3
f 308//3 307//3 305//3
f 311//1 310//1 309//1
f 312//1 311//1 309//1
f 315//1 314//1 313//1
f 316//1 315//1 313//1
f 319//1 318//1 317//1
f 320//1 319//1 317//1
f 323//1 322//1 321//1
f 324//1 323//1 321//1
f 327//1 326//1 325//1
f 328//1 327//1 325//1
f 331//1 330//1 329//1
f 332//1 331//1 329//1
f 335//1 334//1 333//1
f 336//1 335//1 333//1
f 339//2 338//2 337//2
f 340//2 339//2 337//2
f 343//3 342//3 341//3
f 344//3 343//3 341//3
f 347//3 346//3 345//3
f 348//3 347//3 345//3
f 351//3 350//3 349//3
f 352//3 351//3 349//3
f 355//4 354//4 353//4
f 356//4 355//4 353//4
f 359//2 358//2 357//2
f 360//2 359//2 357//2
f 363//3 362//3 361//3
f 364//3 363//3 361//3
f 367//4 366//4 365//4
f 368//4 367//4 365//4
f 371//3 370//3 369//3
f 372//3 371//3 369//3
f 375//3 374//3 373//3
f 376//3 375//3 373//3
f 379//4 378//4 377//4
f 380//4 379//4 377//4
f 383//2 382//2 381//2
f 384//2 383//2 381//2
f 387//3 386//3 385//3
f 388//3 387//3 385//3
f 391//4 390//4 389//4
f 392//4 391//4 389//4
f 395//3 394//3 393//3
f 396//3 395//3 393//3
f 399//4 398//4 397//4
f 400//4 399//4 397//4
f 403//3 402//3 401//3
f 404//3 403//3 401//3
f 407//4 406//4 405//4
f 408//4 407//4 405//4
f 411//4 410//4 409//4
f 412//4 411//4 409//4
f 415//4 414//4 413//4
f 416//4 415//4 413//4
f 419//4 418//4 417//4
f 420//4 419//4 417//4
f 423//4 422//4 421//4
f 424//4 423//4 421//4
f 427//2 426//2 425//2
f 428//2 427//2 425//2
f 431//6 430//6 429//6
f 432//6 431//6 429//6
f 435//1 434//1 433//1
f 436//1 435//1 433//1
f 439//2 438//2 437//2
f 440//2 439//2 437//2
f 443//3 442//3 441//3
f 444//3 443//3 441//3
f 447//1 446//1 445//1
f 448//1 447//1 445//1
f 451//3 450//3 449//3
f 452//3 451//3 449//3
f 455//1 454//1 453//1
f 456//1 455//1 453//1
f 459//1 458//1 457//1
f 460//1 459//1 457//1
f 463//1 462//1 461//1
f 464//1 463//1 461//1
f 467//1 466//1 465//1
f 468//1 467//1 465//1
f 471//1 470//1 469//1
f 472//1 471//1 469//1
f 475//1 474//1 473//1
f 476//1 475//1 473//1
f 479//1 478//1 477//1
f 480//1 479//1 477//1
f 483//1 482//1 481//1
f 484//1 483//1 481//1
f 487//1 486//1 485//1
f 488//1 487//1 485//1
f 491//1 490//1 489//1
f 492//1 491//1 489//1
f 495//2 494//2 493//2
f 496//2 495//2 493//2
f 499//3 498//3 497//3
f 500//3 499//3 497//3
f 503//3 502//3 501//3
f 504//3 503//3 501//3
f 507//4 506//4 505//4
f 508//4 507//4 505//4
f 511//2 510//2 509//2
f 512//2 511//2 509//2
f 515//3 514//3 513//3
f 516//3 515//3 513//3
f 519//4 518//4 517//4
f 520//4 519//4 517//4
f 523//3 522//3 521//3
f 524//3 523//3 521//3
f 527//2 526//2 525//2
f 528//2 527//2 525//2
f 531//3 530//3 529//3
f 532//3 531//3 529//3
f 535//3 534//3 533//3
f 536//3 535//3 533//3
f 539//4 538//4 537//4
f 540//4 539//4 537//4
f 543//4 542//4 541//4
f 544//4 543//4 541//4
f 547//4 546//4 545//4
f 548//4 547//4 545//4
f 551//4 550//4 549//4
f 552//4 551//4 549//4
f 555//4 554//4 553//4
f 556//4 555//4 553//4
f 559//4 558//4 557//4
f 560//4 559//4 557//4
f 563//4 562//4 561//4
f 564//4 563//4 561//4
f 567//4 566//4 565//4
f 568//4 567//4 565//4
f 571//2 570//2 569//2
f 572//2 571//2 569//2
f 575//3 574//3 573//3
f 576//3 575//3 573//3
f 579//6 578//6 577//6
f 580//6 579//6 577//6
f 583//4 582//4 581//4
f 584//4 583//4 581//4
f 587//3 586//3 585//3
f 588//3 587//3 585//3
f 591//4 590//4 589//4
f 592//4 591//4 589//4
f 595//5 594//5 593//5
f 596//5 595//5 593//5
f 599//3 598//3 597//3
f 600//3 599//3 597//3
f 603//1 602//1 601//1
f 604//1 603//1 601//1
f 607//2 606//2 605//2
f 608//2 607//2 605//2
f 611//3 610//3 609//3
f 612//3 611//3 609//3
f 615//1 614//1 613//1
f 616//1 615//1 613//1
f 619//3 618//3 617//3
f 620//3 619//3 617//3
f 623//1 622//1 621//1
f 624//1 623//1 621//1
f 627//1 626//1 625//1
f 628//1 627//1 625//1
f 631//1 630//1 629//1
f 632//1 631//1 629//1
f 635//1 634//1 633//1
f 636//1 635//1 633//1
f 639//1 638//1 637//1
f 640//1 639//1 637//1
f 643//1 642//1 641//1
f 644//1 643//1 641//1
f 647//1 646//1 645//1
f 648//1 647//1 645//1
f 651//1 650//1 649//1
f 652//1 651//1 649//1
f 655//1 654//1 653//1
f 656//1 655//1 653//1
f 659//1 658//1 657//1
f 660//1 659//1 657//1
f 663//1 662//1 661//1
f 664//1 663//1 661//1
f 667//1 666//1 665//1
f 668//1 667//1 665//1
f 671//2 670//2 669//2
f 672//2 671//2 669//2
f 675//3 674//3 673//3
f 676//3 675//3 673//3
f 679//3 678//3 677//3
f 680//3 679//3 677//3
f 683//4 682//4 681//4
f 684//4 683//4 681//4
f 687//2 686//2 685//2
f 688//2 687//2 685//2
f 691//3 690//3 689//3
f 692//3 691//3 689//3
f 695//4 694//4 693//4
f 696//4 695//4 693//4
f 699//3 698//3 697//3
f 700//3 699//3 697//3
f 703//4 702//4 701//4
f 704//4 703//4 701//4
f 707//2 706//2 705//2
f 708//2 707//2 705//2
f 711//3 710//3 709//3
f 712//3 711//3 709//3
f 715//4 714//4 713//4
f 716//4 715//4 713//4
f 719//3 718//3 717//3
f 720//3 719//3 717//3
f 723//4 722//4 721//4
f 724//4 723//4 721//4
f 727//4 726//4 725//4
f 728//4 727//4 725//4
f 731//4 730//4 729//4
f 732//4 731//4 729//4
f 735//4 734//4 733//4
f 736//4 735//4 733//4
f 739//4 738//4 737//4
f 740//4 739//4 737//4
f 743//4 742//4 741//4
f 744//4 743//4 741//4
f 747//4 746//4 745//4
f 748//4 747//4 745//4
f 751//4 750//4 749//4
f 752//4 751//4 749//4
f 755//2 754//2 753//2
f 756//2 755//2 753//2
f 759//6 758//6 757//6
f 760//6 759//6 757//6
f 763//4 762//4 761//4
f 764//4 763//4 761//4
f 767//4 766//4 765//4
f 768//4 767//4 765//4
f 771//5 770//5 769//5
f 772//5 771//5 769//5
f 775//3 774//3 773//3
f 776//3 775//3 773//3
f 779//1 778//1 777//1
f 780//1 779//1 777//1
f 783//2 782//2 781//2
f 784//2 783//2 781//2
f 787//3 786//3 785//3
f 788//3 787//3 785//3
f 791//1 790//1 789//1
f 792//1 791//1 789//1
f 795//1 794//1 793//1
f 796//1 795//1 793//1
f 799//1 798//1 797//1
f 800//1 799//1 797//1
f 803//1 802//1 801//1
f 804//1 803//1 801//1
f 807//1 806//1 805//1
f 808//1 807//1 805//1
f 811//1 810//1 809//1
f 812//1 811//1 809//1
f 815//1 814//1 813//1
f 816//1 815//1 813//1
f 819//1 818//1 817//1
f 820//1 819//1 817//1
f 823//1 822//1 821//1
f 824//1 823//1 821//1
f 827//1 826//1 825//1
f 828//1 827//1 825//1
f 831//1 830//1 829//1
f 832//1 831//1 829//1
f 835//1 834//1 833//1
f 836//1 835//1 833//1
f 839//1 838//1 837//1
f 840//1 839//1 837//1
f 843//1 842//1 841//1
f 844//1 843//1 841//1
f 847//2 846//2 845//2
f 848//2 847//2 845//2
f 851//3 850//3 849//3
f 852//3 851//3 849//3
f 855//4 854//4 853//4
f 856//4 855//4 853//4
f 859//2 858//2 857//2
f 860//2 859//2 857//2
f 863//3 862//3 861//3
f 864//3 863//3 861//3
f 867//4 866//4 865//4
f 868//4 867//4 865//4
f 871//2 870//2 869//2
f 872//2 871//2 869//2
f 875//3 874//3 873//3
f 876//3 875//3 873//3
f 879//4 878//4 877//4
f 880//4 879//4 877//4
f 883//3 882//3 881//3
f 884//3 883//3 881//3
f 887//4 886//4 885//4
f 888//4 887//4 885//4
f 891//4 890//4 889//4
f 892//4 891//4 889//4
f 895//4 894//4 893//4
f 896//4 895//4 893//4
f 899//4 898//4 897//4
f 900//4 899//4 897//4
f 903//4 902//4 901//4
f 904//4 903//4 901//4
f 907//4 906//4 905//4
f 908//4 907//4 905//4
f 911//4 910//4 909//4
f 912//4 911//4 909//4
f 915//4 914//4 913//4
f 916//4 915//4 913//4
f 919//4 918//4 917//4
f 920//4 919//4 917//4
f 923//4 922//4 921//4
f 924//4 923//4 921//4
f 927//2 926//2 925//2
f 928//2 927//2 925//2
f 931//6 930//6 929//6
f 932//6 931//6 929//6
f 935//4 934//4 933//4
f 936//4 935//4 933//4
f 939//4 938//4 937//4
f 940//4 939//4 937//4
f 943//5 942//5 941//5
f 944//5 943//5 941//5
f 947//3 946//3 945//3
f 948//3 947//3 945//3
f 951//1 950//1 949//1
f 952//1 951//1 949//1
f 955//2 954//2 953//2
f 956//2 955//2 953//2
f 959//3 958//3 957//3
f 960//3 959//3 957//3
f 963//1 962//1 961//1
f 964//1 963//1 961//1
f 967//1 966//1 965//1
f 968//1 967//1 965//1
f 971//1 970//1 969//1
f 972//1 971//1 969//1
f 975//1 974//1 973//1
f 976//1 975//1 973//1
f 979//1 978//1 977//1
f 980//1 979//1 977//1
f 983//1 982//1 981//1
f 984//1 983//1 981//1
f 987//1 986//1 985//1
f 988//1 987//1 985//1
f 991//1 990//1 989//1
f 992//1 991//1 989//1
f 995//1 994//1 993//1
f 996//1 995//1 993//1
f 999//1 998//1 997//1
f 1000//1 999//1 997//1
f 1003//1 1002//1 1001//1
f 1004//1 1003//1 1001//1
f 1007//1 1006//1 1005//1
f 1008//1 1007//1 1005//1
f 1011//1 1010//1 1009//1
f 1012//1 1011//1 1009//1
f 1015//1 1014//1 1013//1
f 1016//1 1015//1 1013//1
f 1019//1 1018//1 1017//1
f 1020//1 1019//1 1017//1
f 1023//2 1022//2 1021//2
f 1024//2 1023//2 1021//2
f 1027//3 1026//3 1025//3
f 1028//3 1027//3 1025//3
f 1031//4 1030//4 1029//4
f 1032//4 1031//4 1029//4
f 1035//2 1034//2 1033//2
f 1036//2 1035//2 1033//2
f 1039//3 1038//3 1037//3
f 1040//3 1039//3 1037//3
f 1043//2 1042//2 1041//2
f 1044//2 1043//2 1041//2
f 1047//3 1046//3 1045//3
f 1048//3 1047//3 1045//3
f 1051//4 1050//4 1049//4
f 1052//4 1051//4 1049//4
f 1055//4 1054//4 1053//4
f 1056//4 1055//4 1053//4
f 1059//4 1058//4 1057//4
f 1060//4 1059//4 1057//4
f 1063//4 1062//4 1061//4
f 1064//4 1063//4 1061//4
f 1067//4 1066//4 1065//4
f 1068//4 1067//4 1065//4
f 1071//4 1070//4 1069//4
f 1072//4 1071//4 1069//4
f 1075//4 1074//4 1073//4
f 1076//4 1075//4 1073//4
f 1079//4 1078//4 1077//4
f 1080//4 1079//4 1077//4
f 1083//4 1082//4 1081//4
f 1084//4 1083//4 1081//4
f 1087//4 1086//4 1085//4
f 1088//4 1087//4 1085//4
f 1091//4 1090//4 1089//4
f 1092//4 1091//4 1089//4
f 1095//4 1094//4 1093//4
f 1096//4 1095//4 1093//4
f 1099//2 1098//2 1097//2
f 1100//2 1099//2 1097//2
f 1103//5 1102//5 1101//5
f 1104//5 1103//5 1101//5
f 1107//3 1106//3 1105//3
f 1108//3 1107//3 1105//3
f 1111//4 1110//4 1109//4
f 1112//4 1111//4 1109//4
f 1115//2 1114//2 1113//2
f 1116//2 1115//2 1113//2
f 1119//6 1118//6 1117//6
f 1120//6 1119//6 1117//6
f 1123//4 1122//4 1121//4
f 1124//4 1123//4 1121//4
f 1127//4 1126//4 1125//4
f 1128//4 1127//4 1125//4
f 1131//5 1130//5 1129//5
f 1132//5 1131//5 1129//5
f 1135//3 1134//3 1133//3
f 1136//3 1135//3 1133//3
f 1139//1 1138//1 1137//1
f 1140//1 1139//1 1137//1
f 1143//1 1142//1 1141//1
f 1144//1 1143//1 1141//1
f 1147//1 1146//1 1145//1
f 1148//1 1147//1 1145//1
f 1151//1 1150//1 1149//1
f 1152//1 1151//1 1149//1
f 1155//1 1154//1 1153//1
f 1156//1 1155//1 1153//1
f 1159//1 1158//1 1157//1
f 1160//1 1159//1 1157//1
f 1163//1 1162//1 1161//1
f 1164//1 1163//1 1161//1
f 1167//1 1166//1 1165//1
f 1168//1 1167//1 1165//1
f 1171//1 1170//1 1169//1
f 1172//1 1171//1 1169//1
f 1175//1 1174//1 1173//1
f 1176//1 1175//1 1173//1
f 1179//1 1178//1 1177//1
f 1180//1 1179//1 1177//1
f 1183//1 1182//1 1181//1
f 1184//1 1183//1 1181//1
f 1187//1 1186//1 1185//1
f 1188//1 1187//1 1185//1
f 1191//1 1190//1 1189//1
f 1192//1 1191//1 1189//1
f 1195//1 1194//1 1193//1
f 1196//1 1195//1 1193//1
f 1199//1 1198//1 1197//1
f 1200//1 1199//1 1197//1
f 1203//2 1202//2 1201//2
f 1204//2 1203//2 1201//2
f 1207//3 1206//3 1205//3
f 1208//3 1207//3 1205//3
f 1211//4 1210//4 1209//4
f 1212//4 1211//4 1209//4
f 1215//4 1214//4 1213//4
f 1216//4 1215//4 1213//4
f 1219//4 1218//4 1217//4
f 1220//4 1219//4 1217//4
f 1223//4 1222//4 1221//4
f 1224//4 1223//4 1221//4
f 1227//4 1226//4 1225//4
f 1228//4 1227//4 1225//4
f 1231//4 1230//4 1229//4
f 1232//4 1231//4 1229//4
f 1235//4 1234//4 1233//4
f 1236//4 1235//4 1233//4
f 1239//4 1238//4 1237//4
f 1240//4 1239//4 1237//4
f 1243//4 1242//4 1241//4
f 1244//4 1243//4 1241//4
f 1247//4 1246//4 1245//4
f 1248//4 1247//4 1245//4
f 1251//4 1250//4 1249//4
f 1252//4 1251//4 1249//4
f 1255//2 1254//2 1253//2
f 1256//2 1255//2 1253//2
f 1259//3 1258//3 1257//3
f 1260//3 1259//3 1257//3
f 1263//6 1262//6 1261//6
f 1264//6 1263//6 1261//6
f 1267//4 1266//4 1265//4
f 1268//4 1267//4 1265//4
f 1271//4 1270//4 1269//4
f 1272//4 1271//4 1269//4
f 1275//5 1274//5 1273//5
f 1276//5 1275//5 1273//5
f 1279//3 1278//3 1277//3
f 1280//3 1279//3 1277//3
f 1283//4 1282//4 1281//4
f 1284//4 1283//4 1281//4
f 1287//2 1286//2 1285//2
f 1288//2 1287//2 1285//2
f 1291//6 1290//6 1289//6
f 1292//6 1291//6 1289//6
f 1295//4 1294//4 1293//4
f 1296//4 1295//4 1293//4
f 1299//4 1298//4 1297//4
f 1300//4 1299//4 1297//4
f 1303//5 1302//5 1301//5
f 1304//5 1303//5 1301//5
f 1307//3 1306//3 1305//3
f 1308//3 1307//3 1305//3
g Chunk_8x6x9
usemtl Voxel
f 1311//1 1310//1 1309//1
f 1312//1 1311//1 1309//1
f 1315//2 1314//2 1313//2
f 1316//2 1315//2 1313//2
f 1319//3 1318//3 1317//3
f 1320//3 1319//3 1317//3
f 1323//1 1322//1 1321//1
f 1324//1 1323//1 1321//1
f 1327//3 1326//3 1325//3
f 1328//3 1327//3 1325//3
f 1331//1 1330//1 1329//1
f 1332//1 1331//1 1329//1
f 1335//3 1334//3 1333//3
f 1336//3 1335//3 1333//3
f 1339//1 1338//1 1337//1
f 1340//1 1339//1 1337//1
f 1343//5 1342//5 1341//5
f 1344//5 1343//5 1341//5
f 1347//3 1346//3 1345//3
f 1348//3 1347//3 1345//3
f 1351//2 1350//2 1349//2
f 1352//2 1351//2 1349//2
f 1355//3 1354//3 1353//3
f 1356//3 1355//3 1353//3
f 1359//3 1358//3 1357//3
f 1360//3 1359//3 1357//3
f 1363//3 1362//3 1361//3
f 1364//3 1363//3 1361//3
f 1367//5 1366//5 1365//5
f 1368//5 1367//5 1365//5
f 1371//3 1370//3 1369//3
f 1372//3 1371//3 1369//3
f 1375//4 1374//4 1373//4
f 1376//4 1375//4 1373//4
f 1379//2 1378//2 1377//2
f 1380//2 1379//2 1377//2
f 1383//3 1382//3 1381//3
f 1384//3 1383//3 1381//3
f 1387//4 1386//4 1385//4
f 1388//4 1387//4 1385//4
f 1391//3 1390//3 1389//3
f 1392//3 1391//3 1389//3
f 1395//4 1394//4 1393//4
f 1396//4 1395//4 1393//4
f 1399//3 1398//3 1397//3
f 1400//3 1399//3 1397//3
f 1403//4 1402//4 1401//4
f 1404//4 1403//4 1401//4
f 1407//5 1406//5 1405//5
f 1408//5 1407//5 1405//5
f 1411//3 1410//3 1409//3
f 1412//3 1411//3 1409//3
f 1415//1 1414//1 1413//1
f 1416//1 1415//1 1413//1
f 1419//3 1418//3 1417//3
f 1420//3 1419//3 1417//3
f 1423//1 1422//1 1421//1
f 1424//1 1423//1 1421//1
f 1427//3 1426//3 1425//3
f 1428//3 1427//3 1425//3
f 1431//1 1430//1 1429//1
f 1432//1 1431//1 1429//1
f 1435//3 1434//3 1433//3
f 1436//3 1435//3 1433//3
f 1439//1 1438//1 1437//1
f 1440//1 1439//1 1437//1
f 1443//3 1442//3 1441//3
f 1444//3 1443//3 1441//3
f 1447//1 1446//1 1445//1
f 1448//1 1447//1 1445//1
f 1451//1 1450//1 1449//1
f 1452//1 1451//1 1449//1
f 1455//1 1454//1 1453//1
f 1456//1 1455//1 1453//1
f 1459//1 1458//1 1457//1
f 1460//1 1459//1 1457//1
f 1463//1 1462//1 1461//1
f 1464//1 1463//1 1461//1
f 1467//3 1466//3 1465//3
f 1468//3 1467//3 1465//3
f 1471//1 1470//1 1469//1
f 1472//1 1471//1 1469//1
f 1475//3 1474//3 1473//3
f 1476//3 1475//3 1473//3
f 1479//1 1478//1 1477//1
f 1480//1 1479//1 1477//1
f 1483//3 1482//3 1481//3
f 1484//3 1483//3 1481//3
f 1487//1 1486//1 1485//1
f 1488//1 1487//1 1485//1
f 1491//3 1490//3 1489//3
f 1492//3 1491//3 1489//3
f 1495//1 1494//1 1493//1
f 1496//1 1495//1 1493//1
f 1499//3 1498//3 1497//3
f 1500//3 1499//3 1497//3
f 1503//1 1502//1 1501//1
f 1504//1 1503//1 1501//1
f 1507//3 1506//3 1505//3
f 1508//3 1507//3 1505//3
f 1511//1 1510//1 1509//1
f 1512//1 1511//1 1509//1
f 1515//3 1514//3 1513//3
f 1516//3 1515//3 1513//3
f 1519//1 1518//1 1517//1
f 1520//1 1519//1 1517//1
f 1523//5 1522//5 1521//5
f 1524//5 1523//5 1521//5
f 1527//3 1526//3 1525//3
f 1528//3 1527//3 1525//3
f 1531//3 1530//3 1529//3
f 1532//3 1531//3 1529//3
f 1535//3 1534//3 1533//3
f 1536//3 1535//3 1533//3
f 1539//3 1538//3 1537//3
f 1540//3 1539//3 1537//3
f 1543//3 1542//3 1541//3
f 1544//3 1543//3 1541//3
f 1547//3 1546//3 1545//3
f 1548//3 1547//3 1545//3
f 1551//3 1550//3 1549//3
f 1552//3 1551//3 1549//3
f 1555//3 1554//3 1553//3
f 1556//3 1555//3 1553//3
f 1559//3 1558//3 1557//3
f 1560//3 1559//3 1557//3
f 1563//3 1562//3 1561//3
f 1564//3 1563//3 1561//3
f 1567//3 1566//3 1565//3
f 1568//3 1567//3 1565//3
f 1571//3 1570//3 1569//3
f 1572//3 1571//3 1569//3
f 1575//5 1574//5 1573//5
f 1576//5 1575//5 1573//5
f 1579//3 1578//3 1577//3
f 1580//3 1579//3 1577//3
f 1583//3 1582//3 1581//3
f 1584//3 1583//3 1581//3
f 1587//3 1586//3 1585//3
f 1588//3 1587//3 1585//3
f 1591//3 1590//3 1589//3
f 1592//3 1591//3 1589//3
f 1595//3 1594//3 1593//3
f 1596//3 1595//3 1593//3
f 1599//3 1598//3 1597//3
f 1600//3 1599//3 1597//3
f 1603//3 1602//3 1601//3
f 1604//3 1603//3 1601//3
f 1607//3 1606//3 1605//3
f 1608//3 1607//3 1605//3
f 1611//3 1610//3 1609//3
f 1612//3 1611//3 1609//3
f 1615//3 1614//3 1613//3
f 1616//3 1615//3 1613//3
f 1619//4 1618//4 1617//4
f 1620//4 1619//4 1617//4
f 1623//3 1622//3 1621//3
f 1624//3 1623//3 1621//3
f 1627//4 1626//4 1625//4
f 1628//4 1627//4 1625//4
f 1631//3 1630//3 1629//3
f 1632//3 1631//3 1629//3
f 1635//4 1634//4 1633//4
f 1636//4 1635//4 1633//4
f 1639//5 1638//5 1637//5
f 1640//5 1639//5 1637//5
f 1643//3 1642//3 1641//3
f 1644//3 1643//3 1641//3
f 1647//4 1646//4 1645//4
f 1648//4 1647//4 1645//4
f 1651//3 1650//3 1649//3
f 1652//3 1651//3 1649//3
f 1655//4 1654//4 1653//4
f 1656//4 1655//4 1653//4
f 1659//3 1658//3 1657//3
f 1660//3 1659//3 1657//3
f 1663//4 1662//4 1661//4
f 1664//4 1663//4 1661//4
f 1667//3 1666//3 1665//3
f 1668//3 1667//3 1665//3
f 1671//4 1670//4 1669//4
f 1672//4 1671//4 1669//4
f 1675//3 1674//3 1673//3
f 1676//3 1675//3 1673//3
f 1679//4 1678//4 1677//4
f 1680//4 1679//4 1677//4
f 1683//3 1682//3 1681//3
f 1684//3 1683//3 1681//3
f 1687//4 1686//4 1685//4
f 1688//4 1687//4 1685//4
f 1691//3 1690//3 1689//3
f 1692//3 1691//3 1689//3
f 1695//3 1694//3 1693//3
f 1696//3 1695//3 1693//3
f 1699//3 1698//3 1697//3
f 1700//3 1699//3 1697//3
f 1703//3 1702//3 1701//3
f 1704//3 1703//3 1701//3
f 1707//4 1706//4 1705//4
f 1708//4 1707//4 1705//4
f 1711//3 1710//3 1709//3
f 1712//3 1711//3 1709//3
f 1715//4 1714//4 1713//4
f 1716//4 1715//4 1713//4
f 1719//3 1718//3 1717//3
f 1720//3 1719//3 1717//3
f 1723//4 1722//4 1721//4
f 1724//4 1723//4 1721//4
f 1727//3 1726//3 1725//3
f 1728//3 1727//3 1725//3
f 1731//4 1730//4 1729//4
f 1732//4 1731//4 1729//4
f 1735//5 1734//5 1733//5
f 1736//5 1735//5 1733//5
f 1739//3 1738//3 1737//3
f 1740//3 1739//3 1737//3
f 1743//4 1742//4 1741//4
f 1744//4 1743//4 1741//4
f 1747//2 1746//2 1745//2
f 1748//2 1747//2 1745//2
f 1751//3 1750//3 1749//3
f 1752//3 1751//3 1749//3
f 1755//6 1754//6 1753//6
f 1756//6 1755//6 1753//6
f 1759//4 1758//4 1757//4
f 1760//4 1759//4 1757//4
f 1763//3 1762//3 1761//3
f 1764//3 1763//3 1761//3
f 1767//4 1766//4 1765//4
f 1768//4 1767//4 1765//4
f 1771//5 1770//5 1769//5
f 1772//5 1771//5 1769//5
f 1775//3 1774//3 1773//3
f 1776//3 1775//3 1773//3
f 1779//1 1778//1 1777//1
f 1780//1 1779//1 1777//1
f 1783//1 1782//1 1781//1
f 1784//1 1783//1 1781//1
f 1787//1 1786//1 1785//1
f 1788//1 1787//1 1785//1
f 1791//1 1790//1 1789//1
f 1792//1 1791//1 1789//1
f 1795//1 1794//1 1793//1
f 1796//1 1795//1 1793//1
f 1799//1 1798//1 1797//1
f 1800//1 1799//1 1797//1
f 1803//1 1802//1 1801//1
f 1804//1 1803//1 1801//1
f 1807//1 1806//1 1805//1
f 1808//1 1807//1 1805//1
f 1811//1 1810//1 1809//1
f 1812//1 1811//1 1809//1
f 1815//1 1814//1 1813//1
f 1816//1 1815//1 1813//1
f 1819//1 1818//1 1817//1
f 1820//1 1819//1 1817//1
f 1823//1 1822//1 1821//1
f 1824//1 1823//1 1821//1
f 1827//1 1826//1 1825//1
f 1828//1 1827//1 1825//1
f 1831//1 1830//1 1829//1
f 1832//1 1831//1 1829//1
f 1835//1 1834//1 1833//1
f 1836//1 1835//1 1833//1
f 1839//1 1838//1 1837//1
f 1840//1 1839//1 1837//1
f 1843//4 1842//4 1841//4
f 1844//4 1843//4 1841//4
f 1847//4 1846//4 1845//4
f 1848//4 1847//4 1845//4
f 1851//4 1850//4 1849//4
f 1852//4 1851//4 1849//4
f 1855//4 1854//4 1853//4
f 1856//4 1855//4 1853//4
f 1859//4 1858//4 1857//4
f 1860//4 1859//4 1857//4
f 1863//4 1862//4 1861//4
f 1864//4 1863//4 1861//4
f 1867//4 1866//4 1865//4
f 1868//4 1867//4 1865//4
f 1871//4 1870//4 1869//4
f 1872//4 1871//4 1869//4
f 1875//4 1874//4 1873//4
f 1876//4 1875//4 1873//4
f 1879//4 1878//4 1877//4
f 1880//4 1879//4 1877//4
f 1883//3 1882//3 1881//3
f 1884//3 1883//3 1881//3
f 1887//4 1886//4 1885//4
f 1888//4 1887//4 1885//4
f 1891//3 1890//3 1889//3
f 1892//3 1891//3 1889//3
f 1895//3 1894//3 1893//3
f 1896//3 1895//3 1893//3
f 1899//4 1898//4 1897//4
f 1900//4 1899//4 1897//4
f 1903//5 1902//5 1901//5
f 1904//5 1903//5 1901//5
f 1907//3 1906//3 1905//3
f 1908//3 1907//3 1905//3
f 1911//4 1910//4 1909//4
f 1912//4 1911//4 1909//4
f 1915//2 1914//2 1913//2
f 1916//2 1915//2 1913//2
f 1919//6 1918//6 1917//6
f 1920//6 1919//6 1917//6
f 1923//4 1922//4 1921//4
f 1924//4 1923//4 1921//4
f 1927//4 1926//4 1925//4
f 1928//4 1927//4 1925//4
f 1931//5 1930//5 1929//5
f 1932//5 1931//5 1929//5
f 1935//3 1934//3 1933//3
f 1936//3 1935//3 1933//3
f 1939//4 1938//4 1937//4
f 1940//4 1939//4 1937//4
f 1943//2 1942//2 1941//2
f 1944//2 1943//2 1941//2
f 1947//3 1946//3 1945//3
f 1948//3 1947//3 1945//3
f 1951//6 1950//6 1949//6
f 1952//6 1951//6 1949//6
f 1955//1 1954//1 1953//1
f 1956//1 1955//1 1953//1
f 1959//1 1958//1 1957//1
f 1960//1 1959//1 1957//1
f 1963//1 1962//1 1961//1
f 1964//1 1963//1 1961//1
f 1967//1 1966//1 1965//1
f 1968//1 1967//1 1965//1
f 1971//1 1970//1 1969//1
f 1972//1 1971//1 1969//1
f 1975//1 1974//1 1973//1
f 1976//1 1975//1 1973//1
f 1979//1 1978//1 1977//1
f 1980//1 1979//1 1977//1
f 1983//1 1982//1 1981//1
f 1984//1 1983//1 1981//1
f 1987//1 1986//1 1985//1
f 1988//1 1987//1 1985//1
f 1991//1 1990//1 1989//1
f 1992//1 1991//1 1989//1
f 1995//1 1994//1 1993//1
f 1996//1 1995//1 1993//1
f 1999//1 1998//1 1997//1
f 2000//1 1999//1 1997//1
f 2003//1 2002//1 2001//1
f 2004//1 2003//1 2001//1
f 2007//1 2006//1 2005//1
f 2008//1 2007//1 2005//1
f 2011//1 2010//1 2009//1
f 2012//1 2011//1 2009//1
f 2015//1 2014//1 2013//1
f 2016//1 2015//1 2013//1
f 2019//4 2018//4 2017//4
f 2020//4 2019//4 2017//4
f 2023//4 2022//4 2021//4
f 2024//4 2023//4 2021//4
f 2027//4 2026//4 2025//4
f 2028//4 2027//4 2025//4
f 2031//4 2030//4 2029//4
f 2032//4 2031//4 2029//4
f 2035//4 2034//4 2033//4
f 2036//4 2035//4 2033//4
f 2039//4 2038//4 2037//4
f 2040//4 2039//4 2037//4
f 2043//4 2042//4 2041//4
f 2044//4 2043//4 2041//4
f 2047//4 2046//4 2045//4
f 2048//4 2047//4 2045//4
f 2051//4 2050//4 2049//4
f 2052//4 2051//4 2049//4
f 2055//4 2054//4 2053//4
f 2056//4 2055//4 2053//4
f 2059//4 2058//4 2057//4
f 2060//4 2059//4 2057//4
f 2063//4 2062//4 2061//4
f 2064//4 2063//4 2061//4
f 2067//4 2066//4 2065//4
f 2068//4 2067//4 2065//4
f 2071//5 2070//5 2069//5
f 2072//5 2071//5 2069//5
f 2075//3 2074//3 2073//3
f 2076//3 2075//3 2073//3
f 2079//4 2078//4 2077//4
f 2080//4 2079//4 2077//4
f 2083//2 2082//2 2081//2
f 2084//2 2083//2 2081//2
f 2087//6 2086//6 2085//6
f 2088//6 2087//6 2085//6
f 2091//4 2090//4 2089//4
f 2092//4 2091//4 2089//4
f 2095//4 2094//4 2093//4
f 2096//4 2095//4 2093//4
f 2099//5 2098//5 2097//5
f 2100//5 2099//5 2097//5
f 2103//3 2102//3 2101//3
f 2104//3 2103//3 2101//3
f 2107//1 2106//1 2105//1
f 2108//1 2107//1 2105//1
f 2111//1 2110//1 2109//1
f 2112//1 2111//1 2109//1
f 2115//1 2114//1 2113//1
f 2116//1 2115//1 2113//1
f 2119//1 2118//1 2117//1
f 2120//1 2119//1 2117//1
f 2123//1 2122//1 2121//1
f 2124//1 2123//1 2121//1
f 2127//1 2126//1 2125//1
f 2128//1 2127//1 2125//1
f 2131//1 2130//1 2129//1
f 2132//1 2131//1 2129//1
f 2135//1 2134//1 2133//1
f 2136//1 2135//1 2133//1
f 2139//1 2138//1 2137//1
f 2140//1 2139//1 2137//1
f 2143//1 2142//1 2141//1
f 2144//1 2143//1 2141//1
f 2147//1 2146//1 2145//1
f 2148//1 2147//1 2145//1
f 2151//1 2150//1 2149//1
f 2152//1 2151//1 2149//1
f 2155//1 2154//1 2153//1
f 2156//1 2155//1 2153//1
f 2159//1 2158//1 2157//1
f 2160//1 2159//1 2157//1
f 2163//1 2162//1 2161//1
f 2164//1 2163//1 2161//1
f 2167//1 2166//1 2165//1
f 2168//1 2167//1 2165//1
f 2171//4 2170//4 2169//4
f 2172//4 2171//4 2169//4
f 2175//4 2174//4 2173//4
f 2176//4 2175//4 2173//4
f 2179//4 2178//4 2177//4
f 2180//4 2179//4 2177//4
f 2183//4 2182//4 2181//4
f 2184//4 2183//4 2181//4
f 2187//4 2186//4 2185//4
f 2188//4 2187//4 2185//4
f 2191//4 2190//4 2189//4
f 2192//4 2191//4 2189//4
f 2195//4 2194//4 2193//4
f 2196//4 2195//4 2193//4
f 2199//4 2198//4 2197//4
f 2200//4 2199//4 2197//4
f 2203//4 2202//4 2201//4
f 2204//4 2203//4 2201//4
f 2207//4 2206//4 2205//4
f 2208//4 2207//4 2205//4
f 2211//4 2210//4 2209//4
f 2212//4 2211//4 2209//4
f 2215//2 2214//2 2213//2
f 2216//2 2215//2 2213//2
f 2219//6 2218//6 2217//6
f 2220//6 2219//6 2217//6
f 2223//4 2222//4 2221//4
f 2224//4 2223//4 2221//4
f 2227//4 2226//4 2225//4
f 2228//4 2227//4 2225//4
f 2231//5 2230//5 2229//5
f 2232//5 2231//5 2229//5
f 2235//3 2234//3 2233//3
f 2236//3 2235//3 2233//3
f 2239//4 2238//4 2237//4
f 2240//4 2239//4 2237//4
f 2243//2 2242//2 2241//2
f 2244//2 2243//2 2241//2
f 2247//6 2246//6 2245//6
f 2248//6 2247//6 2245//6
f 2251//4 2250//4 2249//4
f 2252//4 2251//4 2249//4
f 2255//4 2254//4 2253//4
f 2256//4 2255//4 2253//4
f 2259//5 2258//5 2257//5
f 2260//5 2259//5 2257//5
f 2263//3 2262//3 2261//3
f 2264//3 2263//3 2261//3
f 2267//1 2266//1 2265//1
f 2268//1 2267//1 2265//1
f 2271//1 2270//1 2269//1
f 2272//1 2271//1 2269//1
f 2275//1 2274//1 2273//1
f 2276//1 2275//1 2273//1
f 2279//1 2278//1 2277//1
f 2280//1 2279//1 2277//1
f 2283//1 2282//1 2281//1
f 2284//1 2283//1 2281//1
f 2287//1 2286//1 2285//1
f 2288//1 2287//1 2285//1
f 2291//1 2290//1 2289//1
f 2292//1 2291//1 2289//1
f 2295//1 2294//1 2293//1
f 2296//1 2295//1 2293//1
f 2299//1 2298//1 2297//1
f 2300//1 2299//1 2297//1
f 2303//1 2302//1 2301//1
f 2304//1 2303//1 2301//1
f 2307//1 2306//1 2305//1
f 2308//1 2307//1 2305//1
f 2311//1 2310//1 2309//1
f 2312//1 2311//1 2309//1
f 2315//1 2314//1 2313//1
f 2316//1 2315//1 2313//1
f 2319//1 2318//1 2317//1
f 2320//1 2319//1 2317//1
f 2323//1 2322//1 2321//1
f 2324//1 2323//1 2321//1
f 2327//1 2326//1 2325//1
f 2328//1 2327//1 2325//1
f 2331//4 2330//4 2329//4
f 2332//4 2331//4 2329//4
f 2335//4 2334//4 2333//4
f 2336//4 2335//4 2333//4
f 2339//4 2338//4 2337//4
f 2340//4 2339//4 2337//4
f 2343//4 2342//4 2341//4
f 2344//4 2343//4 2341//4
f 2347//4 2346//4 2345//4
f 2348//4 2347//4 2345//4
f 2351//4 2350//4 2349//4
f 2352//4 2351//4 2349//4
f 2355//4 2354//4 2353//4
f 2356//4 2355//4 2353//4
f 2359//4 2358//4 2357//4
f 2360//4 2359//4 2357//4
f 2363//4 2362//4 2361//4
f 2364//4 2363//4 2361//4
f 2367//4 2366//4 2365//4
f 2368//4 2367//4 2365//4
f 2371//4 2370//4 2369//4
f 2372//4 2371//4 2369//4
f 2375//2 2374//2 2373//2
f 2376//2 2375//2 2373//2
f 2379//6 2378//6 2377//6
f 2380//6 2379//6 2377//6
f 2383//4 2382//4 2381//4
f 2384//4 2383//4 2381//4
f 2387//4 2386//4 2385//4
f 2388//4 2387//4 2385//4
f 2391//5 2390//5 2389//5
f 2392//5 2391//5 2389//5
f 2395//3 2394//3 2393//3
f 2396//3 2395//3 2393//3
f 2399//4 2398//4 2397//4
f 2400//4 2399//4 2397//4
f 2403//2 2402//2 2401//2
f 2404//2 2403//2 2401//2
f 2407//6 2406//6 2405//6
f 2408//6 2407//6 2405//6
f 2411//4 2410//4 2409//4
f 2412//4 2411//4 2409//4
f 2415//4 2414//4 2413//4
f 2416//4 2415//4 2413//4
f 2419//5 2418//5 2417//5
f 2420//5 2419//5 2417//5
f 2423//3 2422//3 2421//3
f 2424//3 2423//3 2421//3
f 2427//1 2426//1 2425//1
f 2428//1 2427//1 2425//1
f 2431//1 2430//1 2429//1
f 2432//1 2431//1 2429//1
f 2435//1 2434//1 2433//1
f 2436//1 2435//1 2433//1
f 2439//1 2438//1 2437//1
f 2440//1 2439//1 2437//1
f 2443//1 2442//1 2441//1
f 2444//1 2443//1 2441//1
f 2447//1 2446//1 2445//1
f 2448//1 2447//1 2445//1
f 2451//1 2450//1 2449//1
f 2452//1 2451//1 2449//1
f 2455//1 2454//1 2453//1
f 2456//1 2455//1 2453//1
f 2459//1 2458//1 2457//1
f 2460//1 2459//1 2457//1
f 2463//1 2462//1 2461//1
f 2464//1 2463//1 2461//1
f 2467//1 2466//1 2465//1
f 2468//1 2467//1 2465//1
f 2471//1 2470//1 2469//1
f 2472//1 2471//1 2469//1
f 2475//1 2474//1 2473//1
f 2476//1 2475//1 2473//1
f 2479//1 2478//1 2477//1
f 2480//1 2479//1 2477//1
f 2483//1 2482//1 2481//1
f 2484//1 2483//1 2481//1
f 2487//1 2486//1 2485//1
f 2488//1 2487//1 2485//1
f 2491//4 2490//4 2489//4
f 2492//4 2491//4 2489//4
f 2495//4 2494//4 2493//4
f 2496//4 2495//4 2493//4
f 2499//4 2498//4 2497//4
f 2500//4 2499//4 2497//4
f 2503//4 2502//4 2501//4
f 2504//4 2503//4 2501//4
f 2507//4 2506//4 2505//4
f 2508//4 2507//4 2505//4
f 2511//4 2510//4 2509//4
f 2512//4 2511//4 2509//4
f 2515//4 2514//4 2513//4
f 2516//4 2515//4 2513//4
f 2519//4 2518//4 2517//4
f 2520//4 2519//4 2517//4
f 2523//4 2522//4 2521//4
f 2524//4 2523//4 2521//4
f 2527//4 2526//4 2525//4
f 2528//4 2527//4 2525//4
f 2531//4 2530//4 2529//4
f 2532//4 2531//4 2529//4
f 2535//2 2534//2 2533//2
f 2536//2 2535//2 2533//2
f 2539//6 2538//6 2537//6
f 2540//6 2539//6 2537//6
f 2543//4 2542//4 2541//4
f 2544//4 2543//4 2541//4
f 2547//4 2546//4 2545//4
f 2548//4 2547//4 2545//4
f 2551//5 2550//5 2549//5
f 2552//5 2551//5 2549//5
f 2555//3 2554//3 2553//3
f 2556//3 2555//3 2553//3
f 2559//4 2558//4 2557//4
f 2560//4 2559//4 2557//4
f 2563//2 2562//2 2561//2
f 2564//2 2563//2 2561//2
f 2567//6 2566//6 2565//6
f 2568//6 2567//6 2565//6
f 2571//4 2570//4 2569//4
f 2572//4 2571//4 2569//4
f 2575//4 2574//4 2573//4
f 2576//4 2575//4 2573//4
f 2579//5 2578//5 2577//5
f 2580//5 2579//5 2577//5
f 2583//3 2582//3 2581//3
f 2584//3 2583//3 2581//3
f 2587//1 2586//1 2585//1
f 2588//1 2587//1 2585//1
f 2591//1 2590//1 2589//1
f 2592//1 2591//1 2589//1
f 2595//1 2594//1 2593//1
f 2596//1 2595//1 2593//1
f 2599//1 2598//1 2597//1
f 2600//1 2599//1 2597//1
f 2603//1 2602//1 2601//1
f 2604//1 2603//1 2601//1
f 2607//1 2606//1 2605//1
f 2608//1 2607//1 2605//1
f 2611//1 2610//1 2609//1
f 2612//1 2611//1 2609//1
f 2615//1 2614//1 2613//1
f 2616//1 2615//1 2613//1
f 2619//1 2618//1 2617//1
f 2620//1 2619//1 2617//1
f 2623//1 2622//1 2621//1
f 2624//1 2623//1 2621//1
f 2627//1 2626//1 2625//1
f 2628//1 2627//1 2625//1
f 2631//1 2630//1 2629//1
f 2632//1 2631//1 2629//1
f 2635//1 2634//1 2633//1
f 2636//1 2635//1 2633//1
f 2639//1 2638//1 2637//1
f 2640//1 2639//1 2637//1
f 2643//1 2642//1 2641//1
f 2644//1 2643//1 2641//1
f 2647//1 2646//1 2645//1
f 2648//1 2647//1 2645//1
f 2651//4 2650//4 2649//4
f 2652//4 2651//4 2649//4
f 2655//4 2654//4 2653//4
f 2656//4 2655//4 2653//4
f 2659//4 2658//4 2657//4
f 2660//4 2659//4 2657//4
f 2663//4 2662//4 2661//4
f 2664//4 2663//4 2661//4
f 2667//4 2666//4 2665//4
f 2668//4 2667//4 2665//4
f 2671//4 2670//4 2669//4
f 2672//4 2671//4 2669//4
f 2675//4 2674//4 2673//4
f 2676//4 2675//4 2673//4
f 2679//4 2678//4 2677//4
f 2680//4 2679//4 2677//4
f 2683//4 2682//4 2681//4
f 2684//4 2683//4 2681//4
f 2687//4 2686//4 2685//4
f 2688//4 2687//4 2685//4
f 2691//4 2690//4 2689//4
f 2692//4 2691//4 2689//4
f 2695//2 2694//2 2693//2
f 2696//2 2695//2 2693//2
f 2699//6 2698//6 2697//6
f 2700//6 2699//6 2697//6
f 2703//4 2702//4 2701//4
f 2704//4 2703//4 2701//4
f 2707//4 2706//4 2705//4
f 2708//4 2707//4 2705//4
f 2711//5 2710//5 2709//5
f 2712//5 2711//5 2709//5
f 2715//3 2714//3 2713//3
f 2716//3 2715//3 2713//3
f 2719//4 2718//4 2717//4
f 2720//4 2719//4 2717//4
f 2723//2 2722//2 2721//2
f 2724//2 2723//2 2721//2
f 2727//6 2726//6 2725//6
f 2728//6 2727//6 2725//6
f 2731//4 2730//4 2729//4
f 2732//4 2731//4 2729//4
f 2735//4 2734//4 2733//4
f 2736//4 2735//4 2733//4
f 2739//5 2738//5 2737//5
f 2740//5 2739//5 2737//5
f 2743//3 2742//3 2741//3
f 2744//3 2743//3 2741//3
f 2747//1 2746//1 2745//1
f 2748//1 2747//1 2745//1
f 2751//1 2750//1 2749//1
f 2752//1 2751//1 2749//1
f 2755//1 2754//1 2753//1
f 2756//1 2755//1 2753//1
f 2759//1 2758//1 2757//1
f 2760//1 2759//1 2757//1
f 2763//1 2762//1 2761//1
f 2764//1 2763//1 2761//1
f 2767//1 2766//1 2765//1
f 2768//1 2767//1 2765//1
f 2771//1 2770//1 2769//1
f 2772//1 2771//1 2769//1
f 2775//1 2774//1 2773//1
f 2776//1 2775//1 2773//1
f 2779//1 2778//1 2777//1
f 2780//1 2779//1 2777//1
f 2783//1 2782//1 2781//1
f 2784//1 2783//1 2781//1
f 2787//1 2786//1 2785//1
f 2788//1 2787//1 2785//1
f 2791//1 2790//1 2789//1
f 2792//1 2791//1 2789//1
f 2795//1 2794//1 2793//1
f 2796//1 2795//1 2793//1
f 2799//1 2798//1 2797//1
f 2800//1 2799//1 2797//1
f 2803//1 2802//1 2801//1
f 2804//1 2803//1 2801//1
f 2807//1 2806//1 2805//1
f 2808//1 2807//1 2805//1
f 2811//4 2810//4 2809//4
f 2812//4 2811//4 2809//4
f 2815//4 2814//4 2813//4
f 2816//4 2815//4 2813//4
f 2819//4 2818//4 2817//4
f 2820//4 2819//4 2817//4
f 2823//4 2822//4 2821//4
f 2824//4 2823//4 2821//4
f 2827//4 2826//4 2825//4
f 2828//4 2827//4 2825//4
f 2831//4 2830//4 2829//4
f 2832//4 2831//4 2829//4
f 2835//4 2834//4 2833//4
f 2836//4 2835//4 2833//4
f 2839//4 2838//4 2837//4
f 2840//4 2839//4 2837//4
f 2843//4 2842//4 2841//4
f 2844//4 2843//4 2841//4
f 2847//4 2846//4 2845//4
f 2848//4 2847//4 2845//4
f 2851//4 2850//4 2849//4
f 2852//4 2851//4 2849//4
f 2855//2 2854//2 2853//2
f 2856//2 2855//2 2853//2
f 2859//6 2858//6 2857//6
f 2860//6 2859//6 2857//6
f 2863//4 2862//4 2861//4
f 2864//4 2863//4 2861//4
f 2867//4 2866//4 2865//4
f 2868//4 2867//4 2865//4
f 2871//5 2870//5 2869//5
f 2872//5 2871//5 2869//5
f 2875//3 2874//3 2873//3
f 2876//3 2875//3 2873//3
f 2879//4 2878//4 2877//4
f 2880//4 2879//4 2877//4
f 2883//2 2882//2 2881//2
f 2884//2 2883//2 2881//2
f 2887//6 2886//6 2885//6
f 2888//6 2887//6 2885//6
f 2891//4 2890//4 2889//4
f 2892//4 2891//4 2889//4
f 2895//4 2894//4 2893//4
f 2896//4 2895//4 2893//4
f 2899//5 2898//5 2897//5
f 2900//5 2899//5 2897//5
f 2903//3 2902//3 2901//3
f 2904//3 2903//3 2901//3
g Chunk_8x6x10
usemtl Voxel
f 2907//1 2906//1 2905//1
f 2908//1 2907//1 2905//1
f 2911//3 2910//3 2909//3
f 2912//3 2911//3 2909//3
f 2915//1 2914//1 2913//1
f 2916//1 2915//1 2913//1
f 2919//3 2918//3 2917//3
f 2920//3 2919//3 2917//3
f 2923//1 2922//1 2921//1
f 2924//1 2923//1 2921//1
f 2927//5 2926//5 2925//5
f 2928//5 2927//5 2925//5
f 2931//3 2930//3 2929//3
f 2932//3 2931//3 2929//3
f 2935//3 2934//3 2933//3
f 2936//3 2935//3 2933//3
f 2939//3 2938//3 2937//3
f 2940//3 2939//3 2937//3
f 2943//5 2942//5 2941//5
f 2944//5 2943//5 2941//5
f 2947//3 2946//3 2945//3
f 2948//3 2947//3 2945//3
f 2951//3 2950//3 2949//3
f 2952//3 2951//3 2949//3
f 2955//4 2954//4 2953//4
f 2956//4 2955//4 2953//4
f 2959//3 2958//3 2957//3
f 2960//3 2959//3 2957//3
f 2963//4 2962//4 2961//4
f 2964//4 2963//4 2961//4
f 2967//5 2966//5 2965//5
f 2968//5 2967//5 2965//5
f 2971//3 2970//3 2969//3
f 2972//3 2971//3 2969//3
f 2975//5 2974//5 2973//5
f 2976//5 2975//5 2973//5
f 2979//3 2978//3 2977//3
f 2980//3 2979//3 2977//3
f 2983//4 2982//4 2981//4
f 2984//4 2983//4 2981//4
f 2987//5 2986//5 2985//5
f 2988//5 2987//5 2985//5
f 2991//3 2990//3 2989//3
f 2992//3 2991//3 2989//3
f 2995//1 2994//1 2993//1
f 2996//1 2995//1 2993//1
f 2999//1 2998//1 2997//1
f 3000//1 2999//1 2997//1
f 3003//1 3002//1 3001//1
f 3004//1 3003//1 3001//1
f 3007//1 3006//1 3005//1
f 3008//1 3007//1 3005//1
f 3011//3 3010//3 3009//3
f 3012//3 3011//3 3009//3
f 3015//1 3014//1 3013//1
f 3016//1 3015//1 3013//1
f 3019//3 3018//3 3017//3
f 3020//3 3019//3 3017//3
f 3023//1 3022//1 3021//1
f 3024//1 3023//1 3021//1
f 3027//5 3026//5 3025//5
f 3028//5 3027//5 3025//5
f 3031//3 3030//3 3029//3
f 3032//3 3031//3 3029//3
f 3035//3 3034//3 3033//3
f 3036//3 3035//3 3033//3
f 3039//3 3038//3 3037//3
f 3040//3 3039//3 3037//3
f 3043//5 3042//5 3041//5
f 3044//5 3043//5 3041//5
f 3047//3 3046//3 3045//3
f 3048//3 3047//3 3045//3
f 3051//3 3050//3 3049//3
f 3052//3 3051//3 3049//3
f 3055//4 3054//4 3053//4
f 3056//4 3055//4 3053//4
f 3059//3 3058//3 3057//3
f 3060//3 3059//3 3057//3
f 3063//4 3062//4 3061//4
f 3064//4 3063//4 3061//4
f 3067//5 3066//5 3065//5
f 3068//5 3067//5 3065//5
f 3071//3 3070//3 3069//3
f 3072//3 3071//3 3069//3
f 3075//3 3074//3 3073//3
f 3076//3 3075//3 3073//3
f 3079//3 3078//3 3077//3
f 3080//3 3079//3 3077//3
f 3083//4 3082//4 3081//4
f 3084//4 3083//4 3081//4
f 3087//5 3086//5 3085//5
f 3088//5 3087//5 3085//5
f 3091//3 3090//3 3089//3
f 3092//3 3091//3 3089//3
f 3095//4 3094//4 3093//4
f 3096//4 3095//4 3093//4
f 3099//2 3098//2 3097//2
f 3100//2 3099//2 3097//2
f 3103//6 3102//6 3101//6
f 3104//6 3103//6 3101//6
f 3107//4 3106//4 3105//4
f 3108//4 3107//4 3105//4
f 3111//3 3110//3 3109//3
f 3112//3 3111//3 3109//3
f 3115//4 3114//4 3113//4
f 3116//4 3115//4 3113//4
f 3119//5 3118//5 3117//5
f 3120//5 3119//5 3117//5
f 3123//3 3122//3 3121//3
f 3124//3 3123//3 3121//3
f 3127//1 3126//1 3125//1
f 3128//1 3127//1 3125//1
f 3131//1 3130//1 3129//1
f 3132//1 3131//1 3129//1
f 3135//1 3134//1 3133//1
f 3136//1 3135//1 3133//1
f 3139//1 3138//1 3137//1
f 3140//1 3139//1 3137//1
f 3143//1 3142//1 3141//1
f 3144//1 3143//1 3141//1
f 3147//1 3146//1 3145//1
f 3148//1 3147//1 3145//1
f 3151//1 3150//1 3149//1
f 3152//1 3151//1 3149//1
f 3155//3 3154//3 3153//3
f 3156//3 3155//3 3153//3
f 3159//1 3158//1 3157//1
f 3160//1 3159//1 3157//1
f 3163//5 3162//5 3161//5
f 3164//5 3163//5 3161//5
f 3167//3 3166//3 3165//3
f 3168//3 3167//3 3165//3
f 3171//3 3170//3 3169//3
f 3172//3 3171//3 3169//3
f 3175//5 3174//5 3173//5
f 3176//5 3175//5 3173//5
f 3179//3 3178//3 3177//3
f 3180//3 3179//3 3177//3
f 3183//4 3182//4 3181//4
f 3184//4 3183//4 3181//4
f 3187//3 3186//3 3185//3
f 3188//3 3187//3 3185//3
f 3191//4 3190//4 3189//4
f 3192//4 3191//4 3189//4
f 3195//5 3194//5 3193//5
f 3196//5 3195//5 3193//5
f 3199//3 3198//3 3197//3
f 3200//3 3199//3 3197//3
f 3203//4 3202//4 3201//4
f 3204//4 3203//4 3201//4
f 3207//4 3206//4 3205//4
f 3208//4 3207//4 3205//4
f 3211//3 3210//3 3209//3
f 3212//3 3211//3 3209//3
f 3215//4 3214//4 3213//4
f 3216//4 3215//4 3213//4
f 3219//5 3218//5 3217//5
f 3220//5 3219//5 3217//5
f 3223//3 3222//3 3221//3
f 3224//3 3223//3 3221//3
f 3227//4 3226//4 3225//4
f 3228//4 3227//4 3225//4
f 3231//2 3230//2 3229//2
f 3232//2 3231//2 3229//2
f 3235//6 3234//6 3233//6
f 3236//6 3235//6 3233//6
f 3239//4 3238//4 3237//4
f 3240//4 3239//4 3237//4
f 3243//4 3242//4 3241//4
f 3244//4 3243//4 3241//4
f 3247//5 3246//5 3245//5
f 3248//5 3247//5 3245//5
f 3251//3 3250//3 3249//3
f 3252//3 3251//3 3249//3
f 3255//1 3254//1 3253//1
f 3256//1 3255//1 3253//1
f 3259//1 3258//1 3257//1
f 3260//1 3259//1 3257//1
f 3263//1 3262//1 3261//1
f 3264//1 3263//1 3261//1
f 3267//1 3266//1 3265//1
f 3268//1 3267//1 3265//1
f 3271//1 3270//1 3269//1
f 3272//1 3271//1 3269//1
f 3275//1 3274//1 3273//1
f 3276//1 3275//1 3273//1
f 3279//1 3278//1 3277//1
f 3280//1 3279//1 3277//1
f 3283//1 3282//1 3281//1
f 3284//1 3283//1 3281//1
f 3287//1 3286//1 3285//1
f 3288//1 3287//1 3285//1
f 3291//3 3290//3 3289//3
f 3292//3 3291//3 3289//3
f 3295//1 3294//1 3293//1
f 3296//1 3295//1 3293//1
f 3299//5 3298//5 3297//5
f 3300//5 3299//5 3297//5
f 3303//3 3302//3 3301//3
f 3304//3 3303//3 3301//3
f 3307//3 3306//3 3305//3
f 3308//3 3307//3 3305//3
f 3311//5 3310//5 3309//5
f 3312//5 3311//5 3309//5
f 3315//3 3314//3 3313//3
f 3316//3 3315//3 3313//3
f 3319//4 3318//4 3317//4
f 3320//4 3319//4 3317//4
f 3323//3 3322//3 3321//3
f 3324//3 3323//3 3321//3
f 3327//4 3326//4 3325//4
f 3328//4 3327//4 3325//4
f 3331//5 3330//5 3329//5
f 3332//5 3331//5 3329//5
f 3335//3 3334//3 3333//3
f 3336//3 3335//3 3333//3
f 3339//4 3338//4 3337//4
f 3340//4 3339//4 3337//4
f 3343//4 3342//4 3341//4
f 3344//4 3343//4 3341//4
f 3347//4 3346//4 3345//4
f 3348//4 3347//4 3345//4
f 3351//4 3350//4 3349//4
f 3352//4 3351//4 3349//4
f 3355//3 3354//3 3353//3
f 3356//3 3355//3 3353//3
f 3359//4 3358//4 3357//4
f 3360//4 3359//4 3357//4
f 3363//5 3362//5 3361//5
f 3364//5 3363//5 3361//5
f 3367//3 3366//3 3365//3
f 3368//3 3367//3 3365//3
f 3371//4 3370//4 3369//4
f 3372//4 3371//4 3369//4
f 3375//2 3374//2 3373//2
f 3376//2 3375//2 3373//2
f 3379//6 3378//6 3377//6
f 3380//6 3379//6 3377//6
f 3383//4 3382//4 3381//4
f 3384//4 3383//4 3381//4
f 3387//4 3386//4 3385//4
f 3388//4 3387//4 3385//4
f 3391//5 3390//5 3389//5
f 3392//5 3391//5 3389//5
f 3395//3 3394//3 3393//3
f 3396//3 3395//3 3393//3
f 3399//1 3398//1 3397//1
f 3400//1 3399//1 3397//1
f 3403//1 3402//1 3401//1
f 3404//1 3403//1 3401//1
f 3407//1 3406//1 3405//1
f 3408//1 3407//1 3405//1
f 3411//1 3410//1 3409//1
f 3412//1 3411//1 3409//1
f 3415//1 3414//1 3413//1
f 3416//1 3415//1 3413//1
f 3419//1 3418//1 3417//1
f 3420//1 3419//1 3417//1
f 3423//1 3422//1 3421//1
f 3424//1 3423//1 3421//1
f 3427//1 3426//1 3425//1
f 3428//1 3427//1 3425//1
f 3431//1 3430//1 3429//1
f 3432//1 3431//1 3429//1
f 3435//1 3434//1 3433//1
f 3436//1 3435//1 3433//1
f 3439//1 3438//1 3437//1
f 3440//1 3439//1 3437//1
f 3443//5 3442//5 3441//5
f 3444//5 3443//5 3441//5
f 3447//3 3446//3 3445//3
f 3448//3 3447//3 3445//3
f 3451//5 3450//5 3449//5
f 3452//5 3451//5 3449//5
f 3455//3 3454//3 3453//3
f 3456//3 3455//3 3453//3
f 3459//4 3458//4 3457//4
f 3460//4 3459//4 3457//4
f 3463//5 3462//5 3461//5
f 3464//5 3463//5 3461//5
f 3467//3 3466//3 3465//3
f 3468//3 3467//3 3465//3
f 3471//4 3470//4 3469//4
f 3472//4 3471//4 3469//4
f 3475//4 3474//4 3473//4
f 3476//4 3475//4 3473//4
f 3479//4 3478//4 3477//4
f 3480//4 3479//4 3477//4
f 3483//4 3482//4 3481//4
f 3484//4 3483//4 3481//4
f 3487//4 3486//4 3485//4
f 3488//4 3487//4 3485//4
f 3491//4 3490//4 3489//4
f 3492//4 3491//4 3489//4
f 3495//3 3494//3 3493//3
f 3496//3 3495//3 3493//3
f 3499//4 3498//4 3497//4
f 3500//4 3499//4 3497//4
f 3503//5 3502//5 3501//5
f 3504//5 3503//5 3501//5
f 3507//3 3506//3 3505//3
f 3508//3 3507//3 3505//3
f 3511//4 3510//4 3509//4
f 3512//4 3511//4 3509//4
f 3515//2 3514//2 3513//2
f 3516//2 3515//2 3513//2
f 3519//6 3518//6 3517//6
f 3520//6 3519//6 3517//6
f 3523//4 3522//4 3521//4
f 3524//4 3523//4 3521//4
f 3527//4 3526//4 3525//4
f 3528//4 3527//4 3525//4
f 3531//5 3530//5 3529//5
f 3532//5 3531//5 3529//5
f 3535//3 3534//3 3533//3
f 3536//3 3535//3 3533//3
f 3539//1 3538//1 3537//1
f 3540//1 3539//1 3537//1
f 3543//1 3542//1 3541//1
f 3544//1 3543//1 3541//1
f 3547//1 3546//1 3545//1
f 3548//1 3547//1 3545//1
f 3551//1 3550//1 3549//1
f 3552//1 3551//1 3549//1
f 3555//1 3554//1 3553//1
f 3556//1 3555//1 3553//1
f 3559//1 3558//1 3557//1
f 3560//1 3559//1 3557//1
f 3563//1 3562//1 3561//1
f 3564//1 3563//1 3561//1
f 3567//1 3566//1 3565//1
f 3568//1 3567//1 3565//1
f 3571//1 3570//1 3569//1
f 3572//1 3571//1 3569//1
f 3575//1 3574//1 3573//1
f 3576//1 3575//1 3573//1
f 3579//1 3578//1 3577//1
f 3580//1 3579//1 3577//1
f 3583//1 3582//1 3581//1
f 3584//1 3583//1 3581//1
f 3587//5 3586//5 3585//5
f 3588//5 3587//5 3585//5
f 3591//3 3590//3 3589//3
f 3592//3 3591//3 3589//3
f 3595//5 3594//5 3593//5
f 3596//5 3595//5 3593//5
f 3599//3 3598//3 3597//3
f 3600//3 3599//3 3597//3
f 3603//4 3602//4 3601//4
f 3604//4 3603//4 3601//4
f 3607//5 3606//5 3605//5
f 3608//5 3607//5 3605//5
f 3611//3 3610//3 3609//3
f 3612//3 3611//3 3609//3
f 3615//4 3614//4 3613//4
f 3616//4 3615//4 3613//4
f 3619//4 3618//4 3617//4
f 3620//4 3619//4 3617//4
f 3623//4 3622//4 3621//4
f 3624//4 3623//4 3621//4
f 3627//4 3626//4 3625//4
f 3628//4 3627//4 3625//4
f 3631//4 3630//4 3629//4
f 3632//4 3631//4 3629//4
f 3635//4 3634//4 3633//4
f 3636//4 3635//4 3633//4
f 3639//4 3638//4 3637//4
f 3640//4 3639//4 3637//4
f 3643//4 3642//4 3641//4
f 3644//4 3643//4 3641//4
f 3647//5 3646//5 3645//5
f 3648//5 3647//5 3645//5
f 3651//3 3650//3 3649//3
f 3652//3 3651//3 3649//3
f 3655//4 3654//4 3653//4
f 3656//4 3655//4 3653//4
f 3659//2 3658//2 3657//2
f 3660//2 3659//2 3657//2
f 3663//6 3662//6 3661//6
f 3664//6 3663//6 3661//6
f 3667//4 3666//4 3665//4
f 3668//4 3667//4 3665//4
f 3671//4 3670//4 3669//4
f 3672//4 3671//4 3669//4
f 3675//5 3674//5 3673//5
f 3676//5 3675//5 3673//5
f 3679//3 3678//3 3677//3
f 3680//3 3679//3 3677//3
f 3683//1 3682//1 3681//1
f 3684//1 3683//1 3681//1
f 3687//1 3686//1 3685//1
f 3688//1 3687//1 3685//1
f 3691//1 3690//1 3689//1
f 3692//1 3691//1 3689//1
f 3695//1 3694//1 3693//1
f 3696//1 3695//1 3693//1
f 3699//1 3698//1 3697//1
f 3700//1 3699//1 3697//1
f 3703//1 3702//1 3701//1
f 3704//1 3703//1 3701//1
f 3707//1 3706//1 3705//1
f 3708//1 3707//1 3705//1
f 3711//1 3710//1 3709//1
f 3712//1 3711//1 3709//1
f 3715//1 3714//1 3713//1
f 3716//1 3715//1 3713//1
f 3719//1 3718//1 3717//1
f 3720//1 3719//1 3717//1
f 3723//1 3722//1 3721//1
f 3724//1 3723//1 3721//1
f 3727//1 3726//1 3725//1
f 3728//1 3727//1 3725//1
f 3731//1 3730//1 3729//1
f 3732//1 3731//1 3729//1
f 3735//5 3734//5 3733//5
f 3736//5 3735//5 3733//5
f 3739//3 3738//3 3737//3
f 3740//3 3739//3 3737//3
f 3743//5 3742//5 3741//5
f 3744//5 3743//5 3741//5
f 3747//3 3746//3 3745//3
f 3748//3 3747//3 3745//3
f 3751//4 3750//4 3749//4
f 3752//4 3751//4 3749//4
f 3755//5 3754//5 3753//5
f 3756//5 3755//5 3753//5
f 3759//3 3758//3 3757//3
f 3760//3 3759//3 3757//3
f 3763//4 3762//4 3761//4
f 3764//4 3763//4 3761//4
f 3767//4 3766//4 3765//4
f 3768//4 3767//4 3765//4
f 3771//4 3770//4 3769//4
f 3772//4 3771//4 3769//4
f 3775//4 3774//4 3773//4
f 3776//4 3775//4 3773//4
f 3779//4 3778//4 3777//4
f 3780//4 3779//4 3777//4
f 3783//4 3782//4 3781//4
f 3784//4 3783//4 3781//4
f 3787//4 3786//4 3785//4
f 3788//4 3787//4 3785//4
f 3791//4 3790//4 3789//4
f 3792//4 3791//4 3789//4
f 3795//4 3794//4 3793//4
f 3796//4 3795//4 3793//4
f 3799//5 3798//5 3797//5
f 3800//5 3799//5 3797//5
f 3803//3 3802//3 3801//3
f 3804//3 3803//3 3801//3
f 3807//4 3806//4 3805//4
f 3808//4 3807//4 3805//4
f 3811//2 3810//2 3809//2
f 3812//2 3811//2 3809//2
f 3815//6 3814//6 3813//6
f 3816//6 3815//6 3813//6
f 3819//4 3818//4 3817//4
f 3820//4 3819//4 3817//4
f 3823//4 3822//4 3821//4
f 3824//4 3823//4 3821//4
f 3827//5 3826//5 3825//5
f 3828//5 3827//5 3825//5
f 3831//3 3830//3 3829//3
f 3832//3 3831//3 3829//3
g Chunk_9x6x7
usemtl Voxel
f 3835//1 3834//1 3833//1
f 3836//1 3835//1 3833//1
f 3839//2 3838//2 3837//2
f 3840//2 3839//2 3837//2
f 3843//3 3842//3 3841//3
f 3844//3 3843//3 3841//3
f 3847//1 3846//1 3845//1
f 3848//1 3847//1 3845//1
f 3851//2 3850//2 3849//2
f 3852//2 3851//2 3849//2
f 3855//3 3854//3 3853//3
f 3856//3 3855//3 3853//3
f 3859//4 3858//4 3857//4
f 3860//4 3859//4 3857//4
f 3863//2 3862//2 3861//2
f 3864//2 3863//2 3861//2
f 3867//3 3866//3 3865//3
f 3868//3 3867//3 3865//3
f 3871//4 3870//4 3869//4
f 3872//4 3871//4 3869//4
f 3875//2 3874//2 3873//2
f 3876//2 3875//2 3873//2
f 3879//3 3878//3 3877//3
f 3880//3 3879//3 3877//3
f 3883//1 3882//1 3881//1
f 3884//1 3883//1 3881//1
f 3887//2 3886//2 3885//2
f 3888//2 3887//2 3885//2
f 3891//1 3890//1 3889//1
f 3892//1 3891//1 3889//1
f 3895//2 3894//2 3893//2
f 3896//2 3895//2 3893//2
f 3899//2 3898//2 3897//2
f 3900//2 3899//2 3897//2
f 3903//4 3902//4 3901//4
f 3904//4 3903//4 3901//4
f 3907//2 3906//2 3905//2
f 3908//2 3907//2 3905//2
f 3911//3 3910//3 3909//3
f 3912//3 3911//3 3909//3
f 3915//4 3914//4 3913//4
f 3916//4 3915//4 3913//4
f 3919//1 3918//1 3917//1
f 3920//1 3919//1 3917//1
f 3923//2 3922//2 3921//2
f 3924//2 3923//2 3921//2
f 3927//3 3926//3 3925//3
f 3928//3 3927//3 3925//3
f 3931//1 3930//1 3929//1
f 3932//1 3931//1 3929//1
f 3935//1 3934//1 3933//1
f 3936//1 3935//1 3933//1
f 3939//2 3938//2 3937//2
f 3940//2 3939//2 3937//2
f 3943//3 3942//3 3941//3
f 3944//3 3943//3 3941//3
f 3947//4 3946//4 3945//4
f 3948//4 3947//4 3945//4
f 3951//2 3950//2 3949//2
f 3952//2 3951//2 3949//2
f 3955//3 3954//3 3953//3
f 3956//3 3955//3 3953//3
f 3959//4 3958//4 3957//4
f 3960//4 3959//4 3957//4
f 3963//2 3962//2 3961//2
f 3964//2 3963//2 3961//2
f 3967//4 3966//4 3965//4
f 3968//4 3967//4 3965//4
f 3971//1 3970//1 3969//1
f 3972//1 3971//1 3969//1
f 3975//2 3974//2 3973//2
f 3976//2 3975//2 3973//2
f 3979//1 3978//1 3977//1
f 3980//1 3979//1 3977//1
f 3983//1 3982//1 3981//1
f 3984//1 3983//1 3981//1
f 3987//2 3986//2 3985//2
f 3988//2 3987//2 3985//2
f 3991//2 3990//2 3989//2
f 3992//2 3991//2 3989//2
f 3995//2 3994//2 3993//2
f 3996//2 3995//2 3993//2
f 3999//3 3998//3 3997//3
f 4000//3 3999//3 3997//3
f 4003//4 4002//4 4001//4
f 4004//4 4003//4 4001//4
f 4007//4 4006//4 4005//4
f 4008//4 4007//4 4005//4
f 4011//4 4010//4 4009//4
f 4012//4 4011//4 4009//4
f 4015//2 4014//2 4013//2
f 4016//2 4015//2 4013//2
f 4019//5 4018//5 4017//5
f 4020//5 4019//5 4017//5
f 4023//3 4022//3 4021//3
f 4024//3 4023//3 4021//3
f 4027//1 4026//1 4025//1
f 4028//1 4027//1 4025//1
f 4031//2 4030//2 4029//2
f 4032//2 4031//2 4029//2
f 4035//1 4034//1 4033//1
f 4036//1 4035//1 4033//1
f 4039//1 4038//1 4037//1
f 4040//1 4039//1 4037//1
f 4043//2 4042//2 4041//2
f 4044//2 4043//2 4041//2
f 4047//2 4046//2 4045//2
f 4048//2 4047//2 4045//2
f 4051//2 4050//2 4049//2
f 4052//2 4051//2 4049//2
f 4055//4 4054//4 4053//4
f 4056//4 4055//4 4053//4
f 4059//4 4058//4 4057//4
f 4060//4 4059//4 4057//4
f 4063//2 4062//2 4061//2
f 4064//2 4063//2 4061//2
f 4067//4 4066//4 4065//4
f 4068//4 4067//4 4065//4
f 4071//5 4070//5 4069//5
f 4072//5 4071//5 4069//5
f 4075//3 4074//3 4073//3
f 4076//3 4075//3 4073//3
f 4079//1 4078//1 4077//1
f 4080//1 4079//1 4077//1
f 4083//2 4082//2 4081//2
f 4084//2 4083//2 4081//2
f 4087//3 4086//3 4085//3
f 4088//3 4087//3 4085//3
f 4091//6 4090//6 4089//6
f 4092//6 4091//6 4089//6
f 4095//1 4094//1 4093//1
f 4096//1 4095//1 4093//1
f 4099//1 4098//1 4097//1
f 4100//1 4099//1 4097//1
f 4103//1 4102//1 4101//1
f 4104//1 4103//1 4101//1
f 4107//2 4106//2 4105//2
f 4108//2 4107//2 4105//2
f 4111//3 4110//3 4109//3
f 4112//3 4111//3 4109//3
f 4115//6 4114//6 4113//6
f 4116//6 4115//6 4113//6
f 4119//4 4118//4 4117//4
f 4120//4 4119//4 4117//4
f 4123//2 4122//2 4121//2
f 4124//2 4123//2 4121//2
f 4127//3 4126//3 4125//3
f 4128//3 4127//3 4125//3
f 4131//6 4130//6 4129//6
f 4132//6 4131//6 4129//6
f 4135//2 4134//2 4133//2
f 4136//2 4135//2 4133//2
f 4139//4 4138//4 4137//4
f 4140//4 4139//4 4137//4
f 4143//2 4142//2 4141//2
f 4144//2 4143//2 4141//2
f 4147//6 4146//6 4145//6
f 4148//6 4147//6 4145//6
f 4151//4 4150//4 4149//4
f 4152//4 4151//4 4149//4
f 4155//4 4154//4 4153//4
f 4156//4 4155//4 4153//4
f 4159//5 4158//5 4157//5
f 4160//5 4159//5 4157//5
f 4163//3 4162//3 4161//3
f 4164//3 4163//3 4161//3
f 4167//1 4166//1 4165//1
f 4168//1 4167//1 4165//1
f 4171//2 4170//2 4169//2
f 4172//2 4171//2 4169//2
f 4175//1 4174//1 4173//1
f 4176//1 4175//1 4173//1
f 4179//1 4178//1 4177//1
f 4180//1 4179//1 4177//1
f 4183//2 4182//2 4181//2
f 4184//2 4183//2 4181//2
f 4187//2 4186//2 4185//2
f 4188//2 4187//2 4185//2
f 4191//4 4190//4 4189//4
f 4192//4 4191//4 4189//4
f 4195//2 4194//2 4193//2
f 4196//2 4195//2 4193//2
f 4199//4 4198//4 4197//4
f 4200//4 4199//4 4197//4
f 4203//2 4202//2 4201//2
f 4204//2 4203//2 4201//2
f 4207//6 4206//6 4205//6
f 4208//6 4207//6 4205//6
f 4211//4 4210//4 4209//4
f 4212//4 4211//4 4209//4
f 4215//1 4214//1 4213//1
f 4216//1 4215//1 4213//1
f 4219//2 4218//2 4217//2
f 4220//2 4219//2 4217//2
f 4223//1 4222//1 4221//1
f 4224//1 4223//1 4221//1
f 4227//1 4226//1 4225//1
f 4228//1 4227//1 4225//1
f 4231//2 4230//2 4229//2
f 4232//2 4231//2 4229//2
f 4235//2 4234//2 4233//2
f 4236//2 4235//2 4233//2
f 4239//4 4238//4 4237//4
f 4240//4 4239//4 4237//4
f 4243//2 4242//2 4241//2
f 4244//2 4243//2 4241//2
f 4247//4 4246//4 4245//4
f 4248//4 4247//4 4245//4
f 4251//4 4250//4 4249//4
f 4252//4 4251//4 4249//4
f 4255//2 4254//2 4253//2
f 4256//2 4255//2 4253//2
f 4259//6 4258//6 4257//6
f 4260//6 4259//6 4257//6
f 4263//1 4262//1 4261//1
f 4264//1 4263//1 4261//1
f 4267//2 4266//2 4265//2
f 4268//2 4267//2 4265//2
f 4271//1 4270//1 4269//1
f 4272//1 4271//1 4269//1
f 4275//1 4274//1 4273//1
f 4276//1 4275//1 4273//1
f 4279//2 4278//2 4277//2
f 4280//2 4279//2 4277//2
f 4283//2 4282//2 4281//2
f 4284//2 4283//2 4281//2
f 4287//4 4286//4 4285//4
f 4288//4 4287//4 4285//4
f 4291//2 4290//2 4289//2
f 4292//2 4291//2 4289//2
f 4295//6 4294//6 4293//6
f 4296//6 4295//6 4293//6
f 4299//4 4298//4 4297//4
f 4300//4 4299//4 4297//4
f 4303//4 4302//4 4301//4
f 4304//4 4303//4 4301//4
f 4307//1 4306//1 4305//1
f 4308//1 4307//1 4305//1
f 4311//2 4310//2 4309//2
f 4312//2 4311//2 4309//2
f 4315//6 4314//6 4313//6
f 4316//6 4315//6 4313//6
f 4319//1 4318//1 4317//1
f 4320//1 4319//1 4317//1
f 4323//1 4322//1 4321//1
f 4324//1 4323//1 4321//1
f 4327//2 4326//2 4325//2
f 4328//2 4327//2 4325//2
f 4331//6 4330//6 4329//6
f 4332//6 4331//6 4329//6
f 4335//4 4334//4 4333//4
f 4336//4 4335//4 4333//4
f 4339//2 4338//2 4337//2
f 4340//2 4339//2 4337//2
f 4343//6 4342//6 4341//6
f 4344//6 4343//6 4341//6
f 4347//4 4346//4 4345//4
f 4348//4 4347//4 4345//4
f 4351//2 4350//2 4349//2
f 4352//2 4351//2 4349//2
f 4355//4 4354//4 4353//4
f 4356//4 4355//4 4353//4
f 4359//1 4358//1 4357//1
f 4360//1 4359//1 4357//1
f 4363//2 4362//2 4361//2
f 4364//2 4363//2 4361//2
f 4367//1 4366//1 4365//1
f 4368//1 4367//1 4365//1
f 4371//2 4370//2 4369//2
f 4372//2 4371//2 4369//2
f 4375//2 4374//2 4373//2
f 4376//2 4375//2 4373//2
f 4379//4 4378//4 4377//4
f 4380//4 4379//4 4377//4
f 4383//2 4382//2 4381//2
f 4384//2 4383//2 4381//2
f 4387//6 4386//6 4385//6
f 4388//6 4387//6 4385//6
f 4391//4 4390//4 4389//4
f 4392//4 4391//4 4389//4
f 4395//1 4394//1 4393//1
f 4396//1 4395//1 4393//1
f 4399//2 4398//2 4397//2
f 4400//2 4399//2 4397//2
f 4403//6 4402//6 4401//6
f 4404//6 4403//6 4401//6
f 4407//1 4406//1 4405//1
f 4408//1 4407//1 4405//1
f 4411//2 4410//2 4409//2
f 4412//2 4411//2 4409//2
f 4415//6 4414//6 4413//6
f 4416//6 4415//6 4413//6
f 4419//4 4418//4 4417//4
f 4420//4 4419//4 4417//4
f 4423//2 4422//2 4421//2
f 4424//2 4423//2 4421//2
f 4427//6 4426//6 4425//6
f 4428//6 4427//6 4425//6
f 4431//4 4430//4 4429//4
f 4432//4 4431//4 4429//4
f 4435//2 4434//2 4433//2
f 4436//2 4435//2 4433//2
f 4439//6 4438//6 4437//6
f 4440//6 4439//6 4437//6
f 4443//1 4442//1 4441//1
f 4444//1 4443//1 4441//1
f 4447//2 4446//2 4445//2
f 4448//2 4447//2 4445//2
f 4451//6 4450//6 4449//6
f 4452//6 4451//6 4449//6
f 4455//2 4454//2 4453//2
f 4456//2 4455//2 4453//2
f 4459//6 4458//6 4457//6
f 4460//6 4459//6 4457//6
f 4463//4 4462//4 4461//4
f 4464//4 4463//4 4461//4
f 4467//2 4466//2 4465//2
f 4468//2 4467//2 4465//2
f 4471//6 4470//6 4469//6
f 4472//6 4471//6 4469//6
g Chunk_9x6x8
usemtl Voxel
f 4475//1 4474//1 4473//1
f 4476//1 4475//1 4473//1
f 4479//1 4478//1 4477//1
f 4480//1 4479//1 4477//1
f 4483//1 4482//1 4481//1
f 4484//1 4483//1 4481//1
f 4487//1 4486//1 4485//1
f 4488//1 4487//1 4485//1
f 4491//1 4490//1 4489//1
f 4492//1 4491//1 4489//1
f 4495//1 4494//1 4493//1
f 4496//1 4495//1 4493//1
f 4499//1 4498//1 4497//1
f 4500//1 4499//1 4497//1
f 4503//1 4502//1 4501//1
f 4504//1 4503//1 4501//1
f 4507//1 4506//1 4505//1
f 4508//1 4507//1 4505//1
f 4511//1 4510//1 4509//1
f 4512//1 4511//1 4509//1
f 4515//1 4514//1 4513//1
f 4516//1 4515//1 4513//1
f 4519//1 4518//1 4517//1
f 4520//1 4519//1 4517//1
f 4523//1 4522//1 4521//1
f 4524//1 4523//1 4521//1
f 4527//1 4526//1 4525//1
f 4528//1 4527//1 4525//1
f 4531//1 4530//1 4529//1
f 4532//1 4531//1 4529//1
f 4535//1 4534//1 4533//1
f 4536//1 4535//1 4533//1
f 4539//4 4538//4 4537//4
f 4540//4 4539//4 4537//4
f 4543//4 4542//4 4541//4
f 4544//4 4543//4 4541//4
f 4547//4 4546//4 4545//4
f 4548//4 4547//4 4545//4
f 4551//4 4550//4 4549//4
f 4552//4 4551//4 4549//4
f 4555//4 4554//4 4553//4
f 4556//4 4555//4 4553//4
f 4559//4 4558//4 4557//4
f 4560//4 4559//4 4557//4
f 4563//4 4562//4 4561//4
f 4564//4 4563//4 4561//4
f 4567//4 4566//4 4565//4
f 4568//4 4567//4 4565//4
f 4571//4 4570//4 4569//4
f 4572//4 4571//4 4569//4
f 4575//4 4574//4 4573//4
f 4576//4 4575//4 4573//4
f 4579//4 4578//4 4577//4
f 4580//4 4579//4 4577//4
f 4583//2 4582//2 4581//2
f 4584//2 4583//2 4581//2
f 4587//6 4586//6 4585//6
f 4588//6 4587//6 4585//6
f 4591//4 4590//4 4589//4
f 4592//4 4591//4 4589//4
f 4595//4 4594//4 4593//4
f 4596//4 4595//4 4593//4
f 4599//5 4598//5 4597//5
f 4600//5 4599//5 4597//5
f 4603//3 4602//3 4601//3
f 4604//3 4603//3 4601//3
f 4607//4 4606//4 4605//4
f 4608//4 4607//4 4605//4
f 4611//2 4610//2 4609//2
f 4612//2 4611//2 4609//2
f 4615//6 4614//6 4613//6
f 4616//6 4615//6 4613//6
f 4619//4 4618//4 4617//4
f 4620//4 4619//4 4617//4
f 4623//4 4622//4 4621//4
f 4624//4 4623//4 4621//4
f 4627//5 4626//5 4625//5
f 4628//5 4627//5 4625//5
f 4631//3 4630//3 4629//3
f 4632//3 4631//3 4629//3
f 4635//1 4634//1 4633//1
f 4636//1 4635//1 4633//1
f 4639//1 4638//1 4637//1
f 4640//1 4639//1 4637//1
f 4643//1 4642//1 4641//1
f 4644//1 4643//1 4641//1
f 4647//1 4646//1 4645//1
f 4648//1 4647//1 4645//1
f 4651//1 4650//1 4649//1
f 4652//1 4651//1 4649//1
f 4655//1 4654//1 4653//1
f 4656//1 4655//1 4653//1
f 4659//1 4658//1 4657//1
f 4660//1 4659//1 4657//1
f 4663//1 4662//1 4661//1
f 4664//1 4663//1 4661//1
f 4667//1 4666//1 4665//1
f 4668//1 4667//1 4665//1
f 4671//1 4670//1 4669//1
f 4672//1 4671//1 4669//1
f 4675//1 4674//1 4673//1
f 4676//1 4675//1 4673//1
f 4679//1 4678//1 4677//1
f 4680//1 4679//1 4677//1
f 4683//1 4682//1 4681//1
f 4684//1 4683//1 4681//1
f 4687//1 4686//1 4685//1
f 4688//1 4687//1 4685//1
f 4691//1 4690//1 4689//1
f 4692//1 4691//1 4689//1
f 4695//1 4694//1 4693//1
f 4696//1 4695//1 4693//1
f 4699//4 4698//4 4697//4
f 4700//4 4699//4 4697//4
f 4703//4 4702//4 4701//4
f 4704//4 4703//4 4701//4
f 4707//4 4706//4 4705//4
f 4708//4 4707//4 4705//4
f 4711//4 4710//4 4709//4
f 4712//4 4711//4 4709//4
f 4715//4 4714//4 4713//4
f 4716//4 4715//4 4713//4
f 4719//4 4718//4 4717//4
f 4720//4 4719//4 4717//4
f 4723//4 4722//4 4721//4
f 4724//4 4723//4 4721//4
f 4727//4 4726//4 4725//4
f 4728//4 4727//4 4725//4
f 4731//4 4730//4 4729//4
f 4732//4 4731//4 4729//4
f 4735//4 4734//4 4733//4
f 4736//4 4735//4 4733//4
f 4739//4 4738//4 4737//4
f 4740//4 4739//4 4737//4
f 4743//2 4742//2 4741//2
f 4744//2 4743//2 4741//2
f 4747//6 4746//6 4745//6
f 4748//6 4747//6 4745//6
f 4751//4 4750//4 4749//4
f 4752//4 4751//4 4749//4
f 4755//4 4754//4 4753//4
f 4756//4 4755//4 4753//4
f 4759//5 4758//5 4757//5
f 4760//5 4759//5 4757//5
f 4763//3 4762//3 4761//3
f 4764//3 4763//3 4761//3
f 4767//4 4766//4 4765//4
f 4768//4 4767//4 4765//4
f 4771//2 4770//2 4769//2
f 4772//2 4771//2 4769//2
f 4775//6 4774//6 4773//6
f 4776//6 4775//6 4773//6
f 4779//4 4778//4 4777//4
f 4780//4 4779//4 4777//4
f 4783//4 4782//4 4781//4
f 4784//4 4783//4 4781//4
f 4787//5 4786//5 4785//5
f 4788//5 4787//5 4785//5
f 4791//3 4790//3 4789//3
f 4792//3 4791//3 4789//3
f 4795//1 4794//1 4793//1
f 4796//1 4795//1 4793//1
f 4799//1 4798//1 4797//1
f 4800//1 4799//1 4797//1
f 4803//1 4802//1 4801//1
f 4804//1 4803//1 4801//1
f 4807//1 4806//1 4805//1
f 4808//1 4807//1 4805//1
f 4811//1 4810//1 4809//1
f 4812//1 4811//1 4809//1
f 4815//1 4814//1 4813//1
f 4816//1 4815//1 4813//1
f 4819//1 4818//1 4817//1
f 4820//1 4819//1 4817//1
f 4823//1 4822//1 4821//1
f 4824//1 4823//1 4821//1
f 4827//1 4826//1 4825//1
f 4828//1 4827//1 4825//1
f 4831//1 4830//1 4829//1
f 4832//1 4831//1 4829//1
f 4835//1 4834//1 4833//1
f 4836//1 4835//1 4833//1
f 4839//1 4838//1 4837//1
f 4840//1 4839//1 4837//1
f 4843//1 4842//1 4841//1
f 4844//1 4843//1 4841//1
f 4847//1 4846//1 4845//1
f 4848//1 4847//1 4845//1
f 4851//1 4850//1 4849//1
f 4852//1 4851//1 4849//1
f 4855//1 4854//1 4853//1
f 4856//1 4855//1 4853//1
f 4859//4 4858//4 4857//4
f 4860//4 4859//4 4857//4
f 4863//4 4862//4 4861//4
f 4864//4 4863//4 4861//4
f 4867//4 4866//4 4865//4
f 4868//4 4867//4 4865//4
f 4871//4 4870//4 4869//4
f 4872//4 4871//4 4869//4
f 4875//4 4874//4 4873//4
f 4876//4 4875//4 4873//4
f 4879//4 4878//4 4877//4
f 4880//4 4879//4 4877//4
f 4883//4 4882//4 4881//4
f 4884//4 4883//4 4881//4
f 4887//4 4886//4 4885//4
f 4888//4 4887//4 4885//4
f 4891//4 4890//4 4889//4
f 4892//4 4891//4 4889//4
f 4895//4 4894//4 4893//4
f 4896//4 4895//4 4893//4
f 4899//4 4898//4 4897//4
f 4900//4 4899//4 4897//4
f 4903//2 4902//2 4901//2
f 4904//2 4903//2 4901//2
f 4907//6 4906//6 4905//6
f 4908//6 4907//6 4905//6
f 4911//4 4910//4 4909//4
f 4912//4 4911//4 4909//4
f 4915//4 4914//4 4913//4
f 4916//4 4915//4 4913//4
f 4919//5 4918//5 4917//5
f 4920//5 4919//5 4917//5
f 4923//3 4922//3 4921//3
f 4924//3 4923//3 4921//3
f 4927//4 4926//4 4925//4
f 4928//4 4927//4 4925//4
f 4931//2 4930//2 4929//2
f 4932//2 4931//2 4929//2
f 4935//6 4934//6 4933//6
f 4936//6 4935//6 4933//6
f 4939//4 4938//4 4937//4
f 4940//4 4939//4 4937//4
f 4943//4 4942//4 4941//4
f 4944//4 4943//4 4941//4
f 4947//5 4946//5 4945//5
f 4948//5 4947//5 4945//5
f 4951//3 4950//3 4949//3
f 4952//3 4951//3 4949//3
f 4955//1 4954//1 4953//1
f 4956//1 4955//1 4953//1
f 4959//1 4958//1 4957//1
f 4960//1 4959//1 4957//1
f 4963//1 4962//1 4961//1
f 4964//1 4963//1 4961//1
f 4967//1 4966//1 4965//1
f 4968//1 4967//1 4965//1
f 4971//1 4970//1 4969//1
f 4972//1 4971//1 4969//1
f 4975//1 4974//1 4973//1
f 4976//1 4975//1 4973//1
f 4979//1 4978//1 4977//1
f 4980//1 4979//1 4977//1
f 4983//1 4982//1 4981//1
f 4984//1 4983//1 4981//1
f 4987//1 4986//1 4985//1
f 4988//1 4987//1 4985//1
f 4991//1 4990//1 4989//1
f 4992//1 4991//1 4989//1
f 4995//1 4994//1 4993//1
f 4996//1 4995//1 4993//1
f 4999//1 4998//1 4997//1
f 5000//1 4999//1 4997//1
f 5003//1 5002//1 5001//1
f 5004//1 5003//1 5001//1
f 5007//1 5006//1 5005//1
f 5008//1 5007//1 5005//1
f 5011//1 5010//1 5009//1
f 5012//1 5011//1 5009//1
f 5015//1 5014//1 5013//1
f 5016//1 5015//1 5013//1
f 5019//4 5018//4 5017//4
f 5020//4 5019//4 5017//4
f 5023//4 5022//4 5021//4
f 5024//4 5023//4 5021//4
f 5027//4 5026//4 5025//4
f 5028//4 5027//4 5025//4
f 5031//4 5030//4 5029//4
f 5032//4 5031//4 5029//4
f 5035//4 5034//4 5033//4
f 5036//4 5035//4 5033//4
f 5039//4 5038//4 5037//4
f 5040//4 5039//4 5037//4
f 5043//4 5042//4 5041//4
f 5044//4 5043//4 5041//4
f 5047//4 5046//4 5045//4
f 5048//4 5047//4 5045//4
f 5051//4 5050//4 5049//4
f 5052//4 5051//4 5049//4
f 5055//4 5054//4 5053//4
f 5056//4 5055//4 5053//4
f 5059//4 5058//4 5057//4
f 5060//4 5059//4 5057//4
f 5063//4 5062//4 5061//4
f 5064//4 5063//4 5061//4
f 5067//2 5066//2 5065//2
f 5068//2 5067//2 5065//2
f 5071//6 5070//6 5069//6
f 5072//6 5071//6 5069//6
f 5075//4 5074//4 5073//4
f 5076//4 5075//4 5073//4
f 5079//4 5078//4 5077//4
f 5080//4 5079//4 5077//4
f 5083//5 5082//5 5081//5
f 5084//5 5083//5 5081//5
f 5087//3 5086//3 5085//3
f 5088//3 5087//3 5085//3
f 5091//4 5090//4 5089//4
f 5092//4 5091//4 5089//4
f 5095//2 5094//2 5093//2
f 5096//2 5095//2 5093//2
f 5099//6 5098//6 5097//6
f 5100//6 5099//6 5097//6
f 5103//4 5102//4 5101//4
f 5104//4 5103//4 5101//4
f 5107//1 5106//1 5105//1
f 5108//1 5107//1 5105//1
f 5111//1 5110//1 5109//1
f 5112//1 5111//1 5109//1
f 5115//1 5114//1 5113//1
f 5116//1 5115//1 5113//1
f 5119//1 5118//1 5117//1
f 5120//1 5119//1 5117//1
f 5123//1 5122//1 5121//1
f 5124//1 5123//1 5121//1
f 5127//1 5126//1 5125//1
f 5128//1 5127//1 5125//1
f 5131//1 5130//1 5129//1
f 5132//1 5131//1 5129//1
f 5135//1 5134//1 5133//1
f 5136//1 5135//1 5133//1
f 5139//1 5138//1 5137//1
f 5140//1 5139//1 5137//1
f 5143//1 5142//1 5141//1
f 5144//1 5143//1 5141//1
f 5147//1 5146//1 5145//1
f 5148//1 5147//1 5145//1
f 5151//1 5150//1 5149//1
f 5152//1 5151//1 5149//1
f 5155//1 5154//1 5153//1
f 5156//1 5155//1 5153//1
f 5159//1 5158//1 5157//1
f 5160//1 5159//1 5157//1
f 5163//1 5162//1 5161//1
f 5164//1 5163//1 5161//1
f 5167//1 5166//1 5165//1
f 5168//1 5167//1 5165//1
f 5171//4 5170//4 5169//4
f 5172//4 5171//4 5169//4
f 5175//4 5174//4 5173//4
f 5176//4 5175//4 5173//4
f 5179//4 5178//4 5177//4
f 5180//4 5179//4 5177//4
f 5183//4 5182//4 5181//4
f 5184//4 5183//4 5181//4
f 5187//4 5186//4 5185//4
f 5188//4 5187//4 5185//4
f 5191//4 5190//4 5189//4
f 5192//4 5191//4 5189//4
f 5195//4 5194//4 5193//4
f 5196//4 5195//4 5193//4
f 5199//4 5198//4 5197//4
f 5200//4 5199//4 5197//4
f 5203//4 5202//4 5201//4
f 5204//4 5203//4 5201//4
f 5207//4 5206//4 5205//4
f 5208//4 5207//4 5205//4
f 5211//4 5210//4 5209//4
f 5212//4 5211//4 5209//4
f 5215//4 5214//4 5213//4
f 5216//4 5215//4 5213//4
f 5219//4 5218//4 5217//4
f 5220//4 5219//4 5217//4
f 5223//2 5222//2 5221//2
f 5224//2 5223//2 5221//2
f 5227//6 5226//6 5225//6
f 5228//6 5227//6 5225//6
f 5231//4 5230//4 5229//4
f 5232//4 5231//4 5229//4
f 5235//4 5234//4 5233//4
f 5236//4 5235//4 5233//4
f 5239//5 5238//5 5237//5
f 5240//5 5239//5 5237//5
f 5243//3 5242//3 5241//3
f 5244//3 5243//3 5241//3
f 5247//4 5246//4 5245//4
f 5248//4 5247//4 5245//4
f 5251//2 5250//2 5249//2
f 5252//2 5251//2 5249//2
f 5255//6 5254//6 5253//6
f 5256//6 5255//6 5253//6
f 5259//1 5258//1 5257//1
f 5260//1 5259//1 5257//1
f 5263//1 5262//1 5261//1
f 5264//1 5263//1 5261//1
f 5267//1 5266//1 5265//1
f 5268//1 5267//1 5265//1
f 5271//1 5270//1 5269//1
f 5272//1 5271//1 5269//1
f 5275//1 5274//1 5273//1
f 5276//1 5275//1 5273//1
f 5279//1 5278//1 5277//1
f 5280//1 5279//1 5277//1
f 5283//1 5282//1 5281//1
f 5284//1 5283//1 5281//1
f 5287//1 5286//1 5285//1
f 5288//1 5287//1 5285//1
f 5291//1 5290//1 5289//1
f 5292//1 5291//1 5289//1
f 5295//1 5294//1 5293//1
f 5296//1 5295//1 5293//1
f 5299//1 5298//1 5297//1
f 5300//1 5299//1 5297//1
f 5303//1 5302//1 5301//1
f 5304//1 5303//1 5301//1
f 5307//1 5306//1 5305//1
f 5308//1 5307//1 5305//1
f 5311//1 5310//1 5309//1
f 5312//1 5311//1 5309//1
f 5315//1 5314//1 5313//1
f 5316//1 5315//1 5313//1
f 5319//1 5318//1 5317//1
f 5320//1 5319//1 5317//1
f 5323//4 5322//4 5321//4
f 5324//4 5323//4 5321//4
f 5327//4 5326//4 5325//4
f 5328//4 5327//4 5325//4
f 5331//4 5330//4 5329//4
f 5332//4 5331//4 5329//4
f 5335//4 5334//4 5333//4
f 5336//4 5335//4 5333//4
f 5339//4 5338//4 5337//4
f 5340//4 5339//4 5337//4
f 5343//4 5342//4 5341//4
f 5344//4 5343//4 5341//4
f 5347//4 5346//4 5345//4
f 5348//4 5347//4 5345//4
f 5351//4 5350//4 5349//4
f 5352//4 5351//4 5349//4
f 5355//4 5354//4 5353//4
f 5356//4 5355//4 5353//4
f 5359//4 5358//4 5357//4
f 5360//4 5359//4 5357//4
f 5363//4 5362//4 5361//4
f 5364//4 5363//4 5361//4
f 5367//4 5366//4 5365//4
f 5368//4 5367//4 5365//4
f 5371//4 5370//4 5369//4
f 5372//4 5371//4 5369//4
f 5375//4 5374//4 5373//4
f 5376//4 5375//4 5373//4
f 5379//2 5378//2 5377//2
f 5380//2 5379//2 5377//2
f 5383//6 5382//6 5381//6
f 5384//6 5383//6 5381//6
f 5387//4 5386//4 5385//4
f 5388//4 5387//4 5385//4
f 5391//4 5390//4 5389//4
f 5392//4 5391//4 5389//4
f 5395//5 5394//5 5393//5
f 5396//5 5395//5 5393//5
f 5399//3 5398//3 5397//3
f 5400//3 5399//3 5397//3
f 5403//1 5402//1 5401//1
f 5404//1 5403//1 5401//1
f 5407//1 5406//1 5405//1
f 5408//1 5407//1 5405//1
f 5411//1 5410//1 5409//1
f 5412//1 5411//1 5409//1
f 5415//1 5414//1 5413//1
f 5416//1 5415//1 5413//1
f 5419//1 5418//1 5417//1
f 5420//1 5419//1 5417//1
f 5423//1 5422//1 5421//1
f 5424//1 5423//1 5421//1
f 5427//1 5426//1 5425//1
f 5428//1 5427//1 5425//1
f 5431//1 5430//1 5429//1
f 5432//1 5431//1 5429//1
f 5435//1 5434//1 5433//1
f 5436//1 5435//1 5433//1
f 5439//1 5438//1 5437//1
f 5440//1 5439//1 5437//1
f 5443//1 5442//1 5441//1
f 5444//1 5443//1 5441//1
f 5447//1 5446//1 5445//1
f 5448//1 5447//1 5445//1
f 5451//1 5450//1 5449//1
f 5452//1 5451//1 5449//1
f 5455//1 5454//1 5453//1
f 5456//1 5455//1 5453//1
f 5459//1 5458//1 5457//1
f 5460//1 5459//1 5457//1
f 5463//1 5462//1 5461//1
f 5464//1 5463//1 5461//1
f 5467//4 5466//4 5465//4
f 5468//4 5467//4 5465//4
f 5471//4 5470//4 5469//4
f 5472//4 5471//4 5469//4
f 5475//4 5474//4 5473//4
f 5476//4 5475//4 5473//4
f 5479//4 5478//4 5477//4
f 5480//4 5479//4 5477//4
f 5483//4 5482//4 5481//4
f 5484//4 5483//4 5481//4
f 5487//4 5486//4 5485//4
f 5488//4 5487//4 5485//4
f 5491//4 5490//4 5489//4
f 5492//4 5491//4 5489//4
f 5495//4 5494//4 5493//4
f 5496//4 5495//4 5493//4
f 5499//4 5498//4 5497//4
f 5500//4 5499//4 5497//4
f 5503//4 5502//4 5501//4
f 5504//4 5503//4 5501//4
f 5507//4 5506//4 5505//4
f 5508//4 5507//4 5505//4
f 5511//4 5510//4 5509//4
f 5512//4 5511//4 5509//4
f 5515//4 5514//4 5513//4
f 5516//4 5515//4 5513//4
f 5519//5 5518//5 5517//5
f 5520//5 5519//5 5517//5
f 5523//3 5522//3 5521//3
f 5524//3 5523//3 5521//3
f 5527//4 5526//4 5525//4
f 5528//4 5527//4 5525//4
f 5531//2 5530//2 5529//2
f 5532//2 5531//2 5529//2
f 5535//6 5534//6 5533//6
f 5536//6 5535//6 5533//6
f 5539//4 5538//4 5537//4
f 5540//4 5539//4 5537//4
f 5543//4 5542//4 5541//4
f 5544//4 5543//4 5541//4
f 5547//5 5546//5 5545//5
f 5548//5 5547//5 5545//5
f 5551//3 5550//3 5549//3
f 5552//3 5551//3 5549//3
f 5555//1 5554//1 5553//1
f 5556//1 5555//1 5553//1
f 5559//1 5558//1 5557//1
f 5560//1 5559//1 5557//1
f 5563//1 5562//1 5561//1
f 5564//1 5563//1 5561//1
f 5567//1 5566//1 5565//1
f 5568//1 5567//1 5565//1
f 5571//1 5570//1 5569//1
f 5572//1 5571//1 5569//1
f 5575//1 5574//1 5573//1
f 5576//1 5575//1 5573//1
f 5579//1 5578//1 5577//1
f 5580//1 5579//1 5577//1
f 5583//1 5582//1 5581//1
f 5584//1 5583//1 5581//1
f 5587//1 5586//1 5585//1
f 5588//1 5587//1 5585//1
f 5591//1 5590//1 5589//1
f 5592//1 5591//1 5589//1
f 5595//1 5594//1 5593//1
f 5596//1 5595//1 5593//1
f 5599//1 5598//1 5597//1
f 5600//1 5599//1 5597//1
f 5603//1 5602//1 5601//1
f 5604//1 5603//1 5601//1
f 5607//1 5606//1 5605//1
f 5608//1 5607//1 5605//1
f 5611//1 5610//1 5609//1
f 5612//1 5611//1 5609//1
f 5615//1 5614//1 5613//1
f 5616//1 5615//1 5613//1
f 5619//4 5618//4 5617//4
f 5620//4 5619//4 5617//4
f 5623//4 5622//4 5621//4
f 5624//4 5623//4 5621//4
f 5627//4 5626//4 5625//4
f 5628//4 5627//4 5625//4
f 5631//4 5630//4 5629//4
f 5632//4 5631//4 5629//4
f 5635//4 5634//4 5633//4
f 5636//4 5635//4 5633//4
f 5639//4 5638//4 5637//4
f 5640//4 5639//4 5637//4
f 5643//4 5642//4 5641//4
f 5644//4 5643//4 5641//4
f 5647//4 5646//4 5645//4
f 5648//4 5647//4 5645//4
f 5651//4 5650//4 5649//4
f 5652//4 5651//4 5649//4
f 5655//4 5654//4 5653//4
f 5656//4 5655//4 5653//4
f 5659//4 5658//4 5657//4
f 5660//4 5659//4 5657//4
f 5663//4 5662//4 5661//4
f 5664//4 5663//4 5661//4
f 5667//4 5666//4 5665//4
f 5668//4 5667//4 5665//4
f 5671//5 5670//5 5669//5
f 5672//5 5671//5 5669//5
f 5675//3 5674//3 5673//3
f 5676//3 5675//3 5673//3
f 5679//4 5678//4 5677//4
f 5680//4 5679//4 5677//4
f 5683//2 5682//2 5681//2
f 5684//2 5683//2 5681//2
f 5687//6 5686//6 5685//6
f 5688//6 5687//6 5685//6
f 5691//4 5690//4 5689//4
f 5692//4 5691//4 5689//4
f 5695//4 5694//4 5693//4
f 5696//4 5695//4 5693//4
f 5699//5 5698//5 5697//5
f 5700//5 5699//5 5697//5
f 5703//3 5702//3 5701//3
f 5704//3 5703//3 5701//3
f 5707//1 5706//1 5705//1
f 5708//1 5707//1 5705//1
f 5711//1 5710//1 5709//1
f 5712//1 5711//1 5709//1
f 5715//1 5714//1 5713//1
f 5716//1 5715//1 5713//1
f 5719//1 5718//1 5717//1
f 5720//1 5719//1 5717//1
f 5723//1 5722//1 5721//1
f 5724//1 5723//1 5721//1
f 5727//1 5726//1 5725//1
f 5728//1 5727//1 5725//1
f 5731//1 5730//1 5729//1
f 5732//1 5731//1 5729//1
f 5735//1 5734//1 5733//1
f 5736//1 5735//1 5733//1
f 5739//1 5738//1 5737//1
f 5740//1 5739//1 5737//1
f 5743//1 5742//1 5741//1
f 5744//1 5743//1 5741//1
f 5747//1 5746//1 5745//1
f 5748//1 5747//1 5745//1
f 5751//1 5750//1 5749//1
f 5752//1 5751//1 5749//1
f 5755//1 5754//1 5753//1
f 5756//1 5755//1 5753//1
f 5759//1 5758//1 5757//1
f 5760//1 5759//1 5757//1
f 5763//1 5762//1 5761//1
f 5764//1 5763//1 5761//1
f 5767//1 5766//1 5765//1
f 5768//1 5767//1 5765//1
f 5771//4 5770//4 5769//4
f 5772//4 5771//4 5769//4
f 5775//4 5774//4 5773//4
f 5776//4 5775//4 5773//4
f 5779//4 5778//4 5777//4
f 5780//4 5779//4 5777//4
f 5783//4 5782//4 5781//4
f 5784//4 5783//4 5781//4
f 5787//4 5786//4 5785//4
f 5788//4 5787//4 5785//4
f 5791//4 5790//4 5789//4
f 5792//4 5791//4 5789//4
f 5795//4 5794//4 5793//4
f 5796//4 5795//4 5793//4
f 5799//4 5798//4 5797//4
f 5800//4 5799//4 5797//4
f 5803//4 5802//4 5801//4
f 5804//4 5803//4 5801//4
f 5807//4 5806//4 5805//4
f 5808//4 5807//4 5805//4
f 5811//4 5810//4 5809//4
f 5812//4 5811//4 5809//4
f 5815//2 5814//2 5813//2
f 5816//2 5815//2 5813//2
f 5819//6 5818//6 5817//6
f 5820//6 5819//6 5817//6
f 5823//4 5822//4 5821//4
f 5824//4 5823//4 5821//4
f 5827//4 5826//4 5825//4
f 5828//4 5827//4 5825//4
f 5831//5 5830//5 5829//5
f 5832//5 5831//5 5829//5
f 5835//3 5834//3 5833//3
f 5836//3 5835//3 5833//3
f 5839//4 5838//4 5837//4
f 5840//4 5839//4 5837//4
f 5843//2 5842//2 5841//2
f 5844//2 5843//2 5841//2
f 5847//6 5846//6 5845//6
f 5848//6 5847//6 5845//6
f 5851//4 5850//4 5849//4
f 5852//4 5851//4 5849//4
f 5855//4 5854//4 5853//4
f 5856//4 5855//4 5853//4
f 5859//5 5858//5 5857//5
f 5860//5 5859//5 5857//5
f 5863//3 5862//3 5861//3
f 5864//3 5863//3 5861//3
f 5867//1 5866//1 5865//1
f 5868//1 5867//1 5865//1
f 5871//1 5870//1 5869//1
f 5872//1 5871//1 5869//1
f 5875//1 5874//1 5873//1
f 5876//1 5875//1 5873//1
f 5879//1 5878//1 5877//1
f 5880//1 5879//1 5877//1
f 5883//1 5882//1 5881//1
f 5884//1 5883//1 5881//1
f 5887//1 5886//1 5885//1
f 5888//1 5887//1 5885//1
f 5891//1 5890//1 5889//1
f 5892//1 5891//1 5889//1
f 5895//1 5894//1 5893//1
f 5896//1 5895//1 5893//1
f 5899//1 5898//1 5897//1
f 5900//1 5899//1 5897//1
f 5903//1 5902//1 5901//1
f 5904//1 5903//1 5901//1
f 5907//1 5906//1 5905//1
f 5908//1 5907//1 5905//1
f 5911//1 5910//1 5909//1
f 5912//1 5911//1 5909//1
f 5915//1 5914//1 5913//1
f 5916//1 5915//1 5913//1
f 5919//1 5918//1 5917//1
f 5920//1 5919//1 5917//1
f 5923//1 5922//1 5921//1
f 5924//1 5923//1 5921//1
f 5927//1 5926//1 5925//1
f 5928//1 5927//1 5925//1
f 5931//4 5930//4 5929//4
f 5932//4 5931//4 5929//4
f 5935//4 5934//4 5933//4
f 5936//4 5935//4 5933//4
f 5939//4 5938//4 5937//4
f 5940//4 5939//4 5937//4
f 5943//4 5942//4 5941//4
f 5944//4 5943//4 5941//4
f 5947//4 5946//4 5945//4
f 5948//4 5947//4 5945//4
f 5951//4 5950//4 5949//4
f 5952//4 5951//4 5949//4
f 5955//4 5954//4 5953//4
f 5956//4 5955//4 5953//4
f 5959//4 5958//4 5957//4
f 5960//4 5959//4 5957//4
f 5963//4 5962//4 5961//4
f 5964//4 5963//4 5961//4
f 5967//4 5966//4 5965//4
f 5968//4 5967//4 5965//4
f 5971//4 5970//4 5969//4
f 5972//4 5971//4 5969//4
f 5975//2 5974//2 5973//2
f 5976//2 5975//2 5973//2
f 5979//6 5978//6 5977//6
f 5980//6 5979//6 5977//6
f 5983//4 5982//4 5981//4
f 5984//4 5983//4 5981//4
f 5987//4 5986//4 5985//4
f 5988//4 5987//4 5985//4
f 5991//5 5990//5 5989//5
f 5992//5 5991//5 5989//5
f 5995//3 5994//3 5993//3
f 5996//3 5995//3 5993//3
f 5999//4 5998//4 5997//4
f 6000//4 5999//4 5997//4
f 6003//2 6002//2 6001//2
f 6004//2 6003//2 6001//2
f 6007//6 6006//6 6005//6
f 6008//6 6007//6 6005//6
f 6011//4 6010//4 6009//4
f 6012//4 6011//4 6009//4
f 6015//4 6014//4 6013//4
f 6016//4 6015//4 6013//4
f 6019//5 6018//5 6017//5
f 6020//5 6019//5 6017//5
f 6023//3 6022//3 6021//3
f 6024//3 6023//3 6021//3
f 6027//1 6026//1 6025//1
f 6028//1 6027//1 6025//1
f 6031//1 6030//1 6029//1
f 6032//1 6031//1 6029//1
f 6035//1 6034//1 6033//1
f 6036//1 6035//1 6033//1
f 6039//1 6038//1 6037//1
f 6040//1 6039//1 6037//1
f 6043//1 6042//1 6041//1
f 6044//1 6043//1 6041//1
f 6047//1 6046//1 6045//1
f 6048//1 6047//1 6045//1
f 6051//1 6050//1 6049//1
f 6052//1 6051//1 6049//1
f 6055//1 6054//1 6053//1
f 6056//1 6055//1 6053//1
f 6059//1 6058//1 6057//1
f 6060//1 6059//1 6057//1
f 6063//1 6062//1 6061//1
f 6064//1 6063//1 6061//1
f 6067//1 6066//1 6065//1
f 6068//1 6067//1 6065//1
f 6071//1 6070//1 6069//1
f 6072//1 6071//1 6069//1
f 6075//1 6074//1 6073//1
f 6076//1 6075//1 6073//1
f 6079//1 6078//1 6077//1
f 6080//1 6079//1 6077//1
f 6083//1 6082//1 6081//1
f 6084//1 6083//1 6081//1
f 6087//1 6086//1 6085//1
f 6088//1 6087//1 6085//1
f 6091//4 6090//4 6089//4
f 6092//4 6091//4 6089//4
f 6095//4 6094//4 6093//4
f 6096//4 6095//4 6093//4
f 6099//4 6098//4 6097//4
f 6100//4 6099//4 6097//4
f 6103//4 6102//4 6101//4
f 6104//4 6103//4 6101//4
f 6107//4 6106//4 6105//4
f 6108//4 6107//4 6105//4
f 6111//4 6110//4 6109//4
f 6112//4 6111//4 6109//4
f 6115//4 6114//4 6113//4
f 6116//4 6115//4 6113//4
f 6119//4 6118//4 6117//4
f 6120//4 6119//4 6117//4
f 6123//4 6122//4 6121//4
f 6124//4 6123//4 6121//4
f 6127//4 6126//4 6125//4
f 6128//4 6127//4 6125//4
f 6131//4 6130//4 6129//4
f 6132//4 6131//4 6129//4
f 6135//2 6134//2 6133//2
f 6136//2 6135//2 6133//2
f 6139//6 6138//6 6137//6
f 6140//6 6139//6 6137//6
f 6143//4 6142//4 6141//4
f 6144//4 6143//4 6141//4
f 6147//4 6146//4 6145//4
f 6148//4 6147//4 6145//4
f 6151//5 6150//5 6149//5
f 6152//5 6151//5 6149//5
f 6155//3 6154//3 6153//3
f 6156//3 6155//3 6153//3
f 6159//4 6158//4 6157//4
f 6160//4 6159//4 6157//4
f 6163//2 6162//2 6161//2
f 6164//2 6163//2 6161//2
f 6167//6 6166//6 6165//6
f 6168//6 6167//6 6165//6
f 6171//4 6170//4 6169//4
f 6172//4 6171//4 6169//4
f 6175//4 6174//4 6173//4
f 6176//4 6175//4 6173//4
f 6179//5 6178//5 6177//5
f 6180//5 6179//5 6177//5
f 6183//3 6182//3 6181//3
f 6184//3 6183//3 6181//3
f 6187//1 6186//1 6185//1
f 6188//1 6187//1 6185//1
f 6191//1 6190//1 6189//1
f 6192//1 6191//1 6189//1
f 6195//1 6194//1 6193//1
f 6196//1 6195//1 6193//1
f 6199//1 6198//1 6197//1
f 6200//1 6199//1 6197//1
f 6203//1 6202//1 6201//1
f 6204//1 6203//1 6201//1
f 6207//1 6206//1 6205//1
f 6208//1 6207//1 6205//1
f 6211//1 6210//1 6209//1
f 6212//1 6211//1 6209//1
f 6215//1 6214//1 6213//1
f 6216//1 6215//1 6213//1
f 6219//1 6218//1 6217//1
f 6220//1 6219//1 6217//1
f 6223//1 6222//1 6221//1
f 6224//1 6223//1 6221//1
f 6227//1 6226//1 6225//1
f 6228//1 6227//1 6225//1
f 6231//1 6230//1 6229//1
f 6232//1 6231//1 6229//1
f 6235//1 6234//1 6233//1
f 6236//1 6235//1 6233//1
f 6239//1 6238//1 6237//1
f 6240//1 6239//1 6237//1
f 6243//1 6242//1 6241//1
f 6244//1 6243//1 6241//1
f 6247//1 6246//1 6245//1
f 6248//1 6247//1 6245//1
f 6251//4 6250//4 6249//4
f 6252//4 6251//4 6249//4
f 6255//4 6254//4 6253//4
f 6256//4 6255//4 6253//4
f 6259//4 6258//4 6257//4
f 6260//4 6259//4 6257//4
f 6263//4 6262//4 6261//4
f 6264//4 6263//4 6261//4
f 6267//4 6266//4 6265//4
f 6268//4 6267//4 6265//4
f 6271//4 6270//4 6269//4
f 6272//4 6271//4 6269//4
f 6275//4 6274//4 6273//4
f 6276//4 6275//4 6273//4
f 6279//4 6278//4 6277//4
f 6280//4 6279//4 6277//4
f 6283//4 6282//4 6281//4
f 6284//4 6283//4 6281//4
f 6287//4 6286//4 6285//4
f 6288//4 6287//4 6285//4
f 6291//4 6290//4 6289//4
f 6292//4 6291//4 6289//4
f 6295//2 6294//2 6293//2
f 6296//2 6295//2 6293//2
f 6299//6 6298//6 6297//6
f 6300//6 6299//6 6297//6
f 6303//4 6302//4 6301//4
f 6304//4 6303//4 6301//4
f 6307//4 6306//4 6305//4
f 6308//4 6307//4 6305//4
f 6311//5 6310//5 6309//5
f 6312//5 6311//5 6309//5
f 6315//3 6314//3 6313//3
f 6316//3 6315//3 6313//3
f 6319//4 6318//4 6317//4
f 6320//4 6319//4 6317//4
f 6323//2 6322//2 6321//2
f 6324//2 6323//2 6321//2
f 6327//6 6326//6 6325//6
f 6328//6 6327//6 6325//6
f 6331//4 6330//4 6329//4
f 6332//4 6331//4 6329//4
f 6335//4 6334//4 6333//4
f 6336//4 6335//4 6333//4
f 6339//5 6338//5 6337//5
f 6340//5 6339//5 6337//5
f 6343//3 6342//3 6341//3
f 6344//3 6343//3 6341//3
f 6347//1 6346//1 6345//1
f 6348//1 6347//1 6345//1
f 6351//1 6350//1 6349//1
f 6352//1 6351//1 6349//1
f 6355//1 6354//1 6353//1
f 6356//1 6355//1 6353//1
f 6359//1 6358//1 6357//1
f 6360//1 6359//1 6357//1
f 6363//1 6362//1 6361//1
f 6364//1 6363//1 6361//1
f 6367//1 6366//1 6365//1
f 6368//1 6367//1 6365//1
f 6371//1 6370//1 6369//1
f 6372//1 6371//1 6369//1
f 6375//1 6374//1 6373//1
f 6376//1 6375//1 6373//1
f 6379//1 6378//1 6377//1
f 6380//1 6379//1 6377//1
f 6383//1 6382//1 6381//1
f 6384//1 6383//1 6381//1
f 6387//1 6386//1 6385//1
f 6388//1 6387//1 6385//1
f 6391//1 6390//1 6389//1
f 6392//1 6391//1 6389//1
f 6395//1 6394//1 6393//1
f 6396//1 6395//1 6393//1
f 6399//1 6398//1 6397//1
f 6400//1 6399//1 6397//1
f 6403//1 6402//1 6401//1
f 6404//1 6403//1 6401//1
f 6407//1 6406//1 6405//1
f 6408//1 6407//1 6405//1
f 6411//4 6410//4 6409//4
f 6412//4 6411//4 6409//4
f 6415//2 6414//2 6413//2
f 6416//2 6415//2 6413//2
f 6419//6 6418//6 6417//6
f 6420//6 6419//6 6417//6
f 6423//4 6422//4 6421//4
f 6424//4 6423//4 6421//4
f 6427//4 6426//4 6425//4
f 6428//4 6427//4 6425//4
f 6431//4 6430//4 6429//4
f 6432//4 6431//4 6429//4
f 6435//4 6434//4 6433//4
f 6436//4 6435//4 6433//4
f 6439//4 6438//4 6437//4
f 6440//4 6439//4 6437//4
f 6443//4 6442//4 6441//4
f 6444//4 6443//4 6441//4
f 6447//4 6446//4 6445//4
f 6448//4 6447//4 6445//4
f 6451//4 6450//4 6449//4
f 6452//4 6451//4 6449//4
f 6455//4 6454//4 6453//4
f 6456//4 6455//4 6453//4
f 6459//4 6458//4 6457//4
f 6460//4 6459//4 6457//4
f 6463//2 6462//2 6461//2
f 6464//2 6463//2 6461//2
f 6467//6 6466//6 6465//6
f 6468//6 6467//6 6465//6
f 6471//4 6470//4 6469//4
f 6472//4 6471//4 6469//4
f 6475//4 6474//4 6473//4
f 6476//4 6475//4 6473//4
f 6479//5 6478//5 6477//5
f 6480//5 6479//5 6477//5
f 6483//3 6482//3 6481//3
f 6484//3 6483//3 6481//3
f 6487//4 6486//4 6485//4
f 6488//4 6487//4 6485//4
f 6491//2 6490//2 6489//2
f 6492//2 6491//2 6489//2
f 6495//6 6494//6 6493//6
f 6496//6 6495//6 6493//6
f 6499//4 6498//4 6497//4
f 6500//4 6499//4 6497//4
f 6503//4 6502//4 6501//4
f 6504//4 6503//4 6501//4
f 6507//5 6506//5 6505//5
f 6508//5 6507//5 6505//5
f 6511//3 6510//3 6509//3
f 6512//3 6511//3 6509//3
f 6515//1 6514//1 6513//1
f 6516//1 6515//1 6513//1
f 6519//2 6518//2 6517//2
f 6520//2 6519//2 6517//2
f 6523//6 6522//6 6521//6
f 6524//6 6523//6 6521//6
f 6527//1 6526//1 6525//1
f 6528//1 6527//1 6525//1
f 6531//1 6530//1 6529//1
f 6532//1 6531//1 6529//1
f 6535//1 6534//1 6533//1
f 6536//1 6535//1 6533//1
f 6539//1 6538//1 6537//1
f 6540//1 6539//1 6537//1
f 6543//1 6542//1 6541//1
f 6544//1 6543//1 6541//1
f 6547//1 6546//1 6545//1
f 6548//1 6547//1 6545//1
f 6551//1 6550//1 6549//1
f 6552//1 6551//1 6549//1
f 6555//1 6554//1 6553//1
f 6556//1 6555//1 6553//1
f 6559//1 6558//1 6557//1
f 6560//1 6559//1 6557//1
f 6563//1 6562//1 6561//1
f 6564//1 6563//1 6561//1
f 6567//1 6566//1 6565//1
f 6568//1 6567//1 6565//1
f 6571//1 6570//1 6569//1
f 6572//1 6571//1 6569//1
f 6575//1 6574//1 6573//1
f 6576//1 6575//1 6573//1
f 6579//1 6578//1 6577//1
f 6580//1 6579//1 6577//1
f 6583//1 6582//1 6581//1
f 6584//1 6583//1 6581//1
f 6587//2 6586//2 6585//2
f 6588//2 6587//2 6585//2
f 6591//6 6590//6 6589//6
f 6592//6 6591//6 6589//6
f 6595//4 6594//4 6593//4
f 6596//4 6595//4 6593//4
f 6599//2 6598//2 6597//2
f 6600//2 6599//2 6597//2
f 6603//6 6602//6 6601//6
f 6604//6 6603//6 6601//6
f 6607//4 6606//4 6605//4
f 6608//4 6607//4 6605//4
f 6611//2 6610//2 6609//2
f 6612//2 6611//2 6609//2
f 6615//6 6614//6 6613//6
f 6616//6 6615//6 6613//6
f 6619//4 6618//4 6617//4
f 6620//4 6619//4 6617//4
f 6623//4 6622//4 6621//4
f 6624//4 6623//4 6621//4
f 6627//4 6626//4 6625//4
f 6628//4 6627//4 6625//4
f 6631//4 6630//4 6629//4
f 6632//4 6631//4 6629//4
f 6635//4 6634//4 6633//4
f 6636//4 6635//4 6633//4
f 6639//4 6638//4 6637//4
f 6640//4 6639//4 6637//4
f 6643//4 6642//4 6641//4
f 6644//4 6643//4 6641//4
f 6647//4 6646//4 6645//4
f 6648//4 6647//4 6645//4
f 6651//4 6650//4 6649//4
f 6652//4 6651//4 6649//4
f 6655//4 6654//4 6653//4
f 6656//4 6655//4 6653//4
f 6659//2 6658//2 6657//2
f 6660//2 6659//2 6657//2
f 6663//6 6662//6 6661//6
f 6664//6 6663//6 6661//6
f 6667//4 6666//4 6665//4
f 6668//4 6667//4 6665//4
f 6671//4 6670//4 6669//4
f 6672//4 6671//4 6669//4
f 6675//5 6674//5 6673//5
f 6676//5 6675//5 6673//5
f 6679//3 6678//3 6677//3
f 6680//3 6679//3 6677//3
f 6683//4 6682//4 6681//4
f 6684//4 6683//4 6681//4
f 6687//2 6686//2 6685//2
f 6688//2 6687//2 6685//2
f 6691//6 6690//6 6689//6
f 6692//6 6691//6 6689//6
f 6695//4 6694//4 6693//4
f 6696//4 6695//4 6693//4
f 6699//1 6698//1 6697//1
f 6700//1 6699//1 6697//1
f 6703//2 6702//2 6701//2
f 6704//2 6703//2 6701//2
f 6707//6 6706//6 6705//6
f 6708//6 6707//6 6705//6
f 6711//1 6710//1 6709//1
f 6712//1 6711//1 6709//1
f 6715//1 6714//1 6713//1
f 6716//1 6715//1 6713//1
f 6719//1 6718//1 6717//1
f 6720//1 6719//1 6717//1
f 6723//1 6722//1 6721//1
f 6724//1 6723//1 6721//1
f 6727//1 6726//1 6725//1
f 6728//1 6727//1 6725//1
f 6731//1 6730//1 6729//1
f 6732//1 6731//1 6729//1
f 6735//1 6734//1 6733//1
f 6736//1 6735//1 6733//1
f 6739//1 6738//1 6737//1
f 6740//1 6739//1 6737//1
f 6743//1 6742//1 6741//1
f 6744//1 6743//1 6741//1
f 6747//1 6746//1 6745//1
f 6748//1 6747//1 6745//1
f 6751//1 6750//1 6749//1
f 6752//1 6751//1 6749//1
f 6755//1 6754//1 6753//1
f 6756//1 6755//1 6753//1
f 6759//1 6758//1 6757//1
f 6760//1 6759//1 6757//1
f 6763//1 6762//1 6761//1
f 6764//1 6763//1 6761//1
f 6767//2 6766//2 6765//2
f 6768//2 6767//2 6765//2
f 6771//6 6770//6 6769//6
f 6772//6 6771//6 6769//6
f 6775//4 6774//4 6773//4
f 6776//4 6775//4 6773//4
f 6779//2 6778//2 6777//2
f 6780//2 6779//2 6777//2
f 6783//6 6782//6 6781//6
f 6784//6 6783//6 6781//6
f 6787//4 6786//4 6785//4
f 6788//4 6787//4 6785//4
f 6791//2 6790//2 6789//2
f 6792//2 6791//2 6789//2
f 6795//6 6794//6 6793//6
f 6796//6 6795//6 6793//6
f 6799//4 6798//4 6797//4
f 6800//4 6799//4 6797//4
f 6803//6 6802//6 6801//6
f 6804//6 6803//6 6801//6
f 6807//4 6806//4 6805//4
f 6808//4 6807//4 6805//4
f 6811//4 6810//4 6809//4
f 6812//4 6811//4 6809//4
f 6815//4 6814//4 6813//4
f 6816//4 6815//4 6813//4
f 6819//4 6818//4 6817//4
f 6820//4 6819//4 6817//4
f 6823//4 6822//4 6821//4
f 6824//4 6823//4 6821//4
f 6827//4 6826//4 6825//4
f 6828//4 6827//4 6825//4
f 6831//4 6830//4 6829//4
f 6832//4 6831//4 6829//4
f 6835//4 6834//4 6833//4
f 6836//4 6835//4 6833//4
f 6839//4 6838//4 6837//4
f 6840//4 6839//4 6837//4
f 6843//2 6842//2 6841//2
f 6844//2 6843//2 6841//2
f 6847//6 6846//6 6845//6
f 6848//6 6847//6 6845//6
f 6851//4 6850//4 6849//4
f 6852//4 6851//4 6849//4
f 6855//4 6854//4 6853//4
f 6856//4 6855//4 6853//4
f 6859//5 6858//5 6857//5
f 6860//5 6859//5 6857//5
f 6863//3 6862//3 6861//3
f 6864//3 6863//3 6861//3
f 6867//4 6866//4 6865//4
f 6868//4 6867//4 6865//4
f 6871//2 6870//2 6869//2
f 6872//2 6871//2 6869//2
f 6875//6 6874//6 6873//6
f 6876//6 6875//6 6873//6
f 6879//1 6878//1 6877//1
f 6880//1 6879//1 6877//1
f 6883//2 6882//2 6881//2
f 6884//2 6883//2 6881//2
f 6887//6 6886//6 6885//6
f 6888//6 6887//6 6885//6
f 6891//1 6890//1 6889//1
f 6892//1 6891//1 6889//1
f 6895//6 6894//6 6893//6
f 6896//6 6895//6 6893//6
f 6899//1 6898//1 6897//1
f 6900//1 6899//1 6897//1
f 6903//1 6902//1 6901//1
f 6904//1 6903//1 6901//1
f 6907//1 6906//1 6905//1
f 6908//1 6907//1 6905//1
f 6911//1 6910//1 6909//1
f 6912//1 6911//1 6909//1
f 6915//1 6914//1 6913//1
f 6916//1 6915//1 6913//1
f 6919//1 6918//1 6917//1
f 6920//1 6919//1 6917//1
f 6923//1 6922//1 6921//1
f 6924//1 6923//1 6921//1
f 6927//1 6926//1 6925//1
f 6928//1 6927//1 6925//1
f 6931//1 6930//1 6929//1
f 6932//1 6931//1 6929//1
f 6935//1 6934//1 6933//1
f 6936//1 6935//1 6933//1
f 6939//1 6938//1 6937//1
f 6940//1 6939//1 6937//1
f 6943//1 6942//1 6941//1
f 6944//1 6943//1 6941//1
f 6947//2 6946//2 6945//2
f 6948//2 6947//2 6945//2
f 6951//6 6950//6 6949//6
f 6952//6 6951//6 6949//6
f 6955//6 6954//6 6953//6
f 6956//6 6955//6 6953//6
f 6959//4 6958//4 6957//4
f 6960//4 6959//4 6957//4
f 6963//2 6962//2 6961//2
f 6964//2 6963//2 6961//2
f 6967//6 6966//6 6965//6
f 6968//6 6967//6 6965//6
f 6971//4 6970//4 6969//4
f 6972//4 6971//4 6969//4
f 6975//6 6974//6 6973//6
f 6976//6 6975//6 6973//6
f 6979//4 6978//4 6977//4
f 6980//4 6979//4 6977//4
f 6983//2 6982//2 6981//2
f 6984//2 6983//2 6981//2
f 6987//6 6986//6 6985//6
f 6988//6 6987//6 6985//6
f 6991//4 6990//4 6989//4
f 6992//4 6991//4 6989//4
f 6995//6 6994//6 6993//6
f 6996//6 6995//6 6993//6
f 6999//4 6998//4 6997//4
f 7000//4 6999//4 6997//4
f 7003//4 7002//4 7001//4
f 7004//4 7003//4 7001//4
f 7007//4 7006//4 7005//4
f 7008//4 7007//4 7005//4
f 7011//4 7010//4 7009//4
f 7012//4 7011//4 7009//4
f 7015//4 7014//4 7013//4
f 7016//4 7015//4 7013//4
f 7019//4 7018//4 7017//4
f 7020//4 7019//4 7017//4
f 7023//4 7022//4 7021//4
f 7024//4 7023//4 7021//4
f 7027//4 7026//4 7025//4
f 7028//4 7027//4 7025//4
f 7031//2 7030//2 7029//2
f 7032//2 7031//2 7029//2
f 7035//6 7034//6 7033//6
f 7036//6 7035//6 7033//6
f 7039//4 7038//4 7037//4
f 7040//4 7039//4 7037//4
f 7043//4 7042//4 7041//4
f 7044//4 7043//4 7041//4
f 7047//5 7046//5 7045//5
f 7048//5 7047//5 7045//5
f 7051//3 7050//3 7049//3
f 7052//3 7051//3 7049//3
g Chunk_9x6x9
usemtl Voxel
f 7055//1 7054//1 7053//1
f 7056//1 7055//1 7053//1
f 7059//1 7058//1 7057//1
f 7060//1 7059//1 7057//1
f 7063//1 7062//1 7061//1
f 7064//1 7063//1 7061//1
f 7067//1 7066//1 7065//1
f 7068//1 7067//1 7065//1
f 7071//1 7070//1 7069//1
f 7072//1 7071//1 7069//1
f 7075//1 7074//1 7073//1
f 7076//1 7075//1 7073//1
f 7079//1 7078//1 7077//1
f 7080//1 7079//1 7077//1
f 7083//1 7082//1 7081//1
f 7084//1 7083//1 7081//1
f 7087//1 7086//1 7085//1
f 7088//1 7087//1 7085//1
f 7091//1 7090//1 7089//1
f 7092//1 7091//1 7089//1
f 7095//1 7094//1 7093//1
f 7096//1 7095//1 7093//1
f 7099//1 7098//1 7097//1
f 7100//1 7099//1 7097//1
f 7103//1 7102//1 7101//1
f 7104//1 7103//1 7101//1
f 7107//1 7106//1 7105//1
f 7108//1 7107//1 7105//1
f 7111//1 7110//1 7109//1
f 7112//1 7111//1 7109//1
f 7115//1 7114//1 7113//1
f 7116//1 7115//1 7113//1
f 7119//4 7118//4 7117//4
f 7120//4 7119//4 7117//4
f 7123//4 7122//4 7121//4
f 7124//4 7123//4 7121//4
f 7127//4 7126//4 7125//4
f 7128//4 7127//4 7125//4
f 7131//4 7130//4 7129//4
f 7132//4 7131//4 7129//4
f 7135//4 7134//4 7133//4
f 7136//4 7135//4 7133//4
f 7139//4 7138//4 7137//4
f 7140//4 7139//4 7137//4
f 7143//4 7142//4 7141//4
f 7144//4 7143//4 7141//4
f 7147//4 7146//4 7145//4
f 7148//4 7147//4 7145//4
f 7151//4 7150//4 7149//4
f 7152//4 7151//4 7149//4
f 7155//4 7154//4 7153//4
f 7156//4 7155//4 7153//4
f 7159//4 7158//4 7157//4
f 7160//4 7159//4 7157//4
f 7163//4 7162//4 7161//4
f 7164//4 7163//4 7161//4
f 7167//2 7166//2 7165//2
f 7168//2 7167//2 7165//2
f 7171//6 7170//6 7169//6
f 7172//6 7171//6 7169//6
f 7175//4 7174//4 7173//4
f 7176//4 7175//4 7173//4
f 7179//4 7178//4 7177//4
f 7180//4 7179//4 7177//4
f 7183//5 7182//5 7181//5
f 7184//5 7183//5 7181//5
f 7187//3 7186//3 7185//3
f 7188//3 7187//3 7185//3
f 7191//4 7190//4 7189//4
f 7192//4 7191//4 7189//4
f 7195//2 7194//2 7193//2
f 7196//2 7195//2 7193//2
f 7199//6 7198//6 7197//6
f 7200//6 7199//6 7197//6
f 7203//4 7202//4 7201//4
f 7204//4 7203//4 7201//4
f 7207//1 7206//1 7205//1
f 7208//1 7207//1 7205//1
f 7211//1 7210//1 7209//1
f 7212//1 7211//1 7209//1
f 7215//1 7214//1 7213//1
f 7216//1 7215//1 7213//1
f 7219//1 7218//1 7217//1
f 7220//1 7219//1 7217//1
f 7223//1 7222//1 7221//1
f 7224//1 7223//1 7221//1
f 7227//1 7226//1 7225//1
f 7228//1 7227//1 7225//1
f 7231//1 7230//1 7229//1
f 7232//1 7231//1 7229//1
f 7235//1 7234//1 7233//1
f 7236//1 7235//1 7233//1
f 7239//1 7238//1 7237//1
f 7240//1 7239//1 7237//1
f 7243//1 7242//1 7241//1
f 7244//1 7243//1 7241//1
f 7247//1 7246//1 7245//1
f 7248//1 7247//1 7245//1
f 7251//1 7250//1 7249//1
f 7252//1 7251//1 7249//1
f 7255//1 7254//1 7253//1
f 7256//1 7255//1 7253//1
f 7259//1 7258//1 7257//1
f 7260//1 7259//1 7257//1
f 7263//1 7262//1 7261//1
f 7264//1 7263//1 7261//1
f 7267//1 7266//1 7265//1
f 7268//1 7267//1 7265//1
f 7271//4 7270//4 7269//4
f 7272//4 7271//4 7269//4
f 7275//4 7274//4 7273//4
f 7276//4 7275//4 7273//4
f 7279//4 7278//4 7277//4
f 7280//4 7279//4 7277//4
f 7283//4 7282//4 7281//4
f 7284//4 7283//4 7281//4
f 7287//4 7286//4 7285//4
f 7288//4 7287//4 7285//4
f 7291//4 7290//4 7289//4
f 7292//4 7291//4 7289//4
f 7295//4 7294//4 7293//4
f 7296//4 7295//4 7293//4
f 7299//4 7298//4 7297//4
f 7300//4 7299//4 7297//4
f 7303//4 7302//4 7301//4
f 7304//4 7303//4 7301//4
f 7307//4 7306//4 7305//4
f 7308//4 7307//4 7305//4
f 7311//4 7310//4 7309//4
f 7312//4 7311//4 7309//4
f 7315//4 7314//4 7313//4
f 7316//4 7315//4 7313//4
f 7319//4 7318//4 7317//4
f 7320//4 7319//4 7317//4
f 7323//2 7322//2 7321//2
f 7324//2 7323//2 7321//2
f 7327//6 7326//6 7325//6
f 7328//6 7327//6 7325//6
f 7331//4 7330//4 7329//4
f 7332//4 7331//4 7329//4
f 7335//4 7334//4 7333//4
f 7336//4 7335//4 7333//4
f 7339//5 7338//5 7337//5
f 7340//5 7339//5 7337//5
f 7343//3 7342//3 7341//3
f 7344//3 7343//3 7341//3
f 7347//4 7346//4 7345//4
f 7348//4 7347//4 7345//4
f 7351//2 7350//2 7349//2
f 7352//2 7351//2 7349//2
f 7355//6 7354//6 7353//6
f 7356//6 7355//6 7353//6
f 7359//1 7358//1 7357//1
f 7360//1 7359//1 7357//1
f 7363//1 7362//1 7361//1
f 7364//1 7363//1 7361//1
f 7367//1 7366//1 7365//1
f 7368//1 7367//1 7365//1
f 7371//1 7370//1 7369//1
f 7372//1 7371//1 7369//1
f 7375//1 7374//1 7373//1
f 7376//1 7375//1 7373//1
f 7379//1 7378//1 7377//1
f 7380//1 7379//1 7377//1
f 7383//1 7382//1 7381//1
f 7384//1 7383//1 7381//1
f 7387//1 7386//1 7385//1
f 7388//1 7387//1 7385//1
f 7391//1 7390//1 7389//1
f 7392//1 7391//1 7389//1
f 7395//1 7394//1 7393//1
f 7396//1 7395//1 7393//1
f 7399//1 7398//1 7397//1
f 7400//1 7399//1 7397//1
f 7403//1 7402//1 7401//1
f 7404//1 7403//1 7401//1
f 7407//1 7406//1 7405//1
f 7408//1 7407//1 7405//1
f 7411//1 7410//1 7409//1
f 7412//1 7411//1 7409//1
f 7415//1 7414//1 7413//1
f 7416//1 7415//1 7413//1
f 7419//1 7418//1 7417//1
f 7420//1 7419//1 7417//1
f 7423//4 7422//4 7421//4
f 7424//4 7423//4 7421//4
f 7427//4 7426//4 7425//4
f 7428//4 7427//4 7425//4
f 7431//4 7430//4 7429//4
f 7432//4 7431//4 7429//4
f 7435//4 7434//4 7433//4
f 7436//4 7435//4 7433//4
f 7439//4 7438//4 7437//4
f 7440//4 7439//4 7437//4
f 7443//4 7442//4 7441//4
f 7444//4 7443//4 7441//4
f 7447//4 7446//4 7445//4
f 7448//4 7447//4 7445//4
f 7451//4 7450//4 7449//4
f 7452//4 7451//4 7449//4
f 7455//4 7454//4 7453//4
f 7456//4 7455//4 7453//4
f 7459//4 7458//4 7457//4
f 7460//4 7459//4 7457//4
f 7463//4 7462//4 7461//4
f 7464//4 7463//4 7461//4
f 7467//4 7466//4 7465//4
f 7468//4 7467//4 7465//4
f 7471//4 7470//4 7469//4
f 7472//4 7471//4 7469//4
f 7475//4 7474//4 7473//4
f 7476//4 7475//4 7473//4
f 7479//2 7478//2 7477//2
f 7480//2 7479//2 7477//2
f 7483//6 7482//6 7481//6
f 7484//6 7483//6 7481//6
f 7487//4 7486//4 7485//4
f 7488//4 7487//4 7485//4
f 7491//4 7490//4 7489//4
f 7492//4 7491//4 7489//4
f 7495//5 7494//5 7493//5
f 7496//5 7495//5 7493//5
f 7499//3 7498//3 7497//3
f 7500//3 7499//3 7497//3
f 7503//1 7502//1 7501//1
f 7504//1 7503//1 7501//1
f 7507//1 7506//1 7505//1
f 7508//1 7507//1 7505//1
f 7511//1 7510//1 7509//1
f 7512//1 7511//1 7509//1
f 7515//1 7514//1 7513//1
f 7516//1 7515//1 7513//1
f 7519//1 7518//1 7517//1
f 7520//1 7519//1 7517//1
f 7523//1 7522//1 7521//1
f 7524//1 7523//1 7521//1
f 7527//1 7526//1 7525//1
f 7528//1 7527//1 7525//1
f 7531//1 7530//1 7529//1
f 7532//1 7531//1 7529//1
f 7535//1 7534//1 7533//1
f 7536//1 7535//1 7533//1
f 7539//1 7538//1 7537//1
f 7540//1 7539//1 7537//1
f 7543//1 7542//1 7541//1
f 7544//1 7543//1 7541//1
f 7547//1 7546//1 7545//1
f 7548//1 7547//1 7545//1
f 7551//1 7550//1 7549//1
f 7552//1 7551//1 7549//1
f 7555//1 7554//1 7553//1
f 7556//1 7555//1 7553//1
f 7559//1 7558//1 7557//1
f 7560//1 7559//1 7557//1
f 7563//1 7562//1 7561//1
f 7564//1 7563//1 7561//1
f 7567//4 7566//4 7565//4
f 7568//4 7567//4 7565//4
f 7571//4 7570//4 7569//4
f 7572//4 7571//4 7569//4
f 7575//4 7574//4 7573//4
f 7576//4 7575//4 7573//4
f 7579//4 7578//4 7577//4
f 7580//4 7579//4 7577//4
f 7583//4 7582//4 7581//4
f 7584//4 7583//4 7581//4
f 7587//4 7586//4 7585//4
f 7588//4 7587//4 7585//4
f 7591//4 7590//4 7589//4
f 7592//4 7591//4 7589//4
f 7595//4 7594//4 7593//4
f 7596//4 7595//4 7593//4
f 7599//4 7598//4 7597//4
f 7600//4 7599//4 7597//4
f 7603//4 7602//4 7601//4
f 7604//4 7603//4 7601//4
f 7607//4 7606//4 7605//4
f 7608//4 7607//4 7605//4
f 7611//4 7610//4 7609//4
f 7612//4 7611//4 7609//4
f 7615//4 7614//4 7613//4
f 7616//4 7615//4 7613//4
f 7619//5 7618//5 7617//5
f 7620//5 7619//5 7617//5
f 7623//3 7622//3 7621//3
f 7624//3 7623//3 7621//3
f 7627//4 7626//4 7625//4
f 7628//4 7627//4 7625//4
f 7631//2 7630//2 7629//2
f 7632//2 7631//2 7629//2
f 7635//6 7634//6 7633//6
f 7636//6 7635//6 7633//6
f 7639//4 7638//4 7637//4
f 7640//4 7639//4 7637//4
f 7643//4 7642//4 7641//4
f 7644//4 7643//4 7641//4
f 7647//5 7646//5 7645//5
f 7648//5 7647//5 7645//5
f 7651//3 7650//3 7649//3
f 7652//3 7651//3 7649//3
f 7655//1 7654//1 7653//1
f 7656//1 7655//1 7653//1
f 7659//1 7658//1 7657//1
f 7660//1 7659//1 7657//1
f 7663//1 7662//1 7661//1
f 7664//1 7663//1 7661//1
f 7667//1 7666//1 7665//1
f 7668//1 7667//1 7665//1
f 7671//1 7670//1 7669//1
f 7672//1 7671//1 7669//1
f 7675//1 7674//1 7673//1
f 7676//1 7675//1 7673//1
f 7679//1 7678//1 7677//1
f 7680//1 7679//1 7677//1
f 7683//1 7682//1 7681//1
f 7684//1 7683//1 7681//1
f 7687//1 7686//1 7685//1
f 7688//1 7687//1 7685//1
f 7691//1 7690//1 7689//1
f 7692//1 7691//1 7689//1
f 7695//1 7694//1 7693//1
f 7696//1 7695//1 7693//1
f 7699//1 7698//1 7697//1
f 7700//1 7699//1 7697//1
f 7703//1 7702//1 7701//1
f 7704//1 7703//1 7701//1
f 7707//1 7706//1 7705//1
f 7708//1 7707//1 7705//1
f 7711//1 7710//1 7709//1
f 7712//1 7711//1 7709//1
f 7715//1 7714//1 7713//1
f 7716//1 7715//1 7713//1
f 7719//4 7718//4 7717//4
f 7720//4 7719//4 7717//4
f 7723//4 7722//4 7721//4
f 7724//4 7723//4 7721//4
f 7727//4 7726//4 7725//4
f 7728//4 7727//4 7725//4
f 7731//4 7730//4 7729//4
f 7732//4 7731//4 7729//4
f 7735//4 7734//4 7733//4
f 7736//4 7735//4 7733//4
f 7739//4 7738//4 7737//4
f 7740//4 7739//4 7737//4
f 7743//4 7742//4 7741//4
f 7744//4 7743//4 7741//4
f 7747//4 7746//4 7745//4
f 7748//4 7747//4 7745//4
f 7751//4 7750//4 7749//4
f 7752//4 7751//4 7749//4
f 7755//4 7754//4 7753//4
f 7756//4 7755//4 7753//4
f 7759//4 7758//4 7757//4
f 7760//4 7759//4 7757//4
f 7763//4 7762//4 7761//4
f 7764//4 7763//4 7761//4
f 7767//4 7766//4 7765//4
f 7768//4 7767//4 7765//4
f 7771//5 7770//5 7769//5
f 7772//5 7771//5 7769//5
f 7775//3 7774//3 7773//3
f 7776//3 7775//3 7773//3
f 7779//4 7778//4 7777//4
f 7780//4 7779//4 7777//4
f 7783//2 7782//2 7781//2
f 7784//2 7783//2 7781//2
f 7787//6 7786//6 7785//6
f 7788//6 7787//6 7785//6
f 7791//4 7790//4 7789//4
f 7792//4 7791//4 7789//4
f 7795//4 7794//4 7793//4
f 7796//4 7795//4 7793//4
f 7799//5 7798//5 7797//5
f 7800//5 7799//5 7797//5
f 7803//3 7802//3 7801//3
f 7804//3 7803//3 7801//3
f 7807//1 7806//1 7805//1
f 7808//1 7807//1 7805//1
f 7811//1 7810//1 7809//1
f 7812//1 7811//1 7809//1
f 7815//1 7814//1 7813//1
f 7816//1 7815//1 7813//1
f 7819//1 7818//1 7817//1
f 7820//1 7819//1 7817//1
f 7823//1 7822//1 7821//1
f 7824//1 7823//1 7821//1
f 7827//1 7826//1 7825//1
f 7828//1 7827//1 7825//1
f 7831//1 7830//1 7829//1
f 7832//1 7831//1 7829//1
f 7835//1 7834//1 7833//1
f 7836//1 7835//1 7833//1
f 7839//1 7838//1 7837//1
f 7840//1 7839//1 7837//1
f 7843//1 7842//1 7841//1
f 7844//1 7843//1 7841//1
f 7847//1 7846//1 7845//1
f 7848//1 7847//1 7845//1
f 7851//1 7850//1 7849//1
f 7852//1 7851//1 7849//1
f 7855//1 7854//1 7853//1
f 7856//1 7855//1 7853//1
f 7859//1 7858//1 7857//1
f 7860//1 7859//1 7857//1
f 7863//1 7862//1 7861//1
f 7864//1 7863//1 7861//1
f 7867//1 7866//1 7865//1
f 7868//1 7867//1 7865//1
f 7871//4 7870//4 7869//4
f 7872//4 7871//4 7869//4
f 7875//4 7874//4 7873//4
f 7876//4 7875//4 7873//4
f 7879//4 7878//4 7877//4
f 7880//4 7879//4 7877//4
f 7883//4 7882//4 7881//4
f 7884//4 7883//4 7881//4
f 7887//4 7886//4 7885//4
f 7888//4 7887//4 7885//4
f 7891//4 7890//4 7889//4
f 7892//4 7891//4 7889//4
f 7895//4 7894//4 7893//4
f 7896//4 7895//4 7893//4
f 7899//4 7898//4 7897//4
f 7900//4 7899//4 7897//4
f 7903//4 7902//4 7901//4
f 7904//4 7903//4 7901//4
f 7907//4 7906//4 7905//4
f 7908//4 7907//4 7905//4
f 7911//4 7910//4 7909//4
f 7912//4 7911//4 7909//4
f 7915//2 7914//2 7913//2
f 7916//2 7915//2 7913//2
f 7919//6 7918//6 7917//6
f 7920//6 7919//6 7917//6
f 7923//4 7922//4 7921//4
f 7924//4 7923//4 7921//4
f 7927//4 7926//4 7925//4
f 7928//4 7927//4 7925//4
f 7931//5 7930//5 7929//5
f 7932//5 7931//5 7929//5
f 7935//3 7934//3 7933//3
f 7936//3 7935//3 7933//3
f 7939//4 7938//4 7937//4
f 7940//4 7939//4 7937//4
f 7943//2 7942//2 7941//2
f 7944//2 7943//2 7941//2
f 7947//6 7946//6 7945//6
f 7948//6 7947//6 7945//6
f 7951//4 7950//4 7949//4
f 7952//4 7951//4 7949//4
f 7955//4 7954//4 7953//4
f 7956//4 7955//4 7953//4
f 7959//5 7958//5 7957//5
f 7960//5 7959//5 7957//5
f 7963//3 7962//3 7961//3
f 7964//3 7963//3 7961//3
f 7967//1 7966//1 7965//1
f 7968//1 7967//1 7965//1
f 7971//1 7970//1 7969//1
f 7972//1 7971//1 7969//1
f 7975//1 7974//1 7973//1
f 7976//1 7975//1 7973//1
f 7979//1 7978//1 7977//1
f 7980//1 7979//1 7977//1
f 7983//1 7982//1 7981//1
f 7984//1 7983//1 7981//1
f 7987//1 7986//1 7985//1
f 7988//1 7987//1 7985//1
f 7991//1 7990//1 7989//1
f 7992//1 7991//1 7989//1
f 7995//1 7994//1 7993//1
f 7996//1 7995//1 7993//1
f 7999//1 7998//1 7997//1
f 8000//1 7999//1 7997//1
f 8003//1 8002//1 8001//1
f 8004//1 8003//1 8001//1
f 8007//1 8006//1 8005//1
f 8008//1 8007//1 8005//1
f 8011//1 8010//1 8009//1
f 8012//1 8011//1 8009//1
f 8015//1 8014//1 8013//1
f 8016//1 8015//1 8013//1
f 8019//1 8018//1 8017//1
f 8020//1 8019//1 8017//1
f 8023//1 8022//1 8021//1
f 8024//1 8023//1 8021//1
f 8027//1 8026//1 8025//1
f 8028//1 8027//1 8025//1
f 8031//4 8030//4 8029//4
f 8032//4 8031//4 8029//4
f 8035//4 8034//4 8033//4
f 8036//4 8035//4 8033//4
f 8039//4 8038//4 8037//4
f 8040//4 8039//4 8037//4
f 8043//4 8042//4 8041//4
f 8044//4 8043//4 8041//4
f 8047//4 8046//4 8045//4
f 8048//4 8047//4 8045//4
f 8051//4 8050//4 8049//4
f 8052//4 8051//4 8049//4
f 8055//4 8054//4 8053//4
f 8056//4 8055//4 8053//4
f 8059//4 8058//4 8057//4
f 8060//4 8059//4 8057//4
f 8063//4 8062//4 8061//4
f 8064//4 8063//4 8061//4
f 8067//4 8066//4 8065//4
f 8068//4 8067//4 8065//4
f 8071//4 8070//4 8069//4
f 8072//4 8071//4 8069//4
f 8075//2 8074//2 8073//2
f 8076//2 8075//2 8073//2
f 8079//6 8078//6 8077//6
f 8080//6 8079//6 8077//6
f 8083//4 8082//4 8081//4
f 8084//4 8083//4 8081//4
f 8087//4 8086//4 8085//4
f 8088//4 8087//4 8085//4
f 8091//5 8090//5 8089//5
f 8092//5 8091//5 8089//5
f 8095//3 8094//3 8093//3
f 8096//3 8095//3 8093//3
f 8099//4 8098//4 8097//4
f 8100//4 8099//4 8097//4
f 8103//2 8102//2 8101//2
f 8104//2 8103//2 8101//2
f 8107//6 8106//6 8105//6
f 8108//6 8107//6 8105//6
f 8111//4 8110//4 8109//4
f 8112//4 8111//4 8109//4
f 8115//4 8114//4 8113//4
f 8116//4 8115//4 8113//4
f 8119//5 8118//5 8117//5
f 8120//5 8119//5 8117//5
f 8123//3 8122//3 8121//3
f 8124//3 8123//3 8121//3
f 8127//1 8126//1 8125//1
f 8128//1 8127//1 8125//1
f 8131//1 8130//1 8129//1
f 8132//1 8131//1 8129//1
f 8135//1 8134//1 8133//1
f 8136//1 8135//1 8133//1
f 8139//1 8138//1 8137//1
f 8140//1 8139//1 8137//1
f 8143//1 8142//1 8141//1
f 8144//1 8143//1 8141//1
f 8147//1 8146//1 8145//1
f 8148//1 8147//1 8145//1
f 8151//1 8150//1 8149//1
f 8152//1 8151//1 8149//1
f 8155//1 8154//1 8153//1
f 8156//1 8155//1 8153//1
f 8159//1 8158//1 8157//1
f 8160//1 8159//1 8157//1
f 8163//1 8162//1 8161//1
f 8164//1 8163//1 8161//1
f 8167//1 8166//1 8165//1
f 8168//1 8167//1 8165//1
f 8171//1 8170//1 8169//1
f 8172//1 8171//1 8169//1
f 8175//1 8174//1 8173//1
f 8176//1 8175//1 8173//1
f 8179//1 8178//1 8177//1
f 8180//1 8179//1 8177//1
f 8183//1 8182//1 8181//1
f 8184//1 8183//1 8181//1
f 8187//1 8186//1 8185//1
f 8188//1 8187//1 8185//1
f 8191//4 8190//4 8189//4
f 8192//4 8191//4 8189//4
f 8195//4 8194//4 8193//4
f 8196//4 8195//4 8193//4
f 8199//4 8198//4 8197//4
f 8200//4 8199//4 8197//4
f 8203//4 8202//4 8201//4
f 8204//4 8203//4 8201//4
f 8207//4 8206//4 8205//4
f 8208//4 8207//4 8205//4
f 8211//4 8210//4 8209//4
f 8212//4 8211//4 8209//4
f 8215//4 8214//4 8213//4
f 8216//4 8215//4 8213//4
f 8219//4 8218//4 8217//4
f 8220//4 8219//4 8217//4
f 8223//4 8222//4 8221//4
f 8224//4 8223//4 8221//4
f 8227//4 8226//4 8225//4
f 8228//4 8227//4 8225//4
f 8231//4 8230//4 8229//4
f 8232//4 8231//4 8229//4
f 8235//2 8234//2 8233//2
f 8236//2 8235//2 8233//2
f 8239//6 8238//6 8237//6
f 8240//6 8239//6 8237//6
f 8243//4 8242//4 8241//4
f 8244//4 8243//4 8241//4
f 8247//4 8246//4 8245//4
f 8248//4 8247//4 8245//4
f 8251//5 8250//5 8249//5
f 8252//5 8251//5 8249//5
f 8255//3 8254//3 8253//3
f 8256//3 8255//3 8253//3
f 8259//4 8258//4 8257//4
f 8260//4 8259//4 8257//4
f 8263//2 8262//2 8261//2
f 8264//2 8263//2 8261//2
f 8267//6 8266//6 8265//6
f 8268//6 8267//6 8265//6
f 8271//4 8270//4 8269//4
f 8272//4 8271//4 8269//4
f 8275//4 8274//4 8273//4
f 8276//4 8275//4 8273//4
f 8279//5 8278//5 8277//5
f 8280//5 8279//5 8277//5
f 8283//3 8282//3 8281//3
f 8284//3 8283//3 8281//3
f 8287//1 8286//1 8285//1
f 8288//1 8287//1 8285//1
f 8291//1 8290//1 8289//1
f 8292//1 8291//1 8289//1
f 8295//1 8294//1 8293//1
f 8296//1 8295//1 8293//1
f 8299//1 8298//1 8297//1
f 8300//1 8299//1 8297//1
f 8303//1 8302//1 8301//1
f 8304//1 8303//1 8301//1
f 8307//1 8306//1 8305//1
f 8308//1 8307//1 8305//1
f 8311//1 8310//1 8309//1
f 8312//1 8311//1 8309//1
f 8315//1 8314//1 8313//1
f 8316//1 8315//1 8313//1
f 8319//1 8318//1 8317//1
f 8320//1 8319//1 8317//1
f 8323//1 8322//1 8321//1
f 8324//1 8323//1 8321//1
f 8327//1 8326//1 8325//1
f 8328//1 8327//1 8325//1
f 8331//1 8330//1 8329//1
f 8332//1 8331//1 8329//1
f 8335//1 8334//1 8333//1
f 8336//1 8335//1 8333//1
f 8339//1 8338//1 8337//1
f 8340//1 8339//1 8337//1
f 8343//1 8342//1 8341//1
f 8344//1 8343//1 8341//1
f 8347//1 8346//1 8345//1
f 8348//1 8347//1 8345//1
f 8351//4 8350//4 8349//4
f 8352//4 8351//4 8349//4
f 8355//4 8354//4 8353//4
f 8356//4 8355//4 8353//4
f 8359//4 8358//4 8357//4
f 8360//4 8359//4 8357//4
f 8363//4 8362//4 8361//4
f 8364//4 8363//4 8361//4
f 8367//4 8366//4 8365//4
f 8368//4 8367//4 8365//4
f 8371//4 8370//4 8369//4
f 8372//4 8371//4 8369//4
f 8375//4 8374//4 8373//4
f 8376//4 8375//4 8373//4
f 8379//4 8378//4 8377//4
f 8380//4 8379//4 8377//4
f 8383//4 8382//4 8381//4
f 8384//4 8383//4 8381//4
f 8387//4 8386//4 8385//4
f 8388//4 8387//4 8385//4
f 8391//4 8390//4 8389//4
f 8392//4 8391//4 8389//4
f 8395//2 8394//2 8393//2
f 8396//2 8395//2 8393//2
f 8399//6 8398//6 8397//6
f 8400//6 8399//6 8397//6
f 8403//4 8402//4 8401//4
f 8404//4 8403//4 8401//4
f 8407//4 8406//4 8405//4
f 8408//4 8407//4 8405//4
f 8411//5 8410//5 8409//5
f 8412//5 8411//5 8409//5
f 8415//3 8414//3 8413//3
f 8416//3 8415//3 8413//3
f 8419//4 8418//4 8417//4
f 8420//4 8419//4 8417//4
f 8423//2 8422//2 8421//2
f 8424//2 8423//2 8421//2
f 8427//6 8426//6 8425//6
f 8428//6 8427//6 8425//6
f 8431//4 8430//4 8429//4
f 8432//4 8431//4 8429//4
f 8435//4 8434//4 8433//4
f 8436//4 8435//4 8433//4
f 8439//5 8438//5 8437//5
f 8440//5 8439//5 8437//5
f 8443//3 8442//3 8441//3
f 8444//3 8443//3 8441//3
f 8447//1 8446//1 8445//1
f 8448//1 8447//1 8445//1
f 8451//1 8450//1 8449//1
f 8452//1 8451//1 8449//1
f 8455//1 8454//1 8453//1
f 8456//1 8455//1 8453//1
f 8459//1 8458//1 8457//1
f 8460//1 8459//1 8457//1
f 8463//1 8462//1 8461//1
f 8464//1 8463//1 8461//1
f 8467//1 8466//1 8465//1
f 8468//1 8467//1 8465//1
f 8471//1 8470//1 8469//1
f 8472//1 8471//1 8469//1
f 8475//1 8474//1 8473//1
f 8476//1 8475//1 8473//1
f 8479//1 8478//1 8477//1
f 8480//1 8479//1 8477//1
f 8483//1 8482//1 8481//1
f 8484//1 8483//1 8481//1
f 8487//1 8486//1 8485//1
f 8488//1 8487//1 8485//1
f 8491//1 8490//1 8489//1
f 8492//1 8491//1 8489//1
f 8495//1 8494//1 8493//1
f 8496//1 8495//1 8493//1
f 8499//1 8498//1 8497//1
f 8500//1 8499//1 8497//1
f 8503//1 8502//1 8501//1
f 8504//1 8503//1 8501//1
f 8507//1 8506//1 8505//1
f 8508//1 8507//1 8505//1
f 8511//4 8510//4 8509//4
f 8512//4 8511//4 8509//4
f 8515//4 8514//4 8513//4
f 8516//4 8515//4 8513//4
f 8519//4 8518//4 8517//4
f 8520//4 8519//4 8517//4
f 8523//4 8522//4 8521//4
f 8524//4 8523//4 8521//4
f 8527//4 8526//4 8525//4
f 8528//4 8527//4 8525//4
f 8531//4 8530//4 8529//4
f 8532//4 8531//4 8529//4
f 8535//4 8534//4 8533//4
f 8536//4 8535//4 8533//4
f 8539//4 8538//4 8537//4
f 8540//4 8539//4 8537//4
f 8543//4 8542//4 8541//4
f 8544//4 8543//4 8541//4
f 8547//4 8546//4 8545//4
f 8548//4 8547//4 8545//4
f 8551//4 8550//4 8549//4
f 8552//4 8551//4 8549//4
f 8555//4 8554//4 8553//4
f 8556//4 8555//4 8553//4
f 8559//2 8558//2 8557//2
f 8560//2 8559//2 8557//2
f 8563//6 8562//6 8561//6
f 8564//6 8563//6 8561//6
f 8567//4 8566//4 8565//4
f 8568//4 8567//4 8565//4
f 8571//4 8570//4 8569//4
f 8572//4 8571//4 8569//4
f 8575//5 8574//5 8573//5
f 8576//5 8575//5 8573//5
f 8579//3 8578//3 8577//3
f 8580//3 8579//3 8577//3
f 8583//4 8582//4 8581//4
f 8584//4 8583//4 8581//4
f 8587//2 8586//2 8585//2
f 8588//2 8587//2 8585//2
f 8591//6 8590//6 8589//6
f 8592//6 8591//6 8589//6
f 8595//4 8594//4 8593//4
f 8596//4 8595//4 8593//4
f 8599//1 8598//1 8597//1
f 8600//1 8599//1 8597//1
f 8603//1 8602//1 8601//1
f 8604//1 8603//1 8601//1
f 8607//1 8606//1 8605//1
f 8608//1 8607//1 8605//1
f 8611//1 8610//1 8609//1
f 8612//1 8611//1 8609//1
f 8615//1 8614//1 8613//1
f 8616//1 8615//1 8613//1
f 8619//1 8618//1 8617//1
f 8620//1 8619//1 8617//1
f 8623//1 8622//1 8621//1
f 8624//1 8623//1 8621//1
f 8627//1 8626//1 8625//1
f 8628//1 8627//1 8625//1
f 8631//1 8630//1 8629//1
f 8632//1 8631//1 8629//1
f 8635//1 8634//1 8633//1
f 8636//1 8635//1 8633//1
f 8639//1 8638//1 8637//1
f 8640//1 8639//1 8637//1
f 8643//1 8642//1 8641//1
f 8644//1 8643//1 8641//1
f 8647//1 8646//1 8645//1
f 8648//1 8647//1 8645//1
f 8651//1 8650//1 8649//1
f 8652//1 8651//1 8649//1
f 8655//1 8654//1 8653//1
f 8656//1 8655//1 8653//1
f 8659//1 8658//1 8657//1
f 8660//1 8659//1 8657//1
f 8663//4 8662//4 8661//4
f 8664//4 8663//4 8661//4
f 8667//4 8666//4 8665//4
f 8668//4 8667//4 8665//4
f 8671//4 8670//4 8669//4
f 8672//4 8671//4 8669//4
f 8675//4 8674//4 8673//4
f 8676//4 8675//4 8673//4
f 8679//4 8678//4 8677//4
f 8680//4 8679//4 8677//4
f 8683//4 8682//4 8681//4
f 8684//4 8683//4 8681//4
f 8687//4 8686//4 8685//4
f 8688//4 8687//4 8685//4
f 8691//4 8690//4 8689//4
f 8692//4 8691//4 8689//4
f 8695//4 8694//4 8693//4
f 8696//4 8695//4 8693//4
f 8699//4 8698//4 8697//4
f 8700//4 8699//4 8697//4
f 8703//4 8702//4 8701//4
f 8704//4 8703//4 8701//4
f 8707//4 8706//4 8705//4
f 8708//4 8707//4 8705//4
f 8711//4 8710//4 8709//4
f 8712//4 8711//4 8709//4
f 8715//2 8714//2 8713//2
f 8716//2 8715//2 8713//2
f 8719//6 8718//6 8717//6
f 8720//6 8719//6 8717//6
f 8723//4 8722//4 8721//4
f 8724//4 8723//4 8721//4
f 8727//4 8726//4 8725//4
f 8728//4 8727//4 8725//4
f 8731//5 8730//5 8729//5
f 8732//5 8731//5 8729//5
f 8735//3 8734//3 8733//3
f 8736//3 8735//3 8733//3
f 8739//4 8738//4 8737//4
f 8740//4 8739//4 8737//4
f 8743//2 8742//2 8741//2
f 8744//2 8743//2 8741//2
f 8747//6 8746//6 8745//6
f 8748//6 8747//6 8745//6
f 8751//1 8750//1 8749//1
f 8752//1 8751//1 8749//1
f 8755//1 8754//1 8753//1
f 8756//1 8755//1 8753//1
f 8759//1 8758//1 8757//1
f 8760//1 8759//1 8757//1
f 8763//1 8762//1 8761//1
f 8764//1 8763//1 8761//1
f 8767//1 8766//1 8765//1
f 8768//1 8767//1 8765//1
f 8771//1 8770//1 8769//1
f 8772//1 8771//1 8769//1
f 8775//1 8774//1 8773//1
f 8776//1 8775//1 8773//1
f 8779//1 8778//1 8777//1
f 8780//1 8779//1 8777//1
f 8783//1 8782//1 8781//1
f 8784//1 8783//1 8781//1
f 8787//1 8786//1 8785//1
f 8788//1 8787//1 8785//1
f 8791//1 8790//1 8789//1
f 8792//1 8791//1 8789//1
f 8795//1 8794//1 8793//1
f 8796//1 8795//1 8793//1
f 8799//1 8798//1 8797//1
f 8800//1 8799//1 8797//1
f 8803//1 8802//1 8801//1
f 8804//1 8803//1 8801//1
f 8807//1 8806//1 8805//1
f 8808//1 8807//1 8805//1
f 8811//1 8810//1 8809//1
f 8812//1 8811//1 8809//1
f 8815//4 8814//4 8813//4
f 8816//4 8815//4 8813//4
f 8819//4 8818//4 8817//4
f 8820//4 8819//4 8817//4
f 8823//4 8822//4 8821//4
f 8824//4 8823//4 8821//4
f 8827//4 8826//4 8825//4
f 8828//4 8827//4 8825//4
f 8831//4 8830//4 8829//4
f 8832//4 8831//4 8829//4
f 8835//4 8834//4 8833//4
f 8836//4 8835//4 8833//4
f 8839//4 8838//4 8837//4
f 8840//4 8839//4 8837//4
f 8843//4 8842//4 8841//4
f 8844//4 8843//4 8841//4
f 8847//4 8846//4 8845//4
f 8848//4 8847//4 8845//4
f 8851//4 8850//4 8849//4
f 8852//4 8851//4 8849//4
f 8855//4 8854//4 8853//4
f 8856//4 8855//4 8853//4
f 8859//4 8858//4 8857//4
f 8860//4 8859//4 8857//4
f 8863//4 8862//4 8861//4
f 8864//4 8863//4 8861//4
f 8867//4 8866//4 8865//4
f 8868//4 8867//4 8865//4
f 8871//2 8870//2 8869//2
f 8872//2 8871//2 8869//2
f 8875//6 8874//6 8873//6
f 8876//6 8875//6 8873//6
f 8879//4 8878//4 8877//4
f 8880//4 8879//4 8877//4
f 8883//4 8882//4 8881//4
f 8884//4 8883//4 8881//4
f 8887//5 8886//5 8885//5
f 8888//5 8887//5 8885//5
f 8891//3 8890//3 8889//3
f 8892//3 8891//3 8889//3
f 8895//1 8894//1 8893//1
f 8896//1 8895//1 8893//1
f 8899//1 8898//1 8897//1
f 8900//1 8899//1 8897//1
f 8903//1 8902//1 8901//1
f 8904//1 8903//1 8901//1
f 8907//1 8906//1 8905//1
f 8908//1 8907//1 8905//1
f 8911//1 8910//1 8909//1
f 8912//1 8911//1 8909//1
f 8915//1 8914//1 8913//1
f 8916//1 8915//1 8913//1
f 8919//1 8918//1 8917//1
f 8920//1 8919//1 8917//1
f 8923//1 8922//1 8921//1
f 8924//1 8923//1 8921//1
f 8927//1 8926//1 8925//1
f 8928//1 8927//1 8925//1
f 8931//1 8930//1 8929//1
f 8932//1 8931//1 8929//1
f 8935//1 8934//1 8933//1
f 8936//1 8935//1 8933//1
f 8939//1 8938//1 8937//1
f 8940//1 8939//1 8937//1
f 8943//1 8942//1 8941//1
f 8944//1 8943//1 8941//1
f 8947//1 8946//1 8945//1
f 8948//1 8947//1 8945//1
f 8951//1 8950//1 8949//1
f 8952//1 8951//1 8949//1
f 8955//1 8954//1 8953//1
f 8956//1 8955//1 8953//1
f 8959//4 8958//4 8957//4
f 8960//4 8959//4 8957//4
f 8963//4 8962//4 8961//4
f 8964//4 8963//4 8961//4
f 8967//4 8966//4 8965//4
f 8968//4 8967//4 8965//4
f 8971//4 8970//4 8969//4
f 8972//4 8971//4 8969//4
f 8975//4 8974//4 8973//4
f 8976//4 8975//4 8973//4
f 8979//4 8978//4 8977//4
f 8980//4 8979//4 8977//4
f 8983//4 8982//4 8981//4
f 8984//4 8983//4 8981//4
f 8987//4 8986//4 8985//4
f 8988//4 8987//4 8985//4
f 8991//4 8990//4 8989//4
f 8992//4 8991//4 8989//4
f 8995//4 8994//4 8993//4
f 8996//4 8995//4 8993//4
f 8999//4 8998//4 8997//4
f 9000//4 8999//4 8997//4
f 9003//4 9002//4 9001//4
f 9004//4 9003//4 9001//4
f 9007//4 9006//4 9005//4
f 9008//4 9007//4 9005//4
f 9011//4 9010//4 9009//4
f 9012//4 9011//4 9009//4
f 9015//2 9014//2 9013//2
f 9016//2 9015//2 9013//2
f 9019//6 9018//6 9017//6
f 9020//6 9019//6 9017//6
f 9023//4 9022//4 9021//4
f 9024//4 9023//4 9021//4
f 9027//4 9026//4 9025//4
f 9028//4 9027//4 9025//4
f 9031//5 9030//5 9029//5
f 9032//5 9031//5 9029//5
f 9035//3 9034//3 9033//3
f 9036//3 9035//3 9033//3
f 9039//1 9038//1 9037//1
f 9040//1 9039//1 9037//1
f 9043//1 9042//1 9041//1
f 9044//1 9043//1 9041//1
f 9047//1 9046//1 9045//1
f 9048//1 9047//1 9045//1
f 9051//1 9050//1 9049//1
f 9052//1 9051//1 9049//1
f 9055//1 9054//1 9053//1
f 9056//1 9055//1 9053//1
f 9059//1 9058//1 9057//1
f 9060//1 9059//1 9057//1
f 9063//1 9062//1 9061//1
f 9064//1 9063//1 9061//1
f 9067//1 9066//1 9065//1
f 9068//1 9067//1 9065//1
f 9071//1 9070//1 9069//1
f 9072//1 9071//1 9069//1
f 9075//1 9074//1 9073//1
f 9076//1 9075//1 9073//1
f 9079//1 9078//1 9077//1
f 9080//1 9079//1 9077//1
f 9083//1 9082//1 9081//1
f 9084//1 9083//1 9081//1
f 9087//1 9086//1 9085//1
f 9088//1 9087//1 9085//1
f 9091//1 9090//1 9089//1
f 9092//1 9091//1 9089//1
f 9095//1 9094//1 9093//1
f 9096//1 9095//1 9093//1
f 9099//1 9098//1 9097//1
f 9100//1 9099//1 9097//1
f 9103//4 9102//4 9101//4
f 9104//4 9103//4 9101//4
f 9107//4 9106//4 9105//4
f 9108//4 9107//4 9105//4
f 9111//4 9110//4 9109//4
f 9112//4 9111//4 9109//4
f 9115//4 9114//4 9113//4
f 9116//4 9115//4 9113//4
f 9119//4 9118//4 9117//4
f 9120//4 9119//4 9117//4
f 9123//4 9122//4 9121//4
f 9124//4 9123//4 9121//4
f 9127//4 9126//4 9125//4
f 9128//4 9127//4 9125//4
f 9131//4 9130//4 9129//4
f 9132//4 9131//4 9129//4
f 9135//4 9134//4 9133//4
f 9136//4 9135//4 9133//4
f 9139//4 9138//4 9137//4
f 9140//4 9139//4 9137//4
f 9143//4 9142//4 9141//4
f 9144//4 9143//4 9141//4
f 9147//4 9146//4 9145//4
f 9148//4 9147//4 9145//4
f 9151//4 9150//4 9149//4
f 9152//4 9151//4 9149//4
f 9155//5 9154//5 9153//5
f 9156//5 9155//5 9153//5
f 9159//3 9158//3 9157//3
f 9160//3 9159//3 9157//3
f 9163//4 9162//4 9161//4
f 9164//4 9163//4 9161//4
f 9167//2 9166//2 9165//2
f 9168//2 9167//2 9165//2
f 9171//6 9170//6 9169//6
f 9172//6 9171//6 9169//6
f 9175//4 9174//4 9173//4
f 9176//4 9175//4 9173//4
f 9179//4 9178//4 9177//4
f 9180//4 9179//4 9177//4
f 9183//5 9182//5 9181//5
f 9184//5 9183//5 9181//5
f 9187//3 9186//3 9185//3
f 9188//3 9187//3 9185//3
f 9191//1 9190//1 9189//1
f 9192//1 9191//1 9189//1
f 9195//1 9194//1 9193//1
f 9196//1 9195//1 9193//1
f 9199//1 9198//1 9197//1
f 9200//1 9199//1 9197//1
f 9203//1 9202//1 9201//1
f 9204//1 9203//1 9201//1
f 9207//1 9206//1 9205//1
f 9208//1 9207//1 9205//1
f 9211//1 9210//1 9209//1
f 9212//1 9211//1 9209//1
f 9215//1 9214//1 9213//1
f 9216//1 9215//1 9213//1
f 9219//1 9218//1 9217//1
f 9220//1 9219//1 9217//1
f 9223//1 9222//1 9221//1
f 9224//1 9223//1 9221//1
f 9227//1 9226//1 9225//1
f 9228//1 9227//1 9225//1
f 9231//1 9230//1 9229//1
f 9232//1 9231//1 9229//1
f 9235//1 9234//1 9233//1
f 9236//1 9235//1 9233//1
f 9239//1 9238//1 9237//1
f 9240//1 9239//1 9237//1
f 9243//1 9242//1 9241//1
f 9244//1 9243//1 9241//1
f 9247//1 9246//1 9245//1
f 9248//1 9247//1 9245//1
f 9251//1 9250//1 9249//1
f 9252//1 9251//1 9249//1
f 9255//4 9254//4 9253//4
f 9256//4 9255//4 9253//4
f 9259//4 9258//4 9257//4
f 9260//4 9259//4 9257//4
f 9263//4 9262//4 9261//4
f 9264//4 9263//4 9261//4
f 9267//4 9266//4 9265//4
f 9268//4 9267//4 9265//4
f 9271//4 9270//4 9269//4
f 9272//4 9271//4 9269//4
f 9275//4 9274//4 9273//4
f 9276//4 9275//4 9273//4
f 9279//4 9278//4 9277//4
f 9280//4 9279//4 9277//4
f 9283//4 9282//4 9281//4
f 9284//4 9283//4 9281//4
f 9287//4 9286//4 9285//4
f 9288//4 9287//4 9285//4
f 9291//4 9290//4 9289//4
f 9292//4 9291//4 9289//4
f 9295//4 9294//4 9293//4
f 9296//4 9295//4 9293//4
f 9299//4 9298//4 9297//4
f 9300//4 9299//4 9297//4
f 9303//4 9302//4 9301//4
f 9304//4 9303//4 9301//4
f 9307//5 9306//5 9305//5
f 9308//5 9307//5 9305//5
f 9311//3 9310//3 9309//3
f 9312//3 9311//3 9309//3
f 9315//4 9314//4 9313//4
f 9316//4 9315//4 9313//4
f 9319//2 9318//2 9317//2
f 9320//2 9319//2 9317//2
f 9323//6 9322//6 9321//6
f 9324//6 9323//6 9321//6
f 9327//4 9326//4 9325//4
f 9328//4 9327//4 9325//4
f 9331//4 9330//4 9329//4
f 9332//4 9331//4 9329//4
f 9335//5 9334//5 9333//5
f 9336//5 9335//5 9333//5
f 9339//3 9338//3 9337//3
f 9340//3 9339//3 9337//3
f 9343//1 9342//1 9341//1
f 9344//1 9343//1 9341//1
f 9347//1 9346//1 9345//1
f 9348//1 9347//1 9345//1
f 9351//1 9350//1 9349//1
f 9352//1 9351//1 9349//1
f 9355//1 9354//1 9353//1
f 9356//1 9355//1 9353//1
f 9359//1 9358//1 9357//1
f 9360//1 9359//1 9357//1
f 9363//1 9362//1 9361//1
f 9364//1 9363//1 9361//1
f 9367//1 9366//1 9365//1
f 9368//1 9367//1 9365//1
f 9371//1 9370//1 9369//1
f 9372//1 9371//1 9369//1
f 9375//1 9374//1 9373//1
f 9376//1 9375//1 9373//1
f 9379//1 9378//1 9377//1
f 9380//1 9379//1 9377//1
f 9383//1 9382//1 9381//1
f 9384//1 9383//1 9381//1
f 9387//1 9386//1 9385//1
f 9388//1 9387//1 9385//1
f 9391//1 9390//1 9389//1
f 9392//1 9391//1 9389//1
f 9395//1 9394//1 9393//1
f 9396//1 9395//1 9393//1
f 9399//1 9398//1 9397//1
f 9400//1 9399//1 9397//1
f 9403//1 9402//1 9401//1
f 9404//1 9403//1 9401//1
f 9407//4 9406//4 9405//4
f 9408//4 9407//4 9405//4
f 9411//4 9410//4 9409//4
f 9412//4 9411//4 9409//4
f 9415//4 9414//4 9413//4
f 9416//4 9415//4 9413//4
f 9419//4 9418//4 9417//4
f 9420//4 9419//4 9417//4
f 9423//4 9422//4 9421//4
f 9424//4 9423//4 9421//4
f 9427//4 9426//4 9425//4
f 9428//4 9427//4 9425//4
f 9431//4 9430//4 9429//4
f 9432//4 9431//4 9429//4
f 9435//4 9434//4 9433//4
f 9436//4 9435//4 9433//4
f 9439//4 9438//4 9437//4
f 9440//4 9439//4 9437//4
f 9443//4 9442//4 9441//4
f 9444//4 9443//4 9441//4
f 9447//4 9446//4 9445//4
f 9448//4 9447//4 9445//4
f 9451//2 9450//2 9449//2
f 9452//2 9451//2 9449//2
f 9455//6 9454//6 9453//6
f 9456//6 9455//6 9453//6
f 9459//4 9458//4 9457//4
f 9460//4 9459//4 9457//4
f 9463//4 9462//4 9461//4
f 9464//4 9463//4 9461//4
f 9467//5 9466//5 9465//5
f 9468//5 9467//5 9465//5
f 9471//3 9470//3 9469//3
f 9472//3 9471//3 9469//3
f 9475//4 9474//4 9473//4
f 9476//4 9475//4 9473//4
f 9479//2 9478//2 9477//2
f 9480//2 9479//2 9477//2
f 9483//6 9482//6 9481//6
f 9484//6 9483//6 9481//6
f 9487//4 9486//4 9485//4
f 9488//4 9487//4 9485//4
f 9491//4 9490//4 9489//4
f 9492//4 9491//4 9489//4
f 9495//5 9494//5 9493//5
f 9496//5 9495//5 9493//5
f 9499//3 9498//3 9497//3
f 9500//3 9499//3 9497//3
g Chunk_9x6x10
usemtl Voxel
f 9503//1 9502//1 9501//1
f 9504//1 9503//1 9501//1
f 9507//1 9506//1 9505//1
f 9508//1 9507//1 9505//1
f 9511//1 9510//1 9509//1
f 9512//1 9511//1 9509//1
f 9515//1 9514//1 9513//1
f 9516//1 9515//1 9513//1
f 9519//1 9518//1 9517//1
f 9520//1 9519//1 9517//1
f 9523//1 9522//1 9521//1
f 9524//1 9523//1 9521//1
f 9527//1 9526//1 9525//1
f 9528//1 9527//1 9525//1
f 9531//1 9530//1 9529//1
f 9532//1 9531//1 9529//1
f 9535//1 9534//1 9533//1
f 9536//1 9535//1 9533//1
f 9539//1 9538//1 9537//1
f 9540//1 9539//1 9537//1
f 9543//1 9542//1 9541//1
f 9544//1 9543//1 9541//1
f 9547//1 9546//1 9545//1
f 9548//1 9547//1 9545//1
f 9551//1 9550//1 9549//1
f 9552//1 9551//1 9549//1
f 9555//1 9554//1 9553//1
f 9556//1 9555//1 9553//1
f 9559//5 9558//5 9557//5
f 9560//5 9559//5 9557//5
f 9563//3 9562//3 9561//3
f 9564//3 9563//3 9561//3
f 9567//5 9566//5 9565//5
f 9568//5 9567//5 9565//5
f 9571//3 9570//3 9569//3
f 9572//3 9571//3 9569//3
f 9575//4 9574//4 9573//4
f 9576//4 9575//4 9573//4
f 9579//5 9578//5 9577//5
f 9580//5 9579//5 9577//5
f 9583//3 9582//3 9581//3
f 9584//3 9583//3 9581//3
f 9587//4 9586//4 9585//4
f 9588//4 9587//4 9585//4
f 9591//4 9590//4 9589//4
f 9592//4 9591//4 9589//4
f 9595//4 9594//4 9593//4
f 9596//4 9595//4 9593//4
f 9599//4 9598//4 9597//4
f 9600//4 9599//4 9597//4
f 9603//4 9602//4 9601//4
f 9604//4 9603//4 9601//4
f 9607//4 9606//4 9605//4
f 9608//4 9607//4 9605//4
f 9611//4 9610//4 9609//4
f 9612//4 9611//4 9609//4
f 9615//4 9614//4 9613//4
f 9616//4 9615//4 9613//4
f 9619//4 9618//4 9617//4
f 9620//4 9619//4 9617//4
f 9623//5 9622//5 9621//5
f 9624//5 9623//5 9621//5
f 9627//3 9626//3 9625//3
f 9628//3 9627//3 9625//3
f 9631//4 9630//4 9629//4
f 9632//4 9631//4 9629//4
f 9635//5 9634//5 9633//5
f 9636//5 9635//5 9633//5
f 9639//3 9638//3 9637//3
f 9640//3 9639//3 9637//3
f 9643//4 9642//4 9641//4
f 9644//4 9643//4 9641//4
f 9647//2 9646//2 9645//2
f 9648//2 9647//2 9645//2
f 9651//6 9650//6 9649//6
f 9652//6 9651//6 9649//6
f 9655//4 9654//4 9653//4
f 9656//4 9655//4 9653//4
f 9659//4 9658//4 9657//4
f 9660//4 9659//4 9657//4
f 9663//5 9662//5 9661//5
f 9664//5 9663//5 9661//5
f 9667//3 9666//3 9665//3
f 9668//3 9667//3 9665//3
f 9671//1 9670//1 9669//1
f 9672//1 9671//1 9669//1
f 9675//1 9674//1 9673//1
f 9676//1 9675//1 9673//1
f 9679//1 9678//1 9677//1
f 9680//1 9679//1 9677//1
f 9683//1 9682//1 9681//1
f 9684//1 9683//1 9681//1
f 9687//1 9686//1 9685//1
f 9688//1 9687//1 9685//1
f 9691//1 9690//1 9689//1
f 9692//1 9691//1 9689//1
f 9695//1 9694//1 9693//1
f 9696//1 9695//1 9693//1
f 9699//1 9698//1 9697//1
f 9700//1 9699//1 9697//1
f 9703//1 9702//1 9701//1
f 9704//1 9703//1 9701//1
f 9707//1 9706//1 9705//1
f 9708//1 9707//1 9705//1
f 9711//1 9710//1 9709//1
f 9712//1 9711//1 9709//1
f 9715//1 9714//1 9713//1
f 9716//1 9715//1 9713//1
f 9719//1 9718//1 9717//1
f 9720//1 9719//1 9717//1
f 9723//1 9722//1 9721//1
f 9724//1 9723//1 9721//1
f 9727//5 9726//5 9725//5
f 9728//5 9727//5 9725//5
f 9731//5 9730//5 9729//5
f 9732//5 9731//5 9729//5
f 9735//5 9734//5 9733//5
f 9736//5 9735//5 9733//5
f 9739//4 9738//4 9737//4
f 9740//4 9739//4 9737//4
f 9743//4 9742//4 9741//4
f 9744//4 9743//4 9741//4
f 9747//4 9746//4 9745//4
f 9748//4 9747//4 9745//4
f 9751//4 9750//4 9749//4
f 9752//4 9751//4 9749//4
f 9755//4 9754//4 9753//4
f 9756//4 9755//4 9753//4
f 9759//4 9758//4 9757//4
f 9760//4 9759//4 9757//4
f 9763//4 9762//4 9761//4
f 9764//4 9763//4 9761//4
f 9767//4 9766//4 9765//4
f 9768//4 9767//4 9765//4
f 9771//4 9770//4 9769//4
f 9772//4 9771//4 9769//4
f 9775//5 9774//5 9773//5
f 9776//5 9775//5 9773//5
f 9779//3 9778//3 9777//3
f 9780//3 9779//3 9777//3
f 9783//4 9782//4 9781//4
f 9784//4 9783//4 9781//4
f 9787//4 9786//4 9785//4
f 9788//4 9787//4 9785//4
f 9791//5 9790//5 9789//5
f 9792//5 9791//5 9789//5
f 9795//3 9794//3 9793//3
f 9796//3 9795//3 9793//3
f 9799//4 9798//4 9797//4
f 9800//4 9799//4 9797//4
f 9803//2 9802//2 9801//2
f 9804//2 9803//2 9801//2
f 9807//6 9806//6 9805//6
f 9808//6 9807//6 9805//6
f 9811//4 9810//4 9809//4
f 9812//4 9811//4 9809//4
f 9815//4 9814//4 9813//4
f 9816//4 9815//4 9813//4
f 9819//5 9818//5 9817//5
f 9820//5 9819//5 9817//5
f 9823//3 9822//3 9821//3
f 9824//3 9823//3 9821//3
f 9827//1 9826//1 9825//1
f 9828//1 9827//1 9825//1
f 9831//1 9830//1 9829//1
f 9832//1 9831//1 9829//1
f 9835//1 9834//1 9833//1
f 9836//1 9835//1 9833//1
f 9839//1 9838//1 9837//1
f 9840//1 9839//1 9837//1
f 9843//1 9842//1 9841//1
f 9844//1 9843//1 9841//1
f 9847//1 9846//1 9845//1
f 9848//1 9847//1 9845//1
f 9851//1 9850//1 9849//1
f 9852//1 9851//1 9849//1
f 9855//1 9854//1 9853//1
f 9856//1 9855//1 9853//1
f 9859//1 9858//1 9857//1
f 9860//1 9859//1 9857//1
f 9863//1 9862//1 9861//1
f 9864//1 9863//1 9861//1
f 9867//1 9866//1 9865//1
f 9868//1 9867//1 9865//1
f 9871//1 9870//1 9869//1
f 9872//1 9871//1 9869//1
f 9875//1 9874//1 9873//1
f 9876//1 9875//1 9873//1
f 9879//1 9878//1 9877//1
f 9880//1 9879//1 9877//1
f 9883//1 9882//1 9881//1
f 9884//1 9883//1 9881//1
f 9887//5 9886//5 9885//5
f 9888//5 9887//5 9885//5
f 9891//3 9890//3 9889//3
f 9892//3 9891//3 9889//3
f 9895//5 9894//5 9893//5
f 9896//5 9895//5 9893//5
f 9899//3 9898//3 9897//3
f 9900//3 9899//3 9897//3
f 9903//4 9902//4 9901//4
f 9904//4 9903//4 9901//4
f 9907//5 9906//5 9905//5
f 9908//5 9907//5 9905//5
f 9911//3 9910//3 9909//3
f 9912//3 9911//3 9909//3
f 9915//4 9914//4 9913//4
f 9916//4 9915//4 9913//4
f 9919//4 9918//4 9917//4
f 9920//4 9919//4 9917//4
f 9923//4 9922//4 9921//4
f 9924//4 9923//4 9921//4
f 9927//4 9926//4 9925//4
f 9928//4 9927//4 9925//4
f 9931//4 9930//4 9929//4
f 9932//4 9931//4 9929//4
f 9935//4 9934//4 9933//4
f 9936//4 9935//4 9933//4
f 9939//4 9938//4 9937//4
f 9940//4 9939//4 9937//4
f 9943//4 9942//4 9941//4
f 9944//4 9943//4 9941//4
f 9947//5 9946//5 9945//5
f 9948//5 9947//5 9945//5
f 9951//4 9950//4 9949//4
f 9952//4 9951//4 9949//4
f 9955//2 9954//2 9953//2
f 9956//2 9955//2 9953//2
f 9959//6 9958//6 9957//6
f 9960//6 9959//6 9957//6
f 9963//4 9962//4 9961//4
f 9964//4 9963//4 9961//4
f 9967//4 9966//4 9965//4
f 9968//4 9967//4 9965//4
f 9971//5 9970//5 9969//5
f 9972//5 9971//5 9969//5
f 9975//3 9974//3 9973//3
f 9976//3 9975//3 9973//3
f 9979//4 9978//4 9977//4
f 9980//4 9979//4 9977//4
f 9983//2 9982//2 9981//2
f 9984//2 9983//2 9981//2
f 9987//6 9986//6 9985//6
f 9988//6 9987//6 9985//6
f 9991//4 9990//4 9989//4
f 9992//4 9991//4 9989//4
f 9995//4 9994//4 9993//4
f 9996//4 9995//4 9993//4
f 9999//5 9998//5 9997//5
f 10000//5 9999//5 9997//5
f 10003//3 10002//3 10001//3
f 10004//3 10003//3 10001//3
f 10007//1 10006//1 10005//1
f 10008//1 10007//1 10005//1
f 10011//1 10010//1 10009//1
f 10012//1 10011//1 10009//1
f 10015//1 10014//1 10013//1
f 10016//1 10015//1 10013//1
f 10019//1 10018//1 10017//1
f 10020//1 10019//1 10017//1
f 10023//1 10022//1 10021//1
f 10024//1 10023//1 10021//1
f 10027//1 10026//1 10025//1
f 10028//1 10027//1 10025//1
f 10031//1 10030//1 10029//1
f 10032//1 10031//1 10029//1
f 10035//1 10034//1 10033//1
f 10036//1 10035//1 10033//1
f 10039//1 10038//1 10037//1
f 10040//1 10039//1 10037//1
f 10043//1 10042//1 10041//1
f 10044//1 10043//1 10041//1
f 10047//1 10046//1 10045//1
f 10048//1 10047//1 10045//1
f 10051//1 10050//1 10049//1
f 10052//1 10051//1 10049//1
f 10055//1 10054//1 10053//1
f 10056//1 10055//1 10053//1
f 10059//1 10058//1 10057//1
f 10060//1 10059//1 10057//1
f 10063//1 10062//1 10061//1
f 10064//1 10063//1 10061//1
f 10067//5 10066//5 10065//5
f 10068//5 10067//5 10065//5
f 10071//5 10070//5 10069//5
f 10072//5 10071//5 10069//5
f 10075//5 10074//5 10073//5
f 10076//5 10075//5 10073//5
f 10079//4 10078//4 10077//4
f 10080//4 10079//4 10077//4
f 10083//4 10082//4 10081//4
f 10084//4 10083//4 10081//4
f 10087//4 10086//4 10085//4
f 10088//4 10087//4 10085//4
f 10091//4 10090//4 10089//4
f 10092//4 10091//4 10089//4
f 10095//4 10094//4 10093//4
f 10096//4 10095//4 10093//4
f 10099//4 10098//4 10097//4
f 10100//4 10099//4 10097//4
f 10103//4 10102//4 10101//4
f 10104//4 10103//4 10101//4
f 10107//4 10106//4 10105//4
f 10108//4 10107//4 10105//4
f 10111//4 10110//4 10109//4
f 10112//4 10111//4 10109//4
f 10115//5 10114//5 10113//5
f 10116//5 10115//5 10113//5
f 10119//3 10118//3 10117//3
f 10120//3 10119//3 10117//3
f 10123//4 10122//4 10121//4
f 10124//4 10123//4 10121//4
f 10127//2 10126//2 10125//2
f 10128//2 10127//2 10125//2
f 10131//6 10130//6 10129//6
f 10132//6 10131//6 10129//6
f 10135//4 10134//4 10133//4
f 10136//4 10135//4 10133//4
f 10139//4 10138//4 10137//4
f 10140//4 10139//4 10137//4
f 10143//5 10142//5 10141//5
f 10144//5 10143//5 10141//5
f 10147//3 10146//3 10145//3
f 10148//3 10147//3 10145//3
f 10151//4 10150//4 10149//4
f 10152//4 10151//4 10149//4
f 10155//2 10154//2 10153//2
f 10156//2 10155//2 10153//2
f 10159//6 10158//6 10157//6
f 10160//6 10159//6 10157//6
f 10163//4 10162//4 10161//4
f 10164//4 10163//4 10161//4
f 10167//4 10166//4 10165//4
f 10168//4 10167//4 10165//4
f 10171//5 10170//5 10169//5
f 10172//5 10171//5 10169//5
f 10175//3 10174//3 10173//3
f 10176//3 10175//3 10173//3
f 10179//1 10178//1 10177//1
f 10180//1 10179//1 10177//1
f 10183//1 10182//1 10181//1
f 10184//1 10183//1 10181//1
f 10187//1 10186//1 10185//1
f 10188//1 10187//1 10185//1
f 10191//1 10190//1 10189//1
f 10192//1 10191//1 10189//1
f 10195//1 10194//1 10193//1
f 10196//1 10195//1 10193//1
f 10199//1 10198//1 10197//1
f 10200//1 10199//1 10197//1
f 10203//1 10202//1 10201//1
f 10204//1 10203//1 10201//1
f 10207//1 10206//1 10205//1
f 10208//1 10207//1 10205//1
f 10211//1 10210//1 10209//1
f 10212//1 10211//1 10209//1
f 10215//1 10214//1 10213//1
f 10216//1 10215//1 10213//1
f 10219//1 10218//1 10217//1
f 10220//1 10219//1 10217//1
f 10223//1 10222//1 10221//1
f 10224//1 10223//1 10221//1
f 10227//1 10226//1 10225//1
f 10228//1 10227//1 10225//1
f 10231//1 10230//1 10229//1
f 10232//1 10231//1 10229//1
f 10235//1 10234//1 10233//1
f 10236//1 10235//1 10233//1
f 10239//5 10238//5 10237//5
f 10240//5 10239//5 10237//5
f 10243//5 10242//5 10241//5
f 10244//5 10243//5 10241//5
f 10247//5 10246//5 10245//5
f 10248//5 10247//5 10245//5
f 10251//4 10250//4 10249//4
f 10252//4 10251//4 10249//4
f 10255//4 10254//4 10253//4
f 10256//4 10255//4 10253//4
f 10259//4 10258//4 10257//4
f 10260//4 10259//4 10257//4
f 10263//4 10262//4 10261//4
f 10264//4 10263//4 10261//4
f 10267//4 10266//4 10265//4
f 10268//4 10267//4 10265//4
f 10271//4 10270//4 10269//4
f 10272//4 10271//4 10269//4
f 10275//4 10274//4 10273//4
f 10276//4 10275//4 10273//4
f 10279//4 10278//4 10277//4
f 10280//4 10279//4 10277//4
f 10283//4 10282//4 10281//4
f 10284//4 10283//4 10281//4
f 10287//5 10286//5 10285//5
f 10288//5 10287//5 10285//5
f 10291//4 10290//4 10289//4
f 10292//4 10291//4 10289//4
f 10295//2 10294//2 10293//2
f 10296//2 10295//2 10293//2
f 10299//6 10298//6 10297//6
f 10300//6 10299//6 10297//6
f 10303//4 10302//4 10301//4
f 10304//4 10303//4 10301//4
f 10307//4 10306//4 10305//4
f 10308//4 10307//4 10305//4
f 10311//5 10310//5 10309//5
f 10312//5 10311//5 10309//5
f 10315//3 10314//3 10313//3
f 10316//3 10315//3 10313//3
f 10319//4 10318//4 10317//4
f 10320//4 10319//4 10317//4
f 10323//2 10322//2 10321//2
f 10324//2 10323//2 10321//2
f 10327//6 10326//6 10325//6
f 10328//6 10327//6 10325//6
f 10331//4 10330//4 10329//4
f 10332//4 10331//4 10329//4
f 10335//4 10334//4 10333//4
f 10336//4 10335//4 10333//4
f 10339//5 10338//5 10337//5
f 10340//5 10339//5 10337//5
f 10343//3 10342//3 10341//3
f 10344//3 10343//3 10341//3
f 10347//1 10346//1 10345//1
f 10348//1 10347//1 10345//1
f 10351//1 10350//1 10349//1
f 10352//1 10351//1 10349//1
f 10355//1 10354//1 10353//1
f 10356//1 10355//1 10353//1
f 10359//1 10358//1 10357//1
f 10360//1 10359//1 10357//1
f 10363//1 10362//1 10361//1
f 10364//1 10363//1 10361//1
f 10367//1 10366//1 10365//1
f 10368//1 10367//1 10365//1
f 10371//1 10370//1 10369//1
f 10372//1 10371//1 10369//1
f 10375//1 10374//1 10373//1
f 10376//1 10375//1 10373//1
f 10379//1 10378//1 10377//1
f 10380//1 10379//1 10377//1
f 10383//1 10382//1 10381//1
f 10384//1 10383//1 10381//1
f 10387//1 10386//1 10385//1
f 10388//1 10387//1 10385//1
f 10391//1 10390//1 10389//1
f 10392//1 10391//1 10389//1
f 10395//1 10394//1 10393//1
f 10396//1 10395//1 10393//1
f 10399//1 10398//1 10397//1
f 10400//1 10399//1 10397//1
f 10403//1 10402//1 10401//1
f 10404//1 10403//1 10401//1
f 10407//1 10406//1 10405//1
f 10408//1 10407//1 10405//1
f 10411//5 10410//5 10409//5
f 10412//5 10411//5 10409//5
f 10415//3 10414//3 10413//3
f 10416//3 10415//3 10413//3
f 10419//5 10418//5 10417//5
f 10420//5 10419//5 10417//5
f 10423//3 10422//3 10421//3
f 10424//3 10423//3 10421//3
f 10427//4 10426//4 10425//4
f 10428//4 10427//4 10425//4
f 10431//5 10430//5 10429//5
f 10432//5 10431//5 10429//5
f 10435//3 10434//3 10433//3
f 10436//3 10435//3 10433//3
f 10439//4 10438//4 10437//4
f 10440//4 10439//4 10437//4
f 10443//4 10442//4 10441//4
f 10444//4 10443//4 10441//4
f 10447//4 10446//4 10445//4
f 10448//4 10447//4 10445//4
f 10451//4 10450//4 10449//4
f 10452//4 10451//4 10449//4
f 10455//4 10454//4 10453//4
f 10456//4 10455//4 10453//4
f 10459//4 10458//4 10457//4
f 10460//4 10459//4 10457//4
f 10463//4 10462//4 10461//4
f 10464//4 10463//4 10461//4
f 10467//4 10466//4 10465//4
f 10468//4 10467//4 10465//4
f 10471//4 10470//4 10469//4
f 10472//4 10471//4 10469//4
f 10475//5 10474//5 10473//5
f 10476//5 10475//5 10473//5
f 10479//4 10478//4 10477//4
f 10480//4 10479//4 10477//4
f 10483//2 10482//2 10481//2
f 10484//2 10483//2 10481//2
f 10487//6 10486//6 10485//6
f 10488//6 10487//6 10485//6
f 10491//4 10490//4 10489//4
f 10492//4 10491//4 10489//4
f 10495//4 10494//4 10493//4
f 10496//4 10495//4 10493//4
f 10499//5 10498//5 10497//5
f 10500//5 10499//5 10497//5
f 10503//3 10502//3 10501//3
f 10504//3 10503//3 10501//3
f 10507//4 10506//4 10505//4
f 10508//4 10507//4 10505//4
f 10511//2 10510//2 10509//2
f 10512//2 10511//2 10509//2
f 10515//6 10514//6 10513//6
f 10516//6 10515//6 10513//6
f 10519//4 10518//4 10517//4
f 10520//4 10519//4 10517//4
f 10523//4 10522//4 10521//4
f 10524//4 10523//4 10521//4
f 10527//5 10526//5 10525//5
f 10528//5 10527//5 10525//5
f 10531//3 10530//3 10529//3
f 10532//3 10531//3 10529//3
f 10535//1 10534//1 10533//1
f 10536//1 10535//1 10533//1
f 10539//1 10538//1 10537//1
f 10540//1 10539//1 10537//1
f 10543//1 10542//1 10541//1
f 10544//1 10543//1 10541//1
f 10547//1 10546//1 10545//1
f 10548//1 10547//1 10545//1
f 10551//1 10550//1 10549//1
f 10552//1 10551//1 10549//1
f 10555//1 10554//1 10553//1
f 10556//1 10555//1 10553//1
f 10559//1 10558//1 10557//1
f 10560//1 10559//1 10557//1
f 10563//1 10562//1 10561//1
f 10564//1 10563//1 10561//1
f 10567//1 10566//1 10565//1
f 10568//1 10567//1 10565//1
f 10571//1 10570//1 10569//1
f 10572//1 10571//1 10569//1
f 10575//1 10574//1 10573//1
f 10576//1 10575//1 10573//1
f 10579//1 10578//1 10577//1
f 10580//1 10579//1 10577//1
f 10583//1 10582//1 10581//1
f 10584//1 10583//1 10581//1
f 10587//1 10586//1 10585//1
f 10588//1 10587//1 10585//1
f 10591//1 10590//1 10589//1
f 10592//1 10591//1 10589//1
f 10595//1 10594//1 10593//1
f 10596//1 10595//1 10593//1
f 10599//5 10598//5 10597//5
f 10600//5 10599//5 10597//5
f 10603//6 10602//6 10601//6
f 10604//6 10603//6 10601//6
f 10607//5 10606//5 10605//5
f 10608//5 10607//5 10605//5
f 10611//6 10610//6 10609//6
f 10612//6 10611//6 10609//6
f 10615//4 10614//4 10613//4
f 10616//4 10615//4 10613//4
f 10619//5 10618//5 10617//5
f 10620//5 10619//5 10617//5
f 10623//6 10622//6 10621//6
f 10624//6 10623//6 10621//6
f 10627//4 10626//4 10625//4
f 10628//4 10627//4 10625//4
f 10631//4 10630//4 10629//4
f 10632//4 10631//4 10629//4
f 10635//4 10634//4 10633//4
f 10636//4 10635//4 10633//4
f 10639//4 10638//4 10637//4
f 10640//4 10639//4 10637//4
f 10643//4 10642//4 10641//4
f 10644//4 10643//4 10641//4
f 10647//4 10646//4 10645//4
f 10648//4 10647//4 10645//4
f 10651//4 10650//4 10649//4
f 10652//4 10651//4 10649//4
f 10655//4 10654//4 10653//4
f 10656//4 10655//4 10653//4
f 10659//4 10658//4 10657//4
f 10660//4 10659//4 10657//4
f 10663//5 10662//5 10661//5
f 10664//5 10663//5 10661//5
f 10667//4 10666//4 10665//4
f 10668//4 10667//4 10665//4
f 10671//2 10670//2 10669//2
f 10672//2 10671//2 10669//2
f 10675//6 10674//6 10673//6
f 10676//6 10675//6 10673//6
f 10679//4 10678//4 10677//4
f 10680//4 10679//4 10677//4
f 10683//4 10682//4 10681//4
f 10684//4 10683//4 10681//4
f 10687//5 10686//5 10685//5
f 10688//5 10687//5 10685//5
f 10691//3 10690//3 10689//3
f 10692//3 10691//3 10689//3
f 10695//4 10694//4 10693//4
f 10696//4 10695//4 10693//4
f 10699//2 10698//2 10697//2
f 10700//2 10699//2 10697//2
f 10703//6 10702//6 10701//6
f 10704//6 10703//6 10701//6
f 10707//4 10706//4 10705//4
f 10708//4 10707//4 10705//4
f 10711//4 10710//4 10709//4
f 10712//4 10711//4 10709//4
f 10715//5 10714//5 10713//5
f 10716//5 10715//5 10713//5
f 10719//3 10718//3 10717//3
f 10720//3 10719//3 10717//3
f 10723//1 10722//1 10721//1
f 10724//1 10723//1 10721//1
f 10727//1 10726//1 10725//1
f 10728//1 10727//1 10725//1
f 10731//1 10730//1 10729//1
f 10732//1 10731//1 10729//1
f 10735//1 10734//1 10733//1
f 10736//1 10735//1 10733//1
f 10739//1 10738//1 10737//1
f 10740//1 10739//1 10737//1
f 10743//1 10742//1 10741//1
f 10744//1 10743//1 10741//1
f 10747//1 10746//1 10745//1
f 10748//1 10747//1 10745//1
f 10751//1 10750//1 10749//1
f 10752//1 10751//1 10749//1
f 10755//1 10754//1 10753//1
f 10756//1 10755//1 10753//1
f 10759//1 10758//1 10757//1
f 10760//1 10759//1 10757//1
f 10763//1 10762//1 10761//1
f 10764//1 10763//1 10761//1
f 10767//1 10766//1 10765//1
f 10768//1 10767//1 10765//1
f 10771//1 10770//1 10769//1
f 10772//1 10771//1 10769//1
f 10775//1 10774//1 10773//1
f 10776//1 10775//1 10773//1
f 10779//1 10778//1 10777//1
f 10780//1 10779//1 10777//1
f 10783//5 10782//5 10781//5
f 10784//5 10783//5 10781//5
f 10787//5 10786//5 10785//5
f 10788//5 10787//5 10785//5
f 10791//5 10790//5 10789//5
f 10792//5 10791//5 10789//5
f 10795//4 10794//4 10793//4
f 10796//4 10795//4 10793//4
f 10799//4 10798//4 10797//4
f 10800//4 10799//4 10797//4
f 10803//4 10802//4 10801//4
f 10804//4 10803//4 10801//4
f 10807//4 10806//4 10805//4
f 10808//4 10807//4 10805//4
f 10811//4 10810//4 10809//4
f 10812//4 10811//4 10809//4
f 10815//4 10814//4 10813//4
f 10816//4 10815//4 10813//4
f 10819//4 10818//4 10817//4
f 10820//4 10819//4 10817//4
f 10823//4 10822//4 10821//4
f 10824//4 10823//4 10821//4
f 10827//4 10826//4 10825//4
f 10828//4 10827//4 10825//4
f 10831//4 10830//4 10829//4
f 10832//4 10831//4 10829//4
f 10835//5 10834//5 10833//5
f 10836//5 10835//5 10833//5
f 10839//4 10838//4 10837//4
f 10840//4 10839//4 10837//4
f 10843//2 10842//2 10841//2
f 10844//2 10843//2 10841//2
f 10847//6 10846//6 10845//6
f 10848//6 10847//6 10845//6
f 10851//4 10850//4 10849//4
f 10852//4 10851//4 10849//4
f 10855//4 10854//4 10853//4
f 10856//4 10855//4 10853//4
f 10859//5 10858//5 10857//5
f 10860//5 10859//5 10857//5
f 10863//3 10862//3 10861//3
f 10864//3 10863//3 10861//3
f 10867//4 10866//4 10865//4
f 10868//4 10867//4 10865//4
f 10871//2 10870//2 10869//2
f 10872//2 10871//2 10869//2
f 10875//6 10874//6 10873//6
f 10876//6 10875//6 10873//6
f 10879//4 10878//4 10877//4
f 10880//4 10879//4 10877//4
f 10883//5 10882//5 10881//5
f 10884//5 10883//5 10881//5
f 10887//1 10886//1 10885//1
f 10888//1 10887//1 10885//1
f 10891//1 10890//1 10889//1
f 10892//1 10891//1 10889//1
f 10895//1 10894//1 10893//1
f 10896//1 10895//1 10893//1
f 10899//1 10898//1 10897//1
f 10900//1 10899//1 10897//1
f 10903//1 10902//1 10901//1
f 10904//1 10903//1 10901//1
f 10907//1 10906//1 10905//1
f 10908//1 10907//1 10905//1
f 10911//1 10910//1 10909//1
f 10912//1 10911//1 10909//1
f 10915//1 10914//1 10913//1
f 10916//1 10915//1 10913//1
f 10919//1 10918//1 10917//1
f 10920//1 10919//1 10917//1
f 10923//1 10922//1 10921//1
f 10924//1 10923//1 10921//1
f 10927//1 10926//1 10925//1
f 10928//1 10927//1 10925//1
f 10931//1 10930//1 10929//1
f 10932//1 10931//1 10929//1
f 10935//1 10934//1 10933//1
f 10936//1 10935//1 10933//1
f 10939//1 10938//1 10937//1
f 10940//1 10939//1 10937//1
f 10943//1 10942//1 10941//1
f 10944//1 10943//1 10941//1
f 10947//5 10946//5 10945//5
f 10948//5 10947//5 10945//5
f 10951//5 10950//5 10949//5
f 10952//5 10951//5 10949//5
f 10955//5 10954//5 10953//5
f 10956//5 10955//5 10953//5
f 10959//4 10958//4 10957//4
f 10960//4 10959//4 10957//4
f 10963//4 10962//4 10961//4
f 10964//4 10963//4 10961//4
f 10967//4 10966//4 10965//4
f 10968//4 10967//4 10965//4
f 10971//4 10970//4 10969//4
f 10972//4 10971//4 10969//4
f 10975//4 10974//4 10973//4
f 10976//4 10975//4 10973//4
f 10979//4 10978//4 10977//4
f 10980//4 10979//4 10977//4
f 10983//4 10982//4 10981//4
f 10984//4 10983//4 10981//4
f 10987//4 10986//4 10985//4
f 10988//4 10987//4 10985//4
f 10991//4 10990//4 10989//4
f 10992//4 10991//4 10989//4
f 10995//4 10994//4 10993//4
f 10996//4 10995//4 10993//4
f 10999//4 10998//4 10997//4
f 11000//4 10999//4 10997//4
f 11003//5 11002//5 11001//5
f 11004//5 11003//5 11001//5
f 11007//6 11006//6 11005//6
f 11008//6 11007//6 11005//6
f 11011//4 11010//4 11009//4
f 11012//4 11011//4 11009//4
f 11015//2 11014//2 11013//2
f 11016//2 11015//2 11013//2
f 11019//6 11018//6 11017//6
f 11020//6 11019//6 11017//6
f 11023//4 11022//4 11021//4
f 11024//4 11023//4 11021//4
f 11027//4 11026//4 11025//4
f 11028//4 11027//4 11025//4
f 11031//5 11030//5 11029//5
f 11032//5 11031//5 11029//5
f 11035//3 11034//3 11033//3
f 11036//3 11035//3 11033//3
f 11039//4 11038//4 11037//4
f 11040//4 11039//4 11037//4
f 11043//2 11042//2 11041//2
f 11044//2 11043//2 11041//2
f 11047//5 11046//5 11045//5
f 11048//5 11047//5 11045//5
f 11051//6 11050//6 11049//6
f 11052//6 11051//6 11049//6
f 11055//1 11054//1 11053//1
f 11056//1 11055//1 11053//1
f 11059//1 11058//1 11057//1
f 11060//1 11059//1 11057//1
f 11063//1 11062//1 11061//1
f 11064//1 11063//1 11061//1
f 11067//1 11066//1 11065//1
f 11068//1 11067//1 11065//1
f 11071//1 11070//1 11069//1
f 11072//1 11071//1 11069//1
f 11075//1 11074//1 11073//1
f 11076//1 11075//1 11073//1
f 11079//1 11078//1 11077//1
f 11080//1 11079//1 11077//1
f 11083//1 11082//1 11081//1
f 11084//1 11083//1 11081//1
f 11087//1 11086//1 11085//1
f 11088//1 11087//1 11085//1
f 11091//1 11090//1 11089//1
f 11092//1 11091//1 11089//1
f 11095//1 11094//1 11093//1
f 11096//1 11095//1 11093//1
f 11099//1 11098//1 11097//1
f 11100//1 11099//1 11097//1
f 11103//1 11102//1 11101//1
f 11104//1 11103//1 11101//1
f 11107//1 11106//1 11105//1
f 11108//1 11107//1 11105//1
f 11111//1 11110//1 11109//1
f 11112//1 11111//1 11109//1
f 11115//5 11114//5 11113//5
f 11116//5 11115//5 11113//5
f 11119//6 11118//6 11117//6
f 11120//6 11119//6 11117//6
f 11123//5 11122//5 11121//5
f 11124//5 11123//5 11121//5
f 11127//6 11126//6 11125//6
f 11128//6 11127//6 11125//6
f 11131//4 11130//4 11129//4
f 11132//4 11131//4 11129//4
f 11135//5 11134//5 11133//5
f 11136//5 11135//5 11133//5
f 11139//6 11138//6 11137//6
f 11140//6 11139//6 11137//6
f 11143//4 11142//4 11141//4
f 11144//4 11143//4 11141//4
f 11147//4 11146//4 11145//4
f 11148//4 11147//4 11145//4
f 11151//4 11150//4 11149//4
f 11152//4 11151//4 11149//4
f 11155//4 11154//4 11153//4
f 11156//4 11155//4 11153//4
f 11159//4 11158//4 11157//4
f 11160//4 11159//4 11157//4
f 11163//4 11162//4 11161//4
f 11164//4 11163//4 11161//4
f 11167//4 11166//4 11165//4
f 11168//4 11167//4 11165//4
f 11171//4 11170//4 11169//4
f 11172//4 11171//4 11169//4
f 11175//4 11174//4 11173//4
f 11176//4 11175//4 11173//4
f 11179//4 11178//4 11177//4
f 11180//4 11179//4 11177//4
f 11183//5 11182//5 11181//5
f 11184//5 11183//5 11181//5
f 11187//4 11186//4 11185//4
f 11188//4 11187//4 11185//4
f 11191//5 11190//5 11189//5
f 11192//5 11191//5 11189//5
f 11195//3 11194//3 11193//3
f 11196//3 11195//3 11193//3
f 11199//4 11198//4 11197//4
f 11200//4 11199//4 11197//4
f 11203//2 11202//2 11201//2
f 11204//2 11203//2 11201//2
f 11207//6 11206//6 11205//6
f 11208//6 11207//6 11205//6
f 11211//4 11210//4 11209//4
f 11212//4 11211//4 11209//4
f 11215//4 11214//4 11213//4
f 11216//4 11215//4 11213//4
f 11219//5 11218//5 11217//5
f 11220//5 11219//5 11217//5
f 11223//3 11222//3 11221//3
f 11224//3 11223//3 11221//3
f 11227//1 11226//1 11225//1
f 11228//1 11227//1 11225//1
f 11231//1 11230//1 11229//1
f 11232//1 11231//1 11229//1
f 11235//1 11234//1 11233//1
f 11236//1 11235//1 11233//1
f 11239//1 11238//1 11237//1
f 11240//1 11239//1 11237//1
f 11243//1 11242//1 11241//1
f 11244//1 11243//1 11241//1
f 11247//1 11246//1 11245//1
f 11248//1 11247//1 11245//1
f 11251//1 11250//1 11249//1
f 11252//1 11251//1 11249//1
f 11255//1 11254//1 11253//1
f 11256//1 11255//1 11253//1
f 11259//1 11258//1 11257//1
f 11260//1 11259//1 11257//1
f 11263//1 11262//1 11261//1
f 11264//1 11263//1 11261//1
f 11267//1 11266//1 11265//1
f 11268//1 11267//1 11265//1
f 11271//1 11270//1 11269//1
f 11272//1 11271//1 11269//1
f 11275//1 11274//1 11273//1
f 11276//1 11275//1 11273//1
f 11279//1 11278//1 11277//1
f 11280//1 11279//1 11277//1
f 11283//5 11282//5 11281//5
f 11284//5 11283//5 11281//5
f 11287//5 11286//5 11285//5
f 11288//5 11287//5 11285//5
f 11291//5 11290//5 11289//5
f 11292//5 11291//5 11289//5
f 11295//4 11294//4 11293//4
f 11296//4 11295//4 11293//4
f 11299//4 11298//4 11297//4
f 11300//4 11299//4 11297//4
f 11303//4 11302//4 11301//4
f 11304//4 11303//4 11301//4
f 11307//4 11306//4 11305//4
f 11308//4 11307//4 11305//4
f 11311//4 11310//4 11309//4
f 11312//4 11311//4 11309//4
f 11315//4 11314//4 11313//4
f 11316//4 11315//4 11313//4
f 11319//4 11318//4 11317//4
f 11320//4 11319//4 11317//4
f 11323//4 11322//4 11321//4
f 11324//4 11323//4 11321//4
f 11327//4 11326//4 11325//4
f 11328//4 11327//4 11325//4
f 11331//5 11330//5 11329//5
f 11332//5 11331//5 11329//5
f 11335//6 11334//6 11333//6
f 11336//6 11335//6 11333//6
f 11339//4 11338//4 11337//4
f 11340//4 11339//4 11337//4
f 11343//4 11342//4 11341//4
f 11344//4 11343//4 11341//4
f 11347//5 11346//5 11345//5
f 11348//5 11347//5 11345//5
f 11351//3 11350//3 11349//3
f 11352//3 11351//3 11349//3
f 11355//4 11354//4 11353//4
f 11356//4 11355//4 11353//4
f 11359//2 11358//2 11357//2
f 11360//2 11359//2 11357//2
f 11363//6 11362//6 11361//6
f 11364//6 11363//6 11361//6
f 11367//4 11366//4 11365//4
f 11368//4 11367//4 11365//4
f 11371//4 11370//4 11369//4
f 11372//4 11371//4 11369//4
f 11375//5 11374//5 11373//5
f 11376//5 11375//5 11373//5
f 11379//3 11378//3 11377//3
f 11380//3 11379//3 11377//3
f 11383//1 11382//1 11381//1
f 11384//1 11383//1 11381//1
f 11387//1 11386//1 11385//1
f 11388//1 11387//1 11385//1
f 11391//1 11390//1 11389//1
f 11392//1 11391//1 11389//1
f 11395//1 11394//1 11393//1
f 11396//1 11395//1 11393//1
f 11399//1 11398//1 11397//1
f 11400//1 11399//1 11397//1
f 11403//1 11402//1 11401//1
f 11404//1 11403//1 11401//1
f 11407//1 11406//1 11405//1
f 11408//1 11407//1 11405//1
f 11411//1 11410//1 11409//1
f 11412//1 11411//1 11409//1
f 11415//1 11414//1 11413//1
f 11416//1 11415//1 11413//1
f 11419//1 11418//1 11417//1
f 11420//1 11419//1 11417//1
f 11423//1 11422//1 11421//1
f 11424//1 11423//1 11421//1
f 11427//1 11426//1 11425//1
f 11428//1 11427//1 11425//1
f 11431//1 11430//1 11429//1
f 11432//1 11431//1 11429//1
f 11435//1 11434//1 11433//1
f 11436//1 11435//1 11433//1
f 11439//5 11438//5 11437//5
f 11440//5 11439//5 11437//5
f 11443//6 11442//6 11441//6
f 11444//6 11443//6 11441//6
f 11447//5 11446//5 11445//5
f 11448//5 11447//5 11445//5
f 11451//6 11450//6 11449//6
f 11452//6 11451//6 11449//6
f 11455//4 11454//4 11453//4
f 11456//4 11455//4 11453//4
f 11459//5 11458//5 11457//5
f 11460//5 11459//5 11457//5
f 11463//6 11462//6 11461//6
f 11464//6 11463//6 11461//6
f 11467//4 11466//4 11465//4
f 11468//4 11467//4 11465//4
f 11471//4 11470//4 11469//4
f 11472//4 11471//4 11469//4
f 11475//4 11474//4 11473//4
f 11476//4 11475//4 11473//4
f 11479//4 11478//4 11477//4
f 11480//4 11479//4 11477//4
f 11483//4 11482//4 11481//4
f 11484//4 11483//4 11481//4
f 11487//4 11486//4 11485//4
f 11488//4 11487//4 11485//4
f 11491//4 11490//4 11489//4
f 11492//4 11491//4 11489//4
f 11495//5 11494//5 11493//5
f 11496//5 11495//5 11493//5
f 11499//6 11498//6 11497//6
f 11500//6 11499//6 11497//6
f 11503//4 11502//4 11501//4
f 11504//4 11503//4 11501//4
f 11507//2 11506//2 11505//2
f 11508//2 11507//2 11505//2
f 11511//6 11510//6 11509//6
f 11512//6 11511//6 11509//6
f 11515//4 11514//4 11513//4
f 11516//4 11515//4 11513//4
f 11519//4 11518//4 11517//4
f 11520//4 11519//4 11517//4
f 11523//5 11522//5 11521//5
f 11524//5 11523//5 11521//5
f 11527//3 11526//3 11525//3
f 11528//3 11527//3 11525//3
f 11531//4 11530//4 11529//4
f 11532//4 11531//4 11529//4
f 11535//2 11534//2 11533//2
f 11536//2 11535//2 11533//2
f 11539//6 11538//6 11537//6
f 11540//6 11539//6 11537//6
f 11543//4 11542//4 11541//4
f 11544//4 11543//4 11541//4
f 11547//4 11546//4 11545//4
f 11548//4 11547//4 11545//4
f 11551//5 11550//5 11549//5
f 11552//5 11551//5 11549//5
f 11555//3 11554//3 11553//3
f 11556//3 11555//3 11553//3
f 11559//1 11558//1 11557//1
f 11560//1 11559//1 11557//1
f 11563//1 11562//1 11561//1
f 11564//1 11563//1 11561//1
f 11567//1 11566//1 11565//1
f 11568//1 11567//1 11565//1
f 11571//1 11570//1 11569//1
f 11572//1 11571//1 11569//1
f 11575//1 11574//1 11573//1
f 11576//1 11575//1 11573//1
f 11579//1 11578//1 11577//1
f 11580//1 11579//1 11577//1
f 11583//1 11582//1 11581//1
f 11584//1 11583//1 11581//1
f 11587//1 11586//1 11585//1
f 11588//1 11587//1 11585//1
f 11591//1 11590//1 11589//1
f 11592//1 11591//1 11589//1
f 11595//1 11594//1 11593//1
f 11596//1 11595//1 11593//1
f 11599//1 11598//1 11597//1
f 11600//1 11599//1 11597//1
f 11603//1 11602//1 11601//1
f 11604//1 11603//1 11601//1
f 11607//1 11606//1 11605//1
f 11608//1 11607//1 11605//1
f 11611//5 11610//5 11609//5
f 11612//5 11611//5 11609//5
f 11615//6 11614//6 11613//6
f 11616//6 11615//6 11613//6
f 11619//5 11618//5 11617//5
f 11620//5 11619//5 11617//5
f 11623//6 11622//6 11621//6
f 11624//6 11623//6 11621//6
f 11627//4 11626//4 11625//4
f 11628//4 11627//4 11625//4
f 11631//5 11630//5 11629//5
f 11632//5 11631//5 11629//5
f 11635//6 11634//6 11633//6
f 11636//6 11635//6 11633//6
f 11639//4 11638//4 11637//4
f 11640//4 11639//4 11637//4
f 11643//4 11642//4 11641//4
f 11644//4 11643//4 11641//4
f 11647//4 11646//4 11645//4
f 11648//4 11647//4 11645//4
f 11651//4 11650//4 11649//4
f 11652//4 11651//4 11649//4
f 11655//4 11654//4 11653//4
f 11656//4 11655//4 11653//4
f 11659//4 11658//4 11657//4
f 11660//4 11659//4 11657//4
f 11663//4 11662//4 11661//4
f 11664//4 11663//4 11661//4
f 11667//5 11666//5 11665//5
f 11668//5 11667//5 11665//5
f 11671//6 11670//6 11669//6
f 11672//6 11671//6 11669//6
f 11675//4 11674//4 11673//4
f 11676//4 11675//4 11673//4
f 11679//2 11678//2 11677//2
f 11680//2 11679//2 11677//2
f 11683//6 11682//6 11681//6
f 11684//6 11683//6 11681//6
f 11687//4 11686//4 11685//4
f 11688//4 11687//4 11685//4
f 11691//4 11690//4 11689//4
f 11692//4 11691//4 11689//4
f 11695//5 11694//5 11693//5
f 11696//5 11695//5 11693//5
f 11699//3 11698//3 11697//3
f 11700//3 11699//3 11697//3
f 11703//4 11702//4 11701//4
f 11704//4 11703//4 11701//4
f 11707//2 11706//2 11705//2
f 11708//2 11707//2 11705//2
f 11711//6 11710//6 11709//6
f 11712//6 11711//6 11709//6
f 11715//4 11714//4 11713//4
f 11716//4 11715//4 11713//4
f 11719//5 11718//5 11717//5
f 11720//5 11719//5 11717//5
f 11723//6 11722//6 11721//6
f 11724//6 11723//6 11721//6
f 11727//1 11726//1 11725//1
f 11728//1 11727//1 11725//1
f 11731//1 11730//1 11729//1
f 11732//1 11731//1 11729//1
f 11735//1 11734//1 11733//1
f 11736//1 11735//1 11733//1
f 11739//1 11738//1 11737//1
f 11740//1 11739//1 11737//1
f 11743//1 11742//1 11741//1
f 11744//1 11743//1 11741//1
f 11747//1 11746//1 11745//1
f 11748//1 11747//1 11745//1
f 11751//1 11750//1 11749//1
f 11752//1 11751//1 11749//1
f 11755//1 11754//1 11753//1
f 11756//1 11755//1 11753//1
f 11759//1 11758//1 11757//1
f 11760//1 11759//1 11757//1
f 11763//1 11762//1 11761//1
f 11764//1 11763//1 11761//1
f 11767//1 11766//1 11765//1
f 11768//1 11767//1 11765//1
f 11771//1 11770//1 11769//1
f 11772//1 11771//1 11769//1
f 11775//5 11774//5 11773//5
f 11776//5 11775//5 11773//5
f 11779//6 11778//6 11777//6
f 11780//6 11779//6 11777//6
f 11783//5 11782//5 11781//5
f 11784//5 11783//5 11781//5
f 11787//6 11786//6 11785//6
f 11788//6 11787//6 11785//6
f 11791//4 11790//4 11789//4
f 11792//4 11791//4 11789//4
f 11795//5 11794//5 11793//5
f 11796//5 11795//5 11793//5
f 11799//6 11798//6 11797//6
f 11800//6 11799//6 11797//6
f 11803//4 11802//4 11801//4
f 11804//4 11803//4 11801//4
f 11807//4 11806//4 11805//4
f 11808//4 11807//4 11805//4
f 11811//4 11810//4 11809//4
f 11812//4 11811//4 11809//4
f 11815//4 11814//4 11813//4
f 11816//4 11815//4 11813//4
f 11819//4 11818//4 11817//4
f 11820//4 11819//4 11817//4
f 11823//4 11822//4 11821//4
f 11824//4 11823//4 11821//4
f 11827//4 11826//4 11825//4
f 11828//4 11827//4 11825//4
f 11831//4 11830//4 11829//4
f 11832//4 11831//4 11829//4
f 11835//5 11834//5 11833//5
f 11836//5 11835//5 11833//5
f 11839//6 11838//6 11837//6
f 11840//6 11839//6 11837//6
f 11843//4 11842//4 11841//4
f 11844//4 11843//4 11841//4
f 11847//2 11846//2 11845//2
f 11848//2 11847//2 11845//2
f 11851//6 11850//6 11849//6
f 11852//6 11851//6 11849//6
f 11855//4 11854//4 11853//4
f 11856//4 11855//4 11853//4
f 11859//4 11858//4 11857//4
f 11860//4 11859//4 11857//4
f 11863//5 11862//5 11861//5
f 11864//5 11863//5 11861//5
f 11867//3 11866//3 11865//3
f 11868//3 11867//3 11865//3
f 11871//1 11870//1 11869//1
f 11872//1 11871//1 11869//1
f 11875//1 11874//1 11873//1
f 11876//1 11875//1 11873//1
f 11879//1 11878//1 11877//1
f 11880//1 11879//1 11877//1
f 11883//1 11882//1 11881//1
f 11884//1 11883//1 11881//1
f 11887//1 11886//1 11885//1
f 11888//1 11887//1 11885//1
f 11891//1 11890//1 11889//1
f 11892//1 11891//1 11889//1
f 11895//1 11894//1 11893//1
f 11896//1 11895//1 11893//1
f 11899//1 11898//1 11897//1
f 11900//1 11899//1 11897//1
f 11903//1 11902//1 11901//1
f 11904//1 11903//1 11901//1
f 11907//1 11906//1 11905//1
f 11908//1 11907//1 11905//1
f 11911//1 11910//1 11909//1
f 11912//1 11911//1 11909//1
f 11915//5 11914//5 11913//5
f 11916//5 11915//5 11913//5
f 11919//6 11918//6 11917//6
f 11920//6 11919//6 11917//6
f 11923//5 11922//5 11921//5
f 11924//5 11923//5 11921//5
f 11927//6 11926//6 11925//6
f 11928//6 11927//6 11925//6
f 11931//4 11930//4 11929//4
f 11932//4 11931//4 11929//4
f 11935//5 11934//5 11933//5
f 11936//5 11935//5 11933//5
f 11939//6 11938//6 11937//6
f 11940//6 11939//6 11937//6
f 11943//4 11942//4 11941//4
f 11944//4 11943//4 11941//4
f 11947//4 11946//4 11945//4
f 11948//4 11947//4 11945//4
f 11951//4 11950//4 11949//4
f 11952//4 11951//4 11949//4
f 11955//4 11954//4 11953//4
f 11956//4 11955//4 11953//4
f 11959//4 11958//4 11957//4
f 11960//4 11959//4 11957//4
f 11963//4 11962//4 11961//4
f 11964//4 11963//4 11961//4
f 11967//6 11966//6 11965//6
f 11968//6 11967//6 11965//6
f 11971//4 11970//4 11969//4
f 11972//4 11971//4 11969//4
f 11975//5 11974//5 11973//5
f 11976//5 11975//5 11973//5
f 11979//6 11978//6 11977//6
f 11980//6 11979//6 11977//6
f 11983//4 11982//4 11981//4
f 11984//4 11983//4 11981//4
f 11987//2 11986//2 11985//2
f 11988//2 11987//2 11985//2
f 11991//6 11990//6 11989//6
f 11992//6 11991//6 11989//6
f 11995//4 11994//4 11993//4
f 11996//4 11995//4 11993//4
f 11999//4 11998//4 11997//4
f 12000//4 11999//4 11997//4
f 12003//5 12002//5 12001//5
f 12004//5 12003//5 12001//5
f 12007//3 12006//3 12005//3
f 12008//3 12007//3 12005//3
f 12011//1 12010//1 12009//1
f 12012//1 12011//1 12009//1
f 12015//1 12014//1 12013//1
f 12016//1 12015//1 12013//1
f 12019//1 12018//1 12017//1
f 12020//1 12019//1 12017//1
f 12023//1 12022//1 12021//1
f 12024//1 12023//1 12021//1
f 12027//1 12026//1 12025//1
f 12028//1 12027//1 12025//1
f 12031//1 12030//1 12029//1
f 12032//1 12031//1 12029//1
f 12035//1 12034//1 12033//1
f 12036//1 12035//1 12033//1
f 12039//1 12038//1 12037//1
f 12040//1 12039//1 12037//1
f 12043//1 12042//1 12041//1
f 12044//1 12043//1 12041//1
f 12047//6 12046//6 12045//6
f 12048//6 12047//6 12045//6
f 12051//1 12050//1 12049//1
f 12052//1 12051//1 12049//1
f 12055//5 12054//5 12053//5
f 12056//5 12055//5 12053//5
f 12059//6 12058//6 12057//6
f 12060//6 12059//6 12057//6
f 12063//6 12062//6 12061//6
f 12064//6 12063//6 12061//6
f 12067//5 12066//5 12065//5
f 12068//5 12067//5 12065//5
f 12071//6 12070//6 12069//6
f 12072//6 12071//6 12069//6
f 12075//4 12074//4 12073//4
f 12076//4 12075//4 12073//4
f 12079//6 12078//6 12077//6
f 12080//6 12079//6 12077//6
f 12083//4 12082//4 12081//4
f 12084//4 12083//4 12081//4
f 12087//5 12086//5 12085//5
f 12088//5 12087//5 12085//5
f 12091//6 12090//6 12089//6
f 12092//6 12091//6 12089//6
f 12095//4 12094//4 12093//4
f 12096//4 12095//4 12093//4
f 12099//4 12098//4 12097//4
f 12100//4 12099//4 12097//4
f 12103//4 12102//4 12101//4
f 12104//4 12103//4 12101//4
f 12107//4 12106//4 12105//4
f 12108//4 12107//4 12105//4
f 12111//6 12110//6 12109//6
f 12112//6 12111//6 12109//6
f 12115//4 12114//4 12113//4
f 12116//4 12115//4 12113//4
f 12119//5 12118//5 12117//5
f 12120//5 12119//5 12117//5
f 12123//6 12122//6 12121//6
f 12124//6 12123//6 12121//6
f 12127//4 12126//4 12125//4
f 12128//4 12127//4 12125//4
f 12131//2 12130//2 12129//2
f 12132//2 12131//2 12129//2
f 12135//6 12134//6 12133//6
f 12136//6 12135//6 12133//6
f 12139//4 12138//4 12137//4
f 12140//4 12139//4 12137//4
f 12143//4 12142//4 12141//4
f 12144//4 12143//4 12141//4
f 12147//5 12146//5 12145//5
f 12148//5 12147//5 12145//5
f 12151//3 12150//3 12149//3
f 12152//3 12151//3 12149//3
f 12155//6 12154//6 12153//6
f 12156//6 12155//6 12153//6
g Chunk_10x6x8
usemtl Voxel
f 12159//1 12158//1 12157//1
f 12160//1 12159//1 12157//1
f 12163//2 12162//2 12161//2
f 12164//2 12163//2 12161//2
f 12167//6 12166//6 12165//6
f 12168//6 12167//6 12165//6
f 12171//1 12170//1 12169//1
f 12172//1 12171//1 12169//1
f 12175//6 12174//6 12173//6
f 12176//6 12175//6 12173//6
f 12179//1 12178//1 12177//1
f 12180//1 12179//1 12177//1
f 12183//1 12182//1 12181//1
f 12184//1 12183//1 12181//1
f 12187//1 12186//1 12185//1
f 12188//1 12187//1 12185//1
f 12191//1 12190//1 12189//1
f 12192//1 12191//1 12189//1
f 12195//1 12194//1 12193//1
f 12196//1 12195//1 12193//1
f 12199//1 12198//1 12197//1
f 12200//1 12199//1 12197//1
f 12203//1 12202//1 12201//1
f 12204//1 12203//1 12201//1
f 12207//1 12206//1 12205//1
f 12208//1 12207//1 12205//1
f 12211//1 12210//1 12209//1
f 12212//1 12211//1 12209//1
f 12215//1 12214//1 12213//1
f 12216//1 12215//1 12213//1
f 12219//2 12218//2 12217//2
f 12220//2 12219//2 12217//2
f 12223//6 12222//6 12221//6
f 12224//6 12223//6 12221//6
f 12227//6 12226//6 12225//6
f 12228//6 12227//6 12225//6
f 12231//4 12230//4 12229//4
f 12232//4 12231//4 12229//4
f 12235//2 12234//2 12233//2
f 12236//2 12235//2 12233//2
f 12239//6 12238//6 12237//6
f 12240//6 12239//6 12237//6
f 12243//4 12242//4 12241//4
f 12244//4 12243//4 12241//4
f 12247//6 12246//6 12245//6
f 12248//6 12247//6 12245//6
f 12251//4 12250//4 12249//4
f 12252//4 12251//4 12249//4
f 12255//2 12254//2 12253//2
f 12256//2 12255//2 12253//2
f 12259//6 12258//6 12257//6
f 12260//6 12259//6 12257//6
f 12263//4 12262//4 12261//4
f 12264//4 12263//4 12261//4
f 12267//6 12266//6 12265//6
f 12268//6 12267//6 12265//6
f 12271//4 12270//4 12269//4
f 12272//4 12271//4 12269//4
f 12275//4 12274//4 12273//4
f 12276//4 12275//4 12273//4
f 12279//4 12278//4 12277//4
f 12280//4 12279//4 12277//4
f 12283//4 12282//4 12281//4
f 12284//4 12283//4 12281//4
f 12287//4 12286//4 12285//4
f 12288//4 12287//4 12285//4
f 12291//4 12290//4 12289//4
f 12292//4 12291//4 12289//4
f 12295//2 12294//2 12293//2
f 12296//2 12295//2 12293//2
f 12299//6 12298//6 12297//6
f 12300//6 12299//6 12297//6
f 12303//4 12302//4 12301//4
f 12304//4 12303//4 12301//4
f 12307//4 12306//4 12305//4
f 12308//4 12307//4 12305//4
f 12311//5 12310//5 12309//5
f 12312//5 12311//5 12309//5
f 12315//3 12314//3 12313//3
f 12316//3 12315//3 12313//3
f 12319//1 12318//1 12317//1
f 12320//1 12319//1 12317//1
f 12323//2 12322//2 12321//2
f 12324//2 12323//2 12321//2
f 12327//6 12326//6 12325//6
f 12328//6 12327//6 12325//6
f 12331//1 12330//1 12329//1
f 12332//1 12331//1 12329//1
f 12335//6 12334//6 12333//6
f 12336//6 12335//6 12333//6
f 12339//1 12338//1 12337//1
f 12340//1 12339//1 12337//1
f 12343//6 12342//6 12341//6
f 12344//6 12343//6 12341//6
f 12347//1 12346//1 12345//1
f 12348//1 12347//1 12345//1
f 12351//1 12350//1 12349//1
f 12352//1 12351//1 12349//1
f 12355//1 12354//1 12353//1
f 12356//1 12355//1 12353//1
f 12359//1 12358//1 12357//1
f 12360//1 12359//1 12357//1
f 12363//1 12362//1 12361//1
f 12364//1 12363//1 12361//1
f 12367//1 12366//1 12365//1
f 12368//1 12367//1 12365//1
f 12371//1 12370//1 12369//1
f 12372//1 12371//1 12369//1
f 12375//2 12374//2 12373//2
f 12376//2 12375//2 12373//2
f 12379//6 12378//6 12377//6
f 12380//6 12379//6 12377//6
f 12383//6 12382//6 12381//6
f 12384//6 12383//6 12381//6
f 12387//6 12386//6 12385//6
f 12388//6 12387//6 12385//6
f 12391//4 12390//4 12389//4
f 12392//4 12391//4 12389//4
f 12395//2 12394//2 12393//2
f 12396//2 12395//2 12393//2
f 12399//6 12398//6 12397//6
f 12400//6 12399//6 12397//6
f 12403//4 12402//4 12401//4
f 12404//4 12403//4 12401//4
f 12407//6 12406//6 12405//6
f 12408//6 12407//6 12405//6
f 12411//6 12410//6 12409//6
f 12412//6 12411//6 12409//6
f 12415//4 12414//4 12413//4
f 12416//4 12415//4 12413//4
f 12419//2 12418//2 12417//2
f 12420//2 12419//2 12417//2
f 12423//6 12422//6 12421//6
f 12424//6 12423//6 12421//6
f 12427//6 12426//6 12425//6
f 12428//6 12427//6 12425//6
f 12431//6 12430//6 12429//6
f 12432//6 12431//6 12429//6
f 12435//4 12434//4 12433//4
f 12436//4 12435//4 12433//4
f 12439//4 12438//4 12437//4
f 12440//4 12439//4 12437//4
f 12443//4 12442//4 12441//4
f 12444//4 12443//4 12441//4
f 12447//4 12446//4 12445//4
f 12448//4 12447//4 12445//4
f 12451//4 12450//4 12449//4
f 12452//4 12451//4 12449//4
f 12455//2 12454//2 12453//2
f 12456//2 12455//2 12453//2
f 12459//6 12458//6 12457//6
f 12460//6 12459//6 12457//6
f 12463//4 12462//4 12461//4
f 12464//4 12463//4 12461//4
f 12467//6 12466//6 12465//6
f 12468//6 12467//6 12465//6
f 12471//4 12470//4 12469//4
f 12472//4 12471//4 12469//4
f 12475//5 12474//5 12473//5
f 12476//5 12475//5 12473//5
f 12479//3 12478//3 12477//3
f 12480//3 12479//3 12477//3
f 12483//1 12482//1 12481//1
f 12484//1 12483//1 12481//1
f 12487//2 12486//2 12485//2
f 12488//2 12487//2 12485//2
f 12491//6 12490//6 12489//6
f 12492//6 12491//6 12489//6
f 12495//1 12494//1 12493//1
f 12496//1 12495//1 12493//1
f 12499//6 12498//6 12497//6
f 12500//6 12499//6 12497//6
f 12503//1 12502//1 12501//1
f 12504//1 12503//1 12501//1
f 12507//6 12506//6 12505//6
f 12508//6 12507//6 12505//6
f 12511//1 12510//1 12509//1
f 12512//1 12511//1 12509//1
f 12515//1 12514//1 12513//1
f 12516//1 12515//1 12513//1
f 12519//1 12518//1 12517//1
f 12520//1 12519//1 12517//1
f 12523//1 12522//1 12521//1
f 12524//1 12523//1 12521//1
f 12527//2 12526//2 12525//2
f 12528//2 12527//2 12525//2
f 12531//6 12530//6 12529//6
f 12532//6 12531//6 12529//6
f 12535//6 12534//6 12533//6
f 12536//6 12535//6 12533//6
f 12539//6 12538//6 12537//6
f 12540//6 12539//6 12537//6
f 12543//4 12542//4 12541//4
f 12544//4 12543//4 12541//4
f 12547//2 12546//2 12545//2
f 12548//2 12547//2 12545//2
f 12551//6 12550//6 12549//6
f 12552//6 12551//6 12549//6
f 12555//4 12554//4 12553//4
f 12556//4 12555//4 12553//4
f 12559//6 12558//6 12557//6
f 12560//6 12559//6 12557//6
f 12563//6 12562//6 12561//6
f 12564//6 12563//6 12561//6
f 12567//2 12566//2 12565//2
f 12568//2 12567//2 12565//2
f 12571//6 12570//6 12569//6
f 12572//6 12571//6 12569//6
f 12575//6 12574//6 12573//6
f 12576//6 12575//6 12573//6
f 12579//4 12578//4 12577//4
f 12580//4 12579//4 12577//4
f 12583//6 12582//6 12581//6
f 12584//6 12583//6 12581//6
f 12587//4 12586//4 12585//4
f 12588//4 12587//4 12585//4
f 12591//6 12590//6 12589//6
f 12592//6 12591//6 12589//6
f 12595//4 12594//4 12593//4
f 12596//4 12595//4 12593//4
f 12599//4 12598//4 12597//4
f 12600//4 12599//4 12597//4
f 12603//2 12602//2 12601//2
f 12604//2 12603//2 12601//2
f 12607//6 12606//6 12605//6
f 12608//6 12607//6 12605//6
f 12611//4 12610//4 12609//4
f 12612//4 12611//4 12609//4
f 12615//5 12614//5 12613//5
f 12616//5 12615//5 12613//5
f 12619//3 12618//3 12617//3
f 12620//3 12619//3 12617//3
f 12623//6 12622//6 12621//6
f 12624//6 12623//6 12621//6
f 12627//1 12626//1 12625//1
f 12628//1 12627//1 12625//1
f 12631//2 12630//2 12629//2
f 12632//2 12631//2 12629//2
f 12635//6 12634//6 12633//6
f 12636//6 12635//6 12633//6
f 12639//1 12638//1 12637//1
f 12640//1 12639//1 12637//1
f 12643//6 12642//6 12641//6
f 12644//6 12643//6 12641//6
f 12647//1 12646//1 12645//1
f 12648//1 12647//1 12645//1
f 12651//6 12650//6 12649//6
f 12652//6 12651//6 12649//6
f 12655//1 12654//1 12653//1
f 12656//1 12655//1 12653//1
f 12659//6 12658//6 12657//6
f 12660//6 12659//6 12657//6
f 12663//2 12662//2 12661//2
f 12664//2 12663//2 12661//2
f 12667//6 12666//6 12665//6
f 12668//6 12667//6 12665//6
f 12671//6 12670//6 12669//6
f 12672//6 12671//6 12669//6
f 12675//6 12674//6 12673//6
f 12676//6 12675//6 12673//6
f 12679//6 12678//6 12677//6
f 12680//6 12679//6 12677//6
f 12683//4 12682//4 12681//4
f 12684//4 12683//4 12681//4
f 12687//2 12686//2 12685//2
f 12688//2 12687//2 12685//2
f 12691//6 12690//6 12689//6
f 12692//6 12691//6 12689//6
f 12695//4 12694//4 12693//4
f 12696//4 12695//4 12693//4
f 12699//6 12698//6 12697//6
f 12700//6 12699//6 12697//6
f 12703//4 12702//4 12701//4
f 12704//4 12703//4 12701//4
f 12707//6 12706//6 12705//6
f 12708//6 12707//6 12705//6
f 12711//6 12710//6 12709//6
f 12712//6 12711//6 12709//6
f 12715//4 12714//4 12713//4
f 12716//4 12715//4 12713//4
f 12719//2 12718//2 12717//2
f 12720//2 12719//2 12717//2
f 12723//6 12722//6 12721//6
f 12724//6 12723//6 12721//6
g Chunk_10x6x9
usemtl Voxel
f 12727//1 12726//1 12725//1
f 12728//1 12727//1 12725//1
f 12731//1 12730//1 12729//1
f 12732//1 12731//1 12729//1
f 12735//1 12734//1 12733//1
f 12736//1 12735//1 12733//1
f 12739//1 12738//1 12737//1
f 12740//1 12739//1 12737//1
f 12743//1 12742//1 12741//1
f 12744//1 12743//1 12741//1
f 12747//1 12746//1 12745//1
f 12748//1 12747//1 12745//1
f 12751//1 12750//1 12749//1
f 12752//1 12751//1 12749//1
f 12755//1 12754//1 12753//1
f 12756//1 12755//1 12753//1
f 12759//1 12758//1 12757//1
f 12760//1 12759//1 12757//1
f 12763//1 12762//1 12761//1
f 12764//1 12763//1 12761//1
f 12767//1 12766//1 12765//1
f 12768//1 12767//1 12765//1
f 12771//1 12770//1 12769//1
f 12772//1 12771//1 12769//1
f 12775//1 12774//1 12773//1
f 12776//1 12775//1 12773//1
f 12779//1 12778//1 12777//1
f 12780//1 12779//1 12777//1
f 12783//1 12782//1 12781//1
f 12784//1 12783//1 12781//1
f 12787//1 12786//1 12785//1
f 12788//1 12787//1 12785//1
f 12791//4 12790//4 12789//4
f 12792//4 12791//4 12789//4
f 12795//4 12794//4 12793//4
f 12796//4 12795//4 12793//4
f 12799//4 12798//4 12797//4
f 12800//4 12799//4 12797//4
f 12803//4 12802//4 12801//4
f 12804//4 12803//4 12801//4
f 12807//4 12806//4 12805//4
f 12808//4 12807//4 12805//4
f 12811//4 12810//4 12809//4
f 12812//4 12811//4 12809//4
f 12815//4 12814//4 12813//4
f 12816//4 12815//4 12813//4
f 12819//4 12818//4 12817//4
f 12820//4 12819//4 12817//4
f 12823//4 12822//4 12821//4
f 12824//4 12823//4 12821//4
f 12827//4 12826//4 12825//4
f 12828//4 12827//4 12825//4
f 12831//4 12830//4 12829//4
f 12832//4 12831//4 12829//4
f 12835//2 12834//2 12833//2
f 12836//2 12835//2 12833//2
f 12839//6 12838//6 12837//6
f 12840//6 12839//6 12837//6
f 12843//4 12842//4 12841//4
f 12844//4 12843//4 12841//4
f 12847//4 12846//4 12845//4
f 12848//4 12847//4 12845//4
f 12851//5 12850//5 12849//5
f 12852//5 12851//5 12849//5
f 12855//3 12854//3 12853//3
f 12856//3 12855//3 12853//3
f 12859//4 12858//4 12857//4
f 12860//4 12859//4 12857//4
f 12863//2 12862//2 12861//2
f 12864//2 12863//2 12861//2
f 12867//6 12866//6 12865//6
f 12868//6 12867//6 12865//6
f 12871//4 12870//4 12869//4
f 12872//4 12871//4 12869//4
f 12875//4 12874//4 12873//4
f 12876//4 12875//4 12873//4
f 12879//5 12878//5 12877//5
f 12880//5 12879//5 12877//5
f 12883//3 12882//3 12881//3
f 12884//3 12883//3 12881//3
f 12887//1 12886//1 12885//1
f 12888//1 12887//1 12885//1
f 12891//1 12890//1 12889//1
f 12892//1 12891//1 12889//1
f 12895//1 12894//1 12893//1
f 12896//1 12895//1 12893//1
f 12899//1 12898//1 12897//1
f 12900//1 12899//1 12897//1
f 12903//1 12902//1 12901//1
f 12904//1 12903//1 12901//1
f 12907//1 12906//1 12905//1
f 12908//1 12907//1 12905//1
f 12911//1 12910//1 12909//1
f 12912//1 12911//1 12909//1
f 12915//1 12914//1 12913//1
f 12916//1 12915//1 12913//1
f 12919//1 12918//1 12917//1
f 12920//1 12919//1 12917//1
f 12923//1 12922//1 12921//1
f 12924//1 12923//1 12921//1
f 12927//1 12926//1 12925//1
f 12928//1 12927//1 12925//1
f 12931//1 12930//1 12929//1
f 12932//1 12931//1 12929//1
f 12935//1 12934//1 12933//1
f 12936//1 12935//1 12933//1
f 12939//1 12938//1 12937//1
f 12940//1 12939//1 12937//1
f 12943//1 12942//1 12941//1
f 12944//1 12943//1 12941//1
f 12947//1 12946//1 12945//1
f 12948//1 12947//1 12945//1
f 12951//4 12950//4 12949//4
f 12952//4 12951//4 12949//4
f 12955//4 12954//4 12953//4
f 12956//4 12955//4 12953//4
f 12959//4 12958//4 12957//4
f 12960//4 12959//4 12957//4
f 12963//4 12962//4 12961//4
f 12964//4 12963//4 12961//4
f 12967//4 12966//4 12965//4
f 12968//4 12967//4 12965//4
f 12971//4 12970//4 12969//4
f 12972//4 12971//4 12969//4
f 12975//4 12974//4 12973//4
f 12976//4 12975//4 12973//4
f 12979//4 12978//4 12977//4
f 12980//4 12979//4 12977//4
f 12983//4 12982//4 12981//4
f 12984//4 12983//4 12981//4
f 12987//4 12986//4 12985//4
f 12988//4 12987//4 12985//4
f 12991//4 12990//4 12989//4
f 12992//4 12991//4 12989//4
f 12995//2 12994//2 12993//2
f 12996//2 12995//2 12993//2
f 12999//6 12998//6 12997//6
f 13000//6 12999//6 12997//6
f 13003//4 13002//4 13001//4
f 13004//4 13003//4 13001//4
f 13007//4 13006//4 13005//4
f 13008//4 13007//4 13005//4
f 13011//5 13010//5 13009//5
f 13012//5 13011//5 13009//5
f 13015//3 13014//3 13013//3
f 13016//3 13015//3 13013//3
f 13019//4 13018//4 13017//4
f 13020//4 13019//4 13017//4
f 13023//2 13022//2 13021//2
f 13024//2 13023//2 13021//2
f 13027//6 13026//6 13025//6
f 13028//6 13027//6 13025//6
f 13031//4 13030//4 13029//4
f 13032//4 13031//4 13029//4
f 13035//4 13034//4 13033//4
f 13036//4 13035//4 13033//4
f 13039//5 13038//5 13037//5
f 13040//5 13039//5 13037//5
f 13043//3 13042//3 13041//3
f 13044//3 13043//3 13041//3
f 13047//1 13046//1 13045//1
f 13048//1 13047//1 13045//1
f 13051//1 13050//1 13049//1
f 13052//1 13051//1 13049//1
f 13055//1 13054//1 13053//1
f 13056//1 13055//1 13053//1
f 13059//1 13058//1 13057//1
f 13060//1 13059//1 13057//1
f 13063//1 13062//1 13061//1
f 13064//1 13063//1 13061//1
f 13067//1 13066//1 13065//1
f 13068//1 13067//1 13065//1
f 13071//1 13070//1 13069//1
f 13072//1 13071//1 13069//1
f 13075//1 13074//1 13073//1
f 13076//1 13075//1 13073//1
f 13079//1 13078//1 13077//1
f 13080//1 13079//1 13077//1
f 13083//1 13082//1 13081//1
f 13084//1 13083//1 13081//1
f 13087//1 13086//1 13085//1
f 13088//1 13087//1 13085//1
f 13091//1 13090//1 13089//1
f 13092//1 13091//1 13089//1
f 13095//1 13094//1 13093//1
f 13096//1 13095//1 13093//1
f 13099//1 13098//1 13097//1
f 13100//1 13099//1 13097//1
f 13103//1 13102//1 13101//1
f 13104//1 13103//1 13101//1
f 13107//1 13106//1 13105//1
f 13108//1 13107//1 13105//1
f 13111//4 13110//4 13109//4
f 13112//4 13111//4 13109//4
f 13115//4 13114//4 13113//4
f 13116//4 13115//4 13113//4
f 13119//4 13118//4 13117//4
f 13120//4 13119//4 13117//4
f 13123//4 13122//4 13121//4
f 13124//4 13123//4 13121//4
f 13127//4 13126//4 13125//4
f 13128//4 13127//4 13125//4
f 13131//4 13130//4 13129//4
f 13132//4 13131//4 13129//4
f 13135//4 13134//4 13133//4
f 13136//4 13135//4 13133//4
f 13139//4 13138//4 13137//4
f 13140//4 13139//4 13137//4
f 13143//4 13142//4 13141//4
f 13144//4 13143//4 13141//4
f 13147//4 13146//4 13145//4
f 13148//4 13147//4 13145//4
f 13151//6 13150//6 13149//6
f 13152//6 13151//6 13149//6
f 13155//6 13154//6 13153//6
f 13156//6 13155//6 13153//6
f 13159//6 13158//6 13157//6
f 13160//6 13159//6 13157//6
f 13163//4 13162//4 13161//4
f 13164//4 13163//4 13161//4
f 13167//2 13166//2 13165//2
f 13168//2 13167//2 13165//2
f 13171//6 13170//6 13169//6
f 13172//6 13171//6 13169//6
f 13175//4 13174//4 13173//4
f 13176//4 13175//4 13173//4
f 13179//4 13178//4 13177//4
f 13180//4 13179//4 13177//4
f 13183//5 13182//5 13181//5
f 13184//5 13183//5 13181//5
f 13187//3 13186//3 13185//3
f 13188//3 13187//3 13185//3
f 13191//4 13190//4 13189//4
f 13192//4 13191//4 13189//4
f 13195//2 13194//2 13193//2
f 13196//2 13195//2 13193//2
f 13199//6 13198//6 13197//6
f 13200//6 13199//6 13197//6
f 13203//4 13202//4 13201//4
f 13204//4 13203//4 13201//4
f 13207//6 13206//6 13205//6
f 13208//6 13207//6 13205//6
f 13211//4 13210//4 13209//4
f 13212//4 13211//4 13209//4
f 13215//5 13214//5 13213//5
f 13216//5 13215//5 13213//5
f 13219//3 13218//3 13217//3
f 13220//3 13219//3 13217//3
f 13223//6 13222//6 13221//6
f 13224//6 13223//6 13221//6
f 13227//1 13226//1 13225//1
f 13228//1 13227//1 13225//1
f 13231//6 13230//6 13229//6
f 13232//6 13231//6 13229//6
f 13235//1 13234//1 13233//1
f 13236//1 13235//1 13233//1
f 13239//6 13238//6 13237//6
f 13240//6 13239//6 13237//6
f 13243//1 13242//1 13241//1
f 13244//1 13243//1 13241//1
f 13247//6 13246//6 13245//6
f 13248//6 13247//6 13245//6
f 13251//1 13250//1 13249//1
f 13252//1 13251//1 13249//1
f 13255//6 13254//6 13253//6
f 13256//6 13255//6 13253//6
f 13259//1 13258//1 13257//1
f 13260//1 13259//1 13257//1
f 13263//1 13262//1 13261//1
f 13264//1 13263//1 13261//1
f 13267//1 13266//1 13265//1
f 13268//1 13267//1 13265//1
f 13271//1 13270//1 13269//1
f 13272//1 13271//1 13269//1
f 13275//1 13274//1 13273//1
f 13276//1 13275//1 13273//1
f 13279//6 13278//6 13277//6
f 13280//6 13279//6 13277//6
f 13283//1 13282//1 13281//1
f 13284//1 13283//1 13281//1
f 13287//6 13286//6 13285//6
f 13288//6 13287//6 13285//6
f 13291//1 13290//1 13289//1
f 13292//1 13291//1 13289//1
f 13295//6 13294//6 13293//6
f 13296//6 13295//6 13293//6
f 13299//1 13298//1 13297//1
f 13300//1 13299//1 13297//1
f 13303//6 13302//6 13301//6
f 13304//6 13303//6 13301//6
f 13307//1 13306//1 13305//1
f 13308//1 13307//1 13305//1
f 13311//6 13310//6 13309//6
f 13312//6 13311//6 13309//6
f 13315//1 13314//1 13313//1
f 13316//1 13315//1 13313//1
f 13319//6 13318//6 13317//6
f 13320//6 13319//6 13317//6
f 13323//1 13322//1 13321//1
f 13324//1 13323//1 13321//1
f 13327//6 13326//6 13325//6
f 13328//6 13327//6 13325//6
f 13331//1 13330//1 13329//1
f 13332//1 13331//1 13329//1
f 13335//5 13334//5 13333//5
f 13336//5 13335//5 13333//5
f 13339//6 13338//6 13337//6
f 13340//6 13339//6 13337//6
f 13343//6 13342//6 13341//6
f 13344//6 13343//6 13341//6
f 13347//6 13346//6 13345//6
f 13348//6 13347//6 13345//6
f 13351//6 13350//6 13349//6
f 13352//6 13351//6 13349//6
f 13355//6 13354//6 13353//6
f 13356//6 13355//6 13353//6
f 13359//6 13358//6 13357//6
f 13360//6 13359//6 13357//6
f 13363//6 13362//6 13361//6
f 13364//6 13363//6 13361//6
f 13367//6 13366//6 13365//6
f 13368//6 13367//6 13365//6
f 13371//6 13370//6 13369//6
f 13372//6 13371//6 13369//6
f 13375//6 13374//6 13373//6
f 13376//6 13375//6 13373//6
f 13379//6 13378//6 13377//6
f 13380//6 13379//6 13377//6
f 13383//6 13382//6 13381//6
f 13384//6 13383//6 13381//6
f 13387//5 13386//5 13385//5
f 13388//5 13387//5 13385//5
f 13391//6 13390//6 13389//6
f 13392//6 13391//6 13389//6
f 13395//6 13394//6 13393//6
f 13396//6 13395//6 13393//6
f 13399//6 13398//6 13397//6
f 13400//6 13399//6 13397//6
f 13403//6 13402//6 13401//6
f 13404//6 13403//6 13401//6
f 13407//6 13406//6 13405//6
f 13408//6 13407//6 13405//6
f 13411//6 13410//6 13409//6
f 13412//6 13411//6 13409//6
f 13415//6 13414//6 13413//6
f 13416//6 13415//6 13413//6
f 13419//6 13418//6 13417//6
f 13420//6 13419//6 13417//6
f 13423//6 13422//6 13421//6
f 13424//6 13423//6 13421//6
f 13427//6 13426//6 13425//6
f 13428//6 13427//6 13425//6
f 13431//4 13430//4 13429//4
f 13432//4 13431//4 13429//4
f 13435//6 13434//6 13433//6
f 13436//6 13435//6 13433//6
f 13439//4 13438//4 13437//4
f 13440//4 13439//4 13437//4
f 13443//6 13442//6 13441//6
f 13444//6 13443//6 13441//6
f 13447//4 13446//4 13445//4
f 13448//4 13447//4 13445//4
f 13451//5 13450//5 13449//5
f 13452//5 13451//5 13449//5
f 13455//6 13454//6 13453//6
f 13456//6 13455//6 13453//6
f 13459//4 13458//4 13457//4
f 13460//4 13459//4 13457//4
f 13463//6 13462//6 13461//6
f 13464//6 13463//6 13461//6
f 13467//4 13466//4 13465//4
f 13468//4 13467//4 13465//4
f 13471//6 13470//6 13469//6
f 13472//6 13471//6 13469//6
f 13475//4 13474//4 13473//4
f 13476//4 13475//4 13473//4
f 13479//6 13478//6 13477//6
f 13480//6 13479//6 13477//6
f 13483//4 13482//4 13481//4
f 13484//4 13483//4 13481//4
f 13487//6 13486//6 13485//6
f 13488//6 13487//6 13485//6
f 13491//6 13490//6 13489//6
f 13492//6 13491//6 13489//6
f 13495//6 13494//6 13493//6
f 13496//6 13495//6 13493//6
f 13499//6 13498//6 13497//6
f 13500//6 13499//6 13497//6
f 13503//4 13502//4 13501//4
f 13504//4 13503//4 13501//4
f 13507//6 13506//6 13505//6
f 13508//6 13507//6 13505//6
f 13511//4 13510//4 13509//4
f 13512//4 13511//4 13509//4
f 13515//6 13514//6 13513//6
f 13516//6 13515//6 13513//6
f 13519//4 13518//4 13517//4
f 13520//4 13519//4 13517//4
f 13523//6 13522//6 13521//6
f 13524//6 13523//6 13521//6
f 13527//4 13526//4 13525//4
f 13528//4 13527//4 13525//4
f 13531//6 13530//6 13529//6
f 13532//6 13531//6 13529//6
f 13535//4 13534//4 13533//4
f 13536//4 13535//4 13533//4
f 13539//6 13538//6 13537//6
f 13540//6 13539//6 13537//6
f 13543//4 13542//4 13541//4
f 13544//4 13543//4 13541//4
f 13547//5 13546//5 13545//5
f 13548//5 13547//5 13545//5
f 13551//6 13550//6 13549//6
f 13552//6 13551//6 13549//6
f 13555//4 13554//4 13553//4
f 13556//4 13555//4 13553//4
f 13559//2 13558//2 13557//2
f 13560//2 13559//2 13557//2
f 13563//6 13562//6 13561//6
f 13564//6 13563//6 13561//6
f 13567//4 13566//4 13565//4
f 13568//4 13567//4 13565//4
f 13571//6 13570//6 13569//6
f 13572//6 13571//6 13569//6
f 13575//4 13574//4 13573//4
f 13576//4 13575//4 13573//4
f 13579//5 13578//5 13577//5
f 13580//5 13579//5 13577//5
f 13583//3 13582//3 13581//3
f 13584//3 13583//3 13581//3
f 13587//6 13586//6 13585//6
f 13588//6 13587//6 13585//6
f 13591//1 13590//1 13589//1
f 13592//1 13591//1 13589//1
f 13595//2 13594//2 13593//2
f 13596//2 13595//2 13593//2
f 13599//6 13598//6 13597//6
f 13600//6 13599//6 13597//6
f 13603//1 13602//1 13601//1
f 13604//1 13603//1 13601//1
f 13607//6 13606//6 13605//6
f 13608//6 13607//6 13605//6
f 13611//1 13610//1 13609//1
f 13612//1 13611//1 13609//1
f 13615//6 13614//6 13613//6
f 13616//6 13615//6 13613//6
f 13619//1 13618//1 13617//1
f 13620//1 13619//1 13617//1
f 13623//5 13622//5 13621//5
f 13624//5 13623//5 13621//5
f 13627//6 13626//6 13625//6
f 13628//6 13627//6 13625//6
f 13631//2 13630//2 13629//2
f 13632//2 13631//2 13629//2
f 13635//6 13634//6 13633//6
f 13636//6 13635//6 13633//6
f 13639//6 13638//6 13637//6
f 13640//6 13639//6 13637//6
f 13643//6 13642//6 13641//6
f 13644//6 13643//6 13641//6
f 13647//5 13646//5 13645//5
f 13648//5 13647//5 13645//5
f 13651//6 13650//6 13649//6
f 13652//6 13651//6 13649//6
f 13655//4 13654//4 13653//4
f 13656//4 13655//4 13653//4
f 13659//2 13658//2 13657//2
f 13660//2 13659//2 13657//2
f 13663//6 13662//6 13661//6
f 13664//6 13663//6 13661//6
f 13667//4 13666//4 13665//4
f 13668//4 13667//4 13665//4
f 13671//6 13670//6 13669//6
f 13672//6 13671//6 13669//6
f 13675//4 13674//4 13673//4
f 13676//4 13675//4 13673//4
f 13679//6 13678//6 13677//6
f 13680//6 13679//6 13677//6
f 13683//4 13682//4 13681//4
f 13684//4 13683//4 13681//4
f 13687//5 13686//5 13685//5
f 13688//5 13687//5 13685//5
f 13691//6 13690//6 13689//6
f 13692//6 13691//6 13689//6
g Chunk_10x6x10
usemtl Voxel
f 13695//1 13694//1 13693//1
f 13696//1 13695//1 13693//1
f 13699//1 13698//1 13697//1
f 13700//1 13699//1 13697//1
f 13703//1 13702//1 13701//1
f 13704//1 13703//1 13701//1
f 13707//1 13706//1 13705//1
f 13708//1 13707//1 13705//1
f 13711//1 13710//1 13709//1
f 13712//1 13711//1 13709//1
f 13715//1 13714//1 13713//1
f 13716//1 13715//1 13713//1
f 13719//1 13718//1 13717//1
f 13720//1 13719//1 13717//1
f 13723//6 13722//6 13721//6
f 13724//6 13723//6 13721//6
f 13727//1 13726//1 13725//1
f 13728//1 13727//1 13725//1
f 13731//5 13730//5 13729//5
f 13732//5 13731//5 13729//5
f 13735//6 13734//6 13733//6
f 13736//6 13735//6 13733//6
f 13739//6 13738//6 13737//6
f 13740//6 13739//6 13737//6
f 13743//5 13742//5 13741//5
f 13744//5 13743//5 13741//5
f 13747//6 13746//6 13745//6
f 13748//6 13747//6 13745//6
f 13751//4 13750//4 13749//4
f 13752//4 13751//4 13749//4
f 13755//6 13754//6 13753//6
f 13756//6 13755//6 13753//6
f 13759//4 13758//4 13757//4
f 13760//4 13759//4 13757//4
f 13763//5 13762//5 13761//5
f 13764//5 13763//5 13761//5
f 13767//6 13766//6 13765//6
f 13768//6 13767//6 13765//6
f 13771//4 13770//4 13769//4
f 13772//4 13771//4 13769//4
f 13775//4 13774//4 13773//4
f 13776//4 13775//4 13773//4
f 13779//4 13778//4 13777//4
f 13780//4 13779//4 13777//4
f 13783//4 13782//4 13781//4
f 13784//4 13783//4 13781//4
f 13787//4 13786//4 13785//4
f 13788//4 13787//4 13785//4
f 13791//6 13790//6 13789//6
f 13792//6 13791//6 13789//6
f 13795//5 13794//5 13793//5
f 13796//5 13795//5 13793//5
f 13799//6 13798//6 13797//6
f 13800//6 13799//6 13797//6
f 13803//4 13802//4 13801//4
f 13804//4 13803//4 13801//4
f 13807//2 13806//2 13805//2
f 13808//2 13807//2 13805//2
f 13811//5 13810//5 13809//5
f 13812//5 13811//5 13809//5
f 13815//6 13814//6 13813//6
f 13816//6 13815//6 13813//6
f 13819//1 13818//1 13817//1
f 13820//1 13819//1 13817//1
f 13823//1 13822//1 13821//1
f 13824//1 13823//1 13821//1
f 13827//1 13826//1 13825//1
f 13828//1 13827//1 13825//1
f 13831//1 13830//1 13829//1
f 13832//1 13831//1 13829//1
f 13835//6 13834//6 13833//6
f 13836//6 13835//6 13833//6
f 13839//1 13838//1 13837//1
f 13840//1 13839//1 13837//1
f 13843//6 13842//6 13841//6
f 13844//6 13843//6 13841//6
f 13847//1 13846//1 13845//1
f 13848//1 13847//1 13845//1
f 13851//5 13850//5 13849//5
f 13852//5 13851//5 13849//5
f 13855//6 13854//6 13853//6
f 13856//6 13855//6 13853//6
f 13859//6 13858//6 13857//6
f 13860//6 13859//6 13857//6
f 13863//6 13862//6 13861//6
f 13864//6 13863//6 13861//6
f 13867//5 13866//5 13865//5
f 13868//5 13867//5 13865//5
f 13871//6 13870//6 13869//6
f 13872//6 13871//6 13869//6
f 13875//6 13874//6 13873//6
f 13876//6 13875//6 13873//6
f 13879//4 13878//4 13877//4
f 13880//4 13879//4 13877//4
f 13883//6 13882//6 13881//6
f 13884//6 13883//6 13881//6
f 13887//4 13886//4 13885//4
f 13888//4 13887//4 13885//4
f 13891//5 13890//5 13889//5
f 13892//5 13891//5 13889//5
f 13895//6 13894//6 13893//6
f 13896//6 13895//6 13893//6
f 13899//4 13898//4 13897//4
f 13900//4 13899//4 13897//4
f 13903//4 13902//4 13901//4
f 13904//4 13903//4 13901//4
f 13907//6 13906//6 13905//6
f 13908//6 13907//6 13905//6
f 13911//4 13910//4 13909//4
f 13912//4 13911//4 13909//4
f 13915//6 13914//6 13913//6
f 13916//6 13915//6 13913//6
f 13919//4 13918//4 13917//4
f 13920//4 13919//4 13917//4
f 13923//5 13922//5 13921//5
f 13924//5 13923//5 13921//5
f 13927//6 13926//6 13925//6
f 13928//6 13927//6 13925//6
f 13931//1 13930//1 13929//1
f 13932//1 13931//1 13929//1
f 13935//6 13934//6 13933//6
f 13936//6 13935//6 13933//6
f 13939//1 13938//1 13937//1
f 13940//1 13939//1 13937//1
f 13943//6 13942//6 13941//6
f 13944//6 13943//6 13941//6
f 13947//1 13946//1 13945//1
f 13948//1 13947//1 13945//1
f 13951//5 13950//5 13949//5
f 13952//5 13951//5 13949//5
f 13955//6 13954//6 13953//6
f 13956//6 13955//6 13953//6
f 13959//6 13958//6 13957//6
f 13960//6 13959//6 13957//6
f 13963//6 13962//6 13961//6
f 13964//6 13963//6 13961//6
f 13967//5 13966//5 13965//5
f 13968//5 13967//5 13965//5
f 13971//6 13970//6 13969//6
f 13972//6 13971//6 13969//6
f 13975//6 13974//6 13973//6
f 13976//6 13975//6 13973//6
f 13979//4 13978//4 13977//4
f 13980//4 13979//4 13977//4
f 13983//6 13982//6 13981//6
f 13984//6 13983//6 13981//6
f 13987//4 13986//4 13985//4
f 13988//4 13987//4 13985//4
f 13991//5 13990//5 13989//5
f 13992//5 13991//5 13989//5
f 13995//6 13994//6 13993//6
f 13996//6 13995//6 13993//6
f 13999//4 13998//4 13997//4
f 14000//4 13999//4 13997//4
f 14003//5 14002//5 14001//5
f 14004//5 14003//5 14001//5
f 14007//6 14006//6 14005//6
f 14008//6 14007//6 14005//6
