# Blender 4.2.15 LTS
# www.blender.org
mtllib sword.mtl
o 0090849c-fb73-dc9d-8233-e61ef2143b68
v -0.003551 -0.020108 0.062500
v -0.003551 -0.113858 0.062500
v -0.003551 -0.020108 -0.062500
v -0.003551 -0.113858 0.062500
v -0.003551 -0.113858 -0.062500
v -0.003551 -0.020108 -0.062500
v -0.034801 -0.020108 -0.062500
v -0.034801 -0.113858 -0.062500
v -0.034801 -0.020108 0.062500
v -0.034801 -0.113858 -0.062500
v -0.034801 -0.113858 0.062500
v -0.034801 -0.020108 0.062500
v -0.034801 -0.020108 -0.062500
v -0.034801 -0.020108 0.062500
v -0.003551 -0.020108 -0.062500
v -0.034801 -0.020108 0.062500
v -0.003551 -0.020108 0.062500
v -0.003551 -0.020108 -0.062500
v -0.034801 -0.113858 0.062500
v -0.034801 -0.113858 -0.062500
v -0.003551 -0.113858 0.062500
v -0.034801 -0.113858 -0.062500
v -0.003551 -0.113858 -0.062500
v -0.003551 -0.113858 0.062500
v -0.034801 -0.020108 0.062500
v -0.034801 -0.113858 0.062500
v -0.003551 -0.020108 0.062500
v -0.034801 -0.113858 0.062500
v -0.003551 -0.113858 0.062500
v -0.003551 -0.020108 0.062500
v -0.003551 -0.020108 -0.062500
v -0.003551 -0.113858 -0.062500
v -0.034801 -0.020108 -0.062500
v -0.003551 -0.113858 -0.062500
v -0.034801 -0.113858 -0.062500
v -0.034801 -0.020108 -0.062500
vn 1.0000 -0.0000 -0.0000
vn -1.0000 -0.0000 -0.0000
vn -0.0000 1.0000 -0.0000
vn -0.0000 -1.0000 -0.0000
vn -0.0000 -0.0000 1.0000
vn -0.0000 -0.0000 -1.0000
vt 0.937500 0.062500
vt 0.937500 0.156250
vt 0.945312 0.062500
vt 0.945312 0.156250
vt 0.960938 0.062500
vt 0.960938 0.156250
vt 0.968750 0.062500
vt 0.968750 0.156250
vt 0.968750 0.070312
vt 0.937500 0.070312
vt 0.968750 0.148438
vt 0.937500 0.148438
s 0
usemtl Material_0
f 1/1/1 2/2/1 3/3/1
f 4/2/1 5/4/1 6/3/1
f 7/5/2 8/6/2 9/7/2
f 10/6/2 11/8/2 12/7/2
f 13/9/3 14/7/3 15/10/3
f 16/7/3 17/1/3 18/10/3
f 19/8/4 20/11/4 21/2/4
f 22/11/4 23/12/4 24/2/4
f 25/7/5 26/8/5 27/1/5
f 28/8/5 29/2/5 30/1/5
f 31/1/6 32/2/6 33/7/6
f 34/2/6 35/8/6 36/7/6
o 7f9fc877-0c62-89db-e4c9-e67b2d5a31a3
v 0.027699 -0.020108 0.093750
v 0.027699 -0.145108 0.093750
v 0.027699 -0.020108 -0.093750
v 0.027699 -0.145108 0.093750
v 0.027699 -0.145108 -0.093750
v 0.027699 -0.020108 -0.093750
v -0.003551 -0.020108 -0.093750
v -0.003551 -0.145108 -0.093750
v -0.003551 -0.020108 0.093750
v -0.003551 -0.145108 -0.093750
v -0.003551 -0.145108 0.093750
v -0.003551 -0.020108 0.093750
v -0.003551 -0.020108 -0.093750
v -0.003551 -0.020108 0.093750
v 0.027699 -0.020108 -0.093750
v -0.003551 -0.020108 0.093750
v 0.027699 -0.020108 0.093750
v 0.027699 -0.020108 -0.093750
v -0.003551 -0.145108 0.093750
v -0.003551 -0.145108 -0.093750
v 0.027699 -0.145108 0.093750
v -0.003551 -0.145108 -0.093750
v 0.027699 -0.145108 -0.093750
v 0.027699 -0.145108 0.093750
v -0.003551 -0.020108 0.093750
v -0.003551 -0.145108 0.093750
v 0.027699 -0.020108 0.093750
v -0.003551 -0.145108 0.093750
v 0.027699 -0.145108 0.093750
v 0.027699 -0.020108 0.093750
v 0.027699 -0.020108 -0.093750
v 0.027699 -0.145108 -0.093750
v -0.003551 -0.020108 -0.093750
v 0.027699 -0.145108 -0.093750
v -0.003551 -0.145108 -0.093750
v -0.003551 -0.020108 -0.093750
vn 1.0000 -0.0000 -0.0000
vn -1.0000 -0.0000 -0.0000
vn -0.0000 1.0000 -0.0000
vn -0.0000 -1.0000 -0.0000
vn -0.0000 -0.0000 1.0000
vn -0.0000 -0.0000 -1.0000
vt 0.906250 0.062500
vt 0.906250 0.187500
vt 0.914062 0.062500
vt 0.914062 0.187500
vt 0.929688 0.062500
vt 0.929688 0.187500
vt 0.937500 0.062500
vt 0.937500 0.187500
vt 0.937500 0.070312
vt 0.906250 0.070312
vt 0.937500 0.179688
vt 0.906250 0.179688
s 0
usemtl Material_0
f 37/13/7 38/14/7 39/15/7
f 40/14/7 41/16/7 42/15/7
f 43/17/8 44/18/8 45/19/8
f 46/18/8 47/20/8 48/19/8
f 49/21/9 50/19/9 51/22/9
f 52/19/9 53/13/9 54/22/9
f 55/20/10 56/23/10 57/14/10
f 58/23/10 59/24/10 60/14/10
f 61/19/11 62/20/11 63/13/11
f 64/20/11 65/14/11 66/13/11
f 67/13/12 68/14/12 69/19/12
f 70/14/12 71/20/12 72/19/12
o 265fc725-95f0-8ba3-2846-b5e7803e0073
v 0.058949 -0.051358 0.109375
v 0.058949 -0.176358 0.109375
v 0.058949 -0.051358 -0.109375
v 0.058949 -0.176358 0.109375
v 0.058949 -0.176358 -0.109375
v 0.058949 -0.051358 -0.109375
v 0.027699 -0.051358 -0.109375
v 0.027699 -0.176358 -0.109375
v 0.027699 -0.051358 0.109375
v 0.027699 -0.176358 -0.109375
v 0.027699 -0.176358 0.109375
v 0.027699 -0.051358 0.109375
v 0.027699 -0.051358 -0.109375
v 0.027699 -0.051358 0.109375
v 0.058949 -0.051358 -0.109375
v 0.027699 -0.051358 0.109375
v 0.058949 -0.051358 0.109375
v 0.058949 -0.051358 -0.109375
v 0.027699 -0.176358 0.109375
v 0.027699 -0.176358 -0.109375
v 0.058949 -0.176358 0.109375
v 0.027699 -0.176358 -0.109375
v 0.058949 -0.176358 -0.109375
v 0.058949 -0.176358 0.109375
vn 1.0000 -0.0000 -0.0000
vn -1.0000 -0.0000 -0.0000
vn -0.0000 1.0000 -0.0000
vn -0.0000 -1.0000 -0.0000
vt 0.875000 0.093750
vt 0.875000 0.218750
vt 0.882812 0.093750
vt 0.882812 0.218750
vt 0.898438 0.093750
vt 0.898438 0.218750
vt 0.906250 0.093750
vt 0.906250 0.218750
vt 0.906250 0.101562
vt 0.875000 0.101562
vt 0.906250 0.210938
vt 0.875000 0.210938
s 0
usemtl Material_0
f 73/25/13 74/26/13 75/27/13
f 76/26/13 77/28/13 78/27/13
f 79/29/14 80/30/14 81/31/14
f 82/30/14 83/32/14 84/31/14
f 85/33/15 86/31/15 87/34/15
f 88/31/15 89/25/15 90/34/15
f 91/32/16 92/35/16 93/26/16
f 94/35/16 95/36/16 96/26/16
o 8466bdfa-a013-0bd9-05e6-ab7681e4f28e
v 0.090199 -0.082608 0.109375
v 0.090199 -0.207608 0.109375
v 0.090199 -0.082608 -0.109375
v 0.090199 -0.207608 0.109375
v 0.090199 -0.207608 -0.109375
v 0.090199 -0.082608 -0.109375
v 0.058949 -0.082608 -0.109375
v 0.058949 -0.207608 -0.109375
v 0.058949 -0.082608 0.109375
v 0.058949 -0.207608 -0.109375
v 0.058949 -0.207608 0.109375
v 0.058949 -0.082608 0.109375
v 0.058949 -0.082608 -0.109375
v 0.058949 -0.082608 0.109375
v 0.090199 -0.082608 -0.109375
v 0.058949 -0.082608 0.109375
v 0.090199 -0.082608 0.109375
v 0.090199 -0.082608 -0.109375
v 0.058949 -0.207608 0.109375
v 0.058949 -0.207608 -0.109375
v 0.090199 -0.207608 0.109375
v 0.058949 -0.207608 -0.109375
v 0.090199 -0.207608 -0.109375
v 0.090199 -0.207608 0.109375
vn 1.0000 -0.0000 -0.0000
vn -1.0000 -0.0000 -0.0000
vn -0.0000 1.0000 -0.0000
vn -0.0000 -1.0000 -0.0000
vt 0.843750 0.125000
vt 0.843750 0.250000
vt 0.851562 0.125000
vt 0.851562 0.250000
vt 0.867188 0.125000
vt 0.867188 0.250000
vt 0.875000 0.125000
vt 0.875000 0.250000
vt 0.875000 0.132812
vt 0.843750 0.132812
vt 0.875000 0.242188
vt 0.843750 0.242188
s 0
usemtl Material_0
f 97/37/17 98/38/17 99/39/17
f 100/38/17 101/40/17 102/39/17
f 103/41/18 104/42/18 105/43/18
f 106/42/18 107/44/18 108/43/18
f 109/45/19 110/43/19 111/46/19
f 112/43/19 113/37/19 114/46/19
f 115/44/20 116/47/20 117/38/20
f 118/47/20 119/48/20 120/38/20
o ea887688-2d03-8be5-3ea2-c35f9e4a5a56
v 0.121449 -0.082608 0.078125
v 0.121449 -0.176358 0.078125
v 0.121449 -0.082608 -0.078125
v 0.121449 -0.176358 0.078125
v 0.121449 -0.176358 -0.078125
v 0.121449 -0.082608 -0.078125
v 0.090199 -0.082608 -0.078125
v 0.090199 -0.176358 -0.078125
v 0.090199 -0.082608 0.078125
v 0.090199 -0.176358 -0.078125
v 0.090199 -0.176358 0.078125
v 0.090199 -0.082608 0.078125
v 0.090199 -0.082608 -0.078125
v 0.090199 -0.082608 0.078125
v 0.121449 -0.082608 -0.078125
v 0.090199 -0.082608 0.078125
v 0.121449 -0.082608 0.078125
v 0.121449 -0.082608 -0.078125
v 0.090199 -0.176358 0.078125
v 0.090199 -0.176358 -0.078125
v 0.121449 -0.176358 0.078125
v 0.090199 -0.176358 -0.078125
v 0.121449 -0.176358 -0.078125
v 0.121449 -0.176358 0.078125
vn 1.0000 -0.0000 -0.0000
vn -1.0000 -0.0000 -0.0000
vn -0.0000 1.0000 -0.0000
vn -0.0000 -1.0000 -0.0000
vt 0.812500 0.125000
vt 0.812500 0.218750
vt 0.820312 0.125000
vt 0.820312 0.218750
vt 0.835938 0.125000
vt 0.835938 0.218750
vt 0.843750 0.125000
vt 0.843750 0.218750
vt 0.843750 0.132812
vt 0.812500 0.132812
vt 0.843750 0.210938
vt 0.812500 0.210938
s 0
usemtl Material_0
f 121/49/21 122/50/21 123/51/21
f 124/50/21 125/52/21 126/51/21
f 127/53/22 128/54/22 129/55/22
f 130/54/22 131/56/22 132/55/22
f 133/57/23 134/55/23 135/58/23
f 136/55/23 137/49/23 138/58/23
f 139/56/24 140/59/24 141/50/24
f 142/59/24 143/60/24 144/50/24
o 7d99042c-8063-d859-f4d8-ad162feb345e
v 0.183949 -0.113858 0.046875
v 0.183949 -0.238858 0.046875
v 0.183949 -0.113858 -0.046875
v 0.183949 -0.238858 0.046875
v 0.183949 -0.238858 -0.046875
v 0.183949 -0.113858 -0.046875
v 0.152699 -0.113858 -0.046875
v 0.152699 -0.238858 -0.046875
v 0.152699 -0.113858 0.046875
v 0.152699 -0.238858 -0.046875
v 0.152699 -0.238858 0.046875
v 0.152699 -0.113858 0.046875
v 0.152699 -0.113858 -0.046875
v 0.152699 -0.113858 0.046875
v 0.183949 -0.113858 -0.046875
v 0.152699 -0.113858 0.046875
v 0.183949 -0.113858 0.046875
v 0.183949 -0.113858 -0.046875
v 0.152699 -0.238858 0.046875
v 0.152699 -0.238858 -0.046875
v 0.183949 -0.238858 0.046875
v 0.152699 -0.238858 -0.046875
v 0.183949 -0.238858 -0.046875
v 0.183949 -0.238858 0.046875
vn 1.0000 -0.0000 -0.0000
vn -1.0000 -0.0000 -0.0000
vn -0.0000 1.0000 -0.0000
vn -0.0000 -1.0000 -0.0000
vt 0.750000 0.156250
vt 0.750000 0.281250
vt 0.757812 0.156250
vt 0.757812 0.281250
vt 0.773438 0.156250
vt 0.773438 0.281250
vt 0.781250 0.156250
vt 0.781250 0.281250
vt 0.781250 0.164062
vt 0.750000 0.164062
vt 0.781250 0.273438
vt 0.750000 0.273438
s 0
usemtl Material_0
f 145/61/25 146/62/25 147/63/25
f 148/62/25 149/64/25 150/63/25
f 151/65/26 152/66/26 153/67/26
f 154/66/26 155/68/26 156/67/26
f 157/69/27 158/67/27 159/70/27
f 160/67/27 161/61/27 162/70/27
f 163/68/28 164/71/28 165/62/28
f 166/71/28 167/72/28 168/62/28
o 9b890e3c-164a-a780-e669-97bf9823865f
v 0.215199 -0.145108 0.031250
v 0.215199 -0.238858 0.031250
v 0.215199 -0.145108 -0.031250
v 0.215199 -0.238858 0.031250
v 0.215199 -0.238858 -0.031250
v 0.215199 -0.145108 -0.031250
v 0.183949 -0.145108 -0.031250
v 0.183949 -0.145108 0.031250
v 0.215199 -0.145108 -0.031250
v 0.183949 -0.145108 0.031250
v 0.215199 -0.145108 0.031250
v 0.215199 -0.145108 -0.031250
vn 1.0000 -0.0000 -0.0000
vn -0.0000 1.0000 -0.0000
vt 0.718750 0.187500
vt 0.718750 0.281250
vt 0.726562 0.187500
vt 0.726562 0.281250
vt 0.750000 0.195312
vt 0.750000 0.187500
vt 0.718750 0.195312
s 0
usemtl Material_0
f 169/73/29 170/74/29 171/75/29
f 172/74/29 173/76/29 174/75/29
f 175/77/30 176/78/30 177/79/30
f 178/78/30 179/73/30 180/79/30
o 37c1ffb3-cb79-2a19-4c14-5912565616ce
v 0.277699 -0.176358 -0.015625
v 0.277699 -0.207608 -0.015625
v 0.277699 -0.176358 0.015625
v 0.277699 -0.207608 -0.015625
v 0.277699 -0.207608 0.015625
v 0.277699 -0.176358 0.015625
v 0.277699 -0.176358 -0.015625
v 0.277699 -0.176358 0.015625
v 0.308949 -0.176358 -0.015625
v 0.277699 -0.176358 0.015625
v 0.308949 -0.176358 0.015625
v 0.308949 -0.176358 -0.015625
vn -1.0000 -0.0000 -0.0000
vn -0.0000 1.0000 -0.0000
vt 0.648438 0.218750
vt 0.648438 0.250000
vt 0.656250 0.218750
vt 0.656250 0.250000
vt 0.656250 0.226562
vt 0.625000 0.226562
vt 0.625000 0.218750
s 0
usemtl Material_0
f 181/80/31 182/81/31 183/82/31
f 184/81/31 185/83/31 186/82/31
f 187/84/32 188/82/32 189/85/32
f 190/82/32 191/86/32 192/85/32
o 2b11061a-fb47-7864-56da-4aed149ee5fb
v 0.152699 -0.082608 0.062500
v 0.152699 -0.207608 0.062500
v 0.152699 -0.082608 -0.062500
v 0.152699 -0.207608 0.062500
v 0.152699 -0.207608 -0.062500
v 0.152699 -0.082608 -0.062500
v 0.121449 -0.082608 -0.062500
v 0.121449 -0.207608 -0.062500
v 0.121449 -0.082608 0.062500
v 0.121449 -0.207608 -0.062500
v 0.121449 -0.207608 0.062500
v 0.121449 -0.082608 0.062500
v 0.121449 -0.082608 -0.062500
v 0.121449 -0.082608 0.062500
v 0.152699 -0.082608 -0.062500
v 0.121449 -0.082608 0.062500
v 0.152699 -0.082608 0.062500
v 0.152699 -0.082608 -0.062500
v 0.121449 -0.207608 0.062500
v 0.121449 -0.207608 -0.062500
v 0.152699 -0.207608 0.062500
v 0.121449 -0.207608 -0.062500
v 0.152699 -0.207608 -0.062500
v 0.152699 -0.207608 0.062500
vn 1.0000 -0.0000 -0.0000
vn -1.0000 -0.0000 -0.0000
vn -0.0000 1.0000 -0.0000
vn -0.0000 -1.0000 -0.0000
vt 0.781250 0.125000
vt 0.781250 0.250000
vt 0.789062 0.125000
vt 0.789062 0.250000
vt 0.804688 0.125000
vt 0.804688 0.250000
vt 0.812500 0.125000
vt 0.812500 0.250000
vt 0.812500 0.132812
vt 0.781250 0.132812
vt 0.812500 0.242188
vt 0.781250 0.242188
s 0
usemtl Material_0
f 193/87/33 194/88/33 195/89/33
f 196/88/33 197/90/33 198/89/33
f 199/91/34 200/92/34 201/93/34
f 202/92/34 203/94/34 204/93/34
f 205/95/35 206/93/35 207/96/35
f 208/93/35 209/87/35 210/96/35
f 211/94/36 212/97/36 213/88/36
f 214/97/36 215/98/36 216/88/36
o 22447f6e-7a65-3157-435e-e0b6e7a346a9
v -0.066051 -0.020108 -0.031250
v -0.066051 -0.301358 -0.031250
v -0.066051 -0.020108 0.031250
v -0.066051 -0.301358 -0.031250
v -0.066051 -0.301358 0.031250
v -0.066051 -0.020108 0.031250
v -0.066051 -0.020108 -0.031250
v -0.066051 -0.020108 0.031250
v -0.034801 -0.020108 -0.031250
v -0.066051 -0.020108 0.031250
v -0.034801 -0.020108 0.031250
v -0.034801 -0.020108 -0.031250
v -0.066051 -0.301358 0.031250
v -0.066051 -0.301358 -0.031250
v -0.034801 -0.301358 0.031250
v -0.066051 -0.301358 -0.031250
v -0.034801 -0.301358 -0.031250
v -0.034801 -0.301358 0.031250
v -0.066051 -0.020108 0.031250
v -0.066051 -0.301358 0.031250
v -0.034801 -0.020108 0.031250
v -0.066051 -0.301358 0.031250
v -0.034801 -0.301358 0.031250
v -0.034801 -0.020108 0.031250
v -0.034801 -0.020108 -0.031250
v -0.034801 -0.301358 -0.031250
v -0.066051 -0.020108 -0.031250
v -0.034801 -0.301358 -0.031250
v -0.066051 -0.301358 -0.031250
v -0.066051 -0.020108 -0.031250
vn -1.0000 -0.0000 -0.0000
vn -0.0000 1.0000 -0.0000
vn -0.0000 -1.0000 -0.0000
vn -0.0000 -0.0000 1.0000
vn -0.0000 -0.0000 -1.0000
vt 0.992188 0.062500
vt 0.992188 0.343750
vt 1.000000 0.062500
vt 1.000000 0.343750
vt 1.000000 0.070312
vt 0.968750 0.070312
vt 0.968750 0.062500
vt 1.000000 0.335938
vt 0.968750 0.343750
vt 0.968750 0.335938
s 0
usemtl Material_0
f 217/99/37 218/100/37 219/101/37
f 220/100/37 221/102/37 222/101/37
f 223/103/38 224/101/38 225/104/38
f 226/101/38 227/105/38 228/104/38
f 229/102/39 230/106/39 231/107/39
f 232/106/39 233/108/39 234/107/39
f 235/101/40 236/102/40 237/105/40
f 238/102/40 239/107/40 240/105/40
f 241/105/41 242/107/41 243/101/41
f 244/107/41 245/102/41 246/101/41
o d91b60d2-3604-b4cb-6d97-3696d256d871
v 0.121449 -0.051358 0.028125
v 0.121449 -0.082608 0.028125
v 0.121449 -0.051358 -0.028125
v 0.121449 -0.082608 0.028125
v 0.121449 -0.082608 -0.028125
v 0.121449 -0.051358 -0.028125
v 0.058949 -0.051358 -0.028125
v 0.058949 -0.082608 -0.028125
v 0.058949 -0.051358 0.028125
v 0.058949 -0.082608 -0.028125
v 0.058949 -0.082608 0.028125
v 0.058949 -0.051358 0.028125
v 0.058949 -0.051358 -0.028125
v 0.058949 -0.051358 0.028125
v 0.121449 -0.051358 -0.028125
v 0.058949 -0.051358 0.028125
v 0.121449 -0.051358 0.028125
v 0.121449 -0.051358 -0.028125
v 0.058949 -0.082608 0.028125
v 0.058949 -0.082608 -0.028125
v 0.121449 -0.082608 0.028125
v 0.058949 -0.082608 -0.028125
v 0.121449 -0.082608 -0.028125
v 0.121449 -0.082608 0.028125
v 0.058949 -0.051358 0.028125
v 0.058949 -0.082608 0.028125
v 0.121449 -0.051358 0.028125
v 0.058949 -0.082608 0.028125
v 0.121449 -0.082608 0.028125
v 0.121449 -0.051358 0.028125
v 0.121449 -0.051358 -0.028125
v 0.121449 -0.082608 -0.028125
v 0.058949 -0.051358 -0.028125
v 0.121449 -0.082608 -0.028125
v 0.058949 -0.082608 -0.028125
v 0.058949 -0.051358 -0.028125
vn 1.0000 -0.0000 -0.0000
vn -1.0000 -0.0000 -0.0000
vn -0.0000 1.0000 -0.0000
vn -0.0000 -1.0000 -0.0000
vn -0.0000 -0.0000 1.0000
vn -0.0000 -0.0000 -1.0000
vt 0.812500 0.093750
vt 0.812500 0.125000
vt 0.820312 0.093750
vt 0.820312 0.125000
vt 0.867188 0.093750
vt 0.867188 0.125000
vt 0.875000 0.093750
vt 0.875000 0.125000
vt 0.875000 0.101562
vt 0.812500 0.101562
vt 0.875000 0.117188
vt 0.812500 0.117188
s 0
usemtl Material_0
f 247/109/42 248/110/42 249/111/42
f 250/110/42 251/112/42 252/111/42
f 253/113/43 254/114/43 255/115/43
f 256/114/43 257/116/43 258/115/43
f 259/115/44 260/117/44 261/109/44
f 262/117/44 263/118/44 264/109/44
f 265/116/45 266/119/45 267/110/45
f 268/119/45 269/120/45 270/110/45
f 271/115/46 272/116/46 273/109/46
f 274/116/46 275/110/46 276/109/46
f 277/109/47 278/110/47 279/115/47
f 280/110/47 281/116/47 282/115/47
o 6d616a59-8f16-5d63-e0da-da6251f07ba8
v 0.152699 -0.020108 0.028125
v 0.152699 -0.051358 0.028125
v 0.152699 -0.020108 -0.028125
v 0.152699 -0.051358 0.028125
v 0.152699 -0.051358 -0.028125
v 0.152699 -0.020108 -0.028125
v 0.027699 -0.020108 -0.028125
v 0.027699 -0.051358 -0.028125
v 0.027699 -0.020108 0.028125
v 0.027699 -0.051358 -0.028125
v 0.027699 -0.051358 0.028125
v 0.027699 -0.020108 0.028125
v 0.027699 -0.020108 -0.028125
v 0.027699 -0.020108 0.028125
v 0.152699 -0.020108 -0.028125
v 0.027699 -0.020108 0.028125
v 0.152699 -0.020108 0.028125
v 0.152699 -0.020108 -0.028125
v 0.027699 -0.051358 0.028125
v 0.027699 -0.051358 -0.028125
v 0.152699 -0.051358 0.028125
v 0.027699 -0.051358 -0.028125
v 0.152699 -0.051358 -0.028125
v 0.152699 -0.051358 0.028125
v 0.027699 -0.020108 0.028125
v 0.027699 -0.051358 0.028125
v 0.152699 -0.020108 0.028125
v 0.027699 -0.051358 0.028125
v 0.152699 -0.051358 0.028125
v 0.152699 -0.020108 0.028125
v 0.152699 -0.020108 -0.028125
v 0.152699 -0.051358 -0.028125
v 0.027699 -0.020108 -0.028125
v 0.152699 -0.051358 -0.028125
v 0.027699 -0.051358 -0.028125
v 0.027699 -0.020108 -0.028125
vn 1.0000 -0.0000 -0.0000
vn -1.0000 -0.0000 -0.0000
vn -0.0000 1.0000 -0.0000
vn -0.0000 -1.0000 -0.0000
vn -0.0000 -0.0000 1.0000
vn -0.0000 -0.0000 -1.0000
vt 0.781250 0.062500
vt 0.781250 0.093750
vt 0.789062 0.062500
vt 0.789062 0.093750
vt 0.898438 0.062500
vt 0.898438 0.093750
vt 0.906250 0.062500
vt 0.906250 0.093750
vt 0.906250 0.070312
vt 0.781250 0.070312
vt 0.906250 0.085938
vt 0.781250 0.085938
s 0
usemtl Material_0
f 283/121/48 284/122/48 285/123/48
f 286/122/48 287/124/48 288/123/48
f 289/125/49 290/126/49 291/127/49
f 292/126/49 293/128/49 294/127/49
f 295/129/50 296/127/50 297/130/50
f 298/127/50 299/121/50 300/130/50
f 301/128/51 302/131/51 303/122/51
f 304/131/51 305/132/51 306/122/51
f 307/127/52 308/128/52 309/121/52
f 310/128/52 311/122/52 312/121/52
f 313/121/53 314/122/53 315/127/53
f 316/122/53 317/128/53 318/127/53
o 570cc480-6270-a25c-bf84-ef49362b7244
v 0.090199 1.558017 0.028125
v 0.090199 0.933017 0.028125
v 0.090199 1.558017 -0.028125
v 0.090199 0.933017 0.028125
v 0.090199 0.933017 -0.028125
v 0.090199 1.558017 -0.028125
v -0.034801 1.558017 -0.028125
v -0.034801 0.933017 -0.028125
v -0.034801 1.558017 0.028125
v -0.034801 0.933017 -0.028125
v -0.034801 0.933017 0.028125
v -0.034801 1.558017 0.028125
v -0.034801 1.558017 -0.028125
v -0.034801 1.558017 0.028125
v 0.090199 1.558017 -0.028125
v -0.034801 1.558017 0.028125
v 0.090199 1.558017 0.028125
v 0.090199 1.558017 -0.028125
v -0.034801 0.933017 0.028125
v -0.034801 0.933017 -0.028125
v 0.090199 0.933017 0.028125
v -0.034801 0.933017 -0.028125
v 0.090199 0.933017 -0.028125
v 0.090199 0.933017 0.028125
v -0.034801 1.558017 0.028125
v -0.034801 0.933017 0.028125
v 0.090199 1.558017 0.028125
v -0.034801 0.933017 0.028125
v 0.090199 0.933017 0.028125
v 0.090199 1.558017 0.028125
v 0.090199 1.558017 -0.028125
v 0.090199 0.933017 -0.028125
v -0.034801 1.558017 -0.028125
v 0.090199 0.933017 -0.028125
v -0.034801 0.933017 -0.028125
v -0.034801 1.558017 -0.028125
vn 1.0000 -0.0000 -0.0000
vn -1.0000 -0.0000 -0.0000
vn -0.0000 1.0000 -0.0000
vn -0.0000 -1.0000 -0.0000
vn -0.0000 -0.0000 1.0000
vn -0.0000 -0.0000 -1.0000
vt 0.062500 0.406250
vt 0.062500 1.000000
vt 0.070312 0.406250
vt 0.070312 1.000000
vt 0.179688 0.406250
vt 0.179688 1.000000
vt 0.187500 0.406250
vt 0.187500 1.000000
vt 0.187500 0.414062
vt 0.062500 0.414062
vt 0.187500 0.992188
vt 0.062500 0.992188
s 0
usemtl Material_0
f 319/133/54 320/134/54 321/135/54
f 322/134/54 323/136/54 324/135/54
f 325/137/55 326/138/55 327/139/55
f 328/138/55 329/140/55 330/139/55
f 331/141/56 332/139/56 333/142/56
f 334/139/56 335/133/56 336/142/56
f 337/140/57 338/143/57 339/134/57
f 340/143/57 341/144/57 342/134/57
f 343/139/58 344/140/58 345/133/58
f 346/140/58 347/134/58 348/133/58
f 349/133/59 350/134/59 351/139/59
f 352/134/59 353/140/59 354/139/59
o 514e02bb-40cd-533f-2858-9f18766ddd7d
v -0.034801 1.651767 -0.012500
v -0.034801 1.558017 -0.012500
v -0.034801 1.651767 0.012500
v -0.034801 1.558017 -0.012500
v -0.034801 1.558017 0.012500
v -0.034801 1.651767 0.012500
v -0.034801 1.651767 -0.012500
v -0.034801 1.651767 0.012500
v -0.003551 1.651767 -0.012500
v -0.034801 1.651767 0.012500
v -0.003551 1.651767 0.012500
v -0.003551 1.651767 -0.012500
v -0.034801 1.651767 0.012500
v -0.034801 1.558017 0.012500
v -0.003551 1.651767 0.012500
v -0.034801 1.558017 0.012500
v -0.003551 1.558017 0.012500
v -0.003551 1.651767 0.012500
v -0.003551 1.651767 -0.012500
v -0.003551 1.558017 -0.012500
v -0.034801 1.651767 -0.012500
v -0.003551 1.558017 -0.012500
v -0.034801 1.558017 -0.012500
v -0.034801 1.651767 -0.012500
vn -1.0000 -0.0000 -0.0000
vn -0.0000 1.0000 -0.0000
vn -0.0000 -0.0000 1.0000
vn -0.0000 -0.0000 -1.0000
vt 0.179688 0.343750
vt 0.179688 0.406250
vt 0.187500 0.343750
vt 0.187500 0.406250
vt 0.187500 0.351562
vt 0.156250 0.351562
vt 0.156250 0.343750
vt 0.156250 0.406250
s 0
usemtl Material_0
f 355/145/60 356/146/60 357/147/60
f 358/146/60 359/148/60 360/147/60
f 361/149/61 362/147/61 363/150/61
f 364/147/61 365/151/61 366/150/61
f 367/147/62 368/148/62 369/151/62
f 370/148/62 371/152/62 372/151/62
f 373/151/63 374/152/63 375/147/63
f 376/152/63 377/148/63 378/147/63
o 416965a2-9888-f116-6b5d-0c30446a7916
v 0.027699 1.933017 0.009375
v 0.027699 1.901767 0.009375
v 0.027699 1.933017 -0.009375
v 0.027699 1.901767 0.009375
v 0.027699 1.901767 -0.009375
v 0.027699 1.933017 -0.009375
v -0.003551 1.933017 -0.009375
v -0.003551 1.901767 -0.009375
v -0.003551 1.933017 0.009375
v -0.003551 1.901767 -0.009375
v -0.003551 1.901767 0.009375
v -0.003551 1.933017 0.009375
v -0.003551 1.933017 -0.009375
v -0.003551 1.933017 0.009375
v 0.027699 1.933017 -0.009375
v -0.003551 1.933017 0.009375
v 0.027699 1.933017 0.009375
v 0.027699 1.933017 -0.009375
v -0.003551 1.933017 0.009375
v -0.003551 1.901767 0.009375
v 0.027699 1.933017 0.009375
v -0.003551 1.901767 0.009375
v 0.027699 1.901767 0.009375
v 0.027699 1.933017 0.009375
v 0.027699 1.933017 -0.009375
v 0.027699 1.901767 -0.009375
v -0.003551 1.933017 -0.009375
v 0.027699 1.901767 -0.009375
v -0.003551 1.901767 -0.009375
v -0.003551 1.933017 -0.009375
vn 1.0000 -0.0000 -0.0000
vn -1.0000 -0.0000 -0.0000
vn -0.0000 1.0000 -0.0000
vn -0.0000 -0.0000 1.0000
vn -0.0000 -0.0000 -1.0000
vt 0.125000 0.000000
vt 0.125000 0.031250
vt 0.132812 0.000000
vt 0.132812 0.031250
vt 0.148438 0.000000
vt 0.148438 0.031250
vt 0.156250 0.000000
vt 0.156250 0.031250
vt 0.156250 0.007812
vt 0.125000 0.007812
s 0
usemtl Material_0
f 379/153/64 380/154/64 381/155/64
f 382/154/64 383/156/64 384/155/64
f 385/157/65 386/158/65 387/159/65
f 388/158/65 389/160/65 390/159/65
f 391/161/66 392/159/66 393/162/66
f 394/159/66 395/153/66 396/162/66
f 397/159/67 398/160/67 399/153/67
f 400/160/67 401/154/67 402/153/67
f 403/153/68 404/154/68 405/159/68
f 406/154/68 407/160/68 408/159/68
o b1b385d3-2c41-1618-7f8d-8822c842fefb
v 0.058949 1.901767 0.009375
v 0.058949 1.839267 0.009375
v 0.058949 1.901767 -0.009375
v 0.058949 1.839267 0.009375
v 0.058949 1.839267 -0.009375
v 0.058949 1.901767 -0.009375
v -0.003551 1.901767 -0.009375
v -0.003551 1.839267 -0.009375
v -0.003551 1.901767 0.009375
v -0.003551 1.839267 -0.009375
v -0.003551 1.839267 0.009375
v -0.003551 1.901767 0.009375
v -0.003551 1.901767 -0.009375
v -0.003551 1.901767 0.009375
v 0.058949 1.901767 -0.009375
v -0.003551 1.901767 0.009375
v 0.058949 1.901767 0.009375
v 0.058949 1.901767 -0.009375
v -0.003551 1.901767 0.009375
v -0.003551 1.839267 0.009375
v 0.058949 1.901767 0.009375
v -0.003551 1.839267 0.009375
v 0.058949 1.839267 0.009375
v 0.058949 1.901767 0.009375
v 0.058949 1.901767 -0.009375
v 0.058949 1.839267 -0.009375
v -0.003551 1.901767 -0.009375
v 0.058949 1.839267 -0.009375
v -0.003551 1.839267 -0.009375
v -0.003551 1.901767 -0.009375
vn 1.0000 -0.0000 -0.0000
vn -1.0000 -0.0000 -0.0000
vn -0.0000 1.0000 -0.0000
vn -0.0000 -0.0000 1.0000
vn -0.0000 -0.0000 -1.0000
vt 0.093750 0.031250
vt 0.093750 0.093750
vt 0.101562 0.031250
vt 0.101562 0.093750
vt 0.148438 0.031250
vt 0.148438 0.093750
vt 0.156250 0.031250
vt 0.156250 0.093750
vt 0.156250 0.039062
vt 0.093750 0.039062
s 0
usemtl Material_0
f 409/163/69 410/164/69 411/165/69
f 412/164/69 413/166/69 414/165/69
f 415/167/70 416/168/70 417/169/70
f 418/168/70 419/170/70 420/169/70
f 421/171/71 422/169/71 423/172/71
f 424/169/71 425/163/71 426/172/71
f 427/169/72 428/170/72 429/163/72
f 430/170/72 431/164/72 432/163/72
f 433/163/73 434/164/73 435/169/73
f 436/164/73 437/170/73 438/169/73
o 7d3b90e0-9774-23f7-e5ab-50719f129ccb
v 0.090199 1.870517 0.009375
v 0.090199 1.745517 0.009375
v 0.090199 1.870517 -0.009375
v 0.090199 1.745517 0.009375
v 0.090199 1.745517 -0.009375
v 0.090199 1.870517 -0.009375
v 0.027699 1.870517 -0.009375
v 0.027699 1.870517 0.009375
v 0.090199 1.870517 -0.009375
v 0.027699 1.870517 0.009375
v 0.090199 1.870517 0.009375
v 0.090199 1.870517 -0.009375
v 0.027699 1.870517 0.009375
v 0.027699 1.745517 0.009375
v 0.090199 1.870517 0.009375
v 0.027699 1.745517 0.009375
v 0.090199 1.745517 0.009375
v 0.090199 1.870517 0.009375
v 0.090199 1.870517 -0.009375
v 0.090199 1.745517 -0.009375
v 0.027699 1.870517 -0.009375
v 0.090199 1.745517 -0.009375
v 0.027699 1.745517 -0.009375
v 0.027699 1.870517 -0.009375
vn 1.0000 -0.0000 -0.0000
vn -0.0000 1.0000 -0.0000
vn -0.0000 -0.0000 1.0000
vn -0.0000 -0.0000 -1.0000
vt 0.062500 0.062500
vt 0.062500 0.187500
vt 0.070312 0.062500
vt 0.070312 0.187500
vt 0.125000 0.070312
vt 0.125000 0.062500
vt 0.062500 0.070312
vt 0.125000 0.187500
s 0
usemtl Material_0
f 439/173/74 440/174/74 441/175/74
f 442/174/74 443/176/74 444/175/74
f 445/177/75 446/178/75 447/179/75
f 448/178/75 449/173/75 450/179/75
f 451/178/76 452/180/76 453/173/76
f 454/180/76 455/174/76 456/173/76
f 457/173/77 458/174/77 459/178/77
f 460/174/77 461/180/77 462/178/77
o c563d9ab-13ff-7aef-557a-3e6bf5e89c2f
v 0.121449 1.808017 0.009375
v 0.121449 1.651767 0.009375
v 0.121449 1.808017 -0.009375
v 0.121449 1.651767 0.009375
v 0.121449 1.651767 -0.009375
v 0.121449 1.808017 -0.009375
v 0.058949 1.808017 -0.009375
v 0.058949 1.808017 0.009375
v 0.121449 1.808017 -0.009375
v 0.058949 1.808017 0.009375
v 0.121449 1.808017 0.009375
v 0.121449 1.808017 -0.009375
v 0.058949 1.808017 0.009375
v 0.058949 1.651767 0.009375
v 0.121449 1.808017 0.009375
v 0.058949 1.651767 0.009375
v 0.121449 1.651767 0.009375
v 0.121449 1.808017 0.009375
v 0.121449 1.808017 -0.009375
v 0.121449 1.651767 -0.009375
v 0.058949 1.808017 -0.009375
v 0.121449 1.651767 -0.009375
v 0.058949 1.651767 -0.009375
v 0.058949 1.808017 -0.009375
vn 1.0000 -0.0000 -0.0000
vn -0.0000 1.0000 -0.0000
vn -0.0000 -0.0000 1.0000
vn -0.0000 -0.0000 -1.0000
vt 0.031250 0.125000
vt 0.031250 0.281250
vt 0.039062 0.125000
vt 0.039062 0.281250
vt 0.093750 0.132812
vt 0.093750 0.125000
vt 0.031250 0.132812
vt 0.093750 0.281250
s 0
usemtl Material_0
f 463/181/78 464/182/78 465/183/78
f 466/182/78 467/184/78 468/183/78
f 469/185/79 470/186/79 471/187/79
f 472/186/79 473/181/79 474/187/79
f 475/186/80 476/188/80 477/181/80
f 478/188/80 479/182/80 480/181/80
f 481/181/81 482/182/81 483/186/81
f 484/182/81 485/188/81 486/186/81
o bc1f1d0e-4081-a95f-3218-86fd8ab1ba6f
v 0.027699 1.839267 0.028125
v 0.027699 1.745517 0.028125
v 0.027699 1.839267 -0.028125
v 0.027699 1.745517 0.028125
v 0.027699 1.745517 -0.028125
v 0.027699 1.839267 -0.028125
v -0.003551 1.839267 -0.028125
v -0.003551 1.745517 -0.028125
v -0.003551 1.839267 0.028125
v -0.003551 1.745517 -0.028125
v -0.003551 1.745517 0.028125
v -0.003551 1.839267 0.028125
v -0.003551 1.839267 -0.028125
v -0.003551 1.839267 0.028125
v 0.027699 1.839267 -0.028125
v -0.003551 1.839267 0.028125
v 0.027699 1.839267 0.028125
v 0.027699 1.839267 -0.028125
v -0.003551 1.745517 0.028125
v -0.003551 1.745517 -0.028125
v 0.027699 1.745517 0.028125
v -0.003551 1.745517 -0.028125
v 0.027699 1.745517 -0.028125
v 0.027699 1.745517 0.028125
v -0.003551 1.839267 0.028125
v -0.003551 1.745517 0.028125
v 0.027699 1.839267 0.028125
v -0.003551 1.745517 0.028125
v 0.027699 1.745517 0.028125
v 0.027699 1.839267 0.028125
v 0.027699 1.839267 -0.028125
v 0.027699 1.745517 -0.028125
v -0.003551 1.839267 -0.028125
v 0.027699 1.745517 -0.028125
v -0.003551 1.745517 -0.028125
v -0.003551 1.839267 -0.028125
vn 1.0000 -0.0000 -0.0000
vn -1.0000 -0.0000 -0.0000
vn -0.0000 1.0000 -0.0000
vn -0.0000 -1.0000 -0.0000
vn -0.0000 -0.0000 1.0000
vn -0.0000 -0.0000 -1.0000
vt 0.125000 0.093750
vt 0.125000 0.187500
vt 0.132812 0.093750
vt 0.132812 0.187500
vt 0.148438 0.093750
vt 0.148438 0.187500
vt 0.156250 0.093750
vt 0.156250 0.187500
vt 0.156250 0.101562
vt 0.125000 0.101562
vt 0.156250 0.179688
vt 0.125000 0.179688
s 0
usemtl Material_0
f 487/189/82 488/190/82 489/191/82
f 490/190/82 491/192/82 492/191/82
f 493/193/83 494/194/83 495/195/83
f 496/194/83 497/196/83 498/195/83
f 499/197/84 500/195/84 501/198/84
f 502/195/84 503/189/84 504/198/84
f 505/196/85 506/199/85 507/190/85
f 508/199/85 509/200/85 510/190/85
f 511/195/86 512/196/86 513/189/86
f 514/196/86 515/190/86 516/189/86
f 517/189/87 518/190/87 519/195/87
f 520/190/87 521/196/87 522/195/87
o 709b61db-b63e-4046-b6f2-da472eb8b1e6
v 0.058949 1.745517 0.028125
v 0.058949 1.651767 0.028125
v 0.058949 1.745517 -0.028125
v 0.058949 1.651767 0.028125
v 0.058949 1.651767 -0.028125
v 0.058949 1.745517 -0.028125
v -0.003551 1.745517 -0.028125
v -0.003551 1.651767 -0.028125
v -0.003551 1.745517 0.028125
v -0.003551 1.651767 -0.028125
v -0.003551 1.651767 0.028125
v -0.003551 1.745517 0.028125
v -0.003551 1.745517 -0.028125
v -0.003551 1.745517 0.028125
v 0.058949 1.745517 -0.028125
v -0.003551 1.745517 0.028125
v 0.058949 1.745517 0.028125
v 0.058949 1.745517 -0.028125
v -0.003551 1.651767 0.028125
v -0.003551 1.651767 -0.028125
v 0.058949 1.651767 0.028125
v -0.003551 1.651767 -0.028125
v 0.058949 1.651767 -0.028125
v 0.058949 1.651767 0.028125
v -0.003551 1.745517 0.028125
v -0.003551 1.651767 0.028125
v 0.058949 1.745517 0.028125
v -0.003551 1.651767 0.028125
v 0.058949 1.651767 0.028125
v 0.058949 1.745517 0.028125
v 0.058949 1.745517 -0.028125
v 0.058949 1.651767 -0.028125
v -0.003551 1.745517 -0.028125
v 0.058949 1.651767 -0.028125
v -0.003551 1.651767 -0.028125
v -0.003551 1.745517 -0.028125
vn 1.0000 -0.0000 -0.0000
vn -1.0000 -0.0000 -0.0000
vn -0.0000 1.0000 -0.0000
vn -0.0000 -1.0000 -0.0000
vn -0.0000 -0.0000 1.0000
vn -0.0000 -0.0000 -1.0000
vt 0.093750 0.187500
vt 0.093750 0.281250
vt 0.101562 0.187500
vt 0.101562 0.281250
vt 0.148438 0.187500
vt 0.148438 0.281250
vt 0.156250 0.187500
vt 0.156250 0.281250
vt 0.156250 0.195312
vt 0.093750 0.195312
vt 0.156250 0.273438
vt 0.093750 0.273438
s 0
usemtl Material_0
f 523/201/88 524/202/88 525/203/88
f 526/202/88 527/204/88 528/203/88
f 529/205/89 530/206/89 531/207/89
f 532/206/89 533/208/89 534/207/89
f 535/209/90 536/207/90 537/210/90
f 538/207/90 539/201/90 540/210/90
f 541/208/91 542/211/91 543/202/91
f 544/211/91 545/212/91 546/202/91
f 547/207/92 548/208/92 549/201/92
f 550/208/92 551/202/92 552/201/92
f 553/201/93 554/202/93 555/207/93
f 556/202/93 557/208/93 558/207/93
o 62254284-e002-0ba4-489c-8c91b10c6f49
v 0.090199 1.651767 0.028125
v 0.090199 1.558017 0.028125
v 0.090199 1.651767 -0.028125
v 0.090199 1.558017 0.028125
v 0.090199 1.558017 -0.028125
v 0.090199 1.651767 -0.028125
v -0.003551 1.651767 -0.028125
v -0.003551 1.558017 -0.028125
v -0.003551 1.651767 0.028125
v -0.003551 1.558017 -0.028125
v -0.003551 1.558017 0.028125
v -0.003551 1.651767 0.028125
v -0.003551 1.651767 -0.028125
v -0.003551 1.651767 0.028125
v 0.090199 1.651767 -0.028125
v -0.003551 1.651767 0.028125
v 0.090199 1.651767 0.028125
v 0.090199 1.651767 -0.028125
v -0.003551 1.558017 0.028125
v -0.003551 1.558017 -0.028125
v 0.090199 1.558017 0.028125
v -0.003551 1.558017 -0.028125
v 0.090199 1.558017 -0.028125
v 0.090199 1.558017 0.028125
v -0.003551 1.651767 0.028125
v -0.003551 1.558017 0.028125
v 0.090199 1.651767 0.028125
v -0.003551 1.558017 0.028125
v 0.090199 1.558017 0.028125
v 0.090199 1.651767 0.028125
v 0.090199 1.651767 -0.028125
v 0.090199 1.558017 -0.028125
v -0.003551 1.651767 -0.028125
v 0.090199 1.558017 -0.028125
v -0.003551 1.558017 -0.028125
v -0.003551 1.651767 -0.028125
vn 1.0000 -0.0000 -0.0000
vn -1.0000 -0.0000 -0.0000
vn -0.0000 1.0000 -0.0000
vn -0.0000 -1.0000 -0.0000
vn -0.0000 -0.0000 1.0000
vn -0.0000 -0.0000 -1.0000
vt 0.062500 0.281250
vt 0.062500 0.375000
vt 0.070312 0.281250
vt 0.070312 0.375000
vt 0.148438 0.281250
vt 0.148438 0.375000
vt 0.156250 0.281250
vt 0.156250 0.375000
vt 0.156250 0.289062
vt 0.062500 0.289062
vt 0.156250 0.367188
vt 0.062500 0.367188
s 0
usemtl Material_0
f 559/213/94 560/214/94 561/215/94
f 562/214/94 563/216/94 564/215/94
f 565/217/95 566/218/95 567/219/95
f 568/218/95 569/220/95 570/219/95
f 571/221/96 572/219/96 573/222/96
f 574/219/96 575/213/96 576/222/96
f 577/220/97 578/223/97 579/214/97
f 580/223/97 581/224/97 582/214/97
f 583/219/98 584/220/98 585/213/98
f 586/220/98 587/214/98 588/213/98
f 589/213/99 590/214/99 591/219/99
f 592/214/99 593/220/99 594/219/99
o f36ced15-c5d5-2f2f-a246-7d71b81a8ac9
v 0.152699 1.714267 0.009375
v 0.152699 1.558017 0.009375
v 0.152699 1.714267 -0.009375
v 0.152699 1.558017 0.009375
v 0.152699 1.558017 -0.009375
v 0.152699 1.714267 -0.009375
v 0.090199 1.714267 -0.009375
v 0.090199 1.714267 0.009375
v 0.152699 1.714267 -0.009375
v 0.090199 1.714267 0.009375
v 0.152699 1.714267 0.009375
v 0.152699 1.714267 -0.009375
v 0.090199 1.558017 0.009375
v 0.090199 1.558017 -0.009375
v 0.152699 1.558017 0.009375
v 0.090199 1.558017 -0.009375
v 0.152699 1.558017 -0.009375
v 0.152699 1.558017 0.009375
v 0.090199 1.714267 0.009375
v 0.090199 1.558017 0.009375
v 0.152699 1.714267 0.009375
v 0.090199 1.558017 0.009375
v 0.152699 1.558017 0.009375
v 0.152699 1.714267 0.009375
v 0.152699 1.714267 -0.009375
v 0.152699 1.558017 -0.009375
v 0.090199 1.714267 -0.009375
v 0.152699 1.558017 -0.009375
v 0.090199 1.558017 -0.009375
v 0.090199 1.714267 -0.009375
vn 1.0000 -0.0000 -0.0000
vn -0.0000 1.0000 -0.0000
vn -0.0000 -1.0000 -0.0000
vn -0.0000 -0.0000 1.0000
vn -0.0000 -0.0000 -1.0000
vt 0.000000 0.218750
vt 0.000000 0.375000
vt 0.007812 0.218750
vt 0.007812 0.375000
vt 0.062500 0.226562
vt 0.062500 0.218750
vt 0.000000 0.226562
vt 0.062500 0.375000
vt 0.062500 0.367188
vt 0.000000 0.367188
s 0
usemtl Material_0
f 595/225/100 596/226/100 597/227/100
f 598/226/100 599/228/100 600/227/100
f 601/229/101 602/230/101 603/231/101
f 604/230/101 605/225/101 606/231/101
f 607/232/102 608/233/102 609/226/102
f 610/233/102 611/234/102 612/226/102
f 613/230/103 614/232/103 615/225/103
f 616/232/103 617/226/103 618/225/103
f 619/225/104 620/226/104 621/230/104
f 622/226/104 623/232/104 624/230/104
o 4b2b4730-247a-9a1a-f895-2172019347c0
v 0.121449 1.558017 0.009375
v 0.121449 0.933017 0.009375
v 0.121449 1.558017 -0.009375
v 0.121449 0.933017 0.009375
v 0.121449 0.933017 -0.009375
v 0.121449 1.558017 -0.009375
v 0.058949 0.933017 0.009375
v 0.058949 0.933017 -0.009375
v 0.121449 0.933017 0.009375
v 0.058949 0.933017 -0.009375
v 0.121449 0.933017 -0.009375
v 0.121449 0.933017 0.009375
v 0.058949 1.558017 0.009375
v 0.058949 0.933017 0.009375
v 0.121449 1.558017 0.009375
v 0.058949 0.933017 0.009375
v 0.121449 0.933017 0.009375
v 0.121449 1.558017 0.009375
v 0.121449 1.558017 -0.009375
v 0.121449 0.933017 -0.009375
v 0.058949 1.558017 -0.009375
v 0.121449 0.933017 -0.009375
v 0.058949 0.933017 -0.009375
v 0.058949 1.558017 -0.009375
vn 1.0000 -0.0000 -0.0000
vn -0.0000 -1.0000 -0.0000
vn -0.0000 -0.0000 1.0000
vn -0.0000 -0.0000 -1.0000
vt 0.031250 0.375000
vt 0.031250 1.000000
vt 0.039062 0.375000
vt 0.039062 1.000000
vt 0.250000 1.000000
vt 0.250000 0.992188
vt 0.218750 1.000000
vt 0.218750 0.992188
vt 0.093750 0.375000
vt 0.093750 1.000000
s 0
usemtl Material_0
f 625/235/105 626/236/105 627/237/105
f 628/236/105 629/238/105 630/237/105
f 631/239/106 632/240/106 633/241/106
f 634/240/106 635/242/106 636/241/106
f 637/243/107 638/244/107 639/235/107
f 640/244/107 641/236/107 642/235/107
f 643/235/108 644/236/108 645/243/108
f 646/236/108 647/244/108 648/243/108
o 8dc4ab7a-d48a-adbf-1e0e-35c6787785ef
v 0.121449 0.933017 0.009375
v 0.121449 0.542392 0.009375
v 0.121449 0.933017 -0.009375
v 0.121449 0.542392 0.009375
v 0.121449 0.542392 -0.009375
v 0.121449 0.933017 -0.009375
v 0.058949 0.542392 0.009375
v 0.058949 0.542392 -0.009375
v 0.121449 0.542392 0.009375
v 0.058949 0.542392 -0.009375
v 0.121449 0.542392 -0.009375
v 0.121449 0.542392 0.009375
v 0.058949 0.933017 0.009375
v 0.058949 0.542392 0.009375
v 0.121449 0.933017 0.009375
v 0.058949 0.542392 0.009375
v 0.121449 0.542392 0.009375
v 0.121449 0.933017 0.009375
v 0.121449 0.933017 -0.009375
v 0.121449 0.542392 -0.009375
v 0.058949 0.933017 -0.009375
v 0.121449 0.542392 -0.009375
v 0.058949 0.542392 -0.009375
v 0.058949 0.933017 -0.009375
vn 1.0000 -0.0000 -0.0000
vn -0.0000 -1.0000 -0.0000
vn -0.0000 -0.0000 1.0000
vn -0.0000 -0.0000 -1.0000
vt 0.187500 0.500000
vt 0.187500 1.000000
vt 0.195312 0.500000
vt 0.195312 1.000000
vt 0.250000 1.000000
vt 0.250000 0.992188
vt 0.218750 1.000000
vt 0.218750 0.992188
vt 0.250000 0.500000
s 0
usemtl Material_0
f 649/245/109 650/246/109 651/247/109
f 652/246/109 653/248/109 654/247/109
f 655/249/110 656/250/110 657/251/110
f 658/250/110 659/252/110 660/251/110
f 661/253/111 662/249/111 663/245/111
f 664/249/111 665/246/111 666/245/111
f 667/245/112 668/246/112 669/253/112
f 670/246/112 671/249/112 672/253/112
o 4e62e0ee-7360-2dc8-e777-ce7f57bca195
v -0.034801 0.933017 -0.028125
v -0.034801 0.604892 -0.028125
v -0.034801 0.933017 0.028125
v -0.034801 0.604892 -0.028125
v -0.034801 0.604892 0.028125
v -0.034801 0.933017 0.028125
v -0.034801 0.604892 0.028125
v -0.034801 0.604892 -0.028125
v -0.003551 0.604892 0.028125
v -0.034801 0.604892 -0.028125
v -0.003551 0.604892 -0.028125
v -0.003551 0.604892 0.028125
v -0.034801 0.933017 0.028125
v -0.034801 0.604892 0.028125
v -0.003551 0.933017 0.028125
v -0.034801 0.604892 0.028125
v -0.003551 0.604892 0.028125
v -0.003551 0.933017 0.028125
v -0.003551 0.933017 -0.028125
v -0.003551 0.604892 -0.028125
v -0.034801 0.933017 -0.028125
v -0.003551 0.604892 -0.028125
v -0.034801 0.604892 -0.028125
v -0.034801 0.933017 -0.028125
vn -1.0000 -0.0000 -0.0000
vn -0.0000 -1.0000 -0.0000
vn -0.0000 -0.0000 1.0000
vn -0.0000 -0.0000 -1.0000
vt 0.335938 0.500000
vt 0.335938 0.937500
vt 0.343750 0.500000
vt 0.343750 0.937500
vt 0.343750 0.929688
vt 0.312500 0.937500
vt 0.312500 0.929688
vt 0.343750 1.000000
vt 0.312500 1.000000
vt 0.312500 0.500000
s 0
usemtl Material_0
f 673/254/113 674/255/113 675/256/113
f 676/255/113 677/257/113 678/256/113
f 679/257/114 680/258/114 681/259/114
f 682/258/114 683/260/114 684/259/114
f 685/257/115 686/261/115 687/259/115
f 688/261/115 689/262/115 690/259/115
f 691/263/116 692/259/116 693/256/116
f 694/259/116 695/257/116 696/256/116
o f7201d5a-1917-5e07-a4fb-13e13b9d6cca
v 0.090199 0.933017 0.028125
v 0.090199 0.542392 0.028125
v 0.090199 0.933017 -0.028125
v 0.090199 0.542392 0.028125
v 0.090199 0.542392 -0.028125
v 0.090199 0.933017 -0.028125
v -0.003551 0.933017 -0.028125
v -0.003551 0.542392 -0.028125
v -0.003551 0.933017 0.028125
v -0.003551 0.542392 -0.028125
v -0.003551 0.542392 0.028125
v -0.003551 0.933017 0.028125
v -0.003551 0.542392 0.028125
v -0.003551 0.542392 -0.028125
v 0.090199 0.542392 0.028125
v -0.003551 0.542392 -0.028125
v 0.090199 0.542392 -0.028125
v 0.090199 0.542392 0.028125
v -0.003551 0.933017 0.028125
v -0.003551 0.542392 0.028125
v 0.090199 0.933017 0.028125
v -0.003551 0.542392 0.028125
v 0.090199 0.542392 0.028125
v 0.090199 0.933017 0.028125
v 0.090199 0.933017 -0.028125
v 0.090199 0.542392 -0.028125
v -0.003551 0.933017 -0.028125
v 0.090199 0.542392 -0.028125
v -0.003551 0.542392 -0.028125
v -0.003551 0.933017 -0.028125
vn 1.0000 -0.0000 -0.0000
vn -1.0000 -0.0000 -0.0000
vn -0.0000 -1.0000 -0.0000
vn -0.0000 -0.0000 1.0000
vn -0.0000 -0.0000 -1.0000
vt 0.218750 0.500000
vt 0.218750 1.000000
vt 0.226562 0.500000
vt 0.226562 1.000000
vt 0.304688 0.500000
vt 0.304688 1.000000
vt 0.312500 0.500000
vt 0.312500 1.000000
vt 0.312500 0.992188
vt 0.250000 1.000000
vt 0.250000 0.992188
s 0
usemtl Material_0
f 697/264/117 698/265/117 699/266/117
f 700/265/117 701/267/117 702/266/117
f 703/268/118 704/269/118 705/270/118
f 706/269/118 707/271/118 708/270/118
f 709/271/119 710/272/119 711/273/119
f 712/272/119 713/274/119 714/273/119
f 715/270/120 716/271/120 717/264/120
f 718/271/120 719/265/120 720/264/120
f 721/264/121 722/265/121 723/270/121
f 724/265/121 725/271/121 726/270/121
o 11ff0bf7-8b14-f188-066f-23c42e1b035d
v -0.034801 0.604892 -0.012500
v -0.034801 0.542392 -0.012500
v -0.034801 0.604892 0.012500
v -0.034801 0.542392 -0.012500
v -0.034801 0.542392 0.012500
v -0.034801 0.604892 0.012500
v -0.034801 0.604892 0.012500
v -0.034801 0.542392 0.012500
v -0.003551 0.604892 0.012500
v -0.034801 0.542392 0.012500
v -0.003551 0.542392 0.012500
v -0.003551 0.604892 0.012500
v -0.003551 0.604892 -0.012500
v -0.003551 0.542392 -0.012500
v -0.034801 0.604892 -0.012500
v -0.003551 0.542392 -0.012500
v -0.034801 0.542392 -0.012500
v -0.034801 0.604892 -0.012500
vn -1.0000 -0.0000 -0.0000
vn -0.0000 -0.0000 1.0000
vn -0.0000 -0.0000 -1.0000
vt 0.335938 0.937500
vt 0.335938 1.000000
vt 0.343750 0.937500
vt 0.343750 1.000000
vt 0.312500 0.937500
vt 0.312500 1.000000
s 0
usemtl Material_0
f 727/275/122 728/276/122 729/277/122
f 730/276/122 731/278/122 732/277/122
f 733/277/123 734/278/123 735/279/123
f 736/278/123 737/280/123 738/279/123
f 739/279/124 740/280/124 741/277/124
f 742/280/124 743/278/124 744/277/124
o c35e920f-2f0b-372f-e65b-848c1d78245f
v -0.003551 0.542392 -0.028125
v -0.003551 0.511142 -0.028125
v -0.003551 0.542392 0.028125
v -0.003551 0.511142 -0.028125
v -0.003551 0.511142 0.028125
v -0.003551 0.542392 0.028125
v -0.003551 0.542392 -0.028125
v -0.003551 0.542392 0.028125
v 0.027699 0.542392 -0.028125
v -0.003551 0.542392 0.028125
v 0.027699 0.542392 0.028125
v 0.027699 0.542392 -0.028125
v -0.003551 0.511142 0.028125
v -0.003551 0.511142 -0.028125
v 0.027699 0.511142 0.028125
v -0.003551 0.511142 -0.028125
v 0.027699 0.511142 -0.028125
v 0.027699 0.511142 0.028125
v -0.003551 0.542392 0.028125
v -0.003551 0.511142 0.028125
v 0.027699 0.542392 0.028125
v -0.003551 0.511142 0.028125
v 0.027699 0.511142 0.028125
v 0.027699 0.542392 0.028125
v 0.027699 0.542392 -0.028125
v 0.027699 0.511142 -0.028125
v -0.003551 0.542392 -0.028125
v 0.027699 0.511142 -0.028125
v -0.003551 0.511142 -0.028125
v -0.003551 0.542392 -0.028125
vn -1.0000 -0.0000 -0.0000
vn -0.0000 1.0000 -0.0000
vn -0.0000 -1.0000 -0.0000
vn -0.0000 -0.0000 1.0000
vn -0.0000 -0.0000 -1.0000
vt 0.554688 0.500000
vt 0.554688 0.531250
vt 0.562500 0.500000
vt 0.562500 0.531250
vt 0.562500 0.507812
vt 0.531250 0.507812
vt 0.531250 0.500000
vt 0.562500 0.523438
vt 0.531250 0.531250
vt 0.531250 0.523438
s 0
usemtl Material_0
f 745/281/125 746/282/125 747/283/125
f 748/282/125 749/284/125 750/283/125
f 751/285/126 752/283/126 753/286/126
f 754/283/126 755/287/126 756/286/126
f 757/284/127 758/288/127 759/289/127
f 760/288/127 761/290/127 762/289/127
f 763/283/128 764/284/128 765/287/128
f 766/284/128 767/289/128 768/287/128
f 769/287/129 770/289/129 771/283/129
f 772/289/129 773/284/129 774/283/129
o e1745076-4948-ee88-a58d-089919c831ae
v -0.034801 0.542392 -0.012500
v -0.034801 0.511142 -0.012500
v -0.034801 0.542392 0.012500
v -0.034801 0.511142 -0.012500
v -0.034801 0.511142 0.012500
v -0.034801 0.542392 0.012500
v -0.034801 0.542392 -0.012500
v -0.034801 0.542392 0.012500
v -0.003551 0.542392 -0.012500
v -0.034801 0.542392 0.012500
v -0.003551 0.542392 0.012500
v -0.003551 0.542392 -0.012500
v -0.034801 0.511142 0.012500
v -0.034801 0.511142 -0.012500
v -0.003551 0.511142 0.012500
v -0.034801 0.511142 -0.012500
v -0.003551 0.511142 -0.012500
v -0.003551 0.511142 0.012500
v -0.034801 0.542392 0.012500
v -0.034801 0.511142 0.012500
v -0.003551 0.542392 0.012500
v -0.034801 0.511142 0.012500
v -0.003551 0.511142 0.012500
v -0.003551 0.542392 0.012500
v -0.003551 0.542392 -0.012500
v -0.003551 0.511142 -0.012500
v -0.034801 0.542392 -0.012500
v -0.003551 0.511142 -0.012500
v -0.034801 0.511142 -0.012500
v -0.034801 0.542392 -0.012500
vn -1.0000 -0.0000 -0.0000
vn -0.0000 1.0000 -0.0000
vn -0.0000 -1.0000 -0.0000
vn -0.0000 -0.0000 1.0000
vn -0.0000 -0.0000 -1.0000
vt 0.585938 0.500000
vt 0.585938 0.531250
vt 0.593750 0.500000
vt 0.593750 0.531250
vt 0.593750 0.507812
vt 0.562500 0.507812
vt 0.562500 0.500000
vt 0.593750 0.523438
vt 0.562500 0.531250
vt 0.562500 0.523438
s 0
usemtl Material_0
f 775/291/130 776/292/130 777/293/130
f 778/292/130 779/294/130 780/293/130
f 781/295/131 782/293/131 783/296/131
f 784/293/131 785/297/131 786/296/131
f 787/294/132 788/298/132 789/299/132
f 790/298/132 791/300/132 792/299/132
f 793/293/133 794/294/133 795/297/133
f 796/294/133 797/299/133 798/297/133
f 799/297/134 800/299/134 801/293/134
f 802/299/134 803/294/134 804/293/134
o 50ff9371-8a9a-a0a6-1e3f-dfa4599276ca
v -0.003551 0.511142 -0.012500
v -0.003551 0.292392 -0.012500
v -0.003551 0.511142 0.012500
v -0.003551 0.292392 -0.012500
v -0.003551 0.292392 0.012500
v -0.003551 0.511142 0.012500
v -0.003551 0.511142 -0.012500
v -0.003551 0.511142 0.012500
v 0.027699 0.511142 -0.012500
v -0.003551 0.511142 0.012500
v 0.027699 0.511142 0.012500
v 0.027699 0.511142 -0.012500
v -0.003551 0.292392 0.012500
v -0.003551 0.292392 -0.012500
v 0.027699 0.292392 0.012500
v -0.003551 0.292392 -0.012500
v 0.027699 0.292392 -0.012500
v 0.027699 0.292392 0.012500
v -0.003551 0.511142 0.012500
v -0.003551 0.292392 0.012500
v 0.027699 0.511142 0.012500
v -0.003551 0.292392 0.012500
v 0.027699 0.292392 0.012500
v 0.027699 0.511142 0.012500
v 0.027699 0.511142 -0.012500
v 0.027699 0.292392 -0.012500
v -0.003551 0.511142 -0.012500
v 0.027699 0.292392 -0.012500
v -0.003551 0.292392 -0.012500
v -0.003551 0.511142 -0.012500
vn -1.0000 -0.0000 -0.0000
vn -0.0000 1.0000 -0.0000
vn -0.0000 -1.0000 -0.0000
vn -0.0000 -0.0000 1.0000
vn -0.0000 -0.0000 -1.0000
vt 0.554688 0.531250
vt 0.554688 0.750000
vt 0.562500 0.531250
vt 0.562500 0.750000
vt 0.562500 0.539062
vt 0.531250 0.539062
vt 0.531250 0.531250
vt 0.562500 0.742188
vt 0.531250 0.750000
vt 0.531250 0.742188
s 0
usemtl Material_0
f 805/301/135 806/302/135 807/303/135
f 808/302/135 809/304/135 810/303/135
f 811/305/136 812/303/136 813/306/136
f 814/303/136 815/307/136 816/306/136
f 817/304/137 818/308/137 819/309/137
f 820/308/137 821/310/137 822/309/137
f 823/303/138 824/304/138 825/307/138
f 826/304/138 827/309/138 828/307/138
f 829/307/139 830/309/139 831/303/139
f 832/309/139 833/304/139 834/303/139
o debcee7f-e49e-1eec-fb42-daa1116eb2db
v -0.003551 0.198642 0.028125
v -0.003551 0.136142 0.028125
v -0.003551 0.198642 -0.028125
v -0.003551 0.136142 0.028125
v -0.003551 0.136142 -0.028125
v -0.003551 0.198642 -0.028125
v -0.034801 0.198642 -0.028125
v -0.034801 0.136142 -0.028125
v -0.034801 0.198642 0.028125
v -0.034801 0.136142 -0.028125
v -0.034801 0.136142 0.028125
v -0.034801 0.198642 0.028125
v -0.034801 0.198642 -0.028125
v -0.034801 0.198642 0.028125
v -0.003551 0.198642 -0.028125
v -0.034801 0.198642 0.028125
v -0.003551 0.198642 0.028125
v -0.003551 0.198642 -0.028125
v -0.034801 0.136142 0.028125
v -0.034801 0.136142 -0.028125
v -0.003551 0.136142 0.028125
v -0.034801 0.136142 -0.028125
v -0.003551 0.136142 -0.028125
v -0.003551 0.136142 0.028125
v -0.034801 0.198642 0.028125
v -0.034801 0.136142 0.028125
v -0.003551 0.198642 0.028125
v -0.034801 0.136142 0.028125
v -0.003551 0.136142 0.028125
v -0.003551 0.198642 0.028125
v -0.003551 0.198642 -0.028125
v -0.003551 0.136142 -0.028125
v -0.034801 0.198642 -0.028125
v -0.003551 0.136142 -0.028125
v -0.034801 0.136142 -0.028125
v -0.034801 0.198642 -0.028125
vn 1.0000 -0.0000 -0.0000
vn -1.0000 -0.0000 -0.0000
vn -0.0000 1.0000 -0.0000
vn -0.0000 -1.0000 -0.0000
vn -0.0000 -0.0000 1.0000
vn -0.0000 -0.0000 -1.0000
vt 0.562500 0.843750
vt 0.562500 0.906250
vt 0.570312 0.843750
vt 0.570312 0.906250
vt 0.585938 0.843750
vt 0.585938 0.906250
vt 0.593750 0.843750
vt 0.593750 0.906250
vt 0.593750 0.851562
vt 0.562500 0.851562
vt 0.593750 0.898438
vt 0.562500 0.898438
s 0
usemtl Material_0
f 835/311/140 836/312/140 837/313/140
f 838/312/140 839/314/140 840/313/140
f 841/315/141 842/316/141 843/317/141
f 844/316/141 845/318/141 846/317/141
f 847/319/142 848/317/142 849/320/142
f 850/317/142 851/311/142 852/320/142
f 853/318/143 854/321/143 855/312/143
f 856/321/143 857/322/143 858/312/143
f 859/317/144 860/318/144 861/311/144
f 862/318/144 863/312/144 864/311/144
f 865/311/145 866/312/145 867/317/145
f 868/312/145 869/318/145 870/317/145
o 75a3fa07-cc47-0052-6239-718118325f9c
v -0.034801 0.292392 -0.012500
v -0.034801 0.198642 -0.012500
v -0.034801 0.292392 0.012500
v -0.034801 0.198642 -0.012500
v -0.034801 0.198642 0.012500
v -0.034801 0.292392 0.012500
v -0.034801 0.292392 -0.012500
v -0.034801 0.292392 0.012500
v -0.003551 0.292392 -0.012500
v -0.034801 0.292392 0.012500
v -0.003551 0.292392 0.012500
v -0.003551 0.292392 -0.012500
v -0.034801 0.292392 0.012500
v -0.034801 0.198642 0.012500
v -0.003551 0.292392 0.012500
v -0.034801 0.198642 0.012500
v -0.003551 0.198642 0.012500
v -0.003551 0.292392 0.012500
v -0.003551 0.292392 -0.012500
v -0.003551 0.198642 -0.012500
v -0.034801 0.292392 -0.012500
v -0.003551 0.198642 -0.012500
v -0.034801 0.198642 -0.012500
v -0.034801 0.292392 -0.012500
vn -1.0000 -0.0000 -0.0000
vn -0.0000 1.0000 -0.0000
vn -0.0000 -0.0000 1.0000
vn -0.0000 -0.0000 -1.0000
vt 0.585938 0.750000
vt 0.585938 0.843750
vt 0.593750 0.750000
vt 0.593750 0.843750
vt 0.593750 0.757812
vt 0.562500 0.757812
vt 0.562500 0.750000
vt 0.562500 0.843750
s 0
usemtl Material_0
f 871/323/146 872/324/146 873/325/146
f 874/324/146 875/326/146 876/325/146
f 877/327/147 878/325/147 879/328/147
f 880/325/147 881/329/147 882/328/147
f 883/325/148 884/326/148 885/329/148
f 886/326/148 887/330/148 888/329/148
f 889/329/149 890/330/149 891/325/149
f 892/330/149 893/326/149 894/325/149
o cb315742-deff-dafc-1913-c2b02e1ddc7b
v 0.090199 0.542392 0.028125
v 0.090199 0.292392 0.028125
v 0.090199 0.542392 -0.028125
v 0.090199 0.292392 0.028125
v 0.090199 0.292392 -0.028125
v 0.090199 0.542392 -0.028125
v 0.027699 0.542392 -0.028125
v 0.027699 0.292392 -0.028125
v 0.027699 0.542392 0.028125
v 0.027699 0.292392 -0.028125
v 0.027699 0.292392 0.028125
v 0.027699 0.542392 0.028125
v 0.027699 0.542392 -0.028125
v 0.027699 0.542392 0.028125
v 0.090199 0.542392 -0.028125
v 0.027699 0.542392 0.028125
v 0.090199 0.542392 0.028125
v 0.090199 0.542392 -0.028125
v 0.027699 0.542392 0.028125
v 0.027699 0.292392 0.028125
v 0.090199 0.542392 0.028125
v 0.027699 0.292392 0.028125
v 0.090199 0.292392 0.028125
v 0.090199 0.542392 0.028125
v 0.090199 0.542392 -0.028125
v 0.090199 0.292392 -0.028125
v 0.027699 0.542392 -0.028125
v 0.090199 0.292392 -0.028125
v 0.027699 0.292392 -0.028125
v 0.027699 0.542392 -0.028125
vn 1.0000 -0.0000 -0.0000
vn -1.0000 -0.0000 -0.0000
vn -0.0000 1.0000 -0.0000
vn -0.0000 -0.0000 1.0000
vn -0.0000 -0.0000 -1.0000
vt 0.468750 0.500000
vt 0.468750 0.750000
vt 0.476562 0.500000
vt 0.476562 0.750000
vt 0.523438 0.500000
vt 0.523438 0.750000
vt 0.531250 0.500000
vt 0.531250 0.750000
vt 0.531250 0.507812
vt 0.468750 0.507812
s 0
usemtl Material_0
f 895/331/150 896/332/150 897/333/150
f 898/332/150 899/334/150 900/333/150
f 901/335/151 902/336/151 903/337/151
f 904/336/151 905/338/151 906/337/151
f 907/339/152 908/337/152 909/340/152
f 910/337/152 911/331/152 912/340/152
f 913/337/153 914/338/153 915/331/153
f 916/338/153 917/332/153 918/331/153
f 919/331/154 920/332/154 921/337/154
f 922/332/154 923/338/154 924/337/154
o 8ec7d277-5123-2d0f-2b3c-1e376cd5e0a7
v 0.152699 0.542392 0.009375
v 0.152699 0.292392 0.009375
v 0.152699 0.542392 -0.009375
v 0.152699 0.292392 0.009375
v 0.152699 0.292392 -0.009375
v 0.152699 0.542392 -0.009375
v 0.090199 0.542392 -0.009375
v 0.090199 0.542392 0.009375
v 0.152699 0.542392 -0.009375
v 0.090199 0.542392 0.009375
v 0.152699 0.542392 0.009375
v 0.152699 0.542392 -0.009375
v 0.090199 0.542392 0.009375
v 0.090199 0.292392 0.009375
v 0.152699 0.542392 0.009375
v 0.090199 0.292392 0.009375
v 0.152699 0.292392 0.009375
v 0.152699 0.542392 0.009375
v 0.152699 0.542392 -0.009375
v 0.152699 0.292392 -0.009375
v 0.090199 0.542392 -0.009375
v 0.152699 0.292392 -0.009375
v 0.090199 0.292392 -0.009375
v 0.090199 0.542392 -0.009375
vn 1.0000 -0.0000 -0.0000
vn -0.0000 1.0000 -0.0000
vn -0.0000 -0.0000 1.0000
vn -0.0000 -0.0000 -1.0000
vt 0.406250 0.500000
vt 0.406250 0.750000
vt 0.414062 0.500000
vt 0.414062 0.750000
vt 0.468750 0.507812
vt 0.468750 0.500000
vt 0.406250 0.507812
vt 0.468750 0.750000
s 0
usemtl Material_0
f 925/341/155 926/342/155 927/343/155
f 928/342/155 929/344/155 930/343/155
f 931/345/156 932/346/156 933/347/156
f 934/346/156 935/341/156 936/347/156
f 937/346/157 938/348/157 939/341/157
f 940/348/157 941/342/157 942/341/157
f 943/341/158 944/342/158 945/346/158
f 946/342/158 947/348/158 948/346/158
o 2e2a6cba-bee2-8a7b-dd69-bbd5a6a8c971
v 0.121449 0.292392 0.028125
v 0.121449 0.136142 0.028125
v 0.121449 0.292392 -0.028125
v 0.121449 0.136142 0.028125
v 0.121449 0.136142 -0.028125
v 0.121449 0.292392 -0.028125
v -0.003551 0.292392 -0.028125
v -0.003551 0.136142 -0.028125
v -0.003551 0.292392 0.028125
v -0.003551 0.136142 -0.028125
v -0.003551 0.136142 0.028125
v -0.003551 0.292392 0.028125
v -0.003551 0.292392 -0.028125
v -0.003551 0.292392 0.028125
v 0.121449 0.292392 -0.028125
v -0.003551 0.292392 0.028125
v 0.121449 0.292392 0.028125
v 0.121449 0.292392 -0.028125
v -0.003551 0.136142 0.028125
v -0.003551 0.136142 -0.028125
v 0.121449 0.136142 0.028125
v -0.003551 0.136142 -0.028125
v 0.121449 0.136142 -0.028125
v 0.121449 0.136142 0.028125
v -0.003551 0.292392 0.028125
v -0.003551 0.136142 0.028125
v 0.121449 0.292392 0.028125
v -0.003551 0.136142 0.028125
v 0.121449 0.136142 0.028125
v 0.121449 0.292392 0.028125
v 0.121449 0.292392 -0.028125
v 0.121449 0.136142 -0.028125
v -0.003551 0.292392 -0.028125
v 0.121449 0.136142 -0.028125
v -0.003551 0.136142 -0.028125
v -0.003551 0.292392 -0.028125
vn 1.0000 -0.0000 -0.0000
vn -1.0000 -0.0000 -0.0000
vn -0.0000 1.0000 -0.0000
vn -0.0000 -1.0000 -0.0000
vn -0.0000 -0.0000 1.0000
vn -0.0000 -0.0000 -1.0000
vt 0.437500 0.750000
vt 0.437500 0.906250
vt 0.445312 0.750000
vt 0.445312 0.906250
vt 0.554688 0.750000
vt 0.554688 0.906250
vt 0.562500 0.750000
vt 0.562500 0.906250
vt 0.562500 0.757812
vt 0.437500 0.757812
vt 0.562500 0.898438
vt 0.437500 0.898438
s 0
usemtl Material_0
f 949/349/159 950/350/159 951/351/159
f 952/350/159 953/352/159 954/351/159
f 955/353/160 956/354/160 957/355/160
f 958/354/160 959/356/160 960/355/160
f 961/357/161 962/355/161 963/358/161
f 964/355/161 965/349/161 966/358/161
f 967/356/162 968/359/162 969/350/162
f 970/359/162 971/360/162 972/350/162
f 973/355/163 974/356/163 975/349/163
f 976/356/163 977/350/163 978/349/163
f 979/349/164 980/350/164 981/355/164
f 982/350/164 983/356/164 984/355/164
o 0d2dd542-af4e-cc5f-b95e-77bd811365df
v 0.183949 0.354892 0.009375
v 0.183949 0.136142 0.009375
v 0.183949 0.354892 -0.009375
v 0.183949 0.136142 0.009375
v 0.183949 0.136142 -0.009375
v 0.183949 0.354892 -0.009375
v 0.121449 0.354892 -0.009375
v 0.121449 0.354892 0.009375
v 0.183949 0.354892 -0.009375
v 0.121449 0.354892 0.009375
v 0.183949 0.354892 0.009375
v 0.183949 0.354892 -0.009375
v 0.121449 0.354892 0.009375
v 0.121449 0.136142 0.009375
v 0.183949 0.354892 0.009375
v 0.121449 0.136142 0.009375
v 0.183949 0.136142 0.009375
v 0.183949 0.354892 0.009375
v 0.183949 0.354892 -0.009375
v 0.183949 0.136142 -0.009375
v 0.121449 0.354892 -0.009375
v 0.183949 0.136142 -0.009375
v 0.121449 0.136142 -0.009375
v 0.121449 0.354892 -0.009375
vn 1.0000 -0.0000 -0.0000
vn -0.0000 1.0000 -0.0000
vn -0.0000 -0.0000 1.0000
vn -0.0000 -0.0000 -1.0000
vt 0.375000 0.687500
vt 0.375000 0.906250
vt 0.382812 0.687500
vt 0.382812 0.906250
vt 0.437500 0.695312
vt 0.437500 0.687500
vt 0.375000 0.695312
vt 0.437500 0.906250
s 0
usemtl Material_0
f 985/361/165 986/362/165 987/363/165
f 988/362/165 989/364/165 990/363/165
f 991/365/166 992/366/166 993/367/166
f 994/366/166 995/361/166 996/367/166
f 997/366/167 998/368/167 999/361/167
f 1000/368/167 1001/362/167 1002/361/167
f 1003/361/168 1004/362/168 1005/366/168
f 1006/362/168 1007/368/168 1008/366/168
o 4c937c9e-9b77-12fa-7a12-b3beec4e554b
v 0.152699 0.136142 0.028125
v 0.152699 0.042392 0.028125
v 0.152699 0.136142 -0.028125
v 0.152699 0.042392 0.028125
v 0.152699 0.042392 -0.028125
v 0.152699 0.136142 -0.028125
v -0.034801 0.136142 -0.028125
v -0.034801 0.042392 -0.028125
v -0.034801 0.136142 0.028125
v -0.034801 0.042392 -0.028125
v -0.034801 0.042392 0.028125
v -0.034801 0.136142 0.028125
v -0.034801 0.136142 -0.028125
v -0.034801 0.136142 0.028125
v 0.152699 0.136142 -0.028125
v -0.034801 0.136142 0.028125
v 0.152699 0.136142 0.028125
v 0.152699 0.136142 -0.028125
v -0.034801 0.042392 0.028125
v -0.034801 0.042392 -0.028125
v 0.152699 0.042392 0.028125
v -0.034801 0.042392 -0.028125
v 0.152699 0.042392 -0.028125
v 0.152699 0.042392 0.028125
v -0.034801 0.136142 0.028125
v -0.034801 0.042392 0.028125
v 0.152699 0.136142 0.028125
v -0.034801 0.042392 0.028125
v 0.152699 0.042392 0.028125
v 0.152699 0.136142 0.028125
v 0.152699 0.136142 -0.028125
v 0.152699 0.042392 -0.028125
v -0.034801 0.136142 -0.028125
v 0.152699 0.042392 -0.028125
v -0.034801 0.042392 -0.028125
v -0.034801 0.136142 -0.028125
vn 1.0000 -0.0000 -0.0000
vn -1.0000 -0.0000 -0.0000
vn -0.0000 1.0000 -0.0000
vn -0.0000 -1.0000 -0.0000
vn -0.0000 -0.0000 1.0000
vn -0.0000 -0.0000 -1.0000
vt 0.406250 0.906250
vt 0.406250 1.000000
vt 0.414062 0.906250
vt 0.414062 1.000000
vt 0.585938 0.906250
vt 0.585938 1.000000
vt 0.593750 0.906250
vt 0.593750 1.000000
vt 0.593750 0.914062
vt 0.406250 0.914062
vt 0.593750 0.992188
vt 0.406250 0.992188
s 0
usemtl Material_0
f 1009/369/169 1010/370/169 1011/371/169
f 1012/370/169 1013/372/169 1014/371/169
f 1015/373/170 1016/374/170 1017/375/170
f 1018/374/170 1019/376/170 1020/375/170
f 1021/377/171 1022/375/171 1023/378/171
f 1024/375/171 1025/369/171 1026/378/171
f 1027/376/172 1028/379/172 1029/370/172
f 1030/379/172 1031/380/172 1032/370/172
f 1033/375/173 1034/376/173 1035/369/173
f 1036/376/173 1037/370/173 1038/369/173
f 1039/369/174 1040/370/174 1041/375/174
f 1042/370/174 1043/376/174 1044/375/174
o eb30b64c-1751-53a5-78f1-c2f689c6fe95
v 0.215199 0.167392 0.009375
v 0.215199 0.042392 0.009375
v 0.215199 0.167392 -0.009375
v 0.215199 0.042392 0.009375
v 0.215199 0.042392 -0.009375
v 0.215199 0.167392 -0.009375
v 0.152699 0.167392 -0.009375
v 0.152699 0.167392 0.009375
v 0.215199 0.167392 -0.009375
v 0.152699 0.167392 0.009375
v 0.215199 0.167392 0.009375
v 0.215199 0.167392 -0.009375
v 0.152699 0.167392 0.009375
v 0.152699 0.042392 0.009375
v 0.215199 0.167392 0.009375
v 0.152699 0.042392 0.009375
v 0.215199 0.042392 0.009375
v 0.215199 0.167392 0.009375
v 0.215199 0.167392 -0.009375
v 0.215199 0.042392 -0.009375
v 0.152699 0.167392 -0.009375
v 0.215199 0.042392 -0.009375
v 0.152699 0.042392 -0.009375
v 0.152699 0.167392 -0.009375
vn 1.0000 -0.0000 -0.0000
vn -0.0000 1.0000 -0.0000
vn -0.0000 -0.0000 1.0000
vn -0.0000 -0.0000 -1.0000
vt 0.343750 0.875000
vt 0.343750 1.000000
vt 0.351562 0.875000
vt 0.351562 1.000000
vt 0.406250 0.882812
vt 0.406250 0.875000
vt 0.343750 0.882812
vt 0.406250 1.000000
s 0
usemtl Material_0
f 1045/381/175 1046/382/175 1047/383/175
f 1048/382/175 1049/384/175 1050/383/175
f 1051/385/176 1052/386/176 1053/387/176
f 1054/386/176 1055/381/176 1056/387/176
f 1057/386/177 1058/388/177 1059/381/177
f 1060/388/177 1061/382/177 1062/381/177
f 1063/381/178 1064/382/178 1065/386/178
f 1066/382/178 1067/388/178 1068/386/178
o 767d0eab-00f0-8bd3-aaf3-491b108863b1
v 0.152699 0.042392 0.028125
v 0.152699 -0.020108 0.028125
v 0.152699 0.042392 -0.028125
v 0.152699 -0.020108 0.028125
v 0.152699 -0.020108 -0.028125
v 0.152699 0.042392 -0.028125
v -0.034801 0.042392 -0.028125
v -0.034801 -0.020108 -0.028125
v -0.034801 0.042392 0.028125
v -0.034801 -0.020108 -0.028125
v -0.034801 -0.020108 0.028125
v -0.034801 0.042392 0.028125
v -0.034801 -0.020108 0.028125
v -0.034801 -0.020108 -0.028125
v 0.152699 -0.020108 0.028125
v -0.034801 -0.020108 -0.028125
v 0.152699 -0.020108 -0.028125
v 0.152699 -0.020108 0.028125
v -0.034801 0.042392 0.028125
v -0.034801 -0.020108 0.028125
v 0.152699 0.042392 0.028125
v -0.034801 -0.020108 0.028125
v 0.152699 -0.020108 0.028125
v 0.152699 0.042392 0.028125
v 0.152699 0.042392 -0.028125
v 0.152699 -0.020108 -0.028125
v -0.034801 0.042392 -0.028125
v 0.152699 -0.020108 -0.028125
v -0.034801 -0.020108 -0.028125
v -0.034801 0.042392 -0.028125
vn 1.0000 -0.0000 -0.0000
vn -1.0000 -0.0000 -0.0000
vn -0.0000 -1.0000 -0.0000
vn -0.0000 -0.0000 1.0000
vn -0.0000 -0.0000 -1.0000
vt 0.781250 0.000000
vt 0.781250 0.062500
vt 0.789062 0.000000
vt 0.789062 0.062500
vt 0.960938 0.000000
vt 0.960938 0.062500
vt 0.968750 0.000000
vt 0.968750 0.062500
vt 0.937500 0.062500
vt 0.937500 0.054688
vt 0.781250 0.054688
s 0
usemtl Material_0
f 1069/389/179 1070/390/179 1071/391/179
f 1072/390/179 1073/392/179 1074/391/179
f 1075/393/180 1076/394/180 1077/395/180
f 1078/394/180 1079/396/180 1080/395/180
f 1081/397/181 1082/398/181 1083/390/181
f 1084/398/181 1085/399/181 1086/390/181
f 1087/395/182 1088/396/182 1089/389/182
f 1090/396/182 1091/390/182 1092/389/182
f 1093/389/183 1094/390/183 1095/395/183
f 1096/390/183 1097/396/183 1098/395/183
o 5fc17426-a85f-0b15-4359-f5493ddd0708
v 0.090199 -0.145108 0.031250
v 0.090199 -0.801358 0.031250
v 0.090199 -0.145108 -0.031250
v 0.090199 -0.801358 0.031250
v 0.090199 -0.801358 -0.031250
v 0.090199 -0.145108 -0.031250
v -0.034801 -0.145108 -0.031250
v -0.034801 -0.801358 -0.031250
v -0.034801 -0.145108 0.031250
v -0.034801 -0.801358 -0.031250
v -0.034801 -0.801358 0.031250
v -0.034801 -0.145108 0.031250
v -0.034801 -0.145108 -0.031250
v -0.034801 -0.145108 0.031250
v 0.090199 -0.145108 -0.031250
v -0.034801 -0.145108 0.031250
v 0.090199 -0.145108 0.031250
v 0.090199 -0.145108 -0.031250
v -0.034801 -0.801358 0.031250
v -0.034801 -0.801358 -0.031250
v 0.090199 -0.801358 0.031250
v -0.034801 -0.801358 -0.031250
v 0.090199 -0.801358 -0.031250
v 0.090199 -0.801358 0.031250
v -0.034801 -0.145108 0.031250
v -0.034801 -0.801358 0.031250
v 0.090199 -0.145108 0.031250
v -0.034801 -0.801358 0.031250
v 0.090199 -0.801358 0.031250
v 0.090199 -0.145108 0.031250
v 0.090199 -0.145108 -0.031250
v 0.090199 -0.801358 -0.031250
v -0.034801 -0.145108 -0.031250
v 0.090199 -0.801358 -0.031250
v -0.034801 -0.801358 -0.031250
v -0.034801 -0.145108 -0.031250
vn 1.0000 -0.0000 -0.0000
vn -1.0000 -0.0000 -0.0000
vn -0.0000 1.0000 -0.0000
vn -0.0000 -1.0000 -0.0000
vn -0.0000 -0.0000 1.0000
vn -0.0000 -0.0000 -1.0000
vt 0.843750 0.187500
vt 0.843750 0.843750
vt 0.851562 0.187500
vt 0.851562 0.843750
vt 0.960938 0.187500
vt 0.960938 0.843750
vt 0.968750 0.187500
vt 0.968750 0.843750
vt 0.968750 0.195312
vt 0.843750 0.195312
vt 0.968750 0.835938
vt 0.843750 0.835938
s 0
usemtl Material_0
f 1099/400/184 1100/401/184 1101/402/184
f 1102/401/184 1103/403/184 1104/402/184
f 1105/404/185 1106/405/185 1107/406/185
f 1108/405/185 1109/407/185 1110/406/185
f 1111/408/186 1112/406/186 1113/409/186
f 1114/406/186 1115/400/186 1116/409/186
f 1117/407/187 1118/410/187 1119/401/187
f 1120/410/187 1121/411/187 1122/401/187
f 1123/406/188 1124/407/188 1125/400/188
f 1126/407/188 1127/401/188 1128/400/188
f 1129/400/189 1130/401/189 1131/406/189
f 1132/401/189 1133/407/189 1134/406/189
o 45931a4c-d2f0-7a4f-b4f4-85539df8f18f
v 0.090199 -0.801358 0.046875
v 0.090199 -0.863858 0.046875
v 0.090199 -0.801358 -0.046875
v 0.090199 -0.863858 0.046875
v 0.090199 -0.863858 -0.046875
v 0.090199 -0.801358 -0.046875
v -0.034801 -0.801358 -0.046875
v -0.034801 -0.863858 -0.046875
v -0.034801 -0.801358 0.046875
v -0.034801 -0.863858 -0.046875
v -0.034801 -0.863858 0.046875
v -0.034801 -0.801358 0.046875
v -0.034801 -0.801358 -0.046875
v -0.034801 -0.801358 0.046875
v 0.090199 -0.801358 -0.046875
v -0.034801 -0.801358 0.046875
v 0.090199 -0.801358 0.046875
v 0.090199 -0.801358 -0.046875
v -0.034801 -0.863858 0.046875
v -0.034801 -0.863858 -0.046875
v 0.090199 -0.863858 0.046875
v -0.034801 -0.863858 -0.046875
v 0.090199 -0.863858 -0.046875
v 0.090199 -0.863858 0.046875
v -0.034801 -0.801358 0.046875
v -0.034801 -0.863858 0.046875
v 0.090199 -0.801358 0.046875
v -0.034801 -0.863858 0.046875
v 0.090199 -0.863858 0.046875
v 0.090199 -0.801358 0.046875
v 0.090199 -0.801358 -0.046875
v 0.090199 -0.863858 -0.046875
v -0.034801 -0.801358 -0.046875
v 0.090199 -0.863858 -0.046875
v -0.034801 -0.863858 -0.046875
v -0.034801 -0.801358 -0.046875
vn 1.0000 -0.0000 -0.0000
vn -1.0000 -0.0000 -0.0000
vn -0.0000 1.0000 -0.0000
vn -0.0000 -1.0000 -0.0000
vn -0.0000 -0.0000 1.0000
vn -0.0000 -0.0000 -1.0000
vt 0.843750 0.843750
vt 0.843750 0.906250
vt 0.851562 0.843750
vt 0.851562 0.906250
vt 0.960938 0.843750
vt 0.960938 0.906250
vt 0.968750 0.843750
vt 0.968750 0.906250
vt 0.968750 0.851562
vt 0.843750 0.851562
vt 0.968750 0.898438
vt 0.843750 0.898438
s 0
usemtl Material_0
f 1135/412/190 1136/413/190 1137/414/190
f 1138/413/190 1139/415/190 1140/414/190
f 1141/416/191 1142/417/191 1143/418/191
f 1144/417/191 1145/419/191 1146/418/191
f 1147/420/192 1148/418/192 1149/421/192
f 1150/418/192 1151/412/192 1152/421/192
f 1153/419/193 1154/422/193 1155/413/193
f 1156/422/193 1157/423/193 1158/413/193
f 1159/418/194 1160/419/194 1161/412/194
f 1162/419/194 1163/413/194 1164/412/194
f 1165/412/195 1166/413/195 1167/418/195
f 1168/413/195 1169/419/195 1170/418/195
o a80b140a-5666-6535-6c41-2d4d3bfa3d5c
v 0.058949 -0.863858 0.046875
v 0.058949 -0.926358 0.046875
v 0.058949 -0.863858 -0.046875
v 0.058949 -0.926358 0.046875
v 0.058949 -0.926358 -0.046875
v 0.058949 -0.863858 -0.046875
v -0.003551 -0.863858 -0.046875
v -0.003551 -0.926358 -0.046875
v -0.003551 -0.863858 0.046875
v -0.003551 -0.926358 -0.046875
v -0.003551 -0.926358 0.046875
v -0.003551 -0.863858 0.046875
v -0.003551 -0.863858 -0.046875
v -0.003551 -0.863858 0.046875
v 0.058949 -0.863858 -0.046875
v -0.003551 -0.863858 0.046875
v 0.058949 -0.863858 0.046875
v 0.058949 -0.863858 -0.046875
v -0.003551 -0.926358 0.046875
v -0.003551 -0.926358 -0.046875
v 0.058949 -0.926358 0.046875
v -0.003551 -0.926358 -0.046875
v 0.058949 -0.926358 -0.046875
v 0.058949 -0.926358 0.046875
v -0.003551 -0.863858 0.046875
v -0.003551 -0.926358 0.046875
v 0.058949 -0.863858 0.046875
v -0.003551 -0.926358 0.046875
v 0.058949 -0.926358 0.046875
v 0.058949 -0.863858 0.046875
v 0.058949 -0.863858 -0.046875
v 0.058949 -0.926358 -0.046875
v -0.003551 -0.863858 -0.046875
v 0.058949 -0.926358 -0.046875
v -0.003551 -0.926358 -0.046875
v -0.003551 -0.863858 -0.046875
vn 1.0000 -0.0000 -0.0000
vn -1.0000 -0.0000 -0.0000
vn -0.0000 1.0000 -0.0000
vn -0.0000 -1.0000 -0.0000
vn -0.0000 -0.0000 1.0000
vn -0.0000 -0.0000 -1.0000
vt 0.875000 0.906250
vt 0.875000 0.968750
vt 0.882812 0.906250
vt 0.882812 0.968750
vt 0.929688 0.906250
vt 0.929688 0.968750
vt 0.937500 0.906250
vt 0.937500 0.968750
vt 0.937500 0.914062
vt 0.875000 0.914062
vt 0.937500 0.960938
vt 0.875000 0.960938
s 0
usemtl Material_0
f 1171/424/196 1172/425/196 1173/426/196
f 1174/425/196 1175/427/196 1176/426/196
f 1177/428/197 1178/429/197 1179/430/197
f 1180/429/197 1181/431/197 1182/430/197
f 1183/432/198 1184/430/198 1185/433/198
f 1186/430/198 1187/424/198 1188/433/198
f 1189/431/199 1190/434/199 1191/425/199
f 1192/434/199 1193/435/199 1194/425/199
f 1195/430/200 1196/431/200 1197/424/200
f 1198/431/200 1199/425/200 1200/424/200
f 1201/424/201 1202/425/201 1203/430/201
f 1204/425/201 1205/431/201 1206/430/201
o e8fd548d-01c6-0fb1-a901-d38d1c87a2b7
v -0.347301 0.073642 0.203125
v -0.347301 0.042392 0.203125
v -0.347301 0.073642 0.171875
v -0.347301 0.042392 0.203125
v -0.347301 0.042392 0.171875
v -0.347301 0.073642 0.171875
v -0.378551 0.073642 0.171875
v -0.378551 0.042392 0.171875
v -0.378551 0.073642 0.203125
v -0.378551 0.042392 0.171875
v -0.378551 0.042392 0.203125
v -0.378551 0.073642 0.203125
v -0.378551 0.073642 0.171875
v -0.378551 0.073642 0.203125
v -0.347301 0.073642 0.171875
v -0.378551 0.073642 0.203125
v -0.347301 0.073642 0.203125
v -0.347301 0.073642 0.171875
v -0.378551 0.042392 0.203125
v -0.378551 0.042392 0.171875
v -0.347301 0.042392 0.203125
v -0.378551 0.042392 0.171875
v -0.347301 0.042392 0.171875
v -0.347301 0.042392 0.203125
v -0.378551 0.073642 0.203125
v -0.378551 0.042392 0.203125
v -0.347301 0.073642 0.203125
v -0.378551 0.042392 0.203125
v -0.347301 0.042392 0.203125
v -0.347301 0.073642 0.203125
v -0.347301 0.073642 0.171875
v -0.347301 0.042392 0.171875
v -0.378551 0.073642 0.171875
v -0.347301 0.042392 0.171875
v -0.378551 0.042392 0.171875
v -0.378551 0.073642 0.171875
vn 1.0000 -0.0000 -0.0000
vn -1.0000 -0.0000 -0.0000
vn -0.0000 1.0000 -0.0000
vn -0.0000 -1.0000 -0.0000
vn -0.0000 -0.0000 1.0000
vn -0.0000 -0.0000 -1.0000
vt 0.562500 0.125000
vt 0.562500 0.156250
vt 0.554688 0.125000
vt 0.554688 0.156250
vt 0.539062 0.125000
vt 0.539062 0.156250
vt 0.531250 0.125000
vt 0.531250 0.156250
vt 0.562500 0.132812
vt 0.531250 0.132812
vt 0.562500 0.148438
vt 0.531250 0.148438
s 0
usemtl Material_0
f 1207/436/202 1208/437/202 1209/438/202
f 1210/437/202 1211/439/202 1212/438/202
f 1213/440/203 1214/441/203 1215/442/203
f 1216/441/203 1217/443/203 1218/442/203
f 1219/436/204 1220/444/204 1221/442/204
f 1222/444/204 1223/445/204 1224/442/204
f 1225/446/205 1226/437/205 1227/447/205
f 1228/437/205 1229/443/205 1230/447/205
f 1231/436/206 1232/437/206 1233/442/206
f 1234/437/206 1235/443/206 1236/442/206
f 1237/442/207 1238/443/207 1239/436/207
f 1240/443/207 1241/437/207 1242/436/207
o 5808d46c-3f17-fbcd-39a3-134e8ac6855c
v -0.316051 0.042392 0.203125
v -0.316051 0.011142 0.203125
v -0.316051 0.042392 0.171875
v -0.316051 0.011142 0.203125
v -0.316051 0.011142 0.171875
v -0.316051 0.042392 0.171875
v -0.378551 0.042392 0.171875
v -0.378551 0.011142 0.171875
v -0.378551 0.042392 0.203125
v -0.378551 0.011142 0.171875
v -0.378551 0.011142 0.203125
v -0.378551 0.042392 0.203125
v -0.378551 0.042392 0.171875
v -0.378551 0.042392 0.203125
v -0.316051 0.042392 0.171875
v -0.378551 0.042392 0.203125
v -0.316051 0.042392 0.203125
v -0.316051 0.042392 0.171875
v -0.378551 0.011142 0.203125
v -0.378551 0.011142 0.171875
v -0.316051 0.011142 0.203125
v -0.378551 0.011142 0.171875
v -0.316051 0.011142 0.171875
v -0.316051 0.011142 0.203125
v -0.378551 0.042392 0.203125
v -0.378551 0.011142 0.203125
v -0.316051 0.042392 0.203125
v -0.378551 0.011142 0.203125
v -0.316051 0.011142 0.203125
v -0.316051 0.042392 0.203125
v -0.316051 0.042392 0.171875
v -0.316051 0.011142 0.171875
v -0.378551 0.042392 0.171875
v -0.316051 0.011142 0.171875
v -0.378551 0.011142 0.171875
v -0.378551 0.042392 0.171875
vn 1.0000 -0.0000 -0.0000
vn -1.0000 -0.0000 -0.0000
vn -0.0000 1.0000 -0.0000
vn -0.0000 -1.0000 -0.0000
vn -0.0000 -0.0000 1.0000
vn -0.0000 -0.0000 -1.0000
vt 0.507812 0.156250
vt 0.507812 0.187500
vt 0.500000 0.156250
vt 0.500000 0.187500
vt 0.562500 0.156250
vt 0.562500 0.187500
vt 0.554688 0.156250
vt 0.554688 0.187500
vt 0.562500 0.164062
vt 0.500000 0.164062
vt 0.562500 0.179688
vt 0.500000 0.179688
s 0
usemtl Material_0
f 1243/448/208 1244/449/208 1245/450/208
f 1246/449/208 1247/451/208 1248/450/208
f 1249/452/209 1250/453/209 1251/454/209
f 1252/453/209 1253/455/209 1254/454/209
f 1255/452/210 1256/456/210 1257/450/210
f 1258/456/210 1259/457/210 1260/450/210
f 1261/458/211 1262/453/211 1263/459/211
f 1264/453/211 1265/451/211 1266/459/211
f 1267/452/212 1268/453/212 1269/450/212
f 1270/453/212 1271/451/212 1272/450/212
f 1273/450/213 1274/451/213 1275/452/213
f 1276/451/213 1277/453/213 1278/452/213
o 0eb87f8e-b568-85f2-eb14-de2a11dad9c9
v -0.284801 0.167392 0.125000
v -0.284801 0.136142 0.125000
v -0.284801 0.167392 0.093750
v -0.284801 0.136142 0.125000
v -0.284801 0.136142 0.093750
v -0.284801 0.167392 0.093750
v -0.316051 0.167392 0.093750
v -0.316051 0.136142 0.093750
v -0.316051 0.167392 0.125000
v -0.316051 0.136142 0.093750
v -0.316051 0.136142 0.125000
v -0.316051 0.167392 0.125000
v -0.316051 0.167392 0.093750
v -0.316051 0.167392 0.125000
v -0.284801 0.167392 0.093750
v -0.316051 0.167392 0.125000
v -0.284801 0.167392 0.125000
v -0.284801 0.167392 0.093750
v -0.316051 0.136142 0.125000
v -0.316051 0.136142 0.093750
v -0.284801 0.136142 0.125000
v -0.316051 0.136142 0.093750
v -0.284801 0.136142 0.093750
v -0.284801 0.136142 0.125000
v -0.316051 0.167392 0.125000
v -0.316051 0.136142 0.125000
v -0.284801 0.167392 0.125000
v -0.316051 0.136142 0.125000
v -0.284801 0.136142 0.125000
v -0.284801 0.167392 0.125000
v -0.284801 0.167392 0.093750
v -0.284801 0.136142 0.093750
v -0.316051 0.167392 0.093750
v -0.284801 0.136142 0.093750
v -0.316051 0.136142 0.093750
v -0.316051 0.167392 0.093750
vn 1.0000 -0.0000 -0.0000
vn -1.0000 -0.0000 -0.0000
vn -0.0000 1.0000 -0.0000
vn -0.0000 -1.0000 -0.0000
vn -0.0000 -0.0000 1.0000
vn -0.0000 -0.0000 -1.0000
vt 0.476562 0.031250
vt 0.476562 0.062500
vt 0.468750 0.031250
vt 0.468750 0.062500
vt 0.500000 0.031250
vt 0.500000 0.062500
vt 0.492188 0.031250
vt 0.492188 0.062500
vt 0.500000 0.039062
vt 0.468750 0.039062
vt 0.500000 0.054688
vt 0.468750 0.054688
s 0
usemtl Material_0
f 1279/460/214 1280/461/214 1281/462/214
f 1282/461/214 1283/463/214 1284/462/214
f 1285/464/215 1286/465/215 1287/466/215
f 1288/465/215 1289/467/215 1290/466/215
f 1291/464/216 1292/468/216 1293/462/216
f 1294/468/216 1295/469/216 1296/462/216
f 1297/470/217 1298/465/217 1299/471/217
f 1300/465/217 1301/463/217 1302/471/217
f 1303/464/218 1304/465/218 1305/462/218
f 1306/465/218 1307/463/218 1308/462/218
f 1309/462/219 1310/463/219 1311/464/219
f 1312/463/219 1313/465/219 1314/464/219
o f0596d40-9d79-b3b3-7513-559e69f97825
v -0.253551 0.136142 0.125000
v -0.253551 0.104892 0.125000
v -0.253551 0.136142 0.093750
v -0.253551 0.104892 0.125000
v -0.253551 0.104892 0.093750
v -0.253551 0.136142 0.093750
v -0.316051 0.136142 0.093750
v -0.316051 0.104892 0.093750
v -0.316051 0.136142 0.125000
v -0.316051 0.104892 0.093750
v -0.316051 0.104892 0.125000
v -0.316051 0.136142 0.125000
v -0.316051 0.136142 0.093750
v -0.316051 0.136142 0.125000
v -0.253551 0.136142 0.093750
v -0.316051 0.136142 0.125000
v -0.253551 0.136142 0.125000
v -0.253551 0.136142 0.093750
v -0.316051 0.104892 0.125000
v -0.316051 0.104892 0.093750
v -0.253551 0.104892 0.125000
v -0.316051 0.104892 0.093750
v -0.253551 0.104892 0.093750
v -0.253551 0.104892 0.125000
v -0.316051 0.136142 0.125000
v -0.316051 0.104892 0.125000
v -0.253551 0.136142 0.125000
v -0.316051 0.104892 0.125000
v -0.253551 0.104892 0.125000
v -0.253551 0.136142 0.125000
v -0.253551 0.136142 0.093750
v -0.253551 0.104892 0.093750
v -0.316051 0.136142 0.093750
v -0.253551 0.104892 0.093750
v -0.316051 0.104892 0.093750
v -0.316051 0.136142 0.093750
vn 1.0000 -0.0000 -0.0000
vn -1.0000 -0.0000 -0.0000
vn -0.0000 1.0000 -0.0000
vn -0.0000 -1.0000 -0.0000
vn -0.0000 -0.0000 1.0000
vn -0.0000 -0.0000 -1.0000
vt 0.445312 0.062500
vt 0.445312 0.093750
vt 0.437500 0.062500
vt 0.437500 0.093750
vt 0.500000 0.062500
vt 0.500000 0.093750
vt 0.492188 0.062500
vt 0.492188 0.093750
vt 0.500000 0.070312
vt 0.437500 0.070312
vt 0.500000 0.085938
vt 0.437500 0.085938
s 0
usemtl Material_0
f 1315/472/220 1316/473/220 1317/474/220
f 1318/473/220 1319/475/220 1320/474/220
f 1321/476/221 1322/477/221 1323/478/221
f 1324/477/221 1325/479/221 1326/478/221
f 1327/476/222 1328/480/222 1329/474/222
f 1330/480/222 1331/481/222 1332/474/222
f 1333/482/223 1334/477/223 1335/483/223
f 1336/477/223 1337/475/223 1338/483/223
f 1339/476/224 1340/477/224 1341/474/224
f 1342/477/224 1343/475/224 1344/474/224
f 1345/474/225 1346/475/225 1347/476/225
f 1348/475/225 1349/477/225 1350/476/225
o 96c3ef19-e1c3-9d86-f150-6275fad1f189
v -0.253551 0.104892 0.140625
v -0.253551 0.073642 0.140625
v -0.253551 0.104892 0.109375
v -0.253551 0.073642 0.140625
v -0.253551 0.073642 0.109375
v -0.253551 0.104892 0.109375
v -0.316051 0.104892 0.109375
v -0.316051 0.073642 0.109375
v -0.316051 0.104892 0.140625
v -0.316051 0.073642 0.109375
v -0.316051 0.073642 0.140625
v -0.316051 0.104892 0.140625
v -0.316051 0.104892 0.109375
v -0.316051 0.104892 0.140625
v -0.253551 0.104892 0.109375
v -0.316051 0.104892 0.140625
v -0.253551 0.104892 0.140625
v -0.253551 0.104892 0.109375
v -0.316051 0.073642 0.140625
v -0.316051 0.073642 0.109375
v -0.253551 0.073642 0.140625
v -0.316051 0.073642 0.109375
v -0.253551 0.073642 0.109375
v -0.253551 0.073642 0.140625
v -0.316051 0.104892 0.140625
v -0.316051 0.073642 0.140625
v -0.253551 0.104892 0.140625
v -0.316051 0.073642 0.140625
v -0.253551 0.073642 0.140625
v -0.253551 0.104892 0.140625
v -0.253551 0.104892 0.109375
v -0.253551 0.073642 0.109375
v -0.316051 0.104892 0.109375
v -0.253551 0.073642 0.109375
v -0.316051 0.073642 0.109375
v -0.316051 0.104892 0.109375
vn 1.0000 -0.0000 -0.0000
vn -1.0000 -0.0000 -0.0000
vn -0.0000 1.0000 -0.0000
vn -0.0000 -1.0000 -0.0000
vn -0.0000 -0.0000 1.0000
vn -0.0000 -0.0000 -1.0000
vt 0.445312 0.093750
vt 0.445312 0.125000
vt 0.437500 0.093750
vt 0.437500 0.125000
vt 0.500000 0.093750
vt 0.500000 0.125000
vt 0.492188 0.093750
vt 0.492188 0.125000
vt 0.500000 0.101562
vt 0.437500 0.101562
vt 0.500000 0.117188
vt 0.437500 0.117188
s 0
usemtl Material_0
f 1351/484/226 1352/485/226 1353/486/226
f 1354/485/226 1355/487/226 1356/486/226
f 1357/488/227 1358/489/227 1359/490/227
f 1360/489/227 1361/491/227 1362/490/227
f 1363/488/228 1364/492/228 1365/486/228
f 1366/492/228 1367/493/228 1368/486/228
f 1369/494/229 1370/489/229 1371/495/229
f 1372/489/229 1373/487/229 1374/495/229
f 1375/488/230 1376/489/230 1377/486/230
f 1378/489/230 1379/487/230 1380/486/230
f 1381/486/231 1382/487/231 1383/488/231
f 1384/487/231 1385/489/231 1386/488/231
o 15251dad-6ff9-2aed-3323-e39d99be0372
v -0.222301 0.073642 0.140625
v -0.222301 0.042392 0.140625
v -0.222301 0.073642 0.109375
v -0.222301 0.042392 0.140625
v -0.222301 0.042392 0.109375
v -0.222301 0.073642 0.109375
v -0.284801 0.073642 0.109375
v -0.284801 0.042392 0.109375
v -0.284801 0.073642 0.140625
v -0.284801 0.042392 0.109375
v -0.284801 0.042392 0.140625
v -0.284801 0.073642 0.140625
v -0.284801 0.073642 0.109375
v -0.284801 0.073642 0.140625
v -0.222301 0.073642 0.109375
v -0.284801 0.073642 0.140625
v -0.222301 0.073642 0.140625
v -0.222301 0.073642 0.109375
v -0.284801 0.042392 0.140625
v -0.284801 0.042392 0.109375
v -0.222301 0.042392 0.140625
v -0.284801 0.042392 0.109375
v -0.222301 0.042392 0.109375
v -0.222301 0.042392 0.140625
v -0.284801 0.073642 0.140625
v -0.284801 0.042392 0.140625
v -0.222301 0.073642 0.140625
v -0.284801 0.042392 0.140625
v -0.222301 0.042392 0.140625
v -0.222301 0.073642 0.140625
v -0.222301 0.073642 0.109375
v -0.222301 0.042392 0.109375
v -0.284801 0.073642 0.109375
v -0.222301 0.042392 0.109375
v -0.284801 0.042392 0.109375
v -0.284801 0.073642 0.109375
vn 1.0000 -0.0000 -0.0000
vn -1.0000 -0.0000 -0.0000
vn -0.0000 1.0000 -0.0000
vn -0.0000 -1.0000 -0.0000
vn -0.0000 -0.0000 1.0000
vn -0.0000 -0.0000 -1.0000
vt 0.414062 0.125000
vt 0.414062 0.156250
vt 0.406250 0.125000
vt 0.406250 0.156250
vt 0.468750 0.125000
vt 0.468750 0.156250
vt 0.460938 0.125000
vt 0.460938 0.156250
vt 0.468750 0.132812
vt 0.406250 0.132812
vt 0.468750 0.148438
vt 0.406250 0.148438
s 0
usemtl Material_0
f 1387/496/232 1388/497/232 1389/498/232
f 1390/497/232 1391/499/232 1392/498/232
f 1393/500/233 1394/501/233 1395/502/233
f 1396/501/233 1397/503/233 1398/502/233
f 1399/500/234 1400/504/234 1401/498/234
f 1402/504/234 1403/505/234 1404/498/234
f 1405/506/235 1406/501/235 1407/507/235
f 1408/501/235 1409/499/235 1410/507/235
f 1411/500/236 1412/501/236 1413/498/236
f 1414/501/236 1415/499/236 1416/498/236
f 1417/498/237 1418/499/237 1419/500/237
f 1420/499/237 1421/501/237 1422/500/237
o 5a30f4a2-f414-70d4-5f2b-045e1a26c718
v -0.191051 0.042392 0.140625
v -0.191051 0.011142 0.140625
v -0.191051 0.042392 0.109375
v -0.191051 0.011142 0.140625
v -0.191051 0.011142 0.109375
v -0.191051 0.042392 0.109375
v -0.253551 0.042392 0.109375
v -0.253551 0.011142 0.109375
v -0.253551 0.042392 0.140625
v -0.253551 0.011142 0.109375
v -0.253551 0.011142 0.140625
v -0.253551 0.042392 0.140625
v -0.253551 0.042392 0.109375
v -0.253551 0.042392 0.140625
v -0.191051 0.042392 0.109375
v -0.253551 0.042392 0.140625
v -0.191051 0.042392 0.140625
v -0.191051 0.042392 0.109375
v -0.253551 0.011142 0.140625
v -0.253551 0.011142 0.109375
v -0.191051 0.011142 0.140625
v -0.253551 0.011142 0.109375
v -0.191051 0.011142 0.109375
v -0.191051 0.011142 0.140625
v -0.253551 0.042392 0.140625
v -0.253551 0.011142 0.140625
v -0.191051 0.042392 0.140625
v -0.253551 0.011142 0.140625
v -0.191051 0.011142 0.140625
v -0.191051 0.042392 0.140625
v -0.191051 0.042392 0.109375
v -0.191051 0.011142 0.109375
v -0.253551 0.042392 0.109375
v -0.191051 0.011142 0.109375
v -0.253551 0.011142 0.109375
v -0.253551 0.042392 0.109375
vn 1.0000 -0.0000 -0.0000
vn -1.0000 -0.0000 -0.0000
vn -0.0000 1.0000 -0.0000
vn -0.0000 -1.0000 -0.0000
vn -0.0000 -0.0000 1.0000
vn -0.0000 -0.0000 -1.0000
vt 0.382812 0.156250
vt 0.382812 0.187500
vt 0.375000 0.156250
vt 0.375000 0.187500
vt 0.437500 0.156250
vt 0.437500 0.187500
vt 0.429688 0.156250
vt 0.429688 0.187500
vt 0.437500 0.164062
vt 0.375000 0.164062
vt 0.437500 0.179688
vt 0.375000 0.179688
s 0
usemtl Material_0
f 1423/508/238 1424/509/238 1425/510/238
f 1426/509/238 1427/511/238 1428/510/238
f 1429/512/239 1430/513/239 1431/514/239
f 1432/513/239 1433/515/239 1434/514/239
f 1435/512/240 1436/516/240 1437/510/240
f 1438/516/240 1439/517/240 1440/510/240
f 1441/518/241 1442/513/241 1443/519/241
f 1444/513/241 1445/511/241 1446/519/241
f 1447/512/242 1448/513/242 1449/510/242
f 1450/513/242 1451/511/242 1452/510/242
f 1453/510/243 1454/511/243 1455/512/243
f 1456/511/243 1457/513/243 1458/512/243
o a7eb2d38-ffb4-2a0e-7ee6-43967967adc9
v -0.284801 0.073642 0.156250
v -0.284801 0.042392 0.156250
v -0.284801 0.073642 0.125000
v -0.284801 0.042392 0.156250
v -0.284801 0.042392 0.125000
v -0.284801 0.073642 0.125000
v -0.316051 0.073642 0.125000
v -0.316051 0.042392 0.125000
v -0.316051 0.073642 0.156250
v -0.316051 0.042392 0.125000
v -0.316051 0.042392 0.156250
v -0.316051 0.073642 0.156250
v -0.316051 0.073642 0.125000
v -0.316051 0.073642 0.156250
v -0.284801 0.073642 0.125000
v -0.316051 0.073642 0.156250
v -0.284801 0.073642 0.156250
v -0.284801 0.073642 0.125000
v -0.316051 0.042392 0.156250
v -0.316051 0.042392 0.125000
v -0.284801 0.042392 0.156250
v -0.316051 0.042392 0.125000
v -0.284801 0.042392 0.125000
v -0.284801 0.042392 0.156250
v -0.316051 0.073642 0.156250
v -0.316051 0.042392 0.156250
v -0.284801 0.073642 0.156250
v -0.316051 0.042392 0.156250
v -0.284801 0.042392 0.156250
v -0.284801 0.073642 0.156250
v -0.284801 0.073642 0.125000
v -0.284801 0.042392 0.125000
v -0.316051 0.073642 0.125000
v -0.284801 0.042392 0.125000
v -0.316051 0.042392 0.125000
v -0.316051 0.073642 0.125000
vn 1.0000 -0.0000 -0.0000
vn -1.0000 -0.0000 -0.0000
vn -0.0000 1.0000 -0.0000
vn -0.0000 -1.0000 -0.0000
vn -0.0000 -0.0000 1.0000
vn -0.0000 -0.0000 -1.0000
vt 0.476562 0.125000
vt 0.476562 0.156250
vt 0.468750 0.125000
vt 0.468750 0.156250
vt 0.500000 0.125000
vt 0.500000 0.156250
vt 0.492188 0.125000
vt 0.492188 0.156250
vt 0.500000 0.132812
vt 0.468750 0.132812
vt 0.500000 0.148438
vt 0.468750 0.148438
s 0
usemtl Material_0
f 1459/520/244 1460/521/244 1461/522/244
f 1462/521/244 1463/523/244 1464/522/244
f 1465/524/245 1466/525/245 1467/526/245
f 1468/525/245 1469/527/245 1470/526/245
f 1471/524/246 1472/528/246 1473/522/246
f 1474/528/246 1475/529/246 1476/522/246
f 1477/530/247 1478/525/247 1479/531/247
f 1480/525/247 1481/523/247 1482/531/247
f 1483/524/248 1484/525/248 1485/522/248
f 1486/525/248 1487/523/248 1488/522/248
f 1489/522/249 1490/523/249 1491/524/249
f 1492/523/249 1493/525/249 1494/524/249
o 067f16ff-3322-4fd2-0a76-2626e99125c6
v -0.253551 0.042392 0.156250
v -0.253551 0.011142 0.156250
v -0.253551 0.042392 0.125000
v -0.253551 0.011142 0.156250
v -0.253551 0.011142 0.125000
v -0.253551 0.042392 0.125000
v -0.284801 0.042392 0.125000
v -0.284801 0.011142 0.125000
v -0.284801 0.042392 0.156250
v -0.284801 0.011142 0.125000
v -0.284801 0.011142 0.156250
v -0.284801 0.042392 0.156250
v -0.284801 0.042392 0.125000
v -0.284801 0.042392 0.156250
v -0.253551 0.042392 0.125000
v -0.284801 0.042392 0.156250
v -0.253551 0.042392 0.156250
v -0.253551 0.042392 0.125000
v -0.284801 0.011142 0.156250
v -0.284801 0.011142 0.125000
v -0.253551 0.011142 0.156250
v -0.284801 0.011142 0.125000
v -0.253551 0.011142 0.125000
v -0.253551 0.011142 0.156250
v -0.284801 0.042392 0.156250
v -0.284801 0.011142 0.156250
v -0.253551 0.042392 0.156250
v -0.284801 0.011142 0.156250
v -0.253551 0.011142 0.156250
v -0.253551 0.042392 0.156250
v -0.253551 0.042392 0.125000
v -0.253551 0.011142 0.125000
v -0.284801 0.042392 0.125000
v -0.253551 0.011142 0.125000
v -0.284801 0.011142 0.125000
v -0.284801 0.042392 0.125000
vn 1.0000 -0.0000 -0.0000
vn -1.0000 -0.0000 -0.0000
vn -0.0000 1.0000 -0.0000
vn -0.0000 -1.0000 -0.0000
vn -0.0000 -0.0000 1.0000
vn -0.0000 -0.0000 -1.0000
vt 0.445312 0.156250
vt 0.445312 0.187500
vt 0.437500 0.156250
vt 0.437500 0.187500
vt 0.468750 0.156250
vt 0.468750 0.187500
vt 0.460938 0.156250
vt 0.460938 0.187500
vt 0.468750 0.164062
vt 0.437500 0.164062
vt 0.468750 0.179688
vt 0.437500 0.179688
s 0
usemtl Material_0
f 1495/532/250 1496/533/250 1497/534/250
f 1498/533/250 1499/535/250 1500/534/250
f 1501/536/251 1502/537/251 1503/538/251
f 1504/537/251 1505/539/251 1506/538/251
f 1507/536/252 1508/540/252 1509/534/252
f 1510/540/252 1511/541/252 1512/534/252
f 1513/542/253 1514/537/253 1515/543/253
f 1516/537/253 1517/535/253 1518/543/253
f 1519/536/254 1520/537/254 1521/534/254
f 1522/537/254 1523/535/254 1524/534/254
f 1525/534/255 1526/535/255 1527/536/255
f 1528/535/255 1529/537/255 1530/536/255
o 8ed201a0-482e-7def-1a41-25a02a0ddd3b
v -0.191051 0.011142 0.156250
v -0.191051 -0.020108 0.156250
v -0.191051 0.011142 0.125000
v -0.191051 -0.020108 0.156250
v -0.191051 -0.020108 0.125000
v -0.191051 0.011142 0.125000
v -0.253551 0.011142 0.125000
v -0.253551 -0.020108 0.125000
v -0.253551 0.011142 0.156250
v -0.253551 -0.020108 0.125000
v -0.253551 -0.020108 0.156250
v -0.253551 0.011142 0.156250
v -0.253551 0.011142 0.125000
v -0.253551 0.011142 0.156250
v -0.191051 0.011142 0.125000
v -0.253551 0.011142 0.156250
v -0.191051 0.011142 0.156250
v -0.191051 0.011142 0.125000
v -0.253551 -0.020108 0.156250
v -0.253551 -0.020108 0.125000
v -0.191051 -0.020108 0.156250
v -0.253551 -0.020108 0.125000
v -0.191051 -0.020108 0.125000
v -0.191051 -0.020108 0.156250
v -0.253551 0.011142 0.156250
v -0.253551 -0.020108 0.156250
v -0.191051 0.011142 0.156250
v -0.253551 -0.020108 0.156250
v -0.191051 -0.020108 0.156250
v -0.191051 0.011142 0.156250
v -0.191051 0.011142 0.125000
v -0.191051 -0.020108 0.125000
v -0.253551 0.011142 0.125000
v -0.191051 -0.020108 0.125000
v -0.253551 -0.020108 0.125000
v -0.253551 0.011142 0.125000
vn 1.0000 -0.0000 -0.0000
vn -1.0000 -0.0000 -0.0000
vn -0.0000 1.0000 -0.0000
vn -0.0000 -1.0000 -0.0000
vn -0.0000 -0.0000 1.0000
vn -0.0000 -0.0000 -1.0000
vt 0.382812 0.187500
vt 0.382812 0.218750
vt 0.375000 0.187500
vt 0.375000 0.218750
vt 0.437500 0.187500
vt 0.437500 0.218750
vt 0.429688 0.187500
vt 0.429688 0.218750
vt 0.437500 0.195312
vt 0.375000 0.195312
vt 0.437500 0.210938
vt 0.375000 0.210938
s 0
usemtl Material_0
f 1531/544/256 1532/545/256 1533/546/256
f 1534/545/256 1535/547/256 1536/546/256
f 1537/548/257 1538/549/257 1539/550/257
f 1540/549/257 1541/551/257 1542/550/257
f 1543/548/258 1544/552/258 1545/546/258
f 1546/552/258 1547/553/258 1548/546/258
f 1549/554/259 1550/549/259 1551/555/259
f 1552/549/259 1553/547/259 1554/555/259
f 1555/548/260 1556/549/260 1557/546/260
f 1558/549/260 1559/547/260 1560/546/260
f 1561/546/261 1562/547/261 1563/548/261
f 1564/547/261 1565/549/261 1566/548/261
o 452b56e0-16d5-c476-2867-3b50e39276e8
v -0.253551 0.011142 0.203125
v -0.253551 -0.020108 0.203125
v -0.253551 0.011142 0.171875
v -0.253551 -0.020108 0.203125
v -0.253551 -0.020108 0.171875
v -0.253551 0.011142 0.171875
v -0.378551 0.011142 0.171875
v -0.378551 -0.020108 0.171875
v -0.378551 0.011142 0.203125
v -0.378551 -0.020108 0.171875
v -0.378551 -0.020108 0.203125
v -0.378551 0.011142 0.203125
v -0.378551 0.011142 0.171875
v -0.378551 0.011142 0.203125
v -0.253551 0.011142 0.171875
v -0.378551 0.011142 0.203125
v -0.253551 0.011142 0.203125
v -0.253551 0.011142 0.171875
v -0.378551 -0.020108 0.203125
v -0.378551 -0.020108 0.171875
v -0.253551 -0.020108 0.203125
v -0.378551 -0.020108 0.171875
v -0.253551 -0.020108 0.171875
v -0.253551 -0.020108 0.203125
v -0.378551 0.011142 0.203125
v -0.378551 -0.020108 0.203125
v -0.253551 0.011142 0.203125
v -0.378551 -0.020108 0.203125
v -0.253551 -0.020108 0.203125
v -0.253551 0.011142 0.203125
v -0.253551 0.011142 0.171875
v -0.253551 -0.020108 0.171875
v -0.378551 0.011142 0.171875
v -0.253551 -0.020108 0.171875
v -0.378551 -0.020108 0.171875
v -0.378551 0.011142 0.171875
vn 1.0000 -0.0000 -0.0000
vn -1.0000 -0.0000 -0.0000
vn -0.0000 1.0000 -0.0000
vn -0.0000 -1.0000 -0.0000
vn -0.0000 -0.0000 1.0000
vn -0.0000 -0.0000 -1.0000
vt 0.445312 0.187500
vt 0.445312 0.218750
vt 0.437500 0.187500
vt 0.437500 0.218750
vt 0.562500 0.187500
vt 0.562500 0.218750
vt 0.554688 0.187500
vt 0.554688 0.218750
vt 0.562500 0.195312
vt 0.437500 0.195312
vt 0.562500 0.210938
vt 0.437500 0.210938
s 0
usemtl Material_0
f 1567/556/262 1568/557/262 1569/558/262
f 1570/557/262 1571/559/262 1572/558/262
f 1573/560/263 1574/561/263 1575/562/263
f 1576/561/263 1577/563/263 1578/562/263
f 1579/560/264 1580/564/264 1581/558/264
f 1582/564/264 1583/565/264 1584/558/264
f 1585/566/265 1586/561/265 1587/567/265
f 1588/561/265 1589/559/265 1590/567/265
f 1591/560/266 1592/561/266 1593/558/266
f 1594/561/266 1595/559/266 1596/558/266
f 1597/558/267 1598/559/267 1599/560/267
f 1600/559/267 1601/561/267 1602/560/267
o e374f981-c28e-3609-3df2-3818faf06cdc
v -0.159801 -0.020108 0.187500
v -0.159801 -0.051358 0.187500
v -0.159801 -0.020108 0.156250
v -0.159801 -0.051358 0.187500
v -0.159801 -0.051358 0.156250
v -0.159801 -0.020108 0.156250
v -0.347301 -0.020108 0.156250
v -0.347301 -0.051358 0.156250
v -0.347301 -0.020108 0.187500
v -0.347301 -0.051358 0.156250
v -0.347301 -0.051358 0.187500
v -0.347301 -0.020108 0.187500
v -0.347301 -0.020108 0.156250
v -0.347301 -0.020108 0.187500
v -0.159801 -0.020108 0.156250
v -0.347301 -0.020108 0.187500
v -0.159801 -0.020108 0.187500
v -0.159801 -0.020108 0.156250
v -0.347301 -0.051358 0.187500
v -0.347301 -0.051358 0.156250
v -0.159801 -0.051358 0.187500
v -0.347301 -0.051358 0.156250
v -0.159801 -0.051358 0.156250
v -0.159801 -0.051358 0.187500
v -0.347301 -0.020108 0.187500
v -0.347301 -0.051358 0.187500
v -0.159801 -0.020108 0.187500
v -0.347301 -0.051358 0.187500
v -0.159801 -0.051358 0.187500
v -0.159801 -0.020108 0.187500
v -0.159801 -0.020108 0.156250
v -0.159801 -0.051358 0.156250
v -0.347301 -0.020108 0.156250
v -0.159801 -0.051358 0.156250
v -0.347301 -0.051358 0.156250
v -0.347301 -0.020108 0.156250
vn 1.0000 -0.0000 -0.0000
vn -1.0000 -0.0000 -0.0000
vn -0.0000 1.0000 -0.0000
vn -0.0000 -1.0000 -0.0000
vn -0.0000 -0.0000 1.0000
vn -0.0000 -0.0000 -1.0000
vt 0.343750 0.218750
vt 0.343750 0.250000
vt 0.351562 0.218750
vt 0.351562 0.250000
vt 0.523438 0.218750
vt 0.523438 0.250000
vt 0.531250 0.218750
vt 0.531250 0.250000
vt 0.531250 0.226562
vt 0.343750 0.226562
vt 0.531250 0.242188
vt 0.343750 0.242188
s 0
usemtl Material_0
f 1603/568/268 1604/569/268 1605/570/268
f 1606/569/268 1607/571/268 1608/570/268
f 1609/572/269 1610/573/269 1611/574/269
f 1612/573/269 1613/575/269 1614/574/269
f 1615/576/270 1616/574/270 1617/577/270
f 1618/574/270 1619/568/270 1620/577/270
f 1621/575/271 1622/578/271 1623/569/271
f 1624/578/271 1625/579/271 1626/569/271
f 1627/574/272 1628/575/272 1629/568/272
f 1630/575/272 1631/569/272 1632/568/272
f 1633/568/273 1634/569/273 1635/574/273
f 1636/569/273 1637/575/273 1638/574/273
o bc013941-1f73-1574-1120-c78241178131
v -0.159801 0.136142 0.171875
v -0.159801 0.073642 0.171875
v -0.159801 0.136142 0.140625
v -0.159801 0.073642 0.171875
v -0.159801 0.073642 0.140625
v -0.159801 0.136142 0.140625
v -0.191051 0.136142 0.140625
v -0.191051 0.073642 0.140625
v -0.191051 0.136142 0.171875
v -0.191051 0.073642 0.140625
v -0.191051 0.073642 0.171875
v -0.191051 0.136142 0.171875
v -0.191051 0.136142 0.140625
v -0.191051 0.136142 0.171875
v -0.159801 0.136142 0.140625
v -0.191051 0.136142 0.171875
v -0.159801 0.136142 0.171875
v -0.159801 0.136142 0.140625
v -0.191051 0.073642 0.171875
v -0.191051 0.073642 0.140625
v -0.159801 0.073642 0.171875
v -0.191051 0.073642 0.140625
v -0.159801 0.073642 0.140625
v -0.159801 0.073642 0.171875
v -0.191051 0.136142 0.171875
v -0.191051 0.073642 0.171875
v -0.159801 0.136142 0.171875
v -0.191051 0.073642 0.171875
v -0.159801 0.073642 0.171875
v -0.159801 0.136142 0.171875
v -0.159801 0.136142 0.140625
v -0.159801 0.073642 0.140625
v -0.191051 0.136142 0.140625
v -0.159801 0.073642 0.140625
v -0.191051 0.073642 0.140625
v -0.191051 0.136142 0.140625
vn 1.0000 -0.0000 -0.0000
vn -1.0000 -0.0000 -0.0000
vn -0.0000 1.0000 -0.0000
vn -0.0000 -1.0000 -0.0000
vn -0.0000 -0.0000 1.0000
vn -0.0000 -0.0000 -1.0000
vt 0.351562 0.062500
vt 0.351562 0.125000
vt 0.343750 0.062500
vt 0.343750 0.125000
vt 0.375000 0.062500
vt 0.375000 0.125000
vt 0.367188 0.062500
vt 0.367188 0.125000
vt 0.375000 0.070312
vt 0.343750 0.070312
vt 0.375000 0.117188
vt 0.343750 0.117188
s 0
usemtl Material_0
f 1639/580/274 1640/581/274 1641/582/274
f 1642/581/274 1643/583/274 1644/582/274
f 1645/584/275 1646/585/275 1647/586/275
f 1648/585/275 1649/587/275 1650/586/275
f 1651/584/276 1652/588/276 1653/582/276
f 1654/588/276 1655/589/276 1656/582/276
f 1657/590/277 1658/585/277 1659/591/277
f 1660/585/277 1661/583/277 1662/591/277
f 1663/584/278 1664/585/278 1665/582/278
f 1666/585/278 1667/583/278 1668/582/278
f 1669/582/279 1670/583/279 1671/584/279
f 1672/583/279 1673/585/279 1674/584/279
o cc9faad8-22d0-7770-80cd-12f77a9cf757
v -0.159801 0.073642 0.171875
v -0.159801 -0.020108 0.171875
v -0.159801 0.073642 0.140625
v -0.159801 -0.020108 0.171875
v -0.159801 -0.020108 0.140625
v -0.159801 0.073642 0.140625
v -0.191051 0.073642 0.140625
v -0.191051 -0.020108 0.140625
v -0.191051 0.073642 0.171875
v -0.191051 -0.020108 0.140625
v -0.191051 -0.020108 0.171875
v -0.191051 0.073642 0.171875
v -0.191051 0.073642 0.140625
v -0.191051 0.073642 0.171875
v -0.159801 0.073642 0.140625
v -0.191051 0.073642 0.171875
v -0.159801 0.073642 0.171875
v -0.159801 0.073642 0.140625
v -0.191051 -0.020108 0.171875
v -0.191051 -0.020108 0.140625
v -0.159801 -0.020108 0.171875
v -0.191051 -0.020108 0.140625
v -0.159801 -0.020108 0.140625
v -0.159801 -0.020108 0.171875
v -0.191051 0.073642 0.171875
v -0.191051 -0.020108 0.171875
v -0.159801 0.073642 0.171875
v -0.191051 -0.020108 0.171875
v -0.159801 -0.020108 0.171875
v -0.159801 0.073642 0.171875
v -0.159801 0.073642 0.140625
v -0.159801 -0.020108 0.140625
v -0.191051 0.073642 0.140625
v -0.159801 -0.020108 0.140625
v -0.191051 -0.020108 0.140625
v -0.191051 0.073642 0.140625
vn 1.0000 -0.0000 -0.0000
vn -1.0000 -0.0000 -0.0000
vn -0.0000 1.0000 -0.0000
vn -0.0000 -1.0000 -0.0000
vn -0.0000 -0.0000 1.0000
vn -0.0000 -0.0000 -1.0000
vt 0.351562 0.125000
vt 0.351562 0.218750
vt 0.343750 0.125000
vt 0.343750 0.218750
vt 0.375000 0.125000
vt 0.375000 0.218750
vt 0.367188 0.125000
vt 0.367188 0.218750
vt 0.375000 0.132812
vt 0.343750 0.132812
vt 0.375000 0.210938
vt 0.343750 0.210938
s 0
usemtl Material_0
f 1675/592/280 1676/593/280 1677/594/280
f 1678/593/280 1679/595/280 1680/594/280
f 1681/596/281 1682/597/281 1683/598/281
f 1684/597/281 1685/599/281 1686/598/281
f 1687/596/282 1688/600/282 1689/594/282
f 1690/600/282 1691/601/282 1692/594/282
f 1693/602/283 1694/597/283 1695/603/283
f 1696/597/283 1697/595/283 1698/603/283
f 1699/596/284 1700/597/284 1701/594/284
f 1702/597/284 1703/595/284 1704/594/284
f 1705/594/285 1706/595/285 1707/596/285
f 1708/595/285 1709/597/285 1710/596/285
o 53bd3e70-8405-ca46-d637-ca42c3154491
v -0.128551 0.073642 0.156250
v -0.128551 0.042392 0.156250
v -0.128551 0.073642 0.125000
v -0.128551 0.042392 0.156250
v -0.128551 0.042392 0.125000
v -0.128551 0.073642 0.125000
v -0.159801 0.073642 0.125000
v -0.159801 0.042392 0.125000
v -0.159801 0.073642 0.156250
v -0.159801 0.042392 0.125000
v -0.159801 0.042392 0.156250
v -0.159801 0.073642 0.156250
v -0.159801 0.073642 0.125000
v -0.159801 0.073642 0.156250
v -0.128551 0.073642 0.125000
v -0.159801 0.073642 0.156250
v -0.128551 0.073642 0.156250
v -0.128551 0.073642 0.125000
v -0.159801 0.042392 0.156250
v -0.159801 0.042392 0.125000
v -0.128551 0.042392 0.156250
v -0.159801 0.042392 0.125000
v -0.128551 0.042392 0.125000
v -0.128551 0.042392 0.156250
v -0.159801 0.073642 0.156250
v -0.159801 0.042392 0.156250
v -0.128551 0.073642 0.156250
v -0.159801 0.042392 0.156250
v -0.128551 0.042392 0.156250
v -0.128551 0.073642 0.156250
v -0.128551 0.073642 0.125000
v -0.128551 0.042392 0.125000
v -0.159801 0.073642 0.125000
v -0.128551 0.042392 0.125000
v -0.159801 0.042392 0.125000
v -0.159801 0.073642 0.125000
vn 1.0000 -0.0000 -0.0000
vn -1.0000 -0.0000 -0.0000
vn -0.0000 1.0000 -0.0000
vn -0.0000 -1.0000 -0.0000
vn -0.0000 -0.0000 1.0000
vn -0.0000 -0.0000 -1.0000
vt 0.320312 0.125000
vt 0.320312 0.156250
vt 0.312500 0.125000
vt 0.312500 0.156250
vt 0.343750 0.125000
vt 0.343750 0.156250
vt 0.335938 0.125000
vt 0.335938 0.156250
vt 0.343750 0.132812
vt 0.312500 0.132812
vt 0.343750 0.148438
vt 0.312500 0.148438
s 0
usemtl Material_0
f 1711/604/286 1712/605/286 1713/606/286
f 1714/605/286 1715/607/286 1716/606/286
f 1717/608/287 1718/609/287 1719/610/287
f 1720/609/287 1721/611/287 1722/610/287
f 1723/608/288 1724/612/288 1725/606/288
f 1726/612/288 1727/613/288 1728/606/288
f 1729/614/289 1730/609/289 1731/615/289
f 1732/609/289 1733/607/289 1734/615/289
f 1735/608/290 1736/609/290 1737/606/290
f 1738/609/290 1739/607/290 1740/606/290
f 1741/606/291 1742/607/291 1743/608/291
f 1744/607/291 1745/609/291 1746/608/291
o 17371d0d-3db8-e88c-ff38-0f4af77723bf
v -0.128551 0.042392 0.171875
v -0.128551 0.011142 0.171875
v -0.128551 0.042392 0.140625
v -0.128551 0.011142 0.171875
v -0.128551 0.011142 0.140625
v -0.128551 0.042392 0.140625
v -0.159801 0.042392 0.140625
v -0.159801 0.011142 0.140625
v -0.159801 0.042392 0.171875
v -0.159801 0.011142 0.140625
v -0.159801 0.011142 0.171875
v -0.159801 0.042392 0.171875
v -0.159801 0.042392 0.140625
v -0.159801 0.042392 0.171875
v -0.128551 0.042392 0.140625
v -0.159801 0.042392 0.171875
v -0.128551 0.042392 0.171875
v -0.128551 0.042392 0.140625
v -0.159801 0.042392 0.171875
v -0.159801 0.011142 0.171875
v -0.128551 0.042392 0.171875
v -0.159801 0.011142 0.171875
v -0.128551 0.011142 0.171875
v -0.128551 0.042392 0.171875
v -0.128551 0.042392 0.140625
v -0.128551 0.011142 0.140625
v -0.159801 0.042392 0.140625
v -0.128551 0.011142 0.140625
v -0.159801 0.011142 0.140625
v -0.159801 0.042392 0.140625
vn 1.0000 -0.0000 -0.0000
vn -1.0000 -0.0000 -0.0000
vn -0.0000 1.0000 -0.0000
vn -0.0000 -0.0000 1.0000
vn -0.0000 -0.0000 -1.0000
vt 0.320312 0.156250
vt 0.320312 0.187500
vt 0.312500 0.156250
vt 0.312500 0.187500
vt 0.343750 0.156250
vt 0.343750 0.187500
vt 0.335938 0.156250
vt 0.335938 0.187500
vt 0.343750 0.164062
vt 0.312500 0.164062
s 0
usemtl Material_0
f 1747/616/292 1748/617/292 1749/618/292
f 1750/617/292 1751/619/292 1752/618/292
f 1753/620/293 1754/621/293 1755/622/293
f 1756/621/293 1757/623/293 1758/622/293
f 1759/620/294 1760/624/294 1761/618/294
f 1762/624/294 1763/625/294 1764/618/294
f 1765/620/295 1766/621/295 1767/618/295
f 1768/621/295 1769/619/295 1770/618/295
f 1771/618/296 1772/619/296 1773/620/296
f 1774/619/296 1775/621/296 1776/620/296
o f0788d54-4bc9-0437-a897-08e6e6b2731c
v -0.159801 0.011142 0.140625
v -0.159801 -0.051358 0.140625
v -0.159801 0.011142 0.171875
v -0.159801 -0.051358 0.140625
v -0.159801 -0.051358 0.171875
v -0.159801 0.011142 0.171875
v -0.159801 0.011142 0.140625
v -0.159801 0.011142 0.171875
v -0.097301 0.011142 0.140625
v -0.159801 0.011142 0.171875
v -0.097301 0.011142 0.171875
v -0.097301 0.011142 0.140625
v -0.159801 -0.051358 0.171875
v -0.159801 -0.051358 0.140625
v -0.097301 -0.051358 0.171875
v -0.159801 -0.051358 0.140625
v -0.097301 -0.051358 0.140625
v -0.097301 -0.051358 0.171875
v -0.159801 0.011142 0.171875
v -0.159801 -0.051358 0.171875
v -0.097301 0.011142 0.171875
v -0.159801 -0.051358 0.171875
v -0.097301 -0.051358 0.171875
v -0.097301 0.011142 0.171875
v -0.097301 0.011142 0.140625
v -0.097301 -0.051358 0.140625
v -0.159801 0.011142 0.140625
v -0.097301 -0.051358 0.140625
v -0.159801 -0.051358 0.140625
v -0.159801 0.011142 0.140625
vn -1.0000 -0.0000 -0.0000
vn -0.0000 1.0000 -0.0000
vn -0.0000 -1.0000 -0.0000
vn -0.0000 -0.0000 1.0000
vn -0.0000 -0.0000 -1.0000
vt 0.343750 0.187500
vt 0.343750 0.250000
vt 0.335938 0.187500
vt 0.335938 0.250000
vt 0.343750 0.195312
vt 0.281250 0.187500
vt 0.281250 0.195312
vt 0.343750 0.242188
vt 0.281250 0.242188
vt 0.281250 0.250000
s 0
usemtl Material_0
f 1777/626/297 1778/627/297 1779/628/297
f 1780/627/297 1781/629/297 1782/628/297
f 1783/626/298 1784/630/298 1785/631/298
f 1786/630/298 1787/632/298 1788/631/298
f 1789/633/299 1790/627/299 1791/634/299
f 1792/627/299 1793/635/299 1794/634/299
f 1795/626/300 1796/627/300 1797/631/300
f 1798/627/300 1799/635/300 1800/631/300
f 1801/631/301 1802/635/301 1803/626/301
f 1804/635/301 1805/627/301 1806/626/301
o fd29dba7-9ae0-fdee-967f-bdb614f8a762
v -0.066051 0.042392 0.156250
v -0.066051 0.011142 0.156250
v -0.066051 0.042392 0.125000
v -0.066051 0.011142 0.156250
v -0.066051 0.011142 0.125000
v -0.066051 0.042392 0.125000
v -0.128551 0.042392 0.125000
v -0.128551 0.011142 0.125000
v -0.128551 0.042392 0.156250
v -0.128551 0.011142 0.125000
v -0.128551 0.011142 0.156250
v -0.128551 0.042392 0.156250
v -0.128551 0.042392 0.125000
v -0.128551 0.042392 0.156250
v -0.066051 0.042392 0.125000
v -0.128551 0.042392 0.156250
v -0.066051 0.042392 0.156250
v -0.066051 0.042392 0.125000
v -0.128551 0.011142 0.156250
v -0.128551 0.011142 0.125000
v -0.066051 0.011142 0.156250
v -0.128551 0.011142 0.125000
v -0.066051 0.011142 0.125000
v -0.066051 0.011142 0.156250
v -0.128551 0.042392 0.156250
v -0.128551 0.011142 0.156250
v -0.066051 0.042392 0.156250
v -0.128551 0.011142 0.156250
v -0.066051 0.011142 0.156250
v -0.066051 0.042392 0.156250
v -0.066051 0.042392 0.125000
v -0.066051 0.011142 0.125000
v -0.128551 0.042392 0.125000
v -0.066051 0.011142 0.125000
v -0.128551 0.011142 0.125000
v -0.128551 0.042392 0.125000
vn 1.0000 -0.0000 -0.0000
vn -1.0000 -0.0000 -0.0000
vn -0.0000 1.0000 -0.0000
vn -0.0000 -1.0000 -0.0000
vn -0.0000 -0.0000 1.0000
vn -0.0000 -0.0000 -1.0000
vt 0.257812 0.156250
vt 0.257812 0.187500
vt 0.250000 0.156250
vt 0.250000 0.187500
vt 0.312500 0.156250
vt 0.312500 0.187500
vt 0.304688 0.156250
vt 0.304688 0.187500
vt 0.312500 0.164062
vt 0.250000 0.164062
vt 0.312500 0.179688
vt 0.250000 0.179688
s 0
usemtl Material_0
f 1807/636/302 1808/637/302 1809/638/302
f 1810/637/302 1811/639/302 1812/638/302
f 1813/640/303 1814/641/303 1815/642/303
f 1816/641/303 1817/643/303 1818/642/303
f 1819/640/304 1820/644/304 1821/638/304
f 1822/644/304 1823/645/304 1824/638/304
f 1825/646/305 1826/641/305 1827/647/305
f 1828/641/305 1829/639/305 1830/647/305
f 1831/640/306 1832/641/306 1833/638/306
f 1834/641/306 1835/639/306 1836/638/306
f 1837/638/307 1838/639/307 1839/640/307
f 1840/639/307 1841/641/307 1842/640/307
o 694b25ab-683e-c436-cb9c-e46a80657d46
v -0.034801 0.011142 0.156250
v -0.034801 -0.020108 0.156250
v -0.034801 0.011142 0.125000
v -0.034801 -0.020108 0.156250
v -0.034801 -0.020108 0.125000
v -0.034801 0.011142 0.125000
v -0.066051 0.011142 0.125000
v -0.066051 -0.020108 0.125000
v -0.066051 0.011142 0.156250
v -0.066051 -0.020108 0.125000
v -0.066051 -0.020108 0.156250
v -0.066051 0.011142 0.156250
v -0.066051 0.011142 0.125000
v -0.066051 0.011142 0.156250
v -0.034801 0.011142 0.125000
v -0.066051 0.011142 0.156250
v -0.034801 0.011142 0.156250
v -0.034801 0.011142 0.125000
v -0.066051 -0.020108 0.156250
v -0.066051 -0.020108 0.125000
v -0.034801 -0.020108 0.156250
v -0.066051 -0.020108 0.125000
v -0.034801 -0.020108 0.125000
v -0.034801 -0.020108 0.156250
v -0.066051 0.011142 0.156250
v -0.066051 -0.020108 0.156250
v -0.034801 0.011142 0.156250
v -0.066051 -0.020108 0.156250
v -0.034801 -0.020108 0.156250
v -0.034801 0.011142 0.156250
v -0.034801 0.011142 0.125000
v -0.034801 -0.020108 0.125000
v -0.066051 0.011142 0.125000
v -0.034801 -0.020108 0.125000
v -0.066051 -0.020108 0.125000
v -0.066051 0.011142 0.125000
vn 1.0000 -0.0000 -0.0000
vn -1.0000 -0.0000 -0.0000
vn -0.0000 1.0000 -0.0000
vn -0.0000 -1.0000 -0.0000
vn -0.0000 -0.0000 1.0000
vn -0.0000 -0.0000 -1.0000
vt 0.976562 0.031250
vt 0.976562 0.062500
vt 0.968750 0.031250
vt 0.968750 0.062500
vt 1.000000 0.031250
vt 1.000000 0.062500
vt 0.992188 0.031250
vt 0.992188 0.062500
vt 1.000000 0.039062
vt 0.968750 0.039062
vt 1.000000 0.054688
vt 0.968750 0.054688
s 0
usemtl Material_0
f 1843/648/308 1844/649/308 1845/650/308
f 1846/649/308 1847/651/308 1848/650/308
f 1849/652/309 1850/653/309 1851/654/309
f 1852/653/309 1853/655/309 1854/654/309
f 1855/652/310 1856/656/310 1857/650/310
f 1858/656/310 1859/657/310 1860/650/310
f 1861/658/311 1862/653/311 1863/659/311
f 1864/653/311 1865/651/311 1866/659/311
f 1867/652/312 1868/653/312 1869/650/312
f 1870/653/312 1871/651/312 1872/650/312
f 1873/650/313 1874/651/313 1875/652/313
f 1876/651/313 1877/653/313 1878/652/313
o 827ea65a-abae-1359-963d-ec65f101ebb4
v -0.034801 -0.020108 0.171875
v -0.034801 -0.082608 0.171875
v -0.034801 -0.020108 0.140625
v -0.034801 -0.082608 0.171875
v -0.034801 -0.082608 0.140625
v -0.034801 -0.020108 0.140625
v -0.066051 -0.020108 0.140625
v -0.066051 -0.082608 0.140625
v -0.066051 -0.020108 0.171875
v -0.066051 -0.082608 0.140625
v -0.066051 -0.082608 0.171875
v -0.066051 -0.020108 0.171875
v -0.066051 -0.020108 0.140625
v -0.066051 -0.020108 0.171875
v -0.034801 -0.020108 0.140625
v -0.066051 -0.020108 0.171875
v -0.034801 -0.020108 0.171875
v -0.034801 -0.020108 0.140625
v -0.066051 -0.082608 0.171875
v -0.066051 -0.082608 0.140625
v -0.034801 -0.082608 0.171875
v -0.066051 -0.082608 0.140625
v -0.034801 -0.082608 0.140625
v -0.034801 -0.082608 0.171875
v -0.066051 -0.020108 0.171875
v -0.066051 -0.082608 0.171875
v -0.034801 -0.020108 0.171875
v -0.066051 -0.082608 0.171875
v -0.034801 -0.082608 0.171875
v -0.034801 -0.020108 0.171875
v -0.034801 -0.020108 0.140625
v -0.034801 -0.082608 0.140625
v -0.066051 -0.020108 0.140625
v -0.034801 -0.082608 0.140625
v -0.066051 -0.082608 0.140625
v -0.066051 -0.020108 0.140625
vn 1.0000 -0.0000 -0.0000
vn -1.0000 -0.0000 -0.0000
vn -0.0000 1.0000 -0.0000
vn -0.0000 -1.0000 -0.0000
vn -0.0000 -0.0000 1.0000
vn -0.0000 -0.0000 -1.0000
vt 0.976562 0.062500
vt 0.976562 0.125000
vt 0.968750 0.062500
vt 0.968750 0.125000
vt 1.000000 0.062500
vt 1.000000 0.125000
vt 0.992188 0.062500
vt 0.992188 0.125000
vt 1.000000 0.070312
vt 0.968750 0.070312
vt 1.000000 0.117188
vt 0.968750 0.117188
s 0
usemtl Material_0
f 1879/660/314 1880/661/314 1881/662/314
f 1882/661/314 1883/663/314 1884/662/314
f 1885/664/315 1886/665/315 1887/666/315
f 1888/665/315 1889/667/315 1890/666/315
f 1891/664/316 1892/668/316 1893/662/316
f 1894/668/316 1895/669/316 1896/662/316
f 1897/670/317 1898/665/317 1899/671/317
f 1900/665/317 1901/663/317 1902/671/317
f 1903/664/318 1904/665/318 1905/662/318
f 1906/665/318 1907/663/318 1908/662/318
f 1909/662/319 1910/663/319 1911/664/319
f 1912/663/319 1913/665/319 1914/664/319
o 966b43fb-8d46-f435-784e-76833c97e458
v -0.066051 0.011142 0.171875
v -0.066051 -0.082608 0.171875
v -0.066051 0.011142 0.140625
v -0.066051 -0.082608 0.171875
v -0.066051 -0.082608 0.140625
v -0.066051 0.011142 0.140625
v -0.097301 0.011142 0.140625
v -0.097301 -0.082608 0.140625
v -0.097301 0.011142 0.171875
v -0.097301 -0.082608 0.140625
v -0.097301 -0.082608 0.171875
v -0.097301 0.011142 0.171875
v -0.097301 0.011142 0.140625
v -0.097301 0.011142 0.171875
v -0.066051 0.011142 0.140625
v -0.097301 0.011142 0.171875
v -0.066051 0.011142 0.171875
v -0.066051 0.011142 0.140625
v -0.097301 -0.082608 0.171875
v -0.097301 -0.082608 0.140625
v -0.066051 -0.082608 0.171875
v -0.097301 -0.082608 0.140625
v -0.066051 -0.082608 0.140625
v -0.066051 -0.082608 0.171875
v -0.097301 0.011142 0.171875
v -0.097301 -0.082608 0.171875
v -0.066051 0.011142 0.171875
v -0.097301 -0.082608 0.171875
v -0.066051 -0.082608 0.171875
v -0.066051 0.011142 0.171875
v -0.066051 0.011142 0.140625
v -0.066051 -0.082608 0.140625
v -0.097301 0.011142 0.140625
v -0.066051 -0.082608 0.140625
v -0.097301 -0.082608 0.140625
v -0.097301 0.011142 0.140625
vn 1.0000 -0.0000 -0.0000
vn -1.0000 -0.0000 -0.0000
vn -0.0000 1.0000 -0.0000
vn -0.0000 -1.0000 -0.0000
vn -0.0000 -0.0000 1.0000
vn -0.0000 -0.0000 -1.0000
vt 0.257812 0.187500
vt 0.257812 0.281250
vt 0.250000 0.187500
vt 0.250000 0.281250
vt 0.281250 0.187500
vt 0.281250 0.281250
vt 0.273438 0.187500
vt 0.273438 0.281250
vt 0.281250 0.195312
vt 0.250000 0.195312
vt 0.281250 0.273438
vt 0.250000 0.273438
s 0
usemtl Material_0
f 1915/672/320 1916/673/320 1917/674/320
f 1918/673/320 1919/675/320 1920/674/320
f 1921/676/321 1922/677/321 1923/678/321
f 1924/677/321 1925/679/321 1926/678/321
f 1927/676/322 1928/680/322 1929/674/322
f 1930/680/322 1931/681/322 1932/674/322
f 1933/682/323 1934/677/323 1935/683/323
f 1936/677/323 1937/675/323 1938/683/323
f 1939/676/324 1940/677/324 1941/674/324
f 1942/677/324 1943/675/324 1944/674/324
f 1945/674/325 1946/675/325 1947/676/325
f 1948/675/325 1949/677/325 1950/676/325
o 585a7997-38e9-9711-4ccf-4aa7e0b8d180
v -0.097301 -0.051358 0.171875
v -0.097301 -0.113858 0.171875
v -0.097301 -0.051358 0.140625
v -0.097301 -0.113858 0.171875
v -0.097301 -0.113858 0.140625
v -0.097301 -0.051358 0.140625
v -0.191051 -0.051358 0.140625
v -0.191051 -0.113858 0.140625
v -0.191051 -0.051358 0.171875
v -0.191051 -0.113858 0.140625
v -0.191051 -0.113858 0.171875
v -0.191051 -0.051358 0.171875
v -0.191051 -0.051358 0.140625
v -0.191051 -0.051358 0.171875
v -0.097301 -0.051358 0.140625
v -0.191051 -0.051358 0.171875
v -0.097301 -0.051358 0.171875
v -0.097301 -0.051358 0.140625
v -0.191051 -0.113858 0.171875
v -0.191051 -0.113858 0.140625
v -0.097301 -0.113858 0.171875
v -0.191051 -0.113858 0.140625
v -0.097301 -0.113858 0.140625
v -0.097301 -0.113858 0.171875
v -0.191051 -0.051358 0.171875
v -0.191051 -0.113858 0.171875
v -0.097301 -0.051358 0.171875
v -0.191051 -0.113858 0.171875
v -0.097301 -0.113858 0.171875
v -0.097301 -0.051358 0.171875
v -0.097301 -0.051358 0.140625
v -0.097301 -0.113858 0.140625
v -0.191051 -0.051358 0.140625
v -0.097301 -0.113858 0.140625
v -0.191051 -0.113858 0.140625
v -0.191051 -0.051358 0.140625
vn 1.0000 -0.0000 -0.0000
vn -1.0000 -0.0000 -0.0000
vn -0.0000 1.0000 -0.0000
vn -0.0000 -1.0000 -0.0000
vn -0.0000 -0.0000 1.0000
vn -0.0000 -0.0000 -1.0000
vt 0.289062 0.250000
vt 0.289062 0.312500
vt 0.281250 0.250000
vt 0.281250 0.312500
vt 0.375000 0.250000
vt 0.375000 0.312500
vt 0.367188 0.250000
vt 0.367188 0.312500
vt 0.375000 0.257812
vt 0.281250 0.257812
vt 0.375000 0.304688
vt 0.281250 0.304688
s 0
usemtl Material_0
f 1951/684/326 1952/685/326 1953/686/326
f 1954/685/326 1955/687/326 1956/686/326
f 1957/688/327 1958/689/327 1959/690/327
f 1960/689/327 1961/691/327 1962/690/327
f 1963/688/328 1964/692/328 1965/686/328
f 1966/692/328 1967/693/328 1968/686/328
f 1969/694/329 1970/689/329 1971/695/329
f 1972/689/329 1973/687/329 1974/695/329
f 1975/688/330 1976/689/330 1977/686/330
f 1978/689/330 1979/687/330 1980/686/330
f 1981/686/331 1982/687/331 1983/688/331
f 1984/687/331 1985/689/331 1986/688/331
o a1995068-aff6-4afc-fb86-44c4f29bf18b
v -0.191051 -0.051358 0.187500
v -0.191051 -0.082608 0.187500
v -0.191051 -0.051358 0.156250
v -0.191051 -0.082608 0.187500
v -0.191051 -0.082608 0.156250
v -0.191051 -0.051358 0.156250
v -0.284801 -0.051358 0.156250
v -0.284801 -0.082608 0.156250
v -0.284801 -0.051358 0.187500
v -0.284801 -0.082608 0.156250
v -0.284801 -0.082608 0.187500
v -0.284801 -0.051358 0.187500
v -0.284801 -0.051358 0.156250
v -0.284801 -0.051358 0.187500
v -0.191051 -0.051358 0.156250
v -0.284801 -0.051358 0.187500
v -0.191051 -0.051358 0.187500
v -0.191051 -0.051358 0.156250
v -0.284801 -0.082608 0.187500
v -0.284801 -0.082608 0.156250
v -0.191051 -0.082608 0.187500
v -0.284801 -0.082608 0.156250
v -0.191051 -0.082608 0.156250
v -0.191051 -0.082608 0.187500
v -0.284801 -0.051358 0.187500
v -0.284801 -0.082608 0.187500
v -0.191051 -0.051358 0.187500
v -0.284801 -0.082608 0.187500
v -0.191051 -0.082608 0.187500
v -0.191051 -0.051358 0.187500
v -0.191051 -0.051358 0.156250
v -0.191051 -0.082608 0.156250
v -0.284801 -0.051358 0.156250
v -0.191051 -0.082608 0.156250
v -0.284801 -0.082608 0.156250
v -0.284801 -0.051358 0.156250
vn 1.0000 -0.0000 -0.0000
vn -1.0000 -0.0000 -0.0000
vn -0.0000 1.0000 -0.0000
vn -0.0000 -1.0000 -0.0000
vn -0.0000 -0.0000 1.0000
vn -0.0000 -0.0000 -1.0000
vt 0.382812 0.250000
vt 0.382812 0.281250
vt 0.375000 0.250000
vt 0.375000 0.281250
vt 0.468750 0.250000
vt 0.468750 0.281250
vt 0.460938 0.250000
vt 0.460938 0.281250
vt 0.468750 0.257812
vt 0.375000 0.257812
vt 0.468750 0.273438
vt 0.375000 0.273438
s 0
usemtl Material_0
f 1987/696/332 1988/697/332 1989/698/332
f 1990/697/332 1991/699/332 1992/698/332
f 1993/700/333 1994/701/333 1995/702/333
f 1996/701/333 1997/703/333 1998/702/333
f 1999/700/334 2000/704/334 2001/698/334
f 2002/704/334 2003/705/334 2004/698/334
f 2005/706/335 2006/701/335 2007/707/335
f 2008/701/335 2009/699/335 2010/707/335
f 2011/700/336 2012/701/336 2013/698/336
f 2014/701/336 2015/699/336 2016/698/336
f 2017/698/337 2018/699/337 2019/700/337
f 2020/699/337 2021/701/337 2022/700/337
o bf9e4e63-6c19-af5c-ed28-acc700e56d18
v -0.253551 -0.082608 0.203125
v -0.253551 -0.113858 0.203125
v -0.253551 -0.082608 0.171875
v -0.253551 -0.113858 0.203125
v -0.253551 -0.113858 0.171875
v -0.253551 -0.082608 0.171875
v -0.284801 -0.082608 0.171875
v -0.284801 -0.113858 0.171875
v -0.284801 -0.082608 0.203125
v -0.284801 -0.113858 0.171875
v -0.284801 -0.113858 0.203125
v -0.284801 -0.082608 0.203125
v -0.284801 -0.082608 0.171875
v -0.284801 -0.082608 0.203125
v -0.253551 -0.082608 0.171875
v -0.284801 -0.082608 0.203125
v -0.253551 -0.082608 0.203125
v -0.253551 -0.082608 0.171875
v -0.284801 -0.113858 0.203125
v -0.284801 -0.113858 0.171875
v -0.253551 -0.113858 0.203125
v -0.284801 -0.113858 0.171875
v -0.253551 -0.113858 0.171875
v -0.253551 -0.113858 0.203125
v -0.284801 -0.082608 0.203125
v -0.284801 -0.113858 0.203125
v -0.253551 -0.082608 0.203125
v -0.284801 -0.113858 0.203125
v -0.253551 -0.113858 0.203125
v -0.253551 -0.082608 0.203125
v -0.253551 -0.082608 0.171875
v -0.253551 -0.113858 0.171875
v -0.284801 -0.082608 0.171875
v -0.253551 -0.113858 0.171875
v -0.284801 -0.113858 0.171875
v -0.284801 -0.082608 0.171875
vn 1.0000 -0.0000 -0.0000
vn -1.0000 -0.0000 -0.0000
vn -0.0000 1.0000 -0.0000
vn -0.0000 -1.0000 -0.0000
vn -0.0000 -0.0000 1.0000
vn -0.0000 -0.0000 -1.0000
vt 0.445312 0.281250
vt 0.445312 0.312500
vt 0.437500 0.281250
vt 0.437500 0.312500
vt 0.468750 0.281250
vt 0.468750 0.312500
vt 0.460938 0.281250
vt 0.460938 0.312500
vt 0.468750 0.289062
vt 0.437500 0.289062
vt 0.468750 0.304688
vt 0.437500 0.304688
s 0
usemtl Material_0
f 2023/708/338 2024/709/338 2025/710/338
f 2026/709/338 2027/711/338 2028/710/338
f 2029/712/339 2030/713/339 2031/714/339
f 2032/713/339 2033/715/339 2034/714/339
f 2035/712/340 2036/716/340 2037/710/340
f 2038/716/340 2039/717/340 2040/710/340
f 2041/718/341 2042/713/341 2043/719/341
f 2044/713/341 2045/711/341 2046/719/341
f 2047/712/342 2048/713/342 2049/710/342
f 2050/713/342 2051/711/342 2052/710/342
f 2053/710/343 2054/711/343 2055/712/343
f 2056/711/343 2057/713/343 2058/712/343
o 2f3ff23c-ece2-da14-2ff3-414b8d29911e
v -0.222301 -0.113858 0.203125
v -0.222301 -0.145108 0.203125
v -0.222301 -0.113858 0.171875
v -0.222301 -0.145108 0.203125
v -0.222301 -0.145108 0.171875
v -0.222301 -0.113858 0.171875
v -0.253551 -0.113858 0.171875
v -0.253551 -0.145108 0.171875
v -0.253551 -0.113858 0.203125
v -0.253551 -0.145108 0.171875
v -0.253551 -0.145108 0.203125
v -0.253551 -0.113858 0.203125
v -0.253551 -0.113858 0.171875
v -0.253551 -0.113858 0.203125
v -0.222301 -0.113858 0.171875
v -0.253551 -0.113858 0.203125
v -0.222301 -0.113858 0.203125
v -0.222301 -0.113858 0.171875
v -0.253551 -0.145108 0.203125
v -0.253551 -0.145108 0.171875
v -0.222301 -0.145108 0.203125
v -0.253551 -0.145108 0.171875
v -0.222301 -0.145108 0.171875
v -0.222301 -0.145108 0.203125
v -0.253551 -0.113858 0.203125
v -0.253551 -0.145108 0.203125
v -0.222301 -0.113858 0.203125
v -0.253551 -0.145108 0.203125
v -0.222301 -0.145108 0.203125
v -0.222301 -0.113858 0.203125
v -0.222301 -0.113858 0.171875
v -0.222301 -0.145108 0.171875
v -0.253551 -0.113858 0.171875
v -0.222301 -0.145108 0.171875
v -0.253551 -0.145108 0.171875
v -0.253551 -0.113858 0.171875
vn 1.0000 -0.0000 -0.0000
vn -1.0000 -0.0000 -0.0000
vn -0.0000 1.0000 -0.0000
vn -0.0000 -1.0000 -0.0000
vn -0.0000 -0.0000 1.0000
vn -0.0000 -0.0000 -1.0000
vt 0.414062 0.312500
vt 0.414062 0.343750
vt 0.406250 0.312500
vt 0.406250 0.343750
vt 0.437500 0.312500
vt 0.437500 0.343750
vt 0.429688 0.312500
vt 0.429688 0.343750
vt 0.437500 0.320312
vt 0.406250 0.320312
vt 0.437500 0.335938
vt 0.406250 0.335938
s 0
usemtl Material_0
f 2059/720/344 2060/721/344 2061/722/344
f 2062/721/344 2063/723/344 2064/722/344
f 2065/724/345 2066/725/345 2067/726/345
f 2068/725/345 2069/727/345 2070/726/345
f 2071/724/346 2072/728/346 2073/722/346
f 2074/728/346 2075/729/346 2076/722/346
f 2077/730/347 2078/725/347 2079/731/347
f 2080/725/347 2081/723/347 2082/731/347
f 2083/724/348 2084/725/348 2085/722/348
f 2086/725/348 2087/723/348 2088/722/348
f 2089/722/349 2090/723/349 2091/724/349
f 2092/723/349 2093/725/349 2094/724/349
o 50c18347-4b72-f1f4-e2b5-dcdcaf0f4dcb
v -0.128551 -0.113858 0.203125
v -0.128551 -0.145108 0.203125
v -0.128551 -0.113858 0.171875
v -0.128551 -0.145108 0.203125
v -0.128551 -0.145108 0.171875
v -0.128551 -0.113858 0.171875
v -0.159801 -0.113858 0.171875
v -0.159801 -0.113858 0.203125
v -0.128551 -0.113858 0.171875
v -0.159801 -0.113858 0.203125
v -0.128551 -0.113858 0.203125
v -0.128551 -0.113858 0.171875
v -0.159801 -0.145108 0.203125
v -0.159801 -0.145108 0.171875
v -0.128551 -0.145108 0.203125
v -0.159801 -0.145108 0.171875
v -0.128551 -0.145108 0.171875
v -0.128551 -0.145108 0.203125
v -0.159801 -0.113858 0.203125
v -0.159801 -0.145108 0.203125
v -0.128551 -0.113858 0.203125
v -0.159801 -0.145108 0.203125
v -0.128551 -0.145108 0.203125
v -0.128551 -0.113858 0.203125
v -0.128551 -0.113858 0.171875
v -0.128551 -0.145108 0.171875
v -0.159801 -0.113858 0.171875
v -0.128551 -0.145108 0.171875
v -0.159801 -0.145108 0.171875
v -0.159801 -0.113858 0.171875
vn 1.0000 -0.0000 -0.0000
vn -0.0000 1.0000 -0.0000
vn -0.0000 -1.0000 -0.0000
vn -0.0000 -0.0000 1.0000
vn -0.0000 -0.0000 -1.0000
vt 0.320312 0.312500
vt 0.320312 0.343750
vt 0.312500 0.312500
vt 0.312500 0.343750
vt 0.343750 0.312500
vt 0.343750 0.320312
vt 0.312500 0.320312
vt 0.343750 0.335938
vt 0.343750 0.343750
vt 0.312500 0.335938
s 0
usemtl Material_0
f 2095/732/350 2096/733/350 2097/734/350
f 2098/733/350 2099/735/350 2100/734/350
f 2101/736/351 2102/737/351 2103/734/351
f 2104/737/351 2105/738/351 2106/734/351
f 2107/739/352 2108/740/352 2109/741/352
f 2110/740/352 2111/735/352 2112/741/352
f 2113/736/353 2114/740/353 2115/734/353
f 2116/740/353 2117/735/353 2118/734/353
f 2119/734/354 2120/735/354 2121/736/354
f 2122/735/354 2123/740/354 2124/736/354
o b7014ab6-1287-f8c9-8a62-5005e370584f
v -0.159801 -0.113858 0.203125
v -0.159801 -0.176358 0.203125
v -0.159801 -0.113858 0.171875
v -0.159801 -0.176358 0.203125
v -0.159801 -0.176358 0.171875
v -0.159801 -0.113858 0.171875
v -0.222301 -0.113858 0.171875
v -0.222301 -0.176358 0.171875
v -0.222301 -0.113858 0.203125
v -0.222301 -0.176358 0.171875
v -0.222301 -0.176358 0.203125
v -0.222301 -0.113858 0.203125
v -0.222301 -0.113858 0.171875
v -0.222301 -0.113858 0.203125
v -0.159801 -0.113858 0.171875
v -0.222301 -0.113858 0.203125
v -0.159801 -0.113858 0.203125
v -0.159801 -0.113858 0.171875
v -0.222301 -0.176358 0.203125
v -0.222301 -0.176358 0.171875
v -0.159801 -0.176358 0.203125
v -0.222301 -0.176358 0.171875
v -0.159801 -0.176358 0.171875
v -0.159801 -0.176358 0.203125
v -0.222301 -0.113858 0.203125
v -0.222301 -0.176358 0.203125
v -0.159801 -0.113858 0.203125
v -0.222301 -0.176358 0.203125
v -0.159801 -0.176358 0.203125
v -0.159801 -0.113858 0.203125
v -0.159801 -0.113858 0.171875
v -0.159801 -0.176358 0.171875
v -0.222301 -0.113858 0.171875
v -0.159801 -0.176358 0.171875
v -0.222301 -0.176358 0.171875
v -0.222301 -0.113858 0.171875
vn 1.0000 -0.0000 -0.0000
vn -1.0000 -0.0000 -0.0000
vn -0.0000 1.0000 -0.0000
vn -0.0000 -1.0000 -0.0000
vn -0.0000 -0.0000 1.0000
vn -0.0000 -0.0000 -1.0000
vt 0.351562 0.312500
vt 0.351562 0.375000
vt 0.343750 0.312500
vt 0.343750 0.375000
vt 0.406250 0.312500
vt 0.406250 0.375000
vt 0.398438 0.312500
vt 0.398438 0.375000
vt 0.406250 0.320312
vt 0.343750 0.320312
vt 0.406250 0.367188
vt 0.343750 0.367188
s 0
usemtl Material_0
f 2125/742/355 2126/743/355 2127/744/355
f 2128/743/355 2129/745/355 2130/744/355
f 2131/746/356 2132/747/356 2133/748/356
f 2134/747/356 2135/749/356 2136/748/356
f 2137/746/357 2138/750/357 2139/744/357
f 2140/750/357 2141/751/357 2142/744/357
f 2143/752/358 2144/747/358 2145/753/358
f 2146/747/358 2147/745/358 2148/753/358
f 2149/746/359 2150/747/359 2151/744/359
f 2152/747/359 2153/745/359 2154/744/359
f 2155/744/360 2156/745/360 2157/746/360
f 2158/745/360 2159/747/360 2160/746/360
o f433754b-bc8b-de51-34e8-291d004399c5
v -0.159801 -0.207608 0.187500
v -0.159801 -0.238858 0.187500
v -0.159801 -0.207608 0.156250
v -0.159801 -0.238858 0.187500
v -0.159801 -0.238858 0.156250
v -0.159801 -0.207608 0.156250
v -0.191051 -0.207608 0.156250
v -0.191051 -0.238858 0.156250
v -0.191051 -0.207608 0.187500
v -0.191051 -0.238858 0.156250
v -0.191051 -0.238858 0.187500
v -0.191051 -0.207608 0.187500
v -0.191051 -0.207608 0.156250
v -0.191051 -0.207608 0.187500
v -0.159801 -0.207608 0.156250
v -0.191051 -0.207608 0.187500
v -0.159801 -0.207608 0.187500
v -0.159801 -0.207608 0.156250
v -0.191051 -0.238858 0.187500
v -0.191051 -0.238858 0.156250
v -0.159801 -0.238858 0.187500
v -0.191051 -0.238858 0.156250
v -0.159801 -0.238858 0.156250
v -0.159801 -0.238858 0.187500
v -0.191051 -0.207608 0.187500
v -0.191051 -0.238858 0.187500
v -0.159801 -0.207608 0.187500
v -0.191051 -0.238858 0.187500
v -0.159801 -0.238858 0.187500
v -0.159801 -0.207608 0.187500
v -0.159801 -0.207608 0.156250
v -0.159801 -0.238858 0.156250
v -0.191051 -0.207608 0.156250
v -0.159801 -0.238858 0.156250
v -0.191051 -0.238858 0.156250
v -0.191051 -0.207608 0.156250
vn 1.0000 -0.0000 -0.0000
vn -1.0000 -0.0000 -0.0000
vn -0.0000 1.0000 -0.0000
vn -0.0000 -1.0000 -0.0000
vn -0.0000 -0.0000 1.0000
vn -0.0000 -0.0000 -1.0000
vt 0.351562 0.406250
vt 0.351562 0.437500
vt 0.343750 0.406250
vt 0.343750 0.437500
vt 0.375000 0.406250
vt 0.375000 0.437500
vt 0.367188 0.406250
vt 0.367188 0.437500
vt 0.375000 0.414062
vt 0.343750 0.414062
vt 0.375000 0.429688
vt 0.343750 0.429688
s 0
usemtl Material_0
f 2161/754/361 2162/755/361 2163/756/361
f 2164/755/361 2165/757/361 2166/756/361
f 2167/758/362 2168/759/362 2169/760/362
f 2170/759/362 2171/761/362 2172/760/362
f 2173/758/363 2174/762/363 2175/756/363
f 2176/762/363 2177/763/363 2178/756/363
f 2179/764/364 2180/759/364 2181/765/364
f 2182/759/364 2183/757/364 2184/765/364
f 2185/758/365 2186/759/365 2187/756/365
f 2188/759/365 2189/757/365 2190/756/365
f 2191/756/366 2192/757/366 2193/758/366
f 2194/757/366 2195/759/366 2196/758/366
o 7147c123-88c8-2354-ef4e-c54f05fe90d1
v -0.097301 -0.145108 0.187500
v -0.097301 -0.207608 0.187500
v -0.097301 -0.145108 0.156250
v -0.097301 -0.207608 0.187500
v -0.097301 -0.207608 0.156250
v -0.097301 -0.145108 0.156250
v -0.159801 -0.145108 0.156250
v -0.159801 -0.207608 0.156250
v -0.159801 -0.145108 0.187500
v -0.159801 -0.207608 0.156250
v -0.159801 -0.207608 0.187500
v -0.159801 -0.145108 0.187500
v -0.159801 -0.145108 0.156250
v -0.159801 -0.145108 0.187500
v -0.097301 -0.145108 0.156250
v -0.159801 -0.145108 0.187500
v -0.097301 -0.145108 0.187500
v -0.097301 -0.145108 0.156250
v -0.159801 -0.207608 0.187500
v -0.159801 -0.207608 0.156250
v -0.097301 -0.207608 0.187500
v -0.159801 -0.207608 0.156250
v -0.097301 -0.207608 0.156250
v -0.097301 -0.207608 0.187500
v -0.159801 -0.145108 0.187500
v -0.159801 -0.207608 0.187500
v -0.097301 -0.145108 0.187500
v -0.159801 -0.207608 0.187500
v -0.097301 -0.207608 0.187500
v -0.097301 -0.145108 0.187500
v -0.097301 -0.145108 0.156250
v -0.097301 -0.207608 0.156250
v -0.159801 -0.145108 0.156250
v -0.097301 -0.207608 0.156250
v -0.159801 -0.207608 0.156250
v -0.159801 -0.145108 0.156250
vn 1.0000 -0.0000 -0.0000
vn -1.0000 -0.0000 -0.0000
vn -0.0000 1.0000 -0.0000
vn -0.0000 -1.0000 -0.0000
vn -0.0000 -0.0000 1.0000
vn -0.0000 -0.0000 -1.0000
vt 0.289062 0.343750
vt 0.289062 0.406250
vt 0.281250 0.343750
vt 0.281250 0.406250
vt 0.343750 0.343750
vt 0.343750 0.406250
vt 0.335938 0.343750
vt 0.335938 0.406250
vt 0.343750 0.351562
vt 0.281250 0.351562
vt 0.343750 0.398438
vt 0.281250 0.398438
s 0
usemtl Material_0
f 2197/766/367 2198/767/367 2199/768/367
f 2200/767/367 2201/769/367 2202/768/367
f 2203/770/368 2204/771/368 2205/772/368
f 2206/771/368 2207/773/368 2208/772/368
f 2209/770/369 2210/774/369 2211/768/369
f 2212/774/369 2213/775/369 2214/768/369
f 2215/776/370 2216/771/370 2217/777/370
f 2218/771/370 2219/769/370 2220/777/370
f 2221/770/371 2222/771/371 2223/768/371
f 2224/771/371 2225/769/371 2226/768/371
f 2227/768/372 2228/769/372 2229/770/372
f 2230/769/372 2231/771/372 2232/770/372
o 3ccdb0f1-b65e-377e-c6c2-321896917172
v -0.066051 -0.145108 0.187500
v -0.066051 -0.238858 0.187500
v -0.066051 -0.145108 0.156250
v -0.066051 -0.238858 0.187500
v -0.066051 -0.238858 0.156250
v -0.066051 -0.145108 0.156250
v -0.097301 -0.145108 0.156250
v -0.097301 -0.238858 0.156250
v -0.097301 -0.145108 0.187500
v -0.097301 -0.238858 0.156250
v -0.097301 -0.238858 0.187500
v -0.097301 -0.145108 0.187500
v -0.097301 -0.145108 0.156250
v -0.097301 -0.145108 0.187500
v -0.066051 -0.145108 0.156250
v -0.097301 -0.145108 0.187500
v -0.066051 -0.145108 0.187500
v -0.066051 -0.145108 0.156250
v -0.097301 -0.238858 0.187500
v -0.097301 -0.238858 0.156250
v -0.066051 -0.238858 0.187500
v -0.097301 -0.238858 0.156250
v -0.066051 -0.238858 0.156250
v -0.066051 -0.238858 0.187500
v -0.097301 -0.145108 0.187500
v -0.097301 -0.238858 0.187500
v -0.066051 -0.145108 0.187500
v -0.097301 -0.238858 0.187500
v -0.066051 -0.238858 0.187500
v -0.066051 -0.145108 0.187500
v -0.066051 -0.145108 0.156250
v -0.066051 -0.238858 0.156250
v -0.097301 -0.145108 0.156250
v -0.066051 -0.238858 0.156250
v -0.097301 -0.238858 0.156250
v -0.097301 -0.145108 0.156250
vn 1.0000 -0.0000 -0.0000
vn -1.0000 -0.0000 -0.0000
vn -0.0000 1.0000 -0.0000
vn -0.0000 -1.0000 -0.0000
vn -0.0000 -0.0000 1.0000
vn -0.0000 -0.0000 -1.0000
vt 0.257812 0.343750
vt 0.257812 0.437500
vt 0.250000 0.343750
vt 0.250000 0.437500
vt 0.281250 0.343750
vt 0.281250 0.437500
vt 0.273438 0.343750
vt 0.273438 0.437500
vt 0.281250 0.351562
vt 0.250000 0.351562
vt 0.281250 0.429688
vt 0.250000 0.429688
s 0
usemtl Material_0
f 2233/778/373 2234/779/373 2235/780/373
f 2236/779/373 2237/781/373 2238/780/373
f 2239/782/374 2240/783/374 2241/784/374
f 2242/783/374 2243/785/374 2244/784/374
f 2245/782/375 2246/786/375 2247/780/375
f 2248/786/375 2249/787/375 2250/780/375
f 2251/788/376 2252/783/376 2253/789/376
f 2254/783/376 2255/781/376 2256/789/376
f 2257/782/377 2258/783/377 2259/780/377
f 2260/783/377 2261/781/377 2262/780/377
f 2263/780/378 2264/781/378 2265/782/378
f 2266/781/378 2267/783/378 2268/782/378
o f233d83a-77db-6368-ccc1-6356ef498167
v -0.034801 -0.145108 0.187500
v -0.034801 -0.238858 0.187500
v -0.034801 -0.145108 0.156250
v -0.034801 -0.238858 0.187500
v -0.034801 -0.238858 0.156250
v -0.034801 -0.145108 0.156250
v -0.066051 -0.145108 0.156250
v -0.066051 -0.238858 0.156250
v -0.066051 -0.145108 0.187500
v -0.066051 -0.238858 0.156250
v -0.066051 -0.238858 0.187500
v -0.066051 -0.145108 0.187500
v -0.066051 -0.145108 0.156250
v -0.066051 -0.145108 0.187500
v -0.034801 -0.145108 0.156250
v -0.066051 -0.145108 0.187500
v -0.034801 -0.145108 0.187500
v -0.034801 -0.145108 0.156250
v -0.066051 -0.238858 0.187500
v -0.066051 -0.238858 0.156250
v -0.034801 -0.238858 0.187500
v -0.066051 -0.238858 0.156250
v -0.034801 -0.238858 0.156250
v -0.034801 -0.238858 0.187500
v -0.066051 -0.145108 0.187500
v -0.066051 -0.238858 0.187500
v -0.034801 -0.145108 0.187500
v -0.066051 -0.238858 0.187500
v -0.034801 -0.238858 0.187500
v -0.034801 -0.145108 0.187500
v -0.034801 -0.145108 0.156250
v -0.034801 -0.238858 0.156250
v -0.066051 -0.145108 0.156250
v -0.034801 -0.238858 0.156250
v -0.066051 -0.238858 0.156250
v -0.066051 -0.145108 0.156250
vn 1.0000 -0.0000 -0.0000
vn -1.0000 -0.0000 -0.0000
vn -0.0000 1.0000 -0.0000
vn -0.0000 -1.0000 -0.0000
vn -0.0000 -0.0000 1.0000
vn -0.0000 -0.0000 -1.0000
vt 0.976562 0.187500
vt 0.976562 0.281250
vt 0.968750 0.187500
vt 0.968750 0.281250
vt 1.000000 0.187500
vt 1.000000 0.281250
vt 0.992188 0.187500
vt 0.992188 0.281250
vt 1.000000 0.195312
vt 0.968750 0.195312
vt 1.000000 0.273438
vt 0.968750 0.273438
s 0
usemtl Material_0
f 2269/790/379 2270/791/379 2271/792/379
f 2272/791/379 2273/793/379 2274/792/379
f 2275/794/380 2276/795/380 2277/796/380
f 2278/795/380 2279/797/380 2280/796/380
f 2281/794/381 2282/798/381 2283/792/381
f 2284/798/381 2285/799/381 2286/792/381
f 2287/800/382 2288/795/382 2289/801/382
f 2290/795/382 2291/793/382 2292/801/382
f 2293/794/383 2294/795/383 2295/792/383
f 2296/795/383 2297/793/383 2298/792/383
f 2299/792/384 2300/793/384 2301/794/384
f 2302/793/384 2303/795/384 2304/794/384
o d84607c0-aa0f-f5d4-5b48-c90e8825ade0
v -0.034801 -0.082608 0.156250
v -0.034801 -0.113858 0.156250
v -0.034801 -0.082608 0.125000
v -0.034801 -0.113858 0.156250
v -0.034801 -0.113858 0.125000
v -0.034801 -0.082608 0.125000
v -0.066051 -0.082608 0.125000
v -0.066051 -0.113858 0.125000
v -0.066051 -0.082608 0.156250
v -0.066051 -0.113858 0.125000
v -0.066051 -0.113858 0.156250
v -0.066051 -0.082608 0.156250
v -0.066051 -0.082608 0.125000
v -0.066051 -0.082608 0.156250
v -0.034801 -0.082608 0.125000
v -0.066051 -0.082608 0.156250
v -0.034801 -0.082608 0.156250
v -0.034801 -0.082608 0.125000
v -0.066051 -0.113858 0.156250
v -0.066051 -0.113858 0.125000
v -0.034801 -0.113858 0.156250
v -0.066051 -0.113858 0.125000
v -0.034801 -0.113858 0.125000
v -0.034801 -0.113858 0.156250
v -0.066051 -0.082608 0.156250
v -0.066051 -0.113858 0.156250
v -0.034801 -0.082608 0.156250
v -0.066051 -0.113858 0.156250
v -0.034801 -0.113858 0.156250
v -0.034801 -0.082608 0.156250
v -0.034801 -0.082608 0.125000
v -0.034801 -0.113858 0.125000
v -0.066051 -0.082608 0.125000
v -0.034801 -0.113858 0.125000
v -0.066051 -0.113858 0.125000
v -0.066051 -0.082608 0.125000
vn 1.0000 -0.0000 -0.0000
vn -1.0000 -0.0000 -0.0000
vn -0.0000 1.0000 -0.0000
vn -0.0000 -1.0000 -0.0000
vn -0.0000 -0.0000 1.0000
vn -0.0000 -0.0000 -1.0000
vt 0.976562 0.125000
vt 0.976562 0.156250
vt 0.968750 0.125000
vt 0.968750 0.156250
vt 1.000000 0.125000
vt 1.000000 0.156250
vt 0.992188 0.125000
vt 0.992188 0.156250
vt 1.000000 0.132812
vt 0.968750 0.132812
s 0
usemtl Material_0
f 2305/802/385 2306/803/385 2307/804/385
f 2308/803/385 2309/805/385 2310/804/385
f 2311/806/386 2312/807/386 2313/808/386
f 2314/807/386 2315/809/386 2316/808/386
f 2317/806/387 2318/810/387 2319/804/387
f 2320/810/387 2321/811/387 2322/804/387
f 2323/806/388 2324/807/388 2325/804/388
f 2326/807/388 2327/805/388 2328/804/388
f 2329/806/389 2330/807/389 2331/804/389
f 2332/807/389 2333/805/389 2334/804/389
f 2335/804/390 2336/805/390 2337/806/390
f 2338/805/390 2339/807/390 2340/806/390
o eeb7ae06-2977-fd95-5b3b-19adc3db8fa1
v -0.066051 -0.082608 0.156250
v -0.066051 -0.145108 0.156250
v -0.066051 -0.082608 0.125000
v -0.066051 -0.145108 0.156250
v -0.066051 -0.145108 0.125000
v -0.066051 -0.082608 0.125000
v -0.128551 -0.082608 0.125000
v -0.128551 -0.145108 0.125000
v -0.128551 -0.082608 0.156250
v -0.128551 -0.145108 0.125000
v -0.128551 -0.145108 0.156250
v -0.128551 -0.082608 0.156250
v -0.128551 -0.082608 0.125000
v -0.128551 -0.082608 0.156250
v -0.066051 -0.082608 0.125000
v -0.128551 -0.082608 0.156250
v -0.066051 -0.082608 0.156250
v -0.066051 -0.082608 0.125000
v -0.128551 -0.145108 0.156250
v -0.128551 -0.145108 0.125000
v -0.066051 -0.145108 0.156250
v -0.128551 -0.145108 0.125000
v -0.066051 -0.145108 0.125000
v -0.066051 -0.145108 0.156250
v -0.128551 -0.082608 0.156250
v -0.128551 -0.145108 0.156250
v -0.066051 -0.082608 0.156250
v -0.128551 -0.145108 0.156250
v -0.066051 -0.145108 0.156250
v -0.066051 -0.082608 0.156250
v -0.066051 -0.082608 0.125000
v -0.066051 -0.145108 0.125000
v -0.128551 -0.082608 0.125000
v -0.066051 -0.145108 0.125000
v -0.128551 -0.145108 0.125000
v -0.128551 -0.082608 0.125000
vn 1.0000 -0.0000 -0.0000
vn -1.0000 -0.0000 -0.0000
vn -0.0000 1.0000 -0.0000
vn -0.0000 -1.0000 -0.0000
vn -0.0000 -0.0000 1.0000
vn -0.0000 -0.0000 -1.0000
vt 0.257812 0.281250
vt 0.257812 0.343750
vt 0.250000 0.281250
vt 0.250000 0.343750
vt 0.312500 0.281250
vt 0.312500 0.343750
vt 0.304688 0.281250
vt 0.304688 0.343750
vt 0.312500 0.289062
vt 0.250000 0.289062
vt 0.312500 0.335938
vt 0.250000 0.335938
s 0
usemtl Material_0
f 2341/812/391 2342/813/391 2343/814/391
f 2344/813/391 2345/815/391 2346/814/391
f 2347/816/392 2348/817/392 2349/818/392
f 2350/817/392 2351/819/392 2352/818/392
f 2353/816/393 2354/820/393 2355/814/393
f 2356/820/393 2357/821/393 2358/814/393
f 2359/822/394 2360/817/394 2361/823/394
f 2362/817/394 2363/815/394 2364/823/394
f 2365/816/395 2366/817/395 2367/814/395
f 2368/817/395 2369/815/395 2370/814/395
f 2371/814/396 2372/815/396 2373/816/396
f 2374/815/396 2375/817/396 2376/816/396
o 576406bc-4e41-7a11-8ffd-abfe637ba93a
v 0.027699 -0.020108 0.156250
v 0.027699 -0.113858 0.156250
v 0.027699 -0.020108 0.125000
v 0.027699 -0.113858 0.156250
v 0.027699 -0.113858 0.125000
v 0.027699 -0.020108 0.125000
v -0.003551 -0.020108 0.125000
v -0.003551 -0.113858 0.125000
v -0.003551 -0.020108 0.156250
v -0.003551 -0.113858 0.125000
v -0.003551 -0.113858 0.156250
v -0.003551 -0.020108 0.156250
v -0.003551 -0.020108 0.125000
v -0.003551 -0.020108 0.156250
v 0.027699 -0.020108 0.125000
v -0.003551 -0.020108 0.156250
v 0.027699 -0.020108 0.156250
v 0.027699 -0.020108 0.125000
v -0.003551 -0.113858 0.156250
v -0.003551 -0.113858 0.125000
v 0.027699 -0.113858 0.156250
v -0.003551 -0.113858 0.125000
v 0.027699 -0.113858 0.125000
v 0.027699 -0.113858 0.156250
v -0.003551 -0.020108 0.156250
v -0.003551 -0.113858 0.156250
v 0.027699 -0.020108 0.156250
v -0.003551 -0.113858 0.156250
v 0.027699 -0.113858 0.156250
v 0.027699 -0.020108 0.156250
v 0.027699 -0.020108 0.125000
v 0.027699 -0.113858 0.125000
v -0.003551 -0.020108 0.125000
v 0.027699 -0.113858 0.125000
v -0.003551 -0.113858 0.125000
v -0.003551 -0.020108 0.125000
vn 1.0000 -0.0000 -0.0000
vn -1.0000 -0.0000 -0.0000
vn -0.0000 1.0000 -0.0000
vn -0.0000 -1.0000 -0.0000
vn -0.0000 -0.0000 1.0000
vn -0.0000 -0.0000 -1.0000
vt 0.914062 0.062500
vt 0.914062 0.156250
vt 0.906250 0.062500
vt 0.906250 0.156250
vt 0.937500 0.062500
vt 0.937500 0.156250
vt 0.929688 0.062500
vt 0.929688 0.156250
vt 0.937500 0.070312
vt 0.906250 0.070312
vt 0.937500 0.148438
vt 0.906250 0.148438
s 0
usemtl Material_0
f 2377/824/397 2378/825/397 2379/826/397
f 2380/825/397 2381/827/397 2382/826/397
f 2383/828/398 2384/829/398 2385/830/398
f 2386/829/398 2387/831/398 2388/830/398
f 2389/828/399 2390/832/399 2391/826/399
f 2392/832/399 2393/833/399 2394/826/399
f 2395/834/400 2396/829/400 2397/835/400
f 2398/829/400 2399/827/400 2400/835/400
f 2401/828/401 2402/829/401 2403/826/401
f 2404/829/401 2405/827/401 2406/826/401
f 2407/826/402 2408/827/402 2409/828/402
f 2410/827/402 2411/829/402 2412/828/402
o 39270fce-b67e-0774-eb0b-06218852ea6f
v -0.003551 0.011142 0.171875
v -0.003551 -0.113858 0.171875
v -0.003551 0.011142 0.140625
v -0.003551 -0.113858 0.171875
v -0.003551 -0.113858 0.140625
v -0.003551 0.011142 0.140625
v -0.034801 0.011142 0.140625
v -0.034801 -0.113858 0.140625
v -0.034801 0.011142 0.171875
v -0.034801 -0.113858 0.140625
v -0.034801 -0.113858 0.171875
v -0.034801 0.011142 0.171875
v -0.034801 0.011142 0.140625
v -0.034801 0.011142 0.171875
v -0.003551 0.011142 0.140625
v -0.034801 0.011142 0.171875
v -0.003551 0.011142 0.171875
v -0.003551 0.011142 0.140625
v -0.034801 -0.113858 0.171875
v -0.034801 -0.113858 0.140625
v -0.003551 -0.113858 0.171875
v -0.034801 -0.113858 0.140625
v -0.003551 -0.113858 0.140625
v -0.003551 -0.113858 0.171875
v -0.034801 0.011142 0.171875
v -0.034801 -0.113858 0.171875
v -0.003551 0.011142 0.171875
v -0.034801 -0.113858 0.171875
v -0.003551 -0.113858 0.171875
v -0.003551 0.011142 0.171875
v -0.003551 0.011142 0.140625
v -0.003551 -0.113858 0.140625
v -0.034801 0.011142 0.140625
v -0.003551 -0.113858 0.140625
v -0.034801 -0.113858 0.140625
v -0.034801 0.011142 0.140625
vn 1.0000 -0.0000 -0.0000
vn -1.0000 -0.0000 -0.0000
vn -0.0000 1.0000 -0.0000
vn -0.0000 -1.0000 -0.0000
vn -0.0000 -0.0000 1.0000
vn -0.0000 -0.0000 -1.0000
vt 0.945312 0.031250
vt 0.945312 0.156250
vt 0.937500 0.031250
vt 0.937500 0.156250
vt 0.968750 0.031250
vt 0.968750 0.156250
vt 0.960938 0.031250
vt 0.960938 0.156250
vt 0.968750 0.039062
vt 0.937500 0.039062
vt 0.968750 0.148438
vt 0.937500 0.148438
s 0
usemtl Material_0
f 2413/836/403 2414/837/403 2415/838/403
f 2416/837/403 2417/839/403 2418/838/403
f 2419/840/404 2420/841/404 2421/842/404
f 2422/841/404 2423/843/404 2424/842/404
f 2425/840/405 2426/844/405 2427/838/405
f 2428/844/405 2429/845/405 2430/838/405
f 2431/846/406 2432/841/406 2433/847/406
f 2434/841/406 2435/839/406 2436/847/406
f 2437/840/407 2438/841/407 2439/838/407
f 2440/841/407 2441/839/407 2442/838/407
f 2443/838/408 2444/839/408 2445/840/408
f 2446/839/408 2447/841/408 2448/840/408
o 511e0e4e-2ed9-bc65-0b03-33451d4d78b2
v 0.027699 -0.113858 0.156250
v 0.027699 -0.145108 0.156250
v 0.027699 -0.113858 0.125000
v 0.027699 -0.145108 0.156250
v 0.027699 -0.145108 0.125000
v 0.027699 -0.113858 0.125000
v -0.066051 -0.113858 0.125000
v -0.066051 -0.145108 0.125000
v -0.066051 -0.113858 0.156250
v -0.066051 -0.145108 0.125000
v -0.066051 -0.145108 0.156250
v -0.066051 -0.113858 0.156250
v -0.066051 -0.113858 0.125000
v -0.066051 -0.113858 0.156250
v 0.027699 -0.113858 0.125000
v -0.066051 -0.113858 0.156250
v 0.027699 -0.113858 0.156250
v 0.027699 -0.113858 0.125000
v -0.066051 -0.145108 0.156250
v -0.066051 -0.145108 0.125000
v 0.027699 -0.145108 0.156250
v -0.066051 -0.145108 0.125000
v 0.027699 -0.145108 0.125000
v 0.027699 -0.145108 0.156250
v -0.066051 -0.113858 0.156250
v -0.066051 -0.145108 0.156250
v 0.027699 -0.113858 0.156250
v -0.066051 -0.145108 0.156250
v 0.027699 -0.145108 0.156250
v 0.027699 -0.113858 0.156250
v 0.027699 -0.113858 0.125000
v 0.027699 -0.145108 0.125000
v -0.066051 -0.113858 0.125000
v 0.027699 -0.145108 0.125000
v -0.066051 -0.145108 0.125000
v -0.066051 -0.113858 0.125000
vn 1.0000 -0.0000 -0.0000
vn -1.0000 -0.0000 -0.0000
vn -0.0000 1.0000 -0.0000
vn -0.0000 -1.0000 -0.0000
vn -0.0000 -0.0000 1.0000
vn -0.0000 -0.0000 -1.0000
vt 0.914062 0.156250
vt 0.914062 0.187500
vt 0.906250 0.156250
vt 0.906250 0.187500
vt 1.000000 0.156250
vt 1.000000 0.187500
vt 0.992188 0.156250
vt 0.992188 0.187500
vt 1.000000 0.164062
vt 0.906250 0.164062
vt 1.000000 0.179688
vt 0.906250 0.179688
s 0
usemtl Material_0
f 2449/848/409 2450/849/409 2451/850/409
f 2452/849/409 2453/851/409 2454/850/409
f 2455/852/410 2456/853/410 2457/854/410
f 2458/853/410 2459/855/410 2460/854/410
f 2461/852/411 2462/856/411 2463/850/411
f 2464/856/411 2465/857/411 2466/850/411
f 2467/858/412 2468/853/412 2469/859/412
f 2470/853/412 2471/851/412 2472/859/412
f 2473/852/413 2474/853/413 2475/850/413
f 2476/853/413 2477/851/413 2478/850/413
f 2479/850/414 2480/851/414 2481/852/414
f 2482/851/414 2483/853/414 2484/852/414
o 9c97e6ab-7295-96ce-8087-bcbce211fff4
v -0.003551 -0.145108 0.171875
v -0.003551 -0.238858 0.171875
v -0.003551 -0.145108 0.140625
v -0.003551 -0.238858 0.171875
v -0.003551 -0.238858 0.140625
v -0.003551 -0.145108 0.140625
v -0.034801 -0.145108 0.140625
v -0.034801 -0.238858 0.140625
v -0.034801 -0.145108 0.171875
v -0.034801 -0.238858 0.140625
v -0.034801 -0.238858 0.171875
v -0.034801 -0.145108 0.171875
v -0.034801 -0.145108 0.140625
v -0.034801 -0.145108 0.171875
v -0.003551 -0.145108 0.140625
v -0.034801 -0.145108 0.171875
v -0.003551 -0.145108 0.171875
v -0.003551 -0.145108 0.140625
v -0.034801 -0.238858 0.171875
v -0.034801 -0.238858 0.140625
v -0.003551 -0.238858 0.171875
v -0.034801 -0.238858 0.140625
v -0.003551 -0.238858 0.140625
v -0.003551 -0.238858 0.171875
v -0.034801 -0.145108 0.171875
v -0.034801 -0.238858 0.171875
v -0.003551 -0.145108 0.171875
v -0.034801 -0.238858 0.171875
v -0.003551 -0.238858 0.171875
v -0.003551 -0.145108 0.171875
v -0.003551 -0.145108 0.140625
v -0.003551 -0.238858 0.140625
v -0.034801 -0.145108 0.140625
v -0.003551 -0.238858 0.140625
v -0.034801 -0.238858 0.140625
v -0.034801 -0.145108 0.140625
vn 1.0000 -0.0000 -0.0000
vn -1.0000 -0.0000 -0.0000
vn -0.0000 1.0000 -0.0000
vn -0.0000 -1.0000 -0.0000
vn -0.0000 -0.0000 1.0000
vn -0.0000 -0.0000 -1.0000
vt 0.968750 0.187500
vt 0.968750 0.281250
vt 0.937500 0.187500
vt 0.937500 0.281250
vt 0.960938 0.187500
vt 0.960938 0.281250
vt 0.968750 0.195312
vt 0.937500 0.195312
vt 0.968750 0.273438
vt 0.937500 0.273438
s 0
usemtl Material_0
f 2485/860/415 2486/861/415 2487/862/415
f 2488/861/415 2489/863/415 2490/862/415
f 2491/860/416 2492/861/416 2493/864/416
f 2494/861/416 2495/865/416 2496/864/416
f 2497/860/417 2498/866/417 2499/862/417
f 2500/866/417 2501/867/417 2502/862/417
f 2503/868/418 2504/861/418 2505/869/418
f 2506/861/418 2507/863/418 2508/869/418
f 2509/860/419 2510/861/419 2511/862/419
f 2512/861/419 2513/863/419 2514/862/419
f 2515/862/420 2516/863/420 2517/860/420
f 2518/863/420 2519/861/420 2520/860/420
o f3614261-f449-8e01-d096-eb41a9848b18
v 0.027699 -0.145108 0.156250
v 0.027699 -0.270108 0.156250
v 0.027699 -0.145108 0.125000
v 0.027699 -0.270108 0.156250
v 0.027699 -0.270108 0.125000
v 0.027699 -0.145108 0.125000
v -0.003551 -0.145108 0.125000
v -0.003551 -0.270108 0.125000
v -0.003551 -0.145108 0.156250
v -0.003551 -0.270108 0.125000
v -0.003551 -0.270108 0.156250
v -0.003551 -0.145108 0.156250
v -0.003551 -0.145108 0.125000
v -0.003551 -0.145108 0.156250
v 0.027699 -0.145108 0.125000
v -0.003551 -0.145108 0.156250
v 0.027699 -0.145108 0.156250
v 0.027699 -0.145108 0.125000
v -0.003551 -0.270108 0.156250
v -0.003551 -0.270108 0.125000
v 0.027699 -0.270108 0.156250
v -0.003551 -0.270108 0.125000
v 0.027699 -0.270108 0.125000
v 0.027699 -0.270108 0.156250
v -0.003551 -0.145108 0.156250
v -0.003551 -0.270108 0.156250
v 0.027699 -0.145108 0.156250
v -0.003551 -0.270108 0.156250
v 0.027699 -0.270108 0.156250
v 0.027699 -0.145108 0.156250
v 0.027699 -0.145108 0.125000
v 0.027699 -0.270108 0.125000
v -0.003551 -0.145108 0.125000
v 0.027699 -0.270108 0.125000
v -0.003551 -0.270108 0.125000
v -0.003551 -0.145108 0.125000
vn 1.0000 -0.0000 -0.0000
vn -1.0000 -0.0000 -0.0000
vn -0.0000 1.0000 -0.0000
vn -0.0000 -1.0000 -0.0000
vn -0.0000 -0.0000 1.0000
vn -0.0000 -0.0000 -1.0000
vt 0.937500 0.187500
vt 0.937500 0.312500
vt 0.906250 0.187500
vt 0.906250 0.312500
vt 0.929688 0.187500
vt 0.929688 0.312500
vt 0.937500 0.195312
vt 0.906250 0.195312
vt 0.937500 0.304688
vt 0.906250 0.304688
s 0
usemtl Material_0
f 2521/870/421 2522/871/421 2523/872/421
f 2524/871/421 2525/873/421 2526/872/421
f 2527/870/422 2528/871/422 2529/874/422
f 2530/871/422 2531/875/422 2532/874/422
f 2533/870/423 2534/876/423 2535/872/423
f 2536/876/423 2537/877/423 2538/872/423
f 2539/878/424 2540/871/424 2541/879/424
f 2542/871/424 2543/873/424 2544/879/424
f 2545/870/425 2546/871/425 2547/872/425
f 2548/871/425 2549/873/425 2550/872/425
f 2551/872/426 2552/873/426 2553/870/426
f 2554/873/426 2555/871/426 2556/870/426
o 4e378b1a-926b-7470-35f8-0fc7dac32350
v 0.152699 -0.238858 0.078125
v 0.152699 -0.332608 0.078125
v 0.152699 -0.238858 0.046875
v 0.152699 -0.332608 0.078125
v 0.152699 -0.332608 0.046875
v 0.152699 -0.238858 0.046875
v 0.121449 -0.238858 0.046875
v 0.121449 -0.332608 0.046875
v 0.121449 -0.238858 0.078125
v 0.121449 -0.332608 0.046875
v 0.121449 -0.332608 0.078125
v 0.121449 -0.238858 0.078125
v 0.121449 -0.238858 0.046875
v 0.121449 -0.238858 0.078125
v 0.152699 -0.238858 0.046875
v 0.121449 -0.238858 0.078125
v 0.152699 -0.238858 0.078125
v 0.152699 -0.238858 0.046875
v 0.121449 -0.332608 0.078125
v 0.121449 -0.332608 0.046875
v 0.152699 -0.332608 0.078125
v 0.121449 -0.332608 0.046875
v 0.152699 -0.332608 0.046875
v 0.152699 -0.332608 0.078125
v 0.121449 -0.238858 0.078125
v 0.121449 -0.332608 0.078125
v 0.152699 -0.238858 0.078125
v 0.121449 -0.332608 0.078125
v 0.152699 -0.332608 0.078125
v 0.152699 -0.238858 0.078125
v 0.152699 -0.238858 0.046875
v 0.152699 -0.332608 0.046875
v 0.121449 -0.238858 0.046875
v 0.152699 -0.332608 0.046875
v 0.121449 -0.332608 0.046875
v 0.121449 -0.238858 0.046875
vn 1.0000 -0.0000 -0.0000
vn -1.0000 -0.0000 -0.0000
vn -0.0000 1.0000 -0.0000
vn -0.0000 -1.0000 -0.0000
vn -0.0000 -0.0000 1.0000
vn -0.0000 -0.0000 -1.0000
vt 0.789062 0.281250
vt 0.789062 0.375000
vt 0.781250 0.281250
vt 0.781250 0.375000
vt 0.812500 0.281250
vt 0.812500 0.375000
vt 0.804688 0.281250
vt 0.804688 0.375000
vt 0.812500 0.289062
vt 0.781250 0.289062
vt 0.812500 0.367188
vt 0.781250 0.367188
s 0
usemtl Material_0
f 2557/880/427 2558/881/427 2559/882/427
f 2560/881/427 2561/883/427 2562/882/427
f 2563/884/428 2564/885/428 2565/886/428
f 2566/885/428 2567/887/428 2568/886/428
f 2569/884/429 2570/888/429 2571/882/429
f 2572/888/429 2573/889/429 2574/882/429
f 2575/890/430 2576/885/430 2577/891/430
f 2578/885/430 2579/883/430 2580/891/430
f 2581/884/431 2582/885/431 2583/882/431
f 2584/885/431 2585/883/431 2586/882/431
f 2587/882/432 2588/883/432 2589/884/432
f 2590/883/432 2591/885/432 2592/884/432
o 7481911a-d537-e85c-a547-5865c3c2b84f
v 0.121449 -0.207608 0.093750
v 0.121449 -0.332608 0.093750
v 0.121449 -0.207608 0.062500
v 0.121449 -0.332608 0.093750
v 0.121449 -0.332608 0.062500
v 0.121449 -0.207608 0.062500
v 0.090199 -0.207608 0.062500
v 0.090199 -0.332608 0.062500
v 0.090199 -0.207608 0.093750
v 0.090199 -0.332608 0.062500
v 0.090199 -0.332608 0.093750
v 0.090199 -0.207608 0.093750
v 0.090199 -0.207608 0.062500
v 0.090199 -0.207608 0.093750
v 0.121449 -0.207608 0.062500
v 0.090199 -0.207608 0.093750
v 0.121449 -0.207608 0.093750
v 0.121449 -0.207608 0.062500
v 0.090199 -0.332608 0.093750
v 0.090199 -0.332608 0.062500
v 0.121449 -0.332608 0.093750
v 0.090199 -0.332608 0.062500
v 0.121449 -0.332608 0.062500
v 0.121449 -0.332608 0.093750
v 0.090199 -0.207608 0.093750
v 0.090199 -0.332608 0.093750
v 0.121449 -0.207608 0.093750
v 0.090199 -0.332608 0.093750
v 0.121449 -0.332608 0.093750
v 0.121449 -0.207608 0.093750
v 0.121449 -0.207608 0.062500
v 0.121449 -0.332608 0.062500
v 0.090199 -0.207608 0.062500
v 0.121449 -0.332608 0.062500
v 0.090199 -0.332608 0.062500
v 0.090199 -0.207608 0.062500
vn 1.0000 -0.0000 -0.0000
vn -1.0000 -0.0000 -0.0000
vn -0.0000 1.0000 -0.0000
vn -0.0000 -1.0000 -0.0000
vn -0.0000 -0.0000 1.0000
vn -0.0000 -0.0000 -1.0000
vt 0.820312 0.250000
vt 0.820312 0.375000
vt 0.812500 0.250000
vt 0.812500 0.375000
vt 0.843750 0.250000
vt 0.843750 0.375000
vt 0.835938 0.250000
vt 0.835938 0.375000
vt 0.843750 0.257812
vt 0.812500 0.257812
vt 0.843750 0.367188
vt 0.812500 0.367188
s 0
usemtl Material_0
f 2593/892/433 2594/893/433 2595/894/433
f 2596/893/433 2597/895/433 2598/894/433
f 2599/896/434 2600/897/434 2601/898/434
f 2602/897/434 2603/899/434 2604/898/434
f 2605/896/435 2606/900/435 2607/894/435
f 2608/900/435 2609/901/435 2610/894/435
f 2611/902/436 2612/897/436 2613/903/436
f 2614/897/436 2615/895/436 2616/903/436
f 2617/896/437 2618/897/437 2619/894/437
f 2620/897/437 2621/895/437 2622/894/437
f 2623/894/438 2624/895/438 2625/896/438
f 2626/895/438 2627/897/438 2628/896/438
o eeb7eece-518a-c00d-c241-f82482d33e1f
v 0.090199 -0.176358 0.125000
v 0.090199 -0.332608 0.125000
v 0.090199 -0.176358 0.093750
v 0.090199 -0.332608 0.125000
v 0.090199 -0.332608 0.093750
v 0.090199 -0.176358 0.093750
v 0.058949 -0.176358 0.093750
v 0.058949 -0.332608 0.093750
v 0.058949 -0.176358 0.125000
v 0.058949 -0.332608 0.093750
v 0.058949 -0.332608 0.125000
v 0.058949 -0.176358 0.125000
v 0.058949 -0.176358 0.093750
v 0.058949 -0.176358 0.125000
v 0.090199 -0.176358 0.093750
v 0.058949 -0.176358 0.125000
v 0.090199 -0.176358 0.125000
v 0.090199 -0.176358 0.093750
v 0.058949 -0.332608 0.125000
v 0.058949 -0.332608 0.093750
v 0.090199 -0.332608 0.125000
v 0.058949 -0.332608 0.093750
v 0.090199 -0.332608 0.093750
v 0.090199 -0.332608 0.125000
v 0.058949 -0.176358 0.125000
v 0.058949 -0.332608 0.125000
v 0.090199 -0.176358 0.125000
v 0.058949 -0.332608 0.125000
v 0.090199 -0.332608 0.125000
v 0.090199 -0.176358 0.125000
v 0.090199 -0.176358 0.093750
v 0.090199 -0.332608 0.093750
v 0.058949 -0.176358 0.093750
v 0.090199 -0.332608 0.093750
v 0.058949 -0.332608 0.093750
v 0.058949 -0.176358 0.093750
vn 1.0000 -0.0000 -0.0000
vn -1.0000 -0.0000 -0.0000
vn -0.0000 1.0000 -0.0000
vn -0.0000 -1.0000 -0.0000
vn -0.0000 -0.0000 1.0000
vn -0.0000 -0.0000 -1.0000
vt 0.851562 0.218750
vt 0.851562 0.375000
vt 0.843750 0.218750
vt 0.843750 0.375000
vt 0.875000 0.218750
vt 0.875000 0.375000
vt 0.867188 0.218750
vt 0.867188 0.375000
vt 0.875000 0.226562
vt 0.843750 0.226562
vt 0.875000 0.367188
vt 0.843750 0.367188
s 0
usemtl Material_0
f 2629/904/439 2630/905/439 2631/906/439
f 2632/905/439 2633/907/439 2634/906/439
f 2635/908/440 2636/909/440 2637/910/440
f 2638/909/440 2639/911/440 2640/910/440
f 2641/908/441 2642/912/441 2643/906/441
f 2644/912/441 2645/913/441 2646/906/441
f 2647/914/442 2648/909/442 2649/915/442
f 2650/909/442 2651/907/442 2652/915/442
f 2653/908/443 2654/909/443 2655/906/443
f 2656/909/443 2657/907/443 2658/906/443
f 2659/906/444 2660/907/444 2661/908/444
f 2662/907/444 2663/909/444 2664/908/444
o ac91923f-e58d-8e83-7feb-3dbc74724293
v 0.058949 -0.051358 0.140625
v 0.058949 -0.301358 0.140625
v 0.058949 -0.051358 0.109375
v 0.058949 -0.301358 0.140625
v 0.058949 -0.301358 0.109375
v 0.058949 -0.051358 0.109375
v 0.027699 -0.051358 0.109375
v 0.027699 -0.301358 0.109375
v 0.027699 -0.051358 0.140625
v 0.027699 -0.301358 0.109375
v 0.027699 -0.301358 0.140625
v 0.027699 -0.051358 0.140625
v 0.027699 -0.051358 0.109375
v 0.027699 -0.051358 0.140625
v 0.058949 -0.051358 0.109375
v 0.027699 -0.051358 0.140625
v 0.058949 -0.051358 0.140625
v 0.058949 -0.051358 0.109375
v 0.027699 -0.301358 0.140625
v 0.027699 -0.301358 0.109375
v 0.058949 -0.301358 0.140625
v 0.027699 -0.301358 0.109375
v 0.058949 -0.301358 0.109375
v 0.058949 -0.301358 0.140625
v 0.027699 -0.051358 0.140625
v 0.027699 -0.301358 0.140625
v 0.058949 -0.051358 0.140625
v 0.027699 -0.301358 0.140625
v 0.058949 -0.301358 0.140625
v 0.058949 -0.051358 0.140625
v 0.058949 -0.051358 0.109375
v 0.058949 -0.301358 0.109375
v 0.027699 -0.051358 0.109375
v 0.058949 -0.301358 0.109375
v 0.027699 -0.301358 0.109375
v 0.027699 -0.051358 0.109375
vn 1.0000 -0.0000 -0.0000
vn -1.0000 -0.0000 -0.0000
vn -0.0000 1.0000 -0.0000
vn -0.0000 -1.0000 -0.0000
vn -0.0000 -0.0000 1.0000
vn -0.0000 -0.0000 -1.0000
vt 0.882812 0.093750
vt 0.882812 0.343750
vt 0.875000 0.093750
vt 0.875000 0.343750
vt 0.906250 0.093750
vt 0.906250 0.343750
vt 0.898438 0.093750
vt 0.898438 0.343750
vt 0.906250 0.101562
vt 0.875000 0.101562
vt 0.906250 0.335938
vt 0.875000 0.335938
s 0
usemtl Material_0
f 2665/916/445 2666/917/445 2667/918/445
f 2668/917/445 2669/919/445 2670/918/445
f 2671/920/446 2672/921/446 2673/922/446
f 2674/921/446 2675/923/446 2676/922/446
f 2677/920/447 2678/924/447 2679/918/447
f 2680/924/447 2681/925/447 2682/918/447
f 2683/926/448 2684/921/448 2685/927/448
f 2686/921/448 2687/919/448 2688/927/448
f 2689/920/449 2690/921/449 2691/918/449
f 2692/921/449 2693/919/449 2694/918/449
f 2695/918/450 2696/919/450 2697/920/450
f 2698/919/450 2699/921/450 2700/920/450
o 008b0f2a-5507-4c61-a50d-be058a0abda1
v 0.090199 -0.082608 0.140625
v 0.090199 -0.176358 0.140625
v 0.090199 -0.082608 0.109375
v 0.090199 -0.176358 0.140625
v 0.090199 -0.176358 0.109375
v 0.090199 -0.082608 0.109375
v 0.058949 -0.082608 0.109375
v 0.058949 -0.176358 0.109375
v 0.058949 -0.082608 0.140625
v 0.058949 -0.176358 0.109375
v 0.058949 -0.176358 0.140625
v 0.058949 -0.082608 0.140625
v 0.058949 -0.082608 0.109375
v 0.058949 -0.082608 0.140625
v 0.090199 -0.082608 0.109375
v 0.058949 -0.082608 0.140625
v 0.090199 -0.082608 0.140625
v 0.090199 -0.082608 0.109375
v 0.058949 -0.176358 0.140625
v 0.058949 -0.176358 0.109375
v 0.090199 -0.176358 0.140625
v 0.058949 -0.176358 0.109375
v 0.090199 -0.176358 0.109375
v 0.090199 -0.176358 0.140625
v 0.058949 -0.082608 0.140625
v 0.058949 -0.176358 0.140625
v 0.090199 -0.082608 0.140625
v 0.058949 -0.176358 0.140625
v 0.090199 -0.176358 0.140625
v 0.090199 -0.082608 0.140625
v 0.090199 -0.082608 0.109375
v 0.090199 -0.176358 0.109375
v 0.058949 -0.082608 0.109375
v 0.090199 -0.176358 0.109375
v 0.058949 -0.176358 0.109375
v 0.058949 -0.082608 0.109375
vn 1.0000 -0.0000 -0.0000
vn -1.0000 -0.0000 -0.0000
vn -0.0000 1.0000 -0.0000
vn -0.0000 -1.0000 -0.0000
vn -0.0000 -0.0000 1.0000
vn -0.0000 -0.0000 -1.0000
vt 0.820312 0.125000
vt 0.820312 0.218750
vt 0.812500 0.125000
vt 0.812500 0.218750
vt 0.875000 0.125000
vt 0.875000 0.218750
vt 0.867188 0.125000
vt 0.867188 0.218750
vt 0.875000 0.132812
vt 0.812500 0.132812
vt 0.875000 0.210938
vt 0.812500 0.210938
vt 0.843750 0.125000
vt 0.843750 0.218750
s 0
usemtl Material_0
f 2701/928/451 2702/929/451 2703/930/451
f 2704/929/451 2705/931/451 2706/930/451
f 2707/932/452 2708/933/452 2709/934/452
f 2710/933/452 2711/935/452 2712/934/452
f 2713/932/453 2714/936/453 2715/930/453
f 2716/936/453 2717/937/453 2718/930/453
f 2719/938/454 2720/933/454 2721/939/454
f 2722/933/454 2723/931/454 2724/939/454
f 2725/932/455 2726/933/455 2727/940/455
f 2728/933/455 2729/941/455 2730/940/455
f 2731/930/456 2732/931/456 2733/932/456
f 2734/931/456 2735/933/456 2736/932/456
o bbb69d69-59c9-3eac-2f95-57171217abbf
v 0.121449 -0.082608 0.109375
v 0.121449 -0.176358 0.109375
v 0.121449 -0.082608 0.078125
v 0.121449 -0.176358 0.109375
v 0.121449 -0.176358 0.078125
v 0.121449 -0.082608 0.078125
v 0.090199 -0.082608 0.078125
v 0.090199 -0.176358 0.078125
v 0.090199 -0.082608 0.109375
v 0.090199 -0.176358 0.078125
v 0.090199 -0.176358 0.109375
v 0.090199 -0.082608 0.109375
v 0.090199 -0.082608 0.078125
v 0.090199 -0.082608 0.109375
v 0.121449 -0.082608 0.078125
v 0.090199 -0.082608 0.109375
v 0.121449 -0.082608 0.109375
v 0.121449 -0.082608 0.078125
v 0.090199 -0.176358 0.109375
v 0.090199 -0.176358 0.078125
v 0.121449 -0.176358 0.109375
v 0.090199 -0.176358 0.078125
v 0.121449 -0.176358 0.078125
v 0.121449 -0.176358 0.109375
v 0.090199 -0.082608 0.109375
v 0.090199 -0.176358 0.109375
v 0.121449 -0.082608 0.109375
v 0.090199 -0.176358 0.109375
v 0.121449 -0.176358 0.109375
v 0.121449 -0.082608 0.109375
v 0.121449 -0.082608 0.078125
v 0.121449 -0.176358 0.078125
v 0.090199 -0.082608 0.078125
v 0.121449 -0.176358 0.078125
v 0.090199 -0.176358 0.078125
v 0.090199 -0.082608 0.078125
vn 1.0000 -0.0000 -0.0000
vn -1.0000 -0.0000 -0.0000
vn -0.0000 1.0000 -0.0000
vn -0.0000 -1.0000 -0.0000
vn -0.0000 -0.0000 1.0000
vn -0.0000 -0.0000 -1.0000
vt 0.820312 0.125000
vt 0.820312 0.218750
vt 0.812500 0.125000
vt 0.812500 0.218750
vt 0.843750 0.125000
vt 0.843750 0.218750
vt 0.835938 0.125000
vt 0.835938 0.218750
vt 0.843750 0.132812
vt 0.812500 0.132812
vt 0.843750 0.210938
vt 0.812500 0.210938
s 0
usemtl Material_0
f 2737/942/457 2738/943/457 2739/944/457
f 2740/943/457 2741/945/457 2742/944/457
f 2743/946/458 2744/947/458 2745/948/458
f 2746/947/458 2747/949/458 2748/948/458
f 2749/946/459 2750/950/459 2751/944/459
f 2752/950/459 2753/951/459 2754/944/459
f 2755/952/460 2756/947/460 2757/953/460
f 2758/947/460 2759/945/460 2760/953/460
f 2761/946/461 2762/947/461 2763/944/461
f 2764/947/461 2765/945/461 2766/944/461
f 2767/944/462 2768/945/462 2769/946/462
f 2770/945/462 2771/947/462 2772/946/462
o f757713b-2934-5309-4aa1-8cdc2227901c
v 0.152699 -0.082608 0.093750
v 0.152699 -0.207608 0.093750
v 0.152699 -0.082608 0.062500
v 0.152699 -0.207608 0.093750
v 0.152699 -0.207608 0.062500
v 0.152699 -0.082608 0.062500
v 0.121449 -0.082608 0.062500
v 0.121449 -0.207608 0.062500
v 0.121449 -0.082608 0.093750
v 0.121449 -0.207608 0.062500
v 0.121449 -0.207608 0.093750
v 0.121449 -0.082608 0.093750
v 0.121449 -0.082608 0.062500
v 0.121449 -0.082608 0.093750
v 0.152699 -0.082608 0.062500
v 0.121449 -0.082608 0.093750
v 0.152699 -0.082608 0.093750
v 0.152699 -0.082608 0.062500
v 0.121449 -0.207608 0.093750
v 0.121449 -0.207608 0.062500
v 0.152699 -0.207608 0.093750
v 0.121449 -0.207608 0.062500
v 0.152699 -0.207608 0.062500
v 0.152699 -0.207608 0.093750
v 0.121449 -0.082608 0.093750
v 0.121449 -0.207608 0.093750
v 0.152699 -0.082608 0.093750
v 0.121449 -0.207608 0.093750
v 0.152699 -0.207608 0.093750
v 0.152699 -0.082608 0.093750
v 0.152699 -0.082608 0.062500
v 0.152699 -0.207608 0.062500
v 0.121449 -0.082608 0.062500
v 0.152699 -0.207608 0.062500
v 0.121449 -0.207608 0.062500
v 0.121449 -0.082608 0.062500
vn 1.0000 -0.0000 -0.0000
vn -1.0000 -0.0000 -0.0000
vn -0.0000 1.0000 -0.0000
vn -0.0000 -1.0000 -0.0000
vn -0.0000 -0.0000 1.0000
vn -0.0000 -0.0000 -1.0000
vt 0.789062 0.125000
vt 0.789062 0.250000
vt 0.781250 0.125000
vt 0.781250 0.250000
vt 0.812500 0.125000
vt 0.812500 0.250000
vt 0.804688 0.125000
vt 0.804688 0.250000
vt 0.812500 0.132812
vt 0.781250 0.132812
vt 0.812500 0.242188
vt 0.781250 0.242188
s 0
usemtl Material_0
f 2773/954/463 2774/955/463 2775/956/463
f 2776/955/463 2777/957/463 2778/956/463
f 2779/958/464 2780/959/464 2781/960/464
f 2782/959/464 2783/961/464 2784/960/464
f 2785/958/465 2786/962/465 2787/956/465
f 2788/962/465 2789/963/465 2790/956/465
f 2791/964/466 2792/959/466 2793/965/466
f 2794/959/466 2795/957/466 2796/965/466
f 2797/958/467 2798/959/467 2799/956/467
f 2800/959/467 2801/957/467 2802/956/467
f 2803/956/468 2804/957/468 2805/958/468
f 2806/957/468 2807/959/468 2808/958/468
o a49c5c57-8ac2-be6a-73b8-db2840773a17
v 0.183949 -0.082608 0.078125
v 0.183949 -0.238858 0.078125
v 0.183949 -0.082608 0.046875
v 0.183949 -0.238858 0.078125
v 0.183949 -0.238858 0.046875
v 0.183949 -0.082608 0.046875
v 0.152699 -0.082608 0.046875
v 0.152699 -0.238858 0.046875
v 0.152699 -0.082608 0.078125
v 0.152699 -0.238858 0.046875
v 0.152699 -0.238858 0.078125
v 0.152699 -0.082608 0.078125
v 0.152699 -0.082608 0.046875
v 0.152699 -0.082608 0.078125
v 0.183949 -0.082608 0.046875
v 0.152699 -0.082608 0.078125
v 0.183949 -0.082608 0.078125
v 0.183949 -0.082608 0.046875
v 0.152699 -0.238858 0.078125
v 0.152699 -0.238858 0.046875
v 0.183949 -0.238858 0.078125
v 0.152699 -0.238858 0.046875
v 0.183949 -0.238858 0.046875
v 0.183949 -0.238858 0.078125
v 0.152699 -0.082608 0.078125
v 0.152699 -0.238858 0.078125
v 0.183949 -0.082608 0.078125
v 0.152699 -0.238858 0.078125
v 0.183949 -0.238858 0.078125
v 0.183949 -0.082608 0.078125
v 0.183949 -0.082608 0.046875
v 0.183949 -0.238858 0.046875
v 0.152699 -0.082608 0.046875
v 0.183949 -0.238858 0.046875
v 0.152699 -0.238858 0.046875
v 0.152699 -0.082608 0.046875
vn 1.0000 -0.0000 -0.0000
vn -1.0000 -0.0000 -0.0000
vn -0.0000 1.0000 -0.0000
vn -0.0000 -1.0000 -0.0000
vn -0.0000 -0.0000 1.0000
vn -0.0000 -0.0000 -1.0000
vt 0.757812 0.125000
vt 0.757812 0.281250
vt 0.750000 0.125000
vt 0.750000 0.281250
vt 0.781250 0.125000
vt 0.781250 0.281250
vt 0.773438 0.125000
vt 0.773438 0.281250
vt 0.781250 0.132812
vt 0.750000 0.132812
vt 0.781250 0.273438
vt 0.750000 0.273438
s 0
usemtl Material_0
f 2809/966/469 2810/967/469 2811/968/469
f 2812/967/469 2813/969/469 2814/968/469
f 2815/970/470 2816/971/470 2817/972/470
f 2818/971/470 2819/973/470 2820/972/470
f 2821/970/471 2822/974/471 2823/968/471
f 2824/974/471 2825/975/471 2826/968/471
f 2827/976/472 2828/971/472 2829/977/472
f 2830/971/472 2831/969/472 2832/977/472
f 2833/970/473 2834/971/473 2835/968/473
f 2836/971/473 2837/969/473 2838/968/473
f 2839/968/474 2840/969/474 2841/970/474
f 2842/969/474 2843/971/474 2844/970/474
o 39d5b8d1-38cf-e186-3833-da97e758b8ba
v 0.215199 -0.113858 0.062500
v 0.215199 -0.238858 0.062500
v 0.215199 -0.113858 0.031250
v 0.215199 -0.238858 0.062500
v 0.215199 -0.238858 0.031250
v 0.215199 -0.113858 0.031250
v 0.183949 -0.113858 0.031250
v 0.183949 -0.238858 0.031250
v 0.183949 -0.113858 0.062500
v 0.183949 -0.238858 0.031250
v 0.183949 -0.238858 0.062500
v 0.183949 -0.113858 0.062500
v 0.183949 -0.113858 0.031250
v 0.183949 -0.113858 0.062500
v 0.215199 -0.113858 0.031250
v 0.183949 -0.113858 0.062500
v 0.215199 -0.113858 0.062500
v 0.215199 -0.113858 0.031250
v 0.183949 -0.238858 0.062500
v 0.183949 -0.238858 0.031250
v 0.215199 -0.238858 0.062500
v 0.183949 -0.238858 0.031250
v 0.215199 -0.238858 0.031250
v 0.215199 -0.238858 0.062500
v 0.183949 -0.113858 0.062500
v 0.183949 -0.238858 0.062500
v 0.215199 -0.113858 0.062500
v 0.183949 -0.238858 0.062500
v 0.215199 -0.238858 0.062500
v 0.215199 -0.113858 0.062500
v 0.215199 -0.113858 0.031250
v 0.215199 -0.238858 0.031250
v 0.183949 -0.113858 0.031250
v 0.215199 -0.238858 0.031250
v 0.183949 -0.238858 0.031250
v 0.183949 -0.113858 0.031250
vn 1.0000 -0.0000 -0.0000
vn -1.0000 -0.0000 -0.0000
vn -0.0000 1.0000 -0.0000
vn -0.0000 -1.0000 -0.0000
vn -0.0000 -0.0000 1.0000
vn -0.0000 -0.0000 -1.0000
vt 0.726562 0.156250
vt 0.726562 0.281250
vt 0.718750 0.156250
vt 0.718750 0.281250
vt 0.750000 0.156250
vt 0.750000 0.281250
vt 0.742188 0.156250
vt 0.742188 0.281250
vt 0.750000 0.164062
vt 0.718750 0.164062
vt 0.750000 0.273438
vt 0.718750 0.273438
s 0
usemtl Material_0
f 2845/978/475 2846/979/475 2847/980/475
f 2848/979/475 2849/981/475 2850/980/475
f 2851/982/476 2852/983/476 2853/984/476
f 2854/983/476 2855/985/476 2856/984/476
f 2857/982/477 2858/986/477 2859/980/477
f 2860/986/477 2861/987/477 2862/980/477
f 2863/988/478 2864/983/478 2865/989/478
f 2866/983/478 2867/981/478 2868/989/478
f 2869/982/479 2870/983/479 2871/980/479
f 2872/983/479 2873/981/479 2874/980/479
f 2875/980/480 2876/981/480 2877/982/480
f 2878/981/480 2879/983/480 2880/982/480
o 114d136f-a5e2-16db-6db8-cb38874c4d04
v 0.246449 -0.145108 0.031250
v 0.246449 -0.176358 0.031250
v 0.246449 -0.145108 0.015625
v 0.246449 -0.176358 0.031250
v 0.246449 -0.176358 0.015625
v 0.246449 -0.145108 0.015625
v 0.215199 -0.145108 0.015625
v 0.215199 -0.176358 0.015625
v 0.215199 -0.145108 0.031250
v 0.215199 -0.176358 0.015625
v 0.215199 -0.176358 0.031250
v 0.215199 -0.145108 0.031250
v 0.215199 -0.145108 0.015625
v 0.215199 -0.145108 0.031250
v 0.246449 -0.145108 0.015625
v 0.215199 -0.145108 0.031250
v 0.246449 -0.145108 0.031250
v 0.246449 -0.145108 0.015625
v 0.215199 -0.176358 0.031250
v 0.215199 -0.176358 0.015625
v 0.246449 -0.176358 0.031250
v 0.215199 -0.176358 0.015625
v 0.246449 -0.176358 0.015625
v 0.246449 -0.176358 0.031250
v 0.215199 -0.145108 0.031250
v 0.215199 -0.176358 0.031250
v 0.246449 -0.145108 0.031250
v 0.215199 -0.176358 0.031250
v 0.246449 -0.176358 0.031250
v 0.246449 -0.145108 0.031250
v 0.246449 -0.145108 0.015625
v 0.246449 -0.176358 0.015625
v 0.215199 -0.145108 0.015625
v 0.246449 -0.176358 0.015625
v 0.215199 -0.176358 0.015625
v 0.215199 -0.145108 0.015625
vn 1.0000 -0.0000 -0.0000
vn -1.0000 -0.0000 -0.0000
vn -0.0000 1.0000 -0.0000
vn -0.0000 -1.0000 -0.0000
vn -0.0000 -0.0000 1.0000
vn -0.0000 -0.0000 -1.0000
vt 0.695312 0.187500
vt 0.695312 0.218750
vt 0.687500 0.187500
vt 0.687500 0.218750
vt 0.718750 0.187500
vt 0.718750 0.218750
vt 0.710938 0.187500
vt 0.710938 0.218750
vt 0.718750 0.195312
vt 0.687500 0.195312
vt 0.718750 0.210938
vt 0.687500 0.210938
s 0
usemtl Material_0
f 2881/990/481 2882/991/481 2883/992/481
f 2884/991/481 2885/993/481 2886/992/481
f 2887/994/482 2888/995/482 2889/996/482
f 2890/995/482 2891/997/482 2892/996/482
f 2893/994/483 2894/998/483 2895/992/483
f 2896/998/483 2897/999/483 2898/992/483
f 2899/1000/484 2900/995/484 2901/1001/484
f 2902/995/484 2903/993/484 2904/1001/484
f 2905/994/485 2906/995/485 2907/992/485
f 2908/995/485 2909/993/485 2910/992/485
f 2911/992/486 2912/993/486 2913/994/486
f 2914/993/486 2915/995/486 2916/994/486
o 5ddadab4-04b9-3831-d4f8-5a8611a23a36
v 0.340199 -0.176358 0.031250
v 0.340199 -0.207608 0.031250
v 0.340199 -0.176358 0.015625
v 0.340199 -0.207608 0.031250
v 0.340199 -0.207608 0.015625
v 0.340199 -0.176358 0.015625
v 0.246449 -0.176358 0.015625
v 0.246449 -0.176358 0.031250
v 0.340199 -0.176358 0.015625
v 0.246449 -0.176358 0.031250
v 0.340199 -0.176358 0.031250
v 0.340199 -0.176358 0.015625
v 0.246449 -0.207608 0.031250
v 0.246449 -0.207608 0.015625
v 0.340199 -0.207608 0.031250
v 0.246449 -0.207608 0.015625
v 0.340199 -0.207608 0.015625
v 0.340199 -0.207608 0.031250
v 0.246449 -0.176358 0.031250
v 0.246449 -0.207608 0.031250
v 0.340199 -0.176358 0.031250
v 0.246449 -0.207608 0.031250
v 0.340199 -0.207608 0.031250
v 0.340199 -0.176358 0.031250
v 0.340199 -0.176358 0.015625
v 0.340199 -0.207608 0.015625
v 0.246449 -0.176358 0.015625
v 0.340199 -0.207608 0.015625
v 0.246449 -0.207608 0.015625
v 0.246449 -0.176358 0.015625
vn 1.0000 -0.0000 -0.0000
vn -0.0000 1.0000 -0.0000
vn -0.0000 -1.0000 -0.0000
vn -0.0000 -0.0000 1.0000
vn -0.0000 -0.0000 -1.0000
vt 0.601562 0.218750
vt 0.601562 0.250000
vt 0.593750 0.218750
vt 0.593750 0.250000
vt 0.687500 0.218750
vt 0.687500 0.226562
vt 0.593750 0.226562
vt 0.687500 0.242188
vt 0.687500 0.250000
vt 0.593750 0.242188
s 0
usemtl Material_0
f 2917/1002/487 2918/1003/487 2919/1004/487
f 2920/1003/487 2921/1005/487 2922/1004/487
f 2923/1006/488 2924/1007/488 2925/1004/488
f 2926/1007/488 2927/1008/488 2928/1004/488
f 2929/1009/489 2930/1010/489 2931/1011/489
f 2932/1010/489 2933/1005/489 2934/1011/489
f 2935/1006/490 2936/1010/490 2937/1004/490
f 2938/1010/490 2939/1005/490 2940/1004/490
f 2941/1004/491 2942/1005/491 2943/1006/491
f 2944/1005/491 2945/1010/491 2946/1006/491
o aaf24a32-0289-82bc-d6d2-4dff971e2dc9
v 0.308949 -0.145108 0.031250
v 0.308949 -0.176358 0.031250
v 0.308949 -0.145108 0.015625
v 0.308949 -0.176358 0.031250
v 0.308949 -0.176358 0.015625
v 0.308949 -0.145108 0.015625
v 0.277699 -0.145108 0.015625
v 0.277699 -0.176358 0.015625
v 0.277699 -0.145108 0.031250
v 0.277699 -0.176358 0.015625
v 0.277699 -0.176358 0.031250
v 0.277699 -0.145108 0.031250
v 0.277699 -0.145108 0.015625
v 0.277699 -0.145108 0.031250
v 0.308949 -0.145108 0.015625
v 0.277699 -0.145108 0.031250
v 0.308949 -0.145108 0.031250
v 0.308949 -0.145108 0.015625
v 0.277699 -0.145108 0.031250
v 0.277699 -0.176358 0.031250
v 0.308949 -0.145108 0.031250
v 0.277699 -0.176358 0.031250
v 0.308949 -0.176358 0.031250
v 0.308949 -0.145108 0.031250
v 0.308949 -0.145108 0.015625
v 0.308949 -0.176358 0.015625
v 0.277699 -0.145108 0.015625
v 0.308949 -0.176358 0.015625
v 0.277699 -0.176358 0.015625
v 0.277699 -0.145108 0.015625
vn 1.0000 -0.0000 -0.0000
vn -1.0000 -0.0000 -0.0000
vn -0.0000 1.0000 -0.0000
vn -0.0000 -0.0000 1.0000
vn -0.0000 -0.0000 -1.0000
vt 0.632812 0.187500
vt 0.632812 0.218750
vt 0.625000 0.187500
vt 0.625000 0.218750
vt 0.656250 0.187500
vt 0.656250 0.218750
vt 0.648438 0.187500
vt 0.648438 0.218750
vt 0.656250 0.195312
vt 0.625000 0.195312
s 0
usemtl Material_0
f 2947/1012/492 2948/1013/492 2949/1014/492
f 2950/1013/492 2951/1015/492 2952/1014/492
f 2953/1016/493 2954/1017/493 2955/1018/493
f 2956/1017/493 2957/1019/493 2958/1018/493
f 2959/1016/494 2960/1020/494 2961/1014/494
f 2962/1020/494 2963/1021/494 2964/1014/494
f 2965/1016/495 2966/1017/495 2967/1014/495
f 2968/1017/495 2969/1015/495 2970/1014/495
f 2971/1014/496 2972/1015/496 2973/1016/496
f 2974/1015/496 2975/1017/496 2976/1016/496
o b5009186-2f78-ddb2-4c6b-5921e7feb839
v 0.246449 -0.145108 -0.015625
v 0.246449 -0.176358 -0.015625
v 0.246449 -0.145108 -0.031250
v 0.246449 -0.176358 -0.015625
v 0.246449 -0.176358 -0.031250
v 0.246449 -0.145108 -0.031250
v 0.215199 -0.145108 -0.031250
v 0.215199 -0.176358 -0.031250
v 0.215199 -0.145108 -0.015625
v 0.215199 -0.176358 -0.031250
v 0.215199 -0.176358 -0.015625
v 0.215199 -0.145108 -0.015625
v 0.215199 -0.145108 -0.031250
v 0.215199 -0.145108 -0.015625
v 0.246449 -0.145108 -0.031250
v 0.215199 -0.145108 -0.015625
v 0.246449 -0.145108 -0.015625
v 0.246449 -0.145108 -0.031250
v 0.215199 -0.176358 -0.015625
v 0.215199 -0.176358 -0.031250
v 0.246449 -0.176358 -0.015625
v 0.215199 -0.176358 -0.031250
v 0.246449 -0.176358 -0.031250
v 0.246449 -0.176358 -0.015625
v 0.215199 -0.145108 -0.015625
v 0.215199 -0.176358 -0.015625
v 0.246449 -0.145108 -0.015625
v 0.215199 -0.176358 -0.015625
v 0.246449 -0.176358 -0.015625
v 0.246449 -0.145108 -0.015625
v 0.246449 -0.145108 -0.031250
v 0.246449 -0.176358 -0.031250
v 0.215199 -0.145108 -0.031250
v 0.246449 -0.176358 -0.031250
v 0.215199 -0.176358 -0.031250
v 0.215199 -0.145108 -0.031250
vn 1.0000 -0.0000 -0.0000
vn -1.0000 -0.0000 -0.0000
vn -0.0000 1.0000 -0.0000
vn -0.0000 -1.0000 -0.0000
vn -0.0000 -0.0000 1.0000
vn -0.0000 -0.0000 -1.0000
vt 0.687500 0.187500
vt 0.687500 0.218750
vt 0.695312 0.187500
vt 0.695312 0.218750
vt 0.710938 0.187500
vt 0.710938 0.218750
vt 0.718750 0.187500
vt 0.718750 0.218750
vt 0.718750 0.195312
vt 0.687500 0.195312
vt 0.718750 0.210938
vt 0.687500 0.210938
s 0
usemtl Material_0
f 2977/1022/497 2978/1023/497 2979/1024/497
f 2980/1023/497 2981/1025/497 2982/1024/497
f 2983/1026/498 2984/1027/498 2985/1028/498
f 2986/1027/498 2987/1029/498 2988/1028/498
f 2989/1030/499 2990/1028/499 2991/1031/499
f 2992/1028/499 2993/1022/499 2994/1031/499
f 2995/1029/500 2996/1032/500 2997/1023/500
f 2998/1032/500 2999/1033/500 3000/1023/500
f 3001/1028/501 3002/1029/501 3003/1022/501
f 3004/1029/501 3005/1023/501 3006/1022/501
f 3007/1022/502 3008/1023/502 3009/1028/502
f 3010/1023/502 3011/1029/502 3012/1028/502
o 9b57cdf9-521d-4c90-6354-40d76c0d1af1
v 0.340199 -0.113858 0.015625
v 0.340199 -0.176358 0.015625
v 0.340199 -0.113858 -0.015625
v 0.340199 -0.176358 0.015625
v 0.340199 -0.176358 -0.015625
v 0.340199 -0.113858 -0.015625
v 0.308949 -0.113858 -0.015625
v 0.308949 -0.176358 -0.015625
v 0.308949 -0.113858 0.015625
v 0.308949 -0.176358 -0.015625
v 0.308949 -0.176358 0.015625
v 0.308949 -0.113858 0.015625
v 0.308949 -0.113858 -0.015625
v 0.308949 -0.113858 0.015625
v 0.340199 -0.113858 -0.015625
v 0.308949 -0.113858 0.015625
v 0.340199 -0.113858 0.015625
v 0.340199 -0.113858 -0.015625
v 0.308949 -0.113858 0.015625
v 0.308949 -0.176358 0.015625
v 0.340199 -0.113858 0.015625
v 0.308949 -0.176358 0.015625
v 0.340199 -0.176358 0.015625
v 0.340199 -0.113858 0.015625
v 0.340199 -0.113858 -0.015625
v 0.340199 -0.176358 -0.015625
v 0.308949 -0.113858 -0.015625
v 0.340199 -0.176358 -0.015625
v 0.308949 -0.176358 -0.015625
v 0.308949 -0.113858 -0.015625
vn 1.0000 -0.0000 -0.0000
vn -1.0000 -0.0000 -0.0000
vn -0.0000 1.0000 -0.0000
vn -0.0000 -0.0000 1.0000
vn -0.0000 -0.0000 -1.0000
vt 0.593750 0.156250
vt 0.593750 0.218750
vt 0.601562 0.156250
vt 0.601562 0.218750
vt 0.617188 0.156250
vt 0.617188 0.250000
vt 0.625000 0.156250
vt 0.625000 0.250000
vt 0.625000 0.164062
vt 0.593750 0.164062
vt 0.625000 0.218750
s 0
usemtl Material_0
f 3013/1034/503 3014/1035/503 3015/1036/503
f 3016/1035/503 3017/1037/503 3018/1036/503
f 3019/1038/504 3020/1039/504 3021/1040/504
f 3022/1039/504 3023/1041/504 3024/1040/504
f 3025/1042/505 3026/1040/505 3027/1043/505
f 3028/1040/505 3029/1034/505 3030/1043/505
f 3031/1040/506 3032/1044/506 3033/1034/506
f 3034/1044/506 3035/1035/506 3036/1034/506
f 3037/1034/507 3038/1035/507 3039/1040/507
f 3040/1035/507 3041/1044/507 3042/1040/507
o 8d0b3c3c-28b1-8921-102b-5ae7dcfaaa46
v 0.277699 -0.207608 -0.031250
v 0.277699 -0.207608 0.031250
v 0.308949 -0.207608 -0.031250
v 0.277699 -0.207608 0.031250
v 0.308949 -0.207608 0.031250
v 0.308949 -0.207608 -0.031250
v 0.277699 -0.207608 0.031250
v 0.277699 -0.270108 0.031250
v 0.308949 -0.207608 0.031250
v 0.277699 -0.270108 0.031250
v 0.308949 -0.270108 0.031250
v 0.308949 -0.207608 0.031250
v 0.308949 -0.207608 -0.031250
v 0.308949 -0.270108 -0.031250
v 0.277699 -0.207608 -0.031250
v 0.308949 -0.270108 -0.031250
v 0.277699 -0.270108 -0.031250
v 0.277699 -0.207608 -0.031250
vn -0.0000 1.0000 -0.0000
vn -0.0000 -0.0000 1.0000
vn -0.0000 -0.0000 -1.0000
vt 0.656250 0.195312
vt 0.656250 0.187500
vt 0.625000 0.195312
vt 0.625000 0.187500
vt 0.656250 0.250000
vt 0.656250 0.312500
vt 0.625000 0.250000
vt 0.625000 0.312500
s 0
usemtl Material_0
f 3043/1045/508 3044/1046/508 3045/1047/508
f 3046/1046/508 3047/1048/508 3048/1047/508
f 3049/1049/509 3050/1050/509 3051/1051/509
f 3052/1050/509 3053/1052/509 3054/1051/509
f 3055/1051/510 3056/1052/510 3057/1049/510
f 3058/1052/510 3059/1050/510 3060/1049/510
o b637b14f-9203-7d05-a467-121ec2e1c08e
v 0.308949 -0.145108 -0.015625
v 0.308949 -0.176358 -0.015625
v 0.308949 -0.145108 -0.031250
v 0.308949 -0.176358 -0.015625
v 0.308949 -0.176358 -0.031250
v 0.308949 -0.145108 -0.031250
v 0.277699 -0.145108 -0.031250
v 0.277699 -0.176358 -0.031250
v 0.277699 -0.145108 -0.015625
v 0.277699 -0.176358 -0.031250
v 0.277699 -0.176358 -0.015625
v 0.277699 -0.145108 -0.015625
v 0.277699 -0.145108 -0.031250
v 0.277699 -0.145108 -0.015625
v 0.308949 -0.145108 -0.031250
v 0.277699 -0.145108 -0.015625
v 0.308949 -0.145108 -0.015625
v 0.308949 -0.145108 -0.031250
v 0.277699 -0.145108 -0.015625
v 0.277699 -0.176358 -0.015625
v 0.308949 -0.145108 -0.015625
v 0.277699 -0.176358 -0.015625
v 0.308949 -0.176358 -0.015625
v 0.308949 -0.145108 -0.015625
v 0.308949 -0.145108 -0.031250
v 0.308949 -0.176358 -0.031250
v 0.277699 -0.145108 -0.031250
v 0.308949 -0.176358 -0.031250
v 0.277699 -0.176358 -0.031250
v 0.277699 -0.145108 -0.031250
vn 1.0000 -0.0000 -0.0000
vn -1.0000 -0.0000 -0.0000
vn -0.0000 1.0000 -0.0000
vn -0.0000 -0.0000 1.0000
vn -0.0000 -0.0000 -1.0000
vt 0.625000 0.187500
vt 0.625000 0.218750
vt 0.632812 0.187500
vt 0.632812 0.218750
vt 0.648438 0.187500
vt 0.648438 0.218750
vt 0.656250 0.187500
vt 0.656250 0.218750
vt 0.656250 0.195312
vt 0.625000 0.195312
s 0
usemtl Material_0
f 3061/1053/511 3062/1054/511 3063/1055/511
f 3064/1054/511 3065/1056/511 3066/1055/511
f 3067/1057/512 3068/1058/512 3069/1059/512
f 3070/1058/512 3071/1060/512 3072/1059/512
f 3073/1061/513 3074/1059/513 3075/1062/513
f 3076/1059/513 3077/1053/513 3078/1062/513
f 3079/1059/514 3080/1060/514 3081/1053/514
f 3082/1060/514 3083/1054/514 3084/1053/514
f 3085/1053/515 3086/1054/515 3087/1059/515
f 3088/1054/515 3089/1060/515 3090/1059/515
o f29e9a4a-01af-1251-1715-036af7fc2ead
v 0.340199 -0.207608 0.031250
v 0.340199 -0.270108 0.031250
v 0.340199 -0.207608 -0.031250
v 0.340199 -0.270108 0.031250
v 0.340199 -0.270108 -0.031250
v 0.340199 -0.207608 -0.031250
v 0.308949 -0.207608 -0.031250
v 0.308949 -0.207608 0.031250
v 0.340199 -0.207608 -0.031250
v 0.308949 -0.207608 0.031250
v 0.340199 -0.207608 0.031250
v 0.340199 -0.207608 -0.031250
v 0.308949 -0.270108 0.031250
v 0.308949 -0.270108 -0.031250
v 0.340199 -0.270108 0.031250
v 0.308949 -0.270108 -0.031250
v 0.340199 -0.270108 -0.031250
v 0.340199 -0.270108 0.031250
v 0.308949 -0.207608 0.031250
v 0.308949 -0.270108 0.031250
v 0.340199 -0.207608 0.031250
v 0.308949 -0.270108 0.031250
v 0.340199 -0.270108 0.031250
v 0.340199 -0.207608 0.031250
v 0.340199 -0.207608 -0.031250
v 0.340199 -0.270108 -0.031250
v 0.308949 -0.207608 -0.031250
v 0.340199 -0.270108 -0.031250
v 0.308949 -0.270108 -0.031250
v 0.308949 -0.207608 -0.031250
vn 1.0000 -0.0000 -0.0000
vn -0.0000 1.0000 -0.0000
vn -0.0000 -1.0000 -0.0000
vn -0.0000 -0.0000 1.0000
vn -0.0000 -0.0000 -1.0000
vt 0.593750 0.250000
vt 0.593750 0.312500
vt 0.601562 0.250000
vt 0.601562 0.312500
vt 0.625000 0.257812
vt 0.625000 0.250000
vt 0.593750 0.257812
vt 0.625000 0.312500
vt 0.625000 0.304688
vt 0.593750 0.304688
s 0
usemtl Material_0
f 3091/1063/516 3092/1064/516 3093/1065/516
f 3094/1064/516 3095/1066/516 3096/1065/516
f 3097/1067/517 3098/1068/517 3099/1069/517
f 3100/1068/517 3101/1063/517 3102/1069/517
f 3103/1070/518 3104/1071/518 3105/1064/518
f 3106/1071/518 3107/1072/518 3108/1064/518
f 3109/1068/519 3110/1070/519 3111/1063/519
f 3112/1070/519 3113/1064/519 3114/1063/519
f 3115/1063/520 3116/1064/520 3117/1068/520
f 3118/1064/520 3119/1070/520 3120/1068/520
o 7d38229e-9921-a9de-9fc6-2e05d0bb5c79
v 0.340199 -0.176358 0.015625
v 0.340199 -0.207608 0.015625
v 0.340199 -0.176358 -0.015625
v 0.340199 -0.207608 0.015625
v 0.340199 -0.207608 -0.015625
v 0.340199 -0.176358 -0.015625
v 0.308949 -0.176358 -0.015625
v 0.308949 -0.207608 -0.015625
v 0.308949 -0.176358 0.015625
v 0.308949 -0.207608 -0.015625
v 0.308949 -0.207608 0.015625
v 0.308949 -0.176358 0.015625
v 0.340199 -0.176358 -0.015625
v 0.340199 -0.207608 -0.015625
v 0.308949 -0.176358 -0.015625
v 0.340199 -0.207608 -0.015625
v 0.308949 -0.207608 -0.015625
v 0.308949 -0.176358 -0.015625
vn 1.0000 -0.0000 -0.0000
vn -1.0000 -0.0000 -0.0000
vn -0.0000 -0.0000 -1.0000
vt 0.593750 0.218750
vt 0.593750 0.250000
vt 0.601562 0.218750
vt 0.601562 0.250000
vt 0.617188 0.218750
vt 0.617188 0.250000
vt 0.625000 0.218750
vt 0.625000 0.250000
vt 0.687500 0.218750
vt 0.687500 0.250000
s 0
usemtl Material_0
f 3121/1073/521 3122/1074/521 3123/1075/521
f 3124/1074/521 3125/1076/521 3126/1075/521
f 3127/1077/522 3128/1078/522 3129/1079/522
f 3130/1078/522 3131/1080/522 3132/1079/522
f 3133/1073/523 3134/1074/523 3135/1081/523
f 3136/1074/523 3137/1082/523 3138/1081/523
o 4ec08552-3c8d-2cfd-0510-584abddd537b
v 0.340199 -0.176358 -0.015625
v 0.340199 -0.207608 -0.015625
v 0.340199 -0.176358 -0.031250
v 0.340199 -0.207608 -0.015625
v 0.340199 -0.207608 -0.031250
v 0.340199 -0.176358 -0.031250
v 0.246449 -0.176358 -0.031250
v 0.246449 -0.176358 -0.015625
v 0.340199 -0.176358 -0.031250
v 0.246449 -0.176358 -0.015625
v 0.340199 -0.176358 -0.015625
v 0.340199 -0.176358 -0.031250
v 0.246449 -0.207608 -0.015625
v 0.246449 -0.207608 -0.031250
v 0.340199 -0.207608 -0.015625
v 0.246449 -0.207608 -0.031250
v 0.340199 -0.207608 -0.031250
v 0.340199 -0.207608 -0.015625
v 0.246449 -0.176358 -0.015625
v 0.246449 -0.207608 -0.015625
v 0.340199 -0.176358 -0.015625
v 0.246449 -0.207608 -0.015625
v 0.340199 -0.207608 -0.015625
v 0.340199 -0.176358 -0.015625
v 0.340199 -0.176358 -0.031250
v 0.340199 -0.207608 -0.031250
v 0.246449 -0.176358 -0.031250
v 0.340199 -0.207608 -0.031250
v 0.246449 -0.207608 -0.031250
v 0.246449 -0.176358 -0.031250
vn 1.0000 -0.0000 -0.0000
vn -0.0000 1.0000 -0.0000
vn -0.0000 -1.0000 -0.0000
vn -0.0000 -0.0000 1.0000
vn -0.0000 -0.0000 -1.0000
vt 0.593750 0.218750
vt 0.593750 0.250000
vt 0.601562 0.218750
vt 0.601562 0.250000
vt 0.687500 0.226562
vt 0.687500 0.218750
vt 0.593750 0.226562
vt 0.687500 0.250000
vt 0.687500 0.242188
vt 0.593750 0.242188
s 0
usemtl Material_0
f 3139/1083/524 3140/1084/524 3141/1085/524
f 3142/1084/524 3143/1086/524 3144/1085/524
f 3145/1087/525 3146/1088/525 3147/1089/525
f 3148/1088/525 3149/1083/525 3150/1089/525
f 3151/1090/526 3152/1091/526 3153/1084/526
f 3154/1091/526 3155/1092/526 3156/1084/526
f 3157/1088/527 3158/1090/527 3159/1083/527
f 3160/1090/527 3161/1084/527 3162/1083/527
f 3163/1083/528 3164/1084/528 3165/1088/528
f 3166/1084/528 3167/1090/528 3168/1088/528
o 4de1edc0-d838-bdd7-912a-125f462440c6
v 0.308949 -0.270108 0.031250
v 0.308949 -0.301358 0.031250
v 0.308949 -0.270108 -0.031250
v 0.308949 -0.301358 0.031250
v 0.308949 -0.301358 -0.031250
v 0.308949 -0.270108 -0.031250
v 0.277699 -0.301358 0.031250
v 0.277699 -0.301358 -0.031250
v 0.308949 -0.301358 0.031250
v 0.277699 -0.301358 -0.031250
v 0.308949 -0.301358 -0.031250
v 0.308949 -0.301358 0.031250
v 0.277699 -0.270108 0.031250
v 0.277699 -0.301358 0.031250
v 0.308949 -0.270108 0.031250
v 0.277699 -0.301358 0.031250
v 0.308949 -0.301358 0.031250
v 0.308949 -0.270108 0.031250
v 0.308949 -0.270108 -0.031250
v 0.308949 -0.301358 -0.031250
v 0.277699 -0.270108 -0.031250
v 0.308949 -0.301358 -0.031250
v 0.277699 -0.301358 -0.031250
v 0.277699 -0.270108 -0.031250
vn 1.0000 -0.0000 -0.0000
vn -0.0000 -1.0000 -0.0000
vn -0.0000 -0.0000 1.0000
vn -0.0000 -0.0000 -1.0000
vt 0.625000 0.312500
vt 0.625000 0.343750
vt 0.632812 0.312500
vt 0.632812 0.343750
vt 0.656250 0.343750
vt 0.656250 0.335938
vt 0.625000 0.335938
vt 0.656250 0.312500
s 0
usemtl Material_0
f 3169/1093/529 3170/1094/529 3171/1095/529
f 3172/1094/529 3173/1096/529 3174/1095/529
f 3175/1097/530 3176/1098/530 3177/1094/530
f 3178/1098/530 3179/1099/530 3180/1094/530
f 3181/1100/531 3182/1097/531 3183/1093/531
f 3184/1097/531 3185/1094/531 3186/1093/531
f 3187/1093/532 3188/1094/532 3189/1100/532
f 3190/1094/532 3191/1097/532 3192/1100/532
o 36551105-ec3b-ae34-7592-de8fd19a66d3
v 0.371449 -0.301358 0.015625
v 0.371449 -0.332608 0.015625
v 0.371449 -0.301358 -0.015625
v 0.371449 -0.332608 0.015625
v 0.371449 -0.332608 -0.015625
v 0.371449 -0.301358 -0.015625
v 0.340199 -0.301358 -0.015625
v 0.340199 -0.301358 0.015625
v 0.371449 -0.301358 -0.015625
v 0.340199 -0.301358 0.015625
v 0.371449 -0.301358 0.015625
v 0.371449 -0.301358 -0.015625
v 0.340199 -0.332608 0.015625
v 0.340199 -0.332608 -0.015625
v 0.371449 -0.332608 0.015625
v 0.340199 -0.332608 -0.015625
v 0.371449 -0.332608 -0.015625
v 0.371449 -0.332608 0.015625
v 0.340199 -0.301358 0.015625
v 0.340199 -0.332608 0.015625
v 0.371449 -0.301358 0.015625
v 0.340199 -0.332608 0.015625
v 0.371449 -0.332608 0.015625
v 0.371449 -0.301358 0.015625
v 0.371449 -0.301358 -0.015625
v 0.371449 -0.332608 -0.015625
v 0.340199 -0.301358 -0.015625
v 0.371449 -0.332608 -0.015625
v 0.340199 -0.332608 -0.015625
v 0.340199 -0.301358 -0.015625
vn 1.0000 -0.0000 -0.0000
vn -0.0000 1.0000 -0.0000
vn -0.0000 -1.0000 -0.0000
vn -0.0000 -0.0000 1.0000
vn -0.0000 -0.0000 -1.0000
vt 0.562500 0.343750
vt 0.562500 0.375000
vt 0.570312 0.343750
vt 0.570312 0.375000
vt 0.593750 0.351562
vt 0.593750 0.343750
vt 0.562500 0.351562
vt 0.593750 0.375000
vt 0.593750 0.367188
vt 0.562500 0.367188
s 0
usemtl Material_0
f 3193/1101/533 3194/1102/533 3195/1103/533
f 3196/1102/533 3197/1104/533 3198/1103/533
f 3199/1105/534 3200/1106/534 3201/1107/534
f 3202/1106/534 3203/1101/534 3204/1107/534
f 3205/1108/535 3206/1109/535 3207/1102/535
f 3208/1109/535 3209/1110/535 3210/1102/535
f 3211/1106/536 3212/1108/536 3213/1101/536
f 3214/1108/536 3215/1102/536 3216/1101/536
f 3217/1101/537 3218/1102/537 3219/1106/537
f 3220/1102/537 3221/1108/537 3222/1106/537
o ecf2e41c-c7b0-5db2-efda-2bae0c075a7c
v 0.340199 -0.270108 0.015625
v 0.340199 -0.395108 0.015625
v 0.340199 -0.270108 -0.015625
v 0.340199 -0.395108 0.015625
v 0.340199 -0.395108 -0.015625
v 0.340199 -0.270108 -0.015625
v 0.308949 -0.395108 0.015625
v 0.308949 -0.395108 -0.015625
v 0.340199 -0.395108 0.015625
v 0.308949 -0.395108 -0.015625
v 0.340199 -0.395108 -0.015625
v 0.340199 -0.395108 0.015625
v 0.308949 -0.270108 0.015625
v 0.308949 -0.395108 0.015625
v 0.340199 -0.270108 0.015625
v 0.308949 -0.395108 0.015625
v 0.340199 -0.395108 0.015625
v 0.340199 -0.270108 0.015625
v 0.340199 -0.270108 -0.015625
v 0.340199 -0.395108 -0.015625
v 0.308949 -0.270108 -0.015625
v 0.340199 -0.395108 -0.015625
v 0.308949 -0.395108 -0.015625
v 0.308949 -0.270108 -0.015625
vn 1.0000 -0.0000 -0.0000
vn -0.0000 -1.0000 -0.0000
vn -0.0000 -0.0000 1.0000
vn -0.0000 -0.0000 -1.0000
vt 0.593750 0.312500
vt 0.593750 0.437500
vt 0.601562 0.312500
vt 0.601562 0.437500
vt 0.625000 0.437500
vt 0.625000 0.429688
vt 0.593750 0.429688
vt 0.625000 0.312500
s 0
usemtl Material_0
f 3223/1111/538 3224/1112/538 3225/1113/538
f 3226/1112/538 3227/1114/538 3228/1113/538
f 3229/1115/539 3230/1116/539 3231/1112/539
f 3232/1116/539 3233/1117/539 3234/1112/539
f 3235/1118/540 3236/1115/540 3237/1111/540
f 3238/1115/540 3239/1112/540 3240/1111/540
f 3241/1111/541 3242/1112/541 3243/1118/541
f 3244/1112/541 3245/1115/541 3246/1118/541
o 03987823-f9ae-f959-127b-052365dea820
v 0.308949 -0.301358 0.015625
v 0.308949 -0.426358 0.015625
v 0.308949 -0.301358 -0.015625
v 0.308949 -0.426358 0.015625
v 0.308949 -0.426358 -0.015625
v 0.308949 -0.301358 -0.015625
v 0.277699 -0.426358 0.015625
v 0.277699 -0.426358 -0.015625
v 0.308949 -0.426358 0.015625
v 0.277699 -0.426358 -0.015625
v 0.308949 -0.426358 -0.015625
v 0.308949 -0.426358 0.015625
v 0.277699 -0.301358 0.015625
v 0.277699 -0.426358 0.015625
v 0.308949 -0.301358 0.015625
v 0.277699 -0.426358 0.015625
v 0.308949 -0.426358 0.015625
v 0.308949 -0.301358 0.015625
v 0.308949 -0.301358 -0.015625
v 0.308949 -0.426358 -0.015625
v 0.277699 -0.301358 -0.015625
v 0.308949 -0.426358 -0.015625
v 0.277699 -0.426358 -0.015625
v 0.277699 -0.301358 -0.015625
vn 1.0000 -0.0000 -0.0000
vn -0.0000 -1.0000 -0.0000
vn -0.0000 -0.0000 1.0000
vn -0.0000 -0.0000 -1.0000
vt 0.625000 0.343750
vt 0.625000 0.468750
vt 0.632812 0.343750
vt 0.632812 0.468750
vt 0.656250 0.468750
vt 0.656250 0.460938
vt 0.625000 0.460938
vt 0.656250 0.343750
s 0
usemtl Material_0
f 3247/1119/542 3248/1120/542 3249/1121/542
f 3250/1120/542 3251/1122/542 3252/1121/542
f 3253/1123/543 3254/1124/543 3255/1120/543
f 3256/1124/543 3257/1125/543 3258/1120/543
f 3259/1126/544 3260/1123/544 3261/1119/544
f 3262/1123/544 3263/1120/544 3264/1119/544
f 3265/1119/545 3266/1120/545 3267/1126/545
f 3268/1120/545 3269/1123/545 3270/1126/545
o c48252de-10d5-3fe3-512f-a5bd8c017db5
v 0.308949 -0.488858 0.015625
v 0.308949 -0.520108 0.015625
v 0.308949 -0.488858 -0.015625
v 0.308949 -0.520108 0.015625
v 0.308949 -0.520108 -0.015625
v 0.308949 -0.488858 -0.015625
v 0.277699 -0.488858 -0.015625
v 0.277699 -0.520108 -0.015625
v 0.277699 -0.488858 0.015625
v 0.277699 -0.520108 -0.015625
v 0.277699 -0.520108 0.015625
v 0.277699 -0.488858 0.015625
v 0.277699 -0.488858 -0.015625
v 0.277699 -0.488858 0.015625
v 0.308949 -0.488858 -0.015625
v 0.277699 -0.488858 0.015625
v 0.308949 -0.488858 0.015625
v 0.308949 -0.488858 -0.015625
v 0.277699 -0.520108 0.015625
v 0.277699 -0.520108 -0.015625
v 0.308949 -0.520108 0.015625
v 0.277699 -0.520108 -0.015625
v 0.308949 -0.520108 -0.015625
v 0.308949 -0.520108 0.015625
v 0.277699 -0.488858 0.015625
v 0.277699 -0.520108 0.015625
v 0.308949 -0.488858 0.015625
v 0.277699 -0.520108 0.015625
v 0.308949 -0.520108 0.015625
v 0.308949 -0.488858 0.015625
v 0.308949 -0.488858 -0.015625
v 0.308949 -0.520108 -0.015625
v 0.277699 -0.488858 -0.015625
v 0.308949 -0.520108 -0.015625
v 0.277699 -0.520108 -0.015625
v 0.277699 -0.488858 -0.015625
vn 1.0000 -0.0000 -0.0000
vn -1.0000 -0.0000 -0.0000
vn -0.0000 1.0000 -0.0000
vn -0.0000 -1.0000 -0.0000
vn -0.0000 -0.0000 1.0000
vn -0.0000 -0.0000 -1.0000
vt 0.625000 0.531250
vt 0.625000 0.562500
vt 0.632812 0.531250
vt 0.632812 0.562500
vt 0.000000 0.000000
vt 0.656250 0.562500
vt 0.656250 0.554688
vt 0.625000 0.554688
vt 0.656250 0.531250
s 0
usemtl Material_0
f 3271/1127/546 3272/1128/546 3273/1129/546
f 3274/1128/546 3275/1130/546 3276/1129/546
f 3277/1131/547 3278/1131/547 3279/1131/547
f 3280/1131/547 3281/1131/547 3282/1131/547
f 3283/1131/548 3284/1131/548 3285/1131/548
f 3286/1131/548 3287/1131/548 3288/1131/548
f 3289/1132/549 3290/1133/549 3291/1128/549
f 3292/1133/549 3293/1134/549 3294/1128/549
f 3295/1135/550 3296/1132/550 3297/1127/550
f 3298/1132/550 3299/1128/550 3300/1127/550
f 3301/1127/551 3302/1128/551 3303/1135/551
f 3304/1128/551 3305/1132/551 3306/1135/551
o 8e897e09-a5ea-0563-c454-804012096235
v 0.246449 -0.176358 0.046875
v 0.246449 -0.332608 0.046875
v 0.246449 -0.176358 -0.046875
v 0.246449 -0.332608 0.046875
v 0.246449 -0.332608 -0.046875
v 0.246449 -0.176358 -0.046875
v 0.215199 -0.176358 -0.046875
v 0.215199 -0.332608 -0.046875
v 0.215199 -0.176358 0.046875
v 0.215199 -0.332608 -0.046875
v 0.215199 -0.332608 0.046875
v 0.215199 -0.176358 0.046875
v 0.215199 -0.176358 -0.046875
v 0.215199 -0.176358 0.046875
v 0.246449 -0.176358 -0.046875
v 0.215199 -0.176358 0.046875
v 0.246449 -0.176358 0.046875
v 0.246449 -0.176358 -0.046875
v 0.215199 -0.332608 0.046875
v 0.215199 -0.332608 -0.046875
v 0.246449 -0.332608 0.046875
v 0.215199 -0.332608 -0.046875
v 0.246449 -0.332608 -0.046875
v 0.246449 -0.332608 0.046875
v 0.215199 -0.176358 0.046875
v 0.215199 -0.332608 0.046875
v 0.246449 -0.176358 0.046875
v 0.215199 -0.332608 0.046875
v 0.246449 -0.332608 0.046875
v 0.246449 -0.176358 0.046875
v 0.246449 -0.176358 -0.046875
v 0.246449 -0.332608 -0.046875
v 0.215199 -0.176358 -0.046875
v 0.246449 -0.332608 -0.046875
v 0.215199 -0.332608 -0.046875
v 0.215199 -0.176358 -0.046875
vn 1.0000 -0.0000 -0.0000
vn -1.0000 -0.0000 -0.0000
vn -0.0000 1.0000 -0.0000
vn -0.0000 -1.0000 -0.0000
vn -0.0000 -0.0000 1.0000
vn -0.0000 -0.0000 -1.0000
vt 0.687500 0.218750
vt 0.687500 0.375000
vt 0.695312 0.218750
vt 0.695312 0.375000
vt 0.710938 0.218750
vt 0.710938 0.375000
vt 0.718750 0.218750
vt 0.718750 0.375000
vt 0.718750 0.226562
vt 0.687500 0.226562
vt 0.718750 0.367188
vt 0.687500 0.367188
s 0
usemtl Material_0
f 3307/1136/552 3308/1137/552 3309/1138/552
f 3310/1137/552 3311/1139/552 3312/1138/552
f 3313/1140/553 3314/1141/553 3315/1142/553
f 3316/1141/553 3317/1143/553 3318/1142/553
f 3319/1144/554 3320/1142/554 3321/1145/554
f 3322/1142/554 3323/1136/554 3324/1145/554
f 3325/1143/555 3326/1146/555 3327/1137/555
f 3328/1146/555 3329/1147/555 3330/1137/555
f 3331/1142/556 3332/1143/556 3333/1136/556
f 3334/1143/556 3335/1137/556 3336/1136/556
f 3337/1136/557 3338/1137/557 3339/1142/557
f 3340/1137/557 3341/1143/557 3342/1142/557
o 6c1eaeab-a019-4487-111c-7ca4d34da4d2
v 0.277699 -0.207608 0.031250
v 0.277699 -0.332608 0.031250
v 0.277699 -0.207608 -0.031250
v 0.277699 -0.332608 0.031250
v 0.277699 -0.332608 -0.031250
v 0.277699 -0.207608 -0.031250
v 0.246449 -0.207608 -0.031250
v 0.246449 -0.207608 0.031250
v 0.277699 -0.207608 -0.031250
v 0.246449 -0.207608 0.031250
v 0.277699 -0.207608 0.031250
v 0.277699 -0.207608 -0.031250
v 0.246449 -0.207608 0.031250
v 0.246449 -0.332608 0.031250
v 0.277699 -0.207608 0.031250
v 0.246449 -0.332608 0.031250
v 0.277699 -0.332608 0.031250
v 0.277699 -0.207608 0.031250
v 0.277699 -0.207608 -0.031250
v 0.277699 -0.332608 -0.031250
v 0.246449 -0.207608 -0.031250
v 0.277699 -0.332608 -0.031250
v 0.246449 -0.332608 -0.031250
v 0.246449 -0.207608 -0.031250
vn 1.0000 -0.0000 -0.0000
vn -0.0000 1.0000 -0.0000
vn -0.0000 -0.0000 1.0000
vn -0.0000 -0.0000 -1.0000
vt 0.656250 0.250000
vt 0.656250 0.375000
vt 0.664062 0.250000
vt 0.664062 0.375000
vt 0.656250 0.257812
vt 0.687500 0.257812
vt 0.687500 0.250000
vt 0.687500 0.375000
s 0
usemtl Material_0
f 3343/1148/558 3344/1149/558 3345/1150/558
f 3346/1149/558 3347/1151/558 3348/1150/558
f 3349/1152/559 3350/1148/559 3351/1153/559
f 3352/1148/559 3353/1154/559 3354/1153/559
f 3355/1154/560 3356/1155/560 3357/1148/560
f 3358/1155/560 3359/1149/560 3360/1148/560
f 3361/1148/561 3362/1149/561 3363/1154/561
f 3364/1149/561 3365/1155/561 3366/1154/561
o 69134710-d76e-25ca-9f9e-d784c2621d84
v 0.277699 -0.332608 0.031250
v 0.277699 -0.426358 0.031250
v 0.277699 -0.332608 -0.031250
v 0.277699 -0.426358 0.031250
v 0.277699 -0.426358 -0.031250
v 0.277699 -0.332608 -0.031250
v 0.246449 -0.426358 0.031250
v 0.246449 -0.426358 -0.031250
v 0.277699 -0.426358 0.031250
v 0.246449 -0.426358 -0.031250
v 0.277699 -0.426358 -0.031250
v 0.277699 -0.426358 0.031250
v 0.246449 -0.332608 0.031250
v 0.246449 -0.426358 0.031250
v 0.277699 -0.332608 0.031250
v 0.246449 -0.426358 0.031250
v 0.277699 -0.426358 0.031250
v 0.277699 -0.332608 0.031250
v 0.277699 -0.332608 -0.031250
v 0.277699 -0.426358 -0.031250
v 0.246449 -0.332608 -0.031250
v 0.277699 -0.426358 -0.031250
v 0.246449 -0.426358 -0.031250
v 0.246449 -0.332608 -0.031250
vn 1.0000 -0.0000 -0.0000
vn -0.0000 -1.0000 -0.0000
vn -0.0000 -0.0000 1.0000
vn -0.0000 -0.0000 -1.0000
vt 0.656250 0.375000
vt 0.656250 0.468750
vt 0.664062 0.375000
vt 0.664062 0.468750
vt 0.687500 0.468750
vt 0.687500 0.460938
vt 0.656250 0.460938
vt 0.687500 0.375000
s 0
usemtl Material_0
f 3367/1156/562 3368/1157/562 3369/1158/562
f 3370/1157/562 3371/1159/562 3372/1158/562
f 3373/1160/563 3374/1161/563 3375/1157/563
f 3376/1161/563 3377/1162/563 3378/1157/563
f 3379/1163/564 3380/1160/564 3381/1156/564
f 3382/1160/564 3383/1157/564 3384/1156/564
f 3385/1156/565 3386/1157/565 3387/1163/565
f 3388/1157/565 3389/1160/565 3390/1163/565
o 6e031593-711b-d3d3-8797-1f5b4e9ca930
v 0.308949 -0.426358 0.031250
v 0.308949 -0.488858 0.031250
v 0.308949 -0.426358 -0.031250
v 0.308949 -0.488858 0.031250
v 0.308949 -0.488858 -0.031250
v 0.308949 -0.426358 -0.031250
v 0.277699 -0.426358 -0.031250
v 0.277699 -0.488858 -0.031250
v 0.277699 -0.426358 0.031250
v 0.277699 -0.488858 -0.031250
v 0.277699 -0.488858 0.031250
v 0.277699 -0.426358 0.031250
v 0.277699 -0.426358 -0.031250
v 0.277699 -0.426358 0.031250
v 0.308949 -0.426358 -0.031250
v 0.277699 -0.426358 0.031250
v 0.308949 -0.426358 0.031250
v 0.308949 -0.426358 -0.031250
v 0.277699 -0.488858 0.031250
v 0.277699 -0.488858 -0.031250
v 0.308949 -0.488858 0.031250
v 0.277699 -0.488858 -0.031250
v 0.308949 -0.488858 -0.031250
v 0.308949 -0.488858 0.031250
v 0.277699 -0.426358 0.031250
v 0.277699 -0.488858 0.031250
v 0.308949 -0.426358 0.031250
v 0.277699 -0.488858 0.031250
v 0.308949 -0.488858 0.031250
v 0.308949 -0.426358 0.031250
v 0.308949 -0.426358 -0.031250
v 0.308949 -0.488858 -0.031250
v 0.277699 -0.426358 -0.031250
v 0.308949 -0.488858 -0.031250
v 0.277699 -0.488858 -0.031250
v 0.277699 -0.426358 -0.031250
vn 1.0000 -0.0000 -0.0000
vn -1.0000 -0.0000 -0.0000
vn -0.0000 1.0000 -0.0000
vn -0.0000 -1.0000 -0.0000
vn -0.0000 -0.0000 1.0000
vn -0.0000 -0.0000 -1.0000
vt 0.625000 0.468750
vt 0.625000 0.531250
vt 0.632812 0.468750
vt 0.632812 0.531250
vt 0.000000 0.000000
vt 0.656250 0.476562
vt 0.656250 0.468750
vt 0.625000 0.476562
vt 0.656250 0.531250
vt 0.656250 0.523438
vt 0.625000 0.523438
s 0
usemtl Material_0
f 3391/1164/566 3392/1165/566 3393/1166/566
f 3394/1165/566 3395/1167/566 3396/1166/566
f 3397/1168/567 3398/1168/567 3399/1168/567
f 3400/1168/567 3401/1168/567 3402/1168/567
f 3403/1169/568 3404/1170/568 3405/1171/568
f 3406/1170/568 3407/1164/568 3408/1171/568
f 3409/1172/569 3410/1173/569 3411/1165/569
f 3412/1173/569 3413/1174/569 3414/1165/569
f 3415/1170/570 3416/1172/570 3417/1164/570
f 3418/1172/570 3419/1165/570 3420/1164/570
f 3421/1164/571 3422/1165/571 3423/1170/571
f 3424/1165/571 3425/1172/571 3426/1170/571
o f67aef8d-c8ae-8af3-65cd-d0c54d34977e
v 0.277699 -0.426358 0.031250
v 0.277699 -0.613858 0.031250
v 0.277699 -0.426358 -0.031250
v 0.277699 -0.613858 0.031250
v 0.277699 -0.613858 -0.031250
v 0.277699 -0.426358 -0.031250
v 0.246449 -0.426358 -0.031250
v 0.246449 -0.613858 -0.031250
v 0.246449 -0.426358 0.031250
v 0.246449 -0.613858 -0.031250
v 0.246449 -0.613858 0.031250
v 0.246449 -0.426358 0.031250
v 0.246449 -0.426358 -0.031250
v 0.246449 -0.426358 0.031250
v 0.277699 -0.426358 -0.031250
v 0.246449 -0.426358 0.031250
v 0.277699 -0.426358 0.031250
v 0.277699 -0.426358 -0.031250
v 0.246449 -0.613858 0.031250
v 0.246449 -0.613858 -0.031250
v 0.277699 -0.613858 0.031250
v 0.246449 -0.613858 -0.031250
v 0.277699 -0.613858 -0.031250
v 0.277699 -0.613858 0.031250
v 0.246449 -0.426358 0.031250
v 0.246449 -0.613858 0.031250
v 0.277699 -0.426358 0.031250
v 0.246449 -0.613858 0.031250
v 0.277699 -0.613858 0.031250
v 0.277699 -0.426358 0.031250
v 0.277699 -0.426358 -0.031250
v 0.277699 -0.613858 -0.031250
v 0.246449 -0.426358 -0.031250
v 0.277699 -0.613858 -0.031250
v 0.246449 -0.613858 -0.031250
v 0.246449 -0.426358 -0.031250
vn 1.0000 -0.0000 -0.0000
vn -1.0000 -0.0000 -0.0000
vn -0.0000 1.0000 -0.0000
vn -0.0000 -1.0000 -0.0000
vn -0.0000 -0.0000 1.0000
vn -0.0000 -0.0000 -1.0000
vt 0.656250 0.468750
vt 0.656250 0.656250
vt 0.664062 0.468750
vt 0.664062 0.656250
vt 0.679688 0.468750
vt 0.679688 0.656250
vt 0.687500 0.468750
vt 0.687500 0.656250
vt 0.687500 0.476562
vt 0.656250 0.476562
vt 0.687500 0.648438
vt 0.656250 0.648438
s 0
usemtl Material_0
f 3427/1175/572 3428/1176/572 3429/1177/572
f 3430/1176/572 3431/1178/572 3432/1177/572
f 3433/1179/573 3434/1180/573 3435/1181/573
f 3436/1180/573 3437/1182/573 3438/1181/573
f 3439/1183/574 3440/1181/574 3441/1184/574
f 3442/1181/574 3443/1175/574 3444/1184/574
f 3445/1182/575 3446/1185/575 3447/1176/575
f 3448/1185/575 3449/1186/575 3450/1176/575
f 3451/1181/576 3452/1182/576 3453/1175/576
f 3454/1182/576 3455/1176/576 3456/1175/576
f 3457/1175/577 3458/1176/577 3459/1181/577
f 3460/1176/577 3461/1182/577 3462/1181/577
o 72219b45-7e13-3df1-3427-1bf5141d063c
v 0.246449 -0.332608 0.031250
v 0.246449 -0.676358 0.031250
v 0.246449 -0.332608 -0.031250
v 0.246449 -0.676358 0.031250
v 0.246449 -0.676358 -0.031250
v 0.246449 -0.332608 -0.031250
v 0.215199 -0.332608 -0.031250
v 0.215199 -0.676358 -0.031250
v 0.215199 -0.332608 0.031250
v 0.215199 -0.676358 -0.031250
v 0.215199 -0.676358 0.031250
v 0.215199 -0.332608 0.031250
v 0.215199 -0.676358 0.031250
v 0.215199 -0.676358 -0.031250
v 0.246449 -0.676358 0.031250
v 0.215199 -0.676358 -0.031250
v 0.246449 -0.676358 -0.031250
v 0.246449 -0.676358 0.031250
v 0.215199 -0.332608 0.031250
v 0.215199 -0.676358 0.031250
v 0.246449 -0.332608 0.031250
v 0.215199 -0.676358 0.031250
v 0.246449 -0.676358 0.031250
v 0.246449 -0.332608 0.031250
v 0.246449 -0.332608 -0.031250
v 0.246449 -0.676358 -0.031250
v 0.215199 -0.332608 -0.031250
v 0.246449 -0.676358 -0.031250
v 0.215199 -0.676358 -0.031250
v 0.215199 -0.332608 -0.031250
vn 1.0000 -0.0000 -0.0000
vn -1.0000 -0.0000 -0.0000
vn -0.0000 -1.0000 -0.0000
vn -0.0000 -0.0000 1.0000
vn -0.0000 -0.0000 -1.0000
vt 0.687500 0.375000
vt 0.687500 0.718750
vt 0.695312 0.375000
vt 0.695312 0.718750
vt 0.710938 0.375000
vt 0.710938 0.718750
vt 0.718750 0.375000
vt 0.718750 0.718750
vt 0.718750 0.710938
vt 0.687500 0.710938
s 0
usemtl Material_0
f 3463/1187/578 3464/1188/578 3465/1189/578
f 3466/1188/578 3467/1190/578 3468/1189/578
f 3469/1191/579 3470/1192/579 3471/1193/579
f 3472/1192/579 3473/1194/579 3474/1193/579
f 3475/1194/580 3476/1195/580 3477/1188/580
f 3478/1195/580 3479/1196/580 3480/1188/580
f 3481/1193/581 3482/1194/581 3483/1187/581
f 3484/1194/581 3485/1188/581 3486/1187/581
f 3487/1187/582 3488/1188/582 3489/1193/582
f 3490/1188/582 3491/1194/582 3492/1193/582
o 2809f73f-a1a8-45dc-cf25-d505288598e4
v -0.034801 -0.145108 -0.156250
v -0.034801 -0.238858 -0.156250
v -0.034801 -0.145108 -0.187500
v -0.034801 -0.238858 -0.156250
v -0.034801 -0.238858 -0.187500
v -0.034801 -0.145108 -0.187500
v -0.066051 -0.145108 -0.187500
v -0.066051 -0.238858 -0.187500
v -0.066051 -0.145108 -0.156250
v -0.066051 -0.238858 -0.187500
v -0.066051 -0.238858 -0.156250
v -0.066051 -0.145108 -0.156250
v -0.066051 -0.145108 -0.187500
v -0.066051 -0.145108 -0.156250
v -0.034801 -0.145108 -0.187500
v -0.066051 -0.145108 -0.156250
v -0.034801 -0.145108 -0.156250
v -0.034801 -0.145108 -0.187500
v -0.066051 -0.238858 -0.156250
v -0.066051 -0.238858 -0.187500
v -0.034801 -0.238858 -0.156250
v -0.066051 -0.238858 -0.187500
v -0.034801 -0.238858 -0.187500
v -0.034801 -0.238858 -0.156250
v -0.066051 -0.145108 -0.156250
v -0.066051 -0.238858 -0.156250
v -0.034801 -0.145108 -0.156250
v -0.066051 -0.238858 -0.156250
v -0.034801 -0.238858 -0.156250
v -0.034801 -0.145108 -0.156250
v -0.034801 -0.145108 -0.187500
v -0.034801 -0.238858 -0.187500
v -0.066051 -0.145108 -0.187500
v -0.034801 -0.238858 -0.187500
v -0.066051 -0.238858 -0.187500
v -0.066051 -0.145108 -0.187500
vn 1.0000 -0.0000 -0.0000
vn -1.0000 -0.0000 -0.0000
vn -0.0000 1.0000 -0.0000
vn -0.0000 -1.0000 -0.0000
vn -0.0000 -0.0000 1.0000
vn -0.0000 -0.0000 -1.0000
vt 0.968750 0.187500
vt 0.968750 0.281250
vt 0.976562 0.187500
vt 0.976562 0.281250
vt 0.992188 0.187500
vt 0.992188 0.281250
vt 1.000000 0.187500
vt 1.000000 0.281250
vt 1.000000 0.195312
vt 0.968750 0.195312
vt 1.000000 0.273438
vt 0.968750 0.273438
s 0
usemtl Material_0
f 3493/1197/583 3494/1198/583 3495/1199/583
f 3496/1198/583 3497/1200/583 3498/1199/583
f 3499/1201/584 3500/1202/584 3501/1203/584
f 3502/1202/584 3503/1204/584 3504/1203/584
f 3505/1205/585 3506/1203/585 3507/1206/585
f 3508/1203/585 3509/1197/585 3510/1206/585
f 3511/1204/586 3512/1207/586 3513/1198/586
f 3514/1207/586 3515/1208/586 3516/1198/586
f 3517/1203/587 3518/1204/587 3519/1197/587
f 3520/1204/587 3521/1198/587 3522/1197/587
f 3523/1197/588 3524/1198/588 3525/1203/588
f 3526/1198/588 3527/1204/588 3528/1203/588
o 0c5f0644-b682-5aa6-aaf5-92b0e52b4825
v -0.003551 -0.145108 -0.140625
v -0.003551 -0.238858 -0.140625
v -0.003551 -0.145108 -0.171875
v -0.003551 -0.238858 -0.140625
v -0.003551 -0.238858 -0.171875
v -0.003551 -0.145108 -0.171875
v -0.034801 -0.145108 -0.171875
v -0.034801 -0.238858 -0.171875
v -0.034801 -0.145108 -0.140625
v -0.034801 -0.238858 -0.171875
v -0.034801 -0.238858 -0.140625
v -0.034801 -0.145108 -0.140625
v -0.034801 -0.145108 -0.171875
v -0.034801 -0.145108 -0.140625
v -0.003551 -0.145108 -0.171875
v -0.034801 -0.145108 -0.140625
v -0.003551 -0.145108 -0.140625
v -0.003551 -0.145108 -0.171875
v -0.034801 -0.238858 -0.140625
v -0.034801 -0.238858 -0.171875
v -0.003551 -0.238858 -0.140625
v -0.034801 -0.238858 -0.171875
v -0.003551 -0.238858 -0.171875
v -0.003551 -0.238858 -0.140625
v -0.034801 -0.145108 -0.140625
v -0.034801 -0.238858 -0.140625
v -0.003551 -0.145108 -0.140625
v -0.034801 -0.238858 -0.140625
v -0.003551 -0.238858 -0.140625
v -0.003551 -0.145108 -0.140625
v -0.003551 -0.145108 -0.171875
v -0.003551 -0.238858 -0.171875
v -0.034801 -0.145108 -0.171875
v -0.003551 -0.238858 -0.171875
v -0.034801 -0.238858 -0.171875
v -0.034801 -0.145108 -0.171875
vn 1.0000 -0.0000 -0.0000
vn -1.0000 -0.0000 -0.0000
vn -0.0000 1.0000 -0.0000
vn -0.0000 -1.0000 -0.0000
vn -0.0000 -0.0000 1.0000
vn -0.0000 -0.0000 -1.0000
vt 0.937500 0.187500
vt 0.937500 0.281250
vt 0.968750 0.187500
vt 0.968750 0.281250
vt 0.960938 0.187500
vt 0.960938 0.281250
vt 0.968750 0.195312
vt 0.937500 0.195312
vt 0.968750 0.273438
vt 0.937500 0.273438
s 0
usemtl Material_0
f 3529/1209/589 3530/1210/589 3531/1211/589
f 3532/1210/589 3533/1212/589 3534/1211/589
f 3535/1213/590 3536/1214/590 3537/1211/590
f 3538/1214/590 3539/1212/590 3540/1211/590
f 3541/1215/591 3542/1211/591 3543/1216/591
f 3544/1211/591 3545/1209/591 3546/1216/591
f 3547/1212/592 3548/1217/592 3549/1210/592
f 3550/1217/592 3551/1218/592 3552/1210/592
f 3553/1211/593 3554/1212/593 3555/1209/593
f 3556/1212/593 3557/1210/593 3558/1209/593
f 3559/1209/594 3560/1210/594 3561/1211/594
f 3562/1210/594 3563/1212/594 3564/1211/594
o 049a2c54-4462-68b4-3b1f-7e14d0789b2f
v 0.027699 -0.145108 -0.125000
v 0.027699 -0.270108 -0.125000
v 0.027699 -0.145108 -0.156250
v 0.027699 -0.270108 -0.125000
v 0.027699 -0.270108 -0.156250
v 0.027699 -0.145108 -0.156250
v -0.003551 -0.145108 -0.156250
v -0.003551 -0.270108 -0.156250
v -0.003551 -0.145108 -0.125000
v -0.003551 -0.270108 -0.156250
v -0.003551 -0.270108 -0.125000
v -0.003551 -0.145108 -0.125000
v -0.003551 -0.145108 -0.156250
v -0.003551 -0.145108 -0.125000
v 0.027699 -0.145108 -0.156250
v -0.003551 -0.145108 -0.125000
v 0.027699 -0.145108 -0.125000
v 0.027699 -0.145108 -0.156250
v -0.003551 -0.270108 -0.125000
v -0.003551 -0.270108 -0.156250
v 0.027699 -0.270108 -0.125000
v -0.003551 -0.270108 -0.156250
v 0.027699 -0.270108 -0.156250
v 0.027699 -0.270108 -0.125000
v -0.003551 -0.145108 -0.125000
v -0.003551 -0.270108 -0.125000
v 0.027699 -0.145108 -0.125000
v -0.003551 -0.270108 -0.125000
v 0.027699 -0.270108 -0.125000
v 0.027699 -0.145108 -0.125000
v 0.027699 -0.145108 -0.156250
v 0.027699 -0.270108 -0.156250
v -0.003551 -0.145108 -0.156250
v 0.027699 -0.270108 -0.156250
v -0.003551 -0.270108 -0.156250
v -0.003551 -0.145108 -0.156250
vn 1.0000 -0.0000 -0.0000
vn -1.0000 -0.0000 -0.0000
vn -0.0000 1.0000 -0.0000
vn -0.0000 -1.0000 -0.0000
vn -0.0000 -0.0000 1.0000
vn -0.0000 -0.0000 -1.0000
vt 0.906250 0.187500
vt 0.906250 0.312500
vt 0.937500 0.187500
vt 0.937500 0.312500
vt 0.929688 0.187500
vt 0.929688 0.312500
vt 0.937500 0.195312
vt 0.906250 0.195312
vt 0.937500 0.304688
vt 0.906250 0.304688
s 0
usemtl Material_0
f 3565/1219/595 3566/1220/595 3567/1221/595
f 3568/1220/595 3569/1222/595 3570/1221/595
f 3571/1223/596 3572/1224/596 3573/1221/596
f 3574/1224/596 3575/1222/596 3576/1221/596
f 3577/1225/597 3578/1221/597 3579/1226/597
f 3580/1221/597 3581/1219/597 3582/1226/597
f 3583/1222/598 3584/1227/598 3585/1220/598
f 3586/1227/598 3587/1228/598 3588/1220/598
f 3589/1221/599 3590/1222/599 3591/1219/599
f 3592/1222/599 3593/1220/599 3594/1219/599
f 3595/1219/600 3596/1220/600 3597/1221/600
f 3598/1220/600 3599/1222/600 3600/1221/600
o 5844c931-9f63-af9a-aef0-6a24cdccd8af
v 0.215199 0.042392 0.009375
v 0.215199 0.011142 0.009375
v 0.215199 0.042392 -0.009375
v 0.215199 0.011142 0.009375
v 0.215199 0.011142 -0.009375
v 0.215199 0.042392 -0.009375
v 0.152699 0.011142 0.009375
v 0.152699 0.011142 -0.009375
v 0.215199 0.011142 0.009375
v 0.152699 0.011142 -0.009375
v 0.215199 0.011142 -0.009375
v 0.215199 0.011142 0.009375
v 0.152699 0.042392 0.009375
v 0.152699 0.011142 0.009375
v 0.215199 0.042392 0.009375
v 0.152699 0.011142 0.009375
v 0.215199 0.011142 0.009375
v 0.215199 0.042392 0.009375
v 0.215199 0.042392 -0.009375
v 0.215199 0.011142 -0.009375
v 0.152699 0.042392 -0.009375
v 0.215199 0.011142 -0.009375
v 0.152699 0.011142 -0.009375
v 0.152699 0.042392 -0.009375
vn 1.0000 -0.0000 -0.0000
vn -0.0000 -1.0000 -0.0000
vn -0.0000 -0.0000 1.0000
vn -0.0000 -0.0000 -1.0000
vt 0.718750 0.000000
vt 0.718750 0.031250
vt 0.726562 0.000000
vt 0.726562 0.031250
vt 0.781250 0.031250
vt 0.781250 0.023438
vt 0.718750 0.023438
vt 0.781250 0.000000
s 0
usemtl Material_0
f 3601/1229/601 3602/1230/601 3603/1231/601
f 3604/1230/601 3605/1232/601 3606/1231/601
f 3607/1233/602 3608/1234/602 3609/1230/602
f 3610/1234/602 3611/1235/602 3612/1230/602
f 3613/1236/603 3614/1233/603 3615/1229/603
f 3616/1233/603 3617/1230/603 3618/1229/603
f 3619/1229/604 3620/1230/604 3621/1236/604
f 3622/1230/604 3623/1233/604 3624/1236/604
o ddd28aa9-d95f-eafa-ebb8-3ef68a780033
v 0.183949 0.011142 0.009375
v 0.183949 -0.020108 0.009375
v 0.183949 0.011142 -0.009375
v 0.183949 -0.020108 0.009375
v 0.183949 -0.020108 -0.009375
v 0.183949 0.011142 -0.009375
v 0.152699 -0.020108 0.009375
v 0.152699 -0.020108 -0.009375
v 0.183949 -0.020108 0.009375
v 0.152699 -0.020108 -0.009375
v 0.183949 -0.020108 -0.009375
v 0.183949 -0.020108 0.009375
v 0.152699 0.011142 0.009375
v 0.152699 -0.020108 0.009375
v 0.183949 0.011142 0.009375
v 0.152699 -0.020108 0.009375
v 0.183949 -0.020108 0.009375
v 0.183949 0.011142 0.009375
v 0.183949 0.011142 -0.009375
v 0.183949 -0.020108 -0.009375
v 0.152699 0.011142 -0.009375
v 0.183949 -0.020108 -0.009375
v 0.152699 -0.020108 -0.009375
v 0.152699 0.011142 -0.009375
vn 1.0000 -0.0000 -0.0000
vn -0.0000 -1.0000 -0.0000
vn -0.0000 -0.0000 1.0000
vn -0.0000 -0.0000 -1.0000
vt 0.750000 0.031250
vt 0.750000 0.062500
vt 0.757812 0.031250
vt 0.757812 0.062500
vt 0.781250 0.062500
vt 0.781250 0.054688
vt 0.750000 0.054688
vt 0.781250 0.031250
s 0
usemtl Material_0
f 3625/1237/605 3626/1238/605 3627/1239/605
f 3628/1238/605 3629/1240/605 3630/1239/605
f 3631/1241/606 3632/1242/606 3633/1238/606
f 3634/1242/606 3635/1243/606 3636/1238/606
f 3637/1244/607 3638/1241/607 3639/1237/607
f 3640/1241/607 3641/1238/607 3642/1237/607
f 3643/1237/608 3644/1238/608 3645/1244/608
f 3646/1238/608 3647/1241/608 3648/1244/608
o 60bc7f36-53db-5dbc-22cf-c99eb86fa208
v 0.058949 -0.051358 -0.109375
v 0.058949 -0.301358 -0.109375
v 0.058949 -0.051358 -0.140625
v 0.058949 -0.301358 -0.109375
v 0.058949 -0.301358 -0.140625
v 0.058949 -0.051358 -0.140625
v 0.027699 -0.051358 -0.140625
v 0.027699 -0.301358 -0.140625
v 0.027699 -0.051358 -0.109375
v 0.027699 -0.301358 -0.140625
v 0.027699 -0.301358 -0.109375
v 0.027699 -0.051358 -0.109375
v 0.027699 -0.051358 -0.140625
v 0.027699 -0.051358 -0.109375
v 0.058949 -0.051358 -0.140625
v 0.027699 -0.051358 -0.109375
v 0.058949 -0.051358 -0.109375
v 0.058949 -0.051358 -0.140625
v 0.027699 -0.301358 -0.109375
v 0.027699 -0.301358 -0.140625
v 0.058949 -0.301358 -0.109375
v 0.027699 -0.301358 -0.140625
v 0.058949 -0.301358 -0.140625
v 0.058949 -0.301358 -0.109375
v 0.027699 -0.051358 -0.109375
v 0.027699 -0.301358 -0.109375
v 0.058949 -0.051358 -0.109375
v 0.027699 -0.301358 -0.109375
v 0.058949 -0.301358 -0.109375
v 0.058949 -0.051358 -0.109375
v 0.058949 -0.051358 -0.140625
v 0.058949 -0.301358 -0.140625
v 0.027699 -0.051358 -0.140625
v 0.058949 -0.301358 -0.140625
v 0.027699 -0.301358 -0.140625
v 0.027699 -0.051358 -0.140625
vn 1.0000 -0.0000 -0.0000
vn -1.0000 -0.0000 -0.0000
vn -0.0000 1.0000 -0.0000
vn -0.0000 -1.0000 -0.0000
vn -0.0000 -0.0000 1.0000
vn -0.0000 -0.0000 -1.0000
vt 0.875000 0.093750
vt 0.875000 0.343750
vt 0.882812 0.093750
vt 0.882812 0.343750
vt 0.898438 0.093750
vt 0.898438 0.343750
vt 0.906250 0.093750
vt 0.906250 0.343750
vt 0.906250 0.101562
vt 0.875000 0.101562
vt 0.906250 0.335938
vt 0.875000 0.335938
s 0
usemtl Material_0
f 3649/1245/609 3650/1246/609 3651/1247/609
f 3652/1246/609 3653/1248/609 3654/1247/609
f 3655/1249/610 3656/1250/610 3657/1251/610
f 3658/1250/610 3659/1252/610 3660/1251/610
f 3661/1253/611 3662/1251/611 3663/1254/611
f 3664/1251/611 3665/1245/611 3666/1254/611
f 3667/1252/612 3668/1255/612 3669/1246/612
f 3670/1255/612 3671/1256/612 3672/1246/612
f 3673/1251/613 3674/1252/613 3675/1245/613
f 3676/1252/613 3677/1246/613 3678/1245/613
f 3679/1245/614 3680/1246/614 3681/1251/614
f 3682/1246/614 3683/1252/614 3684/1251/614
o 27142040-0444-bf21-23cd-cd746452ae29
v 0.090199 -0.176358 -0.093750
v 0.090199 -0.332608 -0.093750
v 0.090199 -0.176358 -0.125000
v 0.090199 -0.332608 -0.093750
v 0.090199 -0.332608 -0.125000
v 0.090199 -0.176358 -0.125000
v 0.058949 -0.176358 -0.125000
v 0.058949 -0.332608 -0.125000
v 0.058949 -0.176358 -0.093750
v 0.058949 -0.332608 -0.125000
v 0.058949 -0.332608 -0.093750
v 0.058949 -0.176358 -0.093750
v 0.058949 -0.176358 -0.125000
v 0.058949 -0.176358 -0.093750
v 0.090199 -0.176358 -0.125000
v 0.058949 -0.176358 -0.093750
v 0.090199 -0.176358 -0.093750
v 0.090199 -0.176358 -0.125000
v 0.058949 -0.332608 -0.093750
v 0.058949 -0.332608 -0.125000
v 0.090199 -0.332608 -0.093750
v 0.058949 -0.332608 -0.125000
v 0.090199 -0.332608 -0.125000
v 0.090199 -0.332608 -0.093750
v 0.058949 -0.176358 -0.093750
v 0.058949 -0.332608 -0.093750
v 0.090199 -0.176358 -0.093750
v 0.058949 -0.332608 -0.093750
v 0.090199 -0.332608 -0.093750
v 0.090199 -0.176358 -0.093750
v 0.090199 -0.176358 -0.125000
v 0.090199 -0.332608 -0.125000
v 0.058949 -0.176358 -0.125000
v 0.090199 -0.332608 -0.125000
v 0.058949 -0.332608 -0.125000
v 0.058949 -0.176358 -0.125000
vn 1.0000 -0.0000 -0.0000
vn -1.0000 -0.0000 -0.0000
vn -0.0000 1.0000 -0.0000
vn -0.0000 -1.0000 -0.0000
vn -0.0000 -0.0000 1.0000
vn -0.0000 -0.0000 -1.0000
vt 0.843750 0.218750
vt 0.843750 0.375000
vt 0.851562 0.218750
vt 0.851562 0.375000
vt 0.867188 0.218750
vt 0.867188 0.375000
vt 0.875000 0.218750
vt 0.875000 0.375000
vt 0.875000 0.226562
vt 0.843750 0.226562
vt 0.875000 0.367188
vt 0.843750 0.367188
s 0
usemtl Material_0
f 3685/1257/615 3686/1258/615 3687/1259/615
f 3688/1258/615 3689/1260/615 3690/1259/615
f 3691/1261/616 3692/1262/616 3693/1263/616
f 3694/1262/616 3695/1264/616 3696/1263/616
f 3697/1265/617 3698/1263/617 3699/1266/617
f 3700/1263/617 3701/1257/617 3702/1266/617
f 3703/1264/618 3704/1267/618 3705/1258/618
f 3706/1267/618 3707/1268/618 3708/1258/618
f 3709/1263/619 3710/1264/619 3711/1257/619
f 3712/1264/619 3713/1258/619 3714/1257/619
f 3715/1257/620 3716/1258/620 3717/1263/620
f 3718/1258/620 3719/1264/620 3720/1263/620
o 0d2f41ab-cdcf-61fb-4f25-4a440f67ed70
v 0.121449 -0.207608 0.062500
v 0.121449 -0.238858 0.062500
v 0.121449 -0.207608 -0.062500
v 0.121449 -0.238858 0.062500
v 0.121449 -0.238858 -0.062500
v 0.121449 -0.207608 -0.062500
v 0.090199 -0.207608 -0.062500
v 0.090199 -0.238858 -0.062500
v 0.090199 -0.207608 0.062500
v 0.090199 -0.238858 -0.062500
v 0.090199 -0.238858 0.062500
v 0.090199 -0.207608 0.062500
v 0.090199 -0.207608 -0.062500
v 0.090199 -0.207608 0.062500
v 0.121449 -0.207608 -0.062500
v 0.090199 -0.207608 0.062500
v 0.121449 -0.207608 0.062500
v 0.121449 -0.207608 -0.062500
v 0.090199 -0.238858 0.062500
v 0.090199 -0.238858 -0.062500
v 0.121449 -0.238858 0.062500
v 0.090199 -0.238858 -0.062500
v 0.121449 -0.238858 -0.062500
v 0.121449 -0.238858 0.062500
vn 1.0000 -0.0000 -0.0000
vn -1.0000 -0.0000 -0.0000
vn -0.0000 1.0000 -0.0000
vn -0.0000 -1.0000 -0.0000
vt 0.812500 0.250000
vt 0.812500 0.281250
vt 0.820312 0.250000
vt 0.820312 0.281250
vt 0.835938 0.250000
vt 0.835938 0.281250
vt 0.843750 0.250000
vt 0.843750 0.281250
vt 0.843750 0.257812
vt 0.812500 0.257812
vt 0.843750 0.273438
vt 0.812500 0.273438
s 0
usemtl Material_0
f 3721/1269/621 3722/1270/621 3723/1271/621
f 3724/1270/621 3725/1272/621 3726/1271/621
f 3727/1273/622 3728/1274/622 3729/1275/622
f 3730/1274/622 3731/1276/622 3732/1275/622
f 3733/1277/623 3734/1275/623 3735/1278/623
f 3736/1275/623 3737/1269/623 3738/1278/623
f 3739/1276/624 3740/1279/624 3741/1270/624
f 3742/1279/624 3743/1280/624 3744/1270/624
o 649517f4-ce69-c8e8-e6ad-eabb44e8ef48
v 0.152699 -0.238858 0.046875
v 0.152699 -0.270108 0.046875
v 0.152699 -0.238858 -0.046875
v 0.152699 -0.270108 0.046875
v 0.152699 -0.270108 -0.046875
v 0.152699 -0.238858 -0.046875
v 0.121449 -0.238858 -0.046875
v 0.121449 -0.270108 -0.046875
v 0.121449 -0.238858 0.046875
v 0.121449 -0.270108 -0.046875
v 0.121449 -0.270108 0.046875
v 0.121449 -0.238858 0.046875
v 0.121449 -0.238858 -0.046875
v 0.121449 -0.238858 0.046875
v 0.152699 -0.238858 -0.046875
v 0.121449 -0.238858 0.046875
v 0.152699 -0.238858 0.046875
v 0.152699 -0.238858 -0.046875
v 0.121449 -0.270108 0.046875
v 0.121449 -0.270108 -0.046875
v 0.152699 -0.270108 0.046875
v 0.121449 -0.270108 -0.046875
v 0.152699 -0.270108 -0.046875
v 0.152699 -0.270108 0.046875
vn 1.0000 -0.0000 -0.0000
vn -1.0000 -0.0000 -0.0000
vn -0.0000 1.0000 -0.0000
vn -0.0000 -1.0000 -0.0000
vt 0.781250 0.281250
vt 0.781250 0.312500
vt 0.789062 0.281250
vt 0.789062 0.312500
vt 0.804688 0.281250
vt 0.804688 0.312500
vt 0.812500 0.281250
vt 0.812500 0.312500
vt 0.812500 0.289062
vt 0.781250 0.289062
vt 0.812500 0.304688
vt 0.781250 0.304688
s 0
usemtl Material_0
f 3745/1281/625 3746/1282/625 3747/1283/625
f 3748/1282/625 3749/1284/625 3750/1283/625
f 3751/1285/626 3752/1286/626 3753/1287/626
f 3754/1286/626 3755/1288/626 3756/1287/626
f 3757/1289/627 3758/1287/627 3759/1290/627
f 3760/1287/627 3761/1281/627 3762/1290/627
f 3763/1288/628 3764/1291/628 3765/1282/628
f 3766/1291/628 3767/1292/628 3768/1282/628
o 688e0a7e-08a0-3689-4780-71b0eb3728ec
v 0.121449 -0.207608 -0.062500
v 0.121449 -0.332608 -0.062500
v 0.121449 -0.207608 -0.093750
v 0.121449 -0.332608 -0.062500
v 0.121449 -0.332608 -0.093750
v 0.121449 -0.207608 -0.093750
v 0.090199 -0.207608 -0.093750
v 0.090199 -0.332608 -0.093750
v 0.090199 -0.207608 -0.062500
v 0.090199 -0.332608 -0.093750
v 0.090199 -0.332608 -0.062500
v 0.090199 -0.207608 -0.062500
v 0.090199 -0.207608 -0.093750
v 0.090199 -0.207608 -0.062500
v 0.121449 -0.207608 -0.093750
v 0.090199 -0.207608 -0.062500
v 0.121449 -0.207608 -0.062500
v 0.121449 -0.207608 -0.093750
v 0.090199 -0.332608 -0.062500
v 0.090199 -0.332608 -0.093750
v 0.121449 -0.332608 -0.062500
v 0.090199 -0.332608 -0.093750
v 0.121449 -0.332608 -0.093750
v 0.121449 -0.332608 -0.062500
v 0.090199 -0.207608 -0.062500
v 0.090199 -0.332608 -0.062500
v 0.121449 -0.207608 -0.062500
v 0.090199 -0.332608 -0.062500
v 0.121449 -0.332608 -0.062500
v 0.121449 -0.207608 -0.062500
v 0.121449 -0.207608 -0.093750
v 0.121449 -0.332608 -0.093750
v 0.090199 -0.207608 -0.093750
v 0.121449 -0.332608 -0.093750
v 0.090199 -0.332608 -0.093750
v 0.090199 -0.207608 -0.093750
vn 1.0000 -0.0000 -0.0000
vn -1.0000 -0.0000 -0.0000
vn -0.0000 1.0000 -0.0000
vn -0.0000 -1.0000 -0.0000
vn -0.0000 -0.0000 1.0000
vn -0.0000 -0.0000 -1.0000
vt 0.812500 0.250000
vt 0.812500 0.375000
vt 0.820312 0.250000
vt 0.820312 0.375000
vt 0.835938 0.250000
vt 0.835938 0.375000
vt 0.843750 0.250000
vt 0.843750 0.375000
vt 0.843750 0.257812
vt 0.812500 0.257812
vt 0.843750 0.367188
vt 0.812500 0.367188
s 0
usemtl Material_0
f 3769/1293/629 3770/1294/629 3771/1295/629
f 3772/1294/629 3773/1296/629 3774/1295/629
f 3775/1297/630 3776/1298/630 3777/1299/630
f 3778/1298/630 3779/1300/630 3780/1299/630
f 3781/1301/631 3782/1299/631 3783/1302/631
f 3784/1299/631 3785/1293/631 3786/1302/631
f 3787/1300/632 3788/1303/632 3789/1294/632
f 3790/1303/632 3791/1304/632 3792/1294/632
f 3793/1299/633 3794/1300/633 3795/1293/633
f 3796/1300/633 3797/1294/633 3798/1293/633
f 3799/1293/634 3800/1294/634 3801/1299/634
f 3802/1294/634 3803/1300/634 3804/1299/634
o f124cfb0-65d2-f363-caad-1974cf4d85c3
v 0.152699 -0.238858 -0.046875
v 0.152699 -0.332608 -0.046875
v 0.152699 -0.238858 -0.078125
v 0.152699 -0.332608 -0.046875
v 0.152699 -0.332608 -0.078125
v 0.152699 -0.238858 -0.078125
v 0.121449 -0.238858 -0.078125
v 0.121449 -0.332608 -0.078125
v 0.121449 -0.238858 -0.046875
v 0.121449 -0.332608 -0.078125
v 0.121449 -0.332608 -0.046875
v 0.121449 -0.238858 -0.046875
v 0.121449 -0.238858 -0.078125
v 0.121449 -0.238858 -0.046875
v 0.152699 -0.238858 -0.078125
v 0.121449 -0.238858 -0.046875
v 0.152699 -0.238858 -0.046875
v 0.152699 -0.238858 -0.078125
v 0.121449 -0.332608 -0.046875
v 0.121449 -0.332608 -0.078125
v 0.152699 -0.332608 -0.046875
v 0.121449 -0.332608 -0.078125
v 0.152699 -0.332608 -0.078125
v 0.152699 -0.332608 -0.046875
v 0.121449 -0.238858 -0.046875
v 0.121449 -0.332608 -0.046875
v 0.152699 -0.238858 -0.046875
v 0.121449 -0.332608 -0.046875
v 0.152699 -0.332608 -0.046875
v 0.152699 -0.238858 -0.046875
v 0.152699 -0.238858 -0.078125
v 0.152699 -0.332608 -0.078125
v 0.121449 -0.238858 -0.078125
v 0.152699 -0.332608 -0.078125
v 0.121449 -0.332608 -0.078125
v 0.121449 -0.238858 -0.078125
vn 1.0000 -0.0000 -0.0000
vn -1.0000 -0.0000 -0.0000
vn -0.0000 1.0000 -0.0000
vn -0.0000 -1.0000 -0.0000
vn -0.0000 -0.0000 1.0000
vn -0.0000 -0.0000 -1.0000
vt 0.781250 0.281250
vt 0.781250 0.375000
vt 0.789062 0.281250
vt 0.789062 0.375000
vt 0.804688 0.281250
vt 0.804688 0.375000
vt 0.812500 0.281250
vt 0.812500 0.375000
vt 0.812500 0.289062
vt 0.781250 0.289062
vt 0.812500 0.367188
vt 0.781250 0.367188
s 0
usemtl Material_0
f 3805/1305/635 3806/1306/635 3807/1307/635
f 3808/1306/635 3809/1308/635 3810/1307/635
f 3811/1309/636 3812/1310/636 3813/1311/636
f 3814/1310/636 3815/1312/636 3816/1311/636
f 3817/1313/637 3818/1311/637 3819/1314/637
f 3820/1311/637 3821/1305/637 3822/1314/637
f 3823/1312/638 3824/1315/638 3825/1306/638
f 3826/1315/638 3827/1316/638 3828/1306/638
f 3829/1311/639 3830/1312/639 3831/1305/639
f 3832/1312/639 3833/1306/639 3834/1305/639
f 3835/1305/640 3836/1306/640 3837/1311/640
f 3838/1306/640 3839/1312/640 3840/1311/640
o 65fca2e0-5888-6ee3-198e-e0abd12f5748
v -0.159801 0.136142 -0.140625
v -0.159801 0.073642 -0.140625
v -0.159801 0.136142 -0.171875
v -0.159801 0.073642 -0.140625
v -0.159801 0.073642 -0.171875
v -0.159801 0.136142 -0.171875
v -0.191051 0.136142 -0.171875
v -0.191051 0.073642 -0.171875
v -0.191051 0.136142 -0.140625
v -0.191051 0.073642 -0.171875
v -0.191051 0.073642 -0.140625
v -0.191051 0.136142 -0.140625
v -0.191051 0.136142 -0.171875
v -0.191051 0.136142 -0.140625
v -0.159801 0.136142 -0.171875
v -0.191051 0.136142 -0.140625
v -0.159801 0.136142 -0.140625
v -0.159801 0.136142 -0.171875
v -0.191051 0.073642 -0.140625
v -0.191051 0.073642 -0.171875
v -0.159801 0.073642 -0.140625
v -0.191051 0.073642 -0.171875
v -0.159801 0.073642 -0.171875
v -0.159801 0.073642 -0.140625
v -0.191051 0.136142 -0.140625
v -0.191051 0.073642 -0.140625
v -0.159801 0.136142 -0.140625
v -0.191051 0.073642 -0.140625
v -0.159801 0.073642 -0.140625
v -0.159801 0.136142 -0.140625
v -0.159801 0.136142 -0.171875
v -0.159801 0.073642 -0.171875
v -0.191051 0.136142 -0.171875
v -0.159801 0.073642 -0.171875
v -0.191051 0.073642 -0.171875
v -0.191051 0.136142 -0.171875
vn 1.0000 -0.0000 -0.0000
vn -1.0000 -0.0000 -0.0000
vn -0.0000 1.0000 -0.0000
vn -0.0000 -1.0000 -0.0000
vn -0.0000 -0.0000 1.0000
vn -0.0000 -0.0000 -1.0000
vt 0.343750 0.062500
vt 0.343750 0.125000
vt 0.351562 0.062500
vt 0.351562 0.125000
vt 0.367188 0.062500
vt 0.367188 0.125000
vt 0.375000 0.062500
vt 0.375000 0.125000
vt 0.375000 0.070312
vt 0.343750 0.070312
vt 0.375000 0.117188
vt 0.343750 0.117188
s 0
usemtl Material_0
f 3841/1317/641 3842/1318/641 3843/1319/641
f 3844/1318/641 3845/1320/641 3846/1319/641
f 3847/1321/642 3848/1322/642 3849/1323/642
f 3850/1322/642 3851/1324/642 3852/1323/642
f 3853/1325/643 3854/1323/643 3855/1326/643
f 3856/1323/643 3857/1317/643 3858/1326/643
f 3859/1324/644 3860/1327/644 3861/1318/644
f 3862/1327/644 3863/1328/644 3864/1318/644
f 3865/1323/645 3866/1324/645 3867/1317/645
f 3868/1324/645 3869/1318/645 3870/1317/645
f 3871/1317/646 3872/1318/646 3873/1323/646
f 3874/1318/646 3875/1324/646 3876/1323/646
o 75798c6a-90af-047b-f1ec-5b0f8fa02a21
v -0.128551 0.073642 -0.125000
v -0.128551 0.042392 -0.125000
v -0.128551 0.073642 -0.156250
v -0.128551 0.042392 -0.125000
v -0.128551 0.042392 -0.156250
v -0.128551 0.073642 -0.156250
v -0.159801 0.073642 -0.156250
v -0.159801 0.042392 -0.156250
v -0.159801 0.073642 -0.125000
v -0.159801 0.042392 -0.156250
v -0.159801 0.042392 -0.125000
v -0.159801 0.073642 -0.125000
v -0.159801 0.073642 -0.156250
v -0.159801 0.073642 -0.125000
v -0.128551 0.073642 -0.156250
v -0.159801 0.073642 -0.125000
v -0.128551 0.073642 -0.125000
v -0.128551 0.073642 -0.156250
v -0.159801 0.042392 -0.125000
v -0.159801 0.042392 -0.156250
v -0.128551 0.042392 -0.125000
v -0.159801 0.042392 -0.156250
v -0.128551 0.042392 -0.156250
v -0.128551 0.042392 -0.125000
v -0.159801 0.073642 -0.125000
v -0.159801 0.042392 -0.125000
v -0.128551 0.073642 -0.125000
v -0.159801 0.042392 -0.125000
v -0.128551 0.042392 -0.125000
v -0.128551 0.073642 -0.125000
v -0.128551 0.073642 -0.156250
v -0.128551 0.042392 -0.156250
v -0.159801 0.073642 -0.156250
v -0.128551 0.042392 -0.156250
v -0.159801 0.042392 -0.156250
v -0.159801 0.073642 -0.156250
vn 1.0000 -0.0000 -0.0000
vn -1.0000 -0.0000 -0.0000
vn -0.0000 1.0000 -0.0000
vn -0.0000 -1.0000 -0.0000
vn -0.0000 -0.0000 1.0000
vn -0.0000 -0.0000 -1.0000
vt 0.312500 0.125000
vt 0.312500 0.156250
vt 0.320312 0.125000
vt 0.320312 0.156250
vt 0.335938 0.125000
vt 0.335938 0.156250
vt 0.343750 0.125000
vt 0.343750 0.156250
vt 0.343750 0.132812
vt 0.312500 0.132812
vt 0.343750 0.148438
vt 0.312500 0.148438
s 0
usemtl Material_0
f 3877/1329/647 3878/1330/647 3879/1331/647
f 3880/1330/647 3881/1332/647 3882/1331/647
f 3883/1333/648 3884/1334/648 3885/1335/648
f 3886/1334/648 3887/1336/648 3888/1335/648
f 3889/1337/649 3890/1335/649 3891/1338/649
f 3892/1335/649 3893/1329/649 3894/1338/649
f 3895/1336/650 3896/1339/650 3897/1330/650
f 3898/1339/650 3899/1340/650 3900/1330/650
f 3901/1335/651 3902/1336/651 3903/1329/651
f 3904/1336/651 3905/1330/651 3906/1329/651
f 3907/1329/652 3908/1330/652 3909/1335/652
f 3910/1330/652 3911/1336/652 3912/1335/652
o d29ce6bd-2d5e-4ab5-1bbf-7f275e0e02ec
v -0.066051 0.042392 -0.125000
v -0.066051 0.011142 -0.125000
v -0.066051 0.042392 -0.156250
v -0.066051 0.011142 -0.125000
v -0.066051 0.011142 -0.156250
v -0.066051 0.042392 -0.156250
v -0.128551 0.042392 -0.156250
v -0.128551 0.011142 -0.156250
v -0.128551 0.042392 -0.125000
v -0.128551 0.011142 -0.156250
v -0.128551 0.011142 -0.125000
v -0.128551 0.042392 -0.125000
v -0.128551 0.042392 -0.156250
v -0.128551 0.042392 -0.125000
v -0.066051 0.042392 -0.156250
v -0.128551 0.042392 -0.125000
v -0.066051 0.042392 -0.125000
v -0.066051 0.042392 -0.156250
v -0.128551 0.011142 -0.125000
v -0.128551 0.011142 -0.156250
v -0.066051 0.011142 -0.125000
v -0.128551 0.011142 -0.156250
v -0.066051 0.011142 -0.156250
v -0.066051 0.011142 -0.125000
v -0.128551 0.042392 -0.125000
v -0.128551 0.011142 -0.125000
v -0.066051 0.042392 -0.125000
v -0.128551 0.011142 -0.125000
v -0.066051 0.011142 -0.125000
v -0.066051 0.042392 -0.125000
v -0.066051 0.042392 -0.156250
v -0.066051 0.011142 -0.156250
v -0.128551 0.042392 -0.156250
v -0.066051 0.011142 -0.156250
v -0.128551 0.011142 -0.156250
v -0.128551 0.042392 -0.156250
vn 1.0000 -0.0000 -0.0000
vn -1.0000 -0.0000 -0.0000
vn -0.0000 1.0000 -0.0000
vn -0.0000 -1.0000 -0.0000
vn -0.0000 -0.0000 1.0000
vn -0.0000 -0.0000 -1.0000
vt 0.250000 0.156250
vt 0.250000 0.187500
vt 0.257812 0.156250
vt 0.257812 0.187500
vt 0.304688 0.156250
vt 0.304688 0.187500
vt 0.312500 0.156250
vt 0.312500 0.187500
vt 0.312500 0.164062
vt 0.250000 0.164062
vt 0.312500 0.179688
vt 0.250000 0.179688
s 0
usemtl Material_0
f 3913/1341/653 3914/1342/653 3915/1343/653
f 3916/1342/653 3917/1344/653 3918/1343/653
f 3919/1345/654 3920/1346/654 3921/1347/654
f 3922/1346/654 3923/1348/654 3924/1347/654
f 3925/1349/655 3926/1347/655 3927/1350/655
f 3928/1347/655 3929/1341/655 3930/1350/655
f 3931/1348/656 3932/1351/656 3933/1342/656
f 3934/1351/656 3935/1352/656 3936/1342/656
f 3937/1347/657 3938/1348/657 3939/1341/657
f 3940/1348/657 3941/1342/657 3942/1341/657
f 3943/1341/658 3944/1342/658 3945/1347/658
f 3946/1342/658 3947/1348/658 3948/1347/658
o 4ec3a82b-3e8e-eaa2-d9dc-824123c0cd7c
v -0.034801 0.011142 -0.125000
v -0.034801 -0.020108 -0.125000
v -0.034801 0.011142 -0.156250
v -0.034801 -0.020108 -0.125000
v -0.034801 -0.020108 -0.156250
v -0.034801 0.011142 -0.156250
v -0.066051 0.011142 -0.156250
v -0.066051 -0.020108 -0.156250
v -0.066051 0.011142 -0.125000
v -0.066051 -0.020108 -0.156250
v -0.066051 -0.020108 -0.125000
v -0.066051 0.011142 -0.125000
v -0.066051 0.011142 -0.156250
v -0.066051 0.011142 -0.125000
v -0.034801 0.011142 -0.156250
v -0.066051 0.011142 -0.125000
v -0.034801 0.011142 -0.125000
v -0.034801 0.011142 -0.156250
v -0.066051 -0.020108 -0.125000
v -0.066051 -0.020108 -0.156250
v -0.034801 -0.020108 -0.125000
v -0.066051 -0.020108 -0.156250
v -0.034801 -0.020108 -0.156250
v -0.034801 -0.020108 -0.125000
v -0.066051 0.011142 -0.125000
v -0.066051 -0.020108 -0.125000
v -0.034801 0.011142 -0.125000
v -0.066051 -0.020108 -0.125000
v -0.034801 -0.020108 -0.125000
v -0.034801 0.011142 -0.125000
v -0.034801 0.011142 -0.156250
v -0.034801 -0.020108 -0.156250
v -0.066051 0.011142 -0.156250
v -0.034801 -0.020108 -0.156250
v -0.066051 -0.020108 -0.156250
v -0.066051 0.011142 -0.156250
vn 1.0000 -0.0000 -0.0000
vn -1.0000 -0.0000 -0.0000
vn -0.0000 1.0000 -0.0000
vn -0.0000 -1.0000 -0.0000
vn -0.0000 -0.0000 1.0000
vn -0.0000 -0.0000 -1.0000
vt 0.968750 0.031250
vt 0.968750 0.062500
vt 0.976562 0.031250
vt 0.976562 0.062500
vt 0.992188 0.031250
vt 0.992188 0.062500
vt 1.000000 0.031250
vt 1.000000 0.062500
vt 1.000000 0.039062
vt 0.968750 0.039062
vt 1.000000 0.054688
vt 0.968750 0.054688
s 0
usemtl Material_0
f 3949/1353/659 3950/1354/659 3951/1355/659
f 3952/1354/659 3953/1356/659 3954/1355/659
f 3955/1357/660 3956/1358/660 3957/1359/660
f 3958/1358/660 3959/1360/660 3960/1359/660
f 3961/1361/661 3962/1359/661 3963/1362/661
f 3964/1359/661 3965/1353/661 3966/1362/661
f 3967/1360/662 3968/1363/662 3969/1354/662
f 3970/1363/662 3971/1364/662 3972/1354/662
f 3973/1359/663 3974/1360/663 3975/1353/663
f 3976/1360/663 3977/1354/663 3978/1353/663
f 3979/1353/664 3980/1354/664 3981/1359/664
f 3982/1354/664 3983/1360/664 3984/1359/664
o 9afb4354-9067-c851-27c6-a75a63e46b3a
v -0.253551 -0.082608 -0.171875
v -0.253551 -0.113858 -0.171875
v -0.253551 -0.082608 -0.203125
v -0.253551 -0.113858 -0.171875
v -0.253551 -0.113858 -0.203125
v -0.253551 -0.082608 -0.203125
v -0.284801 -0.082608 -0.203125
v -0.284801 -0.113858 -0.203125
v -0.284801 -0.082608 -0.171875
v -0.284801 -0.113858 -0.203125
v -0.284801 -0.113858 -0.171875
v -0.284801 -0.082608 -0.171875
v -0.284801 -0.082608 -0.203125
v -0.284801 -0.082608 -0.171875
v -0.253551 -0.082608 -0.203125
v -0.284801 -0.082608 -0.171875
v -0.253551 -0.082608 -0.171875
v -0.253551 -0.082608 -0.203125
v -0.284801 -0.113858 -0.171875
v -0.284801 -0.113858 -0.203125
v -0.253551 -0.113858 -0.171875
v -0.284801 -0.113858 -0.203125
v -0.253551 -0.113858 -0.203125
v -0.253551 -0.113858 -0.171875
v -0.284801 -0.082608 -0.171875
v -0.284801 -0.113858 -0.171875
v -0.253551 -0.082608 -0.171875
v -0.284801 -0.113858 -0.171875
v -0.253551 -0.113858 -0.171875
v -0.253551 -0.082608 -0.171875
v -0.253551 -0.082608 -0.203125
v -0.253551 -0.113858 -0.203125
v -0.284801 -0.082608 -0.203125
v -0.253551 -0.113858 -0.203125
v -0.284801 -0.113858 -0.203125
v -0.284801 -0.082608 -0.203125
vn 1.0000 -0.0000 -0.0000
vn -1.0000 -0.0000 -0.0000
vn -0.0000 1.0000 -0.0000
vn -0.0000 -1.0000 -0.0000
vn -0.0000 -0.0000 1.0000
vn -0.0000 -0.0000 -1.0000
vt 0.437500 0.281250
vt 0.437500 0.312500
vt 0.445312 0.281250
vt 0.445312 0.312500
vt 0.460938 0.281250
vt 0.460938 0.312500
vt 0.468750 0.281250
vt 0.468750 0.312500
vt 0.468750 0.289062
vt 0.437500 0.289062
vt 0.468750 0.304688
vt 0.437500 0.304688
s 0
usemtl Material_0
f 3985/1365/665 3986/1366/665 3987/1367/665
f 3988/1366/665 3989/1368/665 3990/1367/665
f 3991/1369/666 3992/1370/666 3993/1371/666
f 3994/1370/666 3995/1372/666 3996/1371/666
f 3997/1373/667 3998/1371/667 3999/1374/667
f 4000/1371/667 4001/1365/667 4002/1374/667
f 4003/1372/668 4004/1375/668 4005/1366/668
f 4006/1375/668 4007/1376/668 4008/1366/668
f 4009/1371/669 4010/1372/669 4011/1365/669
f 4012/1372/669 4013/1366/669 4014/1365/669
f 4015/1365/670 4016/1366/670 4017/1371/670
f 4018/1366/670 4019/1372/670 4020/1371/670
o db3e2dec-5acb-8808-eca9-b31e43b91fbe
v -0.222301 -0.113858 -0.171875
v -0.222301 -0.145108 -0.171875
v -0.222301 -0.113858 -0.203125
v -0.222301 -0.145108 -0.171875
v -0.222301 -0.145108 -0.203125
v -0.222301 -0.113858 -0.203125
v -0.253551 -0.113858 -0.203125
v -0.253551 -0.145108 -0.203125
v -0.253551 -0.113858 -0.171875
v -0.253551 -0.145108 -0.203125
v -0.253551 -0.145108 -0.171875
v -0.253551 -0.113858 -0.171875
v -0.253551 -0.113858 -0.203125
v -0.253551 -0.113858 -0.171875
v -0.222301 -0.113858 -0.203125
v -0.253551 -0.113858 -0.171875
v -0.222301 -0.113858 -0.171875
v -0.222301 -0.113858 -0.203125
v -0.253551 -0.145108 -0.171875
v -0.253551 -0.145108 -0.203125
v -0.222301 -0.145108 -0.171875
v -0.253551 -0.145108 -0.203125
v -0.222301 -0.145108 -0.203125
v -0.222301 -0.145108 -0.171875
v -0.253551 -0.113858 -0.171875
v -0.253551 -0.145108 -0.171875
v -0.222301 -0.113858 -0.171875
v -0.253551 -0.145108 -0.171875
v -0.222301 -0.145108 -0.171875
v -0.222301 -0.113858 -0.171875
v -0.222301 -0.113858 -0.203125
v -0.222301 -0.145108 -0.203125
v -0.253551 -0.113858 -0.203125
v -0.222301 -0.145108 -0.203125
v -0.253551 -0.145108 -0.203125
v -0.253551 -0.113858 -0.203125
vn 1.0000 -0.0000 -0.0000
vn -1.0000 -0.0000 -0.0000
vn -0.0000 1.0000 -0.0000
vn -0.0000 -1.0000 -0.0000
vn -0.0000 -0.0000 1.0000
vn -0.0000 -0.0000 -1.0000
vt 0.406250 0.312500
vt 0.406250 0.343750
vt 0.414062 0.312500
vt 0.414062 0.343750
vt 0.429688 0.312500
vt 0.429688 0.343750
vt 0.437500 0.312500
vt 0.437500 0.343750
vt 0.437500 0.320312
vt 0.406250 0.320312
vt 0.437500 0.335938
vt 0.406250 0.335938
s 0
usemtl Material_0
f 4021/1377/671 4022/1378/671 4023/1379/671
f 4024/1378/671 4025/1380/671 4026/1379/671
f 4027/1381/672 4028/1382/672 4029/1383/672
f 4030/1382/672 4031/1384/672 4032/1383/672
f 4033/1385/673 4034/1383/673 4035/1386/673
f 4036/1383/673 4037/1377/673 4038/1386/673
f 4039/1384/674 4040/1387/674 4041/1378/674
f 4042/1387/674 4043/1388/674 4044/1378/674
f 4045/1383/675 4046/1384/675 4047/1377/675
f 4048/1384/675 4049/1378/675 4050/1377/675
f 4051/1377/676 4052/1378/676 4053/1383/676
f 4054/1378/676 4055/1384/676 4056/1383/676
o 9a1e1dc1-879a-eb10-03d6-85306d7e38c9
v -0.128551 -0.113858 -0.171875
v -0.128551 -0.145108 -0.171875
v -0.128551 -0.113858 -0.203125
v -0.128551 -0.145108 -0.171875
v -0.128551 -0.145108 -0.203125
v -0.128551 -0.113858 -0.203125
v -0.159801 -0.113858 -0.203125
v -0.159801 -0.113858 -0.171875
v -0.128551 -0.113858 -0.203125
v -0.159801 -0.113858 -0.171875
v -0.128551 -0.113858 -0.171875
v -0.128551 -0.113858 -0.203125
v -0.159801 -0.145108 -0.171875
v -0.159801 -0.145108 -0.203125
v -0.128551 -0.145108 -0.171875
v -0.159801 -0.145108 -0.203125
v -0.128551 -0.145108 -0.203125
v -0.128551 -0.145108 -0.171875
v -0.159801 -0.113858 -0.171875
v -0.159801 -0.145108 -0.171875
v -0.128551 -0.113858 -0.171875
v -0.159801 -0.145108 -0.171875
v -0.128551 -0.145108 -0.171875
v -0.128551 -0.113858 -0.171875
v -0.128551 -0.113858 -0.203125
v -0.128551 -0.145108 -0.203125
v -0.159801 -0.113858 -0.203125
v -0.128551 -0.145108 -0.203125
v -0.159801 -0.145108 -0.203125
v -0.159801 -0.113858 -0.203125
vn 1.0000 -0.0000 -0.0000
vn -0.0000 1.0000 -0.0000
vn -0.0000 -1.0000 -0.0000
vn -0.0000 -0.0000 1.0000
vn -0.0000 -0.0000 -1.0000
vt 0.312500 0.312500
vt 0.312500 0.343750
vt 0.320312 0.312500
vt 0.320312 0.343750
vt 0.343750 0.320312
vt 0.343750 0.312500
vt 0.312500 0.320312
vt 0.343750 0.343750
vt 0.343750 0.335938
vt 0.312500 0.335938
s 0
usemtl Material_0
f 4057/1389/677 4058/1390/677 4059/1391/677
f 4060/1390/677 4061/1392/677 4062/1391/677
f 4063/1393/678 4064/1394/678 4065/1395/678
f 4066/1394/678 4067/1389/678 4068/1395/678
f 4069/1396/679 4070/1397/679 4071/1390/679
f 4072/1397/679 4073/1398/679 4074/1390/679
f 4075/1394/680 4076/1396/680 4077/1389/680
f 4078/1396/680 4079/1390/680 4080/1389/680
f 4081/1389/681 4082/1390/681 4083/1394/681
f 4084/1390/681 4085/1396/681 4086/1394/681
o 8d0663f3-bc2e-98dd-c04d-d87619075be9
v -0.159801 -0.207608 -0.156250
v -0.159801 -0.238858 -0.156250
v -0.159801 -0.207608 -0.187500
v -0.159801 -0.238858 -0.156250
v -0.159801 -0.238858 -0.187500
v -0.159801 -0.207608 -0.187500
v -0.191051 -0.207608 -0.187500
v -0.191051 -0.238858 -0.187500
v -0.191051 -0.207608 -0.156250
v -0.191051 -0.238858 -0.187500
v -0.191051 -0.238858 -0.156250
v -0.191051 -0.207608 -0.156250
v -0.191051 -0.207608 -0.187500
v -0.191051 -0.207608 -0.156250
v -0.159801 -0.207608 -0.187500
v -0.191051 -0.207608 -0.156250
v -0.159801 -0.207608 -0.156250
v -0.159801 -0.207608 -0.187500
v -0.191051 -0.238858 -0.156250
v -0.191051 -0.238858 -0.187500
v -0.159801 -0.238858 -0.156250
v -0.191051 -0.238858 -0.187500
v -0.159801 -0.238858 -0.187500
v -0.159801 -0.238858 -0.156250
v -0.191051 -0.207608 -0.156250
v -0.191051 -0.238858 -0.156250
v -0.159801 -0.207608 -0.156250
v -0.191051 -0.238858 -0.156250
v -0.159801 -0.238858 -0.156250
v -0.159801 -0.207608 -0.156250
v -0.159801 -0.207608 -0.187500
v -0.159801 -0.238858 -0.187500
v -0.191051 -0.207608 -0.187500
v -0.159801 -0.238858 -0.187500
v -0.191051 -0.238858 -0.187500
v -0.191051 -0.207608 -0.187500
vn 1.0000 -0.0000 -0.0000
vn -1.0000 -0.0000 -0.0000
vn -0.0000 1.0000 -0.0000
vn -0.0000 -1.0000 -0.0000
vn -0.0000 -0.0000 1.0000
vn -0.0000 -0.0000 -1.0000
vt 0.343750 0.406250
vt 0.343750 0.437500
vt 0.351562 0.406250
vt 0.351562 0.437500
vt 0.367188 0.406250
vt 0.367188 0.437500
vt 0.375000 0.406250
vt 0.375000 0.437500
vt 0.375000 0.414062
vt 0.343750 0.414062
vt 0.375000 0.429688
vt 0.343750 0.429688
s 0
usemtl Material_0
f 4087/1399/682 4088/1400/682 4089/1401/682
f 4090/1400/682 4091/1402/682 4092/1401/682
f 4093/1403/683 4094/1404/683 4095/1405/683
f 4096/1404/683 4097/1406/683 4098/1405/683
f 4099/1407/684 4100/1405/684 4101/1408/684
f 4102/1405/684 4103/1399/684 4104/1408/684
f 4105/1406/685 4106/1409/685 4107/1400/685
f 4108/1409/685 4109/1410/685 4110/1400/685
f 4111/1405/686 4112/1406/686 4113/1399/686
f 4114/1406/686 4115/1400/686 4116/1399/686
f 4117/1399/687 4118/1400/687 4119/1405/687
f 4120/1400/687 4121/1406/687 4122/1405/687
o 36e355bc-2d1c-5f29-f732-9a150c9d022d
v -0.159801 -0.113858 -0.171875
v -0.159801 -0.176358 -0.171875
v -0.159801 -0.113858 -0.203125
v -0.159801 -0.176358 -0.171875
v -0.159801 -0.176358 -0.203125
v -0.159801 -0.113858 -0.203125
v -0.222301 -0.113858 -0.203125
v -0.222301 -0.176358 -0.203125
v -0.222301 -0.113858 -0.171875
v -0.222301 -0.176358 -0.203125
v -0.222301 -0.176358 -0.171875
v -0.222301 -0.113858 -0.171875
v -0.222301 -0.113858 -0.203125
v -0.222301 -0.113858 -0.171875
v -0.159801 -0.113858 -0.203125
v -0.222301 -0.113858 -0.171875
v -0.159801 -0.113858 -0.171875
v -0.159801 -0.113858 -0.203125
v -0.222301 -0.176358 -0.171875
v -0.222301 -0.176358 -0.203125
v -0.159801 -0.176358 -0.171875
v -0.222301 -0.176358 -0.203125
v -0.159801 -0.176358 -0.203125
v -0.159801 -0.176358 -0.171875
v -0.222301 -0.113858 -0.171875
v -0.222301 -0.176358 -0.171875
v -0.159801 -0.113858 -0.171875
v -0.222301 -0.176358 -0.171875
v -0.159801 -0.176358 -0.171875
v -0.159801 -0.113858 -0.171875
v -0.159801 -0.113858 -0.203125
v -0.159801 -0.176358 -0.203125
v -0.222301 -0.113858 -0.203125
v -0.159801 -0.176358 -0.203125
v -0.222301 -0.176358 -0.203125
v -0.222301 -0.113858 -0.203125
vn 1.0000 -0.0000 -0.0000
vn -1.0000 -0.0000 -0.0000
vn -0.0000 1.0000 -0.0000
vn -0.0000 -1.0000 -0.0000
vn -0.0000 -0.0000 1.0000
vn -0.0000 -0.0000 -1.0000
vt 0.343750 0.312500
vt 0.343750 0.375000
vt 0.351562 0.312500
vt 0.351562 0.375000
vt 0.398438 0.312500
vt 0.398438 0.375000
vt 0.406250 0.312500
vt 0.406250 0.375000
vt 0.406250 0.320312
vt 0.343750 0.320312
vt 0.406250 0.367188
vt 0.343750 0.367188
s 0
usemtl Material_0
f 4123/1411/688 4124/1412/688 4125/1413/688
f 4126/1412/688 4127/1414/688 4128/1413/688
f 4129/1415/689 4130/1416/689 4131/1417/689
f 4132/1416/689 4133/1418/689 4134/1417/689
f 4135/1419/690 4136/1417/690 4137/1420/690
f 4138/1417/690 4139/1411/690 4140/1420/690
f 4141/1418/691 4142/1421/691 4143/1412/691
f 4144/1421/691 4145/1422/691 4146/1412/691
f 4147/1417/692 4148/1418/692 4149/1411/692
f 4150/1418/692 4151/1412/692 4152/1411/692
f 4153/1411/693 4154/1412/693 4155/1417/693
f 4156/1412/693 4157/1418/693 4158/1417/693
o f80e0e2c-2b9a-289f-e3ed-9acdde08df00
v -0.097301 -0.145108 -0.156250
v -0.097301 -0.207608 -0.156250
v -0.097301 -0.145108 -0.187500
v -0.097301 -0.207608 -0.156250
v -0.097301 -0.207608 -0.187500
v -0.097301 -0.145108 -0.187500
v -0.159801 -0.145108 -0.187500
v -0.159801 -0.207608 -0.187500
v -0.159801 -0.145108 -0.156250
v -0.159801 -0.207608 -0.187500
v -0.159801 -0.207608 -0.156250
v -0.159801 -0.145108 -0.156250
v -0.159801 -0.145108 -0.187500
v -0.159801 -0.145108 -0.156250
v -0.097301 -0.145108 -0.187500
v -0.159801 -0.145108 -0.156250
v -0.097301 -0.145108 -0.156250
v -0.097301 -0.145108 -0.187500
v -0.159801 -0.207608 -0.156250
v -0.159801 -0.207608 -0.187500
v -0.097301 -0.207608 -0.156250
v -0.159801 -0.207608 -0.187500
v -0.097301 -0.207608 -0.187500
v -0.097301 -0.207608 -0.156250
v -0.159801 -0.145108 -0.156250
v -0.159801 -0.207608 -0.156250
v -0.097301 -0.145108 -0.156250
v -0.159801 -0.207608 -0.156250
v -0.097301 -0.207608 -0.156250
v -0.097301 -0.145108 -0.156250
v -0.097301 -0.145108 -0.187500
v -0.097301 -0.207608 -0.187500
v -0.159801 -0.145108 -0.187500
v -0.097301 -0.207608 -0.187500
v -0.159801 -0.207608 -0.187500
v -0.159801 -0.145108 -0.187500
vn 1.0000 -0.0000 -0.0000
vn -1.0000 -0.0000 -0.0000
vn -0.0000 1.0000 -0.0000
vn -0.0000 -1.0000 -0.0000
vn -0.0000 -0.0000 1.0000
vn -0.0000 -0.0000 -1.0000
vt 0.281250 0.343750
vt 0.281250 0.406250
vt 0.289062 0.343750
vt 0.289062 0.406250
vt 0.335938 0.343750
vt 0.335938 0.406250
vt 0.343750 0.343750
vt 0.343750 0.406250
vt 0.343750 0.351562
vt 0.281250 0.351562
vt 0.343750 0.398438
vt 0.281250 0.398438
s 0
usemtl Material_0
f 4159/1423/694 4160/1424/694 4161/1425/694
f 4162/1424/694 4163/1426/694 4164/1425/694
f 4165/1427/695 4166/1428/695 4167/1429/695
f 4168/1428/695 4169/1430/695 4170/1429/695
f 4171/1431/696 4172/1429/696 4173/1432/696
f 4174/1429/696 4175/1423/696 4176/1432/696
f 4177/1430/697 4178/1433/697 4179/1424/697
f 4180/1433/697 4181/1434/697 4182/1424/697
f 4183/1429/698 4184/1430/698 4185/1423/698
f 4186/1430/698 4187/1424/698 4188/1423/698
f 4189/1423/699 4190/1424/699 4191/1429/699
f 4192/1424/699 4193/1430/699 4194/1429/699
o 958c5b17-4ec3-95f3-31c2-0561a92f0df1
v -0.066051 -0.145108 -0.156250
v -0.066051 -0.238858 -0.156250
v -0.066051 -0.145108 -0.187500
v -0.066051 -0.238858 -0.156250
v -0.066051 -0.238858 -0.187500
v -0.066051 -0.145108 -0.187500
v -0.097301 -0.145108 -0.187500
v -0.097301 -0.238858 -0.187500
v -0.097301 -0.145108 -0.156250
v -0.097301 -0.238858 -0.187500
v -0.097301 -0.238858 -0.156250
v -0.097301 -0.145108 -0.156250
v -0.097301 -0.145108 -0.187500
v -0.097301 -0.145108 -0.156250
v -0.066051 -0.145108 -0.187500
v -0.097301 -0.145108 -0.156250
v -0.066051 -0.145108 -0.156250
v -0.066051 -0.145108 -0.187500
v -0.097301 -0.238858 -0.156250
v -0.097301 -0.238858 -0.187500
v -0.066051 -0.238858 -0.156250
v -0.097301 -0.238858 -0.187500
v -0.066051 -0.238858 -0.187500
v -0.066051 -0.238858 -0.156250
v -0.097301 -0.145108 -0.156250
v -0.097301 -0.238858 -0.156250
v -0.066051 -0.145108 -0.156250
v -0.097301 -0.238858 -0.156250
v -0.066051 -0.238858 -0.156250
v -0.066051 -0.145108 -0.156250
v -0.066051 -0.145108 -0.187500
v -0.066051 -0.238858 -0.187500
v -0.097301 -0.145108 -0.187500
v -0.066051 -0.238858 -0.187500
v -0.097301 -0.238858 -0.187500
v -0.097301 -0.145108 -0.187500
vn 1.0000 -0.0000 -0.0000
vn -1.0000 -0.0000 -0.0000
vn -0.0000 1.0000 -0.0000
vn -0.0000 -1.0000 -0.0000
vn -0.0000 -0.0000 1.0000
vn -0.0000 -0.0000 -1.0000
vt 0.250000 0.343750
vt 0.250000 0.437500
vt 0.257812 0.343750
vt 0.257812 0.437500
vt 0.273438 0.343750
vt 0.273438 0.437500
vt 0.281250 0.343750
vt 0.281250 0.437500
vt 0.281250 0.351562
vt 0.250000 0.351562
vt 0.281250 0.429688
vt 0.250000 0.429688
s 0
usemtl Material_0
f 4195/1435/700 4196/1436/700 4197/1437/700
f 4198/1436/700 4199/1438/700 4200/1437/700
f 4201/1439/701 4202/1440/701 4203/1441/701
f 4204/1440/701 4205/1442/701 4206/1441/701
f 4207/1443/702 4208/1441/702 4209/1444/702
f 4210/1441/702 4211/1435/702 4212/1444/702
f 4213/1442/703 4214/1445/703 4215/1436/703
f 4216/1445/703 4217/1446/703 4218/1436/703
f 4219/1441/704 4220/1442/704 4221/1435/704
f 4222/1442/704 4223/1436/704 4224/1435/704
f 4225/1435/705 4226/1436/705 4227/1441/705
f 4228/1436/705 4229/1442/705 4230/1441/705
o 620b48f8-ebfd-9db6-72f2-a58e54564ed9
v -0.347301 0.073642 -0.171875
v -0.347301 0.042392 -0.171875
v -0.347301 0.073642 -0.203125
v -0.347301 0.042392 -0.171875
v -0.347301 0.042392 -0.203125
v -0.347301 0.073642 -0.203125
v -0.378551 0.073642 -0.203125
v -0.378551 0.042392 -0.203125
v -0.378551 0.073642 -0.171875
v -0.378551 0.042392 -0.203125
v -0.378551 0.042392 -0.171875
v -0.378551 0.073642 -0.171875
v -0.378551 0.073642 -0.203125
v -0.378551 0.073642 -0.171875
v -0.347301 0.073642 -0.203125
v -0.378551 0.073642 -0.171875
v -0.347301 0.073642 -0.171875
v -0.347301 0.073642 -0.203125
v -0.378551 0.042392 -0.171875
v -0.378551 0.042392 -0.203125
v -0.347301 0.042392 -0.171875
v -0.378551 0.042392 -0.203125
v -0.347301 0.042392 -0.203125
v -0.347301 0.042392 -0.171875
v -0.378551 0.073642 -0.171875
v -0.378551 0.042392 -0.171875
v -0.347301 0.073642 -0.171875
v -0.378551 0.042392 -0.171875
v -0.347301 0.042392 -0.171875
v -0.347301 0.073642 -0.171875
v -0.347301 0.073642 -0.203125
v -0.347301 0.042392 -0.203125
v -0.378551 0.073642 -0.203125
v -0.347301 0.042392 -0.203125
v -0.378551 0.042392 -0.203125
v -0.378551 0.073642 -0.203125
vn 1.0000 -0.0000 -0.0000
vn -1.0000 -0.0000 -0.0000
vn -0.0000 1.0000 -0.0000
vn -0.0000 -1.0000 -0.0000
vn -0.0000 -0.0000 1.0000
vn -0.0000 -0.0000 -1.0000
vt 0.554688 0.125000
vt 0.554688 0.156250
vt 0.562500 0.125000
vt 0.562500 0.156250
vt 0.531250 0.125000
vt 0.531250 0.156250
vt 0.539062 0.125000
vt 0.539062 0.156250
vt 0.562500 0.132812
vt 0.531250 0.132812
vt 0.562500 0.148438
vt 0.531250 0.148438
s 0
usemtl Material_0
f 4231/1447/706 4232/1448/706 4233/1449/706
f 4234/1448/706 4235/1450/706 4236/1449/706
f 4237/1451/707 4238/1452/707 4239/1453/707
f 4240/1452/707 4241/1454/707 4242/1453/707
f 4243/1455/708 4244/1449/708 4245/1456/708
f 4246/1449/708 4247/1451/708 4248/1456/708
f 4249/1450/709 4250/1457/709 4251/1452/709
f 4252/1457/709 4253/1458/709 4254/1452/709
f 4255/1449/710 4256/1450/710 4257/1451/710
f 4258/1450/710 4259/1452/710 4260/1451/710
f 4261/1451/711 4262/1452/711 4263/1449/711
f 4264/1452/711 4265/1450/711 4266/1449/711
o 059358d2-df34-2b52-41f6-77b76338e920
v -0.316051 0.042392 -0.171875
v -0.316051 0.011142 -0.171875
v -0.316051 0.042392 -0.203125
v -0.316051 0.011142 -0.171875
v -0.316051 0.011142 -0.203125
v -0.316051 0.042392 -0.203125
v -0.378551 0.042392 -0.203125
v -0.378551 0.011142 -0.203125
v -0.378551 0.042392 -0.171875
v -0.378551 0.011142 -0.203125
v -0.378551 0.011142 -0.171875
v -0.378551 0.042392 -0.171875
v -0.378551 0.042392 -0.203125
v -0.378551 0.042392 -0.171875
v -0.316051 0.042392 -0.203125
v -0.378551 0.042392 -0.171875
v -0.316051 0.042392 -0.171875
v -0.316051 0.042392 -0.203125
v -0.378551 0.011142 -0.171875
v -0.378551 0.011142 -0.203125
v -0.316051 0.011142 -0.171875
v -0.378551 0.011142 -0.203125
v -0.316051 0.011142 -0.203125
v -0.316051 0.011142 -0.171875
v -0.378551 0.042392 -0.171875
v -0.378551 0.011142 -0.171875
v -0.316051 0.042392 -0.171875
v -0.378551 0.011142 -0.171875
v -0.316051 0.011142 -0.171875
v -0.316051 0.042392 -0.171875
v -0.316051 0.042392 -0.203125
v -0.316051 0.011142 -0.203125
v -0.378551 0.042392 -0.203125
v -0.316051 0.011142 -0.203125
v -0.378551 0.011142 -0.203125
v -0.378551 0.042392 -0.203125
vn 1.0000 -0.0000 -0.0000
vn -1.0000 -0.0000 -0.0000
vn -0.0000 1.0000 -0.0000
vn -0.0000 -1.0000 -0.0000
vn -0.0000 -0.0000 1.0000
vn -0.0000 -0.0000 -1.0000
vt 0.500000 0.156250
vt 0.500000 0.187500
vt 0.507812 0.156250
vt 0.507812 0.187500
vt 0.554688 0.156250
vt 0.554688 0.187500
vt 0.562500 0.156250
vt 0.562500 0.187500
vt 0.562500 0.164062
vt 0.500000 0.164062
vt 0.562500 0.179688
vt 0.500000 0.179688
s 0
usemtl Material_0
f 4267/1459/712 4268/1460/712 4269/1461/712
f 4270/1460/712 4271/1462/712 4272/1461/712
f 4273/1463/713 4274/1464/713 4275/1465/713
f 4276/1464/713 4277/1466/713 4278/1465/713
f 4279/1467/714 4280/1465/714 4281/1468/714
f 4282/1465/714 4283/1459/714 4284/1468/714
f 4285/1466/715 4286/1469/715 4287/1460/715
f 4288/1469/715 4289/1470/715 4290/1460/715
f 4291/1465/716 4292/1466/716 4293/1459/716
f 4294/1466/716 4295/1460/716 4296/1459/716
f 4297/1459/717 4298/1460/717 4299/1465/717
f 4300/1460/717 4301/1466/717 4302/1465/717
o 640bebfa-4c0b-936b-fc41-5edc49c5c1db
v -0.253551 0.011142 -0.171875
v -0.253551 -0.020108 -0.171875
v -0.253551 0.011142 -0.203125
v -0.253551 -0.020108 -0.171875
v -0.253551 -0.020108 -0.203125
v -0.253551 0.011142 -0.203125
v -0.378551 0.011142 -0.203125
v -0.378551 -0.020108 -0.203125
v -0.378551 0.011142 -0.171875
v -0.378551 -0.020108 -0.203125
v -0.378551 -0.020108 -0.171875
v -0.378551 0.011142 -0.171875
v -0.378551 0.011142 -0.203125
v -0.378551 0.011142 -0.171875
v -0.253551 0.011142 -0.203125
v -0.378551 0.011142 -0.171875
v -0.253551 0.011142 -0.171875
v -0.253551 0.011142 -0.203125
v -0.378551 -0.020108 -0.171875
v -0.378551 -0.020108 -0.203125
v -0.253551 -0.020108 -0.171875
v -0.378551 -0.020108 -0.203125
v -0.253551 -0.020108 -0.203125
v -0.253551 -0.020108 -0.171875
v -0.378551 0.011142 -0.171875
v -0.378551 -0.020108 -0.171875
v -0.253551 0.011142 -0.171875
v -0.378551 -0.020108 -0.171875
v -0.253551 -0.020108 -0.171875
v -0.253551 0.011142 -0.171875
v -0.253551 0.011142 -0.203125
v -0.253551 -0.020108 -0.203125
v -0.378551 0.011142 -0.203125
v -0.253551 -0.020108 -0.203125
v -0.378551 -0.020108 -0.203125
v -0.378551 0.011142 -0.203125
vn 1.0000 -0.0000 -0.0000
vn -1.0000 -0.0000 -0.0000
vn -0.0000 1.0000 -0.0000
vn -0.0000 -1.0000 -0.0000
vn -0.0000 -0.0000 1.0000
vn -0.0000 -0.0000 -1.0000
vt 0.437500 0.187500
vt 0.437500 0.218750
vt 0.445312 0.187500
vt 0.445312 0.218750
vt 0.554688 0.187500
vt 0.554688 0.218750
vt 0.562500 0.187500
vt 0.562500 0.218750
vt 0.562500 0.195312
vt 0.437500 0.195312
vt 0.562500 0.210938
vt 0.437500 0.210938
s 0
usemtl Material_0
f 4303/1471/718 4304/1472/718 4305/1473/718
f 4306/1472/718 4307/1474/718 4308/1473/718
f 4309/1475/719 4310/1476/719 4311/1477/719
f 4312/1476/719 4313/1478/719 4314/1477/719
f 4315/1479/720 4316/1477/720 4317/1480/720
f 4318/1477/720 4319/1471/720 4320/1480/720
f 4321/1478/721 4322/1481/721 4323/1472/721
f 4324/1481/721 4325/1482/721 4326/1472/721
f 4327/1477/722 4328/1478/722 4329/1471/722
f 4330/1478/722 4331/1472/722 4332/1471/722
f 4333/1471/723 4334/1472/723 4335/1477/723
f 4336/1472/723 4337/1478/723 4338/1477/723
o ae7b8e61-faa8-ee62-1f43-14051d17ff36
v -0.284801 0.073642 -0.125000
v -0.284801 0.042392 -0.125000
v -0.284801 0.073642 -0.156250
v -0.284801 0.042392 -0.125000
v -0.284801 0.042392 -0.156250
v -0.284801 0.073642 -0.156250
v -0.316051 0.073642 -0.156250
v -0.316051 0.042392 -0.156250
v -0.316051 0.073642 -0.125000
v -0.316051 0.042392 -0.156250
v -0.316051 0.042392 -0.125000
v -0.316051 0.073642 -0.125000
v -0.316051 0.073642 -0.156250
v -0.316051 0.073642 -0.125000
v -0.284801 0.073642 -0.156250
v -0.316051 0.073642 -0.125000
v -0.284801 0.073642 -0.125000
v -0.284801 0.073642 -0.156250
v -0.316051 0.042392 -0.125000
v -0.316051 0.042392 -0.156250
v -0.284801 0.042392 -0.125000
v -0.316051 0.042392 -0.156250
v -0.284801 0.042392 -0.156250
v -0.284801 0.042392 -0.125000
v -0.316051 0.073642 -0.125000
v -0.316051 0.042392 -0.125000
v -0.284801 0.073642 -0.125000
v -0.316051 0.042392 -0.125000
v -0.284801 0.042392 -0.125000
v -0.284801 0.073642 -0.125000
v -0.284801 0.073642 -0.156250
v -0.284801 0.042392 -0.156250
v -0.316051 0.073642 -0.156250
v -0.284801 0.042392 -0.156250
v -0.316051 0.042392 -0.156250
v -0.316051 0.073642 -0.156250
vn 1.0000 -0.0000 -0.0000
vn -1.0000 -0.0000 -0.0000
vn -0.0000 1.0000 -0.0000
vn -0.0000 -1.0000 -0.0000
vn -0.0000 -0.0000 1.0000
vn -0.0000 -0.0000 -1.0000
vt 0.468750 0.125000
vt 0.468750 0.156250
vt 0.476562 0.125000
vt 0.476562 0.156250
vt 0.492188 0.125000
vt 0.492188 0.156250
vt 0.500000 0.125000
vt 0.500000 0.156250
vt 0.500000 0.132812
vt 0.468750 0.132812
vt 0.500000 0.148438
vt 0.468750 0.148438
s 0
usemtl Material_0
f 4339/1483/724 4340/1484/724 4341/1485/724
f 4342/1484/724 4343/1486/724 4344/1485/724
f 4345/1487/725 4346/1488/725 4347/1489/725
f 4348/1488/725 4349/1490/725 4350/1489/725
f 4351/1491/726 4352/1489/726 4353/1492/726
f 4354/1489/726 4355/1483/726 4356/1492/726
f 4357/1490/727 4358/1493/727 4359/1484/727
f 4360/1493/727 4361/1494/727 4362/1484/727
f 4363/1489/728 4364/1490/728 4365/1483/728
f 4366/1490/728 4367/1484/728 4368/1483/728
f 4369/1483/729 4370/1484/729 4371/1489/729
f 4372/1484/729 4373/1490/729 4374/1489/729
o 1d7a3158-038e-3e15-2f03-9b066ae444a8
v -0.253551 0.042392 -0.125000
v -0.253551 0.011142 -0.125000
v -0.253551 0.042392 -0.156250
v -0.253551 0.011142 -0.125000
v -0.253551 0.011142 -0.156250
v -0.253551 0.042392 -0.156250
v -0.284801 0.042392 -0.156250
v -0.284801 0.011142 -0.156250
v -0.284801 0.042392 -0.125000
v -0.284801 0.011142 -0.156250
v -0.284801 0.011142 -0.125000
v -0.284801 0.042392 -0.125000
v -0.284801 0.042392 -0.156250
v -0.284801 0.042392 -0.125000
v -0.253551 0.042392 -0.156250
v -0.284801 0.042392 -0.125000
v -0.253551 0.042392 -0.125000
v -0.253551 0.042392 -0.156250
v -0.284801 0.011142 -0.125000
v -0.284801 0.011142 -0.156250
v -0.253551 0.011142 -0.125000
v -0.284801 0.011142 -0.156250
v -0.253551 0.011142 -0.156250
v -0.253551 0.011142 -0.125000
v -0.284801 0.042392 -0.125000
v -0.284801 0.011142 -0.125000
v -0.253551 0.042392 -0.125000
v -0.284801 0.011142 -0.125000
v -0.253551 0.011142 -0.125000
v -0.253551 0.042392 -0.125000
v -0.253551 0.042392 -0.156250
v -0.253551 0.011142 -0.156250
v -0.284801 0.042392 -0.156250
v -0.253551 0.011142 -0.156250
v -0.284801 0.011142 -0.156250
v -0.284801 0.042392 -0.156250
vn 1.0000 -0.0000 -0.0000
vn -1.0000 -0.0000 -0.0000
vn -0.0000 1.0000 -0.0000
vn -0.0000 -1.0000 -0.0000
vn -0.0000 -0.0000 1.0000
vn -0.0000 -0.0000 -1.0000
vt 0.437500 0.156250
vt 0.437500 0.187500
vt 0.445312 0.156250
vt 0.445312 0.187500
vt 0.460938 0.156250
vt 0.460938 0.187500
vt 0.468750 0.156250
vt 0.468750 0.187500
vt 0.468750 0.164062
vt 0.437500 0.164062
vt 0.468750 0.179688
vt 0.437500 0.179688
s 0
usemtl Material_0
f 4375/1495/730 4376/1496/730 4377/1497/730
f 4378/1496/730 4379/1498/730 4380/1497/730
f 4381/1499/731 4382/1500/731 4383/1501/731
f 4384/1500/731 4385/1502/731 4386/1501/731
f 4387/1503/732 4388/1501/732 4389/1504/732
f 4390/1501/732 4391/1495/732 4392/1504/732
f 4393/1502/733 4394/1505/733 4395/1496/733
f 4396/1505/733 4397/1506/733 4398/1496/733
f 4399/1501/734 4400/1502/734 4401/1495/734
f 4402/1502/734 4403/1496/734 4404/1495/734
f 4405/1495/735 4406/1496/735 4407/1501/735
f 4408/1496/735 4409/1502/735 4410/1501/735
o 51bcbb80-8baa-3c13-64ae-cd5657fbe14a
v -0.284801 0.167392 -0.093750
v -0.284801 0.136142 -0.093750
v -0.284801 0.167392 -0.125000
v -0.284801 0.136142 -0.093750
v -0.284801 0.136142 -0.125000
v -0.284801 0.167392 -0.125000
v -0.316051 0.167392 -0.125000
v -0.316051 0.136142 -0.125000
v -0.316051 0.167392 -0.093750
v -0.316051 0.136142 -0.125000
v -0.316051 0.136142 -0.093750
v -0.316051 0.167392 -0.093750
v -0.316051 0.167392 -0.125000
v -0.316051 0.167392 -0.093750
v -0.284801 0.167392 -0.125000
v -0.316051 0.167392 -0.093750
v -0.284801 0.167392 -0.093750
v -0.284801 0.167392 -0.125000
v -0.316051 0.136142 -0.093750
v -0.316051 0.136142 -0.125000
v -0.284801 0.136142 -0.093750
v -0.316051 0.136142 -0.125000
v -0.284801 0.136142 -0.125000
v -0.284801 0.136142 -0.093750
v -0.316051 0.167392 -0.093750
v -0.316051 0.136142 -0.093750
v -0.284801 0.167392 -0.093750
v -0.316051 0.136142 -0.093750
v -0.284801 0.136142 -0.093750
v -0.284801 0.167392 -0.093750
v -0.284801 0.167392 -0.125000
v -0.284801 0.136142 -0.125000
v -0.316051 0.167392 -0.125000
v -0.284801 0.136142 -0.125000
v -0.316051 0.136142 -0.125000
v -0.316051 0.167392 -0.125000
vn 1.0000 -0.0000 -0.0000
vn -1.0000 -0.0000 -0.0000
vn -0.0000 1.0000 -0.0000
vn -0.0000 -1.0000 -0.0000
vn -0.0000 -0.0000 1.0000
vn -0.0000 -0.0000 -1.0000
vt 0.468750 0.031250
vt 0.468750 0.062500
vt 0.476562 0.031250
vt 0.476562 0.062500
vt 0.492188 0.031250
vt 0.492188 0.062500
vt 0.500000 0.031250
vt 0.500000 0.062500
vt 0.500000 0.039062
vt 0.468750 0.039062
vt 0.500000 0.054688
vt 0.468750 0.054688
s 0
usemtl Material_0
f 4411/1507/736 4412/1508/736 4413/1509/736
f 4414/1508/736 4415/1510/736 4416/1509/736
f 4417/1511/737 4418/1512/737 4419/1513/737
f 4420/1512/737 4421/1514/737 4422/1513/737
f 4423/1515/738 4424/1513/738 4425/1516/738
f 4426/1513/738 4427/1507/738 4428/1516/738
f 4429/1514/739 4430/1517/739 4431/1508/739
f 4432/1517/739 4433/1518/739 4434/1508/739
f 4435/1513/740 4436/1514/740 4437/1507/740
f 4438/1514/740 4439/1508/740 4440/1507/740
f 4441/1507/741 4442/1508/741 4443/1513/741
f 4444/1508/741 4445/1514/741 4446/1513/741
o 886564e0-0deb-46bb-4f91-1aa5cb7575e4
v -0.253551 0.136142 -0.093750
v -0.253551 0.104892 -0.093750
v -0.253551 0.136142 -0.125000
v -0.253551 0.104892 -0.093750
v -0.253551 0.104892 -0.125000
v -0.253551 0.136142 -0.125000
v -0.316051 0.136142 -0.125000
v -0.316051 0.104892 -0.125000
v -0.316051 0.136142 -0.093750
v -0.316051 0.104892 -0.125000
v -0.316051 0.104892 -0.093750
v -0.316051 0.136142 -0.093750
v -0.316051 0.136142 -0.125000
v -0.316051 0.136142 -0.093750
v -0.253551 0.136142 -0.125000
v -0.316051 0.136142 -0.093750
v -0.253551 0.136142 -0.093750
v -0.253551 0.136142 -0.125000
v -0.316051 0.104892 -0.093750
v -0.316051 0.104892 -0.125000
v -0.253551 0.104892 -0.093750
v -0.316051 0.104892 -0.125000
v -0.253551 0.104892 -0.125000
v -0.253551 0.104892 -0.093750
v -0.316051 0.136142 -0.093750
v -0.316051 0.104892 -0.093750
v -0.253551 0.136142 -0.093750
v -0.316051 0.104892 -0.093750
v -0.253551 0.104892 -0.093750
v -0.253551 0.136142 -0.093750
v -0.253551 0.136142 -0.125000
v -0.253551 0.104892 -0.125000
v -0.316051 0.136142 -0.125000
v -0.253551 0.104892 -0.125000
v -0.316051 0.104892 -0.125000
v -0.316051 0.136142 -0.125000
vn 1.0000 -0.0000 -0.0000
vn -1.0000 -0.0000 -0.0000
vn -0.0000 1.0000 -0.0000
vn -0.0000 -1.0000 -0.0000
vn -0.0000 -0.0000 1.0000
vn -0.0000 -0.0000 -1.0000
vt 0.437500 0.062500
vt 0.437500 0.093750
vt 0.445312 0.062500
vt 0.445312 0.093750
vt 0.492188 0.062500
vt 0.492188 0.093750
vt 0.500000 0.062500
vt 0.500000 0.093750
vt 0.500000 0.070312
vt 0.437500 0.070312
vt 0.500000 0.085938
vt 0.437500 0.085938
s 0
usemtl Material_0
f 4447/1519/742 4448/1520/742 4449/1521/742
f 4450/1520/742 4451/1522/742 4452/1521/742
f 4453/1523/743 4454/1524/743 4455/1525/743
f 4456/1524/743 4457/1526/743 4458/1525/743
f 4459/1527/744 4460/1525/744 4461/1528/744
f 4462/1525/744 4463/1519/744 4464/1528/744
f 4465/1526/745 4466/1529/745 4467/1520/745
f 4468/1529/745 4469/1530/745 4470/1520/745
f 4471/1525/746 4472/1526/746 4473/1519/746
f 4474/1526/746 4475/1520/746 4476/1519/746
f 4477/1519/747 4478/1520/747 4479/1525/747
f 4480/1520/747 4481/1526/747 4482/1525/747
o 89ef5dc1-5022-1c78-2081-2d0cd5bd4b76
v -0.253551 0.104892 -0.109375
v -0.253551 0.073642 -0.109375
v -0.253551 0.104892 -0.140625
v -0.253551 0.073642 -0.109375
v -0.253551 0.073642 -0.140625
v -0.253551 0.104892 -0.140625
v -0.316051 0.104892 -0.140625
v -0.316051 0.073642 -0.140625
v -0.316051 0.104892 -0.109375
v -0.316051 0.073642 -0.140625
v -0.316051 0.073642 -0.109375
v -0.316051 0.104892 -0.109375
v -0.316051 0.104892 -0.140625
v -0.316051 0.104892 -0.109375
v -0.253551 0.104892 -0.140625
v -0.316051 0.104892 -0.109375
v -0.253551 0.104892 -0.109375
v -0.253551 0.104892 -0.140625
v -0.316051 0.073642 -0.109375
v -0.316051 0.073642 -0.140625
v -0.253551 0.073642 -0.109375
v -0.316051 0.073642 -0.140625
v -0.253551 0.073642 -0.140625
v -0.253551 0.073642 -0.109375
v -0.316051 0.104892 -0.109375
v -0.316051 0.073642 -0.109375
v -0.253551 0.104892 -0.109375
v -0.316051 0.073642 -0.109375
v -0.253551 0.073642 -0.109375
v -0.253551 0.104892 -0.109375
v -0.253551 0.104892 -0.140625
v -0.253551 0.073642 -0.140625
v -0.316051 0.104892 -0.140625
v -0.253551 0.073642 -0.140625
v -0.316051 0.073642 -0.140625
v -0.316051 0.104892 -0.140625
vn 1.0000 -0.0000 -0.0000
vn -1.0000 -0.0000 -0.0000
vn -0.0000 1.0000 -0.0000
vn -0.0000 -1.0000 -0.0000
vn -0.0000 -0.0000 1.0000
vn -0.0000 -0.0000 -1.0000
vt 0.437500 0.093750
vt 0.437500 0.125000
vt 0.445312 0.093750
vt 0.445312 0.125000
vt 0.492188 0.093750
vt 0.492188 0.125000
vt 0.500000 0.093750
vt 0.500000 0.125000
vt 0.500000 0.101562
vt 0.437500 0.101562
vt 0.500000 0.117188
vt 0.437500 0.117188
s 0
usemtl Material_0
f 4483/1531/748 4484/1532/748 4485/1533/748
f 4486/1532/748 4487/1534/748 4488/1533/748
f 4489/1535/749 4490/1536/749 4491/1537/749
f 4492/1536/749 4493/1538/749 4494/1537/749
f 4495/1539/750 4496/1537/750 4497/1540/750
f 4498/1537/750 4499/1531/750 4500/1540/750
f 4501/1538/751 4502/1541/751 4503/1532/751
f 4504/1541/751 4505/1542/751 4506/1532/751
f 4507/1537/752 4508/1538/752 4509/1531/752
f 4510/1538/752 4511/1532/752 4512/1531/752
f 4513/1531/753 4514/1532/753 4515/1537/753
f 4516/1532/753 4517/1538/753 4518/1537/753
o baecee2f-d2b7-e497-0d17-bbf99ceb4d8e
v -0.222301 0.073642 -0.109375
v -0.222301 0.042392 -0.109375
v -0.222301 0.073642 -0.140625
v -0.222301 0.042392 -0.109375
v -0.222301 0.042392 -0.140625
v -0.222301 0.073642 -0.140625
v -0.284801 0.073642 -0.140625
v -0.284801 0.042392 -0.140625
v -0.284801 0.073642 -0.109375
v -0.284801 0.042392 -0.140625
v -0.284801 0.042392 -0.109375
v -0.284801 0.073642 -0.109375
v -0.284801 0.073642 -0.140625
v -0.284801 0.073642 -0.109375
v -0.222301 0.073642 -0.140625
v -0.284801 0.073642 -0.109375
v -0.222301 0.073642 -0.109375
v -0.222301 0.073642 -0.140625
v -0.284801 0.042392 -0.109375
v -0.284801 0.042392 -0.140625
v -0.222301 0.042392 -0.109375
v -0.284801 0.042392 -0.140625
v -0.222301 0.042392 -0.140625
v -0.222301 0.042392 -0.109375
v -0.284801 0.073642 -0.109375
v -0.284801 0.042392 -0.109375
v -0.222301 0.073642 -0.109375
v -0.284801 0.042392 -0.109375
v -0.222301 0.042392 -0.109375
v -0.222301 0.073642 -0.109375
v -0.222301 0.073642 -0.140625
v -0.222301 0.042392 -0.140625
v -0.284801 0.073642 -0.140625
v -0.222301 0.042392 -0.140625
v -0.284801 0.042392 -0.140625
v -0.284801 0.073642 -0.140625
vn 1.0000 -0.0000 -0.0000
vn -1.0000 -0.0000 -0.0000
vn -0.0000 1.0000 -0.0000
vn -0.0000 -1.0000 -0.0000
vn -0.0000 -0.0000 1.0000
vn -0.0000 -0.0000 -1.0000
vt 0.406250 0.125000
vt 0.406250 0.156250
vt 0.414062 0.125000
vt 0.414062 0.156250
vt 0.460938 0.125000
vt 0.460938 0.156250
vt 0.468750 0.125000
vt 0.468750 0.156250
vt 0.468750 0.132812
vt 0.406250 0.132812
vt 0.468750 0.148438
vt 0.406250 0.148438
s 0
usemtl Material_0
f 4519/1543/754 4520/1544/754 4521/1545/754
f 4522/1544/754 4523/1546/754 4524/1545/754
f 4525/1547/755 4526/1548/755 4527/1549/755
f 4528/1548/755 4529/1550/755 4530/1549/755
f 4531/1551/756 4532/1549/756 4533/1552/756
f 4534/1549/756 4535/1543/756 4536/1552/756
f 4537/1550/757 4538/1553/757 4539/1544/757
f 4540/1553/757 4541/1554/757 4542/1544/757
f 4543/1549/758 4544/1550/758 4545/1543/758
f 4546/1550/758 4547/1544/758 4548/1543/758
f 4549/1543/759 4550/1544/759 4551/1549/759
f 4552/1544/759 4553/1550/759 4554/1549/759
o b114602b-275a-3f3c-8edf-9628b4e6f5be
v -0.191051 0.042392 -0.109375
v -0.191051 0.011142 -0.109375
v -0.191051 0.042392 -0.140625
v -0.191051 0.011142 -0.109375
v -0.191051 0.011142 -0.140625
v -0.191051 0.042392 -0.140625
v -0.253551 0.042392 -0.140625
v -0.253551 0.011142 -0.140625
v -0.253551 0.042392 -0.109375
v -0.253551 0.011142 -0.140625
v -0.253551 0.011142 -0.109375
v -0.253551 0.042392 -0.109375
v -0.253551 0.042392 -0.140625
v -0.253551 0.042392 -0.109375
v -0.191051 0.042392 -0.140625
v -0.253551 0.042392 -0.109375
v -0.191051 0.042392 -0.109375
v -0.191051 0.042392 -0.140625
v -0.253551 0.011142 -0.109375
v -0.253551 0.011142 -0.140625
v -0.191051 0.011142 -0.109375
v -0.253551 0.011142 -0.140625
v -0.191051 0.011142 -0.140625
v -0.191051 0.011142 -0.109375
v -0.253551 0.042392 -0.109375
v -0.253551 0.011142 -0.109375
v -0.191051 0.042392 -0.109375
v -0.253551 0.011142 -0.109375
v -0.191051 0.011142 -0.109375
v -0.191051 0.042392 -0.109375
v -0.191051 0.042392 -0.140625
v -0.191051 0.011142 -0.140625
v -0.253551 0.042392 -0.140625
v -0.191051 0.011142 -0.140625
v -0.253551 0.011142 -0.140625
v -0.253551 0.042392 -0.140625
vn 1.0000 -0.0000 -0.0000
vn -1.0000 -0.0000 -0.0000
vn -0.0000 1.0000 -0.0000
vn -0.0000 -1.0000 -0.0000
vn -0.0000 -0.0000 1.0000
vn -0.0000 -0.0000 -1.0000
vt 0.375000 0.156250
vt 0.375000 0.187500
vt 0.382812 0.156250
vt 0.382812 0.187500
vt 0.429688 0.156250
vt 0.429688 0.187500
vt 0.437500 0.156250
vt 0.437500 0.187500
vt 0.437500 0.164062
vt 0.375000 0.164062
vt 0.437500 0.179688
vt 0.375000 0.179688
s 0
usemtl Material_0
f 4555/1555/760 4556/1556/760 4557/1557/760
f 4558/1556/760 4559/1558/760 4560/1557/760
f 4561/1559/761 4562/1560/761 4563/1561/761
f 4564/1560/761 4565/1562/761 4566/1561/761
f 4567/1563/762 4568/1561/762 4569/1564/762
f 4570/1561/762 4571/1555/762 4572/1564/762
f 4573/1562/763 4574/1565/763 4575/1556/763
f 4576/1565/763 4577/1566/763 4578/1556/763
f 4579/1561/764 4580/1562/764 4581/1555/764
f 4582/1562/764 4583/1556/764 4584/1555/764
f 4585/1555/765 4586/1556/765 4587/1561/765
f 4588/1556/765 4589/1562/765 4590/1561/765
o 5b164292-4425-6393-f5dc-bec29fc8f976
v -0.191051 0.011142 -0.125000
v -0.191051 -0.020108 -0.125000
v -0.191051 0.011142 -0.156250
v -0.191051 -0.020108 -0.125000
v -0.191051 -0.020108 -0.156250
v -0.191051 0.011142 -0.156250
v -0.253551 0.011142 -0.156250
v -0.253551 -0.020108 -0.156250
v -0.253551 0.011142 -0.125000
v -0.253551 -0.020108 -0.156250
v -0.253551 -0.020108 -0.125000
v -0.253551 0.011142 -0.125000
v -0.253551 0.011142 -0.156250
v -0.253551 0.011142 -0.125000
v -0.191051 0.011142 -0.156250
v -0.253551 0.011142 -0.125000
v -0.191051 0.011142 -0.125000
v -0.191051 0.011142 -0.156250
v -0.253551 -0.020108 -0.125000
v -0.253551 -0.020108 -0.156250
v -0.191051 -0.020108 -0.125000
v -0.253551 -0.020108 -0.156250
v -0.191051 -0.020108 -0.156250
v -0.191051 -0.020108 -0.125000
v -0.253551 0.011142 -0.125000
v -0.253551 -0.020108 -0.125000
v -0.191051 0.011142 -0.125000
v -0.253551 -0.020108 -0.125000
v -0.191051 -0.020108 -0.125000
v -0.191051 0.011142 -0.125000
v -0.191051 0.011142 -0.156250
v -0.191051 -0.020108 -0.156250
v -0.253551 0.011142 -0.156250
v -0.191051 -0.020108 -0.156250
v -0.253551 -0.020108 -0.156250
v -0.253551 0.011142 -0.156250
vn 1.0000 -0.0000 -0.0000
vn -1.0000 -0.0000 -0.0000
vn -0.0000 1.0000 -0.0000
vn -0.0000 -1.0000 -0.0000
vn -0.0000 -0.0000 1.0000
vn -0.0000 -0.0000 -1.0000
vt 0.375000 0.187500
vt 0.375000 0.218750
vt 0.382812 0.187500
vt 0.382812 0.218750
vt 0.429688 0.187500
vt 0.429688 0.218750
vt 0.437500 0.187500
vt 0.437500 0.218750
vt 0.437500 0.195312
vt 0.375000 0.195312
vt 0.437500 0.210938
vt 0.375000 0.210938
s 0
usemtl Material_0
f 4591/1567/766 4592/1568/766 4593/1569/766
f 4594/1568/766 4595/1570/766 4596/1569/766
f 4597/1571/767 4598/1572/767 4599/1573/767
f 4600/1572/767 4601/1574/767 4602/1573/767
f 4603/1575/768 4604/1573/768 4605/1576/768
f 4606/1573/768 4607/1567/768 4608/1576/768
f 4609/1574/769 4610/1577/769 4611/1568/769
f 4612/1577/769 4613/1578/769 4614/1568/769
f 4615/1573/770 4616/1574/770 4617/1567/770
f 4618/1574/770 4619/1568/770 4620/1567/770
f 4621/1567/771 4622/1568/771 4623/1573/771
f 4624/1568/771 4625/1574/771 4626/1573/771
o 17fed869-86b3-776b-aae9-7b0e5b55fd2c
v -0.159801 -0.020108 -0.156250
v -0.159801 -0.051358 -0.156250
v -0.159801 -0.020108 -0.187500
v -0.159801 -0.051358 -0.156250
v -0.159801 -0.051358 -0.187500
v -0.159801 -0.020108 -0.187500
v -0.347301 -0.020108 -0.187500
v -0.347301 -0.051358 -0.187500
v -0.347301 -0.020108 -0.156250
v -0.347301 -0.051358 -0.187500
v -0.347301 -0.051358 -0.156250
v -0.347301 -0.020108 -0.156250
v -0.347301 -0.020108 -0.187500
v -0.347301 -0.020108 -0.156250
v -0.159801 -0.020108 -0.187500
v -0.347301 -0.020108 -0.156250
v -0.159801 -0.020108 -0.156250
v -0.159801 -0.020108 -0.187500
v -0.347301 -0.051358 -0.156250
v -0.347301 -0.051358 -0.187500
v -0.159801 -0.051358 -0.156250
v -0.347301 -0.051358 -0.187500
v -0.159801 -0.051358 -0.187500
v -0.159801 -0.051358 -0.156250
v -0.347301 -0.020108 -0.156250
v -0.347301 -0.051358 -0.156250
v -0.159801 -0.020108 -0.156250
v -0.347301 -0.051358 -0.156250
v -0.159801 -0.051358 -0.156250
v -0.159801 -0.020108 -0.156250
v -0.159801 -0.020108 -0.187500
v -0.159801 -0.051358 -0.187500
v -0.347301 -0.020108 -0.187500
v -0.159801 -0.051358 -0.187500
v -0.347301 -0.051358 -0.187500
v -0.347301 -0.020108 -0.187500
vn 1.0000 -0.0000 -0.0000
vn -1.0000 -0.0000 -0.0000
vn -0.0000 1.0000 -0.0000
vn -0.0000 -1.0000 -0.0000
vn -0.0000 -0.0000 1.0000
vn -0.0000 -0.0000 -1.0000
vt 0.343750 0.218750
vt 0.343750 0.250000
vt 0.351562 0.218750
vt 0.351562 0.250000
vt 0.523438 0.218750
vt 0.523438 0.250000
vt 0.531250 0.218750
vt 0.531250 0.250000
vt 0.531250 0.226562
vt 0.343750 0.226562
s 0
usemtl Material_0
f 4627/1579/772 4628/1580/772 4629/1581/772
f 4630/1580/772 4631/1582/772 4632/1581/772
f 4633/1583/773 4634/1584/773 4635/1585/773
f 4636/1584/773 4637/1586/773 4638/1585/773
f 4639/1587/774 4640/1585/774 4641/1588/774
f 4642/1585/774 4643/1579/774 4644/1588/774
f 4645/1587/775 4646/1585/775 4647/1588/775
f 4648/1585/775 4649/1579/775 4650/1588/775
f 4651/1585/776 4652/1586/776 4653/1579/776
f 4654/1586/776 4655/1580/776 4656/1579/776
f 4657/1579/777 4658/1580/777 4659/1585/777
f 4660/1580/777 4661/1586/777 4662/1585/777
o 106f3d7f-b524-c629-3710-567ac229309d
v -0.191051 -0.051358 -0.156250
v -0.191051 -0.082608 -0.156250
v -0.191051 -0.051358 -0.187500
v -0.191051 -0.082608 -0.156250
v -0.191051 -0.082608 -0.187500
v -0.191051 -0.051358 -0.187500
v -0.284801 -0.051358 -0.187500
v -0.284801 -0.082608 -0.187500
v -0.284801 -0.051358 -0.156250
v -0.284801 -0.082608 -0.187500
v -0.284801 -0.082608 -0.156250
v -0.284801 -0.051358 -0.156250
v -0.284801 -0.051358 -0.187500
v -0.284801 -0.051358 -0.156250
v -0.191051 -0.051358 -0.187500
v -0.284801 -0.051358 -0.156250
v -0.191051 -0.051358 -0.156250
v -0.191051 -0.051358 -0.187500
v -0.284801 -0.082608 -0.156250
v -0.284801 -0.082608 -0.187500
v -0.191051 -0.082608 -0.156250
v -0.284801 -0.082608 -0.187500
v -0.191051 -0.082608 -0.187500
v -0.191051 -0.082608 -0.156250
v -0.284801 -0.051358 -0.156250
v -0.284801 -0.082608 -0.156250
v -0.191051 -0.051358 -0.156250
v -0.284801 -0.082608 -0.156250
v -0.191051 -0.082608 -0.156250
v -0.191051 -0.051358 -0.156250
v -0.191051 -0.051358 -0.187500
v -0.191051 -0.082608 -0.187500
v -0.284801 -0.051358 -0.187500
v -0.191051 -0.082608 -0.187500
v -0.284801 -0.082608 -0.187500
v -0.284801 -0.051358 -0.187500
vn 1.0000 -0.0000 -0.0000
vn -1.0000 -0.0000 -0.0000
vn -0.0000 1.0000 -0.0000
vn -0.0000 -1.0000 -0.0000
vn -0.0000 -0.0000 1.0000
vn -0.0000 -0.0000 -1.0000
vt 0.375000 0.250000
vt 0.375000 0.281250
vt 0.382812 0.250000
vt 0.382812 0.281250
vt 0.460938 0.250000
vt 0.460938 0.281250
vt 0.468750 0.250000
vt 0.468750 0.281250
vt 0.468750 0.257812
vt 0.375000 0.257812
vt 0.468750 0.273438
vt 0.375000 0.273438
s 0
usemtl Material_0
f 4663/1589/778 4664/1590/778 4665/1591/778
f 4666/1590/778 4667/1592/778 4668/1591/778
f 4669/1593/779 4670/1594/779 4671/1595/779
f 4672/1594/779 4673/1596/779 4674/1595/779
f 4675/1597/780 4676/1595/780 4677/1598/780
f 4678/1595/780 4679/1589/780 4680/1598/780
f 4681/1596/781 4682/1599/781 4683/1590/781
f 4684/1599/781 4685/1600/781 4686/1590/781
f 4687/1595/782 4688/1596/782 4689/1589/782
f 4690/1596/782 4691/1590/782 4692/1589/782
f 4693/1589/783 4694/1590/783 4695/1595/783
f 4696/1590/783 4697/1596/783 4698/1595/783
o a0a62e1a-c623-1e01-bc47-1926d8ece0b9
v -0.097301 -0.051358 -0.140625
v -0.097301 -0.113858 -0.140625
v -0.097301 -0.051358 -0.171875
v -0.097301 -0.113858 -0.140625
v -0.097301 -0.113858 -0.171875
v -0.097301 -0.051358 -0.171875
v -0.191051 -0.051358 -0.171875
v -0.191051 -0.113858 -0.171875
v -0.191051 -0.051358 -0.140625
v -0.191051 -0.113858 -0.171875
v -0.191051 -0.113858 -0.140625
v -0.191051 -0.051358 -0.140625
v -0.191051 -0.051358 -0.171875
v -0.191051 -0.051358 -0.140625
v -0.097301 -0.051358 -0.171875
v -0.191051 -0.051358 -0.140625
v -0.097301 -0.051358 -0.140625
v -0.097301 -0.051358 -0.171875
v -0.191051 -0.113858 -0.140625
v -0.191051 -0.113858 -0.171875
v -0.097301 -0.113858 -0.140625
v -0.191051 -0.113858 -0.171875
v -0.097301 -0.113858 -0.171875
v -0.097301 -0.113858 -0.140625
v -0.191051 -0.051358 -0.140625
v -0.191051 -0.113858 -0.140625
v -0.097301 -0.051358 -0.140625
v -0.191051 -0.113858 -0.140625
v -0.097301 -0.113858 -0.140625
v -0.097301 -0.051358 -0.140625
v -0.097301 -0.051358 -0.171875
v -0.097301 -0.113858 -0.171875
v -0.191051 -0.051358 -0.171875
v -0.097301 -0.113858 -0.171875
v -0.191051 -0.113858 -0.171875
v -0.191051 -0.051358 -0.171875
vn 1.0000 -0.0000 -0.0000
vn -1.0000 -0.0000 -0.0000
vn -0.0000 1.0000 -0.0000
vn -0.0000 -1.0000 -0.0000
vn -0.0000 -0.0000 1.0000
vn -0.0000 -0.0000 -1.0000
vt 0.281250 0.250000
vt 0.281250 0.312500
vt 0.289062 0.250000
vt 0.289062 0.312500
vt 0.367188 0.250000
vt 0.367188 0.312500
vt 0.375000 0.250000
vt 0.375000 0.312500
vt 0.375000 0.257812
vt 0.281250 0.257812
vt 0.375000 0.304688
vt 0.281250 0.304688
s 0
usemtl Material_0
f 4699/1601/784 4700/1602/784 4701/1603/784
f 4702/1602/784 4703/1604/784 4704/1603/784
f 4705/1605/785 4706/1606/785 4707/1607/785
f 4708/1606/785 4709/1608/785 4710/1607/785
f 4711/1609/786 4712/1607/786 4713/1610/786
f 4714/1607/786 4715/1601/786 4716/1610/786
f 4717/1608/787 4718/1611/787 4719/1602/787
f 4720/1611/787 4721/1612/787 4722/1602/787
f 4723/1607/788 4724/1608/788 4725/1601/788
f 4726/1608/788 4727/1602/788 4728/1601/788
f 4729/1601/789 4730/1602/789 4731/1607/789
f 4732/1602/789 4733/1608/789 4734/1607/789
o 72bfb81f-9276-50c6-beac-0726ebf82090
v -0.066051 -0.082608 -0.125000
v -0.066051 -0.145108 -0.125000
v -0.066051 -0.082608 -0.156250
v -0.066051 -0.145108 -0.125000
v -0.066051 -0.145108 -0.156250
v -0.066051 -0.082608 -0.156250
v -0.128551 -0.082608 -0.156250
v -0.128551 -0.145108 -0.156250
v -0.128551 -0.082608 -0.125000
v -0.128551 -0.145108 -0.156250
v -0.128551 -0.145108 -0.125000
v -0.128551 -0.082608 -0.125000
v -0.128551 -0.082608 -0.156250
v -0.128551 -0.082608 -0.125000
v -0.066051 -0.082608 -0.156250
v -0.128551 -0.082608 -0.125000
v -0.066051 -0.082608 -0.125000
v -0.066051 -0.082608 -0.156250
v -0.128551 -0.145108 -0.125000
v -0.128551 -0.145108 -0.156250
v -0.066051 -0.145108 -0.125000
v -0.128551 -0.145108 -0.156250
v -0.066051 -0.145108 -0.156250
v -0.066051 -0.145108 -0.125000
v -0.128551 -0.082608 -0.125000
v -0.128551 -0.145108 -0.125000
v -0.066051 -0.082608 -0.125000
v -0.128551 -0.145108 -0.125000
v -0.066051 -0.145108 -0.125000
v -0.066051 -0.082608 -0.125000
v -0.066051 -0.082608 -0.156250
v -0.066051 -0.145108 -0.156250
v -0.128551 -0.082608 -0.156250
v -0.066051 -0.145108 -0.156250
v -0.128551 -0.145108 -0.156250
v -0.128551 -0.082608 -0.156250
vn 1.0000 -0.0000 -0.0000
vn -1.0000 -0.0000 -0.0000
vn -0.0000 1.0000 -0.0000
vn -0.0000 -1.0000 -0.0000
vn -0.0000 -0.0000 1.0000
vn -0.0000 -0.0000 -1.0000
vt 0.250000 0.281250
vt 0.250000 0.343750
vt 0.257812 0.281250
vt 0.257812 0.343750
vt 0.304688 0.281250
vt 0.304688 0.343750
vt 0.312500 0.281250
vt 0.312500 0.343750
vt 0.312500 0.289062
vt 0.250000 0.289062
vt 0.312500 0.335938
vt 0.250000 0.335938
s 0
usemtl Material_0
f 4735/1613/790 4736/1614/790 4737/1615/790
f 4738/1614/790 4739/1616/790 4740/1615/790
f 4741/1617/791 4742/1618/791 4743/1619/791
f 4744/1618/791 4745/1620/791 4746/1619/791
f 4747/1621/792 4748/1619/792 4749/1622/792
f 4750/1619/792 4751/1613/792 4752/1622/792
f 4753/1620/793 4754/1623/793 4755/1614/793
f 4756/1623/793 4757/1624/793 4758/1614/793
f 4759/1619/794 4760/1620/794 4761/1613/794
f 4762/1620/794 4763/1614/794 4764/1613/794
f 4765/1613/795 4766/1614/795 4767/1619/795
f 4768/1614/795 4769/1620/795 4770/1619/795
o 979461a5-d830-30e4-85eb-5611ec7c7d5e
v -0.034801 -0.082608 -0.125000
v -0.034801 -0.113858 -0.125000
v -0.034801 -0.082608 -0.156250
v -0.034801 -0.113858 -0.125000
v -0.034801 -0.113858 -0.156250
v -0.034801 -0.082608 -0.156250
v -0.066051 -0.082608 -0.156250
v -0.066051 -0.113858 -0.156250
v -0.066051 -0.082608 -0.125000
v -0.066051 -0.113858 -0.156250
v -0.066051 -0.113858 -0.125000
v -0.066051 -0.082608 -0.125000
v -0.066051 -0.082608 -0.156250
v -0.066051 -0.082608 -0.125000
v -0.034801 -0.082608 -0.156250
v -0.066051 -0.082608 -0.125000
v -0.034801 -0.082608 -0.125000
v -0.034801 -0.082608 -0.156250
v -0.066051 -0.113858 -0.125000
v -0.066051 -0.113858 -0.156250
v -0.034801 -0.113858 -0.125000
v -0.066051 -0.113858 -0.156250
v -0.034801 -0.113858 -0.156250
v -0.034801 -0.113858 -0.125000
v -0.066051 -0.082608 -0.125000
v -0.066051 -0.113858 -0.125000
v -0.034801 -0.082608 -0.125000
v -0.066051 -0.113858 -0.125000
v -0.034801 -0.113858 -0.125000
v -0.034801 -0.082608 -0.125000
v -0.034801 -0.082608 -0.156250
v -0.034801 -0.113858 -0.156250
v -0.066051 -0.082608 -0.156250
v -0.034801 -0.113858 -0.156250
v -0.066051 -0.113858 -0.156250
v -0.066051 -0.082608 -0.156250
vn 1.0000 -0.0000 -0.0000
vn -1.0000 -0.0000 -0.0000
vn -0.0000 1.0000 -0.0000
vn -0.0000 -1.0000 -0.0000
vn -0.0000 -0.0000 1.0000
vn -0.0000 -0.0000 -1.0000
vt 0.968750 0.125000
vt 0.968750 0.156250
vt 0.976562 0.125000
vt 0.976562 0.156250
vt 0.992188 0.125000
vt 0.992188 0.156250
vt 1.000000 0.125000
vt 1.000000 0.156250
vt 1.000000 0.132812
vt 0.968750 0.132812
s 0
usemtl Material_0
f 4771/1625/796 4772/1626/796 4773/1627/796
f 4774/1626/796 4775/1628/796 4776/1627/796
f 4777/1629/797 4778/1630/797 4779/1631/797
f 4780/1630/797 4781/1632/797 4782/1631/797
f 4783/1633/798 4784/1631/798 4785/1634/798
f 4786/1631/798 4787/1625/798 4788/1634/798
f 4789/1632/799 4790/1631/799 4791/1626/799
f 4792/1631/799 4793/1625/799 4794/1626/799
f 4795/1631/800 4796/1632/800 4797/1625/800
f 4798/1632/800 4799/1626/800 4800/1625/800
f 4801/1625/801 4802/1626/801 4803/1631/801
f 4804/1626/801 4805/1632/801 4806/1631/801
o 9e3fc6c4-b3c1-5d00-ded4-907fab03b92f
v 0.027699 -0.113858 -0.125000
v 0.027699 -0.145108 -0.125000
v 0.027699 -0.113858 -0.156250
v 0.027699 -0.145108 -0.125000
v 0.027699 -0.145108 -0.156250
v 0.027699 -0.113858 -0.156250
v -0.066051 -0.113858 -0.156250
v -0.066051 -0.145108 -0.156250
v -0.066051 -0.113858 -0.125000
v -0.066051 -0.145108 -0.156250
v -0.066051 -0.145108 -0.125000
v -0.066051 -0.113858 -0.125000
v -0.066051 -0.113858 -0.156250
v -0.066051 -0.113858 -0.125000
v 0.027699 -0.113858 -0.156250
v -0.066051 -0.113858 -0.125000
v 0.027699 -0.113858 -0.125000
v 0.027699 -0.113858 -0.156250
v -0.066051 -0.145108 -0.125000
v -0.066051 -0.145108 -0.156250
v 0.027699 -0.145108 -0.125000
v -0.066051 -0.145108 -0.156250
v 0.027699 -0.145108 -0.156250
v 0.027699 -0.145108 -0.125000
v -0.066051 -0.113858 -0.125000
v -0.066051 -0.145108 -0.125000
v 0.027699 -0.113858 -0.125000
v -0.066051 -0.145108 -0.125000
v 0.027699 -0.145108 -0.125000
v 0.027699 -0.113858 -0.125000
v 0.027699 -0.113858 -0.156250
v 0.027699 -0.145108 -0.156250
v -0.066051 -0.113858 -0.156250
v 0.027699 -0.145108 -0.156250
v -0.066051 -0.145108 -0.156250
v -0.066051 -0.113858 -0.156250
vn 1.0000 -0.0000 -0.0000
vn -1.0000 -0.0000 -0.0000
vn -0.0000 1.0000 -0.0000
vn -0.0000 -1.0000 -0.0000
vn -0.0000 -0.0000 1.0000
vn -0.0000 -0.0000 -1.0000
vt 0.906250 0.156250
vt 0.906250 0.187500
vt 0.914062 0.156250
vt 0.914062 0.187500
vt 0.992188 0.156250
vt 0.992188 0.187500
vt 1.000000 0.156250
vt 1.000000 0.187500
vt 1.000000 0.164062
vt 0.906250 0.164062
vt 1.000000 0.179688
vt 0.906250 0.179688
s 0
usemtl Material_0
f 4807/1635/802 4808/1636/802 4809/1637/802
f 4810/1636/802 4811/1638/802 4812/1637/802
f 4813/1639/803 4814/1640/803 4815/1641/803
f 4816/1640/803 4817/1642/803 4818/1641/803
f 4819/1643/804 4820/1641/804 4821/1644/804
f 4822/1641/804 4823/1635/804 4824/1644/804
f 4825/1642/805 4826/1645/805 4827/1636/805
f 4828/1645/805 4829/1646/805 4830/1636/805
f 4831/1641/806 4832/1642/806 4833/1635/806
f 4834/1642/806 4835/1636/806 4836/1635/806
f 4837/1635/807 4838/1636/807 4839/1641/807
f 4840/1636/807 4841/1642/807 4842/1641/807
o e98a85e4-a9e9-06f7-21cb-63675f04908e
v -0.159801 0.073642 -0.140625
v -0.159801 -0.020108 -0.140625
v -0.159801 0.073642 -0.171875
v -0.159801 -0.020108 -0.140625
v -0.159801 -0.020108 -0.171875
v -0.159801 0.073642 -0.171875
v -0.191051 0.073642 -0.171875
v -0.191051 -0.020108 -0.171875
v -0.191051 0.073642 -0.140625
v -0.191051 -0.020108 -0.171875
v -0.191051 -0.020108 -0.140625
v -0.191051 0.073642 -0.140625
v -0.191051 0.073642 -0.171875
v -0.191051 0.073642 -0.140625
v -0.159801 0.073642 -0.171875
v -0.191051 0.073642 -0.140625
v -0.159801 0.073642 -0.140625
v -0.159801 0.073642 -0.171875
v -0.191051 -0.020108 -0.140625
v -0.191051 -0.020108 -0.171875
v -0.159801 -0.020108 -0.140625
v -0.191051 -0.020108 -0.171875
v -0.159801 -0.020108 -0.171875
v -0.159801 -0.020108 -0.140625
v -0.191051 0.073642 -0.140625
v -0.191051 -0.020108 -0.140625
v -0.159801 0.073642 -0.140625
v -0.191051 -0.020108 -0.140625
v -0.159801 -0.020108 -0.140625
v -0.159801 0.073642 -0.140625
v -0.159801 0.073642 -0.171875
v -0.159801 -0.020108 -0.171875
v -0.191051 0.073642 -0.171875
v -0.159801 -0.020108 -0.171875
v -0.191051 -0.020108 -0.171875
v -0.191051 0.073642 -0.171875
vn 1.0000 -0.0000 -0.0000
vn -1.0000 -0.0000 -0.0000
vn -0.0000 1.0000 -0.0000
vn -0.0000 -1.0000 -0.0000
vn -0.0000 -0.0000 1.0000
vn -0.0000 -0.0000 -1.0000
vt 0.343750 0.125000
vt 0.343750 0.218750
vt 0.351562 0.125000
vt 0.351562 0.218750
vt 0.367188 0.125000
vt 0.367188 0.218750
vt 0.375000 0.125000
vt 0.375000 0.218750
vt 0.375000 0.132812
vt 0.343750 0.132812
vt 0.375000 0.210938
vt 0.343750 0.210938
s 0
usemtl Material_0
f 4843/1647/808 4844/1648/808 4845/1649/808
f 4846/1648/808 4847/1650/808 4848/1649/808
f 4849/1651/809 4850/1652/809 4851/1653/809
f 4852/1652/809 4853/1654/809 4854/1653/809
f 4855/1655/810 4856/1653/810 4857/1656/810
f 4858/1653/810 4859/1647/810 4860/1656/810
f 4861/1654/811 4862/1657/811 4863/1648/811
f 4864/1657/811 4865/1658/811 4866/1648/811
f 4867/1653/812 4868/1654/812 4869/1647/812
f 4870/1654/812 4871/1648/812 4872/1647/812
f 4873/1647/813 4874/1648/813 4875/1653/813
f 4876/1648/813 4877/1654/813 4878/1653/813
o a3c1d777-6d4e-cf23-9d73-2f96911e7baa
v -0.128551 0.042392 -0.140625
v -0.128551 0.011142 -0.140625
v -0.128551 0.042392 -0.171875
v -0.128551 0.011142 -0.140625
v -0.128551 0.011142 -0.171875
v -0.128551 0.042392 -0.171875
v -0.159801 0.042392 -0.171875
v -0.159801 0.011142 -0.171875
v -0.159801 0.042392 -0.140625
v -0.159801 0.011142 -0.171875
v -0.159801 0.011142 -0.140625
v -0.159801 0.042392 -0.140625
v -0.159801 0.042392 -0.171875
v -0.159801 0.042392 -0.140625
v -0.128551 0.042392 -0.171875
v -0.159801 0.042392 -0.140625
v -0.128551 0.042392 -0.140625
v -0.128551 0.042392 -0.171875
v -0.159801 0.042392 -0.140625
v -0.159801 0.011142 -0.140625
v -0.128551 0.042392 -0.140625
v -0.159801 0.011142 -0.140625
v -0.128551 0.011142 -0.140625
v -0.128551 0.042392 -0.140625
v -0.128551 0.042392 -0.171875
v -0.128551 0.011142 -0.171875
v -0.159801 0.042392 -0.171875
v -0.128551 0.011142 -0.171875
v -0.159801 0.011142 -0.171875
v -0.159801 0.042392 -0.171875
vn 1.0000 -0.0000 -0.0000
vn -1.0000 -0.0000 -0.0000
vn -0.0000 1.0000 -0.0000
vn -0.0000 -0.0000 1.0000
vn -0.0000 -0.0000 -1.0000
vt 0.312500 0.156250
vt 0.312500 0.187500
vt 0.320312 0.156250
vt 0.320312 0.187500
vt 0.335938 0.156250
vt 0.335938 0.187500
vt 0.343750 0.156250
vt 0.343750 0.187500
vt 0.343750 0.164062
vt 0.312500 0.164062
s 0
usemtl Material_0
f 4879/1659/814 4880/1660/814 4881/1661/814
f 4882/1660/814 4883/1662/814 4884/1661/814
f 4885/1663/815 4886/1664/815 4887/1665/815
f 4888/1664/815 4889/1666/815 4890/1665/815
f 4891/1667/816 4892/1665/816 4893/1668/816
f 4894/1665/816 4895/1659/816 4896/1668/816
f 4897/1665/817 4898/1666/817 4899/1659/817
f 4900/1666/817 4901/1660/817 4902/1659/817
f 4903/1659/818 4904/1660/818 4905/1665/818
f 4906/1660/818 4907/1666/818 4908/1665/818
o ece42560-a44c-90c5-bac0-accd6ff01442
v -0.159801 0.011142 -0.171875
v -0.159801 -0.051358 -0.171875
v -0.159801 0.011142 -0.140625
v -0.159801 -0.051358 -0.171875
v -0.159801 -0.051358 -0.140625
v -0.159801 0.011142 -0.140625
v -0.159801 0.011142 -0.171875
v -0.159801 0.011142 -0.140625
v -0.097301 0.011142 -0.171875
v -0.159801 0.011142 -0.140625
v -0.097301 0.011142 -0.140625
v -0.097301 0.011142 -0.171875
v -0.159801 -0.051358 -0.140625
v -0.159801 -0.051358 -0.171875
v -0.097301 -0.051358 -0.140625
v -0.159801 -0.051358 -0.171875
v -0.097301 -0.051358 -0.171875
v -0.097301 -0.051358 -0.140625
v -0.159801 0.011142 -0.140625
v -0.159801 -0.051358 -0.140625
v -0.097301 0.011142 -0.140625
v -0.159801 -0.051358 -0.140625
v -0.097301 -0.051358 -0.140625
v -0.097301 0.011142 -0.140625
v -0.097301 0.011142 -0.171875
v -0.097301 -0.051358 -0.171875
v -0.159801 0.011142 -0.171875
v -0.097301 -0.051358 -0.171875
v -0.159801 -0.051358 -0.171875
v -0.159801 0.011142 -0.171875
vn -1.0000 -0.0000 -0.0000
vn -0.0000 1.0000 -0.0000
vn -0.0000 -1.0000 -0.0000
vn -0.0000 -0.0000 1.0000
vn -0.0000 -0.0000 -1.0000
vt 0.335938 0.187500
vt 0.335938 0.250000
vt 0.343750 0.187500
vt 0.343750 0.250000
vt 0.343750 0.195312
vt 0.281250 0.195312
vt 0.281250 0.187500
vt 0.343750 0.242188
vt 0.281250 0.250000
vt 0.281250 0.242188
s 0
usemtl Material_0
f 4909/1669/819 4910/1670/819 4911/1671/819
f 4912/1670/819 4913/1672/819 4914/1671/819
f 4915/1673/820 4916/1671/820 4917/1674/820
f 4918/1671/820 4919/1675/820 4920/1674/820
f 4921/1672/821 4922/1676/821 4923/1677/821
f 4924/1676/821 4925/1678/821 4926/1677/821
f 4927/1671/822 4928/1672/822 4929/1675/822
f 4930/1672/822 4931/1677/822 4932/1675/822
f 4933/1675/823 4934/1677/823 4935/1671/823
f 4936/1677/823 4937/1672/823 4938/1671/823
o 11f05f7c-ca16-9fd9-676a-d365428adafc
v -0.066051 0.011142 -0.140625
v -0.066051 -0.082608 -0.140625
v -0.066051 0.011142 -0.171875
v -0.066051 -0.082608 -0.140625
v -0.066051 -0.082608 -0.171875
v -0.066051 0.011142 -0.171875
v -0.097301 0.011142 -0.171875
v -0.097301 -0.082608 -0.171875
v -0.097301 0.011142 -0.140625
v -0.097301 -0.082608 -0.171875
v -0.097301 -0.082608 -0.140625
v -0.097301 0.011142 -0.140625
v -0.097301 0.011142 -0.171875
v -0.097301 0.011142 -0.140625
v -0.066051 0.011142 -0.171875
v -0.097301 0.011142 -0.140625
v -0.066051 0.011142 -0.140625
v -0.066051 0.011142 -0.171875
v -0.097301 -0.082608 -0.140625
v -0.097301 -0.082608 -0.171875
v -0.066051 -0.082608 -0.140625
v -0.097301 -0.082608 -0.171875
v -0.066051 -0.082608 -0.171875
v -0.066051 -0.082608 -0.140625
v -0.097301 0.011142 -0.140625
v -0.097301 -0.082608 -0.140625
v -0.066051 0.011142 -0.140625
v -0.097301 -0.082608 -0.140625
v -0.066051 -0.082608 -0.140625
v -0.066051 0.011142 -0.140625
v -0.066051 0.011142 -0.171875
v -0.066051 -0.082608 -0.171875
v -0.097301 0.011142 -0.171875
v -0.066051 -0.082608 -0.171875
v -0.097301 -0.082608 -0.171875
v -0.097301 0.011142 -0.171875
vn 1.0000 -0.0000 -0.0000
vn -1.0000 -0.0000 -0.0000
vn -0.0000 1.0000 -0.0000
vn -0.0000 -1.0000 -0.0000
vn -0.0000 -0.0000 1.0000
vn -0.0000 -0.0000 -1.0000
vt 0.250000 0.187500
vt 0.250000 0.281250
vt 0.257812 0.187500
vt 0.257812 0.281250
vt 0.273438 0.187500
vt 0.273438 0.281250
vt 0.281250 0.187500
vt 0.281250 0.281250
vt 0.281250 0.195312
vt 0.250000 0.195312
vt 0.281250 0.273438
vt 0.250000 0.273438
s 0
usemtl Material_0
f 4939/1679/824 4940/1680/824 4941/1681/824
f 4942/1680/824 4943/1682/824 4944/1681/824
f 4945/1683/825 4946/1684/825 4947/1685/825
f 4948/1684/825 4949/1686/825 4950/1685/825
f 4951/1687/826 4952/1685/826 4953/1688/826
f 4954/1685/826 4955/1679/826 4956/1688/826
f 4957/1686/827 4958/1689/827 4959/1680/827
f 4960/1689/827 4961/1690/827 4962/1680/827
f 4963/1685/828 4964/1686/828 4965/1679/828
f 4966/1686/828 4967/1680/828 4968/1679/828
f 4969/1679/829 4970/1680/829 4971/1685/829
f 4972/1680/829 4973/1686/829 4974/1685/829
o ad7b7bfa-ceb0-ccd3-64cd-1376c2bccccb
v -0.034801 -0.020108 -0.140625
v -0.034801 -0.082608 -0.140625
v -0.034801 -0.020108 -0.171875
v -0.034801 -0.082608 -0.140625
v -0.034801 -0.082608 -0.171875
v -0.034801 -0.020108 -0.171875
v -0.066051 -0.020108 -0.171875
v -0.066051 -0.082608 -0.171875
v -0.066051 -0.020108 -0.140625
v -0.066051 -0.082608 -0.171875
v -0.066051 -0.082608 -0.140625
v -0.066051 -0.020108 -0.140625
v -0.066051 -0.020108 -0.171875
v -0.066051 -0.020108 -0.140625
v -0.034801 -0.020108 -0.171875
v -0.066051 -0.020108 -0.140625
v -0.034801 -0.020108 -0.140625
v -0.034801 -0.020108 -0.171875
v -0.066051 -0.082608 -0.140625
v -0.066051 -0.082608 -0.171875
v -0.034801 -0.082608 -0.140625
v -0.066051 -0.082608 -0.171875
v -0.034801 -0.082608 -0.171875
v -0.034801 -0.082608 -0.140625
v -0.066051 -0.020108 -0.140625
v -0.066051 -0.082608 -0.140625
v -0.034801 -0.020108 -0.140625
v -0.066051 -0.082608 -0.140625
v -0.034801 -0.082608 -0.140625
v -0.034801 -0.020108 -0.140625
v -0.034801 -0.020108 -0.171875
v -0.034801 -0.082608 -0.171875
v -0.066051 -0.020108 -0.171875
v -0.034801 -0.082608 -0.171875
v -0.066051 -0.082608 -0.171875
v -0.066051 -0.020108 -0.171875
vn 1.0000 -0.0000 -0.0000
vn -1.0000 -0.0000 -0.0000
vn -0.0000 1.0000 -0.0000
vn -0.0000 -1.0000 -0.0000
vn -0.0000 -0.0000 1.0000
vn -0.0000 -0.0000 -1.0000
vt 0.968750 0.062500
vt 0.968750 0.125000
vt 0.976562 0.062500
vt 0.976562 0.125000
vt 0.992188 0.062500
vt 0.992188 0.125000
vt 1.000000 0.062500
vt 1.000000 0.125000
vt 1.000000 0.070312
vt 0.968750 0.070312
vt 1.000000 0.117188
vt 0.968750 0.117188
s 0
usemtl Material_0
f 4975/1691/830 4976/1692/830 4977/1693/830
f 4978/1692/830 4979/1694/830 4980/1693/830
f 4981/1695/831 4982/1696/831 4983/1697/831
f 4984/1696/831 4985/1698/831 4986/1697/831
f 4987/1699/832 4988/1697/832 4989/1700/832
f 4990/1697/832 4991/1691/832 4992/1700/832
f 4993/1698/833 4994/1701/833 4995/1692/833
f 4996/1701/833 4997/1702/833 4998/1692/833
f 4999/1697/834 5000/1698/834 5001/1691/834
f 5002/1698/834 5003/1692/834 5004/1691/834
f 5005/1691/835 5006/1692/835 5007/1697/835
f 5008/1692/835 5009/1698/835 5010/1697/835
o 3eb1d3a2-b9bd-ecec-4516-abd7693836ab
v -0.003551 0.011142 -0.140625
v -0.003551 -0.113858 -0.140625
v -0.003551 0.011142 -0.171875
v -0.003551 -0.113858 -0.140625
v -0.003551 -0.113858 -0.171875
v -0.003551 0.011142 -0.171875
v -0.034801 0.011142 -0.171875
v -0.034801 -0.113858 -0.171875
v -0.034801 0.011142 -0.140625
v -0.034801 -0.113858 -0.171875
v -0.034801 -0.113858 -0.140625
v -0.034801 0.011142 -0.140625
v -0.034801 0.011142 -0.171875
v -0.034801 0.011142 -0.140625
v -0.003551 0.011142 -0.171875
v -0.034801 0.011142 -0.140625
v -0.003551 0.011142 -0.140625
v -0.003551 0.011142 -0.171875
v -0.034801 -0.113858 -0.140625
v -0.034801 -0.113858 -0.171875
v -0.003551 -0.113858 -0.140625
v -0.034801 -0.113858 -0.171875
v -0.003551 -0.113858 -0.171875
v -0.003551 -0.113858 -0.140625
v -0.034801 0.011142 -0.140625
v -0.034801 -0.113858 -0.140625
v -0.003551 0.011142 -0.140625
v -0.034801 -0.113858 -0.140625
v -0.003551 -0.113858 -0.140625
v -0.003551 0.011142 -0.140625
v -0.003551 0.011142 -0.171875
v -0.003551 -0.113858 -0.171875
v -0.034801 0.011142 -0.171875
v -0.003551 -0.113858 -0.171875
v -0.034801 -0.113858 -0.171875
v -0.034801 0.011142 -0.171875
vn 1.0000 -0.0000 -0.0000
vn -1.0000 -0.0000 -0.0000
vn -0.0000 1.0000 -0.0000
vn -0.0000 -1.0000 -0.0000
vn -0.0000 -0.0000 1.0000
vn -0.0000 -0.0000 -1.0000
vt 0.937500 0.031250
vt 0.937500 0.156250
vt 0.945312 0.031250
vt 0.945312 0.156250
vt 0.960938 0.031250
vt 0.960938 0.156250
vt 0.968750 0.031250
vt 0.968750 0.156250
vt 0.968750 0.039062
vt 0.937500 0.039062
vt 0.968750 0.148438
vt 0.937500 0.148438
s 0
usemtl Material_0
f 5011/1703/836 5012/1704/836 5013/1705/836
f 5014/1704/836 5015/1706/836 5016/1705/836
f 5017/1707/837 5018/1708/837 5019/1709/837
f 5020/1708/837 5021/1710/837 5022/1709/837
f 5023/1711/838 5024/1709/838 5025/1712/838
f 5026/1709/838 5027/1703/838 5028/1712/838
f 5029/1710/839 5030/1713/839 5031/1704/839
f 5032/1713/839 5033/1714/839 5034/1704/839
f 5035/1709/840 5036/1710/840 5037/1703/840
f 5038/1710/840 5039/1704/840 5040/1703/840
f 5041/1703/841 5042/1704/841 5043/1709/841
f 5044/1704/841 5045/1710/841 5046/1709/841
o 6b495aea-425a-4f1e-c56a-bc97d3eccff5
v 0.027699 -0.020108 -0.125000
v 0.027699 -0.113858 -0.125000
v 0.027699 -0.020108 -0.156250
v 0.027699 -0.113858 -0.125000
v 0.027699 -0.113858 -0.156250
v 0.027699 -0.020108 -0.156250
v -0.003551 -0.020108 -0.156250
v -0.003551 -0.113858 -0.156250
v -0.003551 -0.020108 -0.125000
v -0.003551 -0.113858 -0.156250
v -0.003551 -0.113858 -0.125000
v -0.003551 -0.020108 -0.125000
v -0.003551 -0.020108 -0.156250
v -0.003551 -0.020108 -0.125000
v 0.027699 -0.020108 -0.156250
v -0.003551 -0.020108 -0.125000
v 0.027699 -0.020108 -0.125000
v 0.027699 -0.020108 -0.156250
v -0.003551 -0.113858 -0.125000
v -0.003551 -0.113858 -0.156250
v 0.027699 -0.113858 -0.125000
v -0.003551 -0.113858 -0.156250
v 0.027699 -0.113858 -0.156250
v 0.027699 -0.113858 -0.125000
v -0.003551 -0.020108 -0.125000
v -0.003551 -0.113858 -0.125000
v 0.027699 -0.020108 -0.125000
v -0.003551 -0.113858 -0.125000
v 0.027699 -0.113858 -0.125000
v 0.027699 -0.020108 -0.125000
v 0.027699 -0.020108 -0.156250
v 0.027699 -0.113858 -0.156250
v -0.003551 -0.020108 -0.156250
v 0.027699 -0.113858 -0.156250
v -0.003551 -0.113858 -0.156250
v -0.003551 -0.020108 -0.156250
vn 1.0000 -0.0000 -0.0000
vn -1.0000 -0.0000 -0.0000
vn -0.0000 1.0000 -0.0000
vn -0.0000 -1.0000 -0.0000
vn -0.0000 -0.0000 1.0000
vn -0.0000 -0.0000 -1.0000
vt 0.906250 0.062500
vt 0.906250 0.156250
vt 0.914062 0.062500
vt 0.914062 0.156250
vt 0.929688 0.062500
vt 0.929688 0.156250
vt 0.937500 0.062500
vt 0.937500 0.156250
vt 0.937500 0.070312
vt 0.906250 0.070312
vt 0.937500 0.148438
vt 0.906250 0.148438
s 0
usemtl Material_0
f 5047/1715/842 5048/1716/842 5049/1717/842
f 5050/1716/842 5051/1718/842 5052/1717/842
f 5053/1719/843 5054/1720/843 5055/1721/843
f 5056/1720/843 5057/1722/843 5058/1721/843
f 5059/1723/844 5060/1721/844 5061/1724/844
f 5062/1721/844 5063/1715/844 5064/1724/844
f 5065/1722/845 5066/1725/845 5067/1716/845
f 5068/1725/845 5069/1726/845 5070/1716/845
f 5071/1721/846 5072/1722/846 5073/1715/846
f 5074/1722/846 5075/1716/846 5076/1715/846
f 5077/1715/847 5078/1716/847 5079/1721/847
f 5080/1716/847 5081/1722/847 5082/1721/847
o 2f83309b-2056-dae7-4787-a27bb95c1762
v 0.090199 -0.082608 -0.109375
v 0.090199 -0.176358 -0.109375
v 0.090199 -0.082608 -0.140625
v 0.090199 -0.176358 -0.109375
v 0.090199 -0.176358 -0.140625
v 0.090199 -0.082608 -0.140625
v 0.058949 -0.082608 -0.140625
v 0.058949 -0.176358 -0.140625
v 0.058949 -0.082608 -0.109375
v 0.058949 -0.176358 -0.140625
v 0.058949 -0.176358 -0.109375
v 0.058949 -0.082608 -0.109375
v 0.058949 -0.082608 -0.140625
v 0.058949 -0.082608 -0.109375
v 0.090199 -0.082608 -0.140625
v 0.058949 -0.082608 -0.109375
v 0.090199 -0.082608 -0.109375
v 0.090199 -0.082608 -0.140625
v 0.058949 -0.176358 -0.109375
v 0.058949 -0.176358 -0.140625
v 0.090199 -0.176358 -0.109375
v 0.058949 -0.176358 -0.140625
v 0.090199 -0.176358 -0.140625
v 0.090199 -0.176358 -0.109375
v 0.058949 -0.082608 -0.109375
v 0.058949 -0.176358 -0.109375
v 0.090199 -0.082608 -0.109375
v 0.058949 -0.176358 -0.109375
v 0.090199 -0.176358 -0.109375
v 0.090199 -0.082608 -0.109375
v 0.090199 -0.082608 -0.140625
v 0.090199 -0.176358 -0.140625
v 0.058949 -0.082608 -0.140625
v 0.090199 -0.176358 -0.140625
v 0.058949 -0.176358 -0.140625
v 0.058949 -0.082608 -0.140625
vn 1.0000 -0.0000 -0.0000
vn -1.0000 -0.0000 -0.0000
vn -0.0000 1.0000 -0.0000
vn -0.0000 -1.0000 -0.0000
vn -0.0000 -0.0000 1.0000
vn -0.0000 -0.0000 -1.0000
vt 0.812500 0.125000
vt 0.812500 0.218750
vt 0.820312 0.125000
vt 0.820312 0.218750
vt 0.867188 0.125000
vt 0.867188 0.218750
vt 0.875000 0.125000
vt 0.875000 0.218750
vt 0.875000 0.132812
vt 0.812500 0.132812
vt 0.875000 0.210938
vt 0.812500 0.210938
vt 0.843750 0.125000
vt 0.843750 0.218750
s 0
usemtl Material_0
f 5083/1727/848 5084/1728/848 5085/1729/848
f 5086/1728/848 5087/1730/848 5088/1729/848
f 5089/1731/849 5090/1732/849 5091/1733/849
f 5092/1732/849 5093/1734/849 5094/1733/849
f 5095/1735/850 5096/1733/850 5097/1736/850
f 5098/1733/850 5099/1727/850 5100/1736/850
f 5101/1734/851 5102/1737/851 5103/1728/851
f 5104/1737/851 5105/1738/851 5106/1728/851
f 5107/1733/852 5108/1734/852 5109/1727/852
f 5110/1734/852 5111/1728/852 5112/1727/852
f 5113/1739/853 5114/1740/853 5115/1733/853
f 5116/1740/853 5117/1734/853 5118/1733/853
o 228fc100-33a3-1f32-bb0a-1041357b77c6
v 0.121449 -0.082608 -0.078125
v 0.121449 -0.176358 -0.078125
v 0.121449 -0.082608 -0.109375
v 0.121449 -0.176358 -0.078125
v 0.121449 -0.176358 -0.109375
v 0.121449 -0.082608 -0.109375
v 0.090199 -0.082608 -0.109375
v 0.090199 -0.176358 -0.109375
v 0.090199 -0.082608 -0.078125
v 0.090199 -0.176358 -0.109375
v 0.090199 -0.176358 -0.078125
v 0.090199 -0.082608 -0.078125
v 0.090199 -0.082608 -0.109375
v 0.090199 -0.082608 -0.078125
v 0.121449 -0.082608 -0.109375
v 0.090199 -0.082608 -0.078125
v 0.121449 -0.082608 -0.078125
v 0.121449 -0.082608 -0.109375
v 0.090199 -0.176358 -0.078125
v 0.090199 -0.176358 -0.109375
v 0.121449 -0.176358 -0.078125
v 0.090199 -0.176358 -0.109375
v 0.121449 -0.176358 -0.109375
v 0.121449 -0.176358 -0.078125
v 0.090199 -0.082608 -0.078125
v 0.090199 -0.176358 -0.078125
v 0.121449 -0.082608 -0.078125
v 0.090199 -0.176358 -0.078125
v 0.121449 -0.176358 -0.078125
v 0.121449 -0.082608 -0.078125
v 0.121449 -0.082608 -0.109375
v 0.121449 -0.176358 -0.109375
v 0.090199 -0.082608 -0.109375
v 0.121449 -0.176358 -0.109375
v 0.090199 -0.176358 -0.109375
v 0.090199 -0.082608 -0.109375
vn 1.0000 -0.0000 -0.0000
vn -1.0000 -0.0000 -0.0000
vn -0.0000 1.0000 -0.0000
vn -0.0000 -1.0000 -0.0000
vn -0.0000 -0.0000 1.0000
vn -0.0000 -0.0000 -1.0000
vt 0.812500 0.125000
vt 0.812500 0.218750
vt 0.820312 0.125000
vt 0.820312 0.218750
vt 0.835938 0.125000
vt 0.835938 0.218750
vt 0.843750 0.125000
vt 0.843750 0.218750
vt 0.843750 0.132812
vt 0.812500 0.132812
vt 0.843750 0.210938
vt 0.812500 0.210938
s 0
usemtl Material_0
f 5119/1741/854 5120/1742/854 5121/1743/854
f 5122/1742/854 5123/1744/854 5124/1743/854
f 5125/1745/855 5126/1746/855 5127/1747/855
f 5128/1746/855 5129/1748/855 5130/1747/855
f 5131/1749/856 5132/1747/856 5133/1750/856
f 5134/1747/856 5135/1741/856 5136/1750/856
f 5137/1748/857 5138/1751/857 5139/1742/857
f 5140/1751/857 5141/1752/857 5142/1742/857
f 5143/1747/858 5144/1748/858 5145/1741/858
f 5146/1748/858 5147/1742/858 5148/1741/858
f 5149/1741/859 5150/1742/859 5151/1747/859
f 5152/1742/859 5153/1748/859 5154/1747/859
o 97fb2959-40d4-dfaa-6014-dd892ea2c633
v 0.152699 -0.082608 -0.062500
v 0.152699 -0.207608 -0.062500
v 0.152699 -0.082608 -0.093750
v 0.152699 -0.207608 -0.062500
v 0.152699 -0.207608 -0.093750
v 0.152699 -0.082608 -0.093750
v 0.121449 -0.082608 -0.093750
v 0.121449 -0.207608 -0.093750
v 0.121449 -0.082608 -0.062500
v 0.121449 -0.207608 -0.093750
v 0.121449 -0.207608 -0.062500
v 0.121449 -0.082608 -0.062500
v 0.121449 -0.082608 -0.093750
v 0.121449 -0.082608 -0.062500
v 0.152699 -0.082608 -0.093750
v 0.121449 -0.082608 -0.062500
v 0.152699 -0.082608 -0.062500
v 0.152699 -0.082608 -0.093750
v 0.121449 -0.207608 -0.062500
v 0.121449 -0.207608 -0.093750
v 0.152699 -0.207608 -0.062500
v 0.121449 -0.207608 -0.093750
v 0.152699 -0.207608 -0.093750
v 0.152699 -0.207608 -0.062500
v 0.121449 -0.082608 -0.062500
v 0.121449 -0.207608 -0.062500
v 0.152699 -0.082608 -0.062500
v 0.121449 -0.207608 -0.062500
v 0.152699 -0.207608 -0.062500
v 0.152699 -0.082608 -0.062500
v 0.152699 -0.082608 -0.093750
v 0.152699 -0.207608 -0.093750
v 0.121449 -0.082608 -0.093750
v 0.152699 -0.207608 -0.093750
v 0.121449 -0.207608 -0.093750
v 0.121449 -0.082608 -0.093750
vn 1.0000 -0.0000 -0.0000
vn -1.0000 -0.0000 -0.0000
vn -0.0000 1.0000 -0.0000
vn -0.0000 -1.0000 -0.0000
vn -0.0000 -0.0000 1.0000
vn -0.0000 -0.0000 -1.0000
vt 0.781250 0.125000
vt 0.781250 0.250000
vt 0.789062 0.125000
vt 0.789062 0.250000
vt 0.804688 0.125000
vt 0.804688 0.250000
vt 0.812500 0.125000
vt 0.812500 0.250000
vt 0.812500 0.132812
vt 0.781250 0.132812
vt 0.812500 0.242188
vt 0.781250 0.242188
s 0
usemtl Material_0
f 5155/1753/860 5156/1754/860 5157/1755/860
f 5158/1754/860 5159/1756/860 5160/1755/860
f 5161/1757/861 5162/1758/861 5163/1759/861
f 5164/1758/861 5165/1760/861 5166/1759/861
f 5167/1761/862 5168/1759/862 5169/1762/862
f 5170/1759/862 5171/1753/862 5172/1762/862
f 5173/1760/863 5174/1763/863 5175/1754/863
f 5176/1763/863 5177/1764/863 5178/1754/863
f 5179/1759/864 5180/1760/864 5181/1753/864
f 5182/1760/864 5183/1754/864 5184/1753/864
f 5185/1753/865 5186/1754/865 5187/1759/865
f 5188/1754/865 5189/1760/865 5190/1759/865
o 52a63bc7-6646-4a59-da8f-77b89b7b784e
v 0.183949 -0.082608 -0.046875
v 0.183949 -0.238858 -0.046875
v 0.183949 -0.082608 -0.078125
v 0.183949 -0.238858 -0.046875
v 0.183949 -0.238858 -0.078125
v 0.183949 -0.082608 -0.078125
v 0.152699 -0.082608 -0.078125
v 0.152699 -0.238858 -0.078125
v 0.152699 -0.082608 -0.046875
v 0.152699 -0.238858 -0.078125
v 0.152699 -0.238858 -0.046875
v 0.152699 -0.082608 -0.046875
v 0.152699 -0.082608 -0.078125
v 0.152699 -0.082608 -0.046875
v 0.183949 -0.082608 -0.078125
v 0.152699 -0.082608 -0.046875
v 0.183949 -0.082608 -0.046875
v 0.183949 -0.082608 -0.078125
v 0.152699 -0.238858 -0.046875
v 0.152699 -0.238858 -0.078125
v 0.183949 -0.238858 -0.046875
v 0.152699 -0.238858 -0.078125
v 0.183949 -0.238858 -0.078125
v 0.183949 -0.238858 -0.046875
v 0.152699 -0.082608 -0.046875
v 0.152699 -0.238858 -0.046875
v 0.183949 -0.082608 -0.046875
v 0.152699 -0.238858 -0.046875
v 0.183949 -0.238858 -0.046875
v 0.183949 -0.082608 -0.046875
v 0.183949 -0.082608 -0.078125
v 0.183949 -0.238858 -0.078125
v 0.152699 -0.082608 -0.078125
v 0.183949 -0.238858 -0.078125
v 0.152699 -0.238858 -0.078125
v 0.152699 -0.082608 -0.078125
vn 1.0000 -0.0000 -0.0000
vn -1.0000 -0.0000 -0.0000
vn -0.0000 1.0000 -0.0000
vn -0.0000 -1.0000 -0.0000
vn -0.0000 -0.0000 1.0000
vn -0.0000 -0.0000 -1.0000
vt 0.750000 0.125000
vt 0.750000 0.281250
vt 0.757812 0.125000
vt 0.757812 0.281250
vt 0.773438 0.125000
vt 0.773438 0.281250
vt 0.781250 0.125000
vt 0.781250 0.281250
vt 0.781250 0.132812
vt 0.750000 0.132812
vt 0.781250 0.273438
vt 0.750000 0.273438
s 0
usemtl Material_0
f 5191/1765/866 5192/1766/866 5193/1767/866
f 5194/1766/866 5195/1768/866 5196/1767/866
f 5197/1769/867 5198/1770/867 5199/1771/867
f 5200/1770/867 5201/1772/867 5202/1771/867
f 5203/1773/868 5204/1771/868 5205/1774/868
f 5206/1771/868 5207/1765/868 5208/1774/868
f 5209/1772/869 5210/1775/869 5211/1766/869
f 5212/1775/869 5213/1776/869 5214/1766/869
f 5215/1771/870 5216/1772/870 5217/1765/870
f 5218/1772/870 5219/1766/870 5220/1765/870
f 5221/1765/871 5222/1766/871 5223/1771/871
f 5224/1766/871 5225/1772/871 5226/1771/871
o 26e987a9-102a-44e5-647d-d5848f0603ab
v 0.183949 -0.270108 0.062500
v 0.183949 -0.332608 0.062500
v 0.183949 -0.270108 -0.062500
v 0.183949 -0.332608 0.062500
v 0.183949 -0.332608 -0.062500
v 0.183949 -0.270108 -0.062500
v 0.152699 -0.270108 -0.062500
v 0.152699 -0.332608 -0.062500
v 0.152699 -0.270108 0.062500
v 0.152699 -0.332608 -0.062500
v 0.152699 -0.332608 0.062500
v 0.152699 -0.270108 0.062500
v 0.152699 -0.270108 -0.062500
v 0.152699 -0.270108 0.062500
v 0.183949 -0.270108 -0.062500
v 0.152699 -0.270108 0.062500
v 0.183949 -0.270108 0.062500
v 0.183949 -0.270108 -0.062500
v 0.152699 -0.332608 0.062500
v 0.152699 -0.332608 -0.062500
v 0.183949 -0.332608 0.062500
v 0.152699 -0.332608 -0.062500
v 0.183949 -0.332608 -0.062500
v 0.183949 -0.332608 0.062500
v 0.152699 -0.270108 0.062500
v 0.152699 -0.332608 0.062500
v 0.183949 -0.270108 0.062500
v 0.152699 -0.332608 0.062500
v 0.183949 -0.332608 0.062500
v 0.183949 -0.270108 0.062500
v 0.183949 -0.270108 -0.062500
v 0.183949 -0.332608 -0.062500
v 0.152699 -0.270108 -0.062500
v 0.183949 -0.332608 -0.062500
v 0.152699 -0.332608 -0.062500
v 0.152699 -0.270108 -0.062500
vn 1.0000 -0.0000 -0.0000
vn -1.0000 -0.0000 -0.0000
vn -0.0000 1.0000 -0.0000
vn -0.0000 -1.0000 -0.0000
vn -0.0000 -0.0000 1.0000
vn -0.0000 -0.0000 -1.0000
vt 0.750000 0.312500
vt 0.750000 0.375000
vt 0.757812 0.312500
vt 0.757812 0.375000
vt 0.773438 0.312500
vt 0.773438 0.375000
vt 0.781250 0.312500
vt 0.781250 0.375000
vt 0.781250 0.320312
vt 0.750000 0.320312
vt 0.781250 0.367188
vt 0.750000 0.367188
s 0
usemtl Material_0
f 5227/1777/872 5228/1778/872 5229/1779/872
f 5230/1778/872 5231/1780/872 5232/1779/872
f 5233/1781/873 5234/1782/873 5235/1783/873
f 5236/1782/873 5237/1784/873 5238/1783/873
f 5239/1785/874 5240/1783/874 5241/1786/874
f 5242/1783/874 5243/1777/874 5244/1786/874
f 5245/1784/875 5246/1787/875 5247/1778/875
f 5248/1787/875 5249/1788/875 5250/1778/875
f 5251/1783/876 5252/1784/876 5253/1777/876
f 5254/1784/876 5255/1778/876 5256/1777/876
f 5257/1777/877 5258/1778/877 5259/1783/877
f 5260/1778/877 5261/1784/877 5262/1783/877
o 82ca514d-0b35-1bd9-8397-03719bf17d91
v 0.152699 -0.332608 -0.046875
v 0.152699 -0.363858 -0.046875
v 0.152699 -0.332608 0.046875
v 0.152699 -0.363858 -0.046875
v 0.152699 -0.363858 0.046875
v 0.152699 -0.332608 0.046875
v 0.152699 -0.363858 0.046875
v 0.152699 -0.363858 -0.046875
v 0.183949 -0.363858 0.046875
v 0.152699 -0.363858 -0.046875
v 0.183949 -0.363858 -0.046875
v 0.183949 -0.363858 0.046875
v 0.152699 -0.332608 0.046875
v 0.152699 -0.363858 0.046875
v 0.183949 -0.332608 0.046875
v 0.152699 -0.363858 0.046875
v 0.183949 -0.363858 0.046875
v 0.183949 -0.332608 0.046875
v 0.183949 -0.332608 -0.046875
v 0.183949 -0.363858 -0.046875
v 0.152699 -0.332608 -0.046875
v 0.183949 -0.363858 -0.046875
v 0.152699 -0.363858 -0.046875
v 0.152699 -0.332608 -0.046875
vn -1.0000 -0.0000 -0.0000
vn -0.0000 -1.0000 -0.0000
vn -0.0000 -0.0000 1.0000
vn -0.0000 -0.0000 -1.0000
vt 0.773438 0.375000
vt 0.773438 0.406250
vt 0.781250 0.375000
vt 0.781250 0.406250
vt 0.781250 0.398438
vt 0.750000 0.406250
vt 0.750000 0.398438
vt 0.750000 0.375000
s 0
usemtl Material_0
f 5263/1789/878 5264/1790/878 5265/1791/878
f 5266/1790/878 5267/1792/878 5268/1791/878
f 5269/1792/879 5270/1793/879 5271/1794/879
f 5272/1793/879 5273/1795/879 5274/1794/879
f 5275/1791/880 5276/1792/880 5277/1796/880
f 5278/1792/880 5279/1794/880 5280/1796/880
f 5281/1796/881 5282/1794/881 5283/1791/881
f 5284/1794/881 5285/1792/881 5286/1791/881
o 3e93729a-bbda-d3eb-fb66-c9f30a101eac
v 0.183949 -0.363858 -0.031250
v 0.183949 -0.395108 -0.031250
v 0.183949 -0.363858 0.031250
v 0.183949 -0.395108 -0.031250
v 0.183949 -0.395108 0.031250
v 0.183949 -0.363858 0.031250
v 0.183949 -0.395108 0.031250
v 0.183949 -0.395108 -0.031250
v 0.215199 -0.395108 0.031250
v 0.183949 -0.395108 -0.031250
v 0.215199 -0.395108 -0.031250
v 0.215199 -0.395108 0.031250
v 0.183949 -0.363858 0.031250
v 0.183949 -0.395108 0.031250
v 0.215199 -0.363858 0.031250
v 0.183949 -0.395108 0.031250
v 0.215199 -0.395108 0.031250
v 0.215199 -0.363858 0.031250
v 0.215199 -0.363858 -0.031250
v 0.215199 -0.395108 -0.031250
v 0.183949 -0.363858 -0.031250
v 0.215199 -0.395108 -0.031250
v 0.183949 -0.395108 -0.031250
v 0.183949 -0.363858 -0.031250
vn -1.0000 -0.0000 -0.0000
vn -0.0000 -1.0000 -0.0000
vn -0.0000 -0.0000 1.0000
vn -0.0000 -0.0000 -1.0000
vt 0.742188 0.406250
vt 0.742188 0.437500
vt 0.750000 0.406250
vt 0.750000 0.437500
vt 0.750000 0.429688
vt 0.718750 0.437500
vt 0.718750 0.429688
vt 0.718750 0.406250
s 0
usemtl Material_0
f 5287/1797/882 5288/1798/882 5289/1799/882
f 5290/1798/882 5291/1800/882 5292/1799/882
f 5293/1800/883 5294/1801/883 5295/1802/883
f 5296/1801/883 5297/1803/883 5298/1802/883
f 5299/1799/884 5300/1800/884 5301/1804/884
f 5302/1800/884 5303/1802/884 5304/1804/884
f 5305/1804/885 5306/1802/885 5307/1799/885
f 5308/1802/885 5309/1800/885 5310/1799/885
o cc90f1ca-cf49-bc2c-c519-daf07c7c6399
v 0.215199 -0.113858 -0.031250
v 0.215199 -0.238858 -0.031250
v 0.215199 -0.113858 -0.062500
v 0.215199 -0.238858 -0.031250
v 0.215199 -0.238858 -0.062500
v 0.215199 -0.113858 -0.062500
v 0.183949 -0.113858 -0.062500
v 0.183949 -0.238858 -0.062500
v 0.183949 -0.113858 -0.031250
v 0.183949 -0.238858 -0.062500
v 0.183949 -0.238858 -0.031250
v 0.183949 -0.113858 -0.031250
v 0.183949 -0.113858 -0.062500
v 0.183949 -0.113858 -0.031250
v 0.215199 -0.113858 -0.062500
v 0.183949 -0.113858 -0.031250
v 0.215199 -0.113858 -0.031250
v 0.215199 -0.113858 -0.062500
v 0.183949 -0.238858 -0.031250
v 0.183949 -0.238858 -0.062500
v 0.215199 -0.238858 -0.031250
v 0.183949 -0.238858 -0.062500
v 0.215199 -0.238858 -0.062500
v 0.215199 -0.238858 -0.031250
v 0.183949 -0.113858 -0.031250
v 0.183949 -0.238858 -0.031250
v 0.215199 -0.113858 -0.031250
v 0.183949 -0.238858 -0.031250
v 0.215199 -0.238858 -0.031250
v 0.215199 -0.113858 -0.031250
v 0.215199 -0.113858 -0.062500
v 0.215199 -0.238858 -0.062500
v 0.183949 -0.113858 -0.062500
v 0.215199 -0.238858 -0.062500
v 0.183949 -0.238858 -0.062500
v 0.183949 -0.113858 -0.062500
vn 1.0000 -0.0000 -0.0000
vn -1.0000 -0.0000 -0.0000
vn -0.0000 1.0000 -0.0000
vn -0.0000 -1.0000 -0.0000
vn -0.0000 -0.0000 1.0000
vn -0.0000 -0.0000 -1.0000
vt 0.718750 0.156250
vt 0.718750 0.281250
vt 0.726562 0.156250
vt 0.726562 0.281250
vt 0.742188 0.156250
vt 0.742188 0.281250
vt 0.750000 0.156250
vt 0.750000 0.281250
vt 0.750000 0.164062
vt 0.718750 0.164062
vt 0.750000 0.273438
vt 0.718750 0.273438
s 0
usemtl Material_0
f 5311/1805/886 5312/1806/886 5313/1807/886
f 5314/1806/886 5315/1808/886 5316/1807/886
f 5317/1809/887 5318/1810/887 5319/1811/887
f 5320/1810/887 5321/1812/887 5322/1811/887
f 5323/1813/888 5324/1811/888 5325/1814/888
f 5326/1811/888 5327/1805/888 5328/1814/888
f 5329/1812/889 5330/1815/889 5331/1806/889
f 5332/1815/889 5333/1816/889 5334/1806/889
f 5335/1811/890 5336/1812/890 5337/1805/890
f 5338/1812/890 5339/1806/890 5340/1805/890
f 5341/1805/891 5342/1806/891 5343/1811/891
f 5344/1806/891 5345/1812/891 5346/1811/891
o 96fa5381-804f-bab9-085f-7327fc77aaba
v 0.215199 -0.238858 0.046875
v 0.215199 -0.363858 0.046875
v 0.215199 -0.238858 -0.046875
v 0.215199 -0.363858 0.046875
v 0.215199 -0.363858 -0.046875
v 0.215199 -0.238858 -0.046875
v 0.183949 -0.238858 -0.046875
v 0.183949 -0.363858 -0.046875
v 0.183949 -0.238858 0.046875
v 0.183949 -0.363858 -0.046875
v 0.183949 -0.363858 0.046875
v 0.183949 -0.238858 0.046875
v 0.183949 -0.238858 -0.046875
v 0.183949 -0.238858 0.046875
v 0.215199 -0.238858 -0.046875
v 0.183949 -0.238858 0.046875
v 0.215199 -0.238858 0.046875
v 0.215199 -0.238858 -0.046875
v 0.183949 -0.363858 0.046875
v 0.183949 -0.363858 -0.046875
v 0.215199 -0.363858 0.046875
v 0.183949 -0.363858 -0.046875
v 0.215199 -0.363858 -0.046875
v 0.215199 -0.363858 0.046875
v 0.183949 -0.238858 0.046875
v 0.183949 -0.363858 0.046875
v 0.215199 -0.238858 0.046875
v 0.183949 -0.363858 0.046875
v 0.215199 -0.363858 0.046875
v 0.215199 -0.238858 0.046875
v 0.215199 -0.238858 -0.046875
v 0.215199 -0.363858 -0.046875
v 0.183949 -0.238858 -0.046875
v 0.215199 -0.363858 -0.046875
v 0.183949 -0.363858 -0.046875
v 0.183949 -0.238858 -0.046875
vn 1.0000 -0.0000 -0.0000
vn -1.0000 -0.0000 -0.0000
vn -0.0000 1.0000 -0.0000
vn -0.0000 -1.0000 -0.0000
vn -0.0000 -0.0000 1.0000
vn -0.0000 -0.0000 -1.0000
vt 0.718750 0.281250
vt 0.718750 0.406250
vt 0.726562 0.281250
vt 0.726562 0.406250
vt 0.742188 0.281250
vt 0.742188 0.406250
vt 0.750000 0.281250
vt 0.750000 0.406250
vt 0.750000 0.289062
vt 0.718750 0.289062
vt 0.750000 0.398438
vt 0.718750 0.398438
s 0
usemtl Material_0
f 5347/1817/892 5348/1818/892 5349/1819/892
f 5350/1818/892 5351/1820/892 5352/1819/892
f 5353/1821/893 5354/1822/893 5355/1823/893
f 5356/1822/893 5357/1824/893 5358/1823/893
f 5359/1825/894 5360/1823/894 5361/1826/894
f 5362/1823/894 5363/1817/894 5364/1826/894
f 5365/1824/895 5366/1827/895 5367/1818/895
f 5368/1827/895 5369/1828/895 5370/1818/895
f 5371/1823/896 5372/1824/896 5373/1817/896
f 5374/1824/896 5375/1818/896 5376/1817/896
f 5377/1817/897 5378/1818/897 5379/1823/897
f 5380/1818/897 5381/1824/897 5382/1823/897
o 3433625e-6a99-690b-0a75-69719c0a0841
v 0.215199 -0.301358 0.046875
v 0.215199 -0.363858 0.046875
v 0.215199 -0.301358 -0.046875
v 0.215199 -0.363858 0.046875
v 0.215199 -0.363858 -0.046875
v 0.215199 -0.301358 -0.046875
v 0.183949 -0.301358 -0.046875
v 0.183949 -0.363858 -0.046875
v 0.183949 -0.301358 0.046875
v 0.183949 -0.363858 -0.046875
v 0.183949 -0.363858 0.046875
v 0.183949 -0.301358 0.046875
v 0.183949 -0.363858 0.046875
v 0.183949 -0.363858 -0.046875
v 0.215199 -0.363858 0.046875
v 0.183949 -0.363858 -0.046875
v 0.215199 -0.363858 -0.046875
v 0.215199 -0.363858 0.046875
v 0.183949 -0.301358 0.046875
v 0.183949 -0.363858 0.046875
v 0.215199 -0.301358 0.046875
v 0.183949 -0.363858 0.046875
v 0.215199 -0.363858 0.046875
v 0.215199 -0.301358 0.046875
v 0.215199 -0.301358 -0.046875
v 0.215199 -0.363858 -0.046875
v 0.183949 -0.301358 -0.046875
v 0.215199 -0.363858 -0.046875
v 0.183949 -0.363858 -0.046875
v 0.183949 -0.301358 -0.046875
vn 1.0000 -0.0000 -0.0000
vn -1.0000 -0.0000 -0.0000
vn -0.0000 -1.0000 -0.0000
vn -0.0000 -0.0000 1.0000
vn -0.0000 -0.0000 -1.0000
vt 0.718750 0.343750
vt 0.718750 0.406250
vt 0.726562 0.343750
vt 0.726562 0.406250
vt 0.742188 0.343750
vt 0.742188 0.406250
vt 0.750000 0.343750
vt 0.750000 0.406250
vt 0.750000 0.398438
vt 0.718750 0.398438
s 0
usemtl Material_0
f 5383/1829/898 5384/1830/898 5385/1831/898
f 5386/1830/898 5387/1832/898 5388/1831/898
f 5389/1833/899 5390/1834/899 5391/1835/899
f 5392/1834/899 5393/1836/899 5394/1835/899
f 5395/1836/900 5396/1837/900 5397/1830/900
f 5398/1837/900 5399/1838/900 5400/1830/900
f 5401/1835/901 5402/1836/901 5403/1829/901
f 5404/1836/901 5405/1830/901 5406/1829/901
f 5407/1829/902 5408/1830/902 5409/1835/902
f 5410/1830/902 5411/1836/902 5412/1835/902
o 7d8feb08-9e21-a44c-c750-26c48eeb7dbb
v 0.215199 -0.582608 0.031250
v 0.215199 -0.738858 0.031250
v 0.215199 -0.582608 -0.031250
v 0.215199 -0.738858 0.031250
v 0.215199 -0.738858 -0.031250
v 0.215199 -0.582608 -0.031250
v 0.183949 -0.582608 -0.031250
v 0.183949 -0.738858 -0.031250
v 0.183949 -0.582608 0.031250
v 0.183949 -0.738858 -0.031250
v 0.183949 -0.738858 0.031250
v 0.183949 -0.582608 0.031250
v 0.183949 -0.582608 -0.031250
v 0.183949 -0.582608 0.031250
v 0.215199 -0.582608 -0.031250
v 0.183949 -0.582608 0.031250
v 0.215199 -0.582608 0.031250
v 0.215199 -0.582608 -0.031250
v 0.183949 -0.738858 0.031250
v 0.183949 -0.738858 -0.031250
v 0.215199 -0.738858 0.031250
v 0.183949 -0.738858 -0.031250
v 0.215199 -0.738858 -0.031250
v 0.215199 -0.738858 0.031250
v 0.183949 -0.582608 0.031250
v 0.183949 -0.738858 0.031250
v 0.215199 -0.582608 0.031250
v 0.183949 -0.738858 0.031250
v 0.215199 -0.738858 0.031250
v 0.215199 -0.582608 0.031250
v 0.215199 -0.582608 -0.031250
v 0.215199 -0.738858 -0.031250
v 0.183949 -0.582608 -0.031250
v 0.215199 -0.738858 -0.031250
v 0.183949 -0.738858 -0.031250
v 0.183949 -0.582608 -0.031250
vn 1.0000 -0.0000 -0.0000
vn -1.0000 -0.0000 -0.0000
vn -0.0000 1.0000 -0.0000
vn -0.0000 -1.0000 -0.0000
vn -0.0000 -0.0000 1.0000
vn -0.0000 -0.0000 -1.0000
vt 0.718750 0.625000
vt 0.718750 0.781250
vt 0.726562 0.625000
vt 0.726562 0.781250
vt 0.742188 0.625000
vt 0.742188 0.781250
vt 0.750000 0.625000
vt 0.750000 0.781250
vt 0.750000 0.632812
vt 0.718750 0.632812
vt 0.750000 0.773438
vt 0.718750 0.773438
s 0
usemtl Material_0
f 5413/1839/903 5414/1840/903 5415/1841/903
f 5416/1840/903 5417/1842/903 5418/1841/903
f 5419/1843/904 5420/1844/904 5421/1845/904
f 5422/1844/904 5423/1846/904 5424/1845/904
f 5425/1847/905 5426/1845/905 5427/1848/905
f 5428/1845/905 5429/1839/905 5430/1848/905
f 5431/1846/906 5432/1849/906 5433/1840/906
f 5434/1849/906 5435/1850/906 5436/1840/906
f 5437/1845/907 5438/1846/907 5439/1839/907
f 5440/1846/907 5441/1840/907 5442/1839/907
f 5443/1839/908 5444/1840/908 5445/1845/908
f 5446/1840/908 5447/1846/908 5448/1845/908
o b7bfa681-9b10-21fc-b10c-c68040dc66ae
v 0.183949 -0.645108 0.031250
v 0.183949 -0.801358 0.031250
v 0.183949 -0.645108 -0.031250
v 0.183949 -0.801358 0.031250
v 0.183949 -0.801358 -0.031250
v 0.183949 -0.645108 -0.031250
v 0.152699 -0.645108 -0.031250
v 0.152699 -0.801358 -0.031250
v 0.152699 -0.645108 0.031250
v 0.152699 -0.801358 -0.031250
v 0.152699 -0.801358 0.031250
v 0.152699 -0.645108 0.031250
v 0.152699 -0.645108 -0.031250
v 0.152699 -0.645108 0.031250
v 0.183949 -0.645108 -0.031250
v 0.152699 -0.645108 0.031250
v 0.183949 -0.645108 0.031250
v 0.183949 -0.645108 -0.031250
v 0.152699 -0.801358 0.031250
v 0.152699 -0.801358 -0.031250
v 0.183949 -0.801358 0.031250
v 0.152699 -0.801358 -0.031250
v 0.183949 -0.801358 -0.031250
v 0.183949 -0.801358 0.031250
v 0.152699 -0.645108 0.031250
v 0.152699 -0.801358 0.031250
v 0.183949 -0.645108 0.031250
v 0.152699 -0.801358 0.031250
v 0.183949 -0.801358 0.031250
v 0.183949 -0.645108 0.031250
v 0.183949 -0.645108 -0.031250
v 0.183949 -0.801358 -0.031250
v 0.152699 -0.645108 -0.031250
v 0.183949 -0.801358 -0.031250
v 0.152699 -0.801358 -0.031250
v 0.152699 -0.645108 -0.031250
vn 1.0000 -0.0000 -0.0000
vn -1.0000 -0.0000 -0.0000
vn -0.0000 1.0000 -0.0000
vn -0.0000 -1.0000 -0.0000
vn -0.0000 -0.0000 1.0000
vn -0.0000 -0.0000 -1.0000
vt 0.750000 0.687500
vt 0.750000 0.843750
vt 0.757812 0.687500
vt 0.757812 0.843750
vt 0.773438 0.687500
vt 0.773438 0.843750
vt 0.781250 0.687500
vt 0.781250 0.843750
vt 0.781250 0.695312
vt 0.750000 0.695312
vt 0.781250 0.835938
vt 0.750000 0.835938
s 0
usemtl Material_0
f 5449/1851/909 5450/1852/909 5451/1853/909
f 5452/1852/909 5453/1854/909 5454/1853/909
f 5455/1855/910 5456/1856/910 5457/1857/910
f 5458/1856/910 5459/1858/910 5460/1857/910
f 5461/1859/911 5462/1857/911 5463/1860/911
f 5464/1857/911 5465/1851/911 5466/1860/911
f 5467/1858/912 5468/1861/912 5469/1852/912
f 5470/1861/912 5471/1862/912 5472/1852/912
f 5473/1857/913 5474/1858/913 5475/1851/913
f 5476/1858/913 5477/1852/913 5478/1851/913
f 5479/1851/914 5480/1852/914 5481/1857/914
f 5482/1852/914 5483/1858/914 5484/1857/914
o c248595f-91ce-a328-3bdf-3303d950ba3c
v 0.152699 -0.707608 0.031250
v 0.152699 -0.832608 0.031250
v 0.152699 -0.707608 -0.031250
v 0.152699 -0.832608 0.031250
v 0.152699 -0.832608 -0.031250
v 0.152699 -0.707608 -0.031250
v 0.121449 -0.707608 -0.031250
v 0.121449 -0.832608 -0.031250
v 0.121449 -0.707608 0.031250
v 0.121449 -0.832608 -0.031250
v 0.121449 -0.832608 0.031250
v 0.121449 -0.707608 0.031250
v 0.121449 -0.707608 -0.031250
v 0.121449 -0.707608 0.031250
v 0.152699 -0.707608 -0.031250
v 0.121449 -0.707608 0.031250
v 0.152699 -0.707608 0.031250
v 0.152699 -0.707608 -0.031250
v 0.121449 -0.832608 0.031250
v 0.121449 -0.832608 -0.031250
v 0.152699 -0.832608 0.031250
v 0.121449 -0.832608 -0.031250
v 0.152699 -0.832608 -0.031250
v 0.152699 -0.832608 0.031250
v 0.121449 -0.707608 0.031250
v 0.121449 -0.832608 0.031250
v 0.152699 -0.707608 0.031250
v 0.121449 -0.832608 0.031250
v 0.152699 -0.832608 0.031250
v 0.152699 -0.707608 0.031250
v 0.152699 -0.707608 -0.031250
v 0.152699 -0.832608 -0.031250
v 0.121449 -0.707608 -0.031250
v 0.152699 -0.832608 -0.031250
v 0.121449 -0.832608 -0.031250
v 0.121449 -0.707608 -0.031250
vn 1.0000 -0.0000 -0.0000
vn -1.0000 -0.0000 -0.0000
vn -0.0000 1.0000 -0.0000
vn -0.0000 -1.0000 -0.0000
vn -0.0000 -0.0000 1.0000
vn -0.0000 -0.0000 -1.0000
vt 0.781250 0.750000
vt 0.781250 0.875000
vt 0.789062 0.750000
vt 0.789062 0.875000
vt 0.804688 0.750000
vt 0.804688 0.875000
vt 0.812500 0.750000
vt 0.812500 0.875000
vt 0.812500 0.757812
vt 0.781250 0.757812
vt 0.812500 0.867188
vt 0.781250 0.867188
s 0
usemtl Material_0
f 5485/1863/915 5486/1864/915 5487/1865/915
f 5488/1864/915 5489/1866/915 5490/1865/915
f 5491/1867/916 5492/1868/916 5493/1869/916
f 5494/1868/916 5495/1870/916 5496/1869/916
f 5497/1871/917 5498/1869/917 5499/1872/917
f 5500/1869/917 5501/1863/917 5502/1872/917
f 5503/1870/918 5504/1873/918 5505/1864/918
f 5506/1873/918 5507/1874/918 5508/1864/918
f 5509/1869/919 5510/1870/919 5511/1863/919
f 5512/1870/919 5513/1864/919 5514/1863/919
f 5515/1863/920 5516/1864/920 5517/1869/920
f 5518/1864/920 5519/1870/920 5520/1869/920
o a62c701b-0472-d41a-6d4b-ab4004172cdf
v 0.121449 -0.738858 0.031250
v 0.121449 -0.863858 0.031250
v 0.121449 -0.738858 -0.031250
v 0.121449 -0.863858 0.031250
v 0.121449 -0.863858 -0.031250
v 0.121449 -0.738858 -0.031250
v 0.090199 -0.738858 -0.031250
v 0.090199 -0.863858 -0.031250
v 0.090199 -0.738858 0.031250
v 0.090199 -0.863858 -0.031250
v 0.090199 -0.863858 0.031250
v 0.090199 -0.738858 0.031250
v 0.090199 -0.738858 -0.031250
v 0.090199 -0.738858 0.031250
v 0.121449 -0.738858 -0.031250
v 0.090199 -0.738858 0.031250
v 0.121449 -0.738858 0.031250
v 0.121449 -0.738858 -0.031250
v 0.090199 -0.863858 0.031250
v 0.090199 -0.863858 -0.031250
v 0.121449 -0.863858 0.031250
v 0.090199 -0.863858 -0.031250
v 0.121449 -0.863858 -0.031250
v 0.121449 -0.863858 0.031250
v 0.090199 -0.738858 0.031250
v 0.090199 -0.863858 0.031250
v 0.121449 -0.738858 0.031250
v 0.090199 -0.863858 0.031250
v 0.121449 -0.863858 0.031250
v 0.121449 -0.738858 0.031250
v 0.121449 -0.738858 -0.031250
v 0.121449 -0.863858 -0.031250
v 0.090199 -0.738858 -0.031250
v 0.121449 -0.863858 -0.031250
v 0.090199 -0.863858 -0.031250
v 0.090199 -0.738858 -0.031250
vn 1.0000 -0.0000 -0.0000
vn -1.0000 -0.0000 -0.0000
vn -0.0000 1.0000 -0.0000
vn -0.0000 -1.0000 -0.0000
vn -0.0000 -0.0000 1.0000
vn -0.0000 -0.0000 -1.0000
vt 0.812500 0.781250
vt 0.812500 0.906250
vt 0.820312 0.781250
vt 0.820312 0.906250
vt 0.000000 0.000000
vt 0.843750 0.789062
vt 0.843750 0.781250
vt 0.812500 0.789062
vt 0.843750 0.906250
vt 0.843750 0.898438
vt 0.812500 0.898438
s 0
usemtl Material_0
f 5521/1875/921 5522/1876/921 5523/1877/921
f 5524/1876/921 5525/1878/921 5526/1877/921
f 5527/1879/922 5528/1879/922 5529/1879/922
f 5530/1879/922 5531/1879/922 5532/1879/922
f 5533/1880/923 5534/1881/923 5535/1882/923
f 5536/1881/923 5537/1875/923 5538/1882/923
f 5539/1883/924 5540/1884/924 5541/1876/924
f 5542/1884/924 5543/1885/924 5544/1876/924
f 5545/1881/925 5546/1883/925 5547/1875/925
f 5548/1883/925 5549/1876/925 5550/1875/925
f 5551/1875/926 5552/1876/926 5553/1881/926
f 5554/1876/926 5555/1883/926 5556/1881/926
o ec3da79c-12ac-074a-4785-048f2b0879e3
v 0.090199 -0.863858 0.031250
v 0.090199 -0.926358 0.031250
v 0.090199 -0.863858 -0.031250
v 0.090199 -0.926358 0.031250
v 0.090199 -0.926358 -0.031250
v 0.090199 -0.863858 -0.031250
v 0.058949 -0.863858 -0.031250
v 0.058949 -0.926358 -0.031250
v 0.058949 -0.863858 0.031250
v 0.058949 -0.926358 -0.031250
v 0.058949 -0.926358 0.031250
v 0.058949 -0.863858 0.031250
v 0.058949 -0.863858 -0.031250
v 0.058949 -0.863858 0.031250
v 0.090199 -0.863858 -0.031250
v 0.058949 -0.863858 0.031250
v 0.090199 -0.863858 0.031250
v 0.090199 -0.863858 -0.031250
v 0.058949 -0.926358 0.031250
v 0.058949 -0.926358 -0.031250
v 0.090199 -0.926358 0.031250
v 0.058949 -0.926358 -0.031250
v 0.090199 -0.926358 -0.031250
v 0.090199 -0.926358 0.031250
v 0.058949 -0.863858 0.031250
v 0.058949 -0.926358 0.031250
v 0.090199 -0.863858 0.031250
v 0.058949 -0.926358 0.031250
v 0.090199 -0.926358 0.031250
v 0.090199 -0.863858 0.031250
v 0.090199 -0.863858 -0.031250
v 0.090199 -0.926358 -0.031250
v 0.058949 -0.863858 -0.031250
v 0.090199 -0.926358 -0.031250
v 0.058949 -0.926358 -0.031250
v 0.058949 -0.863858 -0.031250
vn 1.0000 -0.0000 -0.0000
vn -1.0000 -0.0000 -0.0000
vn -0.0000 1.0000 -0.0000
vn -0.0000 -1.0000 -0.0000
vn -0.0000 -0.0000 1.0000
vn -0.0000 -0.0000 -1.0000
vt 0.843750 0.906250
vt 0.843750 0.968750
vt 0.851562 0.906250
vt 0.851562 0.968750
vt 0.000000 0.000000
vt 0.875000 0.914062
vt 0.875000 0.906250
vt 0.843750 0.914062
vt 0.875000 0.968750
vt 0.875000 0.960938
vt 0.843750 0.960938
s 0
usemtl Material_0
f 5557/1886/927 5558/1887/927 5559/1888/927
f 5560/1887/927 5561/1889/927 5562/1888/927
f 5563/1890/928 5564/1890/928 5565/1890/928
f 5566/1890/928 5567/1890/928 5568/1890/928
f 5569/1891/929 5570/1892/929 5571/1893/929
f 5572/1892/929 5573/1886/929 5574/1893/929
f 5575/1894/930 5576/1895/930 5577/1887/930
f 5578/1895/930 5579/1896/930 5580/1887/930
f 5581/1892/931 5582/1894/931 5583/1886/931
f 5584/1894/931 5585/1887/931 5586/1886/931
f 5587/1886/932 5588/1887/932 5589/1892/932
f 5590/1887/932 5591/1894/932 5592/1892/932
o e56d58a4-aacf-5936-5b83-a51ed2ff1bc8
v -0.034801 -0.801358 0.031250
v -0.034801 -0.863858 0.031250
v -0.034801 -0.801358 -0.031250
v -0.034801 -0.863858 0.031250
v -0.034801 -0.863858 -0.031250
v -0.034801 -0.801358 -0.031250
v -0.066051 -0.801358 -0.031250
v -0.066051 -0.863858 -0.031250
v -0.066051 -0.801358 0.031250
v -0.066051 -0.863858 -0.031250
v -0.066051 -0.863858 0.031250
v -0.066051 -0.801358 0.031250
v -0.066051 -0.801358 -0.031250
v -0.066051 -0.801358 0.031250
v -0.034801 -0.801358 -0.031250
v -0.066051 -0.801358 0.031250
v -0.034801 -0.801358 0.031250
v -0.034801 -0.801358 -0.031250
v -0.066051 -0.863858 0.031250
v -0.066051 -0.863858 -0.031250
v -0.034801 -0.863858 0.031250
v -0.066051 -0.863858 -0.031250
v -0.034801 -0.863858 -0.031250
v -0.034801 -0.863858 0.031250
v -0.066051 -0.801358 0.031250
v -0.066051 -0.863858 0.031250
v -0.034801 -0.801358 0.031250
v -0.066051 -0.863858 0.031250
v -0.034801 -0.863858 0.031250
v -0.034801 -0.801358 0.031250
v -0.034801 -0.801358 -0.031250
v -0.034801 -0.863858 -0.031250
v -0.066051 -0.801358 -0.031250
v -0.034801 -0.863858 -0.031250
v -0.066051 -0.863858 -0.031250
v -0.066051 -0.801358 -0.031250
vn 1.0000 -0.0000 -0.0000
vn -1.0000 -0.0000 -0.0000
vn -0.0000 1.0000 -0.0000
vn -0.0000 -1.0000 -0.0000
vn -0.0000 -0.0000 1.0000
vn -0.0000 -0.0000 -1.0000
vt 0.000000 0.000000
vt 0.992188 0.843750
vt 0.992188 0.906250
vt 1.000000 0.843750
vt 1.000000 0.906250
vt 1.000000 0.851562
vt 0.968750 0.851562
vt 0.968750 0.843750
vt 1.000000 0.898438
vt 0.968750 0.906250
vt 0.968750 0.898438
s 0
usemtl Material_0
f 5593/1897/933 5594/1897/933 5595/1897/933
f 5596/1897/933 5597/1897/933 5598/1897/933
f 5599/1898/934 5600/1899/934 5601/1900/934
f 5602/1899/934 5603/1901/934 5604/1900/934
f 5605/1902/935 5606/1900/935 5607/1903/935
f 5608/1900/935 5609/1904/935 5610/1903/935
f 5611/1901/936 5612/1905/936 5613/1906/936
f 5614/1905/936 5615/1907/936 5616/1906/936
f 5617/1900/937 5618/1901/937 5619/1904/937
f 5620/1901/937 5621/1906/937 5622/1904/937
f 5623/1904/938 5624/1906/938 5625/1900/938
f 5626/1906/938 5627/1901/938 5628/1900/938
o 49f1556c-d377-4ac3-95cb-7ad5d135ad31
v -0.003551 -0.863858 0.031250
v -0.003551 -0.926358 0.031250
v -0.003551 -0.863858 -0.031250
v -0.003551 -0.926358 0.031250
v -0.003551 -0.926358 -0.031250
v -0.003551 -0.863858 -0.031250
v -0.034801 -0.863858 -0.031250
v -0.034801 -0.926358 -0.031250
v -0.034801 -0.863858 0.031250
v -0.034801 -0.926358 -0.031250
v -0.034801 -0.926358 0.031250
v -0.034801 -0.863858 0.031250
v -0.034801 -0.863858 -0.031250
v -0.034801 -0.863858 0.031250
v -0.003551 -0.863858 -0.031250
v -0.034801 -0.863858 0.031250
v -0.003551 -0.863858 0.031250
v -0.003551 -0.863858 -0.031250
v -0.034801 -0.926358 0.031250
v -0.034801 -0.926358 -0.031250
v -0.003551 -0.926358 0.031250
v -0.034801 -0.926358 -0.031250
v -0.003551 -0.926358 -0.031250
v -0.003551 -0.926358 0.031250
v -0.034801 -0.863858 0.031250
v -0.034801 -0.926358 0.031250
v -0.003551 -0.863858 0.031250
v -0.034801 -0.926358 0.031250
v -0.003551 -0.926358 0.031250
v -0.003551 -0.863858 0.031250
v -0.003551 -0.863858 -0.031250
v -0.003551 -0.926358 -0.031250
v -0.034801 -0.863858 -0.031250
v -0.003551 -0.926358 -0.031250
v -0.034801 -0.926358 -0.031250
v -0.034801 -0.863858 -0.031250
vn 1.0000 -0.0000 -0.0000
vn -1.0000 -0.0000 -0.0000
vn -0.0000 1.0000 -0.0000
vn -0.0000 -1.0000 -0.0000
vn -0.0000 -0.0000 1.0000
vn -0.0000 -0.0000 -1.0000
vt 0.000000 0.000000
vt 0.960938 0.906250
vt 0.960938 0.968750
vt 0.968750 0.906250
vt 0.968750 0.968750
vt 0.968750 0.914062
vt 0.937500 0.914062
vt 0.937500 0.906250
vt 0.968750 0.960938
vt 0.937500 0.968750
vt 0.937500 0.960938
s 0
usemtl Material_0
f 5629/1908/939 5630/1908/939 5631/1908/939
f 5632/1908/939 5633/1908/939 5634/1908/939
f 5635/1909/940 5636/1910/940 5637/1911/940
f 5638/1910/940 5639/1912/940 5640/1911/940
f 5641/1913/941 5642/1911/941 5643/1914/941
f 5644/1911/941 5645/1915/941 5646/1914/941
f 5647/1912/942 5648/1916/942 5649/1917/942
f 5650/1916/942 5651/1918/942 5652/1917/942
f 5653/1911/943 5654/1912/943 5655/1915/943
f 5656/1912/943 5657/1917/943 5658/1915/943
f 5659/1915/944 5660/1917/944 5661/1911/944
f 5662/1917/944 5663/1912/944 5664/1911/944
o 170d5951-1c5d-46b9-8726-95f076742bba
v 0.058949 -0.926358 0.031250
v 0.058949 -0.957608 0.031250
v 0.058949 -0.926358 -0.031250
v 0.058949 -0.957608 0.031250
v 0.058949 -0.957608 -0.031250
v 0.058949 -0.926358 -0.031250
v -0.003551 -0.926358 -0.031250
v -0.003551 -0.957608 -0.031250
v -0.003551 -0.926358 0.031250
v -0.003551 -0.957608 -0.031250
v -0.003551 -0.957608 0.031250
v -0.003551 -0.926358 0.031250
v -0.003551 -0.926358 -0.031250
v -0.003551 -0.926358 0.031250
v 0.058949 -0.926358 -0.031250
v -0.003551 -0.926358 0.031250
v 0.058949 -0.926358 0.031250
v 0.058949 -0.926358 -0.031250
v -0.003551 -0.957608 0.031250
v -0.003551 -0.957608 -0.031250
v 0.058949 -0.957608 0.031250
v -0.003551 -0.957608 -0.031250
v 0.058949 -0.957608 -0.031250
v 0.058949 -0.957608 0.031250
v -0.003551 -0.926358 0.031250
v -0.003551 -0.957608 0.031250
v 0.058949 -0.926358 0.031250
v -0.003551 -0.957608 0.031250
v 0.058949 -0.957608 0.031250
v 0.058949 -0.926358 0.031250
v 0.058949 -0.926358 -0.031250
v 0.058949 -0.957608 -0.031250
v -0.003551 -0.926358 -0.031250
v 0.058949 -0.957608 -0.031250
v -0.003551 -0.957608 -0.031250
v -0.003551 -0.926358 -0.031250
vn 1.0000 -0.0000 -0.0000
vn -1.0000 -0.0000 -0.0000
vn -0.0000 1.0000 -0.0000
vn -0.0000 -1.0000 -0.0000
vn -0.0000 -0.0000 1.0000
vn -0.0000 -0.0000 -1.0000
vt 0.875000 0.968750
vt 0.875000 1.000000
vt 0.882812 0.968750
vt 0.882812 1.000000
vt 0.929688 0.968750
vt 0.929688 1.000000
vt 0.937500 0.968750
vt 0.937500 1.000000
vt 0.000000 0.000000
vt 0.937500 0.992188
vt 0.875000 0.992188
s 0
usemtl Material_0
f 5665/1919/945 5666/1920/945 5667/1921/945
f 5668/1920/945 5669/1922/945 5670/1921/945
f 5671/1923/946 5672/1924/946 5673/1925/946
f 5674/1924/946 5675/1926/946 5676/1925/946
f 5677/1927/947 5678/1927/947 5679/1927/947
f 5680/1927/947 5681/1927/947 5682/1927/947
f 5683/1926/948 5684/1928/948 5685/1920/948
f 5686/1928/948 5687/1929/948 5688/1920/948
f 5689/1925/949 5690/1926/949 5691/1919/949
f 5692/1926/949 5693/1920/949 5694/1919/949
f 5695/1919/950 5696/1920/950 5697/1925/950
f 5698/1920/950 5699/1926/950 5700/1925/950
