Using pre-set license
Built from '2022.3/staging' branch; Version is '2022.3.47f1 (88c277b85d21) revision 8962679'; Using compiler version '192829333'; Build Type 'Release'
OS: 'Windows 10  (10.0.19045) 64bit Professional' Language: 'en' Physical Memory: 32533 MB
BatchMode: 1, IsHumanControllingUs: 0, StartBugReporterOnCrash: 0, Is64bit: 1, IsPro: 1

COMMAND LINE ARGUMENTS:
F:\Unity\UnityEditor\2022.3.47f1\Editor\Unity.exe
-adb2
-batchMode
-noUpm
-name
AssetImportWorker1
-projectPath
F:/Unity/Unity_Project/Willcraf_Playable
-logFile
Logs/AssetImportWorker1.log
-srvPort
56481
Successfully changed project path to: F:/Unity/Unity_Project/Willcraf_Playable
F:/Unity/Unity_Project/Willcraf_Playable
[UnityMemory] Configuration Parameters - Can be set up in boot.config
    "memorysetup-bucket-allocator-granularity=16"
    "memorysetup-bucket-allocator-bucket-count=8"
    "memorysetup-bucket-allocator-block-size=33554432"
    "memorysetup-bucket-allocator-block-count=8"
    "memorysetup-main-allocator-block-size=16777216"
    "memorysetup-thread-allocator-block-size=16777216"
    "memorysetup-gfx-main-allocator-block-size=16777216"
    "memorysetup-gfx-thread-allocator-block-size=16777216"
    "memorysetup-cache-allocator-block-size=4194304"
    "memorysetup-typetree-allocator-block-size=2097152"
    "memorysetup-profiler-bucket-allocator-granularity=16"
    "memorysetup-profiler-bucket-allocator-bucket-count=8"
    "memorysetup-profiler-bucket-allocator-block-size=33554432"
    "memorysetup-profiler-bucket-allocator-block-count=8"
    "memorysetup-profiler-allocator-block-size=16777216"
    "memorysetup-profiler-editor-allocator-block-size=1048576"
    "memorysetup-temp-allocator-size-main=16777216"
    "memorysetup-job-temp-allocator-block-size=2097152"
    "memorysetup-job-temp-allocator-block-size-background=1048576"
    "memorysetup-job-temp-allocator-reduction-small-platforms=262144"
    "memorysetup-allocator-temp-initial-block-size-main=262144"
    "memorysetup-allocator-temp-initial-block-size-worker=262144"
    "memorysetup-temp-allocator-size-background-worker=32768"
    "memorysetup-temp-allocator-size-job-worker=262144"
    "memorysetup-temp-allocator-size-preload-manager=33554432"
    "memorysetup-temp-allocator-size-nav-mesh-worker=65536"
    "memorysetup-temp-allocator-size-audio-worker=65536"
    "memorysetup-temp-allocator-size-cloud-worker=32768"
    "memorysetup-temp-allocator-size-gi-baking-worker=262144"
    "memorysetup-temp-allocator-size-gfx=262144"
Player connection [21336]  Target information:

Player connection [21336]  * "[IP] 192.168.1.75 [Port] 0 [Flags] 2 [Guid] 2777929338 [EditorId] 2777929338 [Version] 1048832 [Id] WindowsEditor(7,DESKTOP-VDDC3JH) [Debug] 1 [PackageName] WindowsEditor [ProjectName] Editor" 

Player connection [21336] Host joined multi-casting on [225.0.0.222:54997]...
Player connection [21336] Host joined alternative multi-casting on [225.0.0.222:34997]...
[PhysX] Initialized MultithreadedTaskDispatcher with 12 workers.
Refreshing native plugins compatible for Editor in 3.17 ms, found 2 plugins.
Preloading 0 native plugins for Editor in 0.00 ms.
Initialize engine version: 2022.3.47f1 (88c277b85d21)
[Subsystems] Discovering subsystems at path F:/Unity/UnityEditor/2022.3.47f1/Editor/Data/Resources/UnitySubsystems
[Subsystems] Discovering subsystems at path F:/Unity/Unity_Project/Willcraf_Playable/Assets
GfxDevice: creating device client; threaded=0; jobified=0
Direct3D:
    Version:  Direct3D 11.0 [level 11.1]
    Renderer: Intel(R) UHD Graphics 730 (ID=0x4c8b)
    Vendor:   Intel
    VRAM:     16266 MB
    Driver:   32.0.101.6449
Initialize mono
Mono path[0] = 'F:/Unity/UnityEditor/2022.3.47f1/Editor/Data/Managed'
Mono path[1] = 'F:/Unity/UnityEditor/2022.3.47f1/Editor/Data/MonoBleedingEdge/lib/mono/unityjit-win32'
Mono config path = 'F:/Unity/UnityEditor/2022.3.47f1/Editor/Data/MonoBleedingEdge/etc'
Using monoOptions --debugger-agent=transport=dt_socket,embedding=1,server=y,suspend=n,address=127.0.0.1:56144
Begin MonoManager ReloadAssembly
Registering precompiled unity dll's ...
Register platform support module: F:/Unity/UnityEditor/2022.3.47f1/Editor/Data/PlaybackEngines/AndroidPlayer/UnityEditor.Android.Extensions.dll
Register platform support module: F:/Unity/UnityEditor/2022.3.47f1/Editor/Data/PlaybackEngines/iOSSupport/UnityEditor.iOS.Extensions.dll
Register platform support module: F:/Unity/UnityEditor/2022.3.47f1/Editor/Data/PlaybackEngines/WindowsStandaloneSupport/UnityEditor.WindowsStandalone.Extensions.dll
Registered in 0.004734 seconds.
- Loaded All Assemblies, in  0.360 seconds
Native extension for WindowsStandalone target not found
[usbmuxd] Start listen thread
[usbmuxd] Listen thread started
Native extension for iOS target not found
Native extension for Android target not found
Android Extension - Scanning For ADB Devices 251 ms
Mono: successfully reloaded assembly
- Finished resetting the current domain, in  0.576 seconds
Domain Reload Profiling: 936ms
	BeginReloadAssembly (98ms)
		ExecutionOrderSort (0ms)
		DisableScriptedObjects (0ms)
		BackupInstance (0ms)
		ReleaseScriptingObjects (0ms)
		CreateAndSetChildDomain (1ms)
	RebuildCommonClasses (33ms)
	RebuildNativeTypeToScriptingClass (10ms)
	initialDomainReloadingComplete (48ms)
	LoadAllAssembliesAndSetupDomain (172ms)
		LoadAssemblies (98ms)
		RebuildTransferFunctionScriptingTraits (0ms)
		AnalyzeDomain (169ms)
			TypeCache.Refresh (168ms)
				TypeCache.ScanAssembly (153ms)
			ScanForSourceGeneratedMonoScriptInfo (0ms)
			ResolveRequiredComponents (0ms)
	FinalizeReload (576ms)
		ReleaseScriptCaches (0ms)
		RebuildScriptCaches (0ms)
		SetupLoadedEditorAssemblies (528ms)
			LogAssemblyErrors (0ms)
			InitializePlatformSupportModulesInManaged (336ms)
			SetLoadedEditorAssemblies (4ms)
			RefreshPlugins (0ms)
			BeforeProcessingInitializeOnLoad (3ms)
			ProcessInitializeOnLoadAttributes (138ms)
			ProcessInitializeOnLoadMethodAttributes (48ms)
			AfterProcessingInitializeOnLoad (0ms)
			EditorAssembliesLoaded (0ms)
		ExecutionOrderSort2 (0ms)
		AwakeInstancesAfterBackupRestoration (0ms)
========================================================================
Worker process is ready to serve import requests
Caller must complete domain reload
Begin MonoManager ReloadAssembly
- Loaded All Assemblies, in  0.506 seconds
Native extension for WindowsStandalone target not found
Native extension for iOS target not found
Native extension for Android target not found
Package Manager log level set to [2]
[Package Manager] Server::EnsureServerProcessIsRunning -- launch failed, reason: Unity was launched with the -noUpm command-line argument
[Package Manager] UpmClient::Send -- Unable to send message (not connected to UPM process).
[Package Manager] Cannot connect to Unity Package Manager local server
[Package Manager] Server::EnsureServerProcessIsRunning -- launch failed, reason: Unity was launched with the -noUpm command-line argument
[Package Manager] UpmClient::Send -- Unable to send message (not connected to UPM process).
[Package Manager] Cannot connect to Unity Package Manager local server
Failed to sync packages list
UnityEngine.StackTraceUtility:ExtractStackTrace ()
UnityEngine.DebugLogHandler:LogFormat (UnityEngine.LogType,UnityEngine.Object,string,object[])
UnityEngine.Logger:Log (UnityEngine.LogType,object)
UnityEngine.Debug:LogWarning (object)
 .  / :MoveNext ()
System.Runtime.CompilerServices.AsyncTaskMethodBuilder:Start< .  / > ( .  / &)
 .  :  ()
 .⁤/ :MoveNext ()
System.Runtime.CompilerServices.AsyncTaskMethodBuilder:Start< .⁤/ > ( .⁤/ &)
 .⁤:  ()
System.Reflection.RuntimeMethodInfo:Invoke (object,System.Reflection.BindingFlags,System.Reflection.Binder,object[],System.Globalization.CultureInfo)
System.Reflection.MethodBase:Invoke (object,object[])
UnityEditor.EditorAssemblies:ProcessInitializeOnLoadMethodAttributes ()

Mono: successfully reloaded assembly
- Finished resetting the current domain, in  1.228 seconds
Domain Reload Profiling: 1736ms
	BeginReloadAssembly (144ms)
		ExecutionOrderSort (0ms)
		DisableScriptedObjects (5ms)
		BackupInstance (0ms)
		ReleaseScriptingObjects (0ms)
		CreateAndSetChildDomain (22ms)
	RebuildCommonClasses (33ms)
	RebuildNativeTypeToScriptingClass (11ms)
	initialDomainReloadingComplete (42ms)
	LoadAllAssembliesAndSetupDomain (277ms)
		LoadAssemblies (240ms)
		RebuildTransferFunctionScriptingTraits (0ms)
		AnalyzeDomain (120ms)
			TypeCache.Refresh (109ms)
				TypeCache.ScanAssembly (90ms)
			ScanForSourceGeneratedMonoScriptInfo (8ms)
			ResolveRequiredComponents (2ms)
	FinalizeReload (1229ms)
		ReleaseScriptCaches (0ms)
		RebuildScriptCaches (0ms)
		SetupLoadedEditorAssemblies (954ms)
			LogAssemblyErrors (0ms)
			InitializePlatformSupportModulesInManaged (34ms)
			SetLoadedEditorAssemblies (5ms)
			RefreshPlugins (0ms)
			BeforeProcessingInitializeOnLoad (60ms)
			ProcessInitializeOnLoadAttributes (663ms)
			ProcessInitializeOnLoadMethodAttributes (184ms)
			AfterProcessingInitializeOnLoad (7ms)
			EditorAssembliesLoaded (0ms)
		ExecutionOrderSort2 (0ms)
		AwakeInstancesAfterBackupRestoration (15ms)
Launched and connected shader compiler UnityShaderCompiler.exe after 0.38 seconds
Refreshing native plugins compatible for Editor in 5.89 ms, found 2 plugins.
Preloading 0 native plugins for Editor in 0.00 ms.
Unloading 1426 Unused Serialized files (Serialized files now loaded: 0)
Unloading 15 unused Assets / (5.8 KB). Loaded Objects now: 1956.
Memory consumption went from 97.1 MB to 97.0 MB.
Total: 6.696200 ms (FindLiveObjects: 0.230900 ms CreateObjectMapping: 1.253600 ms MarkObjects: 5.154500 ms  DeleteObjects: 0.055400 ms)

AssetImportParameters requested are different than current active one (requested -> active):
  custom:video-encoder-webm-vp8: eb34c28f22e8b96e1ab97ce403110664 -> 
  custom:video-decoder-webm-vp8: 9c59270c3fd7afecdb556c50c9e8de78 -> 
  custom:audio-decoder-ogg-vorbis: bf7c407c2cedff20999df2af8eb42d56 -> 
  custom:SearchIndexIgnoredProperties: e643bd26f0fe6173181afceb89e7c659 -> 
  custom:container-demuxer-ogg: 62fdf1f143b41e24485cea50d1cbac27 -> 
  custom:AudioImporter_EditorPlatform: d09bf68614088b80899f8185d706f6e7 -> 
  custom:CustomObjectIndexerAttribute: 9a22284fe3817be447336de3de66b15e -> 
  custom:container-demuxer-webm: 4f35f7cbe854078d1ac9338744f61a02 -> 
  custom:video-decoder-ogg-theora: a1e56fd34408186e4bbccfd4996cb3dc -> 
  custom:audio-encoder-webm-vorbis: bf7c407c2cedff20999df2af8eb42d56 -> 
  custom:framework-win-MediaFoundation: 216162199b28c13a410421893ffa2e32 -> 
  custom:container-muxer-webm: aa71ff27fc2769a1b78a27578f13a17b -> 
========================================================================
Received Prepare
Caller must complete domain reload
Begin MonoManager ReloadAssembly
- Loaded All Assemblies, in  0.510 seconds
Native extension for WindowsStandalone target not found
Native extension for iOS target not found
Native extension for Android target not found
[Package Manager] Server::EnsureServerProcessIsRunning -- launch failed, reason: Unity was launched with the -noUpm command-line argument
[Package Manager] UpmClient::Send -- Unable to send message (not connected to UPM process).
[Package Manager] Cannot connect to Unity Package Manager local server
[Package Manager] Server::EnsureServerProcessIsRunning -- launch failed, reason: Unity was launched with the -noUpm command-line argument
[Package Manager] UpmClient::Send -- Unable to send message (not connected to UPM process).
[Package Manager] Cannot connect to Unity Package Manager local server
Failed to sync packages list
UnityEngine.StackTraceUtility:ExtractStackTrace ()
UnityEngine.DebugLogHandler:LogFormat (UnityEngine.LogType,UnityEngine.Object,string,object[])
UnityEngine.Logger:Log (UnityEngine.LogType,object)
UnityEngine.Debug:LogWarning (object)
 .  / :MoveNext ()
System.Runtime.CompilerServices.AsyncTaskMethodBuilder:Start< .  / > ( .  / &)
 .  :  ()
 .⁤/ :MoveNext ()
System.Runtime.CompilerServices.AsyncTaskMethodBuilder:Start< .⁤/ > ( .⁤/ &)
 .⁤:  ()
System.Reflection.RuntimeMethodInfo:Invoke (object,System.Reflection.BindingFlags,System.Reflection.Binder,object[],System.Globalization.CultureInfo)
System.Reflection.MethodBase:Invoke (object,object[])
UnityEditor.EditorAssemblies:ProcessInitializeOnLoadMethodAttributes ()

Mono: successfully reloaded assembly
- Finished resetting the current domain, in  1.131 seconds
Domain Reload Profiling: 1641ms
	BeginReloadAssembly (190ms)
		ExecutionOrderSort (0ms)
		DisableScriptedObjects (5ms)
		BackupInstance (0ms)
		ReleaseScriptingObjects (0ms)
		CreateAndSetChildDomain (50ms)
	RebuildCommonClasses (41ms)
	RebuildNativeTypeToScriptingClass (16ms)
	initialDomainReloadingComplete (36ms)
	LoadAllAssembliesAndSetupDomain (226ms)
		LoadAssemblies (304ms)
		RebuildTransferFunctionScriptingTraits (0ms)
		AnalyzeDomain (20ms)
			TypeCache.Refresh (8ms)
				TypeCache.ScanAssembly (0ms)
			ScanForSourceGeneratedMonoScriptInfo (10ms)
			ResolveRequiredComponents (2ms)
	FinalizeReload (1132ms)
		ReleaseScriptCaches (0ms)
		RebuildScriptCaches (0ms)
		SetupLoadedEditorAssemblies (753ms)
			LogAssemblyErrors (0ms)
			InitializePlatformSupportModulesInManaged (32ms)
			SetLoadedEditorAssemblies (4ms)
			RefreshPlugins (0ms)
			BeforeProcessingInitializeOnLoad (46ms)
			ProcessInitializeOnLoadAttributes (603ms)
			ProcessInitializeOnLoadMethodAttributes (65ms)
			AfterProcessingInitializeOnLoad (3ms)
			EditorAssembliesLoaded (0ms)
		ExecutionOrderSort2 (0ms)
		AwakeInstancesAfterBackupRestoration (10ms)
Refreshing native plugins compatible for Editor in 1.49 ms, found 2 plugins.
Preloading 0 native plugins for Editor in 0.00 ms.
Release of invalid GC handle. The handle is from a previous domain. The release operation is skipped.
Unloading 1418 Unused Serialized files (Serialized files now loaded: 0)
Release of invalid GC handle native callstack: 
0x00007ff63674eb5d (Unity) StackWalker::GetCurrentCallstack
0x00007ff636753c39 (Unity) StackWalker::ShowCallstack
0x00007ff637744851 (Unity) GetStacktrace
0x00007ff63664ae8d (Unity) ScriptingGCHandle::ReleaseAndClear
0x00007ff636c1081c (Unity) UploadHandlerRaw::`vector deleting destructor'
0x00007ff636c113cd (Unity) UploadHandler::Release
0x00007ff636c0dc6d (Unity) UnityWebRequestProto<UnityWebRequestTransport,AtomicRefCounter,RedirectHelper,ResponseHelper,DownloadHandler,UploadHandler,CertificateHandler,HeaderHelper,AsyncOperation>::~UnityWebRequestProto<UnityWebRequestTransport,AtomicRefCounter,RedirectHelper,ResponseHelper,DownloadHandler,UploadHandler,CertificateHandler,HeaderHelper,AsyncOperation>
0x00007ff636c0df66 (Unity) UnityWebRequest::`vector deleting destructor'
0x00007ff6359640a7 (Unity) UnityWebRequestProto<UnityWebRequestTransport,AtomicRefCounter,RedirectHelper,ResponseHelper,DownloadHandler,UploadHandler,CertificateHandler,HeaderHelper,AsyncOperation>::Release
0x00007ff636c0f995 (Unity) UnityWebRequestAsyncOperation::InvokeCoroutine
0x00007ff636c0fb71 (Unity) UnityWebRequestProto<UnityWebRequestTransport,AtomicRefCounter,RedirectHelper,ResponseHelper,DownloadHandler,UploadHandler,CertificateHandler,HeaderHelper,AsyncOperation>::Job_InvokeCoroutine
0x00007ff636277d2a (Unity) BackgroundJobQueue::ExecuteMainThreadJobs
0x00007ff63632b49f (Unity) PreloadManager::WaitForAllAsyncOperationsToComplete
0x00007ff637aea248 (Unity) <lambda_b37b41f03089e3cb3f55061bbc93253d>::operator()
0x00007ff637b25a22 (Unity) asio::detail::completion_handler<core::mutable_function<void __cdecl(void)>,asio::io_context::basic_executor_type<std::allocator<void>,0> >::do_complete
0x00007ff637b1196e (Unity) asio::detail::win_iocp_io_context::do_one
0x00007ff637b135d4 (Unity) asio::detail::win_iocp_io_context::run
0x00007ff637b23dcc (Unity) IOService::Run
0x00007ff637af71cf (Unity) AssetImportWorkerClient::Run
0x00007ff637ac2b37 (Unity) RunAssetImportWorkerClientV2
0x00007ff637ac2bbb (Unity) RunAssetImporterV2
0x00007ff6372bba5e (Unity) Application::InitializeProject
0x00007ff63774f4e5 (Unity) WinMain
0x00007ff638b014de (Unity) __scrt_common_main_seh
0x00007ffd6b887374 (KERNEL32) BaseThreadInitThunk
0x00007ffd6d89cc91 (ntdll) RtlUserThreadStart
Unloading 11 unused Assets / (4.9 KB). Loaded Objects now: 1961.
Memory consumption went from 78.5 MB to 78.5 MB.
Total: 5.960200 ms (FindLiveObjects: 1.097700 ms CreateObjectMapping: 0.234100 ms MarkObjects: 4.550100 ms  DeleteObjects: 0.076200 ms)

Prepare: number of updated asset objects reloaded= 0
AssetImportParameters requested are different than current active one (requested -> active):
  custom:video-encoder-webm-vp8: eb34c28f22e8b96e1ab97ce403110664 -> 
  custom:video-decoder-webm-vp8: 9c59270c3fd7afecdb556c50c9e8de78 -> 
  custom:audio-decoder-ogg-vorbis: bf7c407c2cedff20999df2af8eb42d56 -> 
  custom:SearchIndexIgnoredProperties: e643bd26f0fe6173181afceb89e7c659 -> 
  custom:container-demuxer-ogg: 62fdf1f143b41e24485cea50d1cbac27 -> 
  custom:AudioImporter_EditorPlatform: d09bf68614088b80899f8185d706f6e7 -> 
  custom:CustomObjectIndexerAttribute: 9a22284fe3817be447336de3de66b15e -> 
  custom:container-demuxer-webm: 4f35f7cbe854078d1ac9338744f61a02 -> 
  custom:scripting/monoscript/fileName/Trunk.cs: 3c77c879876a19ef3d7b12fd707afdea -> 
  custom:video-decoder-ogg-theora: a1e56fd34408186e4bbccfd4996cb3dc -> 
  custom:audio-encoder-webm-vorbis: bf7c407c2cedff20999df2af8eb42d56 -> 
  custom:framework-win-MediaFoundation: 216162199b28c13a410421893ffa2e32 -> 
  custom:scripting/precompiled-assembly-types:Assembly-CSharp: aff43b35fddfc9fbb6e51a07ba990bf1 -> 482e17d551b00cd7946e9d7b35e05131
  custom:container-muxer-webm: aa71ff27fc2769a1b78a27578f13a17b -> 
========================================================================
Received Import Request.
  Time since last request: 62652.410807 seconds.
  path: Assets/Scripts/Trunk.cs
  artifactKey: Guid(da9ac174117032c4a905ca153448c0d3) Importer(815301076,1909f56bfc062723c751e8b465ee728b)
Start importing Assets/Scripts/Trunk.cs using Guid(da9ac174117032c4a905ca153448c0d3) Importer(815301076,1909f56bfc062723c751e8b465ee728b) [PhysX] Initialized MultithreadedTaskDispatcher with 12 workers.
 -> (artifact id: '82523a58ea98a27f6e52f3a5f51e326b') in 0.004419 seconds
Number of updated asset objects reloaded before import = 0
Number of asset objects unloaded after import = 0
========================================================================
Received Prepare
Caller must complete domain reload
Begin MonoManager ReloadAssembly
- Loaded All Assemblies, in  0.325 seconds
Native extension for WindowsStandalone target not found
Native extension for iOS target not found
Native extension for Android target not found
[Package Manager] Server::EnsureServerProcessIsRunning -- launch failed, reason: Unity was launched with the -noUpm command-line argument
[Package Manager] UpmClient::Send -- Unable to send message (not connected to UPM process).
[Package Manager] Cannot connect to Unity Package Manager local server
[Package Manager] Server::EnsureServerProcessIsRunning -- launch failed, reason: Unity was launched with the -noUpm command-line argument
[Package Manager] UpmClient::Send -- Unable to send message (not connected to UPM process).
[Package Manager] Cannot connect to Unity Package Manager local server
Failed to sync packages list
UnityEngine.StackTraceUtility:ExtractStackTrace ()
UnityEngine.DebugLogHandler:LogFormat (UnityEngine.LogType,UnityEngine.Object,string,object[])
UnityEngine.Logger:Log (UnityEngine.LogType,object)
UnityEngine.Debug:LogWarning (object)
 .  / :MoveNext ()
System.Runtime.CompilerServices.AsyncTaskMethodBuilder:Start< .  / > ( .  / &)
 .  :  ()
 .⁤/ :MoveNext ()
System.Runtime.CompilerServices.AsyncTaskMethodBuilder:Start< .⁤/ > ( .⁤/ &)
 .⁤:  ()
System.Reflection.RuntimeMethodInfo:Invoke (object,System.Reflection.BindingFlags,System.Reflection.Binder,object[],System.Globalization.CultureInfo)
System.Reflection.MethodBase:Invoke (object,object[])
UnityEditor.EditorAssemblies:ProcessInitializeOnLoadMethodAttributes ()

Mono: successfully reloaded assembly
- Finished resetting the current domain, in  0.700 seconds
Domain Reload Profiling: 1025ms
	BeginReloadAssembly (123ms)
		ExecutionOrderSort (0ms)
		DisableScriptedObjects (5ms)
		BackupInstance (0ms)
		ReleaseScriptingObjects (0ms)
		CreateAndSetChildDomain (24ms)
	RebuildCommonClasses (31ms)
	RebuildNativeTypeToScriptingClass (11ms)
	initialDomainReloadingComplete (21ms)
	LoadAllAssembliesAndSetupDomain (138ms)
		LoadAssemblies (191ms)
		RebuildTransferFunctionScriptingTraits (0ms)
		AnalyzeDomain (14ms)
			TypeCache.Refresh (6ms)
				TypeCache.ScanAssembly (0ms)
			ScanForSourceGeneratedMonoScriptInfo (5ms)
			ResolveRequiredComponents (2ms)
	FinalizeReload (700ms)
		ReleaseScriptCaches (0ms)
		RebuildScriptCaches (0ms)
		SetupLoadedEditorAssemblies (491ms)
			LogAssemblyErrors (0ms)
			InitializePlatformSupportModulesInManaged (21ms)
			SetLoadedEditorAssemblies (2ms)
			RefreshPlugins (0ms)
			BeforeProcessingInitializeOnLoad (36ms)
			ProcessInitializeOnLoadAttributes (387ms)
			ProcessInitializeOnLoadMethodAttributes (42ms)
			AfterProcessingInitializeOnLoad (2ms)
			EditorAssembliesLoaded (0ms)
		ExecutionOrderSort2 (0ms)
		AwakeInstancesAfterBackupRestoration (5ms)
Refreshing native plugins compatible for Editor in 1.00 ms, found 2 plugins.
Preloading 0 native plugins for Editor in 0.00 ms.
Release of invalid GC handle. The handle is from a previous domain. The release operation is skipped.
Release of invalid GC handle native callstack: 
0x00007ff63674eb5d (Unity) StackWalker::GetCurrentCallstack
0x00007ff636753c39 (Unity) StackWalker::ShowCallstack
0x00007ff637744851 (Unity) GetStacktrace
0x00007ff63664ae8d (Unity) ScriptingGCHandle::ReleaseAndClear
0x00007ff636c1081c (Unity) UploadHandlerRaw::`vector deleting destructor'
0x00007ff636c113cd (Unity) UploadHandler::Release
0x00007ff636c0dc6d (Unity) UnityWebRequestProto<UnityWebRequestTransport,AtomicRefCounter,RedirectHelper,ResponseHelper,DownloadHandler,UploadHandler,CertificateHandler,HeaderHelper,AsyncOperation>::~UnityWebRequestProto<UnityWebRequestTransport,AtomicRefCounter,RedirectHelper,ResponseHelper,DownloadHandler,UploadHandler,CertificateHandler,HeaderHelper,AsyncOperation>
0x00007ff636c0df66 (Unity) UnityWebRequest::`vector deleting destructor'
0x00007ff6359640a7 (Unity) UnityWebRequestProto<UnityWebRequestTransport,AtomicRefCounter,RedirectHelper,ResponseHelper,DownloadHandler,UploadHandler,CertificateHandler,HeaderHelper,AsyncOperation>::Release
0x00007ff636c0f995 (Unity) UnityWebRequestAsyncOperation::InvokeCoroutine
0x00007ff636c0fb71 (Unity) UnityWebRequestProto<UnityWebRequestTransport,AtomicRefCounter,RedirectHelper,ResponseHelper,DownloadHandler,UploadHandler,CertificateHandler,HeaderHelper,AsyncOperation>::Job_InvokeCoroutine
0x00007ff636277d2a (Unity) BackgroundJobQueue::ExecuteMainThreadJobs
0x00007ff63632b49f (Unity) PreloadManager::WaitForAllAsyncOperationsToComplete
0x00007ff637aea248 (Unity) <lambda_b37b41f03089e3cb3f55061bbc93253d>::operator()
0x00007ff637b25a22 (Unity) asio::detail::completion_handler<core::mutable_function<void __cdecl(void)>,asio::io_context::basic_executor_type<std::allocator<void>,0> >::do_complete
0x00007ff637b1196e (Unity) asio::detail::win_iocp_io_context::do_one
0x00007ff637b135d4 (Unity) asio::detail::win_iocp_io_context::run
0x00007ff637b23dcc (Unity) IOService::Run
0x00007ff637af71cf (Unity) AssetImportWorkerClient::Run
0x00007ff637ac2b37 (Unity) RunAssetImportWorkerClientV2
0x00007ff637ac2bbb (Unity) RunAssetImporterV2
0x00007ff6372bba5e (Unity) Application::InitializeProject
0x00007ff63774f4e5 (Unity) WinMain
0x00007ff638b014de (Unity) __scrt_common_main_seh
0x00007ffd6b887374 (KERNEL32) BaseThreadInitThunk
0x00007ffd6d89cc91 (ntdll) RtlUserThreadStart
Unloading 1417 Unused Serialized files (Serialized files now loaded: 0)
Unloading 11 unused Assets / (26.4 KB). Loaded Objects now: 1966.
Memory consumption went from 100.6 MB to 100.6 MB.
Total: 3.790800 ms (FindLiveObjects: 0.125800 ms CreateObjectMapping: 0.058500 ms MarkObjects: 3.567900 ms  DeleteObjects: 0.037600 ms)

Prepare: number of updated asset objects reloaded= 0
AssetImportParameters requested are different than current active one (requested -> active):
  custom:video-encoder-webm-vp8: eb34c28f22e8b96e1ab97ce403110664 -> 
  custom:video-decoder-webm-vp8: 9c59270c3fd7afecdb556c50c9e8de78 -> 
  custom:audio-decoder-ogg-vorbis: bf7c407c2cedff20999df2af8eb42d56 -> 
  custom:SearchIndexIgnoredProperties: e643bd26f0fe6173181afceb89e7c659 -> 
  custom:container-demuxer-ogg: 62fdf1f143b41e24485cea50d1cbac27 -> 
  custom:AudioImporter_EditorPlatform: d09bf68614088b80899f8185d706f6e7 -> 
  custom:CustomObjectIndexerAttribute: 9a22284fe3817be447336de3de66b15e -> 
  custom:container-demuxer-webm: 4f35f7cbe854078d1ac9338744f61a02 -> 
  custom:scripting/monoscript/fileName/Trunk.cs: 3c77c879876a19ef3d7b12fd707afdea -> 
  custom:video-decoder-ogg-theora: a1e56fd34408186e4bbccfd4996cb3dc -> 
  custom:audio-encoder-webm-vorbis: bf7c407c2cedff20999df2af8eb42d56 -> 
  custom:framework-win-MediaFoundation: 216162199b28c13a410421893ffa2e32 -> 
  custom:scripting/precompiled-assembly-types:Assembly-CSharp: 35e155008052440fbe89500c9d019367 -> 482e17d551b00cd7946e9d7b35e05131
  custom:container-muxer-webm: aa71ff27fc2769a1b78a27578f13a17b -> 
========================================================================
Received Prepare
Caller must complete domain reload
Begin MonoManager ReloadAssembly
- Loaded All Assemblies, in  0.310 seconds
Native extension for WindowsStandalone target not found
Native extension for iOS target not found
Native extension for Android target not found
[Package Manager] Server::EnsureServerProcessIsRunning -- launch failed, reason: Unity was launched with the -noUpm command-line argument
[Package Manager] UpmClient::Send -- Unable to send message (not connected to UPM process).
[Package Manager] Cannot connect to Unity Package Manager local server
[Package Manager] Server::EnsureServerProcessIsRunning -- launch failed, reason: Unity was launched with the -noUpm command-line argument
[Package Manager] UpmClient::Send -- Unable to send message (not connected to UPM process).
[Package Manager] Cannot connect to Unity Package Manager local server
Failed to sync packages list
UnityEngine.StackTraceUtility:ExtractStackTrace ()
UnityEngine.DebugLogHandler:LogFormat (UnityEngine.LogType,UnityEngine.Object,string,object[])
UnityEngine.Logger:Log (UnityEngine.LogType,object)
UnityEngine.Debug:LogWarning (object)
 .  / :MoveNext ()
System.Runtime.CompilerServices.AsyncTaskMethodBuilder:Start< .  / > ( .  / &)
 .  :  ()
 .⁤/ :MoveNext ()
System.Runtime.CompilerServices.AsyncTaskMethodBuilder:Start< .⁤/ > ( .⁤/ &)
 .⁤:  ()
System.Reflection.RuntimeMethodInfo:Invoke (object,System.Reflection.BindingFlags,System.Reflection.Binder,object[],System.Globalization.CultureInfo)
System.Reflection.MethodBase:Invoke (object,object[])
UnityEditor.EditorAssemblies:ProcessInitializeOnLoadMethodAttributes ()

Mono: successfully reloaded assembly
- Finished resetting the current domain, in  0.701 seconds
Domain Reload Profiling: 1011ms
	BeginReloadAssembly (127ms)
		ExecutionOrderSort (0ms)
		DisableScriptedObjects (4ms)
		BackupInstance (0ms)
		ReleaseScriptingObjects (0ms)
		CreateAndSetChildDomain (27ms)
	RebuildCommonClasses (38ms)
	RebuildNativeTypeToScriptingClass (10ms)
	initialDomainReloadingComplete (21ms)
	LoadAllAssembliesAndSetupDomain (113ms)
		LoadAssemblies (174ms)
		RebuildTransferFunctionScriptingTraits (0ms)
		AnalyzeDomain (8ms)
			TypeCache.Refresh (4ms)
				TypeCache.ScanAssembly (0ms)
			ScanForSourceGeneratedMonoScriptInfo (0ms)
			ResolveRequiredComponents (3ms)
	FinalizeReload (701ms)
		ReleaseScriptCaches (0ms)
		RebuildScriptCaches (0ms)
		SetupLoadedEditorAssemblies (488ms)
			LogAssemblyErrors (0ms)
			InitializePlatformSupportModulesInManaged (24ms)
			SetLoadedEditorAssemblies (3ms)
			RefreshPlugins (0ms)
			BeforeProcessingInitializeOnLoad (33ms)
			ProcessInitializeOnLoadAttributes (389ms)
			ProcessInitializeOnLoadMethodAttributes (38ms)
			AfterProcessingInitializeOnLoad (2ms)
			EditorAssembliesLoaded (0ms)
		ExecutionOrderSort2 (0ms)
		AwakeInstancesAfterBackupRestoration (6ms)
Refreshing native plugins compatible for Editor in 1.15 ms, found 2 plugins.
Preloading 0 native plugins for Editor in 0.00 ms.
Release of invalid GC handle. The handle is from a previous domain. The release operation is skipped.
Release of invalid GC handle native callstack: 
0x00007ff63674eb5d (Unity) StackWalker::GetCurrentCallstack
0x00007ff636753c39 (Unity) StackWalker::ShowCallstack
0x00007ff637744851 (Unity) GetStacktrace
0x00007ff63664ae8d (Unity) ScriptingGCHandle::ReleaseAndClear
0x00007ff636c1081c (Unity) UploadHandlerRaw::`vector deleting destructor'
0x00007ff636c113cd (Unity) UploadHandler::Release
0x00007ff636c0dc6d (Unity) UnityWebRequestProto<UnityWebRequestTransport,AtomicRefCounter,RedirectHelper,ResponseHelper,DownloadHandler,UploadHandler,CertificateHandler,HeaderHelper,AsyncOperation>::~UnityWebRequestProto<UnityWebRequestTransport,AtomicRefCounter,RedirectHelper,ResponseHelper,DownloadHandler,UploadHandler,CertificateHandler,HeaderHelper,AsyncOperation>
0x00007ff636c0df66 (Unity) UnityWebRequest::`vector deleting destructor'
0x00007ff6359640a7 (Unity) UnityWebRequestProto<UnityWebRequestTransport,AtomicRefCounter,RedirectHelper,ResponseHelper,DownloadHandler,UploadHandler,CertificateHandler,HeaderHelper,AsyncOperation>::Release
0x00007ff636c0f995 (Unity) UnityWebRequestAsyncOperation::InvokeCoroutine
0x00007ff636c0fb71 (Unity) UnityWebRequestProto<UnityWebRequestTransport,AtomicRefCounter,RedirectHelper,ResponseHelper,DownloadHandler,UploadHandler,CertificateHandler,HeaderHelper,AsyncOperation>::Job_InvokeCoroutine
0x00007ff636277d2a (Unity) BackgroundJobQueue::ExecuteMainThreadJobs
0x00007ff63632b49f (Unity) PreloadManager::WaitForAllAsyncOperationsToComplete
0x00007ff637aea248 (Unity) <lambda_b37b41f03089e3cb3f55061bbc93253d>::operator()
0x00007ff637b25a22 (Unity) asio::detail::completion_handler<core::mutable_function<void __cdecl(void)>,asio::io_context::basic_executor_type<std::allocator<void>,0> >::do_complete
0x00007ff637b1196e (Unity) asio::detail::win_iocp_io_context::do_one
0x00007ff637b135d4 (Unity) asio::detail::win_iocp_io_context::run
0x00007ff637b23dcc (Unity) IOService::Run
0x00007ff637af71cf (Unity) AssetImportWorkerClient::Run
0x00007ff637ac2b37 (Unity) RunAssetImportWorkerClientV2
0x00007ff637ac2bbb (Unity) RunAssetImporterV2
0x00007ff6372bba5e (Unity) Application::InitializeProject
0x00007ff63774f4e5 (Unity) WinMain
0x00007ff638b014de (Unity) __scrt_common_main_seh
0x00007ffd6b887374 (KERNEL32) BaseThreadInitThunk
0x00007ffd6d89cc91 (ntdll) RtlUserThreadStart
Unloading 1418 Unused Serialized files (Serialized files now loaded: 0)
Unloading 11 unused Assets / (26.4 KB). Loaded Objects now: 1971.
Memory consumption went from 101.0 MB to 101.0 MB.
Total: 2.622200 ms (FindLiveObjects: 0.117200 ms CreateObjectMapping: 0.036300 ms MarkObjects: 2.436300 ms  DeleteObjects: 0.031300 ms)

Prepare: number of updated asset objects reloaded= 0
AssetImportParameters requested are different than current active one (requested -> active):
  custom:video-encoder-webm-vp8: eb34c28f22e8b96e1ab97ce403110664 -> 
  custom:video-decoder-webm-vp8: 9c59270c3fd7afecdb556c50c9e8de78 -> 
  custom:audio-decoder-ogg-vorbis: bf7c407c2cedff20999df2af8eb42d56 -> 
  custom:SearchIndexIgnoredProperties: e643bd26f0fe6173181afceb89e7c659 -> 
  custom:container-demuxer-ogg: 62fdf1f143b41e24485cea50d1cbac27 -> 
  custom:AudioImporter_EditorPlatform: d09bf68614088b80899f8185d706f6e7 -> 
  custom:CustomObjectIndexerAttribute: 9a22284fe3817be447336de3de66b15e -> 
  custom:container-demuxer-webm: 4f35f7cbe854078d1ac9338744f61a02 -> 
  custom:scripting/monoscript/fileName/Trunk.cs: 3c77c879876a19ef3d7b12fd707afdea -> 
  custom:video-decoder-ogg-theora: a1e56fd34408186e4bbccfd4996cb3dc -> 
  custom:audio-encoder-webm-vorbis: bf7c407c2cedff20999df2af8eb42d56 -> 
  custom:framework-win-MediaFoundation: 216162199b28c13a410421893ffa2e32 -> 
  custom:scripting/precompiled-assembly-types:Assembly-CSharp: 35e155008052440fbe89500c9d019367 -> 482e17d551b00cd7946e9d7b35e05131
  custom:container-muxer-webm: aa71ff27fc2769a1b78a27578f13a17b -> 
========================================================================
Received Prepare
Caller must complete domain reload
Begin MonoManager ReloadAssembly
- Loaded All Assemblies, in  0.302 seconds
Native extension for WindowsStandalone target not found
Native extension for iOS target not found
Native extension for Android target not found
[Package Manager] Server::EnsureServerProcessIsRunning -- launch failed, reason: Unity was launched with the -noUpm command-line argument
[Package Manager] UpmClient::Send -- Unable to send message (not connected to UPM process).
[Package Manager] Cannot connect to Unity Package Manager local server
[Package Manager] Server::EnsureServerProcessIsRunning -- launch failed, reason: Unity was launched with the -noUpm command-line argument
[Package Manager] UpmClient::Send -- Unable to send message (not connected to UPM process).
[Package Manager] Cannot connect to Unity Package Manager local server
Failed to sync packages list
UnityEngine.StackTraceUtility:ExtractStackTrace ()
UnityEngine.DebugLogHandler:LogFormat (UnityEngine.LogType,UnityEngine.Object,string,object[])
UnityEngine.Logger:Log (UnityEngine.LogType,object)
UnityEngine.Debug:LogWarning (object)
 .  / :MoveNext ()
System.Runtime.CompilerServices.AsyncTaskMethodBuilder:Start< .  / > ( .  / &)
 .  :  ()
 .⁤/ :MoveNext ()
System.Runtime.CompilerServices.AsyncTaskMethodBuilder:Start< .⁤/ > ( .⁤/ &)
 .⁤:  ()
System.Reflection.RuntimeMethodInfo:Invoke (object,System.Reflection.BindingFlags,System.Reflection.Binder,object[],System.Globalization.CultureInfo)
System.Reflection.MethodBase:Invoke (object,object[])
UnityEditor.EditorAssemblies:ProcessInitializeOnLoadMethodAttributes ()

Mono: successfully reloaded assembly
- Finished resetting the current domain, in  0.637 seconds
Domain Reload Profiling: 939ms
	BeginReloadAssembly (119ms)
		ExecutionOrderSort (0ms)
		DisableScriptedObjects (3ms)
		BackupInstance (0ms)
		ReleaseScriptingObjects (0ms)
		CreateAndSetChildDomain (26ms)
	RebuildCommonClasses (27ms)
	RebuildNativeTypeToScriptingClass (10ms)
	initialDomainReloadingComplete (20ms)
	LoadAllAssembliesAndSetupDomain (125ms)
		LoadAssemblies (181ms)
		RebuildTransferFunctionScriptingTraits (0ms)
		AnalyzeDomain (7ms)
			TypeCache.Refresh (4ms)
				TypeCache.ScanAssembly (0ms)
			ScanForSourceGeneratedMonoScriptInfo (0ms)
			ResolveRequiredComponents (2ms)
	FinalizeReload (637ms)
		ReleaseScriptCaches (0ms)
		RebuildScriptCaches (0ms)
		SetupLoadedEditorAssemblies (431ms)
			LogAssemblyErrors (0ms)
			InitializePlatformSupportModulesInManaged (19ms)
			SetLoadedEditorAssemblies (2ms)
			RefreshPlugins (0ms)
			BeforeProcessingInitializeOnLoad (38ms)
			ProcessInitializeOnLoadAttributes (334ms)
			ProcessInitializeOnLoadMethodAttributes (36ms)
			AfterProcessingInitializeOnLoad (2ms)
			EditorAssembliesLoaded (0ms)
		ExecutionOrderSort2 (0ms)
		AwakeInstancesAfterBackupRestoration (5ms)
Refreshing native plugins compatible for Editor in 0.96 ms, found 2 plugins.
Preloading 0 native plugins for Editor in 0.00 ms.
Release of invalid GC handle. The handle is from a previous domain. The release operation is skipped.
Release of invalid GC handle native callstack: 
0x00007ff63674eb5d (Unity) StackWalker::GetCurrentCallstack
0x00007ff636753c39 (Unity) StackWalker::ShowCallstack
0x00007ff637744851 (Unity) GetStacktrace
0x00007ff63664ae8d (Unity) ScriptingGCHandle::ReleaseAndClear
0x00007ff636c1081c (Unity) UploadHandlerRaw::`vector deleting destructor'
0x00007ff636c113cd (Unity) UploadHandler::Release
0x00007ff636c0dc6d (Unity) UnityWebRequestProto<UnityWebRequestTransport,AtomicRefCounter,RedirectHelper,ResponseHelper,DownloadHandler,UploadHandler,CertificateHandler,HeaderHelper,AsyncOperation>::~UnityWebRequestProto<UnityWebRequestTransport,AtomicRefCounter,RedirectHelper,ResponseHelper,DownloadHandler,UploadHandler,CertificateHandler,HeaderHelper,AsyncOperation>
0x00007ff636c0df66 (Unity) UnityWebRequest::`vector deleting destructor'
0x00007ff6359640a7 (Unity) UnityWebRequestProto<UnityWebRequestTransport,AtomicRefCounter,RedirectHelper,ResponseHelper,DownloadHandler,UploadHandler,CertificateHandler,HeaderHelper,AsyncOperation>::Release
0x00007ff636c0f995 (Unity) UnityWebRequestAsyncOperation::InvokeCoroutine
0x00007ff636c0fb71 (Unity) UnityWebRequestProto<UnityWebRequestTransport,AtomicRefCounter,RedirectHelper,ResponseHelper,DownloadHandler,UploadHandler,CertificateHandler,HeaderHelper,AsyncOperation>::Job_InvokeCoroutine
0x00007ff636277d2a (Unity) BackgroundJobQueue::ExecuteMainThreadJobs
0x00007ff63632b49f (Unity) PreloadManager::WaitForAllAsyncOperationsToComplete
0x00007ff637aea248 (Unity) <lambda_b37b41f03089e3cb3f55061bbc93253d>::operator()
0x00007ff637b25a22 (Unity) asio::detail::completion_handler<core::mutable_function<void __cdecl(void)>,asio::io_context::basic_executor_type<std::allocator<void>,0> >::do_complete
0x00007ff637b1196e (Unity) asio::detail::win_iocp_io_context::do_one
0x00007ff637b135d4 (Unity) asio::detail::win_iocp_io_context::run
0x00007ff637b23dcc (Unity) IOService::Run
0x00007ff637af71cf (Unity) AssetImportWorkerClient::Run
0x00007ff637ac2b37 (Unity) RunAssetImportWorkerClientV2
0x00007ff637ac2bbb (Unity) RunAssetImporterV2
0x00007ff6372bba5e (Unity) Application::InitializeProject
0x00007ff63774f4e5 (Unity) WinMain
0x00007ff638b014de (Unity) __scrt_common_main_seh
0x00007ffd6b887374 (KERNEL32) BaseThreadInitThunk
0x00007ffd6d89cc91 (ntdll) RtlUserThreadStart
Unloading 1418 Unused Serialized files (Serialized files now loaded: 0)
Unloading 11 unused Assets / (26.4 KB). Loaded Objects now: 1976.
Memory consumption went from 101.1 MB to 101.1 MB.
Total: 2.849800 ms (FindLiveObjects: 0.140600 ms CreateObjectMapping: 0.049300 ms MarkObjects: 2.623300 ms  DeleteObjects: 0.035800 ms)

Prepare: number of updated asset objects reloaded= 0
AssetImportParameters requested are different than current active one (requested -> active):
  custom:video-encoder-webm-vp8: eb34c28f22e8b96e1ab97ce403110664 -> 
  custom:video-decoder-webm-vp8: 9c59270c3fd7afecdb556c50c9e8de78 -> 
  custom:audio-decoder-ogg-vorbis: bf7c407c2cedff20999df2af8eb42d56 -> 
  custom:SearchIndexIgnoredProperties: e643bd26f0fe6173181afceb89e7c659 -> 
  custom:container-demuxer-ogg: 62fdf1f143b41e24485cea50d1cbac27 -> 
  custom:AudioImporter_EditorPlatform: d09bf68614088b80899f8185d706f6e7 -> 
  custom:CustomObjectIndexerAttribute: 9a22284fe3817be447336de3de66b15e -> 
  custom:container-demuxer-webm: 4f35f7cbe854078d1ac9338744f61a02 -> 
  custom:scripting/monoscript/fileName/Trunk.cs: 3c77c879876a19ef3d7b12fd707afdea -> 
  custom:video-decoder-ogg-theora: a1e56fd34408186e4bbccfd4996cb3dc -> 
  custom:audio-encoder-webm-vorbis: bf7c407c2cedff20999df2af8eb42d56 -> 
  custom:framework-win-MediaFoundation: 216162199b28c13a410421893ffa2e32 -> 
  custom:scripting/precompiled-assembly-types:Assembly-CSharp: 35e155008052440fbe89500c9d019367 -> 482e17d551b00cd7946e9d7b35e05131
  custom:container-muxer-webm: aa71ff27fc2769a1b78a27578f13a17b -> 
========================================================================
Received Prepare
Caller must complete domain reload
Begin MonoManager ReloadAssembly
- Loaded All Assemblies, in  0.336 seconds
Native extension for WindowsStandalone target not found
Native extension for iOS target not found
Native extension for Android target not found
[Package Manager] Server::EnsureServerProcessIsRunning -- launch failed, reason: Unity was launched with the -noUpm command-line argument
[Package Manager] UpmClient::Send -- Unable to send message (not connected to UPM process).
[Package Manager] Cannot connect to Unity Package Manager local server
[Package Manager] Server::EnsureServerProcessIsRunning -- launch failed, reason: Unity was launched with the -noUpm command-line argument
[Package Manager] UpmClient::Send -- Unable to send message (not connected to UPM process).
[Package Manager] Cannot connect to Unity Package Manager local server
Failed to sync packages list
UnityEngine.StackTraceUtility:ExtractStackTrace ()
UnityEngine.DebugLogHandler:LogFormat (UnityEngine.LogType,UnityEngine.Object,string,object[])
UnityEngine.Logger:Log (UnityEngine.LogType,object)
UnityEngine.Debug:LogWarning (object)
 .  / :MoveNext ()
System.Runtime.CompilerServices.AsyncTaskMethodBuilder:Start< .  / > ( .  / &)
 .  :  ()
 .⁤/ :MoveNext ()
System.Runtime.CompilerServices.AsyncTaskMethodBuilder:Start< .⁤/ > ( .⁤/ &)
 .⁤:  ()
System.Reflection.RuntimeMethodInfo:Invoke (object,System.Reflection.BindingFlags,System.Reflection.Binder,object[],System.Globalization.CultureInfo)
System.Reflection.MethodBase:Invoke (object,object[])
UnityEditor.EditorAssemblies:ProcessInitializeOnLoadMethodAttributes ()

Mono: successfully reloaded assembly
- Finished resetting the current domain, in  0.643 seconds
Domain Reload Profiling: 979ms
	BeginReloadAssembly (124ms)
		ExecutionOrderSort (0ms)
		DisableScriptedObjects (4ms)
		BackupInstance (0ms)
		ReleaseScriptingObjects (0ms)
		CreateAndSetChildDomain (25ms)
	RebuildCommonClasses (40ms)
	RebuildNativeTypeToScriptingClass (10ms)
	initialDomainReloadingComplete (20ms)
	LoadAllAssembliesAndSetupDomain (142ms)
		LoadAssemblies (196ms)
		RebuildTransferFunctionScriptingTraits (0ms)
		AnalyzeDomain (15ms)
			TypeCache.Refresh (7ms)
				TypeCache.ScanAssembly (0ms)
			ScanForSourceGeneratedMonoScriptInfo (5ms)
			ResolveRequiredComponents (2ms)
	FinalizeReload (644ms)
		ReleaseScriptCaches (0ms)
		RebuildScriptCaches (0ms)
		SetupLoadedEditorAssemblies (439ms)
			LogAssemblyErrors (0ms)
			InitializePlatformSupportModulesInManaged (21ms)
			SetLoadedEditorAssemblies (2ms)
			RefreshPlugins (0ms)
			BeforeProcessingInitializeOnLoad (34ms)
			ProcessInitializeOnLoadAttributes (341ms)
			ProcessInitializeOnLoadMethodAttributes (38ms)
			AfterProcessingInitializeOnLoad (2ms)
			EditorAssembliesLoaded (0ms)
		ExecutionOrderSort2 (0ms)
		AwakeInstancesAfterBackupRestoration (5ms)
Refreshing native plugins compatible for Editor in 0.96 ms, found 2 plugins.
Preloading 0 native plugins for Editor in 0.00 ms.
Release of invalid GC handle. The handle is from a previous domain. The release operation is skipped.
Release of invalid GC handle native callstack: 
0x00007ff63674eb5d (Unity) StackWalker::GetCurrentCallstack
0x00007ff636753c39 (Unity) StackWalker::ShowCallstack
0x00007ff637744851 (Unity) GetStacktrace
0x00007ff63664ae8d (Unity) ScriptingGCHandle::ReleaseAndClear
0x00007ff636c1081c (Unity) UploadHandlerRaw::`vector deleting destructor'
0x00007ff636c113cd (Unity) UploadHandler::Release
0x00007ff636c0dc6d (Unity) UnityWebRequestProto<UnityWebRequestTransport,AtomicRefCounter,RedirectHelper,ResponseHelper,DownloadHandler,UploadHandler,CertificateHandler,HeaderHelper,AsyncOperation>::~UnityWebRequestProto<UnityWebRequestTransport,AtomicRefCounter,RedirectHelper,ResponseHelper,DownloadHandler,UploadHandler,CertificateHandler,HeaderHelper,AsyncOperation>
0x00007ff636c0df66 (Unity) UnityWebRequest::`vector deleting destructor'
0x00007ff6359640a7 (Unity) UnityWebRequestProto<UnityWebRequestTransport,AtomicRefCounter,RedirectHelper,ResponseHelper,DownloadHandler,UploadHandler,CertificateHandler,HeaderHelper,AsyncOperation>::Release
0x00007ff636c0f995 (Unity) UnityWebRequestAsyncOperation::InvokeCoroutine
0x00007ff636c0fb71 (Unity) UnityWebRequestProto<UnityWebRequestTransport,AtomicRefCounter,RedirectHelper,ResponseHelper,DownloadHandler,UploadHandler,CertificateHandler,HeaderHelper,AsyncOperation>::Job_InvokeCoroutine
0x00007ff636277d2a (Unity) BackgroundJobQueue::ExecuteMainThreadJobs
0x00007ff63632b49f (Unity) PreloadManager::WaitForAllAsyncOperationsToComplete
0x00007ff637aea248 (Unity) <lambda_b37b41f03089e3cb3f55061bbc93253d>::operator()
0x00007ff637b25a22 (Unity) asio::detail::completion_handler<core::mutable_function<void __cdecl(void)>,asio::io_context::basic_executor_type<std::allocator<void>,0> >::do_complete
0x00007ff637b1196e (Unity) asio::detail::win_iocp_io_context::do_one
0x00007ff637b135d4 (Unity) asio::detail::win_iocp_io_context::run
0x00007ff637b23dcc (Unity) IOService::Run
0x00007ff637af71cf (Unity) AssetImportWorkerClient::Run
0x00007ff637ac2b37 (Unity) RunAssetImportWorkerClientV2
0x00007ff637ac2bbb (Unity) RunAssetImporterV2
0x00007ff6372bba5e (Unity) Application::InitializeProject
0x00007ff63774f4e5 (Unity) WinMain
0x00007ff638b014de (Unity) __scrt_common_main_seh
0x00007ffd6b887374 (KERNEL32) BaseThreadInitThunk
0x00007ffd6d89cc91 (ntdll) RtlUserThreadStart
Unloading 1419 Unused Serialized files (Serialized files now loaded: 0)
Unloading 11 unused Assets / (26.4 KB). Loaded Objects now: 1982.
Memory consumption went from 101.3 MB to 101.3 MB.
Total: 4.679300 ms (FindLiveObjects: 0.155100 ms CreateObjectMapping: 0.061100 ms MarkObjects: 4.415400 ms  DeleteObjects: 0.046600 ms)

Prepare: number of updated asset objects reloaded= 0
AssetImportParameters requested are different than current active one (requested -> active):
  custom:video-encoder-webm-vp8: eb34c28f22e8b96e1ab97ce403110664 -> 
  custom:video-decoder-webm-vp8: 9c59270c3fd7afecdb556c50c9e8de78 -> 
  custom:audio-decoder-ogg-vorbis: bf7c407c2cedff20999df2af8eb42d56 -> 
  custom:SearchIndexIgnoredProperties: e643bd26f0fe6173181afceb89e7c659 -> 
  custom:container-demuxer-ogg: 62fdf1f143b41e24485cea50d1cbac27 -> 
  custom:AudioImporter_EditorPlatform: d09bf68614088b80899f8185d706f6e7 -> 
  custom:CustomObjectIndexerAttribute: 9a22284fe3817be447336de3de66b15e -> 
  custom:container-demuxer-webm: 4f35f7cbe854078d1ac9338744f61a02 -> 
  custom:scripting/monoscript/fileName/Trunk.cs: 3c77c879876a19ef3d7b12fd707afdea -> 
  custom:video-decoder-ogg-theora: a1e56fd34408186e4bbccfd4996cb3dc -> 
  custom:audio-encoder-webm-vorbis: bf7c407c2cedff20999df2af8eb42d56 -> 
  custom:framework-win-MediaFoundation: 216162199b28c13a410421893ffa2e32 -> 
  custom:scripting/precompiled-assembly-types:Assembly-CSharp: 84188044e8835ac68b8ee559f3cda815 -> 482e17d551b00cd7946e9d7b35e05131
  custom:scripting/monoscript/fileName/Chunk.cs: 2c601e55a29a773029fef31d3cc0f584 -> 
  custom:container-muxer-webm: aa71ff27fc2769a1b78a27578f13a17b -> 
========================================================================
Received Prepare
Caller must complete domain reload
Begin MonoManager ReloadAssembly
- Loaded All Assemblies, in  0.342 seconds
Native extension for WindowsStandalone target not found
Native extension for iOS target not found
Native extension for Android target not found
[Package Manager] Server::EnsureServerProcessIsRunning -- launch failed, reason: Unity was launched with the -noUpm command-line argument
[Package Manager] UpmClient::Send -- Unable to send message (not connected to UPM process).
[Package Manager] Cannot connect to Unity Package Manager local server
[Package Manager] Server::EnsureServerProcessIsRunning -- launch failed, reason: Unity was launched with the -noUpm command-line argument
[Package Manager] UpmClient::Send -- Unable to send message (not connected to UPM process).
[Package Manager] Cannot connect to Unity Package Manager local server
Failed to sync packages list
UnityEngine.StackTraceUtility:ExtractStackTrace ()
UnityEngine.DebugLogHandler:LogFormat (UnityEngine.LogType,UnityEngine.Object,string,object[])
UnityEngine.Logger:Log (UnityEngine.LogType,object)
UnityEngine.Debug:LogWarning (object)
 .  / :MoveNext ()
System.Runtime.CompilerServices.AsyncTaskMethodBuilder:Start< .  / > ( .  / &)
 .  :  ()
 .⁤/ :MoveNext ()
System.Runtime.CompilerServices.AsyncTaskMethodBuilder:Start< .⁤/ > ( .⁤/ &)
 .⁤:  ()
System.Reflection.RuntimeMethodInfo:Invoke (object,System.Reflection.BindingFlags,System.Reflection.Binder,object[],System.Globalization.CultureInfo)
System.Reflection.MethodBase:Invoke (object,object[])
UnityEditor.EditorAssemblies:ProcessInitializeOnLoadMethodAttributes ()

Mono: successfully reloaded assembly
- Finished resetting the current domain, in  0.675 seconds
Domain Reload Profiling: 1017ms
	BeginReloadAssembly (132ms)
		ExecutionOrderSort (0ms)
		DisableScriptedObjects (3ms)
		BackupInstance (0ms)
		ReleaseScriptingObjects (0ms)
		CreateAndSetChildDomain (28ms)
	RebuildCommonClasses (35ms)
	RebuildNativeTypeToScriptingClass (13ms)
	initialDomainReloadingComplete (25ms)
	LoadAllAssembliesAndSetupDomain (137ms)
		LoadAssemblies (192ms)
		RebuildTransferFunctionScriptingTraits (0ms)
		AnalyzeDomain (19ms)
			TypeCache.Refresh (9ms)
				TypeCache.ScanAssembly (0ms)
			ScanForSourceGeneratedMonoScriptInfo (8ms)
			ResolveRequiredComponents (2ms)
	FinalizeReload (676ms)
		ReleaseScriptCaches (0ms)
		RebuildScriptCaches (0ms)
		SetupLoadedEditorAssemblies (451ms)
			LogAssemblyErrors (0ms)
			InitializePlatformSupportModulesInManaged (21ms)
			SetLoadedEditorAssemblies (3ms)
			RefreshPlugins (0ms)
			BeforeProcessingInitializeOnLoad (36ms)
			ProcessInitializeOnLoadAttributes (345ms)
			ProcessInitializeOnLoadMethodAttributes (43ms)
			AfterProcessingInitializeOnLoad (2ms)
			EditorAssembliesLoaded (0ms)
		ExecutionOrderSort2 (0ms)
		AwakeInstancesAfterBackupRestoration (6ms)
Refreshing native plugins compatible for Editor in 1.00 ms, found 2 plugins.
Preloading 0 native plugins for Editor in 0.00 ms.
Release of invalid GC handle. The handle is from a previous domain. The release operation is skipped.
Release of invalid GC handle native callstack: 
0x00007ff63674eb5d (Unity) StackWalker::GetCurrentCallstack
0x00007ff636753c39 (Unity) StackWalker::ShowCallstack
0x00007ff637744851 (Unity) GetStacktrace
0x00007ff63664ae8d (Unity) ScriptingGCHandle::ReleaseAndClear
0x00007ff636c1081c (Unity) UploadHandlerRaw::`vector deleting destructor'
0x00007ff636c113cd (Unity) UploadHandler::Release
0x00007ff636c0dc6d (Unity) UnityWebRequestProto<UnityWebRequestTransport,AtomicRefCounter,RedirectHelper,ResponseHelper,DownloadHandler,UploadHandler,CertificateHandler,HeaderHelper,AsyncOperation>::~UnityWebRequestProto<UnityWebRequestTransport,AtomicRefCounter,RedirectHelper,ResponseHelper,DownloadHandler,UploadHandler,CertificateHandler,HeaderHelper,AsyncOperation>
0x00007ff636c0df66 (Unity) UnityWebRequest::`vector deleting destructor'
0x00007ff6359640a7 (Unity) UnityWebRequestProto<UnityWebRequestTransport,AtomicRefCounter,RedirectHelper,ResponseHelper,DownloadHandler,UploadHandler,CertificateHandler,HeaderHelper,AsyncOperation>::Release
0x00007ff636c0f995 (Unity) UnityWebRequestAsyncOperation::InvokeCoroutine
0x00007ff636c0fb71 (Unity) UnityWebRequestProto<UnityWebRequestTransport,AtomicRefCounter,RedirectHelper,ResponseHelper,DownloadHandler,UploadHandler,CertificateHandler,HeaderHelper,AsyncOperation>::Job_InvokeCoroutine
0x00007ff636277d2a (Unity) BackgroundJobQueue::ExecuteMainThreadJobs
0x00007ff63632b49f (Unity) PreloadManager::WaitForAllAsyncOperationsToComplete
0x00007ff637aea248 (Unity) <lambda_b37b41f03089e3cb3f55061bbc93253d>::operator()
0x00007ff637b25a22 (Unity) asio::detail::completion_handler<core::mutable_function<void __cdecl(void)>,asio::io_context::basic_executor_type<std::allocator<void>,0> >::do_complete
0x00007ff637b1196e (Unity) asio::detail::win_iocp_io_context::do_one
0x00007ff637b135d4 (Unity) asio::detail::win_iocp_io_context::run
0x00007ff637b23dcc (Unity) IOService::Run
0x00007ff637af71cf (Unity) AssetImportWorkerClient::Run
0x00007ff637ac2b37 (Unity) RunAssetImportWorkerClientV2
0x00007ff637ac2bbb (Unity) RunAssetImporterV2
0x00007ff6372bba5e (Unity) Application::InitializeProject
0x00007ff63774f4e5 (Unity) WinMain
0x00007ff638b014de (Unity) __scrt_common_main_seh
0x00007ffd6b887374 (KERNEL32) BaseThreadInitThunk
0x00007ffd6d89cc91 (ntdll) RtlUserThreadStart
Unloading 1419 Unused Serialized files (Serialized files now loaded: 0)
Unloading 11 unused Assets / (26.5 KB). Loaded Objects now: 1987.
Memory consumption went from 101.5 MB to 101.4 MB.
Total: 2.988500 ms (FindLiveObjects: 0.138200 ms CreateObjectMapping: 0.043700 ms MarkObjects: 2.754700 ms  DeleteObjects: 0.050700 ms)

Prepare: number of updated asset objects reloaded= 0
AssetImportParameters requested are different than current active one (requested -> active):
  custom:video-encoder-webm-vp8: eb34c28f22e8b96e1ab97ce403110664 -> 
  custom:video-decoder-webm-vp8: 9c59270c3fd7afecdb556c50c9e8de78 -> 
  custom:audio-decoder-ogg-vorbis: bf7c407c2cedff20999df2af8eb42d56 -> 
  custom:SearchIndexIgnoredProperties: e643bd26f0fe6173181afceb89e7c659 -> 
  custom:container-demuxer-ogg: 62fdf1f143b41e24485cea50d1cbac27 -> 
  custom:AudioImporter_EditorPlatform: d09bf68614088b80899f8185d706f6e7 -> 
  custom:CustomObjectIndexerAttribute: 9a22284fe3817be447336de3de66b15e -> 
  custom:container-demuxer-webm: 4f35f7cbe854078d1ac9338744f61a02 -> 
  custom:scripting/monoscript/fileName/Trunk.cs: 3c77c879876a19ef3d7b12fd707afdea -> 
  custom:video-decoder-ogg-theora: a1e56fd34408186e4bbccfd4996cb3dc -> 
  custom:audio-encoder-webm-vorbis: bf7c407c2cedff20999df2af8eb42d56 -> 
  custom:framework-win-MediaFoundation: 216162199b28c13a410421893ffa2e32 -> 
  custom:scripting/precompiled-assembly-types:Assembly-CSharp: 84188044e8835ac68b8ee559f3cda815 -> 482e17d551b00cd7946e9d7b35e05131
  custom:scripting/monoscript/fileName/Chunk.cs: 2c601e55a29a773029fef31d3cc0f584 -> 
  custom:container-muxer-webm: aa71ff27fc2769a1b78a27578f13a17b -> 
========================================================================
Received Prepare
Caller must complete domain reload
Begin MonoManager ReloadAssembly
- Loaded All Assemblies, in  0.311 seconds
Native extension for WindowsStandalone target not found
Native extension for iOS target not found
Native extension for Android target not found
[Package Manager] Server::EnsureServerProcessIsRunning -- launch failed, reason: Unity was launched with the -noUpm command-line argument
[Package Manager] UpmClient::Send -- Unable to send message (not connected to UPM process).
[Package Manager] Cannot connect to Unity Package Manager local server
[Package Manager] Server::EnsureServerProcessIsRunning -- launch failed, reason: Unity was launched with the -noUpm command-line argument
[Package Manager] UpmClient::Send -- Unable to send message (not connected to UPM process).
[Package Manager] Cannot connect to Unity Package Manager local server
Failed to sync packages list
UnityEngine.StackTraceUtility:ExtractStackTrace ()
UnityEngine.DebugLogHandler:LogFormat (UnityEngine.LogType,UnityEngine.Object,string,object[])
UnityEngine.Logger:Log (UnityEngine.LogType,object)
UnityEngine.Debug:LogWarning (object)
 .  / :MoveNext ()
System.Runtime.CompilerServices.AsyncTaskMethodBuilder:Start< .  / > ( .  / &)
 .  :  ()
 .⁤/ :MoveNext ()
System.Runtime.CompilerServices.AsyncTaskMethodBuilder:Start< .⁤/ > ( .⁤/ &)
 .⁤:  ()
System.Reflection.RuntimeMethodInfo:Invoke (object,System.Reflection.BindingFlags,System.Reflection.Binder,object[],System.Globalization.CultureInfo)
System.Reflection.MethodBase:Invoke (object,object[])
UnityEditor.EditorAssemblies:ProcessInitializeOnLoadMethodAttributes ()

Mono: successfully reloaded assembly
- Finished resetting the current domain, in  0.672 seconds
Domain Reload Profiling: 983ms
	BeginReloadAssembly (126ms)
		ExecutionOrderSort (0ms)
		DisableScriptedObjects (4ms)
		BackupInstance (0ms)
		ReleaseScriptingObjects (0ms)
		CreateAndSetChildDomain (25ms)
	RebuildCommonClasses (29ms)
	RebuildNativeTypeToScriptingClass (11ms)
	initialDomainReloadingComplete (19ms)
	LoadAllAssembliesAndSetupDomain (126ms)
		LoadAssemblies (182ms)
		RebuildTransferFunctionScriptingTraits (0ms)
		AnalyzeDomain (15ms)
			TypeCache.Refresh (6ms)
				TypeCache.ScanAssembly (0ms)
			ScanForSourceGeneratedMonoScriptInfo (5ms)
			ResolveRequiredComponents (2ms)
	FinalizeReload (673ms)
		ReleaseScriptCaches (0ms)
		RebuildScriptCaches (0ms)
		SetupLoadedEditorAssemblies (442ms)
			LogAssemblyErrors (0ms)
			InitializePlatformSupportModulesInManaged (21ms)
			SetLoadedEditorAssemblies (2ms)
			RefreshPlugins (0ms)
			BeforeProcessingInitializeOnLoad (36ms)
			ProcessInitializeOnLoadAttributes (343ms)
			ProcessInitializeOnLoadMethodAttributes (38ms)
			AfterProcessingInitializeOnLoad (2ms)
			EditorAssembliesLoaded (0ms)
		ExecutionOrderSort2 (0ms)
		AwakeInstancesAfterBackupRestoration (5ms)
Refreshing native plugins compatible for Editor in 1.04 ms, found 2 plugins.
Preloading 0 native plugins for Editor in 0.00 ms.
Release of invalid GC handle. The handle is from a previous domain. The release operation is skipped.
Release of invalid GC handle native callstack: 
0x00007ff63674eb5d (Unity) StackWalker::GetCurrentCallstack
0x00007ff636753c39 (Unity) StackWalker::ShowCallstack
0x00007ff637744851 (Unity) GetStacktrace
0x00007ff63664ae8d (Unity) ScriptingGCHandle::ReleaseAndClear
0x00007ff636c1081c (Unity) UploadHandlerRaw::`vector deleting destructor'
0x00007ff636c113cd (Unity) UploadHandler::Release
0x00007ff636c0dc6d (Unity) UnityWebRequestProto<UnityWebRequestTransport,AtomicRefCounter,RedirectHelper,ResponseHelper,DownloadHandler,UploadHandler,CertificateHandler,HeaderHelper,AsyncOperation>::~UnityWebRequestProto<UnityWebRequestTransport,AtomicRefCounter,RedirectHelper,ResponseHelper,DownloadHandler,UploadHandler,CertificateHandler,HeaderHelper,AsyncOperation>
0x00007ff636c0df66 (Unity) UnityWebRequest::`vector deleting destructor'
0x00007ff6359640a7 (Unity) UnityWebRequestProto<UnityWebRequestTransport,AtomicRefCounter,RedirectHelper,ResponseHelper,DownloadHandler,UploadHandler,CertificateHandler,HeaderHelper,AsyncOperation>::Release
0x00007ff636c0f995 (Unity) UnityWebRequestAsyncOperation::InvokeCoroutine
0x00007ff636c0fb71 (Unity) UnityWebRequestProto<UnityWebRequestTransport,AtomicRefCounter,RedirectHelper,ResponseHelper,DownloadHandler,UploadHandler,CertificateHandler,HeaderHelper,AsyncOperation>::Job_InvokeCoroutine
0x00007ff636277d2a (Unity) BackgroundJobQueue::ExecuteMainThreadJobs
0x00007ff63632b49f (Unity) PreloadManager::WaitForAllAsyncOperationsToComplete
0x00007ff637aea248 (Unity) <lambda_b37b41f03089e3cb3f55061bbc93253d>::operator()
0x00007ff637b25a22 (Unity) asio::detail::completion_handler<core::mutable_function<void __cdecl(void)>,asio::io_context::basic_executor_type<std::allocator<void>,0> >::do_complete
0x00007ff637b1196e (Unity) asio::detail::win_iocp_io_context::do_one
0x00007ff637b135d4 (Unity) asio::detail::win_iocp_io_context::run
0x00007ff637b23dcc (Unity) IOService::Run
0x00007ff637af71cf (Unity) AssetImportWorkerClient::Run
0x00007ff637ac2b37 (Unity) RunAssetImportWorkerClientV2
0x00007ff637ac2bbb (Unity) RunAssetImporterV2
0x00007ff6372bba5e (Unity) Application::InitializeProject
0x00007ff63774f4e5 (Unity) WinMain
0x00007ff638b014de (Unity) __scrt_common_main_seh
0x00007ffd6b887374 (KERNEL32) BaseThreadInitThunk
0x00007ffd6d89cc91 (ntdll) RtlUserThreadStart
Unloading 1419 Unused Serialized files (Serialized files now loaded: 0)
Unloading 11 unused Assets / (26.5 KB). Loaded Objects now: 1992.
Memory consumption went from 101.6 MB to 101.6 MB.
Total: 2.815800 ms (FindLiveObjects: 0.134600 ms CreateObjectMapping: 0.037500 ms MarkObjects: 2.604900 ms  DeleteObjects: 0.037400 ms)

Prepare: number of updated asset objects reloaded= 0
AssetImportParameters requested are different than current active one (requested -> active):
  custom:video-encoder-webm-vp8: eb34c28f22e8b96e1ab97ce403110664 -> 
  custom:video-decoder-webm-vp8: 9c59270c3fd7afecdb556c50c9e8de78 -> 
  custom:audio-decoder-ogg-vorbis: bf7c407c2cedff20999df2af8eb42d56 -> 
  custom:SearchIndexIgnoredProperties: e643bd26f0fe6173181afceb89e7c659 -> 
  custom:container-demuxer-ogg: 62fdf1f143b41e24485cea50d1cbac27 -> 
  custom:AudioImporter_EditorPlatform: d09bf68614088b80899f8185d706f6e7 -> 
  custom:CustomObjectIndexerAttribute: 9a22284fe3817be447336de3de66b15e -> 
  custom:container-demuxer-webm: 4f35f7cbe854078d1ac9338744f61a02 -> 
  custom:scripting/monoscript/fileName/Trunk.cs: 3c77c879876a19ef3d7b12fd707afdea -> 
  custom:video-decoder-ogg-theora: a1e56fd34408186e4bbccfd4996cb3dc -> 
  custom:audio-encoder-webm-vorbis: bf7c407c2cedff20999df2af8eb42d56 -> 
  custom:framework-win-MediaFoundation: 216162199b28c13a410421893ffa2e32 -> 
  custom:scripting/precompiled-assembly-types:Assembly-CSharp: 84188044e8835ac68b8ee559f3cda815 -> 482e17d551b00cd7946e9d7b35e05131
  custom:scripting/monoscript/fileName/Chunk.cs: 2c601e55a29a773029fef31d3cc0f584 -> 
  custom:container-muxer-webm: aa71ff27fc2769a1b78a27578f13a17b -> 
========================================================================
Received Prepare
Caller must complete domain reload
Begin MonoManager ReloadAssembly
- Loaded All Assemblies, in  0.335 seconds
Native extension for WindowsStandalone target not found
Native extension for iOS target not found
Native extension for Android target not found
[Package Manager] Server::EnsureServerProcessIsRunning -- launch failed, reason: Unity was launched with the -noUpm command-line argument
[Package Manager] UpmClient::Send -- Unable to send message (not connected to UPM process).
[Package Manager] Cannot connect to Unity Package Manager local server
[Package Manager] Server::EnsureServerProcessIsRunning -- launch failed, reason: Unity was launched with the -noUpm command-line argument
[Package Manager] UpmClient::Send -- Unable to send message (not connected to UPM process).
[Package Manager] Cannot connect to Unity Package Manager local server
Failed to sync packages list
UnityEngine.StackTraceUtility:ExtractStackTrace ()
UnityEngine.DebugLogHandler:LogFormat (UnityEngine.LogType,UnityEngine.Object,string,object[])
UnityEngine.Logger:Log (UnityEngine.LogType,object)
UnityEngine.Debug:LogWarning (object)
 .  / :MoveNext ()
System.Runtime.CompilerServices.AsyncTaskMethodBuilder:Start< .  / > ( .  / &)
 .  :  ()
 .⁤/ :MoveNext ()
System.Runtime.CompilerServices.AsyncTaskMethodBuilder:Start< .⁤/ > ( .⁤/ &)
 .⁤:  ()
System.Reflection.RuntimeMethodInfo:Invoke (object,System.Reflection.BindingFlags,System.Reflection.Binder,object[],System.Globalization.CultureInfo)
System.Reflection.MethodBase:Invoke (object,object[])
UnityEditor.EditorAssemblies:ProcessInitializeOnLoadMethodAttributes ()

Mono: successfully reloaded assembly
- Finished resetting the current domain, in  0.681 seconds
Domain Reload Profiling: 1017ms
	BeginReloadAssembly (139ms)
		ExecutionOrderSort (0ms)
		DisableScriptedObjects (5ms)
		BackupInstance (0ms)
		ReleaseScriptingObjects (0ms)
		CreateAndSetChildDomain (28ms)
	RebuildCommonClasses (30ms)
	RebuildNativeTypeToScriptingClass (10ms)
	initialDomainReloadingComplete (20ms)
	LoadAllAssembliesAndSetupDomain (135ms)
		LoadAssemblies (200ms)
		RebuildTransferFunctionScriptingTraits (0ms)
		AnalyzeDomain (9ms)
			TypeCache.Refresh (5ms)
				TypeCache.ScanAssembly (0ms)
			ScanForSourceGeneratedMonoScriptInfo (0ms)
			ResolveRequiredComponents (2ms)
	FinalizeReload (682ms)
		ReleaseScriptCaches (0ms)
		RebuildScriptCaches (0ms)
		SetupLoadedEditorAssemblies (464ms)
			LogAssemblyErrors (0ms)
			InitializePlatformSupportModulesInManaged (21ms)
			SetLoadedEditorAssemblies (2ms)
			RefreshPlugins (0ms)
			BeforeProcessingInitializeOnLoad (35ms)
			ProcessInitializeOnLoadAttributes (366ms)
			ProcessInitializeOnLoadMethodAttributes (38ms)
			AfterProcessingInitializeOnLoad (2ms)
			EditorAssembliesLoaded (0ms)
		ExecutionOrderSort2 (0ms)
		AwakeInstancesAfterBackupRestoration (6ms)
Refreshing native plugins compatible for Editor in 1.06 ms, found 2 plugins.
Preloading 0 native plugins for Editor in 0.00 ms.
Release of invalid GC handle. The handle is from a previous domain. The release operation is skipped.
Release of invalid GC handle native callstack: 
0x00007ff63674eb5d (Unity) StackWalker::GetCurrentCallstack
0x00007ff636753c39 (Unity) StackWalker::ShowCallstack
0x00007ff637744851 (Unity) GetStacktrace
0x00007ff63664ae8d (Unity) ScriptingGCHandle::ReleaseAndClear
0x00007ff636c1081c (Unity) UploadHandlerRaw::`vector deleting destructor'
0x00007ff636c113cd (Unity) UploadHandler::Release
0x00007ff636c0dc6d (Unity) UnityWebRequestProto<UnityWebRequestTransport,AtomicRefCounter,RedirectHelper,ResponseHelper,DownloadHandler,UploadHandler,CertificateHandler,HeaderHelper,AsyncOperation>::~UnityWebRequestProto<UnityWebRequestTransport,AtomicRefCounter,RedirectHelper,ResponseHelper,DownloadHandler,UploadHandler,CertificateHandler,HeaderHelper,AsyncOperation>
0x00007ff636c0df66 (Unity) UnityWebRequest::`vector deleting destructor'
0x00007ff6359640a7 (Unity) UnityWebRequestProto<UnityWebRequestTransport,AtomicRefCounter,RedirectHelper,ResponseHelper,DownloadHandler,UploadHandler,CertificateHandler,HeaderHelper,AsyncOperation>::Release
0x00007ff636c0f995 (Unity) UnityWebRequestAsyncOperation::InvokeCoroutine
0x00007ff636c0fb71 (Unity) UnityWebRequestProto<UnityWebRequestTransport,AtomicRefCounter,RedirectHelper,ResponseHelper,DownloadHandler,UploadHandler,CertificateHandler,HeaderHelper,AsyncOperation>::Job_InvokeCoroutine
0x00007ff636277d2a (Unity) BackgroundJobQueue::ExecuteMainThreadJobs
0x00007ff63632b49f (Unity) PreloadManager::WaitForAllAsyncOperationsToComplete
0x00007ff637aea248 (Unity) <lambda_b37b41f03089e3cb3f55061bbc93253d>::operator()
0x00007ff637b25a22 (Unity) asio::detail::completion_handler<core::mutable_function<void __cdecl(void)>,asio::io_context::basic_executor_type<std::allocator<void>,0> >::do_complete
0x00007ff637b1196e (Unity) asio::detail::win_iocp_io_context::do_one
0x00007ff637b135d4 (Unity) asio::detail::win_iocp_io_context::run
0x00007ff637b23dcc (Unity) IOService::Run
0x00007ff637af71cf (Unity) AssetImportWorkerClient::Run
0x00007ff637ac2b37 (Unity) RunAssetImportWorkerClientV2
0x00007ff637ac2bbb (Unity) RunAssetImporterV2
0x00007ff6372bba5e (Unity) Application::InitializeProject
0x00007ff63774f4e5 (Unity) WinMain
0x00007ff638b014de (Unity) __scrt_common_main_seh
0x00007ffd6b887374 (KERNEL32) BaseThreadInitThunk
0x00007ffd6d89cc91 (ntdll) RtlUserThreadStart
Unloading 1419 Unused Serialized files (Serialized files now loaded: 0)
Unloading 11 unused Assets / (26.5 KB). Loaded Objects now: 1997.
Memory consumption went from 101.8 MB to 101.7 MB.
Total: 2.806100 ms (FindLiveObjects: 0.110700 ms CreateObjectMapping: 0.032500 ms MarkObjects: 2.625900 ms  DeleteObjects: 0.035800 ms)

Prepare: number of updated asset objects reloaded= 0
AssetImportParameters requested are different than current active one (requested -> active):
  custom:video-encoder-webm-vp8: eb34c28f22e8b96e1ab97ce403110664 -> 
  custom:video-decoder-webm-vp8: 9c59270c3fd7afecdb556c50c9e8de78 -> 
  custom:audio-decoder-ogg-vorbis: bf7c407c2cedff20999df2af8eb42d56 -> 
  custom:SearchIndexIgnoredProperties: e643bd26f0fe6173181afceb89e7c659 -> 
  custom:container-demuxer-ogg: 62fdf1f143b41e24485cea50d1cbac27 -> 
  custom:AudioImporter_EditorPlatform: d09bf68614088b80899f8185d706f6e7 -> 
  custom:CustomObjectIndexerAttribute: 9a22284fe3817be447336de3de66b15e -> 
  custom:container-demuxer-webm: 4f35f7cbe854078d1ac9338744f61a02 -> 
  custom:scripting/monoscript/fileName/Trunk.cs: 3c77c879876a19ef3d7b12fd707afdea -> 
  custom:video-decoder-ogg-theora: a1e56fd34408186e4bbccfd4996cb3dc -> 
  custom:audio-encoder-webm-vorbis: bf7c407c2cedff20999df2af8eb42d56 -> 
  custom:framework-win-MediaFoundation: 216162199b28c13a410421893ffa2e32 -> 
  custom:scripting/precompiled-assembly-types:Assembly-CSharp: 84188044e8835ac68b8ee559f3cda815 -> 482e17d551b00cd7946e9d7b35e05131
  custom:scripting/monoscript/fileName/Chunk.cs: 2c601e55a29a773029fef31d3cc0f584 -> 
  custom:container-muxer-webm: aa71ff27fc2769a1b78a27578f13a17b -> 
========================================================================
Received Prepare
Caller must complete domain reload
Begin MonoManager ReloadAssembly
- Loaded All Assemblies, in  0.401 seconds
Native extension for WindowsStandalone target not found
Native extension for iOS target not found
Native extension for Android target not found
[Package Manager] Server::EnsureServerProcessIsRunning -- launch failed, reason: Unity was launched with the -noUpm command-line argument
[Package Manager] UpmClient::Send -- Unable to send message (not connected to UPM process).
[Package Manager] Cannot connect to Unity Package Manager local server
[Package Manager] Server::EnsureServerProcessIsRunning -- launch failed, reason: Unity was launched with the -noUpm command-line argument
[Package Manager] UpmClient::Send -- Unable to send message (not connected to UPM process).
[Package Manager] Cannot connect to Unity Package Manager local server
Failed to sync packages list
UnityEngine.StackTraceUtility:ExtractStackTrace ()
UnityEngine.DebugLogHandler:LogFormat (UnityEngine.LogType,UnityEngine.Object,string,object[])
UnityEngine.Logger:Log (UnityEngine.LogType,object)
UnityEngine.Debug:LogWarning (object)
 .  / :MoveNext ()
System.Runtime.CompilerServices.AsyncTaskMethodBuilder:Start< .  / > ( .  / &)
 .  :  ()
 .⁤/ :MoveNext ()
System.Runtime.CompilerServices.AsyncTaskMethodBuilder:Start< .⁤/ > ( .⁤/ &)
 .⁤:  ()
System.Reflection.RuntimeMethodInfo:Invoke (object,System.Reflection.BindingFlags,System.Reflection.Binder,object[],System.Globalization.CultureInfo)
System.Reflection.MethodBase:Invoke (object,object[])
UnityEditor.EditorAssemblies:ProcessInitializeOnLoadMethodAttributes ()

Mono: successfully reloaded assembly
- Finished resetting the current domain, in  0.716 seconds
Domain Reload Profiling: 1118ms
	BeginReloadAssembly (141ms)
		ExecutionOrderSort (0ms)
		DisableScriptedObjects (3ms)
		BackupInstance (0ms)
		ReleaseScriptingObjects (0ms)
		CreateAndSetChildDomain (34ms)
	RebuildCommonClasses (31ms)
	RebuildNativeTypeToScriptingClass (9ms)
	initialDomainReloadingComplete (28ms)
	LoadAllAssembliesAndSetupDomain (193ms)
		LoadAssemblies (234ms)
		RebuildTransferFunctionScriptingTraits (0ms)
		AnalyzeDomain (34ms)
			TypeCache.Refresh (13ms)
				TypeCache.ScanAssembly (0ms)
			ScanForSourceGeneratedMonoScriptInfo (13ms)
			ResolveRequiredComponents (5ms)
	FinalizeReload (716ms)
		ReleaseScriptCaches (0ms)
		RebuildScriptCaches (0ms)
		SetupLoadedEditorAssemblies (485ms)
			LogAssemblyErrors (0ms)
			InitializePlatformSupportModulesInManaged (26ms)
			SetLoadedEditorAssemblies (3ms)
			RefreshPlugins (0ms)
			BeforeProcessingInitializeOnLoad (34ms)
			ProcessInitializeOnLoadAttributes (372ms)
			ProcessInitializeOnLoadMethodAttributes (47ms)
			AfterProcessingInitializeOnLoad (3ms)
			EditorAssembliesLoaded (0ms)
		ExecutionOrderSort2 (0ms)
		AwakeInstancesAfterBackupRestoration (6ms)
Refreshing native plugins compatible for Editor in 1.61 ms, found 2 plugins.
Preloading 0 native plugins for Editor in 0.00 ms.
Release of invalid GC handle. The handle is from a previous domain. The release operation is skipped.
Release of invalid GC handle native callstack: 
0x00007ff63674eb5d (Unity) StackWalker::GetCurrentCallstack
0x00007ff636753c39 (Unity) StackWalker::ShowCallstack
0x00007ff637744851 (Unity) GetStacktrace
0x00007ff63664ae8d (Unity) ScriptingGCHandle::ReleaseAndClear
0x00007ff636c1081c (Unity) UploadHandlerRaw::`vector deleting destructor'
0x00007ff636c113cd (Unity) UploadHandler::Release
0x00007ff636c0dc6d (Unity) UnityWebRequestProto<UnityWebRequestTransport,AtomicRefCounter,RedirectHelper,ResponseHelper,DownloadHandler,UploadHandler,CertificateHandler,HeaderHelper,AsyncOperation>::~UnityWebRequestProto<UnityWebRequestTransport,AtomicRefCounter,RedirectHelper,ResponseHelper,DownloadHandler,UploadHandler,CertificateHandler,HeaderHelper,AsyncOperation>
0x00007ff636c0df66 (Unity) UnityWebRequest::`vector deleting destructor'
0x00007ff6359640a7 (Unity) UnityWebRequestProto<UnityWebRequestTransport,AtomicRefCounter,RedirectHelper,ResponseHelper,DownloadHandler,UploadHandler,CertificateHandler,HeaderHelper,AsyncOperation>::Release
0x00007ff636c0f995 (Unity) UnityWebRequestAsyncOperation::InvokeCoroutine
0x00007ff636c0fb71 (Unity) UnityWebRequestProto<UnityWebRequestTransport,AtomicRefCounter,RedirectHelper,ResponseHelper,DownloadHandler,UploadHandler,CertificateHandler,HeaderHelper,AsyncOperation>::Job_InvokeCoroutine
0x00007ff636277d2a (Unity) BackgroundJobQueue::ExecuteMainThreadJobs
0x00007ff63632b49f (Unity) PreloadManager::WaitForAllAsyncOperationsToComplete
0x00007ff637aea248 (Unity) <lambda_b37b41f03089e3cb3f55061bbc93253d>::operator()
0x00007ff637b25a22 (Unity) asio::detail::completion_handler<core::mutable_function<void __cdecl(void)>,asio::io_context::basic_executor_type<std::allocator<void>,0> >::do_complete
0x00007ff637b1196e (Unity) asio::detail::win_iocp_io_context::do_one
0x00007ff637b135d4 (Unity) asio::detail::win_iocp_io_context::run
0x00007ff637b23dcc (Unity) IOService::Run
0x00007ff637af71cf (Unity) AssetImportWorkerClient::Run
0x00007ff637ac2b37 (Unity) RunAssetImportWorkerClientV2
0x00007ff637ac2bbb (Unity) RunAssetImporterV2
0x00007ff6372bba5e (Unity) Application::InitializeProject
0x00007ff63774f4e5 (Unity) WinMain
0x00007ff638b014de (Unity) __scrt_common_main_seh
0x00007ffd6b887374 (KERNEL32) BaseThreadInitThunk
0x00007ffd6d89cc91 (ntdll) RtlUserThreadStart
Unloading 1420 Unused Serialized files (Serialized files now loaded: 0)
Unloading 11 unused Assets / (26.4 KB). Loaded Objects now: 2003.
Memory consumption went from 101.9 MB to 101.9 MB.
Total: 3.639000 ms (FindLiveObjects: 0.126300 ms CreateObjectMapping: 0.036000 ms MarkObjects: 3.435500 ms  DeleteObjects: 0.040000 ms)

Prepare: number of updated asset objects reloaded= 0
AssetImportParameters requested are different than current active one (requested -> active):
  custom:video-encoder-webm-vp8: eb34c28f22e8b96e1ab97ce403110664 -> 
  custom:video-decoder-webm-vp8: 9c59270c3fd7afecdb556c50c9e8de78 -> 
  custom:audio-decoder-ogg-vorbis: bf7c407c2cedff20999df2af8eb42d56 -> 
  custom:SearchIndexIgnoredProperties: e643bd26f0fe6173181afceb89e7c659 -> 
  custom:container-demuxer-ogg: 62fdf1f143b41e24485cea50d1cbac27 -> 
  custom:AudioImporter_EditorPlatform: d09bf68614088b80899f8185d706f6e7 -> 
  custom:CustomObjectIndexerAttribute: 9a22284fe3817be447336de3de66b15e -> 
  custom:container-demuxer-webm: 4f35f7cbe854078d1ac9338744f61a02 -> 
  custom:scripting/monoscript/fileName/Trunk.cs: 3c77c879876a19ef3d7b12fd707afdea -> 
  custom:scripting/monoscript/fileName/ChunkGenerator.cs: c34ac5ef3d79f6264782925317061fad -> 
  custom:video-decoder-ogg-theora: a1e56fd34408186e4bbccfd4996cb3dc -> 
  custom:audio-encoder-webm-vorbis: bf7c407c2cedff20999df2af8eb42d56 -> 
  custom:framework-win-MediaFoundation: 216162199b28c13a410421893ffa2e32 -> 
  custom:scripting/precompiled-assembly-types:Assembly-CSharp: 7efdaf758331962f222ae45c52aeb793 -> 482e17d551b00cd7946e9d7b35e05131
  custom:scripting/monoscript/fileName/Chunk.cs: 2c601e55a29a773029fef31d3cc0f584 -> 
  custom:container-muxer-webm: aa71ff27fc2769a1b78a27578f13a17b -> 
========================================================================
Received Prepare
Caller must complete domain reload
Begin MonoManager ReloadAssembly
- Loaded All Assemblies, in  0.398 seconds
Native extension for WindowsStandalone target not found
Native extension for iOS target not found
Native extension for Android target not found
[Package Manager] Server::EnsureServerProcessIsRunning -- launch failed, reason: Unity was launched with the -noUpm command-line argument
[Package Manager] UpmClient::Send -- Unable to send message (not connected to UPM process).
[Package Manager] Cannot connect to Unity Package Manager local server
[Package Manager] Server::EnsureServerProcessIsRunning -- launch failed, reason: Unity was launched with the -noUpm command-line argument
[Package Manager] UpmClient::Send -- Unable to send message (not connected to UPM process).
[Package Manager] Cannot connect to Unity Package Manager local server
Failed to sync packages list
UnityEngine.StackTraceUtility:ExtractStackTrace ()
UnityEngine.DebugLogHandler:LogFormat (UnityEngine.LogType,UnityEngine.Object,string,object[])
UnityEngine.Logger:Log (UnityEngine.LogType,object)
UnityEngine.Debug:LogWarning (object)
 .  / :MoveNext ()
System.Runtime.CompilerServices.AsyncTaskMethodBuilder:Start< .  / > ( .  / &)
 .  :  ()
 .⁤/ :MoveNext ()
System.Runtime.CompilerServices.AsyncTaskMethodBuilder:Start< .⁤/ > ( .⁤/ &)
 .⁤:  ()
System.Reflection.RuntimeMethodInfo:Invoke (object,System.Reflection.BindingFlags,System.Reflection.Binder,object[],System.Globalization.CultureInfo)
System.Reflection.MethodBase:Invoke (object,object[])
UnityEditor.EditorAssemblies:ProcessInitializeOnLoadMethodAttributes ()

Mono: successfully reloaded assembly
- Finished resetting the current domain, in  0.718 seconds
Domain Reload Profiling: 1115ms
	BeginReloadAssembly (161ms)
		ExecutionOrderSort (0ms)
		DisableScriptedObjects (4ms)
		BackupInstance (0ms)
		ReleaseScriptingObjects (0ms)
		CreateAndSetChildDomain (40ms)
	RebuildCommonClasses (38ms)
	RebuildNativeTypeToScriptingClass (10ms)
	initialDomainReloadingComplete (29ms)
	LoadAllAssembliesAndSetupDomain (159ms)
		LoadAssemblies (226ms)
		RebuildTransferFunctionScriptingTraits (0ms)
		AnalyzeDomain (21ms)
			TypeCache.Refresh (9ms)
				TypeCache.ScanAssembly (1ms)
			ScanForSourceGeneratedMonoScriptInfo (9ms)
			ResolveRequiredComponents (2ms)
	FinalizeReload (718ms)
		ReleaseScriptCaches (0ms)
		RebuildScriptCaches (0ms)
		SetupLoadedEditorAssemblies (499ms)
			LogAssemblyErrors (0ms)
			InitializePlatformSupportModulesInManaged (21ms)
			SetLoadedEditorAssemblies (2ms)
			RefreshPlugins (0ms)
			BeforeProcessingInitializeOnLoad (34ms)
			ProcessInitializeOnLoadAttributes (386ms)
			ProcessInitializeOnLoadMethodAttributes (52ms)
			AfterProcessingInitializeOnLoad (3ms)
			EditorAssembliesLoaded (0ms)
		ExecutionOrderSort2 (0ms)
		AwakeInstancesAfterBackupRestoration (7ms)
Refreshing native plugins compatible for Editor in 2.63 ms, found 2 plugins.
Preloading 0 native plugins for Editor in 0.00 ms.
Release of invalid GC handle. The handle is from a previous domain. The release operation is skipped.
Release of invalid GC handle native callstack: 
0x00007ff63674eb5d (Unity) StackWalker::GetCurrentCallstack
0x00007ff636753c39 (Unity) StackWalker::ShowCallstack
0x00007ff637744851 (Unity) GetStacktrace
0x00007ff63664ae8d (Unity) ScriptingGCHandle::ReleaseAndClear
0x00007ff636c1081c (Unity) UploadHandlerRaw::`vector deleting destructor'
0x00007ff636c113cd (Unity) UploadHandler::Release
0x00007ff636c0dc6d (Unity) UnityWebRequestProto<UnityWebRequestTransport,AtomicRefCounter,RedirectHelper,ResponseHelper,DownloadHandler,UploadHandler,CertificateHandler,HeaderHelper,AsyncOperation>::~UnityWebRequestProto<UnityWebRequestTransport,AtomicRefCounter,RedirectHelper,ResponseHelper,DownloadHandler,UploadHandler,CertificateHandler,HeaderHelper,AsyncOperation>
0x00007ff636c0df66 (Unity) UnityWebRequest::`vector deleting destructor'
0x00007ff6359640a7 (Unity) UnityWebRequestProto<UnityWebRequestTransport,AtomicRefCounter,RedirectHelper,ResponseHelper,DownloadHandler,UploadHandler,CertificateHandler,HeaderHelper,AsyncOperation>::Release
0x00007ff636c0f995 (Unity) UnityWebRequestAsyncOperation::InvokeCoroutine
0x00007ff636c0fb71 (Unity) UnityWebRequestProto<UnityWebRequestTransport,AtomicRefCounter,RedirectHelper,ResponseHelper,DownloadHandler,UploadHandler,CertificateHandler,HeaderHelper,AsyncOperation>::Job_InvokeCoroutine
0x00007ff636277d2a (Unity) BackgroundJobQueue::ExecuteMainThreadJobs
0x00007ff63632b49f (Unity) PreloadManager::WaitForAllAsyncOperationsToComplete
0x00007ff637aea248 (Unity) <lambda_b37b41f03089e3cb3f55061bbc93253d>::operator()
0x00007ff637b25a22 (Unity) asio::detail::completion_handler<core::mutable_function<void __cdecl(void)>,asio::io_context::basic_executor_type<std::allocator<void>,0> >::do_complete
0x00007ff637b1196e (Unity) asio::detail::win_iocp_io_context::do_one
0x00007ff637b135d4 (Unity) asio::detail::win_iocp_io_context::run
0x00007ff637b23dcc (Unity) IOService::Run
0x00007ff637af71cf (Unity) AssetImportWorkerClient::Run
0x00007ff637ac2b37 (Unity) RunAssetImportWorkerClientV2
0x00007ff637ac2bbb (Unity) RunAssetImporterV2
0x00007ff6372bba5e (Unity) Application::InitializeProject
0x00007ff63774f4e5 (Unity) WinMain
0x00007ff638b014de (Unity) __scrt_common_main_seh
0x00007ffd6b887374 (KERNEL32) BaseThreadInitThunk
0x00007ffd6d89cc91 (ntdll) RtlUserThreadStart
Unloading 1420 Unused Serialized files (Serialized files now loaded: 0)
Unloading 11 unused Assets / (26.5 KB). Loaded Objects now: 2008.
Memory consumption went from 102.1 MB to 102.1 MB.
Total: 4.658300 ms (FindLiveObjects: 0.198800 ms CreateObjectMapping: 0.045000 ms MarkObjects: 4.359300 ms  DeleteObjects: 0.052500 ms)

Prepare: number of updated asset objects reloaded= 0
AssetImportParameters requested are different than current active one (requested -> active):
  custom:video-encoder-webm-vp8: eb34c28f22e8b96e1ab97ce403110664 -> 
  custom:video-decoder-webm-vp8: 9c59270c3fd7afecdb556c50c9e8de78 -> 
  custom:audio-decoder-ogg-vorbis: bf7c407c2cedff20999df2af8eb42d56 -> 
  custom:SearchIndexIgnoredProperties: e643bd26f0fe6173181afceb89e7c659 -> 
  custom:container-demuxer-ogg: 62fdf1f143b41e24485cea50d1cbac27 -> 
  custom:AudioImporter_EditorPlatform: d09bf68614088b80899f8185d706f6e7 -> 
  custom:CustomObjectIndexerAttribute: 9a22284fe3817be447336de3de66b15e -> 
  custom:container-demuxer-webm: 4f35f7cbe854078d1ac9338744f61a02 -> 
  custom:scripting/monoscript/fileName/Trunk.cs: 3c77c879876a19ef3d7b12fd707afdea -> 
  custom:scripting/monoscript/fileName/ChunkGenerator.cs: c34ac5ef3d79f6264782925317061fad -> 
  custom:video-decoder-ogg-theora: a1e56fd34408186e4bbccfd4996cb3dc -> 
  custom:audio-encoder-webm-vorbis: bf7c407c2cedff20999df2af8eb42d56 -> 
  custom:framework-win-MediaFoundation: 216162199b28c13a410421893ffa2e32 -> 
  custom:scripting/precompiled-assembly-types:Assembly-CSharp: 7efdaf758331962f222ae45c52aeb793 -> 482e17d551b00cd7946e9d7b35e05131
  custom:scripting/monoscript/fileName/Chunk.cs: 2c601e55a29a773029fef31d3cc0f584 -> 
  custom:container-muxer-webm: aa71ff27fc2769a1b78a27578f13a17b -> 
========================================================================
Received Prepare
Caller must complete domain reload
Begin MonoManager ReloadAssembly
- Loaded All Assemblies, in  0.388 seconds
Native extension for WindowsStandalone target not found
Native extension for iOS target not found
Native extension for Android target not found
[Package Manager] Server::EnsureServerProcessIsRunning -- launch failed, reason: Unity was launched with the -noUpm command-line argument
[Package Manager] UpmClient::Send -- Unable to send message (not connected to UPM process).
[Package Manager] Cannot connect to Unity Package Manager local server
[Package Manager] Server::EnsureServerProcessIsRunning -- launch failed, reason: Unity was launched with the -noUpm command-line argument
[Package Manager] UpmClient::Send -- Unable to send message (not connected to UPM process).
[Package Manager] Cannot connect to Unity Package Manager local server
Failed to sync packages list
UnityEngine.StackTraceUtility:ExtractStackTrace ()
UnityEngine.DebugLogHandler:LogFormat (UnityEngine.LogType,UnityEngine.Object,string,object[])
UnityEngine.Logger:Log (UnityEngine.LogType,object)
UnityEngine.Debug:LogWarning (object)
 .  / :MoveNext ()
System.Runtime.CompilerServices.AsyncTaskMethodBuilder:Start< .  / > ( .  / &)
 .  :  ()
 .⁤/ :MoveNext ()
System.Runtime.CompilerServices.AsyncTaskMethodBuilder:Start< .⁤/ > ( .⁤/ &)
 .⁤:  ()
System.Reflection.RuntimeMethodInfo:Invoke (object,System.Reflection.BindingFlags,System.Reflection.Binder,object[],System.Globalization.CultureInfo)
System.Reflection.MethodBase:Invoke (object,object[])
UnityEditor.EditorAssemblies:ProcessInitializeOnLoadMethodAttributes ()

Mono: successfully reloaded assembly
- Finished resetting the current domain, in  0.750 seconds
Domain Reload Profiling: 1138ms
	BeginReloadAssembly (162ms)
		ExecutionOrderSort (0ms)
		DisableScriptedObjects (4ms)
		BackupInstance (0ms)
		ReleaseScriptingObjects (0ms)
		CreateAndSetChildDomain (39ms)
	RebuildCommonClasses (31ms)
	RebuildNativeTypeToScriptingClass (12ms)
	initialDomainReloadingComplete (23ms)
	LoadAllAssembliesAndSetupDomain (160ms)
		LoadAssemblies (223ms)
		RebuildTransferFunctionScriptingTraits (0ms)
		AnalyzeDomain (19ms)
			TypeCache.Refresh (9ms)
				TypeCache.ScanAssembly (0ms)
			ScanForSourceGeneratedMonoScriptInfo (7ms)
			ResolveRequiredComponents (2ms)
	FinalizeReload (750ms)
		ReleaseScriptCaches (0ms)
		RebuildScriptCaches (0ms)
		SetupLoadedEditorAssemblies (508ms)
			LogAssemblyErrors (0ms)
			InitializePlatformSupportModulesInManaged (27ms)
			SetLoadedEditorAssemblies (2ms)
			RefreshPlugins (0ms)
			BeforeProcessingInitializeOnLoad (34ms)
			ProcessInitializeOnLoadAttributes (382ms)
			ProcessInitializeOnLoadMethodAttributes (59ms)
			AfterProcessingInitializeOnLoad (3ms)
			EditorAssembliesLoaded (0ms)
		ExecutionOrderSort2 (0ms)
		AwakeInstancesAfterBackupRestoration (8ms)
Refreshing native plugins compatible for Editor in 0.96 ms, found 2 plugins.
Preloading 0 native plugins for Editor in 0.00 ms.
Release of invalid GC handle. The handle is from a previous domain. The release operation is skipped.
Release of invalid GC handle native callstack: 
0x00007ff63674eb5d (Unity) StackWalker::GetCurrentCallstack
0x00007ff636753c39 (Unity) StackWalker::ShowCallstack
0x00007ff637744851 (Unity) GetStacktrace
0x00007ff63664ae8d (Unity) ScriptingGCHandle::ReleaseAndClear
0x00007ff636c1081c (Unity) UploadHandlerRaw::`vector deleting destructor'
0x00007ff636c113cd (Unity) UploadHandler::Release
0x00007ff636c0dc6d (Unity) UnityWebRequestProto<UnityWebRequestTransport,AtomicRefCounter,RedirectHelper,ResponseHelper,DownloadHandler,UploadHandler,CertificateHandler,HeaderHelper,AsyncOperation>::~UnityWebRequestProto<UnityWebRequestTransport,AtomicRefCounter,RedirectHelper,ResponseHelper,DownloadHandler,UploadHandler,CertificateHandler,HeaderHelper,AsyncOperation>
0x00007ff636c0df66 (Unity) UnityWebRequest::`vector deleting destructor'
0x00007ff6359640a7 (Unity) UnityWebRequestProto<UnityWebRequestTransport,AtomicRefCounter,RedirectHelper,ResponseHelper,DownloadHandler,UploadHandler,CertificateHandler,HeaderHelper,AsyncOperation>::Release
0x00007ff636c0f995 (Unity) UnityWebRequestAsyncOperation::InvokeCoroutine
0x00007ff636c0fb71 (Unity) UnityWebRequestProto<UnityWebRequestTransport,AtomicRefCounter,RedirectHelper,ResponseHelper,DownloadHandler,UploadHandler,CertificateHandler,HeaderHelper,AsyncOperation>::Job_InvokeCoroutine
0x00007ff636277d2a (Unity) BackgroundJobQueue::ExecuteMainThreadJobs
0x00007ff63632b49f (Unity) PreloadManager::WaitForAllAsyncOperationsToComplete
0x00007ff637aea248 (Unity) <lambda_b37b41f03089e3cb3f55061bbc93253d>::operator()
0x00007ff637b25a22 (Unity) asio::detail::completion_handler<core::mutable_function<void __cdecl(void)>,asio::io_context::basic_executor_type<std::allocator<void>,0> >::do_complete
0x00007ff637b1196e (Unity) asio::detail::win_iocp_io_context::do_one
0x00007ff637b135d4 (Unity) asio::detail::win_iocp_io_context::run
0x00007ff637b23dcc (Unity) IOService::Run
0x00007ff637af71cf (Unity) AssetImportWorkerClient::Run
0x00007ff637ac2b37 (Unity) RunAssetImportWorkerClientV2
0x00007ff637ac2bbb (Unity) RunAssetImporterV2
0x00007ff6372bba5e (Unity) Application::InitializeProject
0x00007ff63774f4e5 (Unity) WinMain
0x00007ff638b014de (Unity) __scrt_common_main_seh
0x00007ffd6b887374 (KERNEL32) BaseThreadInitThunk
0x00007ffd6d89cc91 (ntdll) RtlUserThreadStart
Unloading 1420 Unused Serialized files (Serialized files now loaded: 0)
Unloading 11 unused Assets / (26.5 KB). Loaded Objects now: 2013.
Memory consumption went from 102.2 MB to 102.2 MB.
Total: 3.017000 ms (FindLiveObjects: 0.121400 ms CreateObjectMapping: 0.037100 ms MarkObjects: 2.806400 ms  DeleteObjects: 0.050800 ms)

Prepare: number of updated asset objects reloaded= 0
AssetImportParameters requested are different than current active one (requested -> active):
  custom:video-encoder-webm-vp8: eb34c28f22e8b96e1ab97ce403110664 -> 
  custom:video-decoder-webm-vp8: 9c59270c3fd7afecdb556c50c9e8de78 -> 
  custom:audio-decoder-ogg-vorbis: bf7c407c2cedff20999df2af8eb42d56 -> 
  custom:SearchIndexIgnoredProperties: e643bd26f0fe6173181afceb89e7c659 -> 
  custom:container-demuxer-ogg: 62fdf1f143b41e24485cea50d1cbac27 -> 
  custom:AudioImporter_EditorPlatform: d09bf68614088b80899f8185d706f6e7 -> 
  custom:CustomObjectIndexerAttribute: 9a22284fe3817be447336de3de66b15e -> 
  custom:container-demuxer-webm: 4f35f7cbe854078d1ac9338744f61a02 -> 
  custom:scripting/monoscript/fileName/Trunk.cs: 3c77c879876a19ef3d7b12fd707afdea -> 
  custom:scripting/monoscript/fileName/ChunkGenerator.cs: c34ac5ef3d79f6264782925317061fad -> 
  custom:video-decoder-ogg-theora: a1e56fd34408186e4bbccfd4996cb3dc -> 
  custom:audio-encoder-webm-vorbis: bf7c407c2cedff20999df2af8eb42d56 -> 
  custom:framework-win-MediaFoundation: 216162199b28c13a410421893ffa2e32 -> 
  custom:scripting/precompiled-assembly-types:Assembly-CSharp: 7efdaf758331962f222ae45c52aeb793 -> 482e17d551b00cd7946e9d7b35e05131
  custom:scripting/monoscript/fileName/Chunk.cs: 2c601e55a29a773029fef31d3cc0f584 -> 
  custom:container-muxer-webm: aa71ff27fc2769a1b78a27578f13a17b -> 
========================================================================
Received Prepare
Caller must complete domain reload
Begin MonoManager ReloadAssembly
- Loaded All Assemblies, in  0.340 seconds
Native extension for WindowsStandalone target not found
Native extension for iOS target not found
Native extension for Android target not found
[Package Manager] Server::EnsureServerProcessIsRunning -- launch failed, reason: Unity was launched with the -noUpm command-line argument
[Package Manager] UpmClient::Send -- Unable to send message (not connected to UPM process).
[Package Manager] Cannot connect to Unity Package Manager local server
[Package Manager] Server::EnsureServerProcessIsRunning -- launch failed, reason: Unity was launched with the -noUpm command-line argument
[Package Manager] UpmClient::Send -- Unable to send message (not connected to UPM process).
[Package Manager] Cannot connect to Unity Package Manager local server
Failed to sync packages list
UnityEngine.StackTraceUtility:ExtractStackTrace ()
UnityEngine.DebugLogHandler:LogFormat (UnityEngine.LogType,UnityEngine.Object,string,object[])
UnityEngine.Logger:Log (UnityEngine.LogType,object)
UnityEngine.Debug:LogWarning (object)
 .  / :MoveNext ()
System.Runtime.CompilerServices.AsyncTaskMethodBuilder:Start< .  / > ( .  / &)
 .  :  ()
 .⁤/ :MoveNext ()
System.Runtime.CompilerServices.AsyncTaskMethodBuilder:Start< .⁤/ > ( .⁤/ &)
 .⁤:  ()
System.Reflection.RuntimeMethodInfo:Invoke (object,System.Reflection.BindingFlags,System.Reflection.Binder,object[],System.Globalization.CultureInfo)
System.Reflection.MethodBase:Invoke (object,object[])
UnityEditor.EditorAssemblies:ProcessInitializeOnLoadMethodAttributes ()

Mono: successfully reloaded assembly
- Finished resetting the current domain, in  0.679 seconds
Domain Reload Profiling: 1019ms
	BeginReloadAssembly (140ms)
		ExecutionOrderSort (0ms)
		DisableScriptedObjects (6ms)
		BackupInstance (0ms)
		ReleaseScriptingObjects (0ms)
		CreateAndSetChildDomain (34ms)
	RebuildCommonClasses (35ms)
	RebuildNativeTypeToScriptingClass (13ms)
	initialDomainReloadingComplete (22ms)
	LoadAllAssembliesAndSetupDomain (129ms)
		LoadAssemblies (190ms)
		RebuildTransferFunctionScriptingTraits (0ms)
		AnalyzeDomain (8ms)
			TypeCache.Refresh (4ms)
				TypeCache.ScanAssembly (0ms)
			ScanForSourceGeneratedMonoScriptInfo (0ms)
			ResolveRequiredComponents (2ms)
	FinalizeReload (680ms)
		ReleaseScriptCaches (0ms)
		RebuildScriptCaches (0ms)
		SetupLoadedEditorAssemblies (467ms)
			LogAssemblyErrors (0ms)
			InitializePlatformSupportModulesInManaged (21ms)
			SetLoadedEditorAssemblies (2ms)
			RefreshPlugins (0ms)
			BeforeProcessingInitializeOnLoad (37ms)
			ProcessInitializeOnLoadAttributes (358ms)
			ProcessInitializeOnLoadMethodAttributes (47ms)
			AfterProcessingInitializeOnLoad (2ms)
			EditorAssembliesLoaded (0ms)
		ExecutionOrderSort2 (0ms)
		AwakeInstancesAfterBackupRestoration (5ms)
Refreshing native plugins compatible for Editor in 1.15 ms, found 2 plugins.
Preloading 0 native plugins for Editor in 0.00 ms.
Release of invalid GC handle. The handle is from a previous domain. The release operation is skipped.
Release of invalid GC handle native callstack: 
0x00007ff63674eb5d (Unity) StackWalker::GetCurrentCallstack
0x00007ff636753c39 (Unity) StackWalker::ShowCallstack
0x00007ff637744851 (Unity) GetStacktrace
0x00007ff63664ae8d (Unity) ScriptingGCHandle::ReleaseAndClear
0x00007ff636c1081c (Unity) UploadHandlerRaw::`vector deleting destructor'
0x00007ff636c113cd (Unity) UploadHandler::Release
0x00007ff636c0dc6d (Unity) UnityWebRequestProto<UnityWebRequestTransport,AtomicRefCounter,RedirectHelper,ResponseHelper,DownloadHandler,UploadHandler,CertificateHandler,HeaderHelper,AsyncOperation>::~UnityWebRequestProto<UnityWebRequestTransport,AtomicRefCounter,RedirectHelper,ResponseHelper,DownloadHandler,UploadHandler,CertificateHandler,HeaderHelper,AsyncOperation>
0x00007ff636c0df66 (Unity) UnityWebRequest::`vector deleting destructor'
0x00007ff6359640a7 (Unity) UnityWebRequestProto<UnityWebRequestTransport,AtomicRefCounter,RedirectHelper,ResponseHelper,DownloadHandler,UploadHandler,CertificateHandler,HeaderHelper,AsyncOperation>::Release
0x00007ff636c0f995 (Unity) UnityWebRequestAsyncOperation::InvokeCoroutine
0x00007ff636c0fb71 (Unity) UnityWebRequestProto<UnityWebRequestTransport,AtomicRefCounter,RedirectHelper,ResponseHelper,DownloadHandler,UploadHandler,CertificateHandler,HeaderHelper,AsyncOperation>::Job_InvokeCoroutine
0x00007ff636277d2a (Unity) BackgroundJobQueue::ExecuteMainThreadJobs
0x00007ff63632b49f (Unity) PreloadManager::WaitForAllAsyncOperationsToComplete
0x00007ff637aea248 (Unity) <lambda_b37b41f03089e3cb3f55061bbc93253d>::operator()
0x00007ff637b25a22 (Unity) asio::detail::completion_handler<core::mutable_function<void __cdecl(void)>,asio::io_context::basic_executor_type<std::allocator<void>,0> >::do_complete
0x00007ff637b1196e (Unity) asio::detail::win_iocp_io_context::do_one
0x00007ff637b135d4 (Unity) asio::detail::win_iocp_io_context::run
0x00007ff637b23dcc (Unity) IOService::Run
0x00007ff637af71cf (Unity) AssetImportWorkerClient::Run
0x00007ff637ac2b37 (Unity) RunAssetImportWorkerClientV2
0x00007ff637ac2bbb (Unity) RunAssetImporterV2
0x00007ff6372bba5e (Unity) Application::InitializeProject
0x00007ff63774f4e5 (Unity) WinMain
0x00007ff638b014de (Unity) __scrt_common_main_seh
0x00007ffd6b887374 (KERNEL32) BaseThreadInitThunk
0x00007ffd6d89cc91 (ntdll) RtlUserThreadStart
Unloading 1420 Unused Serialized files (Serialized files now loaded: 0)
Unloading 11 unused Assets / (26.5 KB). Loaded Objects now: 2018.
Memory consumption went from 102.4 MB to 102.4 MB.
Total: 2.708900 ms (FindLiveObjects: 0.148500 ms CreateObjectMapping: 0.054300 ms MarkObjects: 2.473400 ms  DeleteObjects: 0.031600 ms)

Prepare: number of updated asset objects reloaded= 0
AssetImportParameters requested are different than current active one (requested -> active):
  custom:video-encoder-webm-vp8: eb34c28f22e8b96e1ab97ce403110664 -> 
  custom:video-decoder-webm-vp8: 9c59270c3fd7afecdb556c50c9e8de78 -> 
  custom:audio-decoder-ogg-vorbis: bf7c407c2cedff20999df2af8eb42d56 -> 
  custom:SearchIndexIgnoredProperties: e643bd26f0fe6173181afceb89e7c659 -> 
  custom:container-demuxer-ogg: 62fdf1f143b41e24485cea50d1cbac27 -> 
  custom:AudioImporter_EditorPlatform: d09bf68614088b80899f8185d706f6e7 -> 
  custom:CustomObjectIndexerAttribute: 9a22284fe3817be447336de3de66b15e -> 
  custom:container-demuxer-webm: 4f35f7cbe854078d1ac9338744f61a02 -> 
  custom:scripting/monoscript/fileName/Trunk.cs: 3c77c879876a19ef3d7b12fd707afdea -> 
  custom:scripting/monoscript/fileName/ChunkGenerator.cs: c34ac5ef3d79f6264782925317061fad -> 
  custom:video-decoder-ogg-theora: a1e56fd34408186e4bbccfd4996cb3dc -> 
  custom:audio-encoder-webm-vorbis: bf7c407c2cedff20999df2af8eb42d56 -> 
  custom:framework-win-MediaFoundation: 216162199b28c13a410421893ffa2e32 -> 
  custom:scripting/precompiled-assembly-types:Assembly-CSharp: 7efdaf758331962f222ae45c52aeb793 -> 482e17d551b00cd7946e9d7b35e05131
  custom:scripting/monoscript/fileName/Chunk.cs: 2c601e55a29a773029fef31d3cc0f584 -> 
  custom:container-muxer-webm: aa71ff27fc2769a1b78a27578f13a17b -> 
========================================================================
Received Prepare
Caller must complete domain reload
Begin MonoManager ReloadAssembly
- Loaded All Assemblies, in  0.329 seconds
Native extension for WindowsStandalone target not found
Native extension for iOS target not found
Native extension for Android target not found
[Package Manager] Server::EnsureServerProcessIsRunning -- launch failed, reason: Unity was launched with the -noUpm command-line argument
[Package Manager] UpmClient::Send -- Unable to send message (not connected to UPM process).
[Package Manager] Cannot connect to Unity Package Manager local server
[Package Manager] Server::EnsureServerProcessIsRunning -- launch failed, reason: Unity was launched with the -noUpm command-line argument
[Package Manager] UpmClient::Send -- Unable to send message (not connected to UPM process).
[Package Manager] Cannot connect to Unity Package Manager local server
Failed to sync packages list
UnityEngine.StackTraceUtility:ExtractStackTrace ()
UnityEngine.DebugLogHandler:LogFormat (UnityEngine.LogType,UnityEngine.Object,string,object[])
UnityEngine.Logger:Log (UnityEngine.LogType,object)
UnityEngine.Debug:LogWarning (object)
 .  / :MoveNext ()
System.Runtime.CompilerServices.AsyncTaskMethodBuilder:Start< .  / > ( .  / &)
 .  :  ()
 .⁤/ :MoveNext ()
System.Runtime.CompilerServices.AsyncTaskMethodBuilder:Start< .⁤/ > ( .⁤/ &)
 .⁤:  ()
System.Reflection.RuntimeMethodInfo:Invoke (object,System.Reflection.BindingFlags,System.Reflection.Binder,object[],System.Globalization.CultureInfo)
System.Reflection.MethodBase:Invoke (object,object[])
UnityEditor.EditorAssemblies:ProcessInitializeOnLoadMethodAttributes ()

Mono: successfully reloaded assembly
- Finished resetting the current domain, in  0.681 seconds
Domain Reload Profiling: 1010ms
	BeginReloadAssembly (141ms)
		ExecutionOrderSort (0ms)
		DisableScriptedObjects (3ms)
		BackupInstance (0ms)
		ReleaseScriptingObjects (0ms)
		CreateAndSetChildDomain (36ms)
	RebuildCommonClasses (30ms)
	RebuildNativeTypeToScriptingClass (11ms)
	initialDomainReloadingComplete (20ms)
	LoadAllAssembliesAndSetupDomain (127ms)
		LoadAssemblies (188ms)
		RebuildTransferFunctionScriptingTraits (0ms)
		AnalyzeDomain (8ms)
			TypeCache.Refresh (4ms)
				TypeCache.ScanAssembly (0ms)
			ScanForSourceGeneratedMonoScriptInfo (0ms)
			ResolveRequiredComponents (2ms)
	FinalizeReload (681ms)
		ReleaseScriptCaches (0ms)
		RebuildScriptCaches (0ms)
		SetupLoadedEditorAssemblies (468ms)
			LogAssemblyErrors (0ms)
			InitializePlatformSupportModulesInManaged (21ms)
			SetLoadedEditorAssemblies (2ms)
			RefreshPlugins (0ms)
			BeforeProcessingInitializeOnLoad (37ms)
			ProcessInitializeOnLoadAttributes (361ms)
			ProcessInitializeOnLoadMethodAttributes (45ms)
			AfterProcessingInitializeOnLoad (2ms)
			EditorAssembliesLoaded (0ms)
		ExecutionOrderSort2 (0ms)
		AwakeInstancesAfterBackupRestoration (6ms)
Refreshing native plugins compatible for Editor in 0.90 ms, found 2 plugins.
Preloading 0 native plugins for Editor in 0.00 ms.
Release of invalid GC handle. The handle is from a previous domain. The release operation is skipped.
Release of invalid GC handle native callstack: 
0x00007ff63674eb5d (Unity) StackWalker::GetCurrentCallstack
0x00007ff636753c39 (Unity) StackWalker::ShowCallstack
0x00007ff637744851 (Unity) GetStacktrace
0x00007ff63664ae8d (Unity) ScriptingGCHandle::ReleaseAndClear
0x00007ff636c1081c (Unity) UploadHandlerRaw::`vector deleting destructor'
0x00007ff636c113cd (Unity) UploadHandler::Release
0x00007ff636c0dc6d (Unity) UnityWebRequestProto<UnityWebRequestTransport,AtomicRefCounter,RedirectHelper,ResponseHelper,DownloadHandler,UploadHandler,CertificateHandler,HeaderHelper,AsyncOperation>::~UnityWebRequestProto<UnityWebRequestTransport,AtomicRefCounter,RedirectHelper,ResponseHelper,DownloadHandler,UploadHandler,CertificateHandler,HeaderHelper,AsyncOperation>
0x00007ff636c0df66 (Unity) UnityWebRequest::`vector deleting destructor'
0x00007ff6359640a7 (Unity) UnityWebRequestProto<UnityWebRequestTransport,AtomicRefCounter,RedirectHelper,ResponseHelper,DownloadHandler,UploadHandler,CertificateHandler,HeaderHelper,AsyncOperation>::Release
0x00007ff636c0f995 (Unity) UnityWebRequestAsyncOperation::InvokeCoroutine
0x00007ff636c0fb71 (Unity) UnityWebRequestProto<UnityWebRequestTransport,AtomicRefCounter,RedirectHelper,ResponseHelper,DownloadHandler,UploadHandler,CertificateHandler,HeaderHelper,AsyncOperation>::Job_InvokeCoroutine
0x00007ff636277d2a (Unity) BackgroundJobQueue::ExecuteMainThreadJobs
0x00007ff63632b49f (Unity) PreloadManager::WaitForAllAsyncOperationsToComplete
0x00007ff637aea248 (Unity) <lambda_b37b41f03089e3cb3f55061bbc93253d>::operator()
0x00007ff637b25a22 (Unity) asio::detail::completion_handler<core::mutable_function<void __cdecl(void)>,asio::io_context::basic_executor_type<std::allocator<void>,0> >::do_complete
0x00007ff637b1196e (Unity) asio::detail::win_iocp_io_context::do_one
0x00007ff637b135d4 (Unity) asio::detail::win_iocp_io_context::run
0x00007ff637b23dcc (Unity) IOService::Run
0x00007ff637af71cf (Unity) AssetImportWorkerClient::Run
0x00007ff637ac2b37 (Unity) RunAssetImportWorkerClientV2
0x00007ff637ac2bbb (Unity) RunAssetImporterV2
0x00007ff6372bba5e (Unity) Application::InitializeProject
0x00007ff63774f4e5 (Unity) WinMain
0x00007ff638b014de (Unity) __scrt_common_main_seh
0x00007ffd6b887374 (KERNEL32) BaseThreadInitThunk
0x00007ffd6d89cc91 (ntdll) RtlUserThreadStart
Unloading 1420 Unused Serialized files (Serialized files now loaded: 0)
Unloading 11 unused Assets / (26.5 KB). Loaded Objects now: 2023.
Memory consumption went from 102.5 MB to 102.5 MB.
Total: 3.072200 ms (FindLiveObjects: 0.127100 ms CreateObjectMapping: 0.063200 ms MarkObjects: 2.842100 ms  DeleteObjects: 0.038800 ms)

Prepare: number of updated asset objects reloaded= 0
AssetImportParameters requested are different than current active one (requested -> active):
  custom:video-encoder-webm-vp8: eb34c28f22e8b96e1ab97ce403110664 -> 
  custom:video-decoder-webm-vp8: 9c59270c3fd7afecdb556c50c9e8de78 -> 
  custom:audio-decoder-ogg-vorbis: bf7c407c2cedff20999df2af8eb42d56 -> 
  custom:SearchIndexIgnoredProperties: e643bd26f0fe6173181afceb89e7c659 -> 
  custom:container-demuxer-ogg: 62fdf1f143b41e24485cea50d1cbac27 -> 
  custom:AudioImporter_EditorPlatform: d09bf68614088b80899f8185d706f6e7 -> 
  custom:CustomObjectIndexerAttribute: 9a22284fe3817be447336de3de66b15e -> 
  custom:container-demuxer-webm: 4f35f7cbe854078d1ac9338744f61a02 -> 
  custom:scripting/monoscript/fileName/Trunk.cs: 3c77c879876a19ef3d7b12fd707afdea -> 
  custom:scripting/monoscript/fileName/ChunkGenerator.cs: c34ac5ef3d79f6264782925317061fad -> 
  custom:video-decoder-ogg-theora: a1e56fd34408186e4bbccfd4996cb3dc -> 
  custom:audio-encoder-webm-vorbis: bf7c407c2cedff20999df2af8eb42d56 -> 
  custom:framework-win-MediaFoundation: 216162199b28c13a410421893ffa2e32 -> 
  custom:scripting/precompiled-assembly-types:Assembly-CSharp: 7efdaf758331962f222ae45c52aeb793 -> 482e17d551b00cd7946e9d7b35e05131
  custom:scripting/monoscript/fileName/Chunk.cs: 2c601e55a29a773029fef31d3cc0f584 -> 
  custom:container-muxer-webm: aa71ff27fc2769a1b78a27578f13a17b -> 
========================================================================
Received Prepare
Caller must complete domain reload
Begin MonoManager ReloadAssembly
- Loaded All Assemblies, in  0.336 seconds
Native extension for WindowsStandalone target not found
Native extension for iOS target not found
Native extension for Android target not found
[Package Manager] Server::EnsureServerProcessIsRunning -- launch failed, reason: Unity was launched with the -noUpm command-line argument
[Package Manager] UpmClient::Send -- Unable to send message (not connected to UPM process).
[Package Manager] Cannot connect to Unity Package Manager local server
[Package Manager] Server::EnsureServerProcessIsRunning -- launch failed, reason: Unity was launched with the -noUpm command-line argument
[Package Manager] UpmClient::Send -- Unable to send message (not connected to UPM process).
[Package Manager] Cannot connect to Unity Package Manager local server
Failed to sync packages list
UnityEngine.StackTraceUtility:ExtractStackTrace ()
UnityEngine.DebugLogHandler:LogFormat (UnityEngine.LogType,UnityEngine.Object,string,object[])
UnityEngine.Logger:Log (UnityEngine.LogType,object)
UnityEngine.Debug:LogWarning (object)
 .  / :MoveNext ()
System.Runtime.CompilerServices.AsyncTaskMethodBuilder:Start< .  / > ( .  / &)
 .  :  ()
 .⁤/ :MoveNext ()
System.Runtime.CompilerServices.AsyncTaskMethodBuilder:Start< .⁤/ > ( .⁤/ &)
 .⁤:  ()
System.Reflection.RuntimeMethodInfo:Invoke (object,System.Reflection.BindingFlags,System.Reflection.Binder,object[],System.Globalization.CultureInfo)
System.Reflection.MethodBase:Invoke (object,object[])
UnityEditor.EditorAssemblies:ProcessInitializeOnLoadMethodAttributes ()

Mono: successfully reloaded assembly
- Finished resetting the current domain, in  0.683 seconds
Domain Reload Profiling: 1019ms
	BeginReloadAssembly (136ms)
		ExecutionOrderSort (0ms)
		DisableScriptedObjects (4ms)
		BackupInstance (0ms)
		ReleaseScriptingObjects (0ms)
		CreateAndSetChildDomain (30ms)
	RebuildCommonClasses (32ms)
	RebuildNativeTypeToScriptingClass (10ms)
	initialDomainReloadingComplete (20ms)
	LoadAllAssembliesAndSetupDomain (138ms)
		LoadAssemblies (203ms)
		RebuildTransferFunctionScriptingTraits (0ms)
		AnalyzeDomain (9ms)
			TypeCache.Refresh (5ms)
				TypeCache.ScanAssembly (0ms)
			ScanForSourceGeneratedMonoScriptInfo (0ms)
			ResolveRequiredComponents (2ms)
	FinalizeReload (683ms)
		ReleaseScriptCaches (0ms)
		RebuildScriptCaches (0ms)
		SetupLoadedEditorAssemblies (478ms)
			LogAssemblyErrors (0ms)
			InitializePlatformSupportModulesInManaged (22ms)
			SetLoadedEditorAssemblies (2ms)
			RefreshPlugins (0ms)
			BeforeProcessingInitializeOnLoad (36ms)
			ProcessInitializeOnLoadAttributes (376ms)
			ProcessInitializeOnLoadMethodAttributes (38ms)
			AfterProcessingInitializeOnLoad (2ms)
			EditorAssembliesLoaded (0ms)
		ExecutionOrderSort2 (0ms)
		AwakeInstancesAfterBackupRestoration (5ms)
Refreshing native plugins compatible for Editor in 0.94 ms, found 2 plugins.
Preloading 0 native plugins for Editor in 0.00 ms.
Release of invalid GC handle. The handle is from a previous domain. The release operation is skipped.
Release of invalid GC handle native callstack: 
0x00007ff63674eb5d (Unity) StackWalker::GetCurrentCallstack
0x00007ff636753c39 (Unity) StackWalker::ShowCallstack
0x00007ff637744851 (Unity) GetStacktrace
0x00007ff63664ae8d (Unity) ScriptingGCHandle::ReleaseAndClear
0x00007ff636c1081c (Unity) UploadHandlerRaw::`vector deleting destructor'
0x00007ff636c113cd (Unity) UploadHandler::Release
0x00007ff636c0dc6d (Unity) UnityWebRequestProto<UnityWebRequestTransport,AtomicRefCounter,RedirectHelper,ResponseHelper,DownloadHandler,UploadHandler,CertificateHandler,HeaderHelper,AsyncOperation>::~UnityWebRequestProto<UnityWebRequestTransport,AtomicRefCounter,RedirectHelper,ResponseHelper,DownloadHandler,UploadHandler,CertificateHandler,HeaderHelper,AsyncOperation>
0x00007ff636c0df66 (Unity) UnityWebRequest::`vector deleting destructor'
0x00007ff6359640a7 (Unity) UnityWebRequestProto<UnityWebRequestTransport,AtomicRefCounter,RedirectHelper,ResponseHelper,DownloadHandler,UploadHandler,CertificateHandler,HeaderHelper,AsyncOperation>::Release
0x00007ff636c0f995 (Unity) UnityWebRequestAsyncOperation::InvokeCoroutine
0x00007ff636c0fb71 (Unity) UnityWebRequestProto<UnityWebRequestTransport,AtomicRefCounter,RedirectHelper,ResponseHelper,DownloadHandler,UploadHandler,CertificateHandler,HeaderHelper,AsyncOperation>::Job_InvokeCoroutine
0x00007ff636277d2a (Unity) BackgroundJobQueue::ExecuteMainThreadJobs
0x00007ff63632b49f (Unity) PreloadManager::WaitForAllAsyncOperationsToComplete
0x00007ff637aea248 (Unity) <lambda_b37b41f03089e3cb3f55061bbc93253d>::operator()
0x00007ff637b25a22 (Unity) asio::detail::completion_handler<core::mutable_function<void __cdecl(void)>,asio::io_context::basic_executor_type<std::allocator<void>,0> >::do_complete
0x00007ff637b1196e (Unity) asio::detail::win_iocp_io_context::do_one
0x00007ff637b135d4 (Unity) asio::detail::win_iocp_io_context::run
0x00007ff637b23dcc (Unity) IOService::Run
0x00007ff637af71cf (Unity) AssetImportWorkerClient::Run
0x00007ff637ac2b37 (Unity) RunAssetImportWorkerClientV2
0x00007ff637ac2bbb (Unity) RunAssetImporterV2
0x00007ff6372bba5e (Unity) Application::InitializeProject
0x00007ff63774f4e5 (Unity) WinMain
0x00007ff638b014de (Unity) __scrt_common_main_seh
0x00007ffd6b887374 (KERNEL32) BaseThreadInitThunk
0x00007ffd6d89cc91 (ntdll) RtlUserThreadStart
Unloading 1420 Unused Serialized files (Serialized files now loaded: 0)
Unloading 11 unused Assets / (26.5 KB). Loaded Objects now: 2028.
Memory consumption went from 102.7 MB to 102.7 MB.
Total: 3.075400 ms (FindLiveObjects: 0.119100 ms CreateObjectMapping: 0.039400 ms MarkObjects: 2.874100 ms  DeleteObjects: 0.041400 ms)

Prepare: number of updated asset objects reloaded= 0
AssetImportParameters requested are different than current active one (requested -> active):
  custom:video-encoder-webm-vp8: eb34c28f22e8b96e1ab97ce403110664 -> 
  custom:video-decoder-webm-vp8: 9c59270c3fd7afecdb556c50c9e8de78 -> 
  custom:audio-decoder-ogg-vorbis: bf7c407c2cedff20999df2af8eb42d56 -> 
  custom:SearchIndexIgnoredProperties: e643bd26f0fe6173181afceb89e7c659 -> 
  custom:container-demuxer-ogg: 62fdf1f143b41e24485cea50d1cbac27 -> 
  custom:AudioImporter_EditorPlatform: d09bf68614088b80899f8185d706f6e7 -> 
  custom:CustomObjectIndexerAttribute: 9a22284fe3817be447336de3de66b15e -> 
  custom:container-demuxer-webm: 4f35f7cbe854078d1ac9338744f61a02 -> 
  custom:scripting/monoscript/fileName/Trunk.cs: 3c77c879876a19ef3d7b12fd707afdea -> 
  custom:scripting/monoscript/fileName/ChunkGenerator.cs: c34ac5ef3d79f6264782925317061fad -> 
  custom:video-decoder-ogg-theora: a1e56fd34408186e4bbccfd4996cb3dc -> 
  custom:audio-encoder-webm-vorbis: bf7c407c2cedff20999df2af8eb42d56 -> 
  custom:framework-win-MediaFoundation: 216162199b28c13a410421893ffa2e32 -> 
  custom:scripting/precompiled-assembly-types:Assembly-CSharp: 7efdaf758331962f222ae45c52aeb793 -> 482e17d551b00cd7946e9d7b35e05131
  custom:scripting/monoscript/fileName/Chunk.cs: 2c601e55a29a773029fef31d3cc0f584 -> 
  custom:container-muxer-webm: aa71ff27fc2769a1b78a27578f13a17b -> 
========================================================================
Received Prepare
Caller must complete domain reload
Begin MonoManager ReloadAssembly
- Loaded All Assemblies, in  0.330 seconds
Native extension for WindowsStandalone target not found
Native extension for iOS target not found
Native extension for Android target not found
[Package Manager] Server::EnsureServerProcessIsRunning -- launch failed, reason: Unity was launched with the -noUpm command-line argument
[Package Manager] UpmClient::Send -- Unable to send message (not connected to UPM process).
[Package Manager] Cannot connect to Unity Package Manager local server
[Package Manager] Server::EnsureServerProcessIsRunning -- launch failed, reason: Unity was launched with the -noUpm command-line argument
[Package Manager] UpmClient::Send -- Unable to send message (not connected to UPM process).
[Package Manager] Cannot connect to Unity Package Manager local server
Failed to sync packages list
UnityEngine.StackTraceUtility:ExtractStackTrace ()
UnityEngine.DebugLogHandler:LogFormat (UnityEngine.LogType,UnityEngine.Object,string,object[])
UnityEngine.Logger:Log (UnityEngine.LogType,object)
UnityEngine.Debug:LogWarning (object)
 .  / :MoveNext ()
System.Runtime.CompilerServices.AsyncTaskMethodBuilder:Start< .  / > ( .  / &)
 .  :  ()
 .⁤/ :MoveNext ()
System.Runtime.CompilerServices.AsyncTaskMethodBuilder:Start< .⁤/ > ( .⁤/ &)
 .⁤:  ()
System.Reflection.RuntimeMethodInfo:Invoke (object,System.Reflection.BindingFlags,System.Reflection.Binder,object[],System.Globalization.CultureInfo)
System.Reflection.MethodBase:Invoke (object,object[])
UnityEditor.EditorAssemblies:ProcessInitializeOnLoadMethodAttributes ()

Mono: successfully reloaded assembly
- Finished resetting the current domain, in  0.679 seconds
Domain Reload Profiling: 1009ms
	BeginReloadAssembly (131ms)
		ExecutionOrderSort (0ms)
		DisableScriptedObjects (4ms)
		BackupInstance (0ms)
		ReleaseScriptingObjects (0ms)
		CreateAndSetChildDomain (31ms)
	RebuildCommonClasses (29ms)
	RebuildNativeTypeToScriptingClass (11ms)
	initialDomainReloadingComplete (26ms)
	LoadAllAssembliesAndSetupDomain (134ms)
		LoadAssemblies (195ms)
		RebuildTransferFunctionScriptingTraits (0ms)
		AnalyzeDomain (9ms)
			TypeCache.Refresh (5ms)
				TypeCache.ScanAssembly (0ms)
			ScanForSourceGeneratedMonoScriptInfo (0ms)
			ResolveRequiredComponents (2ms)
	FinalizeReload (679ms)
		ReleaseScriptCaches (0ms)
		RebuildScriptCaches (0ms)
		SetupLoadedEditorAssemblies (467ms)
			LogAssemblyErrors (0ms)
			InitializePlatformSupportModulesInManaged (20ms)
			SetLoadedEditorAssemblies (2ms)
			RefreshPlugins (0ms)
			BeforeProcessingInitializeOnLoad (35ms)
			ProcessInitializeOnLoadAttributes (367ms)
			ProcessInitializeOnLoadMethodAttributes (41ms)
			AfterProcessingInitializeOnLoad (2ms)
			EditorAssembliesLoaded (0ms)
		ExecutionOrderSort2 (0ms)
		AwakeInstancesAfterBackupRestoration (5ms)
Refreshing native plugins compatible for Editor in 1.46 ms, found 2 plugins.
Preloading 0 native plugins for Editor in 0.00 ms.
Release of invalid GC handle. The handle is from a previous domain. The release operation is skipped.
Release of invalid GC handle native callstack: 
0x00007ff63674eb5d (Unity) StackWalker::GetCurrentCallstack
0x00007ff636753c39 (Unity) StackWalker::ShowCallstack
0x00007ff637744851 (Unity) GetStacktrace
0x00007ff63664ae8d (Unity) ScriptingGCHandle::ReleaseAndClear
0x00007ff636c1081c (Unity) UploadHandlerRaw::`vector deleting destructor'
0x00007ff636c113cd (Unity) UploadHandler::Release
0x00007ff636c0dc6d (Unity) UnityWebRequestProto<UnityWebRequestTransport,AtomicRefCounter,RedirectHelper,ResponseHelper,DownloadHandler,UploadHandler,CertificateHandler,HeaderHelper,AsyncOperation>::~UnityWebRequestProto<UnityWebRequestTransport,AtomicRefCounter,RedirectHelper,ResponseHelper,DownloadHandler,UploadHandler,CertificateHandler,HeaderHelper,AsyncOperation>
0x00007ff636c0df66 (Unity) UnityWebRequest::`vector deleting destructor'
0x00007ff6359640a7 (Unity) UnityWebRequestProto<UnityWebRequestTransport,AtomicRefCounter,RedirectHelper,ResponseHelper,DownloadHandler,UploadHandler,CertificateHandler,HeaderHelper,AsyncOperation>::Release
0x00007ff636c0f995 (Unity) UnityWebRequestAsyncOperation::InvokeCoroutine
0x00007ff636c0fb71 (Unity) UnityWebRequestProto<UnityWebRequestTransport,AtomicRefCounter,RedirectHelper,ResponseHelper,DownloadHandler,UploadHandler,CertificateHandler,HeaderHelper,AsyncOperation>::Job_InvokeCoroutine
0x00007ff636277d2a (Unity) BackgroundJobQueue::ExecuteMainThreadJobs
0x00007ff63632b49f (Unity) PreloadManager::WaitForAllAsyncOperationsToComplete
0x00007ff637aea248 (Unity) <lambda_b37b41f03089e3cb3f55061bbc93253d>::operator()
0x00007ff637b25a22 (Unity) asio::detail::completion_handler<core::mutable_function<void __cdecl(void)>,asio::io_context::basic_executor_type<std::allocator<void>,0> >::do_complete
0x00007ff637b1196e (Unity) asio::detail::win_iocp_io_context::do_one
0x00007ff637b135d4 (Unity) asio::detail::win_iocp_io_context::run
0x00007ff637b23dcc (Unity) IOService::Run
0x00007ff637af71cf (Unity) AssetImportWorkerClient::Run
0x00007ff637ac2b37 (Unity) RunAssetImportWorkerClientV2
0x00007ff637ac2bbb (Unity) RunAssetImporterV2
0x00007ff6372bba5e (Unity) Application::InitializeProject
0x00007ff63774f4e5 (Unity) WinMain
0x00007ff638b014de (Unity) __scrt_common_main_seh
0x00007ffd6b887374 (KERNEL32) BaseThreadInitThunk
0x00007ffd6d89cc91 (ntdll) RtlUserThreadStart
Unloading 1420 Unused Serialized files (Serialized files now loaded: 0)
Unloading 11 unused Assets / (26.5 KB). Loaded Objects now: 2033.
Memory consumption went from 102.9 MB to 102.8 MB.
Total: 2.674800 ms (FindLiveObjects: 0.152300 ms CreateObjectMapping: 0.067700 ms MarkObjects: 2.422700 ms  DeleteObjects: 0.031000 ms)

Prepare: number of updated asset objects reloaded= 0
AssetImportParameters requested are different than current active one (requested -> active):
  custom:video-encoder-webm-vp8: eb34c28f22e8b96e1ab97ce403110664 -> 
  custom:video-decoder-webm-vp8: 9c59270c3fd7afecdb556c50c9e8de78 -> 
  custom:audio-decoder-ogg-vorbis: bf7c407c2cedff20999df2af8eb42d56 -> 
  custom:SearchIndexIgnoredProperties: e643bd26f0fe6173181afceb89e7c659 -> 
  custom:container-demuxer-ogg: 62fdf1f143b41e24485cea50d1cbac27 -> 
  custom:AudioImporter_EditorPlatform: d09bf68614088b80899f8185d706f6e7 -> 
  custom:CustomObjectIndexerAttribute: 9a22284fe3817be447336de3de66b15e -> 
  custom:container-demuxer-webm: 4f35f7cbe854078d1ac9338744f61a02 -> 
  custom:scripting/monoscript/fileName/Trunk.cs: 3c77c879876a19ef3d7b12fd707afdea -> 
  custom:scripting/monoscript/fileName/ChunkGenerator.cs: c34ac5ef3d79f6264782925317061fad -> 
  custom:video-decoder-ogg-theora: a1e56fd34408186e4bbccfd4996cb3dc -> 
  custom:audio-encoder-webm-vorbis: bf7c407c2cedff20999df2af8eb42d56 -> 
  custom:framework-win-MediaFoundation: 216162199b28c13a410421893ffa2e32 -> 
  custom:scripting/precompiled-assembly-types:Assembly-CSharp: 7efdaf758331962f222ae45c52aeb793 -> 482e17d551b00cd7946e9d7b35e05131
  custom:scripting/monoscript/fileName/Chunk.cs: 2c601e55a29a773029fef31d3cc0f584 -> 
  custom:container-muxer-webm: aa71ff27fc2769a1b78a27578f13a17b -> 
========================================================================
Received Prepare
Caller must complete domain reload
Begin MonoManager ReloadAssembly
- Loaded All Assemblies, in  0.329 seconds
Native extension for WindowsStandalone target not found
Native extension for iOS target not found
Native extension for Android target not found
[Package Manager] Server::EnsureServerProcessIsRunning -- launch failed, reason: Unity was launched with the -noUpm command-line argument
[Package Manager] UpmClient::Send -- Unable to send message (not connected to UPM process).
[Package Manager] Cannot connect to Unity Package Manager local server
[Package Manager] Server::EnsureServerProcessIsRunning -- launch failed, reason: Unity was launched with the -noUpm command-line argument
[Package Manager] UpmClient::Send -- Unable to send message (not connected to UPM process).
[Package Manager] Cannot connect to Unity Package Manager local server
Failed to sync packages list
UnityEngine.StackTraceUtility:ExtractStackTrace ()
UnityEngine.DebugLogHandler:LogFormat (UnityEngine.LogType,UnityEngine.Object,string,object[])
UnityEngine.Logger:Log (UnityEngine.LogType,object)
UnityEngine.Debug:LogWarning (object)
 .  / :MoveNext ()
System.Runtime.CompilerServices.AsyncTaskMethodBuilder:Start< .  / > ( .  / &)
 .  :  ()
 .⁤/ :MoveNext ()
System.Runtime.CompilerServices.AsyncTaskMethodBuilder:Start< .⁤/ > ( .⁤/ &)
 .⁤:  ()
System.Reflection.RuntimeMethodInfo:Invoke (object,System.Reflection.BindingFlags,System.Reflection.Binder,object[],System.Globalization.CultureInfo)
System.Reflection.MethodBase:Invoke (object,object[])
UnityEditor.EditorAssemblies:ProcessInitializeOnLoadMethodAttributes ()

Mono: successfully reloaded assembly
- Finished resetting the current domain, in  0.690 seconds
Domain Reload Profiling: 1019ms
	BeginReloadAssembly (129ms)
		ExecutionOrderSort (0ms)
		DisableScriptedObjects (3ms)
		BackupInstance (0ms)
		ReleaseScriptingObjects (0ms)
		CreateAndSetChildDomain (29ms)
	RebuildCommonClasses (28ms)
	RebuildNativeTypeToScriptingClass (13ms)
	initialDomainReloadingComplete (19ms)
	LoadAllAssembliesAndSetupDomain (139ms)
		LoadAssemblies (199ms)
		RebuildTransferFunctionScriptingTraits (0ms)
		AnalyzeDomain (8ms)
			TypeCache.Refresh (5ms)
				TypeCache.ScanAssembly (0ms)
			ScanForSourceGeneratedMonoScriptInfo (0ms)
			ResolveRequiredComponents (2ms)
	FinalizeReload (691ms)
		ReleaseScriptCaches (0ms)
		RebuildScriptCaches (0ms)
		SetupLoadedEditorAssemblies (484ms)
			LogAssemblyErrors (0ms)
			InitializePlatformSupportModulesInManaged (23ms)
			SetLoadedEditorAssemblies (2ms)
			RefreshPlugins (0ms)
			BeforeProcessingInitializeOnLoad (35ms)
			ProcessInitializeOnLoadAttributes (384ms)
			ProcessInitializeOnLoadMethodAttributes (37ms)
			AfterProcessingInitializeOnLoad (2ms)
			EditorAssembliesLoaded (0ms)
		ExecutionOrderSort2 (0ms)
		AwakeInstancesAfterBackupRestoration (5ms)
Refreshing native plugins compatible for Editor in 1.14 ms, found 2 plugins.
Preloading 0 native plugins for Editor in 0.00 ms.
Release of invalid GC handle. The handle is from a previous domain. The release operation is skipped.
Release of invalid GC handle native callstack: 
0x00007ff63674eb5d (Unity) StackWalker::GetCurrentCallstack
0x00007ff636753c39 (Unity) StackWalker::ShowCallstack
0x00007ff637744851 (Unity) GetStacktrace
0x00007ff63664ae8d (Unity) ScriptingGCHandle::ReleaseAndClear
0x00007ff636c1081c (Unity) UploadHandlerRaw::`vector deleting destructor'
0x00007ff636c113cd (Unity) UploadHandler::Release
0x00007ff636c0dc6d (Unity) UnityWebRequestProto<UnityWebRequestTransport,AtomicRefCounter,RedirectHelper,ResponseHelper,DownloadHandler,UploadHandler,CertificateHandler,HeaderHelper,AsyncOperation>::~UnityWebRequestProto<UnityWebRequestTransport,AtomicRefCounter,RedirectHelper,ResponseHelper,DownloadHandler,UploadHandler,CertificateHandler,HeaderHelper,AsyncOperation>
0x00007ff636c0df66 (Unity) UnityWebRequest::`vector deleting destructor'
0x00007ff6359640a7 (Unity) UnityWebRequestProto<UnityWebRequestTransport,AtomicRefCounter,RedirectHelper,ResponseHelper,DownloadHandler,UploadHandler,CertificateHandler,HeaderHelper,AsyncOperation>::Release
0x00007ff636c0f995 (Unity) UnityWebRequestAsyncOperation::InvokeCoroutine
0x00007ff636c0fb71 (Unity) UnityWebRequestProto<UnityWebRequestTransport,AtomicRefCounter,RedirectHelper,ResponseHelper,DownloadHandler,UploadHandler,CertificateHandler,HeaderHelper,AsyncOperation>::Job_InvokeCoroutine
0x00007ff636277d2a (Unity) BackgroundJobQueue::ExecuteMainThreadJobs
0x00007ff63632b49f (Unity) PreloadManager::WaitForAllAsyncOperationsToComplete
0x00007ff637aea248 (Unity) <lambda_b37b41f03089e3cb3f55061bbc93253d>::operator()
0x00007ff637b25a22 (Unity) asio::detail::completion_handler<core::mutable_function<void __cdecl(void)>,asio::io_context::basic_executor_type<std::allocator<void>,0> >::do_complete
0x00007ff637b1196e (Unity) asio::detail::win_iocp_io_context::do_one
0x00007ff637b135d4 (Unity) asio::detail::win_iocp_io_context::run
0x00007ff637b23dcc (Unity) IOService::Run
0x00007ff637af71cf (Unity) AssetImportWorkerClient::Run
0x00007ff637ac2b37 (Unity) RunAssetImportWorkerClientV2
0x00007ff637ac2bbb (Unity) RunAssetImporterV2
0x00007ff6372bba5e (Unity) Application::InitializeProject
0x00007ff63774f4e5 (Unity) WinMain
0x00007ff638b014de (Unity) __scrt_common_main_seh
0x00007ffd6b887374 (KERNEL32) BaseThreadInitThunk
0x00007ffd6d89cc91 (ntdll) RtlUserThreadStart
Unloading 1420 Unused Serialized files (Serialized files now loaded: 0)
Unloading 11 unused Assets / (26.5 KB). Loaded Objects now: 2038.
Memory consumption went from 103.0 MB to 103.0 MB.
Total: 3.012000 ms (FindLiveObjects: 0.123800 ms CreateObjectMapping: 0.037400 ms MarkObjects: 2.815700 ms  DeleteObjects: 0.034200 ms)

Prepare: number of updated asset objects reloaded= 0
AssetImportParameters requested are different than current active one (requested -> active):
  custom:video-encoder-webm-vp8: eb34c28f22e8b96e1ab97ce403110664 -> 
  custom:video-decoder-webm-vp8: 9c59270c3fd7afecdb556c50c9e8de78 -> 
  custom:audio-decoder-ogg-vorbis: bf7c407c2cedff20999df2af8eb42d56 -> 
  custom:SearchIndexIgnoredProperties: e643bd26f0fe6173181afceb89e7c659 -> 
  custom:container-demuxer-ogg: 62fdf1f143b41e24485cea50d1cbac27 -> 
  custom:AudioImporter_EditorPlatform: d09bf68614088b80899f8185d706f6e7 -> 
  custom:CustomObjectIndexerAttribute: 9a22284fe3817be447336de3de66b15e -> 
  custom:container-demuxer-webm: 4f35f7cbe854078d1ac9338744f61a02 -> 
  custom:scripting/monoscript/fileName/Trunk.cs: 3c77c879876a19ef3d7b12fd707afdea -> 
  custom:scripting/monoscript/fileName/ChunkGenerator.cs: c34ac5ef3d79f6264782925317061fad -> 
  custom:video-decoder-ogg-theora: a1e56fd34408186e4bbccfd4996cb3dc -> 
  custom:audio-encoder-webm-vorbis: bf7c407c2cedff20999df2af8eb42d56 -> 
  custom:framework-win-MediaFoundation: 216162199b28c13a410421893ffa2e32 -> 
  custom:scripting/precompiled-assembly-types:Assembly-CSharp: 7efdaf758331962f222ae45c52aeb793 -> 482e17d551b00cd7946e9d7b35e05131
  custom:scripting/monoscript/fileName/Chunk.cs: 2c601e55a29a773029fef31d3cc0f584 -> 
  custom:container-muxer-webm: aa71ff27fc2769a1b78a27578f13a17b -> 
========================================================================
Received Prepare
Caller must complete domain reload
Begin MonoManager ReloadAssembly
- Loaded All Assemblies, in  0.324 seconds
Native extension for WindowsStandalone target not found
Native extension for iOS target not found
Native extension for Android target not found
[Package Manager] Server::EnsureServerProcessIsRunning -- launch failed, reason: Unity was launched with the -noUpm command-line argument
[Package Manager] UpmClient::Send -- Unable to send message (not connected to UPM process).
[Package Manager] Cannot connect to Unity Package Manager local server
[Package Manager] Server::EnsureServerProcessIsRunning -- launch failed, reason: Unity was launched with the -noUpm command-line argument
[Package Manager] UpmClient::Send -- Unable to send message (not connected to UPM process).
[Package Manager] Cannot connect to Unity Package Manager local server
Failed to sync packages list
UnityEngine.StackTraceUtility:ExtractStackTrace ()
UnityEngine.DebugLogHandler:LogFormat (UnityEngine.LogType,UnityEngine.Object,string,object[])
UnityEngine.Logger:Log (UnityEngine.LogType,object)
UnityEngine.Debug:LogWarning (object)
 .  / :MoveNext ()
System.Runtime.CompilerServices.AsyncTaskMethodBuilder:Start< .  / > ( .  / &)
 .  :  ()
 .⁤/ :MoveNext ()
System.Runtime.CompilerServices.AsyncTaskMethodBuilder:Start< .⁤/ > ( .⁤/ &)
 .⁤:  ()
System.Reflection.RuntimeMethodInfo:Invoke (object,System.Reflection.BindingFlags,System.Reflection.Binder,object[],System.Globalization.CultureInfo)
System.Reflection.MethodBase:Invoke (object,object[])
UnityEditor.EditorAssemblies:ProcessInitializeOnLoadMethodAttributes ()

Mono: successfully reloaded assembly
- Finished resetting the current domain, in  0.711 seconds
Domain Reload Profiling: 1035ms
	BeginReloadAssembly (130ms)
		ExecutionOrderSort (0ms)
		DisableScriptedObjects (4ms)
		BackupInstance (0ms)
		ReleaseScriptingObjects (0ms)
		CreateAndSetChildDomain (32ms)
	RebuildCommonClasses (34ms)
	RebuildNativeTypeToScriptingClass (10ms)
	initialDomainReloadingComplete (19ms)
	LoadAllAssembliesAndSetupDomain (131ms)
		LoadAssemblies (184ms)
		RebuildTransferFunctionScriptingTraits (0ms)
		AnalyzeDomain (11ms)
			TypeCache.Refresh (6ms)
				TypeCache.ScanAssembly (0ms)
			ScanForSourceGeneratedMonoScriptInfo (0ms)
			ResolveRequiredComponents (3ms)
	FinalizeReload (711ms)
		ReleaseScriptCaches (0ms)
		RebuildScriptCaches (0ms)
		SetupLoadedEditorAssemblies (481ms)
			LogAssemblyErrors (0ms)
			InitializePlatformSupportModulesInManaged (25ms)
			SetLoadedEditorAssemblies (3ms)
			RefreshPlugins (0ms)
			BeforeProcessingInitializeOnLoad (38ms)
			ProcessInitializeOnLoadAttributes (375ms)
			ProcessInitializeOnLoadMethodAttributes (39ms)
			AfterProcessingInitializeOnLoad (2ms)
			EditorAssembliesLoaded (0ms)
		ExecutionOrderSort2 (0ms)
		AwakeInstancesAfterBackupRestoration (5ms)
Refreshing native plugins compatible for Editor in 0.98 ms, found 2 plugins.
Preloading 0 native plugins for Editor in 0.00 ms.
Release of invalid GC handle. The handle is from a previous domain. The release operation is skipped.
Release of invalid GC handle native callstack: 
0x00007ff63674eb5d (Unity) StackWalker::GetCurrentCallstack
0x00007ff636753c39 (Unity) StackWalker::ShowCallstack
0x00007ff637744851 (Unity) GetStacktrace
0x00007ff63664ae8d (Unity) ScriptingGCHandle::ReleaseAndClear
0x00007ff636c1081c (Unity) UploadHandlerRaw::`vector deleting destructor'
0x00007ff636c113cd (Unity) UploadHandler::Release
0x00007ff636c0dc6d (Unity) UnityWebRequestProto<UnityWebRequestTransport,AtomicRefCounter,RedirectHelper,ResponseHelper,DownloadHandler,UploadHandler,CertificateHandler,HeaderHelper,AsyncOperation>::~UnityWebRequestProto<UnityWebRequestTransport,AtomicRefCounter,RedirectHelper,ResponseHelper,DownloadHandler,UploadHandler,CertificateHandler,HeaderHelper,AsyncOperation>
0x00007ff636c0df66 (Unity) UnityWebRequest::`vector deleting destructor'
0x00007ff6359640a7 (Unity) UnityWebRequestProto<UnityWebRequestTransport,AtomicRefCounter,RedirectHelper,ResponseHelper,DownloadHandler,UploadHandler,CertificateHandler,HeaderHelper,AsyncOperation>::Release
0x00007ff636c0f995 (Unity) UnityWebRequestAsyncOperation::InvokeCoroutine
0x00007ff636c0fb71 (Unity) UnityWebRequestProto<UnityWebRequestTransport,AtomicRefCounter,RedirectHelper,ResponseHelper,DownloadHandler,UploadHandler,CertificateHandler,HeaderHelper,AsyncOperation>::Job_InvokeCoroutine
0x00007ff636277d2a (Unity) BackgroundJobQueue::ExecuteMainThreadJobs
0x00007ff63632b49f (Unity) PreloadManager::WaitForAllAsyncOperationsToComplete
0x00007ff637aea248 (Unity) <lambda_b37b41f03089e3cb3f55061bbc93253d>::operator()
0x00007ff637b25a22 (Unity) asio::detail::completion_handler<core::mutable_function<void __cdecl(void)>,asio::io_context::basic_executor_type<std::allocator<void>,0> >::do_complete
0x00007ff637b1196e (Unity) asio::detail::win_iocp_io_context::do_one
0x00007ff637b135d4 (Unity) asio::detail::win_iocp_io_context::run
0x00007ff637b23dcc (Unity) IOService::Run
0x00007ff637af71cf (Unity) AssetImportWorkerClient::Run
0x00007ff637ac2b37 (Unity) RunAssetImportWorkerClientV2
0x00007ff637ac2bbb (Unity) RunAssetImporterV2
0x00007ff6372bba5e (Unity) Application::InitializeProject
0x00007ff63774f4e5 (Unity) WinMain
0x00007ff638b014de (Unity) __scrt_common_main_seh
0x00007ffd6b887374 (KERNEL32) BaseThreadInitThunk
0x00007ffd6d89cc91 (ntdll) RtlUserThreadStart
Unloading 1420 Unused Serialized files (Serialized files now loaded: 0)
Unloading 11 unused Assets / (26.5 KB). Loaded Objects now: 2043.
Memory consumption went from 103.2 MB to 103.1 MB.
Total: 2.793700 ms (FindLiveObjects: 0.132500 ms CreateObjectMapping: 0.044100 ms MarkObjects: 2.584400 ms  DeleteObjects: 0.031400 ms)

Prepare: number of updated asset objects reloaded= 0
AssetImportParameters requested are different than current active one (requested -> active):
  custom:video-encoder-webm-vp8: eb34c28f22e8b96e1ab97ce403110664 -> 
  custom:video-decoder-webm-vp8: 9c59270c3fd7afecdb556c50c9e8de78 -> 
  custom:audio-decoder-ogg-vorbis: bf7c407c2cedff20999df2af8eb42d56 -> 
  custom:SearchIndexIgnoredProperties: e643bd26f0fe6173181afceb89e7c659 -> 
  custom:container-demuxer-ogg: 62fdf1f143b41e24485cea50d1cbac27 -> 
  custom:AudioImporter_EditorPlatform: d09bf68614088b80899f8185d706f6e7 -> 
  custom:CustomObjectIndexerAttribute: 9a22284fe3817be447336de3de66b15e -> 
  custom:container-demuxer-webm: 4f35f7cbe854078d1ac9338744f61a02 -> 
  custom:scripting/monoscript/fileName/Trunk.cs: 3c77c879876a19ef3d7b12fd707afdea -> 
  custom:scripting/monoscript/fileName/ChunkGenerator.cs: c34ac5ef3d79f6264782925317061fad -> 
  custom:video-decoder-ogg-theora: a1e56fd34408186e4bbccfd4996cb3dc -> 
  custom:audio-encoder-webm-vorbis: bf7c407c2cedff20999df2af8eb42d56 -> 
  custom:framework-win-MediaFoundation: 216162199b28c13a410421893ffa2e32 -> 
  custom:scripting/precompiled-assembly-types:Assembly-CSharp: 7efdaf758331962f222ae45c52aeb793 -> 482e17d551b00cd7946e9d7b35e05131
  custom:scripting/monoscript/fileName/Chunk.cs: 2c601e55a29a773029fef31d3cc0f584 -> 
  custom:container-muxer-webm: aa71ff27fc2769a1b78a27578f13a17b -> 
========================================================================
Received Prepare
Caller must complete domain reload
Begin MonoManager ReloadAssembly
- Loaded All Assemblies, in  0.344 seconds
Native extension for WindowsStandalone target not found
Native extension for iOS target not found
Native extension for Android target not found
[Package Manager] Server::EnsureServerProcessIsRunning -- launch failed, reason: Unity was launched with the -noUpm command-line argument
[Package Manager] UpmClient::Send -- Unable to send message (not connected to UPM process).
[Package Manager] Cannot connect to Unity Package Manager local server
[Package Manager] Server::EnsureServerProcessIsRunning -- launch failed, reason: Unity was launched with the -noUpm command-line argument
[Package Manager] UpmClient::Send -- Unable to send message (not connected to UPM process).
[Package Manager] Cannot connect to Unity Package Manager local server
Failed to sync packages list
UnityEngine.StackTraceUtility:ExtractStackTrace ()
UnityEngine.DebugLogHandler:LogFormat (UnityEngine.LogType,UnityEngine.Object,string,object[])
UnityEngine.Logger:Log (UnityEngine.LogType,object)
UnityEngine.Debug:LogWarning (object)
 .  / :MoveNext ()
System.Runtime.CompilerServices.AsyncTaskMethodBuilder:Start< .  / > ( .  / &)
 .  :  ()
 .⁤/ :MoveNext ()
System.Runtime.CompilerServices.AsyncTaskMethodBuilder:Start< .⁤/ > ( .⁤/ &)
 .⁤:  ()
System.Reflection.RuntimeMethodInfo:Invoke (object,System.Reflection.BindingFlags,System.Reflection.Binder,object[],System.Globalization.CultureInfo)
System.Reflection.MethodBase:Invoke (object,object[])
UnityEditor.EditorAssemblies:ProcessInitializeOnLoadMethodAttributes ()

Mono: successfully reloaded assembly
- Finished resetting the current domain, in  0.738 seconds
Domain Reload Profiling: 1082ms
	BeginReloadAssembly (140ms)
		ExecutionOrderSort (0ms)
		DisableScriptedObjects (3ms)
		BackupInstance (0ms)
		ReleaseScriptingObjects (0ms)
		CreateAndSetChildDomain (38ms)
	RebuildCommonClasses (31ms)
	RebuildNativeTypeToScriptingClass (10ms)
	initialDomainReloadingComplete (23ms)
	LoadAllAssembliesAndSetupDomain (141ms)
		LoadAssemblies (199ms)
		RebuildTransferFunctionScriptingTraits (0ms)
		AnalyzeDomain (11ms)
			TypeCache.Refresh (7ms)
				TypeCache.ScanAssembly (0ms)
			ScanForSourceGeneratedMonoScriptInfo (0ms)
			ResolveRequiredComponents (3ms)
	FinalizeReload (738ms)
		ReleaseScriptCaches (0ms)
		RebuildScriptCaches (0ms)
		SetupLoadedEditorAssemblies (510ms)
			LogAssemblyErrors (0ms)
			InitializePlatformSupportModulesInManaged (24ms)
			SetLoadedEditorAssemblies (2ms)
			RefreshPlugins (0ms)
			BeforeProcessingInitializeOnLoad (37ms)
			ProcessInitializeOnLoadAttributes (397ms)
			ProcessInitializeOnLoadMethodAttributes (48ms)
			AfterProcessingInitializeOnLoad (2ms)
			EditorAssembliesLoaded (0ms)
		ExecutionOrderSort2 (0ms)
		AwakeInstancesAfterBackupRestoration (5ms)
Refreshing native plugins compatible for Editor in 0.96 ms, found 2 plugins.
Preloading 0 native plugins for Editor in 0.00 ms.
Release of invalid GC handle. The handle is from a previous domain. The release operation is skipped.
Release of invalid GC handle native callstack: 
0x00007ff63674eb5d (Unity) StackWalker::GetCurrentCallstack
0x00007ff636753c39 (Unity) StackWalker::ShowCallstack
0x00007ff637744851 (Unity) GetStacktrace
0x00007ff63664ae8d (Unity) ScriptingGCHandle::ReleaseAndClear
0x00007ff636c1081c (Unity) UploadHandlerRaw::`vector deleting destructor'
0x00007ff636c113cd (Unity) UploadHandler::Release
0x00007ff636c0dc6d (Unity) UnityWebRequestProto<UnityWebRequestTransport,AtomicRefCounter,RedirectHelper,ResponseHelper,DownloadHandler,UploadHandler,CertificateHandler,HeaderHelper,AsyncOperation>::~UnityWebRequestProto<UnityWebRequestTransport,AtomicRefCounter,RedirectHelper,ResponseHelper,DownloadHandler,UploadHandler,CertificateHandler,HeaderHelper,AsyncOperation>
0x00007ff636c0df66 (Unity) UnityWebRequest::`vector deleting destructor'
0x00007ff6359640a7 (Unity) UnityWebRequestProto<UnityWebRequestTransport,AtomicRefCounter,RedirectHelper,ResponseHelper,DownloadHandler,UploadHandler,CertificateHandler,HeaderHelper,AsyncOperation>::Release
0x00007ff636c0f995 (Unity) UnityWebRequestAsyncOperation::InvokeCoroutine
0x00007ff636c0fb71 (Unity) UnityWebRequestProto<UnityWebRequestTransport,AtomicRefCounter,RedirectHelper,ResponseHelper,DownloadHandler,UploadHandler,CertificateHandler,HeaderHelper,AsyncOperation>::Job_InvokeCoroutine
0x00007ff636277d2a (Unity) BackgroundJobQueue::ExecuteMainThreadJobs
0x00007ff63632b49f (Unity) PreloadManager::WaitForAllAsyncOperationsToComplete
0x00007ff637aea248 (Unity) <lambda_b37b41f03089e3cb3f55061bbc93253d>::operator()
0x00007ff637b25a22 (Unity) asio::detail::completion_handler<core::mutable_function<void __cdecl(void)>,asio::io_context::basic_executor_type<std::allocator<void>,0> >::do_complete
0x00007ff637b1196e (Unity) asio::detail::win_iocp_io_context::do_one
0x00007ff637b135d4 (Unity) asio::detail::win_iocp_io_context::run
0x00007ff637b23dcc (Unity) IOService::Run
0x00007ff637af71cf (Unity) AssetImportWorkerClient::Run
0x00007ff637ac2b37 (Unity) RunAssetImportWorkerClientV2
0x00007ff637ac2bbb (Unity) RunAssetImporterV2
0x00007ff6372bba5e (Unity) Application::InitializeProject
0x00007ff63774f4e5 (Unity) WinMain
0x00007ff638b014de (Unity) __scrt_common_main_seh
0x00007ffd6b887374 (KERNEL32) BaseThreadInitThunk
0x00007ffd6d89cc91 (ntdll) RtlUserThreadStart
Unloading 1420 Unused Serialized files (Serialized files now loaded: 0)
Unloading 11 unused Assets / (26.5 KB). Loaded Objects now: 2048.
Memory consumption went from 103.3 MB to 103.3 MB.
Total: 2.592900 ms (FindLiveObjects: 0.126300 ms CreateObjectMapping: 0.045000 ms MarkObjects: 2.390000 ms  DeleteObjects: 0.030900 ms)

Prepare: number of updated asset objects reloaded= 0
AssetImportParameters requested are different than current active one (requested -> active):
  custom:video-encoder-webm-vp8: eb34c28f22e8b96e1ab97ce403110664 -> 
  custom:video-decoder-webm-vp8: 9c59270c3fd7afecdb556c50c9e8de78 -> 
  custom:audio-decoder-ogg-vorbis: bf7c407c2cedff20999df2af8eb42d56 -> 
  custom:SearchIndexIgnoredProperties: e643bd26f0fe6173181afceb89e7c659 -> 
  custom:container-demuxer-ogg: 62fdf1f143b41e24485cea50d1cbac27 -> 
  custom:AudioImporter_EditorPlatform: d09bf68614088b80899f8185d706f6e7 -> 
  custom:CustomObjectIndexerAttribute: 9a22284fe3817be447336de3de66b15e -> 
  custom:container-demuxer-webm: 4f35f7cbe854078d1ac9338744f61a02 -> 
  custom:scripting/monoscript/fileName/Trunk.cs: 3c77c879876a19ef3d7b12fd707afdea -> 
  custom:scripting/monoscript/fileName/ChunkGenerator.cs: c34ac5ef3d79f6264782925317061fad -> 
  custom:video-decoder-ogg-theora: a1e56fd34408186e4bbccfd4996cb3dc -> 
  custom:audio-encoder-webm-vorbis: bf7c407c2cedff20999df2af8eb42d56 -> 
  custom:framework-win-MediaFoundation: 216162199b28c13a410421893ffa2e32 -> 
  custom:scripting/precompiled-assembly-types:Assembly-CSharp: 7efdaf758331962f222ae45c52aeb793 -> 482e17d551b00cd7946e9d7b35e05131
  custom:scripting/monoscript/fileName/Chunk.cs: 2c601e55a29a773029fef31d3cc0f584 -> 
  custom:container-muxer-webm: aa71ff27fc2769a1b78a27578f13a17b -> 
========================================================================
Received Prepare
Caller must complete domain reload
Begin MonoManager ReloadAssembly
- Loaded All Assemblies, in  0.325 seconds
Native extension for WindowsStandalone target not found
Native extension for iOS target not found
Native extension for Android target not found
[Package Manager] Server::EnsureServerProcessIsRunning -- launch failed, reason: Unity was launched with the -noUpm command-line argument
[Package Manager] UpmClient::Send -- Unable to send message (not connected to UPM process).
[Package Manager] Cannot connect to Unity Package Manager local server
[Package Manager] Server::EnsureServerProcessIsRunning -- launch failed, reason: Unity was launched with the -noUpm command-line argument
[Package Manager] UpmClient::Send -- Unable to send message (not connected to UPM process).
[Package Manager] Cannot connect to Unity Package Manager local server
Failed to sync packages list
UnityEngine.StackTraceUtility:ExtractStackTrace ()
UnityEngine.DebugLogHandler:LogFormat (UnityEngine.LogType,UnityEngine.Object,string,object[])
UnityEngine.Logger:Log (UnityEngine.LogType,object)
UnityEngine.Debug:LogWarning (object)
 .  / :MoveNext ()
System.Runtime.CompilerServices.AsyncTaskMethodBuilder:Start< .  / > ( .  / &)
 .  :  ()
 .⁤/ :MoveNext ()
System.Runtime.CompilerServices.AsyncTaskMethodBuilder:Start< .⁤/ > ( .⁤/ &)
 .⁤:  ()
System.Reflection.RuntimeMethodInfo:Invoke (object,System.Reflection.BindingFlags,System.Reflection.Binder,object[],System.Globalization.CultureInfo)
System.Reflection.MethodBase:Invoke (object,object[])
UnityEditor.EditorAssemblies:ProcessInitializeOnLoadMethodAttributes ()

Mono: successfully reloaded assembly
- Finished resetting the current domain, in  0.710 seconds
Domain Reload Profiling: 1036ms
	BeginReloadAssembly (142ms)
		ExecutionOrderSort (0ms)
		DisableScriptedObjects (4ms)
		BackupInstance (0ms)
		ReleaseScriptingObjects (0ms)
		CreateAndSetChildDomain (39ms)
	RebuildCommonClasses (28ms)
	RebuildNativeTypeToScriptingClass (12ms)
	initialDomainReloadingComplete (21ms)
	LoadAllAssembliesAndSetupDomain (122ms)
		LoadAssemblies (181ms)
		RebuildTransferFunctionScriptingTraits (0ms)
		AnalyzeDomain (10ms)
			TypeCache.Refresh (6ms)
				TypeCache.ScanAssembly (0ms)
			ScanForSourceGeneratedMonoScriptInfo (0ms)
			ResolveRequiredComponents (2ms)
	FinalizeReload (711ms)
		ReleaseScriptCaches (0ms)
		RebuildScriptCaches (0ms)
		SetupLoadedEditorAssemblies (480ms)
			LogAssemblyErrors (0ms)
			InitializePlatformSupportModulesInManaged (22ms)
			SetLoadedEditorAssemblies (2ms)
			RefreshPlugins (0ms)
			BeforeProcessingInitializeOnLoad (37ms)
			ProcessInitializeOnLoadAttributes (380ms)
			ProcessInitializeOnLoadMethodAttributes (37ms)
			AfterProcessingInitializeOnLoad (2ms)
			EditorAssembliesLoaded (0ms)
		ExecutionOrderSort2 (0ms)
		AwakeInstancesAfterBackupRestoration (6ms)
Refreshing native plugins compatible for Editor in 1.24 ms, found 2 plugins.
Preloading 0 native plugins for Editor in 0.00 ms.
Release of invalid GC handle. The handle is from a previous domain. The release operation is skipped.
Release of invalid GC handle native callstack: 
0x00007ff63674eb5d (Unity) StackWalker::GetCurrentCallstack
0x00007ff636753c39 (Unity) StackWalker::ShowCallstack
0x00007ff637744851 (Unity) GetStacktrace
0x00007ff63664ae8d (Unity) ScriptingGCHandle::ReleaseAndClear
0x00007ff636c1081c (Unity) UploadHandlerRaw::`vector deleting destructor'
0x00007ff636c113cd (Unity) UploadHandler::Release
0x00007ff636c0dc6d (Unity) UnityWebRequestProto<UnityWebRequestTransport,AtomicRefCounter,RedirectHelper,ResponseHelper,DownloadHandler,UploadHandler,CertificateHandler,HeaderHelper,AsyncOperation>::~UnityWebRequestProto<UnityWebRequestTransport,AtomicRefCounter,RedirectHelper,ResponseHelper,DownloadHandler,UploadHandler,CertificateHandler,HeaderHelper,AsyncOperation>
0x00007ff636c0df66 (Unity) UnityWebRequest::`vector deleting destructor'
0x00007ff6359640a7 (Unity) UnityWebRequestProto<UnityWebRequestTransport,AtomicRefCounter,RedirectHelper,ResponseHelper,DownloadHandler,UploadHandler,CertificateHandler,HeaderHelper,AsyncOperation>::Release
0x00007ff636c0f995 (Unity) UnityWebRequestAsyncOperation::InvokeCoroutine
0x00007ff636c0fb71 (Unity) UnityWebRequestProto<UnityWebRequestTransport,AtomicRefCounter,RedirectHelper,ResponseHelper,DownloadHandler,UploadHandler,CertificateHandler,HeaderHelper,AsyncOperation>::Job_InvokeCoroutine
0x00007ff636277d2a (Unity) BackgroundJobQueue::ExecuteMainThreadJobs
0x00007ff63632b49f (Unity) PreloadManager::WaitForAllAsyncOperationsToComplete
0x00007ff637aea248 (Unity) <lambda_b37b41f03089e3cb3f55061bbc93253d>::operator()
0x00007ff637b25a22 (Unity) asio::detail::completion_handler<core::mutable_function<void __cdecl(void)>,asio::io_context::basic_executor_type<std::allocator<void>,0> >::do_complete
0x00007ff637b1196e (Unity) asio::detail::win_iocp_io_context::do_one
0x00007ff637b135d4 (Unity) asio::detail::win_iocp_io_context::run
0x00007ff637b23dcc (Unity) IOService::Run
0x00007ff637af71cf (Unity) AssetImportWorkerClient::Run
0x00007ff637ac2b37 (Unity) RunAssetImportWorkerClientV2
0x00007ff637ac2bbb (Unity) RunAssetImporterV2
0x00007ff6372bba5e (Unity) Application::InitializeProject
0x00007ff63774f4e5 (Unity) WinMain
0x00007ff638b014de (Unity) __scrt_common_main_seh
0x00007ffd6b887374 (KERNEL32) BaseThreadInitThunk
0x00007ffd6d89cc91 (ntdll) RtlUserThreadStart
Unloading 1420 Unused Serialized files (Serialized files now loaded: 0)
Unloading 11 unused Assets / (26.5 KB). Loaded Objects now: 2053.
Memory consumption went from 103.5 MB to 103.4 MB.
Total: 2.783500 ms (FindLiveObjects: 0.123200 ms CreateObjectMapping: 0.035100 ms MarkObjects: 2.588100 ms  DeleteObjects: 0.036300 ms)

Prepare: number of updated asset objects reloaded= 0
AssetImportParameters requested are different than current active one (requested -> active):
  custom:video-encoder-webm-vp8: eb34c28f22e8b96e1ab97ce403110664 -> 
  custom:video-decoder-webm-vp8: 9c59270c3fd7afecdb556c50c9e8de78 -> 
  custom:audio-decoder-ogg-vorbis: bf7c407c2cedff20999df2af8eb42d56 -> 
  custom:SearchIndexIgnoredProperties: e643bd26f0fe6173181afceb89e7c659 -> 
  custom:container-demuxer-ogg: 62fdf1f143b41e24485cea50d1cbac27 -> 
  custom:AudioImporter_EditorPlatform: d09bf68614088b80899f8185d706f6e7 -> 
  custom:CustomObjectIndexerAttribute: 9a22284fe3817be447336de3de66b15e -> 
  custom:container-demuxer-webm: 4f35f7cbe854078d1ac9338744f61a02 -> 
  custom:scripting/monoscript/fileName/Trunk.cs: 3c77c879876a19ef3d7b12fd707afdea -> 
  custom:scripting/monoscript/fileName/ChunkGenerator.cs: c34ac5ef3d79f6264782925317061fad -> 
  custom:video-decoder-ogg-theora: a1e56fd34408186e4bbccfd4996cb3dc -> 
  custom:audio-encoder-webm-vorbis: bf7c407c2cedff20999df2af8eb42d56 -> 
  custom:framework-win-MediaFoundation: 216162199b28c13a410421893ffa2e32 -> 
  custom:scripting/precompiled-assembly-types:Assembly-CSharp: 7efdaf758331962f222ae45c52aeb793 -> 482e17d551b00cd7946e9d7b35e05131
  custom:scripting/monoscript/fileName/Chunk.cs: 2c601e55a29a773029fef31d3cc0f584 -> 
  custom:container-muxer-webm: aa71ff27fc2769a1b78a27578f13a17b -> 
========================================================================
Received Prepare
Caller must complete domain reload
Begin MonoManager ReloadAssembly
- Loaded All Assemblies, in  0.352 seconds
Native extension for WindowsStandalone target not found
Native extension for iOS target not found
Native extension for Android target not found
[Package Manager] Server::EnsureServerProcessIsRunning -- launch failed, reason: Unity was launched with the -noUpm command-line argument
[Package Manager] UpmClient::Send -- Unable to send message (not connected to UPM process).
[Package Manager] Cannot connect to Unity Package Manager local server
[Package Manager] Server::EnsureServerProcessIsRunning -- launch failed, reason: Unity was launched with the -noUpm command-line argument
[Package Manager] UpmClient::Send -- Unable to send message (not connected to UPM process).
[Package Manager] Cannot connect to Unity Package Manager local server
Failed to sync packages list
UnityEngine.StackTraceUtility:ExtractStackTrace ()
UnityEngine.DebugLogHandler:LogFormat (UnityEngine.LogType,UnityEngine.Object,string,object[])
UnityEngine.Logger:Log (UnityEngine.LogType,object)
UnityEngine.Debug:LogWarning (object)
 .  / :MoveNext ()
System.Runtime.CompilerServices.AsyncTaskMethodBuilder:Start< .  / > ( .  / &)
 .  :  ()
 .⁤/ :MoveNext ()
System.Runtime.CompilerServices.AsyncTaskMethodBuilder:Start< .⁤/ > ( .⁤/ &)
 .⁤:  ()
System.Reflection.RuntimeMethodInfo:Invoke (object,System.Reflection.BindingFlags,System.Reflection.Binder,object[],System.Globalization.CultureInfo)
System.Reflection.MethodBase:Invoke (object,object[])
UnityEditor.EditorAssemblies:ProcessInitializeOnLoadMethodAttributes ()

Mono: successfully reloaded assembly
- Finished resetting the current domain, in  0.718 seconds
Domain Reload Profiling: 1070ms
	BeginReloadAssembly (145ms)
		ExecutionOrderSort (0ms)
		DisableScriptedObjects (4ms)
		BackupInstance (0ms)
		ReleaseScriptingObjects (0ms)
		CreateAndSetChildDomain (37ms)
	RebuildCommonClasses (28ms)
	RebuildNativeTypeToScriptingClass (10ms)
	initialDomainReloadingComplete (25ms)
	LoadAllAssembliesAndSetupDomain (144ms)
		LoadAssemblies (199ms)
		RebuildTransferFunctionScriptingTraits (0ms)
		AnalyzeDomain (18ms)
			TypeCache.Refresh (7ms)
				TypeCache.ScanAssembly (0ms)
			ScanForSourceGeneratedMonoScriptInfo (7ms)
			ResolveRequiredComponents (2ms)
	FinalizeReload (718ms)
		ReleaseScriptCaches (0ms)
		RebuildScriptCaches (0ms)
		SetupLoadedEditorAssemblies (490ms)
			LogAssemblyErrors (0ms)
			InitializePlatformSupportModulesInManaged (21ms)
			SetLoadedEditorAssemblies (3ms)
			RefreshPlugins (0ms)
			BeforeProcessingInitializeOnLoad (34ms)
			ProcessInitializeOnLoadAttributes (393ms)
			ProcessInitializeOnLoadMethodAttributes (38ms)
			AfterProcessingInitializeOnLoad (2ms)
			EditorAssembliesLoaded (0ms)
		ExecutionOrderSort2 (0ms)
		AwakeInstancesAfterBackupRestoration (6ms)
Refreshing native plugins compatible for Editor in 1.35 ms, found 2 plugins.
Preloading 0 native plugins for Editor in 0.00 ms.
Release of invalid GC handle. The handle is from a previous domain. The release operation is skipped.
Release of invalid GC handle native callstack: 
0x00007ff63674eb5d (Unity) StackWalker::GetCurrentCallstack
0x00007ff636753c39 (Unity) StackWalker::ShowCallstack
0x00007ff637744851 (Unity) GetStacktrace
0x00007ff63664ae8d (Unity) ScriptingGCHandle::ReleaseAndClear
0x00007ff636c1081c (Unity) UploadHandlerRaw::`vector deleting destructor'
0x00007ff636c113cd (Unity) UploadHandler::Release
0x00007ff636c0dc6d (Unity) UnityWebRequestProto<UnityWebRequestTransport,AtomicRefCounter,RedirectHelper,ResponseHelper,DownloadHandler,UploadHandler,CertificateHandler,HeaderHelper,AsyncOperation>::~UnityWebRequestProto<UnityWebRequestTransport,AtomicRefCounter,RedirectHelper,ResponseHelper,DownloadHandler,UploadHandler,CertificateHandler,HeaderHelper,AsyncOperation>
0x00007ff636c0df66 (Unity) UnityWebRequest::`vector deleting destructor'
0x00007ff6359640a7 (Unity) UnityWebRequestProto<UnityWebRequestTransport,AtomicRefCounter,RedirectHelper,ResponseHelper,DownloadHandler,UploadHandler,CertificateHandler,HeaderHelper,AsyncOperation>::Release
0x00007ff636c0f995 (Unity) UnityWebRequestAsyncOperation::InvokeCoroutine
0x00007ff636c0fb71 (Unity) UnityWebRequestProto<UnityWebRequestTransport,AtomicRefCounter,RedirectHelper,ResponseHelper,DownloadHandler,UploadHandler,CertificateHandler,HeaderHelper,AsyncOperation>::Job_InvokeCoroutine
0x00007ff636277d2a (Unity) BackgroundJobQueue::ExecuteMainThreadJobs
0x00007ff63632b49f (Unity) PreloadManager::WaitForAllAsyncOperationsToComplete
0x00007ff637aea248 (Unity) <lambda_b37b41f03089e3cb3f55061bbc93253d>::operator()
0x00007ff637b25a22 (Unity) asio::detail::completion_handler<core::mutable_function<void __cdecl(void)>,asio::io_context::basic_executor_type<std::allocator<void>,0> >::do_complete
0x00007ff637b1196e (Unity) asio::detail::win_iocp_io_context::do_one
0x00007ff637b135d4 (Unity) asio::detail::win_iocp_io_context::run
0x00007ff637b23dcc (Unity) IOService::Run
0x00007ff637af71cf (Unity) AssetImportWorkerClient::Run
0x00007ff637ac2b37 (Unity) RunAssetImportWorkerClientV2
0x00007ff637ac2bbb (Unity) RunAssetImporterV2
0x00007ff6372bba5e (Unity) Application::InitializeProject
0x00007ff63774f4e5 (Unity) WinMain
0x00007ff638b014de (Unity) __scrt_common_main_seh
0x00007ffd6b887374 (KERNEL32) BaseThreadInitThunk
0x00007ffd6d89cc91 (ntdll) RtlUserThreadStart
Unloading 1420 Unused Serialized files (Serialized files now loaded: 0)
Unloading 11 unused Assets / (26.5 KB). Loaded Objects now: 2058.
Memory consumption went from 103.6 MB to 103.6 MB.
Total: 4.865400 ms (FindLiveObjects: 0.352000 ms CreateObjectMapping: 0.162900 ms MarkObjects: 4.302300 ms  DeleteObjects: 0.046600 ms)

Prepare: number of updated asset objects reloaded= 0
AssetImportParameters requested are different than current active one (requested -> active):
  custom:video-encoder-webm-vp8: eb34c28f22e8b96e1ab97ce403110664 -> 
  custom:video-decoder-webm-vp8: 9c59270c3fd7afecdb556c50c9e8de78 -> 
  custom:audio-decoder-ogg-vorbis: bf7c407c2cedff20999df2af8eb42d56 -> 
  custom:SearchIndexIgnoredProperties: e643bd26f0fe6173181afceb89e7c659 -> 
  custom:container-demuxer-ogg: 62fdf1f143b41e24485cea50d1cbac27 -> 
  custom:AudioImporter_EditorPlatform: d09bf68614088b80899f8185d706f6e7 -> 
  custom:CustomObjectIndexerAttribute: 9a22284fe3817be447336de3de66b15e -> 
  custom:container-demuxer-webm: 4f35f7cbe854078d1ac9338744f61a02 -> 
  custom:scripting/monoscript/fileName/Trunk.cs: 3c77c879876a19ef3d7b12fd707afdea -> 
  custom:scripting/monoscript/fileName/ChunkGenerator.cs: c34ac5ef3d79f6264782925317061fad -> 
  custom:video-decoder-ogg-theora: a1e56fd34408186e4bbccfd4996cb3dc -> 
  custom:audio-encoder-webm-vorbis: bf7c407c2cedff20999df2af8eb42d56 -> 
  custom:framework-win-MediaFoundation: 216162199b28c13a410421893ffa2e32 -> 
  custom:scripting/precompiled-assembly-types:Assembly-CSharp: 2f7431225a7f319dc8a3d5d01c1f9e11 -> 482e17d551b00cd7946e9d7b35e05131
  custom:scripting/monoscript/fileName/Chunk.cs: 2c601e55a29a773029fef31d3cc0f584 -> 
  custom:container-muxer-webm: aa71ff27fc2769a1b78a27578f13a17b -> 
========================================================================
Received Prepare
Caller must complete domain reload
Begin MonoManager ReloadAssembly
- Loaded All Assemblies, in  0.333 seconds
Native extension for WindowsStandalone target not found
Native extension for iOS target not found
Native extension for Android target not found
[Package Manager] Server::EnsureServerProcessIsRunning -- launch failed, reason: Unity was launched with the -noUpm command-line argument
[Package Manager] UpmClient::Send -- Unable to send message (not connected to UPM process).
[Package Manager] Cannot connect to Unity Package Manager local server
[Package Manager] Server::EnsureServerProcessIsRunning -- launch failed, reason: Unity was launched with the -noUpm command-line argument
[Package Manager] UpmClient::Send -- Unable to send message (not connected to UPM process).
[Package Manager] Cannot connect to Unity Package Manager local server
Failed to sync packages list
UnityEngine.StackTraceUtility:ExtractStackTrace ()
UnityEngine.DebugLogHandler:LogFormat (UnityEngine.LogType,UnityEngine.Object,string,object[])
UnityEngine.Logger:Log (UnityEngine.LogType,object)
UnityEngine.Debug:LogWarning (object)
 .  / :MoveNext ()
System.Runtime.CompilerServices.AsyncTaskMethodBuilder:Start< .  / > ( .  / &)
 .  :  ()
 .⁤/ :MoveNext ()
System.Runtime.CompilerServices.AsyncTaskMethodBuilder:Start< .⁤/ > ( .⁤/ &)
 .⁤:  ()
System.Reflection.RuntimeMethodInfo:Invoke (object,System.Reflection.BindingFlags,System.Reflection.Binder,object[],System.Globalization.CultureInfo)
System.Reflection.MethodBase:Invoke (object,object[])
UnityEditor.EditorAssemblies:ProcessInitializeOnLoadMethodAttributes ()

Mono: successfully reloaded assembly
- Finished resetting the current domain, in  0.678 seconds
Domain Reload Profiling: 1012ms
	BeginReloadAssembly (139ms)
		ExecutionOrderSort (0ms)
		DisableScriptedObjects (4ms)
		BackupInstance (0ms)
		ReleaseScriptingObjects (0ms)
		CreateAndSetChildDomain (43ms)
	RebuildCommonClasses (37ms)
	RebuildNativeTypeToScriptingClass (9ms)
	initialDomainReloadingComplete (18ms)
	LoadAllAssembliesAndSetupDomain (129ms)
		LoadAssemblies (180ms)
		RebuildTransferFunctionScriptingTraits (0ms)
		AnalyzeDomain (14ms)
			TypeCache.Refresh (7ms)
				TypeCache.ScanAssembly (0ms)
			ScanForSourceGeneratedMonoScriptInfo (0ms)
			ResolveRequiredComponents (4ms)
	FinalizeReload (678ms)
		ReleaseScriptCaches (0ms)
		RebuildScriptCaches (0ms)
		SetupLoadedEditorAssemblies (456ms)
			LogAssemblyErrors (0ms)
			InitializePlatformSupportModulesInManaged (21ms)
			SetLoadedEditorAssemblies (2ms)
			RefreshPlugins (0ms)
			BeforeProcessingInitializeOnLoad (36ms)
			ProcessInitializeOnLoadAttributes (352ms)
			ProcessInitializeOnLoadMethodAttributes (42ms)
			AfterProcessingInitializeOnLoad (2ms)
			EditorAssembliesLoaded (0ms)
		ExecutionOrderSort2 (0ms)
		AwakeInstancesAfterBackupRestoration (5ms)
Refreshing native plugins compatible for Editor in 0.95 ms, found 2 plugins.
Preloading 0 native plugins for Editor in 0.00 ms.
Release of invalid GC handle. The handle is from a previous domain. The release operation is skipped.
Release of invalid GC handle native callstack: 
0x00007ff63674eb5d (Unity) StackWalker::GetCurrentCallstack
0x00007ff636753c39 (Unity) StackWalker::ShowCallstack
0x00007ff637744851 (Unity) GetStacktrace
0x00007ff63664ae8d (Unity) ScriptingGCHandle::ReleaseAndClear
0x00007ff636c1081c (Unity) UploadHandlerRaw::`vector deleting destructor'
0x00007ff636c113cd (Unity) UploadHandler::Release
0x00007ff636c0dc6d (Unity) UnityWebRequestProto<UnityWebRequestTransport,AtomicRefCounter,RedirectHelper,ResponseHelper,DownloadHandler,UploadHandler,CertificateHandler,HeaderHelper,AsyncOperation>::~UnityWebRequestProto<UnityWebRequestTransport,AtomicRefCounter,RedirectHelper,ResponseHelper,DownloadHandler,UploadHandler,CertificateHandler,HeaderHelper,AsyncOperation>
0x00007ff636c0df66 (Unity) UnityWebRequest::`vector deleting destructor'
0x00007ff6359640a7 (Unity) UnityWebRequestProto<UnityWebRequestTransport,AtomicRefCounter,RedirectHelper,ResponseHelper,DownloadHandler,UploadHandler,CertificateHandler,HeaderHelper,AsyncOperation>::Release
0x00007ff636c0f995 (Unity) UnityWebRequestAsyncOperation::InvokeCoroutine
0x00007ff636c0fb71 (Unity) UnityWebRequestProto<UnityWebRequestTransport,AtomicRefCounter,RedirectHelper,ResponseHelper,DownloadHandler,UploadHandler,CertificateHandler,HeaderHelper,AsyncOperation>::Job_InvokeCoroutine
0x00007ff636277d2a (Unity) BackgroundJobQueue::ExecuteMainThreadJobs
0x00007ff63632b49f (Unity) PreloadManager::WaitForAllAsyncOperationsToComplete
0x00007ff637aea248 (Unity) <lambda_b37b41f03089e3cb3f55061bbc93253d>::operator()
0x00007ff637b25a22 (Unity) asio::detail::completion_handler<core::mutable_function<void __cdecl(void)>,asio::io_context::basic_executor_type<std::allocator<void>,0> >::do_complete
0x00007ff637b1196e (Unity) asio::detail::win_iocp_io_context::do_one
0x00007ff637b135d4 (Unity) asio::detail::win_iocp_io_context::run
0x00007ff637b23dcc (Unity) IOService::Run
0x00007ff637af71cf (Unity) AssetImportWorkerClient::Run
0x00007ff637ac2b37 (Unity) RunAssetImportWorkerClientV2
0x00007ff637ac2bbb (Unity) RunAssetImporterV2
0x00007ff6372bba5e (Unity) Application::InitializeProject
0x00007ff63774f4e5 (Unity) WinMain
0x00007ff638b014de (Unity) __scrt_common_main_seh
0x00007ffd6b887374 (KERNEL32) BaseThreadInitThunk
0x00007ffd6d89cc91 (ntdll) RtlUserThreadStart
Unloading 1420 Unused Serialized files (Serialized files now loaded: 0)
Unloading 11 unused Assets / (26.5 KB). Loaded Objects now: 2063.
Memory consumption went from 103.8 MB to 103.7 MB.
Total: 2.813500 ms (FindLiveObjects: 0.133600 ms CreateObjectMapping: 0.037100 ms MarkObjects: 2.605500 ms  DeleteObjects: 0.036000 ms)

Prepare: number of updated asset objects reloaded= 0
AssetImportParameters requested are different than current active one (requested -> active):
  custom:video-encoder-webm-vp8: eb34c28f22e8b96e1ab97ce403110664 -> 
  custom:video-decoder-webm-vp8: 9c59270c3fd7afecdb556c50c9e8de78 -> 
  custom:audio-decoder-ogg-vorbis: bf7c407c2cedff20999df2af8eb42d56 -> 
  custom:SearchIndexIgnoredProperties: e643bd26f0fe6173181afceb89e7c659 -> 
  custom:container-demuxer-ogg: 62fdf1f143b41e24485cea50d1cbac27 -> 
  custom:AudioImporter_EditorPlatform: d09bf68614088b80899f8185d706f6e7 -> 
  custom:CustomObjectIndexerAttribute: 9a22284fe3817be447336de3de66b15e -> 
  custom:container-demuxer-webm: 4f35f7cbe854078d1ac9338744f61a02 -> 
  custom:scripting/monoscript/fileName/Trunk.cs: 3c77c879876a19ef3d7b12fd707afdea -> 
  custom:scripting/monoscript/fileName/ChunkGenerator.cs: c34ac5ef3d79f6264782925317061fad -> 
  custom:video-decoder-ogg-theora: a1e56fd34408186e4bbccfd4996cb3dc -> 
  custom:audio-encoder-webm-vorbis: bf7c407c2cedff20999df2af8eb42d56 -> 
  custom:framework-win-MediaFoundation: 216162199b28c13a410421893ffa2e32 -> 
  custom:scripting/precompiled-assembly-types:Assembly-CSharp: 2f7431225a7f319dc8a3d5d01c1f9e11 -> 482e17d551b00cd7946e9d7b35e05131
  custom:scripting/monoscript/fileName/Chunk.cs: 2c601e55a29a773029fef31d3cc0f584 -> 
  custom:container-muxer-webm: aa71ff27fc2769a1b78a27578f13a17b -> 
========================================================================
Received Prepare
Caller must complete domain reload
Begin MonoManager ReloadAssembly
- Loaded All Assemblies, in  0.380 seconds
Native extension for WindowsStandalone target not found
Native extension for iOS target not found
Native extension for Android target not found
[Package Manager] Server::EnsureServerProcessIsRunning -- launch failed, reason: Unity was launched with the -noUpm command-line argument
[Package Manager] UpmClient::Send -- Unable to send message (not connected to UPM process).
[Package Manager] Cannot connect to Unity Package Manager local server
[Package Manager] Server::EnsureServerProcessIsRunning -- launch failed, reason: Unity was launched with the -noUpm command-line argument
[Package Manager] UpmClient::Send -- Unable to send message (not connected to UPM process).
[Package Manager] Cannot connect to Unity Package Manager local server
Failed to sync packages list
UnityEngine.StackTraceUtility:ExtractStackTrace ()
UnityEngine.DebugLogHandler:LogFormat (UnityEngine.LogType,UnityEngine.Object,string,object[])
UnityEngine.Logger:Log (UnityEngine.LogType,object)
UnityEngine.Debug:LogWarning (object)
 .  / :MoveNext ()
System.Runtime.CompilerServices.AsyncTaskMethodBuilder:Start< .  / > ( .  / &)
 .  :  ()
 .⁤/ :MoveNext ()
System.Runtime.CompilerServices.AsyncTaskMethodBuilder:Start< .⁤/ > ( .⁤/ &)
 .⁤:  ()
System.Reflection.RuntimeMethodInfo:Invoke (object,System.Reflection.BindingFlags,System.Reflection.Binder,object[],System.Globalization.CultureInfo)
System.Reflection.MethodBase:Invoke (object,object[])
UnityEditor.EditorAssemblies:ProcessInitializeOnLoadMethodAttributes ()

Mono: successfully reloaded assembly
- Finished resetting the current domain, in  0.718 seconds
Domain Reload Profiling: 1097ms
	BeginReloadAssembly (155ms)
		ExecutionOrderSort (0ms)
		DisableScriptedObjects (4ms)
		BackupInstance (0ms)
		ReleaseScriptingObjects (0ms)
		CreateAndSetChildDomain (38ms)
	RebuildCommonClasses (30ms)
	RebuildNativeTypeToScriptingClass (13ms)
	initialDomainReloadingComplete (20ms)
	LoadAllAssembliesAndSetupDomain (161ms)
		LoadAssemblies (228ms)
		RebuildTransferFunctionScriptingTraits (0ms)
		AnalyzeDomain (16ms)
			TypeCache.Refresh (7ms)
				TypeCache.ScanAssembly (0ms)
			ScanForSourceGeneratedMonoScriptInfo (6ms)
			ResolveRequiredComponents (2ms)
	FinalizeReload (718ms)
		ReleaseScriptCaches (0ms)
		RebuildScriptCaches (0ms)
		SetupLoadedEditorAssemblies (482ms)
			LogAssemblyErrors (0ms)
			InitializePlatformSupportModulesInManaged (20ms)
			SetLoadedEditorAssemblies (2ms)
			RefreshPlugins (0ms)
			BeforeProcessingInitializeOnLoad (38ms)
			ProcessInitializeOnLoadAttributes (381ms)
			ProcessInitializeOnLoadMethodAttributes (38ms)
			AfterProcessingInitializeOnLoad (2ms)
			EditorAssembliesLoaded (0ms)
		ExecutionOrderSort2 (0ms)
		AwakeInstancesAfterBackupRestoration (6ms)
Refreshing native plugins compatible for Editor in 1.33 ms, found 2 plugins.
Preloading 0 native plugins for Editor in 0.00 ms.
Release of invalid GC handle. The handle is from a previous domain. The release operation is skipped.
Release of invalid GC handle native callstack: 
0x00007ff63674eb5d (Unity) StackWalker::GetCurrentCallstack
0x00007ff636753c39 (Unity) StackWalker::ShowCallstack
0x00007ff637744851 (Unity) GetStacktrace
0x00007ff63664ae8d (Unity) ScriptingGCHandle::ReleaseAndClear
0x00007ff636c1081c (Unity) UploadHandlerRaw::`vector deleting destructor'
0x00007ff636c113cd (Unity) UploadHandler::Release
0x00007ff636c0dc6d (Unity) UnityWebRequestProto<UnityWebRequestTransport,AtomicRefCounter,RedirectHelper,ResponseHelper,DownloadHandler,UploadHandler,CertificateHandler,HeaderHelper,AsyncOperation>::~UnityWebRequestProto<UnityWebRequestTransport,AtomicRefCounter,RedirectHelper,ResponseHelper,DownloadHandler,UploadHandler,CertificateHandler,HeaderHelper,AsyncOperation>
0x00007ff636c0df66 (Unity) UnityWebRequest::`vector deleting destructor'
0x00007ff6359640a7 (Unity) UnityWebRequestProto<UnityWebRequestTransport,AtomicRefCounter,RedirectHelper,ResponseHelper,DownloadHandler,UploadHandler,CertificateHandler,HeaderHelper,AsyncOperation>::Release
0x00007ff636c0f995 (Unity) UnityWebRequestAsyncOperation::InvokeCoroutine
0x00007ff636c0fb71 (Unity) UnityWebRequestProto<UnityWebRequestTransport,AtomicRefCounter,RedirectHelper,ResponseHelper,DownloadHandler,UploadHandler,CertificateHandler,HeaderHelper,AsyncOperation>::Job_InvokeCoroutine
0x00007ff636277d2a (Unity) BackgroundJobQueue::ExecuteMainThreadJobs
0x00007ff63632b49f (Unity) PreloadManager::WaitForAllAsyncOperationsToComplete
0x00007ff637aea248 (Unity) <lambda_b37b41f03089e3cb3f55061bbc93253d>::operator()
0x00007ff637b25a22 (Unity) asio::detail::completion_handler<core::mutable_function<void __cdecl(void)>,asio::io_context::basic_executor_type<std::allocator<void>,0> >::do_complete
0x00007ff637b1196e (Unity) asio::detail::win_iocp_io_context::do_one
0x00007ff637b135d4 (Unity) asio::detail::win_iocp_io_context::run
0x00007ff637b23dcc (Unity) IOService::Run
0x00007ff637af71cf (Unity) AssetImportWorkerClient::Run
0x00007ff637ac2b37 (Unity) RunAssetImportWorkerClientV2
0x00007ff637ac2bbb (Unity) RunAssetImporterV2
0x00007ff6372bba5e (Unity) Application::InitializeProject
0x00007ff63774f4e5 (Unity) WinMain
0x00007ff638b014de (Unity) __scrt_common_main_seh
0x00007ffd6b887374 (KERNEL32) BaseThreadInitThunk
0x00007ffd6d89cc91 (ntdll) RtlUserThreadStart
Unloading 1420 Unused Serialized files (Serialized files now loaded: 0)
Unloading 11 unused Assets / (26.5 KB). Loaded Objects now: 2068.
Memory consumption went from 103.9 MB to 103.9 MB.
Total: 3.574800 ms (FindLiveObjects: 0.144400 ms CreateObjectMapping: 0.050300 ms MarkObjects: 3.323900 ms  DeleteObjects: 0.055100 ms)

Prepare: number of updated asset objects reloaded= 0
AssetImportParameters requested are different than current active one (requested -> active):
  custom:video-encoder-webm-vp8: eb34c28f22e8b96e1ab97ce403110664 -> 
  custom:video-decoder-webm-vp8: 9c59270c3fd7afecdb556c50c9e8de78 -> 
  custom:audio-decoder-ogg-vorbis: bf7c407c2cedff20999df2af8eb42d56 -> 
  custom:SearchIndexIgnoredProperties: e643bd26f0fe6173181afceb89e7c659 -> 
  custom:container-demuxer-ogg: 62fdf1f143b41e24485cea50d1cbac27 -> 
  custom:AudioImporter_EditorPlatform: d09bf68614088b80899f8185d706f6e7 -> 
  custom:CustomObjectIndexerAttribute: 9a22284fe3817be447336de3de66b15e -> 
  custom:container-demuxer-webm: 4f35f7cbe854078d1ac9338744f61a02 -> 
  custom:scripting/monoscript/fileName/Trunk.cs: 3c77c879876a19ef3d7b12fd707afdea -> 
  custom:scripting/monoscript/fileName/ChunkGenerator.cs: c34ac5ef3d79f6264782925317061fad -> 
  custom:video-decoder-ogg-theora: a1e56fd34408186e4bbccfd4996cb3dc -> 
  custom:audio-encoder-webm-vorbis: bf7c407c2cedff20999df2af8eb42d56 -> 
  custom:framework-win-MediaFoundation: 216162199b28c13a410421893ffa2e32 -> 
  custom:scripting/precompiled-assembly-types:Assembly-CSharp: 7efdaf758331962f222ae45c52aeb793 -> 482e17d551b00cd7946e9d7b35e05131
  custom:scripting/monoscript/fileName/Chunk.cs: 2c601e55a29a773029fef31d3cc0f584 -> 
  custom:container-muxer-webm: aa71ff27fc2769a1b78a27578f13a17b -> 
========================================================================
Received Prepare
Caller must complete domain reload
Begin MonoManager ReloadAssembly
- Loaded All Assemblies, in  0.338 seconds
Native extension for WindowsStandalone target not found
Native extension for iOS target not found
Native extension for Android target not found
[Package Manager] Server::EnsureServerProcessIsRunning -- launch failed, reason: Unity was launched with the -noUpm command-line argument
[Package Manager] UpmClient::Send -- Unable to send message (not connected to UPM process).
[Package Manager] Cannot connect to Unity Package Manager local server
[Package Manager] Server::EnsureServerProcessIsRunning -- launch failed, reason: Unity was launched with the -noUpm command-line argument
[Package Manager] UpmClient::Send -- Unable to send message (not connected to UPM process).
[Package Manager] Cannot connect to Unity Package Manager local server
Failed to sync packages list
UnityEngine.StackTraceUtility:ExtractStackTrace ()
UnityEngine.DebugLogHandler:LogFormat (UnityEngine.LogType,UnityEngine.Object,string,object[])
UnityEngine.Logger:Log (UnityEngine.LogType,object)
UnityEngine.Debug:LogWarning (object)
 .  / :MoveNext ()
System.Runtime.CompilerServices.AsyncTaskMethodBuilder:Start< .  / > ( .  / &)
 .  :  ()
 .⁤/ :MoveNext ()
System.Runtime.CompilerServices.AsyncTaskMethodBuilder:Start< .⁤/ > ( .⁤/ &)
 .⁤:  ()
System.Reflection.RuntimeMethodInfo:Invoke (object,System.Reflection.BindingFlags,System.Reflection.Binder,object[],System.Globalization.CultureInfo)
System.Reflection.MethodBase:Invoke (object,object[])
UnityEditor.EditorAssemblies:ProcessInitializeOnLoadMethodAttributes ()

Mono: successfully reloaded assembly
- Finished resetting the current domain, in  0.695 seconds
Domain Reload Profiling: 1033ms
	BeginReloadAssembly (141ms)
		ExecutionOrderSort (0ms)
		DisableScriptedObjects (4ms)
		BackupInstance (0ms)
		ReleaseScriptingObjects (0ms)
		CreateAndSetChildDomain (33ms)
	RebuildCommonClasses (33ms)
	RebuildNativeTypeToScriptingClass (9ms)
	initialDomainReloadingComplete (22ms)
	LoadAllAssembliesAndSetupDomain (133ms)
		LoadAssemblies (201ms)
		RebuildTransferFunctionScriptingTraits (0ms)
		AnalyzeDomain (8ms)
			TypeCache.Refresh (4ms)
				TypeCache.ScanAssembly (0ms)
			ScanForSourceGeneratedMonoScriptInfo (0ms)
			ResolveRequiredComponents (2ms)
	FinalizeReload (695ms)
		ReleaseScriptCaches (0ms)
		RebuildScriptCaches (0ms)
		SetupLoadedEditorAssemblies (470ms)
			LogAssemblyErrors (0ms)
			InitializePlatformSupportModulesInManaged (23ms)
			SetLoadedEditorAssemblies (2ms)
			RefreshPlugins (0ms)
			BeforeProcessingInitializeOnLoad (35ms)
			ProcessInitializeOnLoadAttributes (363ms)
			ProcessInitializeOnLoadMethodAttributes (44ms)
			AfterProcessingInitializeOnLoad (2ms)
			EditorAssembliesLoaded (0ms)
		ExecutionOrderSort2 (0ms)
		AwakeInstancesAfterBackupRestoration (6ms)
Refreshing native plugins compatible for Editor in 0.93 ms, found 2 plugins.
Preloading 0 native plugins for Editor in 0.00 ms.
Release of invalid GC handle. The handle is from a previous domain. The release operation is skipped.
Release of invalid GC handle native callstack: 
0x00007ff63674eb5d (Unity) StackWalker::GetCurrentCallstack
0x00007ff636753c39 (Unity) StackWalker::ShowCallstack
0x00007ff637744851 (Unity) GetStacktrace
0x00007ff63664ae8d (Unity) ScriptingGCHandle::ReleaseAndClear
0x00007ff636c1081c (Unity) UploadHandlerRaw::`vector deleting destructor'
0x00007ff636c113cd (Unity) UploadHandler::Release
0x00007ff636c0dc6d (Unity) UnityWebRequestProto<UnityWebRequestTransport,AtomicRefCounter,RedirectHelper,ResponseHelper,DownloadHandler,UploadHandler,CertificateHandler,HeaderHelper,AsyncOperation>::~UnityWebRequestProto<UnityWebRequestTransport,AtomicRefCounter,RedirectHelper,ResponseHelper,DownloadHandler,UploadHandler,CertificateHandler,HeaderHelper,AsyncOperation>
0x00007ff636c0df66 (Unity) UnityWebRequest::`vector deleting destructor'
0x00007ff6359640a7 (Unity) UnityWebRequestProto<UnityWebRequestTransport,AtomicRefCounter,RedirectHelper,ResponseHelper,DownloadHandler,UploadHandler,CertificateHandler,HeaderHelper,AsyncOperation>::Release
0x00007ff636c0f995 (Unity) UnityWebRequestAsyncOperation::InvokeCoroutine
0x00007ff636c0fb71 (Unity) UnityWebRequestProto<UnityWebRequestTransport,AtomicRefCounter,RedirectHelper,ResponseHelper,DownloadHandler,UploadHandler,CertificateHandler,HeaderHelper,AsyncOperation>::Job_InvokeCoroutine
0x00007ff636277d2a (Unity) BackgroundJobQueue::ExecuteMainThreadJobs
0x00007ff63632b49f (Unity) PreloadManager::WaitForAllAsyncOperationsToComplete
0x00007ff637aea248 (Unity) <lambda_b37b41f03089e3cb3f55061bbc93253d>::operator()
0x00007ff637b25a22 (Unity) asio::detail::completion_handler<core::mutable_function<void __cdecl(void)>,asio::io_context::basic_executor_type<std::allocator<void>,0> >::do_complete
0x00007ff637b1196e (Unity) asio::detail::win_iocp_io_context::do_one
0x00007ff637b135d4 (Unity) asio::detail::win_iocp_io_context::run
0x00007ff637b23dcc (Unity) IOService::Run
0x00007ff637af71cf (Unity) AssetImportWorkerClient::Run
0x00007ff637ac2b37 (Unity) RunAssetImportWorkerClientV2
0x00007ff637ac2bbb (Unity) RunAssetImporterV2
0x00007ff6372bba5e (Unity) Application::InitializeProject
0x00007ff63774f4e5 (Unity) WinMain
0x00007ff638b014de (Unity) __scrt_common_main_seh
0x00007ffd6b887374 (KERNEL32) BaseThreadInitThunk
0x00007ffd6d89cc91 (ntdll) RtlUserThreadStart
Unloading 1420 Unused Serialized files (Serialized files now loaded: 0)
Unloading 11 unused Assets / (26.4 KB). Loaded Objects now: 2073.
Memory consumption went from 104.1 MB to 104.1 MB.
Total: 3.136100 ms (FindLiveObjects: 0.183800 ms CreateObjectMapping: 0.086600 ms MarkObjects: 2.829000 ms  DeleteObjects: 0.035600 ms)

Prepare: number of updated asset objects reloaded= 0
AssetImportParameters requested are different than current active one (requested -> active):
  custom:video-encoder-webm-vp8: eb34c28f22e8b96e1ab97ce403110664 -> 
  custom:video-decoder-webm-vp8: 9c59270c3fd7afecdb556c50c9e8de78 -> 
  custom:audio-decoder-ogg-vorbis: bf7c407c2cedff20999df2af8eb42d56 -> 
  custom:SearchIndexIgnoredProperties: e643bd26f0fe6173181afceb89e7c659 -> 
  custom:container-demuxer-ogg: 62fdf1f143b41e24485cea50d1cbac27 -> 
  custom:AudioImporter_EditorPlatform: d09bf68614088b80899f8185d706f6e7 -> 
  custom:CustomObjectIndexerAttribute: 9a22284fe3817be447336de3de66b15e -> 
  custom:container-demuxer-webm: 4f35f7cbe854078d1ac9338744f61a02 -> 
  custom:scripting/monoscript/fileName/Trunk.cs: 3c77c879876a19ef3d7b12fd707afdea -> 
  custom:scripting/monoscript/fileName/ChunkGenerator.cs: c34ac5ef3d79f6264782925317061fad -> 
  custom:video-decoder-ogg-theora: a1e56fd34408186e4bbccfd4996cb3dc -> 
  custom:audio-encoder-webm-vorbis: bf7c407c2cedff20999df2af8eb42d56 -> 
  custom:framework-win-MediaFoundation: 216162199b28c13a410421893ffa2e32 -> 
  custom:scripting/precompiled-assembly-types:Assembly-CSharp: 7efdaf758331962f222ae45c52aeb793 -> 482e17d551b00cd7946e9d7b35e05131
  custom:scripting/monoscript/fileName/Chunk.cs: 2c601e55a29a773029fef31d3cc0f584 -> 
  custom:container-muxer-webm: aa71ff27fc2769a1b78a27578f13a17b -> 
========================================================================
Received Prepare
Caller must complete domain reload
Begin MonoManager ReloadAssembly
- Loaded All Assemblies, in  0.353 seconds
Native extension for WindowsStandalone target not found
Native extension for iOS target not found
Native extension for Android target not found
[Package Manager] Server::EnsureServerProcessIsRunning -- launch failed, reason: Unity was launched with the -noUpm command-line argument
[Package Manager] UpmClient::Send -- Unable to send message (not connected to UPM process).
[Package Manager] Cannot connect to Unity Package Manager local server
[Package Manager] Server::EnsureServerProcessIsRunning -- launch failed, reason: Unity was launched with the -noUpm command-line argument
[Package Manager] UpmClient::Send -- Unable to send message (not connected to UPM process).
[Package Manager] Cannot connect to Unity Package Manager local server
Failed to sync packages list
UnityEngine.StackTraceUtility:ExtractStackTrace ()
UnityEngine.DebugLogHandler:LogFormat (UnityEngine.LogType,UnityEngine.Object,string,object[])
UnityEngine.Logger:Log (UnityEngine.LogType,object)
UnityEngine.Debug:LogWarning (object)
 .  / :MoveNext ()
System.Runtime.CompilerServices.AsyncTaskMethodBuilder:Start< .  / > ( .  / &)
 .  :  ()
 .⁤/ :MoveNext ()
System.Runtime.CompilerServices.AsyncTaskMethodBuilder:Start< .⁤/ > ( .⁤/ &)
 .⁤:  ()
System.Reflection.RuntimeMethodInfo:Invoke (object,System.Reflection.BindingFlags,System.Reflection.Binder,object[],System.Globalization.CultureInfo)
System.Reflection.MethodBase:Invoke (object,object[])
UnityEditor.EditorAssemblies:ProcessInitializeOnLoadMethodAttributes ()

Mono: successfully reloaded assembly
- Finished resetting the current domain, in  0.720 seconds
Domain Reload Profiling: 1073ms
	BeginReloadAssembly (133ms)
		ExecutionOrderSort (0ms)
		DisableScriptedObjects (6ms)
		BackupInstance (0ms)
		ReleaseScriptingObjects (0ms)
		CreateAndSetChildDomain (31ms)
	RebuildCommonClasses (33ms)
	RebuildNativeTypeToScriptingClass (17ms)
	initialDomainReloadingComplete (24ms)
	LoadAllAssembliesAndSetupDomain (146ms)
		LoadAssemblies (196ms)
		RebuildTransferFunctionScriptingTraits (0ms)
		AnalyzeDomain (17ms)
			TypeCache.Refresh (8ms)
				TypeCache.ScanAssembly (0ms)
			ScanForSourceGeneratedMonoScriptInfo (6ms)
			ResolveRequiredComponents (2ms)
	FinalizeReload (720ms)
		ReleaseScriptCaches (0ms)
		RebuildScriptCaches (0ms)
		SetupLoadedEditorAssemblies (487ms)
			LogAssemblyErrors (0ms)
			InitializePlatformSupportModulesInManaged (21ms)
			SetLoadedEditorAssemblies (2ms)
			RefreshPlugins (0ms)
			BeforeProcessingInitializeOnLoad (35ms)
			ProcessInitializeOnLoadAttributes (377ms)
			ProcessInitializeOnLoadMethodAttributes (49ms)
			AfterProcessingInitializeOnLoad (3ms)
			EditorAssembliesLoaded (0ms)
		ExecutionOrderSort2 (0ms)
		AwakeInstancesAfterBackupRestoration (7ms)
Refreshing native plugins compatible for Editor in 1.61 ms, found 2 plugins.
Preloading 0 native plugins for Editor in 0.00 ms.
Release of invalid GC handle. The handle is from a previous domain. The release operation is skipped.
Release of invalid GC handle native callstack: 
0x00007ff63674eb5d (Unity) StackWalker::GetCurrentCallstack
0x00007ff636753c39 (Unity) StackWalker::ShowCallstack
0x00007ff637744851 (Unity) GetStacktrace
0x00007ff63664ae8d (Unity) ScriptingGCHandle::ReleaseAndClear
0x00007ff636c1081c (Unity) UploadHandlerRaw::`vector deleting destructor'
0x00007ff636c113cd (Unity) UploadHandler::Release
0x00007ff636c0dc6d (Unity) UnityWebRequestProto<UnityWebRequestTransport,AtomicRefCounter,RedirectHelper,ResponseHelper,DownloadHandler,UploadHandler,CertificateHandler,HeaderHelper,AsyncOperation>::~UnityWebRequestProto<UnityWebRequestTransport,AtomicRefCounter,RedirectHelper,ResponseHelper,DownloadHandler,UploadHandler,CertificateHandler,HeaderHelper,AsyncOperation>
0x00007ff636c0df66 (Unity) UnityWebRequest::`vector deleting destructor'
0x00007ff6359640a7 (Unity) UnityWebRequestProto<UnityWebRequestTransport,AtomicRefCounter,RedirectHelper,ResponseHelper,DownloadHandler,UploadHandler,CertificateHandler,HeaderHelper,AsyncOperation>::Release
0x00007ff636c0f995 (Unity) UnityWebRequestAsyncOperation::InvokeCoroutine
0x00007ff636c0fb71 (Unity) UnityWebRequestProto<UnityWebRequestTransport,AtomicRefCounter,RedirectHelper,ResponseHelper,DownloadHandler,UploadHandler,CertificateHandler,HeaderHelper,AsyncOperation>::Job_InvokeCoroutine
0x00007ff636277d2a (Unity) BackgroundJobQueue::ExecuteMainThreadJobs
0x00007ff63632b49f (Unity) PreloadManager::WaitForAllAsyncOperationsToComplete
0x00007ff637aea248 (Unity) <lambda_b37b41f03089e3cb3f55061bbc93253d>::operator()
0x00007ff637b25a22 (Unity) asio::detail::completion_handler<core::mutable_function<void __cdecl(void)>,asio::io_context::basic_executor_type<std::allocator<void>,0> >::do_complete
0x00007ff637b1196e (Unity) asio::detail::win_iocp_io_context::do_one
0x00007ff637b135d4 (Unity) asio::detail::win_iocp_io_context::run
0x00007ff637b23dcc (Unity) IOService::Run
0x00007ff637af71cf (Unity) AssetImportWorkerClient::Run
0x00007ff637ac2b37 (Unity) RunAssetImportWorkerClientV2
0x00007ff637ac2bbb (Unity) RunAssetImporterV2
0x00007ff6372bba5e (Unity) Application::InitializeProject
0x00007ff63774f4e5 (Unity) WinMain
0x00007ff638b014de (Unity) __scrt_common_main_seh
0x00007ffd6b887374 (KERNEL32) BaseThreadInitThunk
0x00007ffd6d89cc91 (ntdll) RtlUserThreadStart
Unloading 1420 Unused Serialized files (Serialized files now loaded: 0)
Unloading 11 unused Assets / (26.5 KB). Loaded Objects now: 2078.
Memory consumption went from 104.2 MB to 104.2 MB.
Total: 3.809300 ms (FindLiveObjects: 0.162900 ms CreateObjectMapping: 0.048800 ms MarkObjects: 3.551500 ms  DeleteObjects: 0.045100 ms)

Prepare: number of updated asset objects reloaded= 0
AssetImportParameters requested are different than current active one (requested -> active):
  custom:video-encoder-webm-vp8: eb34c28f22e8b96e1ab97ce403110664 -> 
  custom:video-decoder-webm-vp8: 9c59270c3fd7afecdb556c50c9e8de78 -> 
  custom:audio-decoder-ogg-vorbis: bf7c407c2cedff20999df2af8eb42d56 -> 
  custom:SearchIndexIgnoredProperties: e643bd26f0fe6173181afceb89e7c659 -> 
  custom:container-demuxer-ogg: 62fdf1f143b41e24485cea50d1cbac27 -> 
  custom:AudioImporter_EditorPlatform: d09bf68614088b80899f8185d706f6e7 -> 
  custom:CustomObjectIndexerAttribute: 9a22284fe3817be447336de3de66b15e -> 
  custom:container-demuxer-webm: 4f35f7cbe854078d1ac9338744f61a02 -> 
  custom:scripting/monoscript/fileName/Trunk.cs: 3c77c879876a19ef3d7b12fd707afdea -> 
  custom:scripting/monoscript/fileName/ChunkGenerator.cs: c34ac5ef3d79f6264782925317061fad -> 
  custom:video-decoder-ogg-theora: a1e56fd34408186e4bbccfd4996cb3dc -> 
  custom:audio-encoder-webm-vorbis: bf7c407c2cedff20999df2af8eb42d56 -> 
  custom:framework-win-MediaFoundation: 216162199b28c13a410421893ffa2e32 -> 
  custom:scripting/precompiled-assembly-types:Assembly-CSharp: 7efdaf758331962f222ae45c52aeb793 -> 482e17d551b00cd7946e9d7b35e05131
  custom:scripting/monoscript/fileName/Chunk.cs: 2c601e55a29a773029fef31d3cc0f584 -> 
  custom:container-muxer-webm: aa71ff27fc2769a1b78a27578f13a17b -> 
========================================================================
Received Prepare
Caller must complete domain reload
Begin MonoManager ReloadAssembly
- Loaded All Assemblies, in  0.362 seconds
Native extension for WindowsStandalone target not found
Native extension for iOS target not found
Native extension for Android target not found
[Package Manager] Server::EnsureServerProcessIsRunning -- launch failed, reason: Unity was launched with the -noUpm command-line argument
[Package Manager] UpmClient::Send -- Unable to send message (not connected to UPM process).
[Package Manager] Cannot connect to Unity Package Manager local server
[Package Manager] Server::EnsureServerProcessIsRunning -- launch failed, reason: Unity was launched with the -noUpm command-line argument
[Package Manager] UpmClient::Send -- Unable to send message (not connected to UPM process).
[Package Manager] Cannot connect to Unity Package Manager local server
Failed to sync packages list
UnityEngine.StackTraceUtility:ExtractStackTrace ()
UnityEngine.DebugLogHandler:LogFormat (UnityEngine.LogType,UnityEngine.Object,string,object[])
UnityEngine.Logger:Log (UnityEngine.LogType,object)
UnityEngine.Debug:LogWarning (object)
 .  / :MoveNext ()
System.Runtime.CompilerServices.AsyncTaskMethodBuilder:Start< .  / > ( .  / &)
 .  :  ()
 .⁤/ :MoveNext ()
System.Runtime.CompilerServices.AsyncTaskMethodBuilder:Start< .⁤/ > ( .⁤/ &)
 .⁤:  ()
System.Reflection.RuntimeMethodInfo:Invoke (object,System.Reflection.BindingFlags,System.Reflection.Binder,object[],System.Globalization.CultureInfo)
System.Reflection.MethodBase:Invoke (object,object[])
UnityEditor.EditorAssemblies:ProcessInitializeOnLoadMethodAttributes ()

Mono: successfully reloaded assembly
- Finished resetting the current domain, in  0.711 seconds
Domain Reload Profiling: 1073ms
	BeginReloadAssembly (144ms)
		ExecutionOrderSort (0ms)
		DisableScriptedObjects (4ms)
		BackupInstance (0ms)
		ReleaseScriptingObjects (0ms)
		CreateAndSetChildDomain (34ms)
	RebuildCommonClasses (45ms)
	RebuildNativeTypeToScriptingClass (10ms)
	initialDomainReloadingComplete (22ms)
	LoadAllAssembliesAndSetupDomain (141ms)
		LoadAssemblies (207ms)
		RebuildTransferFunctionScriptingTraits (0ms)
		AnalyzeDomain (9ms)
			TypeCache.Refresh (4ms)
				TypeCache.ScanAssembly (0ms)
			ScanForSourceGeneratedMonoScriptInfo (0ms)
			ResolveRequiredComponents (3ms)
	FinalizeReload (711ms)
		ReleaseScriptCaches (0ms)
		RebuildScriptCaches (0ms)
		SetupLoadedEditorAssemblies (497ms)
			LogAssemblyErrors (0ms)
			InitializePlatformSupportModulesInManaged (22ms)
			SetLoadedEditorAssemblies (3ms)
			RefreshPlugins (0ms)
			BeforeProcessingInitializeOnLoad (43ms)
			ProcessInitializeOnLoadAttributes (388ms)
			ProcessInitializeOnLoadMethodAttributes (39ms)
			AfterProcessingInitializeOnLoad (3ms)
			EditorAssembliesLoaded (0ms)
		ExecutionOrderSort2 (0ms)
		AwakeInstancesAfterBackupRestoration (6ms)
Refreshing native plugins compatible for Editor in 1.03 ms, found 2 plugins.
Preloading 0 native plugins for Editor in 0.00 ms.
Release of invalid GC handle. The handle is from a previous domain. The release operation is skipped.
Release of invalid GC handle native callstack: 
0x00007ff63674eb5d (Unity) StackWalker::GetCurrentCallstack
0x00007ff636753c39 (Unity) StackWalker::ShowCallstack
0x00007ff637744851 (Unity) GetStacktrace
0x00007ff63664ae8d (Unity) ScriptingGCHandle::ReleaseAndClear
0x00007ff636c1081c (Unity) UploadHandlerRaw::`vector deleting destructor'
0x00007ff636c113cd (Unity) UploadHandler::Release
0x00007ff636c0dc6d (Unity) UnityWebRequestProto<UnityWebRequestTransport,AtomicRefCounter,RedirectHelper,ResponseHelper,DownloadHandler,UploadHandler,CertificateHandler,HeaderHelper,AsyncOperation>::~UnityWebRequestProto<UnityWebRequestTransport,AtomicRefCounter,RedirectHelper,ResponseHelper,DownloadHandler,UploadHandler,CertificateHandler,HeaderHelper,AsyncOperation>
0x00007ff636c0df66 (Unity) UnityWebRequest::`vector deleting destructor'
0x00007ff6359640a7 (Unity) UnityWebRequestProto<UnityWebRequestTransport,AtomicRefCounter,RedirectHelper,ResponseHelper,DownloadHandler,UploadHandler,CertificateHandler,HeaderHelper,AsyncOperation>::Release
0x00007ff636c0f995 (Unity) UnityWebRequestAsyncOperation::InvokeCoroutine
0x00007ff636c0fb71 (Unity) UnityWebRequestProto<UnityWebRequestTransport,AtomicRefCounter,RedirectHelper,ResponseHelper,DownloadHandler,UploadHandler,CertificateHandler,HeaderHelper,AsyncOperation>::Job_InvokeCoroutine
0x00007ff636277d2a (Unity) BackgroundJobQueue::ExecuteMainThreadJobs
0x00007ff63632b49f (Unity) PreloadManager::WaitForAllAsyncOperationsToComplete
0x00007ff637aea248 (Unity) <lambda_b37b41f03089e3cb3f55061bbc93253d>::operator()
0x00007ff637b25a22 (Unity) asio::detail::completion_handler<core::mutable_function<void __cdecl(void)>,asio::io_context::basic_executor_type<std::allocator<void>,0> >::do_complete
0x00007ff637b1196e (Unity) asio::detail::win_iocp_io_context::do_one
0x00007ff637b135d4 (Unity) asio::detail::win_iocp_io_context::run
0x00007ff637b23dcc (Unity) IOService::Run
0x00007ff637af71cf (Unity) AssetImportWorkerClient::Run
0x00007ff637ac2b37 (Unity) RunAssetImportWorkerClientV2
0x00007ff637ac2bbb (Unity) RunAssetImporterV2
0x00007ff6372bba5e (Unity) Application::InitializeProject
0x00007ff63774f4e5 (Unity) WinMain
0x00007ff638b014de (Unity) __scrt_common_main_seh
0x00007ffd6b887374 (KERNEL32) BaseThreadInitThunk
0x00007ffd6d89cc91 (ntdll) RtlUserThreadStart
Unloading 1420 Unused Serialized files (Serialized files now loaded: 0)
Unloading 11 unused Assets / (26.5 KB). Loaded Objects now: 2083.
Memory consumption went from 104.4 MB to 104.4 MB.
Total: 2.820800 ms (FindLiveObjects: 0.130600 ms CreateObjectMapping: 0.037500 ms MarkObjects: 2.619700 ms  DeleteObjects: 0.031600 ms)

Prepare: number of updated asset objects reloaded= 0
AssetImportParameters requested are different than current active one (requested -> active):
  custom:video-encoder-webm-vp8: eb34c28f22e8b96e1ab97ce403110664 -> 
  custom:video-decoder-webm-vp8: 9c59270c3fd7afecdb556c50c9e8de78 -> 
  custom:audio-decoder-ogg-vorbis: bf7c407c2cedff20999df2af8eb42d56 -> 
  custom:SearchIndexIgnoredProperties: e643bd26f0fe6173181afceb89e7c659 -> 
  custom:container-demuxer-ogg: 62fdf1f143b41e24485cea50d1cbac27 -> 
  custom:AudioImporter_EditorPlatform: d09bf68614088b80899f8185d706f6e7 -> 
  custom:CustomObjectIndexerAttribute: 9a22284fe3817be447336de3de66b15e -> 
  custom:container-demuxer-webm: 4f35f7cbe854078d1ac9338744f61a02 -> 
  custom:scripting/monoscript/fileName/Trunk.cs: 3c77c879876a19ef3d7b12fd707afdea -> 
  custom:scripting/monoscript/fileName/ChunkGenerator.cs: c34ac5ef3d79f6264782925317061fad -> 
  custom:video-decoder-ogg-theora: a1e56fd34408186e4bbccfd4996cb3dc -> 
  custom:audio-encoder-webm-vorbis: bf7c407c2cedff20999df2af8eb42d56 -> 
  custom:framework-win-MediaFoundation: 216162199b28c13a410421893ffa2e32 -> 
  custom:scripting/precompiled-assembly-types:Assembly-CSharp: 7efdaf758331962f222ae45c52aeb793 -> 482e17d551b00cd7946e9d7b35e05131
  custom:scripting/monoscript/fileName/Chunk.cs: 2c601e55a29a773029fef31d3cc0f584 -> 
  custom:container-muxer-webm: aa71ff27fc2769a1b78a27578f13a17b -> 
========================================================================
Received Prepare
Caller must complete domain reload
Begin MonoManager ReloadAssembly
- Loaded All Assemblies, in  0.398 seconds
Native extension for WindowsStandalone target not found
Native extension for iOS target not found
Native extension for Android target not found
[Package Manager] Server::EnsureServerProcessIsRunning -- launch failed, reason: Unity was launched with the -noUpm command-line argument
[Package Manager] UpmClient::Send -- Unable to send message (not connected to UPM process).
[Package Manager] Cannot connect to Unity Package Manager local server
[Package Manager] Server::EnsureServerProcessIsRunning -- launch failed, reason: Unity was launched with the -noUpm command-line argument
[Package Manager] UpmClient::Send -- Unable to send message (not connected to UPM process).
[Package Manager] Cannot connect to Unity Package Manager local server
Failed to sync packages list
UnityEngine.StackTraceUtility:ExtractStackTrace ()
UnityEngine.DebugLogHandler:LogFormat (UnityEngine.LogType,UnityEngine.Object,string,object[])
UnityEngine.Logger:Log (UnityEngine.LogType,object)
UnityEngine.Debug:LogWarning (object)
 .  / :MoveNext ()
System.Runtime.CompilerServices.AsyncTaskMethodBuilder:Start< .  / > ( .  / &)
 .  :  ()
 .⁤/ :MoveNext ()
System.Runtime.CompilerServices.AsyncTaskMethodBuilder:Start< .⁤/ > ( .⁤/ &)
 .⁤:  ()
System.Reflection.RuntimeMethodInfo:Invoke (object,System.Reflection.BindingFlags,System.Reflection.Binder,object[],System.Globalization.CultureInfo)
System.Reflection.MethodBase:Invoke (object,object[])
UnityEditor.EditorAssemblies:ProcessInitializeOnLoadMethodAttributes ()

Mono: successfully reloaded assembly
- Finished resetting the current domain, in  0.769 seconds
Domain Reload Profiling: 1168ms
	BeginReloadAssembly (160ms)
		ExecutionOrderSort (0ms)
		DisableScriptedObjects (4ms)
		BackupInstance (0ms)
		ReleaseScriptingObjects (0ms)
		CreateAndSetChildDomain (39ms)
	RebuildCommonClasses (38ms)
	RebuildNativeTypeToScriptingClass (13ms)
	initialDomainReloadingComplete (27ms)
	LoadAllAssembliesAndSetupDomain (161ms)
		LoadAssemblies (218ms)
		RebuildTransferFunctionScriptingTraits (0ms)
		AnalyzeDomain (23ms)
			TypeCache.Refresh (8ms)
				TypeCache.ScanAssembly (0ms)
			ScanForSourceGeneratedMonoScriptInfo (9ms)
			ResolveRequiredComponents (3ms)
	FinalizeReload (769ms)
		ReleaseScriptCaches (0ms)
		RebuildScriptCaches (0ms)
		SetupLoadedEditorAssemblies (497ms)
			LogAssemblyErrors (0ms)
			InitializePlatformSupportModulesInManaged (25ms)
			SetLoadedEditorAssemblies (3ms)
			RefreshPlugins (0ms)
			BeforeProcessingInitializeOnLoad (38ms)
			ProcessInitializeOnLoadAttributes (387ms)
			ProcessInitializeOnLoadMethodAttributes (43ms)
			AfterProcessingInitializeOnLoad (2ms)
			EditorAssembliesLoaded (0ms)
		ExecutionOrderSort2 (0ms)
		AwakeInstancesAfterBackupRestoration (6ms)
Refreshing native plugins compatible for Editor in 1.64 ms, found 2 plugins.
Preloading 0 native plugins for Editor in 0.00 ms.
Release of invalid GC handle. The handle is from a previous domain. The release operation is skipped.
Release of invalid GC handle native callstack: 
0x00007ff63674eb5d (Unity) StackWalker::GetCurrentCallstack
0x00007ff636753c39 (Unity) StackWalker::ShowCallstack
0x00007ff637744851 (Unity) GetStacktrace
0x00007ff63664ae8d (Unity) ScriptingGCHandle::ReleaseAndClear
0x00007ff636c1081c (Unity) UploadHandlerRaw::`vector deleting destructor'
0x00007ff636c113cd (Unity) UploadHandler::Release
0x00007ff636c0dc6d (Unity) UnityWebRequestProto<UnityWebRequestTransport,AtomicRefCounter,RedirectHelper,ResponseHelper,DownloadHandler,UploadHandler,CertificateHandler,HeaderHelper,AsyncOperation>::~UnityWebRequestProto<UnityWebRequestTransport,AtomicRefCounter,RedirectHelper,ResponseHelper,DownloadHandler,UploadHandler,CertificateHandler,HeaderHelper,AsyncOperation>
0x00007ff636c0df66 (Unity) UnityWebRequest::`vector deleting destructor'
0x00007ff6359640a7 (Unity) UnityWebRequestProto<UnityWebRequestTransport,AtomicRefCounter,RedirectHelper,ResponseHelper,DownloadHandler,UploadHandler,CertificateHandler,HeaderHelper,AsyncOperation>::Release
0x00007ff636c0f995 (Unity) UnityWebRequestAsyncOperation::InvokeCoroutine
0x00007ff636c0fb71 (Unity) UnityWebRequestProto<UnityWebRequestTransport,AtomicRefCounter,RedirectHelper,ResponseHelper,DownloadHandler,UploadHandler,CertificateHandler,HeaderHelper,AsyncOperation>::Job_InvokeCoroutine
0x00007ff636277d2a (Unity) BackgroundJobQueue::ExecuteMainThreadJobs
0x00007ff63632b49f (Unity) PreloadManager::WaitForAllAsyncOperationsToComplete
0x00007ff637aea248 (Unity) <lambda_b37b41f03089e3cb3f55061bbc93253d>::operator()
0x00007ff637b25a22 (Unity) asio::detail::completion_handler<core::mutable_function<void __cdecl(void)>,asio::io_context::basic_executor_type<std::allocator<void>,0> >::do_complete
0x00007ff637b1196e (Unity) asio::detail::win_iocp_io_context::do_one
0x00007ff637b135d4 (Unity) asio::detail::win_iocp_io_context::run
0x00007ff637b23dcc (Unity) IOService::Run
0x00007ff637af71cf (Unity) AssetImportWorkerClient::Run
0x00007ff637ac2b37 (Unity) RunAssetImportWorkerClientV2
0x00007ff637ac2bbb (Unity) RunAssetImporterV2
0x00007ff6372bba5e (Unity) Application::InitializeProject
0x00007ff63774f4e5 (Unity) WinMain
0x00007ff638b014de (Unity) __scrt_common_main_seh
0x00007ffd6b887374 (KERNEL32) BaseThreadInitThunk
0x00007ffd6d89cc91 (ntdll) RtlUserThreadStart
Unloading 1421 Unused Serialized files (Serialized files now loaded: 0)
Unloading 11 unused Assets / (23.5 KB). Loaded Objects now: 2089.
Memory consumption went from 104.6 MB to 104.5 MB.
Total: 4.086500 ms (FindLiveObjects: 0.215500 ms CreateObjectMapping: 0.092200 ms MarkObjects: 3.686700 ms  DeleteObjects: 0.090700 ms)

Prepare: number of updated asset objects reloaded= 0
AssetImportParameters requested are different than current active one (requested -> active):
  custom:video-encoder-webm-vp8: eb34c28f22e8b96e1ab97ce403110664 -> 
  custom:video-decoder-webm-vp8: 9c59270c3fd7afecdb556c50c9e8de78 -> 
  custom:audio-decoder-ogg-vorbis: bf7c407c2cedff20999df2af8eb42d56 -> 
  custom:scripting/monoscript/fileName/PlayerMovement2.cs: de5dad4c3545ad8f9f6984966a40b37a -> 
  custom:SearchIndexIgnoredProperties: e643bd26f0fe6173181afceb89e7c659 -> 
  custom:container-demuxer-ogg: 62fdf1f143b41e24485cea50d1cbac27 -> 
  custom:AudioImporter_EditorPlatform: d09bf68614088b80899f8185d706f6e7 -> 
  custom:CustomObjectIndexerAttribute: 9a22284fe3817be447336de3de66b15e -> 
  custom:container-demuxer-webm: 4f35f7cbe854078d1ac9338744f61a02 -> 
  custom:scripting/monoscript/fileName/Trunk.cs: 3c77c879876a19ef3d7b12fd707afdea -> 
  custom:scripting/monoscript/fileName/ChunkGenerator.cs: c34ac5ef3d79f6264782925317061fad -> 
  custom:video-decoder-ogg-theora: a1e56fd34408186e4bbccfd4996cb3dc -> 
  custom:audio-encoder-webm-vorbis: bf7c407c2cedff20999df2af8eb42d56 -> 
  custom:framework-win-MediaFoundation: 216162199b28c13a410421893ffa2e32 -> 
  custom:scripting/precompiled-assembly-types:Assembly-CSharp: 0d3d0f2ecdb2ef1cc5af7167fa84fe1b -> 482e17d551b00cd7946e9d7b35e05131
  custom:scripting/monoscript/fileName/Chunk.cs: 2c601e55a29a773029fef31d3cc0f584 -> 
  custom:container-muxer-webm: aa71ff27fc2769a1b78a27578f13a17b -> 
========================================================================
Received Import Request.
  Time since last request: 2796.730503 seconds.
  path: Assets/Scripts/PlayerMovement2.cs
  artifactKey: Guid(fa23f5772d88bd7419c5e040e3990c20) Importer(815301076,1909f56bfc062723c751e8b465ee728b)
Start importing Assets/Scripts/PlayerMovement2.cs using Guid(fa23f5772d88bd7419c5e040e3990c20) Importer(815301076,1909f56bfc062723c751e8b465ee728b) [PhysX] Initialized MultithreadedTaskDispatcher with 12 workers.
 -> (artifact id: '32e7c0ca66c5c4ade61169a529c3c945') in 0.008695 seconds
Number of updated asset objects reloaded before import = 0
Number of asset objects unloaded after import = 0
========================================================================
Received Prepare
Caller must complete domain reload
Begin MonoManager ReloadAssembly
- Loaded All Assemblies, in  0.353 seconds
Native extension for WindowsStandalone target not found
Native extension for iOS target not found
Native extension for Android target not found
[Package Manager] Server::EnsureServerProcessIsRunning -- launch failed, reason: Unity was launched with the -noUpm command-line argument
[Package Manager] UpmClient::Send -- Unable to send message (not connected to UPM process).
[Package Manager] Cannot connect to Unity Package Manager local server
[Package Manager] Server::EnsureServerProcessIsRunning -- launch failed, reason: Unity was launched with the -noUpm command-line argument
[Package Manager] UpmClient::Send -- Unable to send message (not connected to UPM process).
[Package Manager] Cannot connect to Unity Package Manager local server
Failed to sync packages list
UnityEngine.StackTraceUtility:ExtractStackTrace ()
UnityEngine.DebugLogHandler:LogFormat (UnityEngine.LogType,UnityEngine.Object,string,object[])
UnityEngine.Logger:Log (UnityEngine.LogType,object)
UnityEngine.Debug:LogWarning (object)
 .  / :MoveNext ()
System.Runtime.CompilerServices.AsyncTaskMethodBuilder:Start< .  / > ( .  / &)
 .  :  ()
 .⁤/ :MoveNext ()
System.Runtime.CompilerServices.AsyncTaskMethodBuilder:Start< .⁤/ > ( .⁤/ &)
 .⁤:  ()
System.Reflection.RuntimeMethodInfo:Invoke (object,System.Reflection.BindingFlags,System.Reflection.Binder,object[],System.Globalization.CultureInfo)
System.Reflection.MethodBase:Invoke (object,object[])
UnityEditor.EditorAssemblies:ProcessInitializeOnLoadMethodAttributes ()

Mono: successfully reloaded assembly
- Finished resetting the current domain, in  0.692 seconds
Domain Reload Profiling: 1045ms
	BeginReloadAssembly (148ms)
		ExecutionOrderSort (0ms)
		DisableScriptedObjects (5ms)
		BackupInstance (0ms)
		ReleaseScriptingObjects (0ms)
		CreateAndSetChildDomain (35ms)
	RebuildCommonClasses (35ms)
	RebuildNativeTypeToScriptingClass (10ms)
	initialDomainReloadingComplete (20ms)
	LoadAllAssembliesAndSetupDomain (139ms)
		LoadAssemblies (200ms)
		RebuildTransferFunctionScriptingTraits (0ms)
		AnalyzeDomain (16ms)
			TypeCache.Refresh (7ms)
				TypeCache.ScanAssembly (0ms)
			ScanForSourceGeneratedMonoScriptInfo (6ms)
			ResolveRequiredComponents (2ms)
	FinalizeReload (693ms)
		ReleaseScriptCaches (0ms)
		RebuildScriptCaches (0ms)
		SetupLoadedEditorAssemblies (455ms)
			LogAssemblyErrors (0ms)
			InitializePlatformSupportModulesInManaged (22ms)
			SetLoadedEditorAssemblies (2ms)
			RefreshPlugins (0ms)
			BeforeProcessingInitializeOnLoad (36ms)
			ProcessInitializeOnLoadAttributes (356ms)
			ProcessInitializeOnLoadMethodAttributes (36ms)
			AfterProcessingInitializeOnLoad (3ms)
			EditorAssembliesLoaded (0ms)
		ExecutionOrderSort2 (0ms)
		AwakeInstancesAfterBackupRestoration (8ms)
Refreshing native plugins compatible for Editor in 1.11 ms, found 2 plugins.
Preloading 0 native plugins for Editor in 0.00 ms.
Release of invalid GC handle. The handle is from a previous domain. The release operation is skipped.
Release of invalid GC handle native callstack: 
0x00007ff63674eb5d (Unity) StackWalker::GetCurrentCallstack
0x00007ff636753c39 (Unity) StackWalker::ShowCallstack
0x00007ff637744851 (Unity) GetStacktrace
0x00007ff63664ae8d (Unity) ScriptingGCHandle::ReleaseAndClear
0x00007ff636c1081c (Unity) UploadHandlerRaw::`vector deleting destructor'
0x00007ff636c113cd (Unity) UploadHandler::Release
0x00007ff636c0dc6d (Unity) UnityWebRequestProto<UnityWebRequestTransport,AtomicRefCounter,RedirectHelper,ResponseHelper,DownloadHandler,UploadHandler,CertificateHandler,HeaderHelper,AsyncOperation>::~UnityWebRequestProto<UnityWebRequestTransport,AtomicRefCounter,RedirectHelper,ResponseHelper,DownloadHandler,UploadHandler,CertificateHandler,HeaderHelper,AsyncOperation>
0x00007ff636c0df66 (Unity) UnityWebRequest::`vector deleting destructor'
0x00007ff6359640a7 (Unity) UnityWebRequestProto<UnityWebRequestTransport,AtomicRefCounter,RedirectHelper,ResponseHelper,DownloadHandler,UploadHandler,CertificateHandler,HeaderHelper,AsyncOperation>::Release
0x00007ff636c0f995 (Unity) UnityWebRequestAsyncOperation::InvokeCoroutine
0x00007ff636c0fb71 (Unity) UnityWebRequestProto<UnityWebRequestTransport,AtomicRefCounter,RedirectHelper,ResponseHelper,DownloadHandler,UploadHandler,CertificateHandler,HeaderHelper,AsyncOperation>::Job_InvokeCoroutine
0x00007ff636277d2a (Unity) BackgroundJobQueue::ExecuteMainThreadJobs
0x00007ff63632b49f (Unity) PreloadManager::WaitForAllAsyncOperationsToComplete
0x00007ff637aea248 (Unity) <lambda_b37b41f03089e3cb3f55061bbc93253d>::operator()
0x00007ff637b25a22 (Unity) asio::detail::completion_handler<core::mutable_function<void __cdecl(void)>,asio::io_context::basic_executor_type<std::allocator<void>,0> >::do_complete
0x00007ff637b1196e (Unity) asio::detail::win_iocp_io_context::do_one
0x00007ff637b135d4 (Unity) asio::detail::win_iocp_io_context::run
0x00007ff637b23dcc (Unity) IOService::Run
0x00007ff637af71cf (Unity) AssetImportWorkerClient::Run
0x00007ff637ac2b37 (Unity) RunAssetImportWorkerClientV2
0x00007ff637ac2bbb (Unity) RunAssetImporterV2
0x00007ff6372bba5e (Unity) Application::InitializeProject
0x00007ff63774f4e5 (Unity) WinMain
0x00007ff638b014de (Unity) __scrt_common_main_seh
0x00007ffd6b887374 (KERNEL32) BaseThreadInitThunk
0x00007ffd6d89cc91 (ntdll) RtlUserThreadStart
Unloading 1420 Unused Serialized files (Serialized files now loaded: 0)
Unloading 11 unused Assets / (26.4 KB). Loaded Objects now: 2094.
Memory consumption went from 104.5 MB to 104.4 MB.
Total: 2.984200 ms (FindLiveObjects: 0.121500 ms CreateObjectMapping: 0.033700 ms MarkObjects: 2.794200 ms  DeleteObjects: 0.033700 ms)

Prepare: number of updated asset objects reloaded= 0
AssetImportParameters requested are different than current active one (requested -> active):
  custom:video-encoder-webm-vp8: eb34c28f22e8b96e1ab97ce403110664 -> 
  custom:video-decoder-webm-vp8: 9c59270c3fd7afecdb556c50c9e8de78 -> 
  custom:audio-decoder-ogg-vorbis: bf7c407c2cedff20999df2af8eb42d56 -> 
  custom:scripting/monoscript/fileName/PlayerMovement2.cs: de5dad4c3545ad8f9f6984966a40b37a -> 
  custom:SearchIndexIgnoredProperties: e643bd26f0fe6173181afceb89e7c659 -> 
  custom:container-demuxer-ogg: 62fdf1f143b41e24485cea50d1cbac27 -> 
  custom:AudioImporter_EditorPlatform: d09bf68614088b80899f8185d706f6e7 -> 
  custom:CustomObjectIndexerAttribute: 9a22284fe3817be447336de3de66b15e -> 
  custom:container-demuxer-webm: 4f35f7cbe854078d1ac9338744f61a02 -> 
  custom:scripting/monoscript/fileName/Trunk.cs: 3c77c879876a19ef3d7b12fd707afdea -> 
  custom:scripting/monoscript/fileName/ChunkGenerator.cs: c34ac5ef3d79f6264782925317061fad -> 
  custom:video-decoder-ogg-theora: a1e56fd34408186e4bbccfd4996cb3dc -> 
  custom:audio-encoder-webm-vorbis: bf7c407c2cedff20999df2af8eb42d56 -> 
  custom:framework-win-MediaFoundation: 216162199b28c13a410421893ffa2e32 -> 
  custom:scripting/precompiled-assembly-types:Assembly-CSharp: 0d3d0f2ecdb2ef1cc5af7167fa84fe1b -> 482e17d551b00cd7946e9d7b35e05131
  custom:scripting/monoscript/fileName/Chunk.cs: 2c601e55a29a773029fef31d3cc0f584 -> 
  custom:container-muxer-webm: aa71ff27fc2769a1b78a27578f13a17b -> 
========================================================================
Received Prepare
Caller must complete domain reload
Begin MonoManager ReloadAssembly
- Loaded All Assemblies, in  0.341 seconds
Native extension for WindowsStandalone target not found
Native extension for iOS target not found
Native extension for Android target not found
[Package Manager] Server::EnsureServerProcessIsRunning -- launch failed, reason: Unity was launched with the -noUpm command-line argument
[Package Manager] UpmClient::Send -- Unable to send message (not connected to UPM process).
[Package Manager] Cannot connect to Unity Package Manager local server
[Package Manager] Server::EnsureServerProcessIsRunning -- launch failed, reason: Unity was launched with the -noUpm command-line argument
[Package Manager] UpmClient::Send -- Unable to send message (not connected to UPM process).
[Package Manager] Cannot connect to Unity Package Manager local server
Failed to sync packages list
UnityEngine.StackTraceUtility:ExtractStackTrace ()
UnityEngine.DebugLogHandler:LogFormat (UnityEngine.LogType,UnityEngine.Object,string,object[])
UnityEngine.Logger:Log (UnityEngine.LogType,object)
UnityEngine.Debug:LogWarning (object)
 .  / :MoveNext ()
System.Runtime.CompilerServices.AsyncTaskMethodBuilder:Start< .  / > ( .  / &)
 .  :  ()
 .⁤/ :MoveNext ()
System.Runtime.CompilerServices.AsyncTaskMethodBuilder:Start< .⁤/ > ( .⁤/ &)
 .⁤:  ()
System.Reflection.RuntimeMethodInfo:Invoke (object,System.Reflection.BindingFlags,System.Reflection.Binder,object[],System.Globalization.CultureInfo)
System.Reflection.MethodBase:Invoke (object,object[])
UnityEditor.EditorAssemblies:ProcessInitializeOnLoadMethodAttributes ()

Mono: successfully reloaded assembly
- Finished resetting the current domain, in  0.690 seconds
Domain Reload Profiling: 1031ms
	BeginReloadAssembly (144ms)
		ExecutionOrderSort (0ms)
		DisableScriptedObjects (3ms)
		BackupInstance (0ms)
		ReleaseScriptingObjects (0ms)
		CreateAndSetChildDomain (35ms)
	RebuildCommonClasses (28ms)
	RebuildNativeTypeToScriptingClass (9ms)
	initialDomainReloadingComplete (19ms)
	LoadAllAssembliesAndSetupDomain (140ms)
		LoadAssemblies (203ms)
		RebuildTransferFunctionScriptingTraits (0ms)
		AnalyzeDomain (8ms)
			TypeCache.Refresh (5ms)
				TypeCache.ScanAssembly (0ms)
			ScanForSourceGeneratedMonoScriptInfo (0ms)
			ResolveRequiredComponents (2ms)
	FinalizeReload (690ms)
		ReleaseScriptCaches (0ms)
		RebuildScriptCaches (0ms)
		SetupLoadedEditorAssemblies (468ms)
			LogAssemblyErrors (0ms)
			InitializePlatformSupportModulesInManaged (21ms)
			SetLoadedEditorAssemblies (2ms)
			RefreshPlugins (0ms)
			BeforeProcessingInitializeOnLoad (38ms)
			ProcessInitializeOnLoadAttributes (366ms)
			ProcessInitializeOnLoadMethodAttributes (40ms)
			AfterProcessingInitializeOnLoad (2ms)
			EditorAssembliesLoaded (0ms)
		ExecutionOrderSort2 (0ms)
		AwakeInstancesAfterBackupRestoration (6ms)
Refreshing native plugins compatible for Editor in 1.00 ms, found 2 plugins.
Preloading 0 native plugins for Editor in 0.00 ms.
Release of invalid GC handle. The handle is from a previous domain. The release operation is skipped.
Release of invalid GC handle native callstack: 
0x00007ff63674eb5d (Unity) StackWalker::GetCurrentCallstack
0x00007ff636753c39 (Unity) StackWalker::ShowCallstack
0x00007ff637744851 (Unity) GetStacktrace
0x00007ff63664ae8d (Unity) ScriptingGCHandle::ReleaseAndClear
0x00007ff636c1081c (Unity) UploadHandlerRaw::`vector deleting destructor'
0x00007ff636c113cd (Unity) UploadHandler::Release
0x00007ff636c0dc6d (Unity) UnityWebRequestProto<UnityWebRequestTransport,AtomicRefCounter,RedirectHelper,ResponseHelper,DownloadHandler,UploadHandler,CertificateHandler,HeaderHelper,AsyncOperation>::~UnityWebRequestProto<UnityWebRequestTransport,AtomicRefCounter,RedirectHelper,ResponseHelper,DownloadHandler,UploadHandler,CertificateHandler,HeaderHelper,AsyncOperation>
0x00007ff636c0df66 (Unity) UnityWebRequest::`vector deleting destructor'
0x00007ff6359640a7 (Unity) UnityWebRequestProto<UnityWebRequestTransport,AtomicRefCounter,RedirectHelper,ResponseHelper,DownloadHandler,UploadHandler,CertificateHandler,HeaderHelper,AsyncOperation>::Release
0x00007ff636c0f995 (Unity) UnityWebRequestAsyncOperation::InvokeCoroutine
0x00007ff636c0fb71 (Unity) UnityWebRequestProto<UnityWebRequestTransport,AtomicRefCounter,RedirectHelper,ResponseHelper,DownloadHandler,UploadHandler,CertificateHandler,HeaderHelper,AsyncOperation>::Job_InvokeCoroutine
0x00007ff636277d2a (Unity) BackgroundJobQueue::ExecuteMainThreadJobs
0x00007ff63632b49f (Unity) PreloadManager::WaitForAllAsyncOperationsToComplete
0x00007ff637aea248 (Unity) <lambda_b37b41f03089e3cb3f55061bbc93253d>::operator()
0x00007ff637b25a22 (Unity) asio::detail::completion_handler<core::mutable_function<void __cdecl(void)>,asio::io_context::basic_executor_type<std::allocator<void>,0> >::do_complete
0x00007ff637b1196e (Unity) asio::detail::win_iocp_io_context::do_one
0x00007ff637b135d4 (Unity) asio::detail::win_iocp_io_context::run
0x00007ff637b23dcc (Unity) IOService::Run
0x00007ff637af71cf (Unity) AssetImportWorkerClient::Run
0x00007ff637ac2b37 (Unity) RunAssetImportWorkerClientV2
0x00007ff637ac2bbb (Unity) RunAssetImporterV2
0x00007ff6372bba5e (Unity) Application::InitializeProject
0x00007ff63774f4e5 (Unity) WinMain
0x00007ff638b014de (Unity) __scrt_common_main_seh
0x00007ffd6b887374 (KERNEL32) BaseThreadInitThunk
0x00007ffd6d89cc91 (ntdll) RtlUserThreadStart
Unloading 1421 Unused Serialized files (Serialized files now loaded: 0)
Unloading 11 unused Assets / (26.5 KB). Loaded Objects now: 2099.
Memory consumption went from 104.9 MB to 104.8 MB.
Total: 2.989700 ms (FindLiveObjects: 0.120900 ms CreateObjectMapping: 0.036400 ms MarkObjects: 2.796600 ms  DeleteObjects: 0.034600 ms)

Prepare: number of updated asset objects reloaded= 0
AssetImportParameters requested are different than current active one (requested -> active):
  custom:video-encoder-webm-vp8: eb34c28f22e8b96e1ab97ce403110664 -> 
  custom:video-decoder-webm-vp8: 9c59270c3fd7afecdb556c50c9e8de78 -> 
  custom:audio-decoder-ogg-vorbis: bf7c407c2cedff20999df2af8eb42d56 -> 
  custom:scripting/monoscript/fileName/PlayerMovement2.cs: de5dad4c3545ad8f9f6984966a40b37a -> 
  custom:SearchIndexIgnoredProperties: e643bd26f0fe6173181afceb89e7c659 -> 
  custom:container-demuxer-ogg: 62fdf1f143b41e24485cea50d1cbac27 -> 
  custom:AudioImporter_EditorPlatform: d09bf68614088b80899f8185d706f6e7 -> 
  custom:CustomObjectIndexerAttribute: 9a22284fe3817be447336de3de66b15e -> 
  custom:container-demuxer-webm: 4f35f7cbe854078d1ac9338744f61a02 -> 
  custom:scripting/monoscript/fileName/Trunk.cs: 3c77c879876a19ef3d7b12fd707afdea -> 
  custom:scripting/monoscript/fileName/ChunkGenerator.cs: c34ac5ef3d79f6264782925317061fad -> 
  custom:video-decoder-ogg-theora: a1e56fd34408186e4bbccfd4996cb3dc -> 
  custom:audio-encoder-webm-vorbis: bf7c407c2cedff20999df2af8eb42d56 -> 
  custom:framework-win-MediaFoundation: 216162199b28c13a410421893ffa2e32 -> 
  custom:scripting/precompiled-assembly-types:Assembly-CSharp: 0d3d0f2ecdb2ef1cc5af7167fa84fe1b -> 482e17d551b00cd7946e9d7b35e05131
  custom:scripting/monoscript/fileName/Chunk.cs: 2c601e55a29a773029fef31d3cc0f584 -> 
  custom:container-muxer-webm: aa71ff27fc2769a1b78a27578f13a17b -> 
========================================================================
Received Prepare
Caller must complete domain reload
Begin MonoManager ReloadAssembly
- Loaded All Assemblies, in  0.327 seconds
Native extension for WindowsStandalone target not found
Native extension for iOS target not found
Native extension for Android target not found
[Package Manager] Server::EnsureServerProcessIsRunning -- launch failed, reason: Unity was launched with the -noUpm command-line argument
[Package Manager] UpmClient::Send -- Unable to send message (not connected to UPM process).
[Package Manager] Cannot connect to Unity Package Manager local server
[Package Manager] Server::EnsureServerProcessIsRunning -- launch failed, reason: Unity was launched with the -noUpm command-line argument
[Package Manager] UpmClient::Send -- Unable to send message (not connected to UPM process).
[Package Manager] Cannot connect to Unity Package Manager local server
Failed to sync packages list
UnityEngine.StackTraceUtility:ExtractStackTrace ()
UnityEngine.DebugLogHandler:LogFormat (UnityEngine.LogType,UnityEngine.Object,string,object[])
UnityEngine.Logger:Log (UnityEngine.LogType,object)
UnityEngine.Debug:LogWarning (object)
 .  / :MoveNext ()
System.Runtime.CompilerServices.AsyncTaskMethodBuilder:Start< .  / > ( .  / &)
 .  :  ()
 .⁤/ :MoveNext ()
System.Runtime.CompilerServices.AsyncTaskMethodBuilder:Start< .⁤/ > ( .⁤/ &)
 .⁤:  ()
System.Reflection.RuntimeMethodInfo:Invoke (object,System.Reflection.BindingFlags,System.Reflection.Binder,object[],System.Globalization.CultureInfo)
System.Reflection.MethodBase:Invoke (object,object[])
UnityEditor.EditorAssemblies:ProcessInitializeOnLoadMethodAttributes ()

Mono: successfully reloaded assembly
- Finished resetting the current domain, in  0.723 seconds
Domain Reload Profiling: 1050ms
	BeginReloadAssembly (135ms)
		ExecutionOrderSort (0ms)
		DisableScriptedObjects (7ms)
		BackupInstance (0ms)
		ReleaseScriptingObjects (0ms)
		CreateAndSetChildDomain (31ms)
	RebuildCommonClasses (26ms)
	RebuildNativeTypeToScriptingClass (10ms)
	initialDomainReloadingComplete (21ms)
	LoadAllAssembliesAndSetupDomain (135ms)
		LoadAssemblies (194ms)
		RebuildTransferFunctionScriptingTraits (0ms)
		AnalyzeDomain (10ms)
			TypeCache.Refresh (7ms)
				TypeCache.ScanAssembly (0ms)
			ScanForSourceGeneratedMonoScriptInfo (0ms)
			ResolveRequiredComponents (2ms)
	FinalizeReload (723ms)
		ReleaseScriptCaches (0ms)
		RebuildScriptCaches (0ms)
		SetupLoadedEditorAssemblies (491ms)
			LogAssemblyErrors (0ms)
			InitializePlatformSupportModulesInManaged (21ms)
			SetLoadedEditorAssemblies (2ms)
			RefreshPlugins (0ms)
			BeforeProcessingInitializeOnLoad (37ms)
			ProcessInitializeOnLoadAttributes (391ms)
			ProcessInitializeOnLoadMethodAttributes (38ms)
			AfterProcessingInitializeOnLoad (2ms)
			EditorAssembliesLoaded (0ms)
		ExecutionOrderSort2 (0ms)
		AwakeInstancesAfterBackupRestoration (7ms)
Refreshing native plugins compatible for Editor in 1.05 ms, found 2 plugins.
Preloading 0 native plugins for Editor in 0.00 ms.
Release of invalid GC handle. The handle is from a previous domain. The release operation is skipped.
Release of invalid GC handle native callstack: 
0x00007ff63674eb5d (Unity) StackWalker::GetCurrentCallstack
0x00007ff636753c39 (Unity) StackWalker::ShowCallstack
0x00007ff637744851 (Unity) GetStacktrace
0x00007ff63664ae8d (Unity) ScriptingGCHandle::ReleaseAndClear
0x00007ff636c1081c (Unity) UploadHandlerRaw::`vector deleting destructor'
0x00007ff636c113cd (Unity) UploadHandler::Release
0x00007ff636c0dc6d (Unity) UnityWebRequestProto<UnityWebRequestTransport,AtomicRefCounter,RedirectHelper,ResponseHelper,DownloadHandler,UploadHandler,CertificateHandler,HeaderHelper,AsyncOperation>::~UnityWebRequestProto<UnityWebRequestTransport,AtomicRefCounter,RedirectHelper,ResponseHelper,DownloadHandler,UploadHandler,CertificateHandler,HeaderHelper,AsyncOperation>
0x00007ff636c0df66 (Unity) UnityWebRequest::`vector deleting destructor'
0x00007ff6359640a7 (Unity) UnityWebRequestProto<UnityWebRequestTransport,AtomicRefCounter,RedirectHelper,ResponseHelper,DownloadHandler,UploadHandler,CertificateHandler,HeaderHelper,AsyncOperation>::Release
0x00007ff636c0f995 (Unity) UnityWebRequestAsyncOperation::InvokeCoroutine
0x00007ff636c0fb71 (Unity) UnityWebRequestProto<UnityWebRequestTransport,AtomicRefCounter,RedirectHelper,ResponseHelper,DownloadHandler,UploadHandler,CertificateHandler,HeaderHelper,AsyncOperation>::Job_InvokeCoroutine
0x00007ff636277d2a (Unity) BackgroundJobQueue::ExecuteMainThreadJobs
0x00007ff63632b49f (Unity) PreloadManager::WaitForAllAsyncOperationsToComplete
0x00007ff637aea248 (Unity) <lambda_b37b41f03089e3cb3f55061bbc93253d>::operator()
0x00007ff637b25a22 (Unity) asio::detail::completion_handler<core::mutable_function<void __cdecl(void)>,asio::io_context::basic_executor_type<std::allocator<void>,0> >::do_complete
0x00007ff637b1196e (Unity) asio::detail::win_iocp_io_context::do_one
0x00007ff637b135d4 (Unity) asio::detail::win_iocp_io_context::run
0x00007ff637b23dcc (Unity) IOService::Run
0x00007ff637af71cf (Unity) AssetImportWorkerClient::Run
0x00007ff637ac2b37 (Unity) RunAssetImportWorkerClientV2
0x00007ff637ac2bbb (Unity) RunAssetImporterV2
0x00007ff6372bba5e (Unity) Application::InitializeProject
0x00007ff63774f4e5 (Unity) WinMain
0x00007ff638b014de (Unity) __scrt_common_main_seh
0x00007ffd6b887374 (KERNEL32) BaseThreadInitThunk
0x00007ffd6d89cc91 (ntdll) RtlUserThreadStart
Unloading 1421 Unused Serialized files (Serialized files now loaded: 0)
Unloading 11 unused Assets / (26.5 KB). Loaded Objects now: 2104.
Memory consumption went from 105.0 MB to 105.0 MB.
Total: 2.863400 ms (FindLiveObjects: 0.138000 ms CreateObjectMapping: 0.047400 ms MarkObjects: 2.637300 ms  DeleteObjects: 0.039800 ms)

Prepare: number of updated asset objects reloaded= 0
AssetImportParameters requested are different than current active one (requested -> active):
  custom:video-encoder-webm-vp8: eb34c28f22e8b96e1ab97ce403110664 -> 
  custom:video-decoder-webm-vp8: 9c59270c3fd7afecdb556c50c9e8de78 -> 
  custom:audio-decoder-ogg-vorbis: bf7c407c2cedff20999df2af8eb42d56 -> 
  custom:scripting/monoscript/fileName/PlayerMovement2.cs: de5dad4c3545ad8f9f6984966a40b37a -> 
  custom:SearchIndexIgnoredProperties: e643bd26f0fe6173181afceb89e7c659 -> 
  custom:container-demuxer-ogg: 62fdf1f143b41e24485cea50d1cbac27 -> 
  custom:AudioImporter_EditorPlatform: d09bf68614088b80899f8185d706f6e7 -> 
  custom:CustomObjectIndexerAttribute: 9a22284fe3817be447336de3de66b15e -> 
  custom:container-demuxer-webm: 4f35f7cbe854078d1ac9338744f61a02 -> 
  custom:scripting/monoscript/fileName/Trunk.cs: 3c77c879876a19ef3d7b12fd707afdea -> 
  custom:scripting/monoscript/fileName/ChunkGenerator.cs: c34ac5ef3d79f6264782925317061fad -> 
  custom:video-decoder-ogg-theora: a1e56fd34408186e4bbccfd4996cb3dc -> 
  custom:audio-encoder-webm-vorbis: bf7c407c2cedff20999df2af8eb42d56 -> 
  custom:framework-win-MediaFoundation: 216162199b28c13a410421893ffa2e32 -> 
  custom:scripting/precompiled-assembly-types:Assembly-CSharp: 0d3d0f2ecdb2ef1cc5af7167fa84fe1b -> 482e17d551b00cd7946e9d7b35e05131
  custom:scripting/monoscript/fileName/Chunk.cs: 2c601e55a29a773029fef31d3cc0f584 -> 
  custom:container-muxer-webm: aa71ff27fc2769a1b78a27578f13a17b -> 
========================================================================
Received Prepare
Caller must complete domain reload
Begin MonoManager ReloadAssembly
- Loaded All Assemblies, in  0.329 seconds
Native extension for WindowsStandalone target not found
Native extension for iOS target not found
Native extension for Android target not found
[Package Manager] Server::EnsureServerProcessIsRunning -- launch failed, reason: Unity was launched with the -noUpm command-line argument
[Package Manager] UpmClient::Send -- Unable to send message (not connected to UPM process).
[Package Manager] Cannot connect to Unity Package Manager local server
[Package Manager] Server::EnsureServerProcessIsRunning -- launch failed, reason: Unity was launched with the -noUpm command-line argument
[Package Manager] UpmClient::Send -- Unable to send message (not connected to UPM process).
[Package Manager] Cannot connect to Unity Package Manager local server
Failed to sync packages list
UnityEngine.StackTraceUtility:ExtractStackTrace ()
UnityEngine.DebugLogHandler:LogFormat (UnityEngine.LogType,UnityEngine.Object,string,object[])
UnityEngine.Logger:Log (UnityEngine.LogType,object)
UnityEngine.Debug:LogWarning (object)
 .  / :MoveNext ()
System.Runtime.CompilerServices.AsyncTaskMethodBuilder:Start< .  / > ( .  / &)
 .  :  ()
 .⁤/ :MoveNext ()
System.Runtime.CompilerServices.AsyncTaskMethodBuilder:Start< .⁤/ > ( .⁤/ &)
 .⁤:  ()
System.Reflection.RuntimeMethodInfo:Invoke (object,System.Reflection.BindingFlags,System.Reflection.Binder,object[],System.Globalization.CultureInfo)
System.Reflection.MethodBase:Invoke (object,object[])
UnityEditor.EditorAssemblies:ProcessInitializeOnLoadMethodAttributes ()

Mono: successfully reloaded assembly
- Finished resetting the current domain, in  0.667 seconds
Domain Reload Profiling: 996ms
	BeginReloadAssembly (139ms)
		ExecutionOrderSort (0ms)
		DisableScriptedObjects (5ms)
		BackupInstance (0ms)
		ReleaseScriptingObjects (0ms)
		CreateAndSetChildDomain (32ms)
	RebuildCommonClasses (32ms)
	RebuildNativeTypeToScriptingClass (10ms)
	initialDomainReloadingComplete (21ms)
	LoadAllAssembliesAndSetupDomain (127ms)
		LoadAssemblies (193ms)
		RebuildTransferFunctionScriptingTraits (0ms)
		AnalyzeDomain (8ms)
			TypeCache.Refresh (4ms)
				TypeCache.ScanAssembly (0ms)
			ScanForSourceGeneratedMonoScriptInfo (0ms)
			ResolveRequiredComponents (2ms)
	FinalizeReload (668ms)
		ReleaseScriptCaches (0ms)
		RebuildScriptCaches (0ms)
		SetupLoadedEditorAssemblies (455ms)
			LogAssemblyErrors (0ms)
			InitializePlatformSupportModulesInManaged (26ms)
			SetLoadedEditorAssemblies (2ms)
			RefreshPlugins (0ms)
			BeforeProcessingInitializeOnLoad (36ms)
			ProcessInitializeOnLoadAttributes (351ms)
			ProcessInitializeOnLoadMethodAttributes (38ms)
			AfterProcessingInitializeOnLoad (2ms)
			EditorAssembliesLoaded (0ms)
		ExecutionOrderSort2 (0ms)
		AwakeInstancesAfterBackupRestoration (5ms)
Refreshing native plugins compatible for Editor in 1.02 ms, found 2 plugins.
Preloading 0 native plugins for Editor in 0.00 ms.
Release of invalid GC handle. The handle is from a previous domain. The release operation is skipped.
Release of invalid GC handle native callstack: 
0x00007ff63674eb5d (Unity) StackWalker::GetCurrentCallstack
0x00007ff636753c39 (Unity) StackWalker::ShowCallstack
0x00007ff637744851 (Unity) GetStacktrace
0x00007ff63664ae8d (Unity) ScriptingGCHandle::ReleaseAndClear
0x00007ff636c1081c (Unity) UploadHandlerRaw::`vector deleting destructor'
0x00007ff636c113cd (Unity) UploadHandler::Release
0x00007ff636c0dc6d (Unity) UnityWebRequestProto<UnityWebRequestTransport,AtomicRefCounter,RedirectHelper,ResponseHelper,DownloadHandler,UploadHandler,CertificateHandler,HeaderHelper,AsyncOperation>::~UnityWebRequestProto<UnityWebRequestTransport,AtomicRefCounter,RedirectHelper,ResponseHelper,DownloadHandler,UploadHandler,CertificateHandler,HeaderHelper,AsyncOperation>
0x00007ff636c0df66 (Unity) UnityWebRequest::`vector deleting destructor'
0x00007ff6359640a7 (Unity) UnityWebRequestProto<UnityWebRequestTransport,AtomicRefCounter,RedirectHelper,ResponseHelper,DownloadHandler,UploadHandler,CertificateHandler,HeaderHelper,AsyncOperation>::Release
0x00007ff636c0f995 (Unity) UnityWebRequestAsyncOperation::InvokeCoroutine
0x00007ff636c0fb71 (Unity) UnityWebRequestProto<UnityWebRequestTransport,AtomicRefCounter,RedirectHelper,ResponseHelper,DownloadHandler,UploadHandler,CertificateHandler,HeaderHelper,AsyncOperation>::Job_InvokeCoroutine
0x00007ff636277d2a (Unity) BackgroundJobQueue::ExecuteMainThreadJobs
0x00007ff63632b49f (Unity) PreloadManager::WaitForAllAsyncOperationsToComplete
0x00007ff637aea248 (Unity) <lambda_b37b41f03089e3cb3f55061bbc93253d>::operator()
0x00007ff637b25a22 (Unity) asio::detail::completion_handler<core::mutable_function<void __cdecl(void)>,asio::io_context::basic_executor_type<std::allocator<void>,0> >::do_complete
0x00007ff637b1196e (Unity) asio::detail::win_iocp_io_context::do_one
0x00007ff637b135d4 (Unity) asio::detail::win_iocp_io_context::run
0x00007ff637b23dcc (Unity) IOService::Run
0x00007ff637af71cf (Unity) AssetImportWorkerClient::Run
0x00007ff637ac2b37 (Unity) RunAssetImportWorkerClientV2
0x00007ff637ac2bbb (Unity) RunAssetImporterV2
0x00007ff6372bba5e (Unity) Application::InitializeProject
0x00007ff63774f4e5 (Unity) WinMain
0x00007ff638b014de (Unity) __scrt_common_main_seh
0x00007ffd6b887374 (KERNEL32) BaseThreadInitThunk
0x00007ffd6d89cc91 (ntdll) RtlUserThreadStart
Unloading 1421 Unused Serialized files (Serialized files now loaded: 0)
Unloading 11 unused Assets / (26.6 KB). Loaded Objects now: 2109.
Memory consumption went from 105.2 MB to 105.1 MB.
Total: 2.960000 ms (FindLiveObjects: 0.141700 ms CreateObjectMapping: 0.037900 ms MarkObjects: 2.729300 ms  DeleteObjects: 0.049100 ms)

Prepare: number of updated asset objects reloaded= 0
AssetImportParameters requested are different than current active one (requested -> active):
  custom:video-encoder-webm-vp8: eb34c28f22e8b96e1ab97ce403110664 -> 
  custom:video-decoder-webm-vp8: 9c59270c3fd7afecdb556c50c9e8de78 -> 
  custom:audio-decoder-ogg-vorbis: bf7c407c2cedff20999df2af8eb42d56 -> 
  custom:scripting/monoscript/fileName/PlayerMovement2.cs: de5dad4c3545ad8f9f6984966a40b37a -> 
  custom:SearchIndexIgnoredProperties: e643bd26f0fe6173181afceb89e7c659 -> 
  custom:container-demuxer-ogg: 62fdf1f143b41e24485cea50d1cbac27 -> 
  custom:AudioImporter_EditorPlatform: d09bf68614088b80899f8185d706f6e7 -> 
  custom:CustomObjectIndexerAttribute: 9a22284fe3817be447336de3de66b15e -> 
  custom:container-demuxer-webm: 4f35f7cbe854078d1ac9338744f61a02 -> 
  custom:scripting/monoscript/fileName/Trunk.cs: 3c77c879876a19ef3d7b12fd707afdea -> 
  custom:scripting/monoscript/fileName/ChunkGenerator.cs: c34ac5ef3d79f6264782925317061fad -> 
  custom:video-decoder-ogg-theora: a1e56fd34408186e4bbccfd4996cb3dc -> 
  custom:audio-encoder-webm-vorbis: bf7c407c2cedff20999df2af8eb42d56 -> 
  custom:framework-win-MediaFoundation: 216162199b28c13a410421893ffa2e32 -> 
  custom:scripting/precompiled-assembly-types:Assembly-CSharp: 0d3d0f2ecdb2ef1cc5af7167fa84fe1b -> 482e17d551b00cd7946e9d7b35e05131
  custom:scripting/monoscript/fileName/Chunk.cs: 2c601e55a29a773029fef31d3cc0f584 -> 
  custom:container-muxer-webm: aa71ff27fc2769a1b78a27578f13a17b -> 
========================================================================
Received Prepare
Caller must complete domain reload
Begin MonoManager ReloadAssembly
- Loaded All Assemblies, in  0.330 seconds
Native extension for WindowsStandalone target not found
Native extension for iOS target not found
Native extension for Android target not found
[Package Manager] Server::EnsureServerProcessIsRunning -- launch failed, reason: Unity was launched with the -noUpm command-line argument
[Package Manager] UpmClient::Send -- Unable to send message (not connected to UPM process).
[Package Manager] Cannot connect to Unity Package Manager local server
[Package Manager] Server::EnsureServerProcessIsRunning -- launch failed, reason: Unity was launched with the -noUpm command-line argument
[Package Manager] UpmClient::Send -- Unable to send message (not connected to UPM process).
[Package Manager] Cannot connect to Unity Package Manager local server
Failed to sync packages list
UnityEngine.StackTraceUtility:ExtractStackTrace ()
UnityEngine.DebugLogHandler:LogFormat (UnityEngine.LogType,UnityEngine.Object,string,object[])
UnityEngine.Logger:Log (UnityEngine.LogType,object)
UnityEngine.Debug:LogWarning (object)
 .  / :MoveNext ()
System.Runtime.CompilerServices.AsyncTaskMethodBuilder:Start< .  / > ( .  / &)
 .  :  ()
 .⁤/ :MoveNext ()
System.Runtime.CompilerServices.AsyncTaskMethodBuilder:Start< .⁤/ > ( .⁤/ &)
 .⁤:  ()
System.Reflection.RuntimeMethodInfo:Invoke (object,System.Reflection.BindingFlags,System.Reflection.Binder,object[],System.Globalization.CultureInfo)
System.Reflection.MethodBase:Invoke (object,object[])
UnityEditor.EditorAssemblies:ProcessInitializeOnLoadMethodAttributes ()

Mono: successfully reloaded assembly
- Finished resetting the current domain, in  0.673 seconds
Domain Reload Profiling: 1003ms
	BeginReloadAssembly (141ms)
		ExecutionOrderSort (0ms)
		DisableScriptedObjects (3ms)
		BackupInstance (0ms)
		ReleaseScriptingObjects (0ms)
		CreateAndSetChildDomain (30ms)
	RebuildCommonClasses (32ms)
	RebuildNativeTypeToScriptingClass (10ms)
	initialDomainReloadingComplete (21ms)
	LoadAllAssembliesAndSetupDomain (126ms)
		LoadAssemblies (197ms)
		RebuildTransferFunctionScriptingTraits (0ms)
		AnalyzeDomain (7ms)
			TypeCache.Refresh (4ms)
				TypeCache.ScanAssembly (0ms)
			ScanForSourceGeneratedMonoScriptInfo (0ms)
			ResolveRequiredComponents (2ms)
	FinalizeReload (674ms)
		ReleaseScriptCaches (0ms)
		RebuildScriptCaches (0ms)
		SetupLoadedEditorAssemblies (460ms)
			LogAssemblyErrors (0ms)
			InitializePlatformSupportModulesInManaged (20ms)
			SetLoadedEditorAssemblies (2ms)
			RefreshPlugins (0ms)
			BeforeProcessingInitializeOnLoad (33ms)
			ProcessInitializeOnLoadAttributes (366ms)
			ProcessInitializeOnLoadMethodAttributes (37ms)
			AfterProcessingInitializeOnLoad (2ms)
			EditorAssembliesLoaded (0ms)
		ExecutionOrderSort2 (0ms)
		AwakeInstancesAfterBackupRestoration (7ms)
Refreshing native plugins compatible for Editor in 1.27 ms, found 2 plugins.
Preloading 0 native plugins for Editor in 0.00 ms.
Release of invalid GC handle. The handle is from a previous domain. The release operation is skipped.
Release of invalid GC handle native callstack: 
0x00007ff63674eb5d (Unity) StackWalker::GetCurrentCallstack
0x00007ff636753c39 (Unity) StackWalker::ShowCallstack
0x00007ff637744851 (Unity) GetStacktrace
0x00007ff63664ae8d (Unity) ScriptingGCHandle::ReleaseAndClear
0x00007ff636c1081c (Unity) UploadHandlerRaw::`vector deleting destructor'
0x00007ff636c113cd (Unity) UploadHandler::Release
0x00007ff636c0dc6d (Unity) UnityWebRequestProto<UnityWebRequestTransport,AtomicRefCounter,RedirectHelper,ResponseHelper,DownloadHandler,UploadHandler,CertificateHandler,HeaderHelper,AsyncOperation>::~UnityWebRequestProto<UnityWebRequestTransport,AtomicRefCounter,RedirectHelper,ResponseHelper,DownloadHandler,UploadHandler,CertificateHandler,HeaderHelper,AsyncOperation>
0x00007ff636c0df66 (Unity) UnityWebRequest::`vector deleting destructor'
0x00007ff6359640a7 (Unity) UnityWebRequestProto<UnityWebRequestTransport,AtomicRefCounter,RedirectHelper,ResponseHelper,DownloadHandler,UploadHandler,CertificateHandler,HeaderHelper,AsyncOperation>::Release
0x00007ff636c0f995 (Unity) UnityWebRequestAsyncOperation::InvokeCoroutine
0x00007ff636c0fb71 (Unity) UnityWebRequestProto<UnityWebRequestTransport,AtomicRefCounter,RedirectHelper,ResponseHelper,DownloadHandler,UploadHandler,CertificateHandler,HeaderHelper,AsyncOperation>::Job_InvokeCoroutine
0x00007ff636277d2a (Unity) BackgroundJobQueue::ExecuteMainThreadJobs
0x00007ff63632b49f (Unity) PreloadManager::WaitForAllAsyncOperationsToComplete
0x00007ff637aea248 (Unity) <lambda_b37b41f03089e3cb3f55061bbc93253d>::operator()
0x00007ff637b25a22 (Unity) asio::detail::completion_handler<core::mutable_function<void __cdecl(void)>,asio::io_context::basic_executor_type<std::allocator<void>,0> >::do_complete
0x00007ff637b1196e (Unity) asio::detail::win_iocp_io_context::do_one
0x00007ff637b135d4 (Unity) asio::detail::win_iocp_io_context::run
0x00007ff637b23dcc (Unity) IOService::Run
0x00007ff637af71cf (Unity) AssetImportWorkerClient::Run
0x00007ff637ac2b37 (Unity) RunAssetImportWorkerClientV2
0x00007ff637ac2bbb (Unity) RunAssetImporterV2
0x00007ff6372bba5e (Unity) Application::InitializeProject
0x00007ff63774f4e5 (Unity) WinMain
0x00007ff638b014de (Unity) __scrt_common_main_seh
0x00007ffd6b887374 (KERNEL32) BaseThreadInitThunk
0x00007ffd6d89cc91 (ntdll) RtlUserThreadStart
Unloading 1421 Unused Serialized files (Serialized files now loaded: 0)
Unloading 11 unused Assets / (26.5 KB). Loaded Objects now: 2114.
Memory consumption went from 105.3 MB to 105.3 MB.
Total: 2.847900 ms (FindLiveObjects: 0.141400 ms CreateObjectMapping: 0.038600 ms MarkObjects: 2.634100 ms  DeleteObjects: 0.032400 ms)

Prepare: number of updated asset objects reloaded= 0
AssetImportParameters requested are different than current active one (requested -> active):
  custom:video-encoder-webm-vp8: eb34c28f22e8b96e1ab97ce403110664 -> 
  custom:video-decoder-webm-vp8: 9c59270c3fd7afecdb556c50c9e8de78 -> 
  custom:audio-decoder-ogg-vorbis: bf7c407c2cedff20999df2af8eb42d56 -> 
  custom:scripting/monoscript/fileName/PlayerMovement2.cs: de5dad4c3545ad8f9f6984966a40b37a -> 
  custom:SearchIndexIgnoredProperties: e643bd26f0fe6173181afceb89e7c659 -> 
  custom:container-demuxer-ogg: 62fdf1f143b41e24485cea50d1cbac27 -> 
  custom:AudioImporter_EditorPlatform: d09bf68614088b80899f8185d706f6e7 -> 
  custom:CustomObjectIndexerAttribute: 9a22284fe3817be447336de3de66b15e -> 
  custom:container-demuxer-webm: 4f35f7cbe854078d1ac9338744f61a02 -> 
  custom:scripting/monoscript/fileName/Trunk.cs: 3c77c879876a19ef3d7b12fd707afdea -> 
  custom:scripting/monoscript/fileName/ChunkGenerator.cs: c34ac5ef3d79f6264782925317061fad -> 
  custom:video-decoder-ogg-theora: a1e56fd34408186e4bbccfd4996cb3dc -> 
  custom:audio-encoder-webm-vorbis: bf7c407c2cedff20999df2af8eb42d56 -> 
  custom:framework-win-MediaFoundation: 216162199b28c13a410421893ffa2e32 -> 
  custom:scripting/precompiled-assembly-types:Assembly-CSharp: 0d3d0f2ecdb2ef1cc5af7167fa84fe1b -> 482e17d551b00cd7946e9d7b35e05131
  custom:scripting/monoscript/fileName/Chunk.cs: 2c601e55a29a773029fef31d3cc0f584 -> 
  custom:container-muxer-webm: aa71ff27fc2769a1b78a27578f13a17b -> 
========================================================================
Received Prepare
Caller must complete domain reload
Begin MonoManager ReloadAssembly
- Loaded All Assemblies, in  0.358 seconds
Native extension for WindowsStandalone target not found
Native extension for iOS target not found
Native extension for Android target not found
[Package Manager] Server::EnsureServerProcessIsRunning -- launch failed, reason: Unity was launched with the -noUpm command-line argument
[Package Manager] UpmClient::Send -- Unable to send message (not connected to UPM process).
[Package Manager] Cannot connect to Unity Package Manager local server
[Package Manager] Server::EnsureServerProcessIsRunning -- launch failed, reason: Unity was launched with the -noUpm command-line argument
[Package Manager] UpmClient::Send -- Unable to send message (not connected to UPM process).
[Package Manager] Cannot connect to Unity Package Manager local server
Failed to sync packages list
UnityEngine.StackTraceUtility:ExtractStackTrace ()
UnityEngine.DebugLogHandler:LogFormat (UnityEngine.LogType,UnityEngine.Object,string,object[])
UnityEngine.Logger:Log (UnityEngine.LogType,object)
UnityEngine.Debug:LogWarning (object)
 .  / :MoveNext ()
System.Runtime.CompilerServices.AsyncTaskMethodBuilder:Start< .  / > ( .  / &)
 .  :  ()
 .⁤/ :MoveNext ()
System.Runtime.CompilerServices.AsyncTaskMethodBuilder:Start< .⁤/ > ( .⁤/ &)
 .⁤:  ()
System.Reflection.RuntimeMethodInfo:Invoke (object,System.Reflection.BindingFlags,System.Reflection.Binder,object[],System.Globalization.CultureInfo)
System.Reflection.MethodBase:Invoke (object,object[])
UnityEditor.EditorAssemblies:ProcessInitializeOnLoadMethodAttributes ()

Mono: successfully reloaded assembly
- Finished resetting the current domain, in  0.661 seconds
Domain Reload Profiling: 1019ms
	BeginReloadAssembly (131ms)
		ExecutionOrderSort (0ms)
		DisableScriptedObjects (4ms)
		BackupInstance (0ms)
		ReleaseScriptingObjects (0ms)
		CreateAndSetChildDomain (30ms)
	RebuildCommonClasses (31ms)
	RebuildNativeTypeToScriptingClass (15ms)
	initialDomainReloadingComplete (26ms)
	LoadAllAssembliesAndSetupDomain (155ms)
		LoadAssemblies (206ms)
		RebuildTransferFunctionScriptingTraits (0ms)
		AnalyzeDomain (19ms)
			TypeCache.Refresh (9ms)
				TypeCache.ScanAssembly (1ms)
			ScanForSourceGeneratedMonoScriptInfo (7ms)
			ResolveRequiredComponents (2ms)
	FinalizeReload (662ms)
		ReleaseScriptCaches (0ms)
		RebuildScriptCaches (0ms)
		SetupLoadedEditorAssemblies (442ms)
			LogAssemblyErrors (0ms)
			InitializePlatformSupportModulesInManaged (20ms)
			SetLoadedEditorAssemblies (2ms)
			RefreshPlugins (0ms)
			BeforeProcessingInitializeOnLoad (34ms)
			ProcessInitializeOnLoadAttributes (346ms)
			ProcessInitializeOnLoadMethodAttributes (38ms)
			AfterProcessingInitializeOnLoad (2ms)
			EditorAssembliesLoaded (0ms)
		ExecutionOrderSort2 (0ms)
		AwakeInstancesAfterBackupRestoration (5ms)
Refreshing native plugins compatible for Editor in 0.98 ms, found 2 plugins.
Preloading 0 native plugins for Editor in 0.00 ms.
Release of invalid GC handle. The handle is from a previous domain. The release operation is skipped.
Release of invalid GC handle native callstack: 
0x00007ff63674eb5d (Unity) StackWalker::GetCurrentCallstack
0x00007ff636753c39 (Unity) StackWalker::ShowCallstack
0x00007ff637744851 (Unity) GetStacktrace
0x00007ff63664ae8d (Unity) ScriptingGCHandle::ReleaseAndClear
0x00007ff636c1081c (Unity) UploadHandlerRaw::`vector deleting destructor'
0x00007ff636c113cd (Unity) UploadHandler::Release
0x00007ff636c0dc6d (Unity) UnityWebRequestProto<UnityWebRequestTransport,AtomicRefCounter,RedirectHelper,ResponseHelper,DownloadHandler,UploadHandler,CertificateHandler,HeaderHelper,AsyncOperation>::~UnityWebRequestProto<UnityWebRequestTransport,AtomicRefCounter,RedirectHelper,ResponseHelper,DownloadHandler,UploadHandler,CertificateHandler,HeaderHelper,AsyncOperation>
0x00007ff636c0df66 (Unity) UnityWebRequest::`vector deleting destructor'
0x00007ff6359640a7 (Unity) UnityWebRequestProto<UnityWebRequestTransport,AtomicRefCounter,RedirectHelper,ResponseHelper,DownloadHandler,UploadHandler,CertificateHandler,HeaderHelper,AsyncOperation>::Release
0x00007ff636c0f995 (Unity) UnityWebRequestAsyncOperation::InvokeCoroutine
0x00007ff636c0fb71 (Unity) UnityWebRequestProto<UnityWebRequestTransport,AtomicRefCounter,RedirectHelper,ResponseHelper,DownloadHandler,UploadHandler,CertificateHandler,HeaderHelper,AsyncOperation>::Job_InvokeCoroutine
0x00007ff636277d2a (Unity) BackgroundJobQueue::ExecuteMainThreadJobs
0x00007ff63632b49f (Unity) PreloadManager::WaitForAllAsyncOperationsToComplete
0x00007ff637aea248 (Unity) <lambda_b37b41f03089e3cb3f55061bbc93253d>::operator()
0x00007ff637b25a22 (Unity) asio::detail::completion_handler<core::mutable_function<void __cdecl(void)>,asio::io_context::basic_executor_type<std::allocator<void>,0> >::do_complete
0x00007ff637b1196e (Unity) asio::detail::win_iocp_io_context::do_one
0x00007ff637b135d4 (Unity) asio::detail::win_iocp_io_context::run
0x00007ff637b23dcc (Unity) IOService::Run
0x00007ff637af71cf (Unity) AssetImportWorkerClient::Run
0x00007ff637ac2b37 (Unity) RunAssetImportWorkerClientV2
0x00007ff637ac2bbb (Unity) RunAssetImporterV2
0x00007ff6372bba5e (Unity) Application::InitializeProject
0x00007ff63774f4e5 (Unity) WinMain
0x00007ff638b014de (Unity) __scrt_common_main_seh
0x00007ffd6b887374 (KERNEL32) BaseThreadInitThunk
0x00007ffd6d89cc91 (ntdll) RtlUserThreadStart
Unloading 1421 Unused Serialized files (Serialized files now loaded: 0)
Unloading 11 unused Assets / (26.6 KB). Loaded Objects now: 2119.
Memory consumption went from 105.5 MB to 105.4 MB.
Total: 3.016900 ms (FindLiveObjects: 0.157400 ms CreateObjectMapping: 0.057200 ms MarkObjects: 2.763700 ms  DeleteObjects: 0.037500 ms)

Prepare: number of updated asset objects reloaded= 0
AssetImportParameters requested are different than current active one (requested -> active):
  custom:video-encoder-webm-vp8: eb34c28f22e8b96e1ab97ce403110664 -> 
  custom:video-decoder-webm-vp8: 9c59270c3fd7afecdb556c50c9e8de78 -> 
  custom:audio-decoder-ogg-vorbis: bf7c407c2cedff20999df2af8eb42d56 -> 
  custom:scripting/monoscript/fileName/PlayerMovement2.cs: de5dad4c3545ad8f9f6984966a40b37a -> 
  custom:SearchIndexIgnoredProperties: e643bd26f0fe6173181afceb89e7c659 -> 
  custom:container-demuxer-ogg: 62fdf1f143b41e24485cea50d1cbac27 -> 
  custom:AudioImporter_EditorPlatform: d09bf68614088b80899f8185d706f6e7 -> 
  custom:CustomObjectIndexerAttribute: 9a22284fe3817be447336de3de66b15e -> 
  custom:container-demuxer-webm: 4f35f7cbe854078d1ac9338744f61a02 -> 
  custom:scripting/monoscript/fileName/Trunk.cs: 3c77c879876a19ef3d7b12fd707afdea -> 
  custom:scripting/monoscript/fileName/ChunkGenerator.cs: c34ac5ef3d79f6264782925317061fad -> 
  custom:video-decoder-ogg-theora: a1e56fd34408186e4bbccfd4996cb3dc -> 
  custom:audio-encoder-webm-vorbis: bf7c407c2cedff20999df2af8eb42d56 -> 
  custom:framework-win-MediaFoundation: 216162199b28c13a410421893ffa2e32 -> 
  custom:scripting/precompiled-assembly-types:Assembly-CSharp: 0d3d0f2ecdb2ef1cc5af7167fa84fe1b -> 482e17d551b00cd7946e9d7b35e05131
  custom:scripting/monoscript/fileName/Chunk.cs: 2c601e55a29a773029fef31d3cc0f584 -> 
  custom:container-muxer-webm: aa71ff27fc2769a1b78a27578f13a17b -> 
========================================================================
Received Prepare
Caller must complete domain reload
Begin MonoManager ReloadAssembly
- Loaded All Assemblies, in  0.343 seconds
Native extension for WindowsStandalone target not found
Native extension for iOS target not found
Native extension for Android target not found
[Package Manager] Server::EnsureServerProcessIsRunning -- launch failed, reason: Unity was launched with the -noUpm command-line argument
[Package Manager] UpmClient::Send -- Unable to send message (not connected to UPM process).
[Package Manager] Cannot connect to Unity Package Manager local server
[Package Manager] Server::EnsureServerProcessIsRunning -- launch failed, reason: Unity was launched with the -noUpm command-line argument
[Package Manager] UpmClient::Send -- Unable to send message (not connected to UPM process).
[Package Manager] Cannot connect to Unity Package Manager local server
Failed to sync packages list
UnityEngine.StackTraceUtility:ExtractStackTrace ()
UnityEngine.DebugLogHandler:LogFormat (UnityEngine.LogType,UnityEngine.Object,string,object[])
UnityEngine.Logger:Log (UnityEngine.LogType,object)
UnityEngine.Debug:LogWarning (object)
 .  / :MoveNext ()
System.Runtime.CompilerServices.AsyncTaskMethodBuilder:Start< .  / > ( .  / &)
 .  :  ()
 .⁤/ :MoveNext ()
System.Runtime.CompilerServices.AsyncTaskMethodBuilder:Start< .⁤/ > ( .⁤/ &)
 .⁤:  ()
System.Reflection.RuntimeMethodInfo:Invoke (object,System.Reflection.BindingFlags,System.Reflection.Binder,object[],System.Globalization.CultureInfo)
System.Reflection.MethodBase:Invoke (object,object[])
UnityEditor.EditorAssemblies:ProcessInitializeOnLoadMethodAttributes ()

Mono: successfully reloaded assembly
- Finished resetting the current domain, in  0.675 seconds
Domain Reload Profiling: 1019ms
	BeginReloadAssembly (141ms)
		ExecutionOrderSort (0ms)
		DisableScriptedObjects (5ms)
		BackupInstance (0ms)
		ReleaseScriptingObjects (0ms)
		CreateAndSetChildDomain (33ms)
	RebuildCommonClasses (43ms)
	RebuildNativeTypeToScriptingClass (13ms)
	initialDomainReloadingComplete (20ms)
	LoadAllAssembliesAndSetupDomain (126ms)
		LoadAssemblies (188ms)
		RebuildTransferFunctionScriptingTraits (0ms)
		AnalyzeDomain (7ms)
			TypeCache.Refresh (4ms)
				TypeCache.ScanAssembly (0ms)
			ScanForSourceGeneratedMonoScriptInfo (0ms)
			ResolveRequiredComponents (2ms)
	FinalizeReload (676ms)
		ReleaseScriptCaches (0ms)
		RebuildScriptCaches (0ms)
		SetupLoadedEditorAssemblies (466ms)
			LogAssemblyErrors (0ms)
			InitializePlatformSupportModulesInManaged (21ms)
			SetLoadedEditorAssemblies (3ms)
			RefreshPlugins (0ms)
			BeforeProcessingInitializeOnLoad (33ms)
			ProcessInitializeOnLoadAttributes (362ms)
			ProcessInitializeOnLoadMethodAttributes (45ms)
			AfterProcessingInitializeOnLoad (2ms)
			EditorAssembliesLoaded (0ms)
		ExecutionOrderSort2 (0ms)
		AwakeInstancesAfterBackupRestoration (6ms)
Refreshing native plugins compatible for Editor in 1.45 ms, found 2 plugins.
Preloading 0 native plugins for Editor in 0.00 ms.
Release of invalid GC handle. The handle is from a previous domain. The release operation is skipped.
Release of invalid GC handle native callstack: 
0x00007ff63674eb5d (Unity) StackWalker::GetCurrentCallstack
0x00007ff636753c39 (Unity) StackWalker::ShowCallstack
0x00007ff637744851 (Unity) GetStacktrace
0x00007ff63664ae8d (Unity) ScriptingGCHandle::ReleaseAndClear
0x00007ff636c1081c (Unity) UploadHandlerRaw::`vector deleting destructor'
0x00007ff636c113cd (Unity) UploadHandler::Release
0x00007ff636c0dc6d (Unity) UnityWebRequestProto<UnityWebRequestTransport,AtomicRefCounter,RedirectHelper,ResponseHelper,DownloadHandler,UploadHandler,CertificateHandler,HeaderHelper,AsyncOperation>::~UnityWebRequestProto<UnityWebRequestTransport,AtomicRefCounter,RedirectHelper,ResponseHelper,DownloadHandler,UploadHandler,CertificateHandler,HeaderHelper,AsyncOperation>
0x00007ff636c0df66 (Unity) UnityWebRequest::`vector deleting destructor'
0x00007ff6359640a7 (Unity) UnityWebRequestProto<UnityWebRequestTransport,AtomicRefCounter,RedirectHelper,ResponseHelper,DownloadHandler,UploadHandler,CertificateHandler,HeaderHelper,AsyncOperation>::Release
0x00007ff636c0f995 (Unity) UnityWebRequestAsyncOperation::InvokeCoroutine
0x00007ff636c0fb71 (Unity) UnityWebRequestProto<UnityWebRequestTransport,AtomicRefCounter,RedirectHelper,ResponseHelper,DownloadHandler,UploadHandler,CertificateHandler,HeaderHelper,AsyncOperation>::Job_InvokeCoroutine
0x00007ff636277d2a (Unity) BackgroundJobQueue::ExecuteMainThreadJobs
0x00007ff63632b49f (Unity) PreloadManager::WaitForAllAsyncOperationsToComplete
0x00007ff637aea248 (Unity) <lambda_b37b41f03089e3cb3f55061bbc93253d>::operator()
0x00007ff637b25a22 (Unity) asio::detail::completion_handler<core::mutable_function<void __cdecl(void)>,asio::io_context::basic_executor_type<std::allocator<void>,0> >::do_complete
0x00007ff637b1196e (Unity) asio::detail::win_iocp_io_context::do_one
0x00007ff637b135d4 (Unity) asio::detail::win_iocp_io_context::run
0x00007ff637b23dcc (Unity) IOService::Run
0x00007ff637af71cf (Unity) AssetImportWorkerClient::Run
0x00007ff637ac2b37 (Unity) RunAssetImportWorkerClientV2
0x00007ff637ac2bbb (Unity) RunAssetImporterV2
0x00007ff6372bba5e (Unity) Application::InitializeProject
0x00007ff63774f4e5 (Unity) WinMain
0x00007ff638b014de (Unity) __scrt_common_main_seh
0x00007ffd6b887374 (KERNEL32) BaseThreadInitThunk
0x00007ffd6d89cc91 (ntdll) RtlUserThreadStart
Unloading 1421 Unused Serialized files (Serialized files now loaded: 0)
Unloading 11 unused Assets / (26.5 KB). Loaded Objects now: 2124.
Memory consumption went from 105.6 MB to 105.6 MB.
Total: 4.575000 ms (FindLiveObjects: 0.189500 ms CreateObjectMapping: 0.096900 ms MarkObjects: 4.232300 ms  DeleteObjects: 0.054700 ms)

Prepare: number of updated asset objects reloaded= 0
AssetImportParameters requested are different than current active one (requested -> active):
  custom:video-encoder-webm-vp8: eb34c28f22e8b96e1ab97ce403110664 -> 
  custom:video-decoder-webm-vp8: 9c59270c3fd7afecdb556c50c9e8de78 -> 
  custom:audio-decoder-ogg-vorbis: bf7c407c2cedff20999df2af8eb42d56 -> 
  custom:scripting/monoscript/fileName/PlayerMovement2.cs: de5dad4c3545ad8f9f6984966a40b37a -> 
  custom:SearchIndexIgnoredProperties: e643bd26f0fe6173181afceb89e7c659 -> 
  custom:container-demuxer-ogg: 62fdf1f143b41e24485cea50d1cbac27 -> 
  custom:AudioImporter_EditorPlatform: d09bf68614088b80899f8185d706f6e7 -> 
  custom:CustomObjectIndexerAttribute: 9a22284fe3817be447336de3de66b15e -> 
  custom:container-demuxer-webm: 4f35f7cbe854078d1ac9338744f61a02 -> 
  custom:scripting/monoscript/fileName/Trunk.cs: 3c77c879876a19ef3d7b12fd707afdea -> 
  custom:scripting/monoscript/fileName/ChunkGenerator.cs: c34ac5ef3d79f6264782925317061fad -> 
  custom:video-decoder-ogg-theora: a1e56fd34408186e4bbccfd4996cb3dc -> 
  custom:audio-encoder-webm-vorbis: bf7c407c2cedff20999df2af8eb42d56 -> 
  custom:framework-win-MediaFoundation: 216162199b28c13a410421893ffa2e32 -> 
  custom:scripting/precompiled-assembly-types:Assembly-CSharp: 0d3d0f2ecdb2ef1cc5af7167fa84fe1b -> 482e17d551b00cd7946e9d7b35e05131
  custom:scripting/monoscript/fileName/Chunk.cs: 2c601e55a29a773029fef31d3cc0f584 -> 
  custom:container-muxer-webm: aa71ff27fc2769a1b78a27578f13a17b -> 
========================================================================
Received Prepare
Caller must complete domain reload
Begin MonoManager ReloadAssembly
- Loaded All Assemblies, in  0.331 seconds
Native extension for WindowsStandalone target not found
Native extension for iOS target not found
Native extension for Android target not found
[Package Manager] Server::EnsureServerProcessIsRunning -- launch failed, reason: Unity was launched with the -noUpm command-line argument
[Package Manager] UpmClient::Send -- Unable to send message (not connected to UPM process).
[Package Manager] Cannot connect to Unity Package Manager local server
[Package Manager] Server::EnsureServerProcessIsRunning -- launch failed, reason: Unity was launched with the -noUpm command-line argument
[Package Manager] UpmClient::Send -- Unable to send message (not connected to UPM process).
[Package Manager] Cannot connect to Unity Package Manager local server
Failed to sync packages list
UnityEngine.StackTraceUtility:ExtractStackTrace ()
UnityEngine.DebugLogHandler:LogFormat (UnityEngine.LogType,UnityEngine.Object,string,object[])
UnityEngine.Logger:Log (UnityEngine.LogType,object)
UnityEngine.Debug:LogWarning (object)
 .  / :MoveNext ()
System.Runtime.CompilerServices.AsyncTaskMethodBuilder:Start< .  / > ( .  / &)
 .  :  ()
 .⁤/ :MoveNext ()
System.Runtime.CompilerServices.AsyncTaskMethodBuilder:Start< .⁤/ > ( .⁤/ &)
 .⁤:  ()
System.Reflection.RuntimeMethodInfo:Invoke (object,System.Reflection.BindingFlags,System.Reflection.Binder,object[],System.Globalization.CultureInfo)
System.Reflection.MethodBase:Invoke (object,object[])
UnityEditor.EditorAssemblies:ProcessInitializeOnLoadMethodAttributes ()

Mono: successfully reloaded assembly
- Finished resetting the current domain, in  0.689 seconds
Domain Reload Profiling: 1021ms
	BeginReloadAssembly (133ms)
		ExecutionOrderSort (0ms)
		DisableScriptedObjects (4ms)
		BackupInstance (0ms)
		ReleaseScriptingObjects (0ms)
		CreateAndSetChildDomain (30ms)
	RebuildCommonClasses (29ms)
	RebuildNativeTypeToScriptingClass (10ms)
	initialDomainReloadingComplete (26ms)
	LoadAllAssembliesAndSetupDomain (132ms)
		LoadAssemblies (196ms)
		RebuildTransferFunctionScriptingTraits (0ms)
		AnalyzeDomain (8ms)
			TypeCache.Refresh (4ms)
				TypeCache.ScanAssembly (0ms)
			ScanForSourceGeneratedMonoScriptInfo (0ms)
			ResolveRequiredComponents (2ms)
	FinalizeReload (690ms)
		ReleaseScriptCaches (0ms)
		RebuildScriptCaches (0ms)
		SetupLoadedEditorAssemblies (464ms)
			LogAssemblyErrors (0ms)
			InitializePlatformSupportModulesInManaged (20ms)
			SetLoadedEditorAssemblies (2ms)
			RefreshPlugins (0ms)
			BeforeProcessingInitializeOnLoad (38ms)
			ProcessInitializeOnLoadAttributes (362ms)
			ProcessInitializeOnLoadMethodAttributes (40ms)
			AfterProcessingInitializeOnLoad (2ms)
			EditorAssembliesLoaded (0ms)
		ExecutionOrderSort2 (0ms)
		AwakeInstancesAfterBackupRestoration (5ms)
Refreshing native plugins compatible for Editor in 1.21 ms, found 2 plugins.
Preloading 0 native plugins for Editor in 0.00 ms.
Release of invalid GC handle. The handle is from a previous domain. The release operation is skipped.
Release of invalid GC handle native callstack: 
0x00007ff63674eb5d (Unity) StackWalker::GetCurrentCallstack
0x00007ff636753c39 (Unity) StackWalker::ShowCallstack
0x00007ff637744851 (Unity) GetStacktrace
0x00007ff63664ae8d (Unity) ScriptingGCHandle::ReleaseAndClear
0x00007ff636c1081c (Unity) UploadHandlerRaw::`vector deleting destructor'
0x00007ff636c113cd (Unity) UploadHandler::Release
0x00007ff636c0dc6d (Unity) UnityWebRequestProto<UnityWebRequestTransport,AtomicRefCounter,RedirectHelper,ResponseHelper,DownloadHandler,UploadHandler,CertificateHandler,HeaderHelper,AsyncOperation>::~UnityWebRequestProto<UnityWebRequestTransport,AtomicRefCounter,RedirectHelper,ResponseHelper,DownloadHandler,UploadHandler,CertificateHandler,HeaderHelper,AsyncOperation>
0x00007ff636c0df66 (Unity) UnityWebRequest::`vector deleting destructor'
0x00007ff6359640a7 (Unity) UnityWebRequestProto<UnityWebRequestTransport,AtomicRefCounter,RedirectHelper,ResponseHelper,DownloadHandler,UploadHandler,CertificateHandler,HeaderHelper,AsyncOperation>::Release
0x00007ff636c0f995 (Unity) UnityWebRequestAsyncOperation::InvokeCoroutine
0x00007ff636c0fb71 (Unity) UnityWebRequestProto<UnityWebRequestTransport,AtomicRefCounter,RedirectHelper,ResponseHelper,DownloadHandler,UploadHandler,CertificateHandler,HeaderHelper,AsyncOperation>::Job_InvokeCoroutine
0x00007ff636277d2a (Unity) BackgroundJobQueue::ExecuteMainThreadJobs
0x00007ff63632b49f (Unity) PreloadManager::WaitForAllAsyncOperationsToComplete
0x00007ff637aea248 (Unity) <lambda_b37b41f03089e3cb3f55061bbc93253d>::operator()
0x00007ff637b25a22 (Unity) asio::detail::completion_handler<core::mutable_function<void __cdecl(void)>,asio::io_context::basic_executor_type<std::allocator<void>,0> >::do_complete
0x00007ff637b1196e (Unity) asio::detail::win_iocp_io_context::do_one
0x00007ff637b135d4 (Unity) asio::detail::win_iocp_io_context::run
0x00007ff637b23dcc (Unity) IOService::Run
0x00007ff637af71cf (Unity) AssetImportWorkerClient::Run
0x00007ff637ac2b37 (Unity) RunAssetImportWorkerClientV2
0x00007ff637ac2bbb (Unity) RunAssetImporterV2
0x00007ff6372bba5e (Unity) Application::InitializeProject
0x00007ff63774f4e5 (Unity) WinMain
0x00007ff638b014de (Unity) __scrt_common_main_seh
0x00007ffd6b887374 (KERNEL32) BaseThreadInitThunk
0x00007ffd6d89cc91 (ntdll) RtlUserThreadStart
Unloading 1421 Unused Serialized files (Serialized files now loaded: 0)
Unloading 11 unused Assets / (26.6 KB). Loaded Objects now: 2129.
Memory consumption went from 105.8 MB to 105.8 MB.
Total: 3.180100 ms (FindLiveObjects: 0.192500 ms CreateObjectMapping: 0.054900 ms MarkObjects: 2.884300 ms  DeleteObjects: 0.047100 ms)

Prepare: number of updated asset objects reloaded= 0
AssetImportParameters requested are different than current active one (requested -> active):
  custom:video-encoder-webm-vp8: eb34c28f22e8b96e1ab97ce403110664 -> 
  custom:video-decoder-webm-vp8: 9c59270c3fd7afecdb556c50c9e8de78 -> 
  custom:audio-decoder-ogg-vorbis: bf7c407c2cedff20999df2af8eb42d56 -> 
  custom:scripting/monoscript/fileName/PlayerMovement2.cs: de5dad4c3545ad8f9f6984966a40b37a -> 
  custom:SearchIndexIgnoredProperties: e643bd26f0fe6173181afceb89e7c659 -> 
  custom:container-demuxer-ogg: 62fdf1f143b41e24485cea50d1cbac27 -> 
  custom:AudioImporter_EditorPlatform: d09bf68614088b80899f8185d706f6e7 -> 
  custom:CustomObjectIndexerAttribute: 9a22284fe3817be447336de3de66b15e -> 
  custom:container-demuxer-webm: 4f35f7cbe854078d1ac9338744f61a02 -> 
  custom:scripting/monoscript/fileName/Trunk.cs: 3c77c879876a19ef3d7b12fd707afdea -> 
  custom:scripting/monoscript/fileName/ChunkGenerator.cs: c34ac5ef3d79f6264782925317061fad -> 
  custom:video-decoder-ogg-theora: a1e56fd34408186e4bbccfd4996cb3dc -> 
  custom:audio-encoder-webm-vorbis: bf7c407c2cedff20999df2af8eb42d56 -> 
  custom:framework-win-MediaFoundation: 216162199b28c13a410421893ffa2e32 -> 
  custom:scripting/precompiled-assembly-types:Assembly-CSharp: 0d3d0f2ecdb2ef1cc5af7167fa84fe1b -> 482e17d551b00cd7946e9d7b35e05131
  custom:scripting/monoscript/fileName/Chunk.cs: 2c601e55a29a773029fef31d3cc0f584 -> 
  custom:container-muxer-webm: aa71ff27fc2769a1b78a27578f13a17b -> 
========================================================================
Received Prepare
Caller must complete domain reload
Begin MonoManager ReloadAssembly
- Loaded All Assemblies, in  0.355 seconds
Native extension for WindowsStandalone target not found
Native extension for iOS target not found
Native extension for Android target not found
[Package Manager] Server::EnsureServerProcessIsRunning -- launch failed, reason: Unity was launched with the -noUpm command-line argument
[Package Manager] UpmClient::Send -- Unable to send message (not connected to UPM process).
[Package Manager] Cannot connect to Unity Package Manager local server
[Package Manager] Server::EnsureServerProcessIsRunning -- launch failed, reason: Unity was launched with the -noUpm command-line argument
[Package Manager] UpmClient::Send -- Unable to send message (not connected to UPM process).
[Package Manager] Cannot connect to Unity Package Manager local server
Failed to sync packages list
UnityEngine.StackTraceUtility:ExtractStackTrace ()
UnityEngine.DebugLogHandler:LogFormat (UnityEngine.LogType,UnityEngine.Object,string,object[])
UnityEngine.Logger:Log (UnityEngine.LogType,object)
UnityEngine.Debug:LogWarning (object)
 .  / :MoveNext ()
System.Runtime.CompilerServices.AsyncTaskMethodBuilder:Start< .  / > ( .  / &)
 .  :  ()
 .⁤/ :MoveNext ()
System.Runtime.CompilerServices.AsyncTaskMethodBuilder:Start< .⁤/ > ( .⁤/ &)
 .⁤:  ()
System.Reflection.RuntimeMethodInfo:Invoke (object,System.Reflection.BindingFlags,System.Reflection.Binder,object[],System.Globalization.CultureInfo)
System.Reflection.MethodBase:Invoke (object,object[])
UnityEditor.EditorAssemblies:ProcessInitializeOnLoadMethodAttributes ()

Mono: successfully reloaded assembly
- Finished resetting the current domain, in  0.714 seconds
Domain Reload Profiling: 1069ms
	BeginReloadAssembly (148ms)
		ExecutionOrderSort (0ms)
		DisableScriptedObjects (4ms)
		BackupInstance (0ms)
		ReleaseScriptingObjects (0ms)
		CreateAndSetChildDomain (33ms)
	RebuildCommonClasses (32ms)
	RebuildNativeTypeToScriptingClass (11ms)
	initialDomainReloadingComplete (24ms)
	LoadAllAssembliesAndSetupDomain (140ms)
		LoadAssemblies (201ms)
		RebuildTransferFunctionScriptingTraits (0ms)
		AnalyzeDomain (18ms)
			TypeCache.Refresh (9ms)
				TypeCache.ScanAssembly (1ms)
			ScanForSourceGeneratedMonoScriptInfo (6ms)
			ResolveRequiredComponents (2ms)
	FinalizeReload (714ms)
		ReleaseScriptCaches (0ms)
		RebuildScriptCaches (0ms)
		SetupLoadedEditorAssemblies (487ms)
			LogAssemblyErrors (0ms)
			InitializePlatformSupportModulesInManaged (27ms)
			SetLoadedEditorAssemblies (4ms)
			RefreshPlugins (0ms)
			BeforeProcessingInitializeOnLoad (40ms)
			ProcessInitializeOnLoadAttributes (368ms)
			ProcessInitializeOnLoadMethodAttributes (45ms)
			AfterProcessingInitializeOnLoad (3ms)
			EditorAssembliesLoaded (0ms)
		ExecutionOrderSort2 (0ms)
		AwakeInstancesAfterBackupRestoration (7ms)
Refreshing native plugins compatible for Editor in 0.92 ms, found 2 plugins.
Preloading 0 native plugins for Editor in 0.00 ms.
Release of invalid GC handle. The handle is from a previous domain. The release operation is skipped.
Release of invalid GC handle native callstack: 
0x00007ff63674eb5d (Unity) StackWalker::GetCurrentCallstack
0x00007ff636753c39 (Unity) StackWalker::ShowCallstack
0x00007ff637744851 (Unity) GetStacktrace
0x00007ff63664ae8d (Unity) ScriptingGCHandle::ReleaseAndClear
0x00007ff636c1081c (Unity) UploadHandlerRaw::`vector deleting destructor'
0x00007ff636c113cd (Unity) UploadHandler::Release
0x00007ff636c0dc6d (Unity) UnityWebRequestProto<UnityWebRequestTransport,AtomicRefCounter,RedirectHelper,ResponseHelper,DownloadHandler,UploadHandler,CertificateHandler,HeaderHelper,AsyncOperation>::~UnityWebRequestProto<UnityWebRequestTransport,AtomicRefCounter,RedirectHelper,ResponseHelper,DownloadHandler,UploadHandler,CertificateHandler,HeaderHelper,AsyncOperation>
0x00007ff636c0df66 (Unity) UnityWebRequest::`vector deleting destructor'
0x00007ff6359640a7 (Unity) UnityWebRequestProto<UnityWebRequestTransport,AtomicRefCounter,RedirectHelper,ResponseHelper,DownloadHandler,UploadHandler,CertificateHandler,HeaderHelper,AsyncOperation>::Release
0x00007ff636c0f995 (Unity) UnityWebRequestAsyncOperation::InvokeCoroutine
0x00007ff636c0fb71 (Unity) UnityWebRequestProto<UnityWebRequestTransport,AtomicRefCounter,RedirectHelper,ResponseHelper,DownloadHandler,UploadHandler,CertificateHandler,HeaderHelper,AsyncOperation>::Job_InvokeCoroutine
0x00007ff636277d2a (Unity) BackgroundJobQueue::ExecuteMainThreadJobs
0x00007ff63632b49f (Unity) PreloadManager::WaitForAllAsyncOperationsToComplete
0x00007ff637aea248 (Unity) <lambda_b37b41f03089e3cb3f55061bbc93253d>::operator()
0x00007ff637b25a22 (Unity) asio::detail::completion_handler<core::mutable_function<void __cdecl(void)>,asio::io_context::basic_executor_type<std::allocator<void>,0> >::do_complete
0x00007ff637b1196e (Unity) asio::detail::win_iocp_io_context::do_one
0x00007ff637b135d4 (Unity) asio::detail::win_iocp_io_context::run
0x00007ff637b23dcc (Unity) IOService::Run
0x00007ff637af71cf (Unity) AssetImportWorkerClient::Run
0x00007ff637ac2b37 (Unity) RunAssetImportWorkerClientV2
0x00007ff637ac2bbb (Unity) RunAssetImporterV2
0x00007ff6372bba5e (Unity) Application::InitializeProject
0x00007ff63774f4e5 (Unity) WinMain
0x00007ff638b014de (Unity) __scrt_common_main_seh
0x00007ffd6b887374 (KERNEL32) BaseThreadInitThunk
0x00007ffd6d89cc91 (ntdll) RtlUserThreadStart
Unloading 1421 Unused Serialized files (Serialized files now loaded: 0)
Unloading 11 unused Assets / (26.6 KB). Loaded Objects now: 2134.
Memory consumption went from 105.9 MB to 105.9 MB.
Total: 2.795800 ms (FindLiveObjects: 0.133400 ms CreateObjectMapping: 0.036500 ms MarkObjects: 2.590600 ms  DeleteObjects: 0.034100 ms)

Prepare: number of updated asset objects reloaded= 0
AssetImportParameters requested are different than current active one (requested -> active):
  custom:video-encoder-webm-vp8: eb34c28f22e8b96e1ab97ce403110664 -> 
  custom:video-decoder-webm-vp8: 9c59270c3fd7afecdb556c50c9e8de78 -> 
  custom:audio-decoder-ogg-vorbis: bf7c407c2cedff20999df2af8eb42d56 -> 
  custom:scripting/monoscript/fileName/PlayerMovement2.cs: de5dad4c3545ad8f9f6984966a40b37a -> 
  custom:SearchIndexIgnoredProperties: e643bd26f0fe6173181afceb89e7c659 -> 
  custom:container-demuxer-ogg: 62fdf1f143b41e24485cea50d1cbac27 -> 
  custom:AudioImporter_EditorPlatform: d09bf68614088b80899f8185d706f6e7 -> 
  custom:CustomObjectIndexerAttribute: 9a22284fe3817be447336de3de66b15e -> 
  custom:container-demuxer-webm: 4f35f7cbe854078d1ac9338744f61a02 -> 
  custom:scripting/monoscript/fileName/Trunk.cs: 3c77c879876a19ef3d7b12fd707afdea -> 
  custom:scripting/monoscript/fileName/ChunkGenerator.cs: c34ac5ef3d79f6264782925317061fad -> 
  custom:video-decoder-ogg-theora: a1e56fd34408186e4bbccfd4996cb3dc -> 
  custom:audio-encoder-webm-vorbis: bf7c407c2cedff20999df2af8eb42d56 -> 
  custom:framework-win-MediaFoundation: 216162199b28c13a410421893ffa2e32 -> 
  custom:scripting/precompiled-assembly-types:Assembly-CSharp: 0d3d0f2ecdb2ef1cc5af7167fa84fe1b -> 482e17d551b00cd7946e9d7b35e05131
  custom:scripting/monoscript/fileName/Chunk.cs: 2c601e55a29a773029fef31d3cc0f584 -> 
  custom:container-muxer-webm: aa71ff27fc2769a1b78a27578f13a17b -> 
========================================================================
Received Prepare
Caller must complete domain reload
Begin MonoManager ReloadAssembly
- Loaded All Assemblies, in  0.317 seconds
Native extension for WindowsStandalone target not found
Native extension for iOS target not found
Native extension for Android target not found
[Package Manager] Server::EnsureServerProcessIsRunning -- launch failed, reason: Unity was launched with the -noUpm command-line argument
[Package Manager] UpmClient::Send -- Unable to send message (not connected to UPM process).
[Package Manager] Cannot connect to Unity Package Manager local server
[Package Manager] Server::EnsureServerProcessIsRunning -- launch failed, reason: Unity was launched with the -noUpm command-line argument
[Package Manager] UpmClient::Send -- Unable to send message (not connected to UPM process).
[Package Manager] Cannot connect to Unity Package Manager local server
Failed to sync packages list
UnityEngine.StackTraceUtility:ExtractStackTrace ()
UnityEngine.DebugLogHandler:LogFormat (UnityEngine.LogType,UnityEngine.Object,string,object[])
UnityEngine.Logger:Log (UnityEngine.LogType,object)
UnityEngine.Debug:LogWarning (object)
 .  / :MoveNext ()
System.Runtime.CompilerServices.AsyncTaskMethodBuilder:Start< .  / > ( .  / &)
 .  :  ()
 .⁤/ :MoveNext ()
System.Runtime.CompilerServices.AsyncTaskMethodBuilder:Start< .⁤/ > ( .⁤/ &)
 .⁤:  ()
System.Reflection.RuntimeMethodInfo:Invoke (object,System.Reflection.BindingFlags,System.Reflection.Binder,object[],System.Globalization.CultureInfo)
System.Reflection.MethodBase:Invoke (object,object[])
UnityEditor.EditorAssemblies:ProcessInitializeOnLoadMethodAttributes ()

Mono: successfully reloaded assembly
- Finished resetting the current domain, in  0.656 seconds
Domain Reload Profiling: 973ms
	BeginReloadAssembly (140ms)
		ExecutionOrderSort (0ms)
		DisableScriptedObjects (3ms)
		BackupInstance (0ms)
		ReleaseScriptingObjects (0ms)
		CreateAndSetChildDomain (39ms)
	RebuildCommonClasses (28ms)
	RebuildNativeTypeToScriptingClass (9ms)
	initialDomainReloadingComplete (21ms)
	LoadAllAssembliesAndSetupDomain (119ms)
		LoadAssemblies (181ms)
		RebuildTransferFunctionScriptingTraits (0ms)
		AnalyzeDomain (8ms)
			TypeCache.Refresh (5ms)
				TypeCache.ScanAssembly (0ms)
			ScanForSourceGeneratedMonoScriptInfo (0ms)
			ResolveRequiredComponents (2ms)
	FinalizeReload (656ms)
		ReleaseScriptCaches (0ms)
		RebuildScriptCaches (0ms)
		SetupLoadedEditorAssemblies (449ms)
			LogAssemblyErrors (0ms)
			InitializePlatformSupportModulesInManaged (23ms)
			SetLoadedEditorAssemblies (2ms)
			RefreshPlugins (0ms)
			BeforeProcessingInitializeOnLoad (33ms)
			ProcessInitializeOnLoadAttributes (348ms)
			ProcessInitializeOnLoadMethodAttributes (41ms)
			AfterProcessingInitializeOnLoad (2ms)
			EditorAssembliesLoaded (0ms)
		ExecutionOrderSort2 (0ms)
		AwakeInstancesAfterBackupRestoration (5ms)
Refreshing native plugins compatible for Editor in 1.44 ms, found 2 plugins.
Preloading 0 native plugins for Editor in 0.00 ms.
Release of invalid GC handle. The handle is from a previous domain. The release operation is skipped.
Release of invalid GC handle native callstack: 
0x00007ff63674eb5d (Unity) StackWalker::GetCurrentCallstack
0x00007ff636753c39 (Unity) StackWalker::ShowCallstack
0x00007ff637744851 (Unity) GetStacktrace
0x00007ff63664ae8d (Unity) ScriptingGCHandle::ReleaseAndClear
0x00007ff636c1081c (Unity) UploadHandlerRaw::`vector deleting destructor'
0x00007ff636c113cd (Unity) UploadHandler::Release
0x00007ff636c0dc6d (Unity) UnityWebRequestProto<UnityWebRequestTransport,AtomicRefCounter,RedirectHelper,ResponseHelper,DownloadHandler,UploadHandler,CertificateHandler,HeaderHelper,AsyncOperation>::~UnityWebRequestProto<UnityWebRequestTransport,AtomicRefCounter,RedirectHelper,ResponseHelper,DownloadHandler,UploadHandler,CertificateHandler,HeaderHelper,AsyncOperation>
0x00007ff636c0df66 (Unity) UnityWebRequest::`vector deleting destructor'
0x00007ff6359640a7 (Unity) UnityWebRequestProto<UnityWebRequestTransport,AtomicRefCounter,RedirectHelper,ResponseHelper,DownloadHandler,UploadHandler,CertificateHandler,HeaderHelper,AsyncOperation>::Release
0x00007ff636c0f995 (Unity) UnityWebRequestAsyncOperation::InvokeCoroutine
0x00007ff636c0fb71 (Unity) UnityWebRequestProto<UnityWebRequestTransport,AtomicRefCounter,RedirectHelper,ResponseHelper,DownloadHandler,UploadHandler,CertificateHandler,HeaderHelper,AsyncOperation>::Job_InvokeCoroutine
0x00007ff636277d2a (Unity) BackgroundJobQueue::ExecuteMainThreadJobs
0x00007ff63632b49f (Unity) PreloadManager::WaitForAllAsyncOperationsToComplete
0x00007ff637aea248 (Unity) <lambda_b37b41f03089e3cb3f55061bbc93253d>::operator()
0x00007ff637b25a22 (Unity) asio::detail::completion_handler<core::mutable_function<void __cdecl(void)>,asio::io_context::basic_executor_type<std::allocator<void>,0> >::do_complete
0x00007ff637b1196e (Unity) asio::detail::win_iocp_io_context::do_one
0x00007ff637b135d4 (Unity) asio::detail::win_iocp_io_context::run
0x00007ff637b23dcc (Unity) IOService::Run
0x00007ff637af71cf (Unity) AssetImportWorkerClient::Run
0x00007ff637ac2b37 (Unity) RunAssetImportWorkerClientV2
0x00007ff637ac2bbb (Unity) RunAssetImporterV2
0x00007ff6372bba5e (Unity) Application::InitializeProject
0x00007ff63774f4e5 (Unity) WinMain
0x00007ff638b014de (Unity) __scrt_common_main_seh
0x00007ffd6b887374 (KERNEL32) BaseThreadInitThunk
0x00007ffd6d89cc91 (ntdll) RtlUserThreadStart
Unloading 1421 Unused Serialized files (Serialized files now loaded: 0)
Unloading 11 unused Assets / (26.7 KB). Loaded Objects now: 2139.
Memory consumption went from 106.1 MB to 106.1 MB.
Total: 2.635200 ms (FindLiveObjects: 0.126600 ms CreateObjectMapping: 0.047300 ms MarkObjects: 2.429000 ms  DeleteObjects: 0.031300 ms)

Prepare: number of updated asset objects reloaded= 0
AssetImportParameters requested are different than current active one (requested -> active):
  custom:video-encoder-webm-vp8: eb34c28f22e8b96e1ab97ce403110664 -> 
  custom:video-decoder-webm-vp8: 9c59270c3fd7afecdb556c50c9e8de78 -> 
  custom:audio-decoder-ogg-vorbis: bf7c407c2cedff20999df2af8eb42d56 -> 
  custom:scripting/monoscript/fileName/PlayerMovement2.cs: de5dad4c3545ad8f9f6984966a40b37a -> 
  custom:SearchIndexIgnoredProperties: e643bd26f0fe6173181afceb89e7c659 -> 
  custom:container-demuxer-ogg: 62fdf1f143b41e24485cea50d1cbac27 -> 
  custom:AudioImporter_EditorPlatform: d09bf68614088b80899f8185d706f6e7 -> 
  custom:CustomObjectIndexerAttribute: 9a22284fe3817be447336de3de66b15e -> 
  custom:container-demuxer-webm: 4f35f7cbe854078d1ac9338744f61a02 -> 
  custom:scripting/monoscript/fileName/Trunk.cs: 3c77c879876a19ef3d7b12fd707afdea -> 
  custom:scripting/monoscript/fileName/ChunkGenerator.cs: c34ac5ef3d79f6264782925317061fad -> 
  custom:video-decoder-ogg-theora: a1e56fd34408186e4bbccfd4996cb3dc -> 
  custom:audio-encoder-webm-vorbis: bf7c407c2cedff20999df2af8eb42d56 -> 
  custom:framework-win-MediaFoundation: 216162199b28c13a410421893ffa2e32 -> 
  custom:scripting/precompiled-assembly-types:Assembly-CSharp: 0d3d0f2ecdb2ef1cc5af7167fa84fe1b -> 482e17d551b00cd7946e9d7b35e05131
  custom:scripting/monoscript/fileName/Chunk.cs: 2c601e55a29a773029fef31d3cc0f584 -> 
  custom:container-muxer-webm: aa71ff27fc2769a1b78a27578f13a17b -> 
========================================================================
Received Prepare
Caller must complete domain reload
Begin MonoManager ReloadAssembly
- Loaded All Assemblies, in  0.368 seconds
Native extension for WindowsStandalone target not found
Native extension for iOS target not found
Native extension for Android target not found
[Package Manager] Server::EnsureServerProcessIsRunning -- launch failed, reason: Unity was launched with the -noUpm command-line argument
[Package Manager] UpmClient::Send -- Unable to send message (not connected to UPM process).
[Package Manager] Cannot connect to Unity Package Manager local server
[Package Manager] Server::EnsureServerProcessIsRunning -- launch failed, reason: Unity was launched with the -noUpm command-line argument
[Package Manager] UpmClient::Send -- Unable to send message (not connected to UPM process).
[Package Manager] Cannot connect to Unity Package Manager local server
Failed to sync packages list
UnityEngine.StackTraceUtility:ExtractStackTrace ()
UnityEngine.DebugLogHandler:LogFormat (UnityEngine.LogType,UnityEngine.Object,string,object[])
UnityEngine.Logger:Log (UnityEngine.LogType,object)
UnityEngine.Debug:LogWarning (object)
 .  / :MoveNext ()
System.Runtime.CompilerServices.AsyncTaskMethodBuilder:Start< .  / > ( .  / &)
 .  :  ()
 .⁤/ :MoveNext ()
System.Runtime.CompilerServices.AsyncTaskMethodBuilder:Start< .⁤/ > ( .⁤/ &)
 .⁤:  ()
System.Reflection.RuntimeMethodInfo:Invoke (object,System.Reflection.BindingFlags,System.Reflection.Binder,object[],System.Globalization.CultureInfo)
System.Reflection.MethodBase:Invoke (object,object[])
UnityEditor.EditorAssemblies:ProcessInitializeOnLoadMethodAttributes ()

Mono: successfully reloaded assembly
- Finished resetting the current domain, in  0.724 seconds
Domain Reload Profiling: 1093ms
	BeginReloadAssembly (149ms)
		ExecutionOrderSort (0ms)
		DisableScriptedObjects (6ms)
		BackupInstance (0ms)
		ReleaseScriptingObjects (0ms)
		CreateAndSetChildDomain (37ms)
	RebuildCommonClasses (37ms)
	RebuildNativeTypeToScriptingClass (11ms)
	initialDomainReloadingComplete (25ms)
	LoadAllAssembliesAndSetupDomain (146ms)
		LoadAssemblies (207ms)
		RebuildTransferFunctionScriptingTraits (0ms)
		AnalyzeDomain (15ms)
			TypeCache.Refresh (7ms)
				TypeCache.ScanAssembly (0ms)
			ScanForSourceGeneratedMonoScriptInfo (6ms)
			ResolveRequiredComponents (2ms)
	FinalizeReload (724ms)
		ReleaseScriptCaches (0ms)
		RebuildScriptCaches (0ms)
		SetupLoadedEditorAssemblies (481ms)
			LogAssemblyErrors (0ms)
			InitializePlatformSupportModulesInManaged (24ms)
			SetLoadedEditorAssemblies (2ms)
			RefreshPlugins (0ms)
			BeforeProcessingInitializeOnLoad (36ms)
			ProcessInitializeOnLoadAttributes (379ms)
			ProcessInitializeOnLoadMethodAttributes (37ms)
			AfterProcessingInitializeOnLoad (2ms)
			EditorAssembliesLoaded (0ms)
		ExecutionOrderSort2 (0ms)
		AwakeInstancesAfterBackupRestoration (8ms)
Refreshing native plugins compatible for Editor in 0.98 ms, found 2 plugins.
Preloading 0 native plugins for Editor in 0.00 ms.
Release of invalid GC handle. The handle is from a previous domain. The release operation is skipped.
Release of invalid GC handle native callstack: 
0x00007ff63674eb5d (Unity) StackWalker::GetCurrentCallstack
0x00007ff636753c39 (Unity) StackWalker::ShowCallstack
0x00007ff637744851 (Unity) GetStacktrace
0x00007ff63664ae8d (Unity) ScriptingGCHandle::ReleaseAndClear
0x00007ff636c1081c (Unity) UploadHandlerRaw::`vector deleting destructor'
0x00007ff636c113cd (Unity) UploadHandler::Release
0x00007ff636c0dc6d (Unity) UnityWebRequestProto<UnityWebRequestTransport,AtomicRefCounter,RedirectHelper,ResponseHelper,DownloadHandler,UploadHandler,CertificateHandler,HeaderHelper,AsyncOperation>::~UnityWebRequestProto<UnityWebRequestTransport,AtomicRefCounter,RedirectHelper,ResponseHelper,DownloadHandler,UploadHandler,CertificateHandler,HeaderHelper,AsyncOperation>
0x00007ff636c0df66 (Unity) UnityWebRequest::`vector deleting destructor'
0x00007ff6359640a7 (Unity) UnityWebRequestProto<UnityWebRequestTransport,AtomicRefCounter,RedirectHelper,ResponseHelper,DownloadHandler,UploadHandler,CertificateHandler,HeaderHelper,AsyncOperation>::Release
0x00007ff636c0f995 (Unity) UnityWebRequestAsyncOperation::InvokeCoroutine
0x00007ff636c0fb71 (Unity) UnityWebRequestProto<UnityWebRequestTransport,AtomicRefCounter,RedirectHelper,ResponseHelper,DownloadHandler,UploadHandler,CertificateHandler,HeaderHelper,AsyncOperation>::Job_InvokeCoroutine
0x00007ff636277d2a (Unity) BackgroundJobQueue::ExecuteMainThreadJobs
0x00007ff63632b49f (Unity) PreloadManager::WaitForAllAsyncOperationsToComplete
0x00007ff637aea248 (Unity) <lambda_b37b41f03089e3cb3f55061bbc93253d>::operator()
0x00007ff637b25a22 (Unity) asio::detail::completion_handler<core::mutable_function<void __cdecl(void)>,asio::io_context::basic_executor_type<std::allocator<void>,0> >::do_complete
0x00007ff637b1196e (Unity) asio::detail::win_iocp_io_context::do_one
0x00007ff637b135d4 (Unity) asio::detail::win_iocp_io_context::run
0x00007ff637b23dcc (Unity) IOService::Run
0x00007ff637af71cf (Unity) AssetImportWorkerClient::Run
0x00007ff637ac2b37 (Unity) RunAssetImportWorkerClientV2
0x00007ff637ac2bbb (Unity) RunAssetImporterV2
0x00007ff6372bba5e (Unity) Application::InitializeProject
0x00007ff63774f4e5 (Unity) WinMain
0x00007ff638b014de (Unity) __scrt_common_main_seh
0x00007ffd6b887374 (KERNEL32) BaseThreadInitThunk
0x00007ffd6d89cc91 (ntdll) RtlUserThreadStart
Unloading 1421 Unused Serialized files (Serialized files now loaded: 0)
Unloading 11 unused Assets / (26.7 KB). Loaded Objects now: 2144.
Memory consumption went from 106.2 MB to 106.2 MB.
Total: 2.949800 ms (FindLiveObjects: 0.121500 ms CreateObjectMapping: 0.040600 ms MarkObjects: 2.754900 ms  DeleteObjects: 0.031900 ms)

Prepare: number of updated asset objects reloaded= 0
AssetImportParameters requested are different than current active one (requested -> active):
  custom:video-encoder-webm-vp8: eb34c28f22e8b96e1ab97ce403110664 -> 
  custom:video-decoder-webm-vp8: 9c59270c3fd7afecdb556c50c9e8de78 -> 
  custom:audio-decoder-ogg-vorbis: bf7c407c2cedff20999df2af8eb42d56 -> 
  custom:scripting/monoscript/fileName/PlayerMovement2.cs: de5dad4c3545ad8f9f6984966a40b37a -> 
  custom:SearchIndexIgnoredProperties: e643bd26f0fe6173181afceb89e7c659 -> 
  custom:container-demuxer-ogg: 62fdf1f143b41e24485cea50d1cbac27 -> 
  custom:AudioImporter_EditorPlatform: d09bf68614088b80899f8185d706f6e7 -> 
  custom:CustomObjectIndexerAttribute: 9a22284fe3817be447336de3de66b15e -> 
  custom:container-demuxer-webm: 4f35f7cbe854078d1ac9338744f61a02 -> 
  custom:scripting/monoscript/fileName/Trunk.cs: 3c77c879876a19ef3d7b12fd707afdea -> 
  custom:scripting/monoscript/fileName/ChunkGenerator.cs: c34ac5ef3d79f6264782925317061fad -> 
  custom:video-decoder-ogg-theora: a1e56fd34408186e4bbccfd4996cb3dc -> 
  custom:audio-encoder-webm-vorbis: bf7c407c2cedff20999df2af8eb42d56 -> 
  custom:framework-win-MediaFoundation: 216162199b28c13a410421893ffa2e32 -> 
  custom:scripting/precompiled-assembly-types:Assembly-CSharp: 0d3d0f2ecdb2ef1cc5af7167fa84fe1b -> 482e17d551b00cd7946e9d7b35e05131
  custom:scripting/monoscript/fileName/Chunk.cs: 2c601e55a29a773029fef31d3cc0f584 -> 
  custom:container-muxer-webm: aa71ff27fc2769a1b78a27578f13a17b -> 
========================================================================
Received Prepare
Caller must complete domain reload
Begin MonoManager ReloadAssembly
- Loaded All Assemblies, in  0.344 seconds
Native extension for WindowsStandalone target not found
Native extension for iOS target not found
Native extension for Android target not found
[Package Manager] Server::EnsureServerProcessIsRunning -- launch failed, reason: Unity was launched with the -noUpm command-line argument
[Package Manager] UpmClient::Send -- Unable to send message (not connected to UPM process).
[Package Manager] Cannot connect to Unity Package Manager local server
[Package Manager] Server::EnsureServerProcessIsRunning -- launch failed, reason: Unity was launched with the -noUpm command-line argument
[Package Manager] UpmClient::Send -- Unable to send message (not connected to UPM process).
[Package Manager] Cannot connect to Unity Package Manager local server
Failed to sync packages list
UnityEngine.StackTraceUtility:ExtractStackTrace ()
UnityEngine.DebugLogHandler:LogFormat (UnityEngine.LogType,UnityEngine.Object,string,object[])
UnityEngine.Logger:Log (UnityEngine.LogType,object)
UnityEngine.Debug:LogWarning (object)
 .  / :MoveNext ()
System.Runtime.CompilerServices.AsyncTaskMethodBuilder:Start< .  / > ( .  / &)
 .  :  ()
 .⁤/ :MoveNext ()
System.Runtime.CompilerServices.AsyncTaskMethodBuilder:Start< .⁤/ > ( .⁤/ &)
 .⁤:  ()
System.Reflection.RuntimeMethodInfo:Invoke (object,System.Reflection.BindingFlags,System.Reflection.Binder,object[],System.Globalization.CultureInfo)
System.Reflection.MethodBase:Invoke (object,object[])
UnityEditor.EditorAssemblies:ProcessInitializeOnLoadMethodAttributes ()

Mono: successfully reloaded assembly
- Finished resetting the current domain, in  0.671 seconds
Domain Reload Profiling: 1015ms
	BeginReloadAssembly (154ms)
		ExecutionOrderSort (0ms)
		DisableScriptedObjects (7ms)
		BackupInstance (0ms)
		ReleaseScriptingObjects (0ms)
		CreateAndSetChildDomain (34ms)
	RebuildCommonClasses (36ms)
	RebuildNativeTypeToScriptingClass (10ms)
	initialDomainReloadingComplete (21ms)
	LoadAllAssembliesAndSetupDomain (121ms)
		LoadAssemblies (189ms)
		RebuildTransferFunctionScriptingTraits (0ms)
		AnalyzeDomain (7ms)
			TypeCache.Refresh (4ms)
				TypeCache.ScanAssembly (0ms)
			ScanForSourceGeneratedMonoScriptInfo (0ms)
			ResolveRequiredComponents (2ms)
	FinalizeReload (672ms)
		ReleaseScriptCaches (0ms)
		RebuildScriptCaches (0ms)
		SetupLoadedEditorAssemblies (453ms)
			LogAssemblyErrors (0ms)
			InitializePlatformSupportModulesInManaged (21ms)
			SetLoadedEditorAssemblies (2ms)
			RefreshPlugins (0ms)
			BeforeProcessingInitializeOnLoad (35ms)
			ProcessInitializeOnLoadAttributes (355ms)
			ProcessInitializeOnLoadMethodAttributes (38ms)
			AfterProcessingInitializeOnLoad (2ms)
			EditorAssembliesLoaded (0ms)
		ExecutionOrderSort2 (0ms)
		AwakeInstancesAfterBackupRestoration (5ms)
Refreshing native plugins compatible for Editor in 1.12 ms, found 2 plugins.
Preloading 0 native plugins for Editor in 0.00 ms.
Release of invalid GC handle. The handle is from a previous domain. The release operation is skipped.
Release of invalid GC handle native callstack: 
0x00007ff63674eb5d (Unity) StackWalker::GetCurrentCallstack
0x00007ff636753c39 (Unity) StackWalker::ShowCallstack
0x00007ff637744851 (Unity) GetStacktrace
0x00007ff63664ae8d (Unity) ScriptingGCHandle::ReleaseAndClear
0x00007ff636c1081c (Unity) UploadHandlerRaw::`vector deleting destructor'
0x00007ff636c113cd (Unity) UploadHandler::Release
0x00007ff636c0dc6d (Unity) UnityWebRequestProto<UnityWebRequestTransport,AtomicRefCounter,RedirectHelper,ResponseHelper,DownloadHandler,UploadHandler,CertificateHandler,HeaderHelper,AsyncOperation>::~UnityWebRequestProto<UnityWebRequestTransport,AtomicRefCounter,RedirectHelper,ResponseHelper,DownloadHandler,UploadHandler,CertificateHandler,HeaderHelper,AsyncOperation>
0x00007ff636c0df66 (Unity) UnityWebRequest::`vector deleting destructor'
0x00007ff6359640a7 (Unity) UnityWebRequestProto<UnityWebRequestTransport,AtomicRefCounter,RedirectHelper,ResponseHelper,DownloadHandler,UploadHandler,CertificateHandler,HeaderHelper,AsyncOperation>::Release
0x00007ff636c0f995 (Unity) UnityWebRequestAsyncOperation::InvokeCoroutine
0x00007ff636c0fb71 (Unity) UnityWebRequestProto<UnityWebRequestTransport,AtomicRefCounter,RedirectHelper,ResponseHelper,DownloadHandler,UploadHandler,CertificateHandler,HeaderHelper,AsyncOperation>::Job_InvokeCoroutine
0x00007ff636277d2a (Unity) BackgroundJobQueue::ExecuteMainThreadJobs
0x00007ff63632b49f (Unity) PreloadManager::WaitForAllAsyncOperationsToComplete
0x00007ff637aea248 (Unity) <lambda_b37b41f03089e3cb3f55061bbc93253d>::operator()
0x00007ff637b25a22 (Unity) asio::detail::completion_handler<core::mutable_function<void __cdecl(void)>,asio::io_context::basic_executor_type<std::allocator<void>,0> >::do_complete
0x00007ff637b1196e (Unity) asio::detail::win_iocp_io_context::do_one
0x00007ff637b135d4 (Unity) asio::detail::win_iocp_io_context::run
0x00007ff637b23dcc (Unity) IOService::Run
0x00007ff637af71cf (Unity) AssetImportWorkerClient::Run
0x00007ff637ac2b37 (Unity) RunAssetImportWorkerClientV2
0x00007ff637ac2bbb (Unity) RunAssetImporterV2
0x00007ff6372bba5e (Unity) Application::InitializeProject
0x00007ff63774f4e5 (Unity) WinMain
0x00007ff638b014de (Unity) __scrt_common_main_seh
0x00007ffd6b887374 (KERNEL32) BaseThreadInitThunk
0x00007ffd6d89cc91 (ntdll) RtlUserThreadStart
Unloading 1421 Unused Serialized files (Serialized files now loaded: 0)
Unloading 11 unused Assets / (26.6 KB). Loaded Objects now: 2149.
Memory consumption went from 106.4 MB to 106.4 MB.
Total: 2.946600 ms (FindLiveObjects: 0.143100 ms CreateObjectMapping: 0.054900 ms MarkObjects: 2.715500 ms  DeleteObjects: 0.032000 ms)

Prepare: number of updated asset objects reloaded= 0
AssetImportParameters requested are different than current active one (requested -> active):
  custom:video-encoder-webm-vp8: eb34c28f22e8b96e1ab97ce403110664 -> 
  custom:video-decoder-webm-vp8: 9c59270c3fd7afecdb556c50c9e8de78 -> 
  custom:audio-decoder-ogg-vorbis: bf7c407c2cedff20999df2af8eb42d56 -> 
  custom:scripting/monoscript/fileName/PlayerMovement2.cs: de5dad4c3545ad8f9f6984966a40b37a -> 
  custom:SearchIndexIgnoredProperties: e643bd26f0fe6173181afceb89e7c659 -> 
  custom:container-demuxer-ogg: 62fdf1f143b41e24485cea50d1cbac27 -> 
  custom:AudioImporter_EditorPlatform: d09bf68614088b80899f8185d706f6e7 -> 
  custom:CustomObjectIndexerAttribute: 9a22284fe3817be447336de3de66b15e -> 
  custom:container-demuxer-webm: 4f35f7cbe854078d1ac9338744f61a02 -> 
  custom:scripting/monoscript/fileName/Trunk.cs: 3c77c879876a19ef3d7b12fd707afdea -> 
  custom:scripting/monoscript/fileName/ChunkGenerator.cs: c34ac5ef3d79f6264782925317061fad -> 
  custom:video-decoder-ogg-theora: a1e56fd34408186e4bbccfd4996cb3dc -> 
  custom:audio-encoder-webm-vorbis: bf7c407c2cedff20999df2af8eb42d56 -> 
  custom:framework-win-MediaFoundation: 216162199b28c13a410421893ffa2e32 -> 
  custom:scripting/precompiled-assembly-types:Assembly-CSharp: 0d3d0f2ecdb2ef1cc5af7167fa84fe1b -> 482e17d551b00cd7946e9d7b35e05131
  custom:scripting/monoscript/fileName/Chunk.cs: 2c601e55a29a773029fef31d3cc0f584 -> 
  custom:container-muxer-webm: aa71ff27fc2769a1b78a27578f13a17b -> 
========================================================================
Received Prepare
Caller must complete domain reload
Begin MonoManager ReloadAssembly
- Loaded All Assemblies, in  0.438 seconds
Native extension for WindowsStandalone target not found
Native extension for iOS target not found
Native extension for Android target not found
[Package Manager] Server::EnsureServerProcessIsRunning -- launch failed, reason: Unity was launched with the -noUpm command-line argument
[Package Manager] UpmClient::Send -- Unable to send message (not connected to UPM process).
[Package Manager] Cannot connect to Unity Package Manager local server
[Package Manager] Server::EnsureServerProcessIsRunning -- launch failed, reason: Unity was launched with the -noUpm command-line argument
[Package Manager] UpmClient::Send -- Unable to send message (not connected to UPM process).
[Package Manager] Cannot connect to Unity Package Manager local server
Failed to sync packages list
UnityEngine.StackTraceUtility:ExtractStackTrace ()
UnityEngine.DebugLogHandler:LogFormat (UnityEngine.LogType,UnityEngine.Object,string,object[])
UnityEngine.Logger:Log (UnityEngine.LogType,object)
UnityEngine.Debug:LogWarning (object)
 .  / :MoveNext ()
System.Runtime.CompilerServices.AsyncTaskMethodBuilder:Start< .  / > ( .  / &)
 .  :  ()
 .⁤/ :MoveNext ()
System.Runtime.CompilerServices.AsyncTaskMethodBuilder:Start< .⁤/ > ( .⁤/ &)
 .⁤:  ()
System.Reflection.RuntimeMethodInfo:Invoke (object,System.Reflection.BindingFlags,System.Reflection.Binder,object[],System.Globalization.CultureInfo)
System.Reflection.MethodBase:Invoke (object,object[])
UnityEditor.EditorAssemblies:ProcessInitializeOnLoadMethodAttributes ()

Mono: successfully reloaded assembly
- Finished resetting the current domain, in  0.770 seconds
Domain Reload Profiling: 1208ms
	BeginReloadAssembly (167ms)
		ExecutionOrderSort (0ms)
		DisableScriptedObjects (5ms)
		BackupInstance (0ms)
		ReleaseScriptingObjects (0ms)
		CreateAndSetChildDomain (39ms)
	RebuildCommonClasses (67ms)
	RebuildNativeTypeToScriptingClass (22ms)
	initialDomainReloadingComplete (29ms)
	LoadAllAssembliesAndSetupDomain (153ms)
		LoadAssemblies (232ms)
		RebuildTransferFunctionScriptingTraits (0ms)
		AnalyzeDomain (16ms)
			TypeCache.Refresh (7ms)
				TypeCache.ScanAssembly (0ms)
			ScanForSourceGeneratedMonoScriptInfo (6ms)
			ResolveRequiredComponents (2ms)
	FinalizeReload (770ms)
		ReleaseScriptCaches (0ms)
		RebuildScriptCaches (0ms)
		SetupLoadedEditorAssemblies (524ms)
			LogAssemblyErrors (0ms)
			InitializePlatformSupportModulesInManaged (30ms)
			SetLoadedEditorAssemblies (2ms)
			RefreshPlugins (0ms)
			BeforeProcessingInitializeOnLoad (38ms)
			ProcessInitializeOnLoadAttributes (395ms)
			ProcessInitializeOnLoadMethodAttributes (55ms)
			AfterProcessingInitializeOnLoad (4ms)
			EditorAssembliesLoaded (0ms)
		ExecutionOrderSort2 (0ms)
		AwakeInstancesAfterBackupRestoration (11ms)
Refreshing native plugins compatible for Editor in 0.90 ms, found 2 plugins.
Preloading 0 native plugins for Editor in 0.00 ms.
Release of invalid GC handle. The handle is from a previous domain. The release operation is skipped.
Release of invalid GC handle native callstack: 
0x00007ff63674eb5d (Unity) StackWalker::GetCurrentCallstack
0x00007ff636753c39 (Unity) StackWalker::ShowCallstack
0x00007ff637744851 (Unity) GetStacktrace
0x00007ff63664ae8d (Unity) ScriptingGCHandle::ReleaseAndClear
0x00007ff636c1081c (Unity) UploadHandlerRaw::`vector deleting destructor'
0x00007ff636c113cd (Unity) UploadHandler::Release
0x00007ff636c0dc6d (Unity) UnityWebRequestProto<UnityWebRequestTransport,AtomicRefCounter,RedirectHelper,ResponseHelper,DownloadHandler,UploadHandler,CertificateHandler,HeaderHelper,AsyncOperation>::~UnityWebRequestProto<UnityWebRequestTransport,AtomicRefCounter,RedirectHelper,ResponseHelper,DownloadHandler,UploadHandler,CertificateHandler,HeaderHelper,AsyncOperation>
0x00007ff636c0df66 (Unity) UnityWebRequest::`vector deleting destructor'
0x00007ff6359640a7 (Unity) UnityWebRequestProto<UnityWebRequestTransport,AtomicRefCounter,RedirectHelper,ResponseHelper,DownloadHandler,UploadHandler,CertificateHandler,HeaderHelper,AsyncOperation>::Release
0x00007ff636c0f995 (Unity) UnityWebRequestAsyncOperation::InvokeCoroutine
0x00007ff636c0fb71 (Unity) UnityWebRequestProto<UnityWebRequestTransport,AtomicRefCounter,RedirectHelper,ResponseHelper,DownloadHandler,UploadHandler,CertificateHandler,HeaderHelper,AsyncOperation>::Job_InvokeCoroutine
0x00007ff636277d2a (Unity) BackgroundJobQueue::ExecuteMainThreadJobs
0x00007ff63632b49f (Unity) PreloadManager::WaitForAllAsyncOperationsToComplete
0x00007ff637aea248 (Unity) <lambda_b37b41f03089e3cb3f55061bbc93253d>::operator()
0x00007ff637b25a22 (Unity) asio::detail::completion_handler<core::mutable_function<void __cdecl(void)>,asio::io_context::basic_executor_type<std::allocator<void>,0> >::do_complete
0x00007ff637b1196e (Unity) asio::detail::win_iocp_io_context::do_one
0x00007ff637b135d4 (Unity) asio::detail::win_iocp_io_context::run
0x00007ff637b23dcc (Unity) IOService::Run
0x00007ff637af71cf (Unity) AssetImportWorkerClient::Run
0x00007ff637ac2b37 (Unity) RunAssetImportWorkerClientV2
0x00007ff637ac2bbb (Unity) RunAssetImporterV2
0x00007ff6372bba5e (Unity) Application::InitializeProject
0x00007ff63774f4e5 (Unity) WinMain
0x00007ff638b014de (Unity) __scrt_common_main_seh
0x00007ffd6b887374 (KERNEL32) BaseThreadInitThunk
0x00007ffd6d89cc91 (ntdll) RtlUserThreadStart
Unloading 1420 Unused Serialized files (Serialized files now loaded: 0)
Unloading 12 unused Assets / (24.1 KB). Loaded Objects now: 2153.
Memory consumption went from 106.5 MB to 106.5 MB.
Total: 2.614500 ms (FindLiveObjects: 0.123000 ms CreateObjectMapping: 0.034200 ms MarkObjects: 2.420300 ms  DeleteObjects: 0.035900 ms)

Prepare: number of updated asset objects reloaded= 0
AssetImportParameters requested are different than current active one (requested -> active):
  custom:video-encoder-webm-vp8: eb34c28f22e8b96e1ab97ce403110664 -> 
  custom:video-decoder-webm-vp8: 9c59270c3fd7afecdb556c50c9e8de78 -> 
  custom:audio-decoder-ogg-vorbis: bf7c407c2cedff20999df2af8eb42d56 -> 
  custom:scripting/monoscript/fileName/PlayerMovement2.cs: de5dad4c3545ad8f9f6984966a40b37a -> 
  custom:SearchIndexIgnoredProperties: e643bd26f0fe6173181afceb89e7c659 -> 
  custom:container-demuxer-ogg: 62fdf1f143b41e24485cea50d1cbac27 -> 
  custom:AudioImporter_EditorPlatform: d09bf68614088b80899f8185d706f6e7 -> 
  custom:CustomObjectIndexerAttribute: 9a22284fe3817be447336de3de66b15e -> 
  custom:container-demuxer-webm: 4f35f7cbe854078d1ac9338744f61a02 -> 
  custom:scripting/monoscript/fileName/Trunk.cs: 3c77c879876a19ef3d7b12fd707afdea -> 
  custom:scripting/monoscript/fileName/ChunkGenerator.cs: c34ac5ef3d79f6264782925317061fad -> 
  custom:video-decoder-ogg-theora: a1e56fd34408186e4bbccfd4996cb3dc -> 
  custom:audio-encoder-webm-vorbis: bf7c407c2cedff20999df2af8eb42d56 -> 
  custom:framework-win-MediaFoundation: 216162199b28c13a410421893ffa2e32 -> 
  custom:scripting/precompiled-assembly-types:Assembly-CSharp: d9892b3dad924f4ddb54efe5d606d426 -> 482e17d551b00cd7946e9d7b35e05131
  custom:scripting/monoscript/fileName/Chunk.cs: 2c601e55a29a773029fef31d3cc0f584 -> 
  custom:container-muxer-webm: aa71ff27fc2769a1b78a27578f13a17b -> 
========================================================================
Received Prepare
Caller must complete domain reload
Begin MonoManager ReloadAssembly
- Loaded All Assemblies, in  0.365 seconds
Native extension for WindowsStandalone target not found
Native extension for iOS target not found
Native extension for Android target not found
[Package Manager] Server::EnsureServerProcessIsRunning -- launch failed, reason: Unity was launched with the -noUpm command-line argument
[Package Manager] UpmClient::Send -- Unable to send message (not connected to UPM process).
[Package Manager] Cannot connect to Unity Package Manager local server
[Package Manager] Server::EnsureServerProcessIsRunning -- launch failed, reason: Unity was launched with the -noUpm command-line argument
[Package Manager] UpmClient::Send -- Unable to send message (not connected to UPM process).
[Package Manager] Cannot connect to Unity Package Manager local server
Failed to sync packages list
UnityEngine.StackTraceUtility:ExtractStackTrace ()
UnityEngine.DebugLogHandler:LogFormat (UnityEngine.LogType,UnityEngine.Object,string,object[])
UnityEngine.Logger:Log (UnityEngine.LogType,object)
UnityEngine.Debug:LogWarning (object)
 .  / :MoveNext ()
System.Runtime.CompilerServices.AsyncTaskMethodBuilder:Start< .  / > ( .  / &)
 .  :  ()
 .⁤/ :MoveNext ()
System.Runtime.CompilerServices.AsyncTaskMethodBuilder:Start< .⁤/ > ( .⁤/ &)
 .⁤:  ()
System.Reflection.RuntimeMethodInfo:Invoke (object,System.Reflection.BindingFlags,System.Reflection.Binder,object[],System.Globalization.CultureInfo)
System.Reflection.MethodBase:Invoke (object,object[])
UnityEditor.EditorAssemblies:ProcessInitializeOnLoadMethodAttributes ()

Mono: successfully reloaded assembly
- Finished resetting the current domain, in  0.696 seconds
Domain Reload Profiling: 1061ms
	BeginReloadAssembly (157ms)
		ExecutionOrderSort (0ms)
		DisableScriptedObjects (6ms)
		BackupInstance (0ms)
		ReleaseScriptingObjects (0ms)
		CreateAndSetChildDomain (45ms)
	RebuildCommonClasses (37ms)
	RebuildNativeTypeToScriptingClass (11ms)
	initialDomainReloadingComplete (19ms)
	LoadAllAssembliesAndSetupDomain (140ms)
		LoadAssemblies (203ms)
		RebuildTransferFunctionScriptingTraits (0ms)
		AnalyzeDomain (15ms)
			TypeCache.Refresh (6ms)
				TypeCache.ScanAssembly (0ms)
			ScanForSourceGeneratedMonoScriptInfo (6ms)
			ResolveRequiredComponents (2ms)
	FinalizeReload (697ms)
		ReleaseScriptCaches (0ms)
		RebuildScriptCaches (0ms)
		SetupLoadedEditorAssemblies (463ms)
			LogAssemblyErrors (0ms)
			InitializePlatformSupportModulesInManaged (23ms)
			SetLoadedEditorAssemblies (2ms)
			RefreshPlugins (0ms)
			BeforeProcessingInitializeOnLoad (35ms)
			ProcessInitializeOnLoadAttributes (361ms)
			ProcessInitializeOnLoadMethodAttributes (40ms)
			AfterProcessingInitializeOnLoad (2ms)
			EditorAssembliesLoaded (0ms)
		ExecutionOrderSort2 (0ms)
		AwakeInstancesAfterBackupRestoration (6ms)
Refreshing native plugins compatible for Editor in 1.12 ms, found 2 plugins.
Preloading 0 native plugins for Editor in 0.00 ms.
Release of invalid GC handle. The handle is from a previous domain. The release operation is skipped.
Release of invalid GC handle native callstack: 
0x00007ff63674eb5d (Unity) StackWalker::GetCurrentCallstack
0x00007ff636753c39 (Unity) StackWalker::ShowCallstack
0x00007ff637744851 (Unity) GetStacktrace
0x00007ff63664ae8d (Unity) ScriptingGCHandle::ReleaseAndClear
0x00007ff636c1081c (Unity) UploadHandlerRaw::`vector deleting destructor'
0x00007ff636c113cd (Unity) UploadHandler::Release
0x00007ff636c0dc6d (Unity) UnityWebRequestProto<UnityWebRequestTransport,AtomicRefCounter,RedirectHelper,ResponseHelper,DownloadHandler,UploadHandler,CertificateHandler,HeaderHelper,AsyncOperation>::~UnityWebRequestProto<UnityWebRequestTransport,AtomicRefCounter,RedirectHelper,ResponseHelper,DownloadHandler,UploadHandler,CertificateHandler,HeaderHelper,AsyncOperation>
0x00007ff636c0df66 (Unity) UnityWebRequest::`vector deleting destructor'
0x00007ff6359640a7 (Unity) UnityWebRequestProto<UnityWebRequestTransport,AtomicRefCounter,RedirectHelper,ResponseHelper,DownloadHandler,UploadHandler,CertificateHandler,HeaderHelper,AsyncOperation>::Release
0x00007ff636c0f995 (Unity) UnityWebRequestAsyncOperation::InvokeCoroutine
0x00007ff636c0fb71 (Unity) UnityWebRequestProto<UnityWebRequestTransport,AtomicRefCounter,RedirectHelper,ResponseHelper,DownloadHandler,UploadHandler,CertificateHandler,HeaderHelper,AsyncOperation>::Job_InvokeCoroutine
0x00007ff636277d2a (Unity) BackgroundJobQueue::ExecuteMainThreadJobs
0x00007ff63632b49f (Unity) PreloadManager::WaitForAllAsyncOperationsToComplete
0x00007ff637aea248 (Unity) <lambda_b37b41f03089e3cb3f55061bbc93253d>::operator()
0x00007ff637b25a22 (Unity) asio::detail::completion_handler<core::mutable_function<void __cdecl(void)>,asio::io_context::basic_executor_type<std::allocator<void>,0> >::do_complete
0x00007ff637b1196e (Unity) asio::detail::win_iocp_io_context::do_one
0x00007ff637b135d4 (Unity) asio::detail::win_iocp_io_context::run
0x00007ff637b23dcc (Unity) IOService::Run
0x00007ff637af71cf (Unity) AssetImportWorkerClient::Run
0x00007ff637ac2b37 (Unity) RunAssetImportWorkerClientV2
0x00007ff637ac2bbb (Unity) RunAssetImporterV2
0x00007ff6372bba5e (Unity) Application::InitializeProject
0x00007ff63774f4e5 (Unity) WinMain
0x00007ff638b014de (Unity) __scrt_common_main_seh
0x00007ffd6b887374 (KERNEL32) BaseThreadInitThunk
0x00007ffd6d89cc91 (ntdll) RtlUserThreadStart
Unloading 1420 Unused Serialized files (Serialized files now loaded: 0)
Unloading 11 unused Assets / (26.6 KB). Loaded Objects now: 2158.
Memory consumption went from 106.7 MB to 106.7 MB.
Total: 3.216500 ms (FindLiveObjects: 0.160900 ms CreateObjectMapping: 0.058900 ms MarkObjects: 2.962800 ms  DeleteObjects: 0.033000 ms)

Prepare: number of updated asset objects reloaded= 1
AssetImportParameters requested are different than current active one (requested -> active):
  custom:video-encoder-webm-vp8: eb34c28f22e8b96e1ab97ce403110664 -> 
  custom:video-decoder-webm-vp8: 9c59270c3fd7afecdb556c50c9e8de78 -> 
  custom:audio-decoder-ogg-vorbis: bf7c407c2cedff20999df2af8eb42d56 -> 
  custom:scripting/monoscript/fileName/PlayerMovement2.cs: de5dad4c3545ad8f9f6984966a40b37a -> 
  custom:SearchIndexIgnoredProperties: e643bd26f0fe6173181afceb89e7c659 -> 
  custom:container-demuxer-ogg: 62fdf1f143b41e24485cea50d1cbac27 -> 
  custom:AudioImporter_EditorPlatform: d09bf68614088b80899f8185d706f6e7 -> 
  custom:CustomObjectIndexerAttribute: 9a22284fe3817be447336de3de66b15e -> 
  custom:container-demuxer-webm: 4f35f7cbe854078d1ac9338744f61a02 -> 
  custom:scripting/monoscript/fileName/Trunk.cs: 3c77c879876a19ef3d7b12fd707afdea -> 
  custom:scripting/monoscript/fileName/ChunkGenerator.cs: c34ac5ef3d79f6264782925317061fad -> 
  custom:video-decoder-ogg-theora: a1e56fd34408186e4bbccfd4996cb3dc -> 
  custom:audio-encoder-webm-vorbis: bf7c407c2cedff20999df2af8eb42d56 -> 
  custom:framework-win-MediaFoundation: 216162199b28c13a410421893ffa2e32 -> 
  custom:scripting/precompiled-assembly-types:Assembly-CSharp: d9892b3dad924f4ddb54efe5d606d426 -> 482e17d551b00cd7946e9d7b35e05131
  custom:scripting/monoscript/fileName/Chunk.cs: 2c601e55a29a773029fef31d3cc0f584 -> 
  custom:container-muxer-webm: aa71ff27fc2769a1b78a27578f13a17b -> 
========================================================================
Received Prepare
Caller must complete domain reload
Begin MonoManager ReloadAssembly
- Loaded All Assemblies, in  0.376 seconds
Native extension for WindowsStandalone target not found
Native extension for iOS target not found
Native extension for Android target not found
[Package Manager] Server::EnsureServerProcessIsRunning -- launch failed, reason: Unity was launched with the -noUpm command-line argument
[Package Manager] UpmClient::Send -- Unable to send message (not connected to UPM process).
[Package Manager] Cannot connect to Unity Package Manager local server
[Package Manager] Server::EnsureServerProcessIsRunning -- launch failed, reason: Unity was launched with the -noUpm command-line argument
[Package Manager] UpmClient::Send -- Unable to send message (not connected to UPM process).
[Package Manager] Cannot connect to Unity Package Manager local server
Failed to sync packages list
UnityEngine.StackTraceUtility:ExtractStackTrace ()
UnityEngine.DebugLogHandler:LogFormat (UnityEngine.LogType,UnityEngine.Object,string,object[])
UnityEngine.Logger:Log (UnityEngine.LogType,object)
UnityEngine.Debug:LogWarning (object)
 .  / :MoveNext ()
System.Runtime.CompilerServices.AsyncTaskMethodBuilder:Start< .  / > ( .  / &)
 .  :  ()
 .⁤/ :MoveNext ()
System.Runtime.CompilerServices.AsyncTaskMethodBuilder:Start< .⁤/ > ( .⁤/ &)
 .⁤:  ()
System.Reflection.RuntimeMethodInfo:Invoke (object,System.Reflection.BindingFlags,System.Reflection.Binder,object[],System.Globalization.CultureInfo)
System.Reflection.MethodBase:Invoke (object,object[])
UnityEditor.EditorAssemblies:ProcessInitializeOnLoadMethodAttributes ()

Mono: successfully reloaded assembly
- Finished resetting the current domain, in  0.780 seconds
Domain Reload Profiling: 1156ms
	BeginReloadAssembly (152ms)
		ExecutionOrderSort (0ms)
		DisableScriptedObjects (3ms)
		BackupInstance (0ms)
		ReleaseScriptingObjects (0ms)
		CreateAndSetChildDomain (41ms)
	RebuildCommonClasses (35ms)
	RebuildNativeTypeToScriptingClass (13ms)
	initialDomainReloadingComplete (26ms)
	LoadAllAssembliesAndSetupDomain (149ms)
		LoadAssemblies (218ms)
		RebuildTransferFunctionScriptingTraits (0ms)
		AnalyzeDomain (9ms)
			TypeCache.Refresh (5ms)
				TypeCache.ScanAssembly (0ms)
			ScanForSourceGeneratedMonoScriptInfo (0ms)
			ResolveRequiredComponents (2ms)
	FinalizeReload (781ms)
		ReleaseScriptCaches (0ms)
		RebuildScriptCaches (0ms)
		SetupLoadedEditorAssemblies (528ms)
			LogAssemblyErrors (0ms)
			InitializePlatformSupportModulesInManaged (21ms)
			SetLoadedEditorAssemblies (3ms)
			RefreshPlugins (0ms)
			BeforeProcessingInitializeOnLoad (36ms)
			ProcessInitializeOnLoadAttributes (416ms)
			ProcessInitializeOnLoadMethodAttributes (49ms)
			AfterProcessingInitializeOnLoad (3ms)
			EditorAssembliesLoaded (0ms)
		ExecutionOrderSort2 (0ms)
		AwakeInstancesAfterBackupRestoration (8ms)
Refreshing native plugins compatible for Editor in 1.18 ms, found 2 plugins.
Preloading 0 native plugins for Editor in 0.00 ms.
Release of invalid GC handle. The handle is from a previous domain. The release operation is skipped.
Release of invalid GC handle native callstack: 
0x00007ff63674eb5d (Unity) StackWalker::GetCurrentCallstack
0x00007ff636753c39 (Unity) StackWalker::ShowCallstack
0x00007ff637744851 (Unity) GetStacktrace
0x00007ff63664ae8d (Unity) ScriptingGCHandle::ReleaseAndClear
0x00007ff636c1081c (Unity) UploadHandlerRaw::`vector deleting destructor'
0x00007ff636c113cd (Unity) UploadHandler::Release
0x00007ff636c0dc6d (Unity) UnityWebRequestProto<UnityWebRequestTransport,AtomicRefCounter,RedirectHelper,ResponseHelper,DownloadHandler,UploadHandler,CertificateHandler,HeaderHelper,AsyncOperation>::~UnityWebRequestProto<UnityWebRequestTransport,AtomicRefCounter,RedirectHelper,ResponseHelper,DownloadHandler,UploadHandler,CertificateHandler,HeaderHelper,AsyncOperation>
0x00007ff636c0df66 (Unity) UnityWebRequest::`vector deleting destructor'
0x00007ff6359640a7 (Unity) UnityWebRequestProto<UnityWebRequestTransport,AtomicRefCounter,RedirectHelper,ResponseHelper,DownloadHandler,UploadHandler,CertificateHandler,HeaderHelper,AsyncOperation>::Release
0x00007ff636c0f995 (Unity) UnityWebRequestAsyncOperation::InvokeCoroutine
0x00007ff636c0fb71 (Unity) UnityWebRequestProto<UnityWebRequestTransport,AtomicRefCounter,RedirectHelper,ResponseHelper,DownloadHandler,UploadHandler,CertificateHandler,HeaderHelper,AsyncOperation>::Job_InvokeCoroutine
0x00007ff636277d2a (Unity) BackgroundJobQueue::ExecuteMainThreadJobs
0x00007ff63632b49f (Unity) PreloadManager::WaitForAllAsyncOperationsToComplete
0x00007ff637aea248 (Unity) <lambda_b37b41f03089e3cb3f55061bbc93253d>::operator()
0x00007ff637b25a22 (Unity) asio::detail::completion_handler<core::mutable_function<void __cdecl(void)>,asio::io_context::basic_executor_type<std::allocator<void>,0> >::do_complete
0x00007ff637b1196e (Unity) asio::detail::win_iocp_io_context::do_one
0x00007ff637b135d4 (Unity) asio::detail::win_iocp_io_context::run
0x00007ff637b23dcc (Unity) IOService::Run
0x00007ff637af71cf (Unity) AssetImportWorkerClient::Run
0x00007ff637ac2b37 (Unity) RunAssetImportWorkerClientV2
0x00007ff637ac2bbb (Unity) RunAssetImporterV2
0x00007ff6372bba5e (Unity) Application::InitializeProject
0x00007ff63774f4e5 (Unity) WinMain
0x00007ff638b014de (Unity) __scrt_common_main_seh
0x00007ffd6b887374 (KERNEL32) BaseThreadInitThunk
0x00007ffd6d89cc91 (ntdll) RtlUserThreadStart
Unloading 1420 Unused Serialized files (Serialized files now loaded: 0)
Unloading 11 unused Assets / (26.6 KB). Loaded Objects now: 2163.
Memory consumption went from 106.8 MB to 106.8 MB.
Total: 2.793800 ms (FindLiveObjects: 0.131700 ms CreateObjectMapping: 0.040900 ms MarkObjects: 2.586200 ms  DeleteObjects: 0.033900 ms)

Prepare: number of updated asset objects reloaded= 0
AssetImportParameters requested are different than current active one (requested -> active):
  custom:video-encoder-webm-vp8: eb34c28f22e8b96e1ab97ce403110664 -> 
  custom:video-decoder-webm-vp8: 9c59270c3fd7afecdb556c50c9e8de78 -> 
  custom:audio-decoder-ogg-vorbis: bf7c407c2cedff20999df2af8eb42d56 -> 
  custom:scripting/monoscript/fileName/PlayerMovement2.cs: de5dad4c3545ad8f9f6984966a40b37a -> 
  custom:SearchIndexIgnoredProperties: e643bd26f0fe6173181afceb89e7c659 -> 
  custom:container-demuxer-ogg: 62fdf1f143b41e24485cea50d1cbac27 -> 
  custom:AudioImporter_EditorPlatform: d09bf68614088b80899f8185d706f6e7 -> 
  custom:CustomObjectIndexerAttribute: 9a22284fe3817be447336de3de66b15e -> 
  custom:container-demuxer-webm: 4f35f7cbe854078d1ac9338744f61a02 -> 
  custom:scripting/monoscript/fileName/Trunk.cs: 3c77c879876a19ef3d7b12fd707afdea -> 
  custom:scripting/monoscript/fileName/ChunkGenerator.cs: c34ac5ef3d79f6264782925317061fad -> 
  custom:video-decoder-ogg-theora: a1e56fd34408186e4bbccfd4996cb3dc -> 
  custom:audio-encoder-webm-vorbis: bf7c407c2cedff20999df2af8eb42d56 -> 
  custom:framework-win-MediaFoundation: 216162199b28c13a410421893ffa2e32 -> 
  custom:scripting/precompiled-assembly-types:Assembly-CSharp: d9892b3dad924f4ddb54efe5d606d426 -> 482e17d551b00cd7946e9d7b35e05131
  custom:scripting/monoscript/fileName/Chunk.cs: 2c601e55a29a773029fef31d3cc0f584 -> 
  custom:container-muxer-webm: aa71ff27fc2769a1b78a27578f13a17b -> 
========================================================================
Received Prepare
Caller must complete domain reload
Begin MonoManager ReloadAssembly
- Loaded All Assemblies, in  0.373 seconds
Native extension for WindowsStandalone target not found
Native extension for iOS target not found
Native extension for Android target not found
[Package Manager] Server::EnsureServerProcessIsRunning -- launch failed, reason: Unity was launched with the -noUpm command-line argument
[Package Manager] UpmClient::Send -- Unable to send message (not connected to UPM process).
[Package Manager] Cannot connect to Unity Package Manager local server
[Package Manager] Server::EnsureServerProcessIsRunning -- launch failed, reason: Unity was launched with the -noUpm command-line argument
[Package Manager] UpmClient::Send -- Unable to send message (not connected to UPM process).
[Package Manager] Cannot connect to Unity Package Manager local server
Failed to sync packages list
UnityEngine.StackTraceUtility:ExtractStackTrace ()
UnityEngine.DebugLogHandler:LogFormat (UnityEngine.LogType,UnityEngine.Object,string,object[])
UnityEngine.Logger:Log (UnityEngine.LogType,object)
UnityEngine.Debug:LogWarning (object)
 .  / :MoveNext ()
System.Runtime.CompilerServices.AsyncTaskMethodBuilder:Start< .  / > ( .  / &)
 .  :  ()
 .⁤/ :MoveNext ()
System.Runtime.CompilerServices.AsyncTaskMethodBuilder:Start< .⁤/ > ( .⁤/ &)
 .⁤:  ()
System.Reflection.RuntimeMethodInfo:Invoke (object,System.Reflection.BindingFlags,System.Reflection.Binder,object[],System.Globalization.CultureInfo)
System.Reflection.MethodBase:Invoke (object,object[])
UnityEditor.EditorAssemblies:ProcessInitializeOnLoadMethodAttributes ()

Mono: successfully reloaded assembly
- Finished resetting the current domain, in  0.673 seconds
Domain Reload Profiling: 1046ms
	BeginReloadAssembly (155ms)
		ExecutionOrderSort (0ms)
		DisableScriptedObjects (6ms)
		BackupInstance (0ms)
		ReleaseScriptingObjects (0ms)
		CreateAndSetChildDomain (35ms)
	RebuildCommonClasses (41ms)
	RebuildNativeTypeToScriptingClass (12ms)
	initialDomainReloadingComplete (23ms)
	LoadAllAssembliesAndSetupDomain (142ms)
		LoadAssemblies (203ms)
		RebuildTransferFunctionScriptingTraits (0ms)
		AnalyzeDomain (16ms)
			TypeCache.Refresh (6ms)
				TypeCache.ScanAssembly (0ms)
			ScanForSourceGeneratedMonoScriptInfo (6ms)
			ResolveRequiredComponents (2ms)
	FinalizeReload (673ms)
		ReleaseScriptCaches (0ms)
		RebuildScriptCaches (0ms)
		SetupLoadedEditorAssemblies (461ms)
			LogAssemblyErrors (0ms)
			InitializePlatformSupportModulesInManaged (22ms)
			SetLoadedEditorAssemblies (2ms)
			RefreshPlugins (0ms)
			BeforeProcessingInitializeOnLoad (33ms)
			ProcessInitializeOnLoadAttributes (360ms)
			ProcessInitializeOnLoadMethodAttributes (41ms)
			AfterProcessingInitializeOnLoad (2ms)
			EditorAssembliesLoaded (0ms)
		ExecutionOrderSort2 (0ms)
		AwakeInstancesAfterBackupRestoration (6ms)
Refreshing native plugins compatible for Editor in 0.97 ms, found 2 plugins.
Preloading 0 native plugins for Editor in 0.00 ms.
Release of invalid GC handle. The handle is from a previous domain. The release operation is skipped.
Release of invalid GC handle native callstack: 
0x00007ff63674eb5d (Unity) StackWalker::GetCurrentCallstack
0x00007ff636753c39 (Unity) StackWalker::ShowCallstack
0x00007ff637744851 (Unity) GetStacktrace
0x00007ff63664ae8d (Unity) ScriptingGCHandle::ReleaseAndClear
0x00007ff636c1081c (Unity) UploadHandlerRaw::`vector deleting destructor'
0x00007ff636c113cd (Unity) UploadHandler::Release
0x00007ff636c0dc6d (Unity) UnityWebRequestProto<UnityWebRequestTransport,AtomicRefCounter,RedirectHelper,ResponseHelper,DownloadHandler,UploadHandler,CertificateHandler,HeaderHelper,AsyncOperation>::~UnityWebRequestProto<UnityWebRequestTransport,AtomicRefCounter,RedirectHelper,ResponseHelper,DownloadHandler,UploadHandler,CertificateHandler,HeaderHelper,AsyncOperation>
0x00007ff636c0df66 (Unity) UnityWebRequest::`vector deleting destructor'
0x00007ff6359640a7 (Unity) UnityWebRequestProto<UnityWebRequestTransport,AtomicRefCounter,RedirectHelper,ResponseHelper,DownloadHandler,UploadHandler,CertificateHandler,HeaderHelper,AsyncOperation>::Release
0x00007ff636c0f995 (Unity) UnityWebRequestAsyncOperation::InvokeCoroutine
0x00007ff636c0fb71 (Unity) UnityWebRequestProto<UnityWebRequestTransport,AtomicRefCounter,RedirectHelper,ResponseHelper,DownloadHandler,UploadHandler,CertificateHandler,HeaderHelper,AsyncOperation>::Job_InvokeCoroutine
0x00007ff636277d2a (Unity) BackgroundJobQueue::ExecuteMainThreadJobs
0x00007ff63632b49f (Unity) PreloadManager::WaitForAllAsyncOperationsToComplete
0x00007ff637aea248 (Unity) <lambda_b37b41f03089e3cb3f55061bbc93253d>::operator()
0x00007ff637b25a22 (Unity) asio::detail::completion_handler<core::mutable_function<void __cdecl(void)>,asio::io_context::basic_executor_type<std::allocator<void>,0> >::do_complete
0x00007ff637b1196e (Unity) asio::detail::win_iocp_io_context::do_one
0x00007ff637b135d4 (Unity) asio::detail::win_iocp_io_context::run
0x00007ff637b23dcc (Unity) IOService::Run
0x00007ff637af71cf (Unity) AssetImportWorkerClient::Run
0x00007ff637ac2b37 (Unity) RunAssetImportWorkerClientV2
0x00007ff637ac2bbb (Unity) RunAssetImporterV2
0x00007ff6372bba5e (Unity) Application::InitializeProject
0x00007ff63774f4e5 (Unity) WinMain
0x00007ff638b014de (Unity) __scrt_common_main_seh
0x00007ffd6b887374 (KERNEL32) BaseThreadInitThunk
0x00007ffd6d89cc91 (ntdll) RtlUserThreadStart
Unloading 1420 Unused Serialized files (Serialized files now loaded: 0)
Unloading 11 unused Assets / (26.6 KB). Loaded Objects now: 2168.
Memory consumption went from 107.0 MB to 107.0 MB.
Total: 2.808100 ms (FindLiveObjects: 0.131700 ms CreateObjectMapping: 0.039600 ms MarkObjects: 2.600600 ms  DeleteObjects: 0.035300 ms)

Prepare: number of updated asset objects reloaded= 0
AssetImportParameters requested are different than current active one (requested -> active):
  custom:video-encoder-webm-vp8: eb34c28f22e8b96e1ab97ce403110664 -> 
  custom:video-decoder-webm-vp8: 9c59270c3fd7afecdb556c50c9e8de78 -> 
  custom:audio-decoder-ogg-vorbis: bf7c407c2cedff20999df2af8eb42d56 -> 
  custom:scripting/monoscript/fileName/PlayerMovement2.cs: de5dad4c3545ad8f9f6984966a40b37a -> 
  custom:SearchIndexIgnoredProperties: e643bd26f0fe6173181afceb89e7c659 -> 
  custom:container-demuxer-ogg: 62fdf1f143b41e24485cea50d1cbac27 -> 
  custom:AudioImporter_EditorPlatform: d09bf68614088b80899f8185d706f6e7 -> 
  custom:CustomObjectIndexerAttribute: 9a22284fe3817be447336de3de66b15e -> 
  custom:container-demuxer-webm: 4f35f7cbe854078d1ac9338744f61a02 -> 
  custom:scripting/monoscript/fileName/Trunk.cs: 3c77c879876a19ef3d7b12fd707afdea -> 
  custom:scripting/monoscript/fileName/ChunkGenerator.cs: c34ac5ef3d79f6264782925317061fad -> 
  custom:video-decoder-ogg-theora: a1e56fd34408186e4bbccfd4996cb3dc -> 
  custom:audio-encoder-webm-vorbis: bf7c407c2cedff20999df2af8eb42d56 -> 
  custom:framework-win-MediaFoundation: 216162199b28c13a410421893ffa2e32 -> 
  custom:scripting/precompiled-assembly-types:Assembly-CSharp: d9892b3dad924f4ddb54efe5d606d426 -> 482e17d551b00cd7946e9d7b35e05131
  custom:scripting/monoscript/fileName/Chunk.cs: 2c601e55a29a773029fef31d3cc0f584 -> 
  custom:container-muxer-webm: aa71ff27fc2769a1b78a27578f13a17b -> 
========================================================================
Received Prepare
Caller must complete domain reload
Begin MonoManager ReloadAssembly
- Loaded All Assemblies, in  0.328 seconds
Native extension for WindowsStandalone target not found
Native extension for iOS target not found
Native extension for Android target not found
[Package Manager] Server::EnsureServerProcessIsRunning -- launch failed, reason: Unity was launched with the -noUpm command-line argument
[Package Manager] UpmClient::Send -- Unable to send message (not connected to UPM process).
[Package Manager] Cannot connect to Unity Package Manager local server
[Package Manager] Server::EnsureServerProcessIsRunning -- launch failed, reason: Unity was launched with the -noUpm command-line argument
[Package Manager] UpmClient::Send -- Unable to send message (not connected to UPM process).
[Package Manager] Cannot connect to Unity Package Manager local server
Failed to sync packages list
UnityEngine.StackTraceUtility:ExtractStackTrace ()
UnityEngine.DebugLogHandler:LogFormat (UnityEngine.LogType,UnityEngine.Object,string,object[])
UnityEngine.Logger:Log (UnityEngine.LogType,object)
UnityEngine.Debug:LogWarning (object)
 .  / :MoveNext ()
System.Runtime.CompilerServices.AsyncTaskMethodBuilder:Start< .  / > ( .  / &)
 .  :  ()
 .⁤/ :MoveNext ()
System.Runtime.CompilerServices.AsyncTaskMethodBuilder:Start< .⁤/ > ( .⁤/ &)
 .⁤:  ()
System.Reflection.RuntimeMethodInfo:Invoke (object,System.Reflection.BindingFlags,System.Reflection.Binder,object[],System.Globalization.CultureInfo)
System.Reflection.MethodBase:Invoke (object,object[])
UnityEditor.EditorAssemblies:ProcessInitializeOnLoadMethodAttributes ()

Mono: successfully reloaded assembly
- Finished resetting the current domain, in  0.676 seconds
Domain Reload Profiling: 1004ms
	BeginReloadAssembly (135ms)
		ExecutionOrderSort (0ms)
		DisableScriptedObjects (4ms)
		BackupInstance (0ms)
		ReleaseScriptingObjects (0ms)
		CreateAndSetChildDomain (32ms)
	RebuildCommonClasses (34ms)
	RebuildNativeTypeToScriptingClass (11ms)
	initialDomainReloadingComplete (21ms)
	LoadAllAssembliesAndSetupDomain (127ms)
		LoadAssemblies (185ms)
		RebuildTransferFunctionScriptingTraits (0ms)
		AnalyzeDomain (9ms)
			TypeCache.Refresh (5ms)
				TypeCache.ScanAssembly (0ms)
			ScanForSourceGeneratedMonoScriptInfo (0ms)
			ResolveRequiredComponents (3ms)
	FinalizeReload (676ms)
		ReleaseScriptCaches (0ms)
		RebuildScriptCaches (0ms)
		SetupLoadedEditorAssemblies (448ms)
			LogAssemblyErrors (0ms)
			InitializePlatformSupportModulesInManaged (22ms)
			SetLoadedEditorAssemblies (3ms)
			RefreshPlugins (0ms)
			BeforeProcessingInitializeOnLoad (36ms)
			ProcessInitializeOnLoadAttributes (348ms)
			ProcessInitializeOnLoadMethodAttributes (37ms)
			AfterProcessingInitializeOnLoad (2ms)
			EditorAssembliesLoaded (0ms)
		ExecutionOrderSort2 (0ms)
		AwakeInstancesAfterBackupRestoration (6ms)
Refreshing native plugins compatible for Editor in 0.91 ms, found 2 plugins.
Preloading 0 native plugins for Editor in 0.00 ms.
Release of invalid GC handle. The handle is from a previous domain. The release operation is skipped.
Release of invalid GC handle native callstack: 
0x00007ff63674eb5d (Unity) StackWalker::GetCurrentCallstack
0x00007ff636753c39 (Unity) StackWalker::ShowCallstack
0x00007ff637744851 (Unity) GetStacktrace
0x00007ff63664ae8d (Unity) ScriptingGCHandle::ReleaseAndClear
0x00007ff636c1081c (Unity) UploadHandlerRaw::`vector deleting destructor'
0x00007ff636c113cd (Unity) UploadHandler::Release
0x00007ff636c0dc6d (Unity) UnityWebRequestProto<UnityWebRequestTransport,AtomicRefCounter,RedirectHelper,ResponseHelper,DownloadHandler,UploadHandler,CertificateHandler,HeaderHelper,AsyncOperation>::~UnityWebRequestProto<UnityWebRequestTransport,AtomicRefCounter,RedirectHelper,ResponseHelper,DownloadHandler,UploadHandler,CertificateHandler,HeaderHelper,AsyncOperation>
0x00007ff636c0df66 (Unity) UnityWebRequest::`vector deleting destructor'
0x00007ff6359640a7 (Unity) UnityWebRequestProto<UnityWebRequestTransport,AtomicRefCounter,RedirectHelper,ResponseHelper,DownloadHandler,UploadHandler,CertificateHandler,HeaderHelper,AsyncOperation>::Release
0x00007ff636c0f995 (Unity) UnityWebRequestAsyncOperation::InvokeCoroutine
0x00007ff636c0fb71 (Unity) UnityWebRequestProto<UnityWebRequestTransport,AtomicRefCounter,RedirectHelper,ResponseHelper,DownloadHandler,UploadHandler,CertificateHandler,HeaderHelper,AsyncOperation>::Job_InvokeCoroutine
0x00007ff636277d2a (Unity) BackgroundJobQueue::ExecuteMainThreadJobs
0x00007ff63632b49f (Unity) PreloadManager::WaitForAllAsyncOperationsToComplete
0x00007ff637aea248 (Unity) <lambda_b37b41f03089e3cb3f55061bbc93253d>::operator()
0x00007ff637b25a22 (Unity) asio::detail::completion_handler<core::mutable_function<void __cdecl(void)>,asio::io_context::basic_executor_type<std::allocator<void>,0> >::do_complete
0x00007ff637b1196e (Unity) asio::detail::win_iocp_io_context::do_one
0x00007ff637b135d4 (Unity) asio::detail::win_iocp_io_context::run
0x00007ff637b23dcc (Unity) IOService::Run
0x00007ff637af71cf (Unity) AssetImportWorkerClient::Run
0x00007ff637ac2b37 (Unity) RunAssetImportWorkerClientV2
0x00007ff637ac2bbb (Unity) RunAssetImporterV2
0x00007ff6372bba5e (Unity) Application::InitializeProject
0x00007ff63774f4e5 (Unity) WinMain
0x00007ff638b014de (Unity) __scrt_common_main_seh
0x00007ffd6b887374 (KERNEL32) BaseThreadInitThunk
0x00007ffd6d89cc91 (ntdll) RtlUserThreadStart
Unloading 1420 Unused Serialized files (Serialized files now loaded: 0)
Unloading 11 unused Assets / (26.5 KB). Loaded Objects now: 2173.
Memory consumption went from 107.1 MB to 107.1 MB.
Total: 2.809800 ms (FindLiveObjects: 0.155500 ms CreateObjectMapping: 0.043900 ms MarkObjects: 2.575200 ms  DeleteObjects: 0.034000 ms)

Prepare: number of updated asset objects reloaded= 0
AssetImportParameters requested are different than current active one (requested -> active):
  custom:video-encoder-webm-vp8: eb34c28f22e8b96e1ab97ce403110664 -> 
  custom:video-decoder-webm-vp8: 9c59270c3fd7afecdb556c50c9e8de78 -> 
  custom:audio-decoder-ogg-vorbis: bf7c407c2cedff20999df2af8eb42d56 -> 
  custom:scripting/monoscript/fileName/PlayerMovement2.cs: de5dad4c3545ad8f9f6984966a40b37a -> 
  custom:SearchIndexIgnoredProperties: e643bd26f0fe6173181afceb89e7c659 -> 
  custom:container-demuxer-ogg: 62fdf1f143b41e24485cea50d1cbac27 -> 
  custom:AudioImporter_EditorPlatform: d09bf68614088b80899f8185d706f6e7 -> 
  custom:CustomObjectIndexerAttribute: 9a22284fe3817be447336de3de66b15e -> 
  custom:container-demuxer-webm: 4f35f7cbe854078d1ac9338744f61a02 -> 
  custom:scripting/monoscript/fileName/Trunk.cs: 3c77c879876a19ef3d7b12fd707afdea -> 
  custom:scripting/monoscript/fileName/ChunkGenerator.cs: c34ac5ef3d79f6264782925317061fad -> 
  custom:video-decoder-ogg-theora: a1e56fd34408186e4bbccfd4996cb3dc -> 
  custom:audio-encoder-webm-vorbis: bf7c407c2cedff20999df2af8eb42d56 -> 
  custom:framework-win-MediaFoundation: 216162199b28c13a410421893ffa2e32 -> 
  custom:scripting/precompiled-assembly-types:Assembly-CSharp: d9892b3dad924f4ddb54efe5d606d426 -> 482e17d551b00cd7946e9d7b35e05131
  custom:scripting/monoscript/fileName/Chunk.cs: 2c601e55a29a773029fef31d3cc0f584 -> 
  custom:container-muxer-webm: aa71ff27fc2769a1b78a27578f13a17b -> 
========================================================================
Received Prepare
Caller must complete domain reload
Begin MonoManager ReloadAssembly
- Loaded All Assemblies, in  0.370 seconds
Native extension for WindowsStandalone target not found
Native extension for iOS target not found
Native extension for Android target not found
[Package Manager] Server::EnsureServerProcessIsRunning -- launch failed, reason: Unity was launched with the -noUpm command-line argument
[Package Manager] UpmClient::Send -- Unable to send message (not connected to UPM process).
[Package Manager] Cannot connect to Unity Package Manager local server
[Package Manager] Server::EnsureServerProcessIsRunning -- launch failed, reason: Unity was launched with the -noUpm command-line argument
[Package Manager] UpmClient::Send -- Unable to send message (not connected to UPM process).
[Package Manager] Cannot connect to Unity Package Manager local server
Failed to sync packages list
UnityEngine.StackTraceUtility:ExtractStackTrace ()
UnityEngine.DebugLogHandler:LogFormat (UnityEngine.LogType,UnityEngine.Object,string,object[])
UnityEngine.Logger:Log (UnityEngine.LogType,object)
UnityEngine.Debug:LogWarning (object)
 .  / :MoveNext ()
System.Runtime.CompilerServices.AsyncTaskMethodBuilder:Start< .  / > ( .  / &)
 .  :  ()
 .⁤/ :MoveNext ()
System.Runtime.CompilerServices.AsyncTaskMethodBuilder:Start< .⁤/ > ( .⁤/ &)
 .⁤:  ()
System.Reflection.RuntimeMethodInfo:Invoke (object,System.Reflection.BindingFlags,System.Reflection.Binder,object[],System.Globalization.CultureInfo)
System.Reflection.MethodBase:Invoke (object,object[])
UnityEditor.EditorAssemblies:ProcessInitializeOnLoadMethodAttributes ()

Mono: successfully reloaded assembly
- Finished resetting the current domain, in  0.758 seconds
Domain Reload Profiling: 1127ms
	BeginReloadAssembly (157ms)
		ExecutionOrderSort (0ms)
		DisableScriptedObjects (6ms)
		BackupInstance (0ms)
		ReleaseScriptingObjects (0ms)
		CreateAndSetChildDomain (34ms)
	RebuildCommonClasses (32ms)
	RebuildNativeTypeToScriptingClass (10ms)
	initialDomainReloadingComplete (23ms)
	LoadAllAssembliesAndSetupDomain (146ms)
		LoadAssemblies (213ms)
		RebuildTransferFunctionScriptingTraits (0ms)
		AnalyzeDomain (14ms)
			TypeCache.Refresh (6ms)
				TypeCache.ScanAssembly (0ms)
			ScanForSourceGeneratedMonoScriptInfo (5ms)
			ResolveRequiredComponents (2ms)
	FinalizeReload (758ms)
		ReleaseScriptCaches (0ms)
		RebuildScriptCaches (0ms)
		SetupLoadedEditorAssemblies (490ms)
			LogAssemblyErrors (0ms)
			InitializePlatformSupportModulesInManaged (26ms)
			SetLoadedEditorAssemblies (3ms)
			RefreshPlugins (0ms)
			BeforeProcessingInitializeOnLoad (39ms)
			ProcessInitializeOnLoadAttributes (379ms)
			ProcessInitializeOnLoadMethodAttributes (41ms)
			AfterProcessingInitializeOnLoad (2ms)
			EditorAssembliesLoaded (0ms)
		ExecutionOrderSort2 (0ms)
		AwakeInstancesAfterBackupRestoration (6ms)
Refreshing native plugins compatible for Editor in 1.04 ms, found 2 plugins.
Preloading 0 native plugins for Editor in 0.00 ms.
Release of invalid GC handle. The handle is from a previous domain. The release operation is skipped.
Release of invalid GC handle native callstack: 
0x00007ff63674eb5d (Unity) StackWalker::GetCurrentCallstack
0x00007ff636753c39 (Unity) StackWalker::ShowCallstack
0x00007ff637744851 (Unity) GetStacktrace
0x00007ff63664ae8d (Unity) ScriptingGCHandle::ReleaseAndClear
0x00007ff636c1081c (Unity) UploadHandlerRaw::`vector deleting destructor'
0x00007ff636c113cd (Unity) UploadHandler::Release
0x00007ff636c0dc6d (Unity) UnityWebRequestProto<UnityWebRequestTransport,AtomicRefCounter,RedirectHelper,ResponseHelper,DownloadHandler,UploadHandler,CertificateHandler,HeaderHelper,AsyncOperation>::~UnityWebRequestProto<UnityWebRequestTransport,AtomicRefCounter,RedirectHelper,ResponseHelper,DownloadHandler,UploadHandler,CertificateHandler,HeaderHelper,AsyncOperation>
0x00007ff636c0df66 (Unity) UnityWebRequest::`vector deleting destructor'
0x00007ff6359640a7 (Unity) UnityWebRequestProto<UnityWebRequestTransport,AtomicRefCounter,RedirectHelper,ResponseHelper,DownloadHandler,UploadHandler,CertificateHandler,HeaderHelper,AsyncOperation>::Release
0x00007ff636c0f995 (Unity) UnityWebRequestAsyncOperation::InvokeCoroutine
0x00007ff636c0fb71 (Unity) UnityWebRequestProto<UnityWebRequestTransport,AtomicRefCounter,RedirectHelper,ResponseHelper,DownloadHandler,UploadHandler,CertificateHandler,HeaderHelper,AsyncOperation>::Job_InvokeCoroutine
0x00007ff636277d2a (Unity) BackgroundJobQueue::ExecuteMainThreadJobs
0x00007ff63632b49f (Unity) PreloadManager::WaitForAllAsyncOperationsToComplete
0x00007ff637aea248 (Unity) <lambda_b37b41f03089e3cb3f55061bbc93253d>::operator()
0x00007ff637b25a22 (Unity) asio::detail::completion_handler<core::mutable_function<void __cdecl(void)>,asio::io_context::basic_executor_type<std::allocator<void>,0> >::do_complete
0x00007ff637b1196e (Unity) asio::detail::win_iocp_io_context::do_one
0x00007ff637b135d4 (Unity) asio::detail::win_iocp_io_context::run
0x00007ff637b23dcc (Unity) IOService::Run
0x00007ff637af71cf (Unity) AssetImportWorkerClient::Run
0x00007ff637ac2b37 (Unity) RunAssetImportWorkerClientV2
0x00007ff637ac2bbb (Unity) RunAssetImporterV2
0x00007ff6372bba5e (Unity) Application::InitializeProject
0x00007ff63774f4e5 (Unity) WinMain
0x00007ff638b014de (Unity) __scrt_common_main_seh
0x00007ffd6b887374 (KERNEL32) BaseThreadInitThunk
0x00007ffd6d89cc91 (ntdll) RtlUserThreadStart
Unloading 1420 Unused Serialized files (Serialized files now loaded: 0)
Unloading 11 unused Assets / (26.6 KB). Loaded Objects now: 2178.
Memory consumption went from 107.3 MB to 107.3 MB.
Total: 3.289500 ms (FindLiveObjects: 0.145200 ms CreateObjectMapping: 0.041400 ms MarkObjects: 3.065000 ms  DeleteObjects: 0.036400 ms)

Prepare: number of updated asset objects reloaded= 0
AssetImportParameters requested are different than current active one (requested -> active):
  custom:video-encoder-webm-vp8: eb34c28f22e8b96e1ab97ce403110664 -> 
  custom:video-decoder-webm-vp8: 9c59270c3fd7afecdb556c50c9e8de78 -> 
  custom:audio-decoder-ogg-vorbis: bf7c407c2cedff20999df2af8eb42d56 -> 
  custom:scripting/monoscript/fileName/PlayerMovement2.cs: de5dad4c3545ad8f9f6984966a40b37a -> 
  custom:SearchIndexIgnoredProperties: e643bd26f0fe6173181afceb89e7c659 -> 
  custom:container-demuxer-ogg: 62fdf1f143b41e24485cea50d1cbac27 -> 
  custom:AudioImporter_EditorPlatform: d09bf68614088b80899f8185d706f6e7 -> 
  custom:CustomObjectIndexerAttribute: 9a22284fe3817be447336de3de66b15e -> 
  custom:container-demuxer-webm: 4f35f7cbe854078d1ac9338744f61a02 -> 
  custom:scripting/monoscript/fileName/Trunk.cs: 3c77c879876a19ef3d7b12fd707afdea -> 
  custom:scripting/monoscript/fileName/ChunkGenerator.cs: c34ac5ef3d79f6264782925317061fad -> 
  custom:video-decoder-ogg-theora: a1e56fd34408186e4bbccfd4996cb3dc -> 
  custom:audio-encoder-webm-vorbis: bf7c407c2cedff20999df2af8eb42d56 -> 
  custom:framework-win-MediaFoundation: 216162199b28c13a410421893ffa2e32 -> 
  custom:scripting/precompiled-assembly-types:Assembly-CSharp: d9892b3dad924f4ddb54efe5d606d426 -> 482e17d551b00cd7946e9d7b35e05131
  custom:scripting/monoscript/fileName/Chunk.cs: 2c601e55a29a773029fef31d3cc0f584 -> 
  custom:container-muxer-webm: aa71ff27fc2769a1b78a27578f13a17b -> 
========================================================================
Received Prepare
Caller must complete domain reload
Begin MonoManager ReloadAssembly
- Loaded All Assemblies, in  0.338 seconds
Native extension for WindowsStandalone target not found
Native extension for iOS target not found
Native extension for Android target not found
[Package Manager] Server::EnsureServerProcessIsRunning -- launch failed, reason: Unity was launched with the -noUpm command-line argument
[Package Manager] UpmClient::Send -- Unable to send message (not connected to UPM process).
[Package Manager] Cannot connect to Unity Package Manager local server
[Package Manager] Server::EnsureServerProcessIsRunning -- launch failed, reason: Unity was launched with the -noUpm command-line argument
[Package Manager] UpmClient::Send -- Unable to send message (not connected to UPM process).
[Package Manager] Cannot connect to Unity Package Manager local server
Failed to sync packages list
UnityEngine.StackTraceUtility:ExtractStackTrace ()
UnityEngine.DebugLogHandler:LogFormat (UnityEngine.LogType,UnityEngine.Object,string,object[])
UnityEngine.Logger:Log (UnityEngine.LogType,object)
UnityEngine.Debug:LogWarning (object)
 .  / :MoveNext ()
System.Runtime.CompilerServices.AsyncTaskMethodBuilder:Start< .  / > ( .  / &)
 .  :  ()
 .⁤/ :MoveNext ()
System.Runtime.CompilerServices.AsyncTaskMethodBuilder:Start< .⁤/ > ( .⁤/ &)
 .⁤:  ()
System.Reflection.RuntimeMethodInfo:Invoke (object,System.Reflection.BindingFlags,System.Reflection.Binder,object[],System.Globalization.CultureInfo)
System.Reflection.MethodBase:Invoke (object,object[])
UnityEditor.EditorAssemblies:ProcessInitializeOnLoadMethodAttributes ()

Mono: successfully reloaded assembly
- Finished resetting the current domain, in  0.681 seconds
Domain Reload Profiling: 1019ms
	BeginReloadAssembly (139ms)
		ExecutionOrderSort (0ms)
		DisableScriptedObjects (4ms)
		BackupInstance (0ms)
		ReleaseScriptingObjects (0ms)
		CreateAndSetChildDomain (35ms)
	RebuildCommonClasses (29ms)
	RebuildNativeTypeToScriptingClass (10ms)
	initialDomainReloadingComplete (20ms)
	LoadAllAssembliesAndSetupDomain (140ms)
		LoadAssemblies (204ms)
		RebuildTransferFunctionScriptingTraits (0ms)
		AnalyzeDomain (9ms)
			TypeCache.Refresh (5ms)
				TypeCache.ScanAssembly (0ms)
			ScanForSourceGeneratedMonoScriptInfo (0ms)
			ResolveRequiredComponents (2ms)
	FinalizeReload (681ms)
		ReleaseScriptCaches (0ms)
		RebuildScriptCaches (0ms)
		SetupLoadedEditorAssemblies (458ms)
			LogAssemblyErrors (0ms)
			InitializePlatformSupportModulesInManaged (20ms)
			SetLoadedEditorAssemblies (2ms)
			RefreshPlugins (0ms)
			BeforeProcessingInitializeOnLoad (34ms)
			ProcessInitializeOnLoadAttributes (355ms)
			ProcessInitializeOnLoadMethodAttributes (45ms)
			AfterProcessingInitializeOnLoad (2ms)
			EditorAssembliesLoaded (0ms)
		ExecutionOrderSort2 (0ms)
		AwakeInstancesAfterBackupRestoration (5ms)
Refreshing native plugins compatible for Editor in 1.11 ms, found 2 plugins.
Preloading 0 native plugins for Editor in 0.00 ms.
Release of invalid GC handle. The handle is from a previous domain. The release operation is skipped.
Release of invalid GC handle native callstack: 
0x00007ff63674eb5d (Unity) StackWalker::GetCurrentCallstack
0x00007ff636753c39 (Unity) StackWalker::ShowCallstack
0x00007ff637744851 (Unity) GetStacktrace
0x00007ff63664ae8d (Unity) ScriptingGCHandle::ReleaseAndClear
0x00007ff636c1081c (Unity) UploadHandlerRaw::`vector deleting destructor'
0x00007ff636c113cd (Unity) UploadHandler::Release
0x00007ff636c0dc6d (Unity) UnityWebRequestProto<UnityWebRequestTransport,AtomicRefCounter,RedirectHelper,ResponseHelper,DownloadHandler,UploadHandler,CertificateHandler,HeaderHelper,AsyncOperation>::~UnityWebRequestProto<UnityWebRequestTransport,AtomicRefCounter,RedirectHelper,ResponseHelper,DownloadHandler,UploadHandler,CertificateHandler,HeaderHelper,AsyncOperation>
0x00007ff636c0df66 (Unity) UnityWebRequest::`vector deleting destructor'
0x00007ff6359640a7 (Unity) UnityWebRequestProto<UnityWebRequestTransport,AtomicRefCounter,RedirectHelper,ResponseHelper,DownloadHandler,UploadHandler,CertificateHandler,HeaderHelper,AsyncOperation>::Release
0x00007ff636c0f995 (Unity) UnityWebRequestAsyncOperation::InvokeCoroutine
0x00007ff636c0fb71 (Unity) UnityWebRequestProto<UnityWebRequestTransport,AtomicRefCounter,RedirectHelper,ResponseHelper,DownloadHandler,UploadHandler,CertificateHandler,HeaderHelper,AsyncOperation>::Job_InvokeCoroutine
0x00007ff636277d2a (Unity) BackgroundJobQueue::ExecuteMainThreadJobs
0x00007ff63632b49f (Unity) PreloadManager::WaitForAllAsyncOperationsToComplete
0x00007ff637aea248 (Unity) <lambda_b37b41f03089e3cb3f55061bbc93253d>::operator()
0x00007ff637b25a22 (Unity) asio::detail::completion_handler<core::mutable_function<void __cdecl(void)>,asio::io_context::basic_executor_type<std::allocator<void>,0> >::do_complete
0x00007ff637b1196e (Unity) asio::detail::win_iocp_io_context::do_one
0x00007ff637b135d4 (Unity) asio::detail::win_iocp_io_context::run
0x00007ff637b23dcc (Unity) IOService::Run
0x00007ff637af71cf (Unity) AssetImportWorkerClient::Run
0x00007ff637ac2b37 (Unity) RunAssetImportWorkerClientV2
0x00007ff637ac2bbb (Unity) RunAssetImporterV2
0x00007ff6372bba5e (Unity) Application::InitializeProject
0x00007ff63774f4e5 (Unity) WinMain
0x00007ff638b014de (Unity) __scrt_common_main_seh
0x00007ffd6b887374 (KERNEL32) BaseThreadInitThunk
0x00007ffd6d89cc91 (ntdll) RtlUserThreadStart
Unloading 1420 Unused Serialized files (Serialized files now loaded: 0)
Unloading 11 unused Assets / (26.6 KB). Loaded Objects now: 2183.
Memory consumption went from 107.5 MB to 107.4 MB.
Total: 3.135900 ms (FindLiveObjects: 0.131500 ms CreateObjectMapping: 0.035600 ms MarkObjects: 2.918100 ms  DeleteObjects: 0.049500 ms)

Prepare: number of updated asset objects reloaded= 0
AssetImportParameters requested are different than current active one (requested -> active):
  custom:video-encoder-webm-vp8: eb34c28f22e8b96e1ab97ce403110664 -> 
  custom:video-decoder-webm-vp8: 9c59270c3fd7afecdb556c50c9e8de78 -> 
  custom:audio-decoder-ogg-vorbis: bf7c407c2cedff20999df2af8eb42d56 -> 
  custom:scripting/monoscript/fileName/PlayerMovement2.cs: de5dad4c3545ad8f9f6984966a40b37a -> 
  custom:SearchIndexIgnoredProperties: e643bd26f0fe6173181afceb89e7c659 -> 
  custom:container-demuxer-ogg: 62fdf1f143b41e24485cea50d1cbac27 -> 
  custom:AudioImporter_EditorPlatform: d09bf68614088b80899f8185d706f6e7 -> 
  custom:CustomObjectIndexerAttribute: 9a22284fe3817be447336de3de66b15e -> 
  custom:container-demuxer-webm: 4f35f7cbe854078d1ac9338744f61a02 -> 
  custom:scripting/monoscript/fileName/Trunk.cs: 3c77c879876a19ef3d7b12fd707afdea -> 
  custom:scripting/monoscript/fileName/ChunkGenerator.cs: c34ac5ef3d79f6264782925317061fad -> 
  custom:video-decoder-ogg-theora: a1e56fd34408186e4bbccfd4996cb3dc -> 
  custom:audio-encoder-webm-vorbis: bf7c407c2cedff20999df2af8eb42d56 -> 
  custom:framework-win-MediaFoundation: 216162199b28c13a410421893ffa2e32 -> 
  custom:scripting/precompiled-assembly-types:Assembly-CSharp: d9892b3dad924f4ddb54efe5d606d426 -> 482e17d551b00cd7946e9d7b35e05131
  custom:scripting/monoscript/fileName/Chunk.cs: 2c601e55a29a773029fef31d3cc0f584 -> 
  custom:container-muxer-webm: aa71ff27fc2769a1b78a27578f13a17b -> 
========================================================================
Received Prepare
Caller must complete domain reload
Begin MonoManager ReloadAssembly
- Loaded All Assemblies, in  0.377 seconds
Native extension for WindowsStandalone target not found
Native extension for iOS target not found
Native extension for Android target not found
[Package Manager] Server::EnsureServerProcessIsRunning -- launch failed, reason: Unity was launched with the -noUpm command-line argument
[Package Manager] UpmClient::Send -- Unable to send message (not connected to UPM process).
[Package Manager] Cannot connect to Unity Package Manager local server
[Package Manager] Server::EnsureServerProcessIsRunning -- launch failed, reason: Unity was launched with the -noUpm command-line argument
[Package Manager] UpmClient::Send -- Unable to send message (not connected to UPM process).
[Package Manager] Cannot connect to Unity Package Manager local server
Failed to sync packages list
UnityEngine.StackTraceUtility:ExtractStackTrace ()
UnityEngine.DebugLogHandler:LogFormat (UnityEngine.LogType,UnityEngine.Object,string,object[])
UnityEngine.Logger:Log (UnityEngine.LogType,object)
UnityEngine.Debug:LogWarning (object)
 .  / :MoveNext ()
System.Runtime.CompilerServices.AsyncTaskMethodBuilder:Start< .  / > ( .  / &)
 .  :  ()
 .⁤/ :MoveNext ()
System.Runtime.CompilerServices.AsyncTaskMethodBuilder:Start< .⁤/ > ( .⁤/ &)
 .⁤:  ()
System.Reflection.RuntimeMethodInfo:Invoke (object,System.Reflection.BindingFlags,System.Reflection.Binder,object[],System.Globalization.CultureInfo)
System.Reflection.MethodBase:Invoke (object,object[])
UnityEditor.EditorAssemblies:ProcessInitializeOnLoadMethodAttributes ()

Mono: successfully reloaded assembly
- Finished resetting the current domain, in  0.695 seconds
Domain Reload Profiling: 1072ms
	BeginReloadAssembly (151ms)
		ExecutionOrderSort (0ms)
		DisableScriptedObjects (5ms)
		BackupInstance (0ms)
		ReleaseScriptingObjects (0ms)
		CreateAndSetChildDomain (41ms)
	RebuildCommonClasses (43ms)
	RebuildNativeTypeToScriptingClass (17ms)
	initialDomainReloadingComplete (20ms)
	LoadAllAssembliesAndSetupDomain (146ms)
		LoadAssemblies (205ms)
		RebuildTransferFunctionScriptingTraits (0ms)
		AnalyzeDomain (15ms)
			TypeCache.Refresh (6ms)
				TypeCache.ScanAssembly (0ms)
			ScanForSourceGeneratedMonoScriptInfo (6ms)
			ResolveRequiredComponents (2ms)
	FinalizeReload (695ms)
		ReleaseScriptCaches (0ms)
		RebuildScriptCaches (0ms)
		SetupLoadedEditorAssemblies (489ms)
			LogAssemblyErrors (0ms)
			InitializePlatformSupportModulesInManaged (23ms)
			SetLoadedEditorAssemblies (2ms)
			RefreshPlugins (0ms)
			BeforeProcessingInitializeOnLoad (46ms)
			ProcessInitializeOnLoadAttributes (375ms)
			ProcessInitializeOnLoadMethodAttributes (41ms)
			AfterProcessingInitializeOnLoad (2ms)
			EditorAssembliesLoaded (0ms)
		ExecutionOrderSort2 (0ms)
		AwakeInstancesAfterBackupRestoration (5ms)
Refreshing native plugins compatible for Editor in 1.05 ms, found 2 plugins.
Preloading 0 native plugins for Editor in 0.00 ms.
Release of invalid GC handle. The handle is from a previous domain. The release operation is skipped.
Release of invalid GC handle native callstack: 
0x00007ff63674eb5d (Unity) StackWalker::GetCurrentCallstack
0x00007ff636753c39 (Unity) StackWalker::ShowCallstack
0x00007ff637744851 (Unity) GetStacktrace
0x00007ff63664ae8d (Unity) ScriptingGCHandle::ReleaseAndClear
0x00007ff636c1081c (Unity) UploadHandlerRaw::`vector deleting destructor'
0x00007ff636c113cd (Unity) UploadHandler::Release
0x00007ff636c0dc6d (Unity) UnityWebRequestProto<UnityWebRequestTransport,AtomicRefCounter,RedirectHelper,ResponseHelper,DownloadHandler,UploadHandler,CertificateHandler,HeaderHelper,AsyncOperation>::~UnityWebRequestProto<UnityWebRequestTransport,AtomicRefCounter,RedirectHelper,ResponseHelper,DownloadHandler,UploadHandler,CertificateHandler,HeaderHelper,AsyncOperation>
0x00007ff636c0df66 (Unity) UnityWebRequest::`vector deleting destructor'
0x00007ff6359640a7 (Unity) UnityWebRequestProto<UnityWebRequestTransport,AtomicRefCounter,RedirectHelper,ResponseHelper,DownloadHandler,UploadHandler,CertificateHandler,HeaderHelper,AsyncOperation>::Release
0x00007ff636c0f995 (Unity) UnityWebRequestAsyncOperation::InvokeCoroutine
0x00007ff636c0fb71 (Unity) UnityWebRequestProto<UnityWebRequestTransport,AtomicRefCounter,RedirectHelper,ResponseHelper,DownloadHandler,UploadHandler,CertificateHandler,HeaderHelper,AsyncOperation>::Job_InvokeCoroutine
0x00007ff636277d2a (Unity) BackgroundJobQueue::ExecuteMainThreadJobs
0x00007ff63632b49f (Unity) PreloadManager::WaitForAllAsyncOperationsToComplete
0x00007ff637aea248 (Unity) <lambda_b37b41f03089e3cb3f55061bbc93253d>::operator()
0x00007ff637b25a22 (Unity) asio::detail::completion_handler<core::mutable_function<void __cdecl(void)>,asio::io_context::basic_executor_type<std::allocator<void>,0> >::do_complete
0x00007ff637b1196e (Unity) asio::detail::win_iocp_io_context::do_one
0x00007ff637b135d4 (Unity) asio::detail::win_iocp_io_context::run
0x00007ff637b23dcc (Unity) IOService::Run
0x00007ff637af71cf (Unity) AssetImportWorkerClient::Run
0x00007ff637ac2b37 (Unity) RunAssetImportWorkerClientV2
0x00007ff637ac2bbb (Unity) RunAssetImporterV2
0x00007ff6372bba5e (Unity) Application::InitializeProject
0x00007ff63774f4e5 (Unity) WinMain
0x00007ff638b014de (Unity) __scrt_common_main_seh
0x00007ffd6b887374 (KERNEL32) BaseThreadInitThunk
0x00007ffd6d89cc91 (ntdll) RtlUserThreadStart
Unloading 1420 Unused Serialized files (Serialized files now loaded: 0)
Unloading 11 unused Assets / (26.5 KB). Loaded Objects now: 2188.
Memory consumption went from 107.6 MB to 107.6 MB.
Total: 3.341700 ms (FindLiveObjects: 0.186800 ms CreateObjectMapping: 0.089500 ms MarkObjects: 3.025900 ms  DeleteObjects: 0.038400 ms)

Prepare: number of updated asset objects reloaded= 0
AssetImportParameters requested are different than current active one (requested -> active):
  custom:video-encoder-webm-vp8: eb34c28f22e8b96e1ab97ce403110664 -> 
  custom:video-decoder-webm-vp8: 9c59270c3fd7afecdb556c50c9e8de78 -> 
  custom:audio-decoder-ogg-vorbis: bf7c407c2cedff20999df2af8eb42d56 -> 
  custom:scripting/monoscript/fileName/PlayerMovement2.cs: de5dad4c3545ad8f9f6984966a40b37a -> 
  custom:SearchIndexIgnoredProperties: e643bd26f0fe6173181afceb89e7c659 -> 
  custom:container-demuxer-ogg: 62fdf1f143b41e24485cea50d1cbac27 -> 
  custom:AudioImporter_EditorPlatform: d09bf68614088b80899f8185d706f6e7 -> 
  custom:CustomObjectIndexerAttribute: 9a22284fe3817be447336de3de66b15e -> 
  custom:container-demuxer-webm: 4f35f7cbe854078d1ac9338744f61a02 -> 
  custom:scripting/monoscript/fileName/Trunk.cs: 3c77c879876a19ef3d7b12fd707afdea -> 
  custom:scripting/monoscript/fileName/ChunkGenerator.cs: c34ac5ef3d79f6264782925317061fad -> 
  custom:video-decoder-ogg-theora: a1e56fd34408186e4bbccfd4996cb3dc -> 
  custom:audio-encoder-webm-vorbis: bf7c407c2cedff20999df2af8eb42d56 -> 
  custom:framework-win-MediaFoundation: 216162199b28c13a410421893ffa2e32 -> 
  custom:scripting/precompiled-assembly-types:Assembly-CSharp: d9892b3dad924f4ddb54efe5d606d426 -> 482e17d551b00cd7946e9d7b35e05131
  custom:scripting/monoscript/fileName/Chunk.cs: 2c601e55a29a773029fef31d3cc0f584 -> 
  custom:container-muxer-webm: aa71ff27fc2769a1b78a27578f13a17b -> 
========================================================================
Received Prepare
Caller must complete domain reload
Begin MonoManager ReloadAssembly
- Loaded All Assemblies, in  0.327 seconds
Native extension for WindowsStandalone target not found
Native extension for iOS target not found
Native extension for Android target not found
[Package Manager] Server::EnsureServerProcessIsRunning -- launch failed, reason: Unity was launched with the -noUpm command-line argument
[Package Manager] UpmClient::Send -- Unable to send message (not connected to UPM process).
[Package Manager] Cannot connect to Unity Package Manager local server
[Package Manager] Server::EnsureServerProcessIsRunning -- launch failed, reason: Unity was launched with the -noUpm command-line argument
[Package Manager] UpmClient::Send -- Unable to send message (not connected to UPM process).
[Package Manager] Cannot connect to Unity Package Manager local server
Failed to sync packages list
UnityEngine.StackTraceUtility:ExtractStackTrace ()
UnityEngine.DebugLogHandler:LogFormat (UnityEngine.LogType,UnityEngine.Object,string,object[])
UnityEngine.Logger:Log (UnityEngine.LogType,object)
UnityEngine.Debug:LogWarning (object)
 .  / :MoveNext ()
System.Runtime.CompilerServices.AsyncTaskMethodBuilder:Start< .  / > ( .  / &)
 .  :  ()
 .⁤/ :MoveNext ()
System.Runtime.CompilerServices.AsyncTaskMethodBuilder:Start< .⁤/ > ( .⁤/ &)
 .⁤:  ()
System.Reflection.RuntimeMethodInfo:Invoke (object,System.Reflection.BindingFlags,System.Reflection.Binder,object[],System.Globalization.CultureInfo)
System.Reflection.MethodBase:Invoke (object,object[])
UnityEditor.EditorAssemblies:ProcessInitializeOnLoadMethodAttributes ()

Mono: successfully reloaded assembly
- Finished resetting the current domain, in  0.645 seconds
Domain Reload Profiling: 972ms
	BeginReloadAssembly (136ms)
		ExecutionOrderSort (0ms)
		DisableScriptedObjects (4ms)
		BackupInstance (0ms)
		ReleaseScriptingObjects (0ms)
		CreateAndSetChildDomain (33ms)
	RebuildCommonClasses (27ms)
	RebuildNativeTypeToScriptingClass (11ms)
	initialDomainReloadingComplete (20ms)
	LoadAllAssembliesAndSetupDomain (132ms)
		LoadAssemblies (194ms)
		RebuildTransferFunctionScriptingTraits (0ms)
		AnalyzeDomain (9ms)
			TypeCache.Refresh (5ms)
				TypeCache.ScanAssembly (0ms)
			ScanForSourceGeneratedMonoScriptInfo (0ms)
			ResolveRequiredComponents (2ms)
	FinalizeReload (645ms)
		ReleaseScriptCaches (0ms)
		RebuildScriptCaches (0ms)
		SetupLoadedEditorAssemblies (440ms)
			LogAssemblyErrors (0ms)
			InitializePlatformSupportModulesInManaged (21ms)
			SetLoadedEditorAssemblies (2ms)
			RefreshPlugins (0ms)
			BeforeProcessingInitializeOnLoad (32ms)
			ProcessInitializeOnLoadAttributes (340ms)
			ProcessInitializeOnLoadMethodAttributes (42ms)
			AfterProcessingInitializeOnLoad (3ms)
			EditorAssembliesLoaded (0ms)
		ExecutionOrderSort2 (0ms)
		AwakeInstancesAfterBackupRestoration (7ms)
Refreshing native plugins compatible for Editor in 0.97 ms, found 2 plugins.
Preloading 0 native plugins for Editor in 0.00 ms.
Release of invalid GC handle. The handle is from a previous domain. The release operation is skipped.
Release of invalid GC handle native callstack: 
0x00007ff63674eb5d (Unity) StackWalker::GetCurrentCallstack
0x00007ff636753c39 (Unity) StackWalker::ShowCallstack
0x00007ff637744851 (Unity) GetStacktrace
0x00007ff63664ae8d (Unity) ScriptingGCHandle::ReleaseAndClear
0x00007ff636c1081c (Unity) UploadHandlerRaw::`vector deleting destructor'
0x00007ff636c113cd (Unity) UploadHandler::Release
0x00007ff636c0dc6d (Unity) UnityWebRequestProto<UnityWebRequestTransport,AtomicRefCounter,RedirectHelper,ResponseHelper,DownloadHandler,UploadHandler,CertificateHandler,HeaderHelper,AsyncOperation>::~UnityWebRequestProto<UnityWebRequestTransport,AtomicRefCounter,RedirectHelper,ResponseHelper,DownloadHandler,UploadHandler,CertificateHandler,HeaderHelper,AsyncOperation>
0x00007ff636c0df66 (Unity) UnityWebRequest::`vector deleting destructor'
0x00007ff6359640a7 (Unity) UnityWebRequestProto<UnityWebRequestTransport,AtomicRefCounter,RedirectHelper,ResponseHelper,DownloadHandler,UploadHandler,CertificateHandler,HeaderHelper,AsyncOperation>::Release
0x00007ff636c0f995 (Unity) UnityWebRequestAsyncOperation::InvokeCoroutine
0x00007ff636c0fb71 (Unity) UnityWebRequestProto<UnityWebRequestTransport,AtomicRefCounter,RedirectHelper,ResponseHelper,DownloadHandler,UploadHandler,CertificateHandler,HeaderHelper,AsyncOperation>::Job_InvokeCoroutine
0x00007ff636277d2a (Unity) BackgroundJobQueue::ExecuteMainThreadJobs
0x00007ff63632b49f (Unity) PreloadManager::WaitForAllAsyncOperationsToComplete
0x00007ff637aea248 (Unity) <lambda_b37b41f03089e3cb3f55061bbc93253d>::operator()
0x00007ff637b25a22 (Unity) asio::detail::completion_handler<core::mutable_function<void __cdecl(void)>,asio::io_context::basic_executor_type<std::allocator<void>,0> >::do_complete
0x00007ff637b1196e (Unity) asio::detail::win_iocp_io_context::do_one
0x00007ff637b135d4 (Unity) asio::detail::win_iocp_io_context::run
0x00007ff637b23dcc (Unity) IOService::Run
0x00007ff637af71cf (Unity) AssetImportWorkerClient::Run
0x00007ff637ac2b37 (Unity) RunAssetImportWorkerClientV2
0x00007ff637ac2bbb (Unity) RunAssetImporterV2
0x00007ff6372bba5e (Unity) Application::InitializeProject
0x00007ff63774f4e5 (Unity) WinMain
0x00007ff638b014de (Unity) __scrt_common_main_seh
0x00007ffd6b887374 (KERNEL32) BaseThreadInitThunk
0x00007ffd6d89cc91 (ntdll) RtlUserThreadStart
Unloading 1420 Unused Serialized files (Serialized files now loaded: 0)
Unloading 11 unused Assets / (26.6 KB). Loaded Objects now: 2193.
Memory consumption went from 107.8 MB to 107.7 MB.
Total: 3.298900 ms (FindLiveObjects: 0.144200 ms CreateObjectMapping: 0.037100 ms MarkObjects: 3.043800 ms  DeleteObjects: 0.071100 ms)

Prepare: number of updated asset objects reloaded= 0
AssetImportParameters requested are different than current active one (requested -> active):
  custom:video-encoder-webm-vp8: eb34c28f22e8b96e1ab97ce403110664 -> 
  custom:video-decoder-webm-vp8: 9c59270c3fd7afecdb556c50c9e8de78 -> 
  custom:audio-decoder-ogg-vorbis: bf7c407c2cedff20999df2af8eb42d56 -> 
  custom:scripting/monoscript/fileName/PlayerMovement2.cs: de5dad4c3545ad8f9f6984966a40b37a -> 
  custom:SearchIndexIgnoredProperties: e643bd26f0fe6173181afceb89e7c659 -> 
  custom:container-demuxer-ogg: 62fdf1f143b41e24485cea50d1cbac27 -> 
  custom:AudioImporter_EditorPlatform: d09bf68614088b80899f8185d706f6e7 -> 
  custom:CustomObjectIndexerAttribute: 9a22284fe3817be447336de3de66b15e -> 
  custom:container-demuxer-webm: 4f35f7cbe854078d1ac9338744f61a02 -> 
  custom:scripting/monoscript/fileName/Trunk.cs: 3c77c879876a19ef3d7b12fd707afdea -> 
  custom:scripting/monoscript/fileName/ChunkGenerator.cs: c34ac5ef3d79f6264782925317061fad -> 
  custom:video-decoder-ogg-theora: a1e56fd34408186e4bbccfd4996cb3dc -> 
  custom:audio-encoder-webm-vorbis: bf7c407c2cedff20999df2af8eb42d56 -> 
  custom:framework-win-MediaFoundation: 216162199b28c13a410421893ffa2e32 -> 
  custom:scripting/precompiled-assembly-types:Assembly-CSharp: d9892b3dad924f4ddb54efe5d606d426 -> 482e17d551b00cd7946e9d7b35e05131
  custom:scripting/monoscript/fileName/Chunk.cs: 2c601e55a29a773029fef31d3cc0f584 -> 
  custom:container-muxer-webm: aa71ff27fc2769a1b78a27578f13a17b -> 
========================================================================
Received Prepare
Caller must complete domain reload
Begin MonoManager ReloadAssembly
- Loaded All Assemblies, in  0.365 seconds
Native extension for WindowsStandalone target not found
Native extension for iOS target not found
Native extension for Android target not found
[Package Manager] Server::EnsureServerProcessIsRunning -- launch failed, reason: Unity was launched with the -noUpm command-line argument
[Package Manager] UpmClient::Send -- Unable to send message (not connected to UPM process).
[Package Manager] Cannot connect to Unity Package Manager local server
[Package Manager] Server::EnsureServerProcessIsRunning -- launch failed, reason: Unity was launched with the -noUpm command-line argument
[Package Manager] UpmClient::Send -- Unable to send message (not connected to UPM process).
[Package Manager] Cannot connect to Unity Package Manager local server
Failed to sync packages list
UnityEngine.StackTraceUtility:ExtractStackTrace ()
UnityEngine.DebugLogHandler:LogFormat (UnityEngine.LogType,UnityEngine.Object,string,object[])
UnityEngine.Logger:Log (UnityEngine.LogType,object)
UnityEngine.Debug:LogWarning (object)
 .  / :MoveNext ()
System.Runtime.CompilerServices.AsyncTaskMethodBuilder:Start< .  / > ( .  / &)
 .  :  ()
 .⁤/ :MoveNext ()
System.Runtime.CompilerServices.AsyncTaskMethodBuilder:Start< .⁤/ > ( .⁤/ &)
 .⁤:  ()
System.Reflection.RuntimeMethodInfo:Invoke (object,System.Reflection.BindingFlags,System.Reflection.Binder,object[],System.Globalization.CultureInfo)
System.Reflection.MethodBase:Invoke (object,object[])
UnityEditor.EditorAssemblies:ProcessInitializeOnLoadMethodAttributes ()

Mono: successfully reloaded assembly
- Finished resetting the current domain, in  0.737 seconds
Domain Reload Profiling: 1101ms
	BeginReloadAssembly (150ms)
		ExecutionOrderSort (0ms)
		DisableScriptedObjects (4ms)
		BackupInstance (0ms)
		ReleaseScriptingObjects (0ms)
		CreateAndSetChildDomain (33ms)
	RebuildCommonClasses (39ms)
	RebuildNativeTypeToScriptingClass (11ms)
	initialDomainReloadingComplete (22ms)
	LoadAllAssembliesAndSetupDomain (143ms)
		LoadAssemblies (208ms)
		RebuildTransferFunctionScriptingTraits (0ms)
		AnalyzeDomain (15ms)
			TypeCache.Refresh (6ms)
				TypeCache.ScanAssembly (0ms)
			ScanForSourceGeneratedMonoScriptInfo (5ms)
			ResolveRequiredComponents (2ms)
	FinalizeReload (737ms)
		ReleaseScriptCaches (0ms)
		RebuildScriptCaches (0ms)
		SetupLoadedEditorAssemblies (515ms)
			LogAssemblyErrors (0ms)
			InitializePlatformSupportModulesInManaged (27ms)
			SetLoadedEditorAssemblies (3ms)
			RefreshPlugins (0ms)
			BeforeProcessingInitializeOnLoad (35ms)
			ProcessInitializeOnLoadAttributes (409ms)
			ProcessInitializeOnLoadMethodAttributes (40ms)
			AfterProcessingInitializeOnLoad (2ms)
			EditorAssembliesLoaded (0ms)
		ExecutionOrderSort2 (0ms)
		AwakeInstancesAfterBackupRestoration (6ms)
Refreshing native plugins compatible for Editor in 2.17 ms, found 2 plugins.
Preloading 0 native plugins for Editor in 0.00 ms.
Release of invalid GC handle. The handle is from a previous domain. The release operation is skipped.
Release of invalid GC handle native callstack: 
0x00007ff63674eb5d (Unity) StackWalker::GetCurrentCallstack
0x00007ff636753c39 (Unity) StackWalker::ShowCallstack
0x00007ff637744851 (Unity) GetStacktrace
0x00007ff63664ae8d (Unity) ScriptingGCHandle::ReleaseAndClear
0x00007ff636c1081c (Unity) UploadHandlerRaw::`vector deleting destructor'
0x00007ff636c113cd (Unity) UploadHandler::Release
0x00007ff636c0dc6d (Unity) UnityWebRequestProto<UnityWebRequestTransport,AtomicRefCounter,RedirectHelper,ResponseHelper,DownloadHandler,UploadHandler,CertificateHandler,HeaderHelper,AsyncOperation>::~UnityWebRequestProto<UnityWebRequestTransport,AtomicRefCounter,RedirectHelper,ResponseHelper,DownloadHandler,UploadHandler,CertificateHandler,HeaderHelper,AsyncOperation>
0x00007ff636c0df66 (Unity) UnityWebRequest::`vector deleting destructor'
0x00007ff6359640a7 (Unity) UnityWebRequestProto<UnityWebRequestTransport,AtomicRefCounter,RedirectHelper,ResponseHelper,DownloadHandler,UploadHandler,CertificateHandler,HeaderHelper,AsyncOperation>::Release
0x00007ff636c0f995 (Unity) UnityWebRequestAsyncOperation::InvokeCoroutine
0x00007ff636c0fb71 (Unity) UnityWebRequestProto<UnityWebRequestTransport,AtomicRefCounter,RedirectHelper,ResponseHelper,DownloadHandler,UploadHandler,CertificateHandler,HeaderHelper,AsyncOperation>::Job_InvokeCoroutine
0x00007ff636277d2a (Unity) BackgroundJobQueue::ExecuteMainThreadJobs
0x00007ff63632b49f (Unity) PreloadManager::WaitForAllAsyncOperationsToComplete
0x00007ff637aea248 (Unity) <lambda_b37b41f03089e3cb3f55061bbc93253d>::operator()
0x00007ff637b25a22 (Unity) asio::detail::completion_handler<core::mutable_function<void __cdecl(void)>,asio::io_context::basic_executor_type<std::allocator<void>,0> >::do_complete
0x00007ff637b1196e (Unity) asio::detail::win_iocp_io_context::do_one
0x00007ff637b135d4 (Unity) asio::detail::win_iocp_io_context::run
0x00007ff637b23dcc (Unity) IOService::Run
0x00007ff637af71cf (Unity) AssetImportWorkerClient::Run
0x00007ff637ac2b37 (Unity) RunAssetImportWorkerClientV2
0x00007ff637ac2bbb (Unity) RunAssetImporterV2
0x00007ff6372bba5e (Unity) Application::InitializeProject
0x00007ff63774f4e5 (Unity) WinMain
0x00007ff638b014de (Unity) __scrt_common_main_seh
0x00007ffd6b887374 (KERNEL32) BaseThreadInitThunk
0x00007ffd6d89cc91 (ntdll) RtlUserThreadStart
Unloading 1420 Unused Serialized files (Serialized files now loaded: 0)
Unloading 11 unused Assets / (26.6 KB). Loaded Objects now: 2198.
Memory consumption went from 107.9 MB to 107.9 MB.
Total: 3.957700 ms (FindLiveObjects: 0.151600 ms CreateObjectMapping: 0.051500 ms MarkObjects: 3.718100 ms  DeleteObjects: 0.035400 ms)

Prepare: number of updated asset objects reloaded= 0
AssetImportParameters requested are different than current active one (requested -> active):
  custom:video-encoder-webm-vp8: eb34c28f22e8b96e1ab97ce403110664 -> 
  custom:video-decoder-webm-vp8: 9c59270c3fd7afecdb556c50c9e8de78 -> 
  custom:audio-decoder-ogg-vorbis: bf7c407c2cedff20999df2af8eb42d56 -> 
  custom:scripting/monoscript/fileName/PlayerMovement2.cs: de5dad4c3545ad8f9f6984966a40b37a -> 
  custom:SearchIndexIgnoredProperties: e643bd26f0fe6173181afceb89e7c659 -> 
  custom:container-demuxer-ogg: 62fdf1f143b41e24485cea50d1cbac27 -> 
  custom:AudioImporter_EditorPlatform: d09bf68614088b80899f8185d706f6e7 -> 
  custom:CustomObjectIndexerAttribute: 9a22284fe3817be447336de3de66b15e -> 
  custom:container-demuxer-webm: 4f35f7cbe854078d1ac9338744f61a02 -> 
  custom:scripting/monoscript/fileName/Trunk.cs: 3c77c879876a19ef3d7b12fd707afdea -> 
  custom:scripting/monoscript/fileName/ChunkGenerator.cs: c34ac5ef3d79f6264782925317061fad -> 
  custom:video-decoder-ogg-theora: a1e56fd34408186e4bbccfd4996cb3dc -> 
  custom:audio-encoder-webm-vorbis: bf7c407c2cedff20999df2af8eb42d56 -> 
  custom:framework-win-MediaFoundation: 216162199b28c13a410421893ffa2e32 -> 
  custom:scripting/precompiled-assembly-types:Assembly-CSharp: d9892b3dad924f4ddb54efe5d606d426 -> 482e17d551b00cd7946e9d7b35e05131
  custom:scripting/monoscript/fileName/Chunk.cs: 2c601e55a29a773029fef31d3cc0f584 -> 
  custom:container-muxer-webm: aa71ff27fc2769a1b78a27578f13a17b -> 
========================================================================
Received Prepare
Caller must complete domain reload
Begin MonoManager ReloadAssembly
- Loaded All Assemblies, in  0.372 seconds
Native extension for WindowsStandalone target not found
Native extension for iOS target not found
Native extension for Android target not found
[Package Manager] Server::EnsureServerProcessIsRunning -- launch failed, reason: Unity was launched with the -noUpm command-line argument
[Package Manager] UpmClient::Send -- Unable to send message (not connected to UPM process).
[Package Manager] Cannot connect to Unity Package Manager local server
[Package Manager] Server::EnsureServerProcessIsRunning -- launch failed, reason: Unity was launched with the -noUpm command-line argument
[Package Manager] UpmClient::Send -- Unable to send message (not connected to UPM process).
[Package Manager] Cannot connect to Unity Package Manager local server
Failed to sync packages list
UnityEngine.StackTraceUtility:ExtractStackTrace ()
UnityEngine.DebugLogHandler:LogFormat (UnityEngine.LogType,UnityEngine.Object,string,object[])
UnityEngine.Logger:Log (UnityEngine.LogType,object)
UnityEngine.Debug:LogWarning (object)
 .  / :MoveNext ()
System.Runtime.CompilerServices.AsyncTaskMethodBuilder:Start< .  / > ( .  / &)
 .  :  ()
 .⁤/ :MoveNext ()
System.Runtime.CompilerServices.AsyncTaskMethodBuilder:Start< .⁤/ > ( .⁤/ &)
 .⁤:  ()
System.Reflection.RuntimeMethodInfo:Invoke (object,System.Reflection.BindingFlags,System.Reflection.Binder,object[],System.Globalization.CultureInfo)
System.Reflection.MethodBase:Invoke (object,object[])
UnityEditor.EditorAssemblies:ProcessInitializeOnLoadMethodAttributes ()

Mono: successfully reloaded assembly
- Finished resetting the current domain, in  0.691 seconds
Domain Reload Profiling: 1063ms
	BeginReloadAssembly (144ms)
		ExecutionOrderSort (0ms)
		DisableScriptedObjects (4ms)
		BackupInstance (0ms)
		ReleaseScriptingObjects (0ms)
		CreateAndSetChildDomain (32ms)
	RebuildCommonClasses (43ms)
	RebuildNativeTypeToScriptingClass (11ms)
	initialDomainReloadingComplete (25ms)
	LoadAllAssembliesAndSetupDomain (148ms)
		LoadAssemblies (220ms)
		RebuildTransferFunctionScriptingTraits (0ms)
		AnalyzeDomain (7ms)
			TypeCache.Refresh (4ms)
				TypeCache.ScanAssembly (0ms)
			ScanForSourceGeneratedMonoScriptInfo (0ms)
			ResolveRequiredComponents (2ms)
	FinalizeReload (692ms)
		ReleaseScriptCaches (0ms)
		RebuildScriptCaches (0ms)
		SetupLoadedEditorAssemblies (454ms)
			LogAssemblyErrors (0ms)
			InitializePlatformSupportModulesInManaged (20ms)
			SetLoadedEditorAssemblies (2ms)
			RefreshPlugins (0ms)
			BeforeProcessingInitializeOnLoad (34ms)
			ProcessInitializeOnLoadAttributes (347ms)
			ProcessInitializeOnLoadMethodAttributes (48ms)
			AfterProcessingInitializeOnLoad (3ms)
			EditorAssembliesLoaded (0ms)
		ExecutionOrderSort2 (0ms)
		AwakeInstancesAfterBackupRestoration (8ms)
Refreshing native plugins compatible for Editor in 1.06 ms, found 2 plugins.
Preloading 0 native plugins for Editor in 0.00 ms.
Release of invalid GC handle. The handle is from a previous domain. The release operation is skipped.
Release of invalid GC handle native callstack: 
0x00007ff63674eb5d (Unity) StackWalker::GetCurrentCallstack
0x00007ff636753c39 (Unity) StackWalker::ShowCallstack
0x00007ff637744851 (Unity) GetStacktrace
0x00007ff63664ae8d (Unity) ScriptingGCHandle::ReleaseAndClear
0x00007ff636c1081c (Unity) UploadHandlerRaw::`vector deleting destructor'
0x00007ff636c113cd (Unity) UploadHandler::Release
0x00007ff636c0dc6d (Unity) UnityWebRequestProto<UnityWebRequestTransport,AtomicRefCounter,RedirectHelper,ResponseHelper,DownloadHandler,UploadHandler,CertificateHandler,HeaderHelper,AsyncOperation>::~UnityWebRequestProto<UnityWebRequestTransport,AtomicRefCounter,RedirectHelper,ResponseHelper,DownloadHandler,UploadHandler,CertificateHandler,HeaderHelper,AsyncOperation>
0x00007ff636c0df66 (Unity) UnityWebRequest::`vector deleting destructor'
0x00007ff6359640a7 (Unity) UnityWebRequestProto<UnityWebRequestTransport,AtomicRefCounter,RedirectHelper,ResponseHelper,DownloadHandler,UploadHandler,CertificateHandler,HeaderHelper,AsyncOperation>::Release
0x00007ff636c0f995 (Unity) UnityWebRequestAsyncOperation::InvokeCoroutine
0x00007ff636c0fb71 (Unity) UnityWebRequestProto<UnityWebRequestTransport,AtomicRefCounter,RedirectHelper,ResponseHelper,DownloadHandler,UploadHandler,CertificateHandler,HeaderHelper,AsyncOperation>::Job_InvokeCoroutine
0x00007ff636277d2a (Unity) BackgroundJobQueue::ExecuteMainThreadJobs
0x00007ff63632b49f (Unity) PreloadManager::WaitForAllAsyncOperationsToComplete
0x00007ff637aea248 (Unity) <lambda_b37b41f03089e3cb3f55061bbc93253d>::operator()
0x00007ff637b25a22 (Unity) asio::detail::completion_handler<core::mutable_function<void __cdecl(void)>,asio::io_context::basic_executor_type<std::allocator<void>,0> >::do_complete
0x00007ff637b1196e (Unity) asio::detail::win_iocp_io_context::do_one
0x00007ff637b135d4 (Unity) asio::detail::win_iocp_io_context::run
0x00007ff637b23dcc (Unity) IOService::Run
0x00007ff637af71cf (Unity) AssetImportWorkerClient::Run
0x00007ff637ac2b37 (Unity) RunAssetImportWorkerClientV2
0x00007ff637ac2bbb (Unity) RunAssetImporterV2
0x00007ff6372bba5e (Unity) Application::InitializeProject
0x00007ff63774f4e5 (Unity) WinMain
0x00007ff638b014de (Unity) __scrt_common_main_seh
0x00007ffd6b887374 (KERNEL32) BaseThreadInitThunk
0x00007ffd6d89cc91 (ntdll) RtlUserThreadStart
Unloading 1420 Unused Serialized files (Serialized files now loaded: 0)
Unloading 11 unused Assets / (26.6 KB). Loaded Objects now: 2203.
Memory consumption went from 108.1 MB to 108.0 MB.
Total: 4.018300 ms (FindLiveObjects: 0.192200 ms CreateObjectMapping: 0.069800 ms MarkObjects: 3.719700 ms  DeleteObjects: 0.035300 ms)

Prepare: number of updated asset objects reloaded= 1
AssetImportParameters requested are different than current active one (requested -> active):
  custom:video-encoder-webm-vp8: eb34c28f22e8b96e1ab97ce403110664 -> 
  custom:video-decoder-webm-vp8: 9c59270c3fd7afecdb556c50c9e8de78 -> 
  custom:audio-decoder-ogg-vorbis: bf7c407c2cedff20999df2af8eb42d56 -> 
  custom:scripting/monoscript/fileName/PlayerMovement2.cs: de5dad4c3545ad8f9f6984966a40b37a -> 
  custom:SearchIndexIgnoredProperties: e643bd26f0fe6173181afceb89e7c659 -> 
  custom:container-demuxer-ogg: 62fdf1f143b41e24485cea50d1cbac27 -> 
  custom:AudioImporter_EditorPlatform: d09bf68614088b80899f8185d706f6e7 -> 
  custom:CustomObjectIndexerAttribute: 9a22284fe3817be447336de3de66b15e -> 
  custom:container-demuxer-webm: 4f35f7cbe854078d1ac9338744f61a02 -> 
  custom:scripting/monoscript/fileName/Trunk.cs: 3c77c879876a19ef3d7b12fd707afdea -> 
  custom:scripting/monoscript/fileName/ChunkGenerator.cs: c34ac5ef3d79f6264782925317061fad -> 
  custom:video-decoder-ogg-theora: a1e56fd34408186e4bbccfd4996cb3dc -> 
  custom:audio-encoder-webm-vorbis: bf7c407c2cedff20999df2af8eb42d56 -> 
  custom:framework-win-MediaFoundation: 216162199b28c13a410421893ffa2e32 -> 
  custom:scripting/precompiled-assembly-types:Assembly-CSharp: d9892b3dad924f4ddb54efe5d606d426 -> 482e17d551b00cd7946e9d7b35e05131
  custom:scripting/monoscript/fileName/Chunk.cs: 2c601e55a29a773029fef31d3cc0f584 -> 
  custom:container-muxer-webm: aa71ff27fc2769a1b78a27578f13a17b -> 
========================================================================
Received Prepare
Caller must complete domain reload
Begin MonoManager ReloadAssembly
- Loaded All Assemblies, in  0.357 seconds
Native extension for WindowsStandalone target not found
Native extension for iOS target not found
Native extension for Android target not found
[Package Manager] Server::EnsureServerProcessIsRunning -- launch failed, reason: Unity was launched with the -noUpm command-line argument
[Package Manager] UpmClient::Send -- Unable to send message (not connected to UPM process).
[Package Manager] Cannot connect to Unity Package Manager local server
[Package Manager] Server::EnsureServerProcessIsRunning -- launch failed, reason: Unity was launched with the -noUpm command-line argument
[Package Manager] UpmClient::Send -- Unable to send message (not connected to UPM process).
[Package Manager] Cannot connect to Unity Package Manager local server
Failed to sync packages list
UnityEngine.StackTraceUtility:ExtractStackTrace ()
UnityEngine.DebugLogHandler:LogFormat (UnityEngine.LogType,UnityEngine.Object,string,object[])
UnityEngine.Logger:Log (UnityEngine.LogType,object)
UnityEngine.Debug:LogWarning (object)
 .  / :MoveNext ()
System.Runtime.CompilerServices.AsyncTaskMethodBuilder:Start< .  / > ( .  / &)
 .  :  ()
 .⁤/ :MoveNext ()
System.Runtime.CompilerServices.AsyncTaskMethodBuilder:Start< .⁤/ > ( .⁤/ &)
 .⁤:  ()
System.Reflection.RuntimeMethodInfo:Invoke (object,System.Reflection.BindingFlags,System.Reflection.Binder,object[],System.Globalization.CultureInfo)
System.Reflection.MethodBase:Invoke (object,object[])
UnityEditor.EditorAssemblies:ProcessInitializeOnLoadMethodAttributes ()

Mono: successfully reloaded assembly
- Finished resetting the current domain, in  0.713 seconds
Domain Reload Profiling: 1071ms
	BeginReloadAssembly (150ms)
		ExecutionOrderSort (0ms)
		DisableScriptedObjects (4ms)
		BackupInstance (0ms)
		ReleaseScriptingObjects (0ms)
		CreateAndSetChildDomain (41ms)
	RebuildCommonClasses (29ms)
	RebuildNativeTypeToScriptingClass (11ms)
	initialDomainReloadingComplete (27ms)
	LoadAllAssembliesAndSetupDomain (140ms)
		LoadAssemblies (195ms)
		RebuildTransferFunctionScriptingTraits (0ms)
		AnalyzeDomain (16ms)
			TypeCache.Refresh (7ms)
				TypeCache.ScanAssembly (0ms)
			ScanForSourceGeneratedMonoScriptInfo (6ms)
			ResolveRequiredComponents (2ms)
	FinalizeReload (714ms)
		ReleaseScriptCaches (0ms)
		RebuildScriptCaches (0ms)
		SetupLoadedEditorAssemblies (481ms)
			LogAssemblyErrors (0ms)
			InitializePlatformSupportModulesInManaged (31ms)
			SetLoadedEditorAssemblies (3ms)
			RefreshPlugins (0ms)
			BeforeProcessingInitializeOnLoad (41ms)
			ProcessInitializeOnLoadAttributes (364ms)
			ProcessInitializeOnLoadMethodAttributes (39ms)
			AfterProcessingInitializeOnLoad (2ms)
			EditorAssembliesLoaded (0ms)
		ExecutionOrderSort2 (0ms)
		AwakeInstancesAfterBackupRestoration (6ms)
Refreshing native plugins compatible for Editor in 0.97 ms, found 2 plugins.
Preloading 0 native plugins for Editor in 0.00 ms.
Release of invalid GC handle. The handle is from a previous domain. The release operation is skipped.
Release of invalid GC handle native callstack: 
0x00007ff63674eb5d (Unity) StackWalker::GetCurrentCallstack
0x00007ff636753c39 (Unity) StackWalker::ShowCallstack
0x00007ff637744851 (Unity) GetStacktrace
0x00007ff63664ae8d (Unity) ScriptingGCHandle::ReleaseAndClear
0x00007ff636c1081c (Unity) UploadHandlerRaw::`vector deleting destructor'
0x00007ff636c113cd (Unity) UploadHandler::Release
0x00007ff636c0dc6d (Unity) UnityWebRequestProto<UnityWebRequestTransport,AtomicRefCounter,RedirectHelper,ResponseHelper,DownloadHandler,UploadHandler,CertificateHandler,HeaderHelper,AsyncOperation>::~UnityWebRequestProto<UnityWebRequestTransport,AtomicRefCounter,RedirectHelper,ResponseHelper,DownloadHandler,UploadHandler,CertificateHandler,HeaderHelper,AsyncOperation>
0x00007ff636c0df66 (Unity) UnityWebRequest::`vector deleting destructor'
0x00007ff6359640a7 (Unity) UnityWebRequestProto<UnityWebRequestTransport,AtomicRefCounter,RedirectHelper,ResponseHelper,DownloadHandler,UploadHandler,CertificateHandler,HeaderHelper,AsyncOperation>::Release
0x00007ff636c0f995 (Unity) UnityWebRequestAsyncOperation::InvokeCoroutine
0x00007ff636c0fb71 (Unity) UnityWebRequestProto<UnityWebRequestTransport,AtomicRefCounter,RedirectHelper,ResponseHelper,DownloadHandler,UploadHandler,CertificateHandler,HeaderHelper,AsyncOperation>::Job_InvokeCoroutine
0x00007ff636277d2a (Unity) BackgroundJobQueue::ExecuteMainThreadJobs
0x00007ff63632b49f (Unity) PreloadManager::WaitForAllAsyncOperationsToComplete
0x00007ff637aea248 (Unity) <lambda_b37b41f03089e3cb3f55061bbc93253d>::operator()
0x00007ff637b25a22 (Unity) asio::detail::completion_handler<core::mutable_function<void __cdecl(void)>,asio::io_context::basic_executor_type<std::allocator<void>,0> >::do_complete
0x00007ff637b1196e (Unity) asio::detail::win_iocp_io_context::do_one
0x00007ff637b135d4 (Unity) asio::detail::win_iocp_io_context::run
0x00007ff637b23dcc (Unity) IOService::Run
0x00007ff637af71cf (Unity) AssetImportWorkerClient::Run
0x00007ff637ac2b37 (Unity) RunAssetImportWorkerClientV2
0x00007ff637ac2bbb (Unity) RunAssetImporterV2
0x00007ff6372bba5e (Unity) Application::InitializeProject
0x00007ff63774f4e5 (Unity) WinMain
0x00007ff638b014de (Unity) __scrt_common_main_seh
0x00007ffd6b887374 (KERNEL32) BaseThreadInitThunk
0x00007ffd6d89cc91 (ntdll) RtlUserThreadStart
Unloading 1420 Unused Serialized files (Serialized files now loaded: 0)
Unloading 11 unused Assets / (26.7 KB). Loaded Objects now: 2208.
Memory consumption went from 108.2 MB to 108.2 MB.
Total: 2.685100 ms (FindLiveObjects: 0.137500 ms CreateObjectMapping: 0.039600 ms MarkObjects: 2.467600 ms  DeleteObjects: 0.039400 ms)

Prepare: number of updated asset objects reloaded= 0
AssetImportParameters requested are different than current active one (requested -> active):
  custom:video-encoder-webm-vp8: eb34c28f22e8b96e1ab97ce403110664 -> 
  custom:video-decoder-webm-vp8: 9c59270c3fd7afecdb556c50c9e8de78 -> 
  custom:audio-decoder-ogg-vorbis: bf7c407c2cedff20999df2af8eb42d56 -> 
  custom:scripting/monoscript/fileName/PlayerMovement2.cs: de5dad4c3545ad8f9f6984966a40b37a -> 
  custom:SearchIndexIgnoredProperties: e643bd26f0fe6173181afceb89e7c659 -> 
  custom:container-demuxer-ogg: 62fdf1f143b41e24485cea50d1cbac27 -> 
  custom:AudioImporter_EditorPlatform: d09bf68614088b80899f8185d706f6e7 -> 
  custom:CustomObjectIndexerAttribute: 9a22284fe3817be447336de3de66b15e -> 
  custom:container-demuxer-webm: 4f35f7cbe854078d1ac9338744f61a02 -> 
  custom:scripting/monoscript/fileName/Trunk.cs: 3c77c879876a19ef3d7b12fd707afdea -> 
  custom:scripting/monoscript/fileName/ChunkGenerator.cs: c34ac5ef3d79f6264782925317061fad -> 
  custom:video-decoder-ogg-theora: a1e56fd34408186e4bbccfd4996cb3dc -> 
  custom:audio-encoder-webm-vorbis: bf7c407c2cedff20999df2af8eb42d56 -> 
  custom:framework-win-MediaFoundation: 216162199b28c13a410421893ffa2e32 -> 
  custom:scripting/precompiled-assembly-types:Assembly-CSharp: d9892b3dad924f4ddb54efe5d606d426 -> 482e17d551b00cd7946e9d7b35e05131
  custom:scripting/monoscript/fileName/Chunk.cs: 2c601e55a29a773029fef31d3cc0f584 -> 
  custom:container-muxer-webm: aa71ff27fc2769a1b78a27578f13a17b -> 
========================================================================
Received Prepare
Caller must complete domain reload
Begin MonoManager ReloadAssembly
- Loaded All Assemblies, in  0.338 seconds
Native extension for WindowsStandalone target not found
Native extension for iOS target not found
Native extension for Android target not found
[Package Manager] Server::EnsureServerProcessIsRunning -- launch failed, reason: Unity was launched with the -noUpm command-line argument
[Package Manager] UpmClient::Send -- Unable to send message (not connected to UPM process).
[Package Manager] Cannot connect to Unity Package Manager local server
[Package Manager] Server::EnsureServerProcessIsRunning -- launch failed, reason: Unity was launched with the -noUpm command-line argument
[Package Manager] UpmClient::Send -- Unable to send message (not connected to UPM process).
[Package Manager] Cannot connect to Unity Package Manager local server
Failed to sync packages list
UnityEngine.StackTraceUtility:ExtractStackTrace ()
UnityEngine.DebugLogHandler:LogFormat (UnityEngine.LogType,UnityEngine.Object,string,object[])
UnityEngine.Logger:Log (UnityEngine.LogType,object)
UnityEngine.Debug:LogWarning (object)
 .  / :MoveNext ()
System.Runtime.CompilerServices.AsyncTaskMethodBuilder:Start< .  / > ( .  / &)
 .  :  ()
 .⁤/ :MoveNext ()
System.Runtime.CompilerServices.AsyncTaskMethodBuilder:Start< .⁤/ > ( .⁤/ &)
 .⁤:  ()
System.Reflection.RuntimeMethodInfo:Invoke (object,System.Reflection.BindingFlags,System.Reflection.Binder,object[],System.Globalization.CultureInfo)
System.Reflection.MethodBase:Invoke (object,object[])
UnityEditor.EditorAssemblies:ProcessInitializeOnLoadMethodAttributes ()

Mono: successfully reloaded assembly
- Finished resetting the current domain, in  0.673 seconds
Domain Reload Profiling: 1011ms
	BeginReloadAssembly (134ms)
		ExecutionOrderSort (0ms)
		DisableScriptedObjects (3ms)
		BackupInstance (0ms)
		ReleaseScriptingObjects (0ms)
		CreateAndSetChildDomain (35ms)
	RebuildCommonClasses (30ms)
	RebuildNativeTypeToScriptingClass (10ms)
	initialDomainReloadingComplete (27ms)
	LoadAllAssembliesAndSetupDomain (137ms)
		LoadAssemblies (195ms)
		RebuildTransferFunctionScriptingTraits (0ms)
		AnalyzeDomain (8ms)
			TypeCache.Refresh (5ms)
				TypeCache.ScanAssembly (0ms)
			ScanForSourceGeneratedMonoScriptInfo (0ms)
			ResolveRequiredComponents (2ms)
	FinalizeReload (673ms)
		ReleaseScriptCaches (0ms)
		RebuildScriptCaches (0ms)
		SetupLoadedEditorAssemblies (459ms)
			LogAssemblyErrors (0ms)
			InitializePlatformSupportModulesInManaged (21ms)
			SetLoadedEditorAssemblies (3ms)
			RefreshPlugins (0ms)
			BeforeProcessingInitializeOnLoad (35ms)
			ProcessInitializeOnLoadAttributes (360ms)
			ProcessInitializeOnLoadMethodAttributes (38ms)
			AfterProcessingInitializeOnLoad (2ms)
			EditorAssembliesLoaded (0ms)
		ExecutionOrderSort2 (0ms)
		AwakeInstancesAfterBackupRestoration (6ms)
Refreshing native plugins compatible for Editor in 1.10 ms, found 2 plugins.
Preloading 0 native plugins for Editor in 0.00 ms.
Release of invalid GC handle. The handle is from a previous domain. The release operation is skipped.
Release of invalid GC handle native callstack: 
0x00007ff63674eb5d (Unity) StackWalker::GetCurrentCallstack
0x00007ff636753c39 (Unity) StackWalker::ShowCallstack
0x00007ff637744851 (Unity) GetStacktrace
0x00007ff63664ae8d (Unity) ScriptingGCHandle::ReleaseAndClear
0x00007ff636c1081c (Unity) UploadHandlerRaw::`vector deleting destructor'
0x00007ff636c113cd (Unity) UploadHandler::Release
0x00007ff636c0dc6d (Unity) UnityWebRequestProto<UnityWebRequestTransport,AtomicRefCounter,RedirectHelper,ResponseHelper,DownloadHandler,UploadHandler,CertificateHandler,HeaderHelper,AsyncOperation>::~UnityWebRequestProto<UnityWebRequestTransport,AtomicRefCounter,RedirectHelper,ResponseHelper,DownloadHandler,UploadHandler,CertificateHandler,HeaderHelper,AsyncOperation>
0x00007ff636c0df66 (Unity) UnityWebRequest::`vector deleting destructor'
0x00007ff6359640a7 (Unity) UnityWebRequestProto<UnityWebRequestTransport,AtomicRefCounter,RedirectHelper,ResponseHelper,DownloadHandler,UploadHandler,CertificateHandler,HeaderHelper,AsyncOperation>::Release
0x00007ff636c0f995 (Unity) UnityWebRequestAsyncOperation::InvokeCoroutine
0x00007ff636c0fb71 (Unity) UnityWebRequestProto<UnityWebRequestTransport,AtomicRefCounter,RedirectHelper,ResponseHelper,DownloadHandler,UploadHandler,CertificateHandler,HeaderHelper,AsyncOperation>::Job_InvokeCoroutine
0x00007ff636277d2a (Unity) BackgroundJobQueue::ExecuteMainThreadJobs
0x00007ff63632b49f (Unity) PreloadManager::WaitForAllAsyncOperationsToComplete
0x00007ff637aea248 (Unity) <lambda_b37b41f03089e3cb3f55061bbc93253d>::operator()
0x00007ff637b25a22 (Unity) asio::detail::completion_handler<core::mutable_function<void __cdecl(void)>,asio::io_context::basic_executor_type<std::allocator<void>,0> >::do_complete
0x00007ff637b1196e (Unity) asio::detail::win_iocp_io_context::do_one
0x00007ff637b135d4 (Unity) asio::detail::win_iocp_io_context::run
0x00007ff637b23dcc (Unity) IOService::Run
0x00007ff637af71cf (Unity) AssetImportWorkerClient::Run
0x00007ff637ac2b37 (Unity) RunAssetImportWorkerClientV2
0x00007ff637ac2bbb (Unity) RunAssetImporterV2
0x00007ff6372bba5e (Unity) Application::InitializeProject
0x00007ff63774f4e5 (Unity) WinMain
0x00007ff638b014de (Unity) __scrt_common_main_seh
0x00007ffd6b887374 (KERNEL32) BaseThreadInitThunk
0x00007ffd6d89cc91 (ntdll) RtlUserThreadStart
Unloading 1420 Unused Serialized files (Serialized files now loaded: 0)
Unloading 11 unused Assets / (26.6 KB). Loaded Objects now: 2213.
Memory consumption went from 108.4 MB to 108.3 MB.
Total: 2.713400 ms (FindLiveObjects: 0.146300 ms CreateObjectMapping: 0.032900 ms MarkObjects: 2.502900 ms  DeleteObjects: 0.030300 ms)

Prepare: number of updated asset objects reloaded= 0
AssetImportParameters requested are different than current active one (requested -> active):
  custom:video-encoder-webm-vp8: eb34c28f22e8b96e1ab97ce403110664 -> 
  custom:video-decoder-webm-vp8: 9c59270c3fd7afecdb556c50c9e8de78 -> 
  custom:audio-decoder-ogg-vorbis: bf7c407c2cedff20999df2af8eb42d56 -> 
  custom:scripting/monoscript/fileName/PlayerMovement2.cs: de5dad4c3545ad8f9f6984966a40b37a -> 
  custom:SearchIndexIgnoredProperties: e643bd26f0fe6173181afceb89e7c659 -> 
  custom:container-demuxer-ogg: 62fdf1f143b41e24485cea50d1cbac27 -> 
  custom:AudioImporter_EditorPlatform: d09bf68614088b80899f8185d706f6e7 -> 
  custom:CustomObjectIndexerAttribute: 9a22284fe3817be447336de3de66b15e -> 
  custom:container-demuxer-webm: 4f35f7cbe854078d1ac9338744f61a02 -> 
  custom:scripting/monoscript/fileName/Trunk.cs: 3c77c879876a19ef3d7b12fd707afdea -> 
  custom:scripting/monoscript/fileName/ChunkGenerator.cs: c34ac5ef3d79f6264782925317061fad -> 
  custom:video-decoder-ogg-theora: a1e56fd34408186e4bbccfd4996cb3dc -> 
  custom:audio-encoder-webm-vorbis: bf7c407c2cedff20999df2af8eb42d56 -> 
  custom:framework-win-MediaFoundation: 216162199b28c13a410421893ffa2e32 -> 
  custom:scripting/precompiled-assembly-types:Assembly-CSharp: d9892b3dad924f4ddb54efe5d606d426 -> 482e17d551b00cd7946e9d7b35e05131
  custom:scripting/monoscript/fileName/Chunk.cs: 2c601e55a29a773029fef31d3cc0f584 -> 
  custom:container-muxer-webm: aa71ff27fc2769a1b78a27578f13a17b -> 
========================================================================
Received Prepare
Caller must complete domain reload
Begin MonoManager ReloadAssembly
- Loaded All Assemblies, in  0.398 seconds
Native extension for WindowsStandalone target not found
Native extension for iOS target not found
Native extension for Android target not found
[Package Manager] Server::EnsureServerProcessIsRunning -- launch failed, reason: Unity was launched with the -noUpm command-line argument
[Package Manager] UpmClient::Send -- Unable to send message (not connected to UPM process).
[Package Manager] Cannot connect to Unity Package Manager local server
[Package Manager] Server::EnsureServerProcessIsRunning -- launch failed, reason: Unity was launched with the -noUpm command-line argument
[Package Manager] UpmClient::Send -- Unable to send message (not connected to UPM process).
[Package Manager] Cannot connect to Unity Package Manager local server
Failed to sync packages list
UnityEngine.StackTraceUtility:ExtractStackTrace ()
UnityEngine.DebugLogHandler:LogFormat (UnityEngine.LogType,UnityEngine.Object,string,object[])
UnityEngine.Logger:Log (UnityEngine.LogType,object)
UnityEngine.Debug:LogWarning (object)
 .  / :MoveNext ()
System.Runtime.CompilerServices.AsyncTaskMethodBuilder:Start< .  / > ( .  / &)
 .  :  ()
 .⁤/ :MoveNext ()
System.Runtime.CompilerServices.AsyncTaskMethodBuilder:Start< .⁤/ > ( .⁤/ &)
 .⁤:  ()
System.Reflection.RuntimeMethodInfo:Invoke (object,System.Reflection.BindingFlags,System.Reflection.Binder,object[],System.Globalization.CultureInfo)
System.Reflection.MethodBase:Invoke (object,object[])
UnityEditor.EditorAssemblies:ProcessInitializeOnLoadMethodAttributes ()

Mono: successfully reloaded assembly
- Finished resetting the current domain, in  0.759 seconds
Domain Reload Profiling: 1157ms
	BeginReloadAssembly (155ms)
		ExecutionOrderSort (0ms)
		DisableScriptedObjects (4ms)
		BackupInstance (0ms)
		ReleaseScriptingObjects (0ms)
		CreateAndSetChildDomain (39ms)
	RebuildCommonClasses (37ms)
	RebuildNativeTypeToScriptingClass (11ms)
	initialDomainReloadingComplete (22ms)
	LoadAllAssembliesAndSetupDomain (171ms)
		LoadAssemblies (228ms)
		RebuildTransferFunctionScriptingTraits (0ms)
		AnalyzeDomain (21ms)
			TypeCache.Refresh (9ms)
				TypeCache.ScanAssembly (0ms)
			ScanForSourceGeneratedMonoScriptInfo (7ms)
			ResolveRequiredComponents (2ms)
	FinalizeReload (760ms)
		ReleaseScriptCaches (0ms)
		RebuildScriptCaches (0ms)
		SetupLoadedEditorAssemblies (485ms)
			LogAssemblyErrors (0ms)
			InitializePlatformSupportModulesInManaged (22ms)
			SetLoadedEditorAssemblies (3ms)
			RefreshPlugins (0ms)
			BeforeProcessingInitializeOnLoad (38ms)
			ProcessInitializeOnLoadAttributes (381ms)
			ProcessInitializeOnLoadMethodAttributes (39ms)
			AfterProcessingInitializeOnLoad (2ms)
			EditorAssembliesLoaded (0ms)
		ExecutionOrderSort2 (0ms)
		AwakeInstancesAfterBackupRestoration (6ms)
Refreshing native plugins compatible for Editor in 1.26 ms, found 2 plugins.
Preloading 0 native plugins for Editor in 0.00 ms.
Release of invalid GC handle. The handle is from a previous domain. The release operation is skipped.
Release of invalid GC handle native callstack: 
0x00007ff63674eb5d (Unity) StackWalker::GetCurrentCallstack
0x00007ff636753c39 (Unity) StackWalker::ShowCallstack
0x00007ff637744851 (Unity) GetStacktrace
0x00007ff63664ae8d (Unity) ScriptingGCHandle::ReleaseAndClear
0x00007ff636c1081c (Unity) UploadHandlerRaw::`vector deleting destructor'
0x00007ff636c113cd (Unity) UploadHandler::Release
0x00007ff636c0dc6d (Unity) UnityWebRequestProto<UnityWebRequestTransport,AtomicRefCounter,RedirectHelper,ResponseHelper,DownloadHandler,UploadHandler,CertificateHandler,HeaderHelper,AsyncOperation>::~UnityWebRequestProto<UnityWebRequestTransport,AtomicRefCounter,RedirectHelper,ResponseHelper,DownloadHandler,UploadHandler,CertificateHandler,HeaderHelper,AsyncOperation>
0x00007ff636c0df66 (Unity) UnityWebRequest::`vector deleting destructor'
0x00007ff6359640a7 (Unity) UnityWebRequestProto<UnityWebRequestTransport,AtomicRefCounter,RedirectHelper,ResponseHelper,DownloadHandler,UploadHandler,CertificateHandler,HeaderHelper,AsyncOperation>::Release
0x00007ff636c0f995 (Unity) UnityWebRequestAsyncOperation::InvokeCoroutine
0x00007ff636c0fb71 (Unity) UnityWebRequestProto<UnityWebRequestTransport,AtomicRefCounter,RedirectHelper,ResponseHelper,DownloadHandler,UploadHandler,CertificateHandler,HeaderHelper,AsyncOperation>::Job_InvokeCoroutine
0x00007ff636277d2a (Unity) BackgroundJobQueue::ExecuteMainThreadJobs
0x00007ff63632b49f (Unity) PreloadManager::WaitForAllAsyncOperationsToComplete
0x00007ff637aea248 (Unity) <lambda_b37b41f03089e3cb3f55061bbc93253d>::operator()
0x00007ff637b25a22 (Unity) asio::detail::completion_handler<core::mutable_function<void __cdecl(void)>,asio::io_context::basic_executor_type<std::allocator<void>,0> >::do_complete
0x00007ff637b1196e (Unity) asio::detail::win_iocp_io_context::do_one
0x00007ff637b135d4 (Unity) asio::detail::win_iocp_io_context::run
0x00007ff637b23dcc (Unity) IOService::Run
0x00007ff637af71cf (Unity) AssetImportWorkerClient::Run
0x00007ff637ac2b37 (Unity) RunAssetImportWorkerClientV2
0x00007ff637ac2bbb (Unity) RunAssetImporterV2
0x00007ff6372bba5e (Unity) Application::InitializeProject
0x00007ff63774f4e5 (Unity) WinMain
0x00007ff638b014de (Unity) __scrt_common_main_seh
0x00007ffd6b887374 (KERNEL32) BaseThreadInitThunk
0x00007ffd6d89cc91 (ntdll) RtlUserThreadStart
Unloading 1420 Unused Serialized files (Serialized files now loaded: 0)
Unloading 11 unused Assets / (26.7 KB). Loaded Objects now: 2218.
Memory consumption went from 108.5 MB to 108.5 MB.
Total: 3.713600 ms (FindLiveObjects: 0.143100 ms CreateObjectMapping: 0.043800 ms MarkObjects: 3.484500 ms  DeleteObjects: 0.041100 ms)

Prepare: number of updated asset objects reloaded= 1
AssetImportParameters requested are different than current active one (requested -> active):
  custom:video-encoder-webm-vp8: eb34c28f22e8b96e1ab97ce403110664 -> 
  custom:video-decoder-webm-vp8: 9c59270c3fd7afecdb556c50c9e8de78 -> 
  custom:audio-decoder-ogg-vorbis: bf7c407c2cedff20999df2af8eb42d56 -> 
  custom:scripting/monoscript/fileName/PlayerMovement2.cs: de5dad4c3545ad8f9f6984966a40b37a -> 
  custom:SearchIndexIgnoredProperties: e643bd26f0fe6173181afceb89e7c659 -> 
  custom:container-demuxer-ogg: 62fdf1f143b41e24485cea50d1cbac27 -> 
  custom:AudioImporter_EditorPlatform: d09bf68614088b80899f8185d706f6e7 -> 
  custom:CustomObjectIndexerAttribute: 9a22284fe3817be447336de3de66b15e -> 
  custom:container-demuxer-webm: 4f35f7cbe854078d1ac9338744f61a02 -> 
  custom:scripting/monoscript/fileName/Trunk.cs: 3c77c879876a19ef3d7b12fd707afdea -> 
  custom:scripting/monoscript/fileName/ChunkGenerator.cs: c34ac5ef3d79f6264782925317061fad -> 
  custom:video-decoder-ogg-theora: a1e56fd34408186e4bbccfd4996cb3dc -> 
  custom:audio-encoder-webm-vorbis: bf7c407c2cedff20999df2af8eb42d56 -> 
  custom:framework-win-MediaFoundation: 216162199b28c13a410421893ffa2e32 -> 
  custom:scripting/precompiled-assembly-types:Assembly-CSharp: d9892b3dad924f4ddb54efe5d606d426 -> 482e17d551b00cd7946e9d7b35e05131
  custom:scripting/monoscript/fileName/Chunk.cs: 2c601e55a29a773029fef31d3cc0f584 -> 
  custom:container-muxer-webm: aa71ff27fc2769a1b78a27578f13a17b -> 
========================================================================
Received Prepare
Caller must complete domain reload
Begin MonoManager ReloadAssembly
- Loaded All Assemblies, in  0.390 seconds
Native extension for WindowsStandalone target not found
Native extension for iOS target not found
Native extension for Android target not found
[Package Manager] Server::EnsureServerProcessIsRunning -- launch failed, reason: Unity was launched with the -noUpm command-line argument
[Package Manager] UpmClient::Send -- Unable to send message (not connected to UPM process).
[Package Manager] Cannot connect to Unity Package Manager local server
[Package Manager] Server::EnsureServerProcessIsRunning -- launch failed, reason: Unity was launched with the -noUpm command-line argument
[Package Manager] UpmClient::Send -- Unable to send message (not connected to UPM process).
[Package Manager] Cannot connect to Unity Package Manager local server
Failed to sync packages list
UnityEngine.StackTraceUtility:ExtractStackTrace ()
UnityEngine.DebugLogHandler:LogFormat (UnityEngine.LogType,UnityEngine.Object,string,object[])
UnityEngine.Logger:Log (UnityEngine.LogType,object)
UnityEngine.Debug:LogWarning (object)
 .  / :MoveNext ()
System.Runtime.CompilerServices.AsyncTaskMethodBuilder:Start< .  / > ( .  / &)
 .  :  ()
 .⁤/ :MoveNext ()
System.Runtime.CompilerServices.AsyncTaskMethodBuilder:Start< .⁤/ > ( .⁤/ &)
 .⁤:  ()
System.Reflection.RuntimeMethodInfo:Invoke (object,System.Reflection.BindingFlags,System.Reflection.Binder,object[],System.Globalization.CultureInfo)
System.Reflection.MethodBase:Invoke (object,object[])
UnityEditor.EditorAssemblies:ProcessInitializeOnLoadMethodAttributes ()

Mono: successfully reloaded assembly
- Finished resetting the current domain, in  0.817 seconds
Domain Reload Profiling: 1208ms
	BeginReloadAssembly (156ms)
		ExecutionOrderSort (0ms)
		DisableScriptedObjects (4ms)
		BackupInstance (0ms)
		ReleaseScriptingObjects (0ms)
		CreateAndSetChildDomain (42ms)
	RebuildCommonClasses (42ms)
	RebuildNativeTypeToScriptingClass (13ms)
	initialDomainReloadingComplete (22ms)
	LoadAllAssembliesAndSetupDomain (157ms)
		LoadAssemblies (211ms)
		RebuildTransferFunctionScriptingTraits (0ms)
		AnalyzeDomain (22ms)
			TypeCache.Refresh (7ms)
				TypeCache.ScanAssembly (0ms)
			ScanForSourceGeneratedMonoScriptInfo (10ms)
			ResolveRequiredComponents (3ms)
	FinalizeReload (818ms)
		ReleaseScriptCaches (0ms)
		RebuildScriptCaches (0ms)
		SetupLoadedEditorAssemblies (544ms)
			LogAssemblyErrors (0ms)
			InitializePlatformSupportModulesInManaged (21ms)
			SetLoadedEditorAssemblies (2ms)
			RefreshPlugins (0ms)
			BeforeProcessingInitializeOnLoad (43ms)
			ProcessInitializeOnLoadAttributes (426ms)
			ProcessInitializeOnLoadMethodAttributes (50ms)
			AfterProcessingInitializeOnLoad (3ms)
			EditorAssembliesLoaded (0ms)
		ExecutionOrderSort2 (0ms)
		AwakeInstancesAfterBackupRestoration (9ms)
Refreshing native plugins compatible for Editor in 1.10 ms, found 2 plugins.
Preloading 0 native plugins for Editor in 0.00 ms.
Release of invalid GC handle. The handle is from a previous domain. The release operation is skipped.
Release of invalid GC handle native callstack: 
0x00007ff63674eb5d (Unity) StackWalker::GetCurrentCallstack
0x00007ff636753c39 (Unity) StackWalker::ShowCallstack
0x00007ff637744851 (Unity) GetStacktrace
0x00007ff63664ae8d (Unity) ScriptingGCHandle::ReleaseAndClear
0x00007ff636c1081c (Unity) UploadHandlerRaw::`vector deleting destructor'
0x00007ff636c113cd (Unity) UploadHandler::Release
0x00007ff636c0dc6d (Unity) UnityWebRequestProto<UnityWebRequestTransport,AtomicRefCounter,RedirectHelper,ResponseHelper,DownloadHandler,UploadHandler,CertificateHandler,HeaderHelper,AsyncOperation>::~UnityWebRequestProto<UnityWebRequestTransport,AtomicRefCounter,RedirectHelper,ResponseHelper,DownloadHandler,UploadHandler,CertificateHandler,HeaderHelper,AsyncOperation>
0x00007ff636c0df66 (Unity) UnityWebRequest::`vector deleting destructor'
0x00007ff6359640a7 (Unity) UnityWebRequestProto<UnityWebRequestTransport,AtomicRefCounter,RedirectHelper,ResponseHelper,DownloadHandler,UploadHandler,CertificateHandler,HeaderHelper,AsyncOperation>::Release
0x00007ff636c0f995 (Unity) UnityWebRequestAsyncOperation::InvokeCoroutine
0x00007ff636c0fb71 (Unity) UnityWebRequestProto<UnityWebRequestTransport,AtomicRefCounter,RedirectHelper,ResponseHelper,DownloadHandler,UploadHandler,CertificateHandler,HeaderHelper,AsyncOperation>::Job_InvokeCoroutine
0x00007ff636277d2a (Unity) BackgroundJobQueue::ExecuteMainThreadJobs
0x00007ff63632b49f (Unity) PreloadManager::WaitForAllAsyncOperationsToComplete
0x00007ff637aea248 (Unity) <lambda_b37b41f03089e3cb3f55061bbc93253d>::operator()
0x00007ff637b25a22 (Unity) asio::detail::completion_handler<core::mutable_function<void __cdecl(void)>,asio::io_context::basic_executor_type<std::allocator<void>,0> >::do_complete
0x00007ff637b1196e (Unity) asio::detail::win_iocp_io_context::do_one
0x00007ff637b135d4 (Unity) asio::detail::win_iocp_io_context::run
0x00007ff637b23dcc (Unity) IOService::Run
0x00007ff637af71cf (Unity) AssetImportWorkerClient::Run
0x00007ff637ac2b37 (Unity) RunAssetImportWorkerClientV2
0x00007ff637ac2bbb (Unity) RunAssetImporterV2
0x00007ff6372bba5e (Unity) Application::InitializeProject
0x00007ff63774f4e5 (Unity) WinMain
0x00007ff638b014de (Unity) __scrt_common_main_seh
0x00007ffd6b887374 (KERNEL32) BaseThreadInitThunk
0x00007ffd6d89cc91 (ntdll) RtlUserThreadStart
Unloading 1420 Unused Serialized files (Serialized files now loaded: 0)
Unloading 11 unused Assets / (26.7 KB). Loaded Objects now: 2223.
Memory consumption went from 108.7 MB to 108.7 MB.
Total: 3.090300 ms (FindLiveObjects: 0.240200 ms CreateObjectMapping: 0.097200 ms MarkObjects: 2.698800 ms  DeleteObjects: 0.052400 ms)

Prepare: number of updated asset objects reloaded= 0
AssetImportParameters requested are different than current active one (requested -> active):
  custom:video-encoder-webm-vp8: eb34c28f22e8b96e1ab97ce403110664 -> 
  custom:video-decoder-webm-vp8: 9c59270c3fd7afecdb556c50c9e8de78 -> 
  custom:audio-decoder-ogg-vorbis: bf7c407c2cedff20999df2af8eb42d56 -> 
  custom:scripting/monoscript/fileName/PlayerMovement2.cs: de5dad4c3545ad8f9f6984966a40b37a -> 
  custom:SearchIndexIgnoredProperties: e643bd26f0fe6173181afceb89e7c659 -> 
  custom:container-demuxer-ogg: 62fdf1f143b41e24485cea50d1cbac27 -> 
  custom:AudioImporter_EditorPlatform: d09bf68614088b80899f8185d706f6e7 -> 
  custom:CustomObjectIndexerAttribute: 9a22284fe3817be447336de3de66b15e -> 
  custom:container-demuxer-webm: 4f35f7cbe854078d1ac9338744f61a02 -> 
  custom:scripting/monoscript/fileName/Trunk.cs: 3c77c879876a19ef3d7b12fd707afdea -> 
  custom:scripting/monoscript/fileName/ChunkGenerator.cs: c34ac5ef3d79f6264782925317061fad -> 
  custom:video-decoder-ogg-theora: a1e56fd34408186e4bbccfd4996cb3dc -> 
  custom:audio-encoder-webm-vorbis: bf7c407c2cedff20999df2af8eb42d56 -> 
  custom:framework-win-MediaFoundation: 216162199b28c13a410421893ffa2e32 -> 
  custom:scripting/precompiled-assembly-types:Assembly-CSharp: d9892b3dad924f4ddb54efe5d606d426 -> 482e17d551b00cd7946e9d7b35e05131
  custom:scripting/monoscript/fileName/Chunk.cs: 2c601e55a29a773029fef31d3cc0f584 -> 
  custom:container-muxer-webm: aa71ff27fc2769a1b78a27578f13a17b -> 
========================================================================
Received Prepare
Caller must complete domain reload
Begin MonoManager ReloadAssembly
- Loaded All Assemblies, in  0.402 seconds
Native extension for WindowsStandalone target not found
Native extension for iOS target not found
Native extension for Android target not found
[Package Manager] Server::EnsureServerProcessIsRunning -- launch failed, reason: Unity was launched with the -noUpm command-line argument
[Package Manager] UpmClient::Send -- Unable to send message (not connected to UPM process).
[Package Manager] Cannot connect to Unity Package Manager local server
[Package Manager] Server::EnsureServerProcessIsRunning -- launch failed, reason: Unity was launched with the -noUpm command-line argument
[Package Manager] UpmClient::Send -- Unable to send message (not connected to UPM process).
[Package Manager] Cannot connect to Unity Package Manager local server
Failed to sync packages list
UnityEngine.StackTraceUtility:ExtractStackTrace ()
UnityEngine.DebugLogHandler:LogFormat (UnityEngine.LogType,UnityEngine.Object,string,object[])
UnityEngine.Logger:Log (UnityEngine.LogType,object)
UnityEngine.Debug:LogWarning (object)
 .  / :MoveNext ()
System.Runtime.CompilerServices.AsyncTaskMethodBuilder:Start< .  / > ( .  / &)
 .  :  ()
 .⁤/ :MoveNext ()
System.Runtime.CompilerServices.AsyncTaskMethodBuilder:Start< .⁤/ > ( .⁤/ &)
 .⁤:  ()
System.Reflection.RuntimeMethodInfo:Invoke (object,System.Reflection.BindingFlags,System.Reflection.Binder,object[],System.Globalization.CultureInfo)
System.Reflection.MethodBase:Invoke (object,object[])
UnityEditor.EditorAssemblies:ProcessInitializeOnLoadMethodAttributes ()

Mono: successfully reloaded assembly
- Finished resetting the current domain, in  0.753 seconds
Domain Reload Profiling: 1154ms
	BeginReloadAssembly (156ms)
		ExecutionOrderSort (0ms)
		DisableScriptedObjects (3ms)
		BackupInstance (0ms)
		ReleaseScriptingObjects (0ms)
		CreateAndSetChildDomain (40ms)
	RebuildCommonClasses (39ms)
	RebuildNativeTypeToScriptingClass (13ms)
	initialDomainReloadingComplete (27ms)
	LoadAllAssembliesAndSetupDomain (166ms)
		LoadAssemblies (242ms)
		RebuildTransferFunctionScriptingTraits (0ms)
		AnalyzeDomain (8ms)
			TypeCache.Refresh (5ms)
				TypeCache.ScanAssembly (0ms)
			ScanForSourceGeneratedMonoScriptInfo (0ms)
			ResolveRequiredComponents (2ms)
	FinalizeReload (753ms)
		ReleaseScriptCaches (0ms)
		RebuildScriptCaches (0ms)
		SetupLoadedEditorAssemblies (519ms)
			LogAssemblyErrors (0ms)
			InitializePlatformSupportModulesInManaged (23ms)
			SetLoadedEditorAssemblies (2ms)
			RefreshPlugins (0ms)
			BeforeProcessingInitializeOnLoad (39ms)
			ProcessInitializeOnLoadAttributes (410ms)
			ProcessInitializeOnLoadMethodAttributes (42ms)
			AfterProcessingInitializeOnLoad (2ms)
			EditorAssembliesLoaded (0ms)
		ExecutionOrderSort2 (0ms)
		AwakeInstancesAfterBackupRestoration (5ms)
Refreshing native plugins compatible for Editor in 1.78 ms, found 2 plugins.
Preloading 0 native plugins for Editor in 0.00 ms.
Release of invalid GC handle. The handle is from a previous domain. The release operation is skipped.
Release of invalid GC handle native callstack: 
0x00007ff63674eb5d (Unity) StackWalker::GetCurrentCallstack
0x00007ff636753c39 (Unity) StackWalker::ShowCallstack
0x00007ff637744851 (Unity) GetStacktrace
0x00007ff63664ae8d (Unity) ScriptingGCHandle::ReleaseAndClear
0x00007ff636c1081c (Unity) UploadHandlerRaw::`vector deleting destructor'
0x00007ff636c113cd (Unity) UploadHandler::Release
0x00007ff636c0dc6d (Unity) UnityWebRequestProto<UnityWebRequestTransport,AtomicRefCounter,RedirectHelper,ResponseHelper,DownloadHandler,UploadHandler,CertificateHandler,HeaderHelper,AsyncOperation>::~UnityWebRequestProto<UnityWebRequestTransport,AtomicRefCounter,RedirectHelper,ResponseHelper,DownloadHandler,UploadHandler,CertificateHandler,HeaderHelper,AsyncOperation>
0x00007ff636c0df66 (Unity) UnityWebRequest::`vector deleting destructor'
0x00007ff6359640a7 (Unity) UnityWebRequestProto<UnityWebRequestTransport,AtomicRefCounter,RedirectHelper,ResponseHelper,DownloadHandler,UploadHandler,CertificateHandler,HeaderHelper,AsyncOperation>::Release
0x00007ff636c0f995 (Unity) UnityWebRequestAsyncOperation::InvokeCoroutine
0x00007ff636c0fb71 (Unity) UnityWebRequestProto<UnityWebRequestTransport,AtomicRefCounter,RedirectHelper,ResponseHelper,DownloadHandler,UploadHandler,CertificateHandler,HeaderHelper,AsyncOperation>::Job_InvokeCoroutine
0x00007ff636277d2a (Unity) BackgroundJobQueue::ExecuteMainThreadJobs
0x00007ff63632b49f (Unity) PreloadManager::WaitForAllAsyncOperationsToComplete
0x00007ff637aea248 (Unity) <lambda_b37b41f03089e3cb3f55061bbc93253d>::operator()
0x00007ff637b25a22 (Unity) asio::detail::completion_handler<core::mutable_function<void __cdecl(void)>,asio::io_context::basic_executor_type<std::allocator<void>,0> >::do_complete
0x00007ff637b1196e (Unity) asio::detail::win_iocp_io_context::do_one
0x00007ff637b135d4 (Unity) asio::detail::win_iocp_io_context::run
0x00007ff637b23dcc (Unity) IOService::Run
0x00007ff637af71cf (Unity) AssetImportWorkerClient::Run
0x00007ff637ac2b37 (Unity) RunAssetImportWorkerClientV2
0x00007ff637ac2bbb (Unity) RunAssetImporterV2
0x00007ff6372bba5e (Unity) Application::InitializeProject
0x00007ff63774f4e5 (Unity) WinMain
0x00007ff638b014de (Unity) __scrt_common_main_seh
0x00007ffd6b887374 (KERNEL32) BaseThreadInitThunk
0x00007ffd6d89cc91 (ntdll) RtlUserThreadStart
Unloading 1420 Unused Serialized files (Serialized files now loaded: 0)
Unloading 11 unused Assets / (26.7 KB). Loaded Objects now: 2228.
Memory consumption went from 108.8 MB to 108.8 MB.
Total: 2.732500 ms (FindLiveObjects: 0.149300 ms CreateObjectMapping: 0.046300 ms MarkObjects: 2.502800 ms  DeleteObjects: 0.032900 ms)

Prepare: number of updated asset objects reloaded= 0
AssetImportParameters requested are different than current active one (requested -> active):
  custom:video-encoder-webm-vp8: eb34c28f22e8b96e1ab97ce403110664 -> 
  custom:video-decoder-webm-vp8: 9c59270c3fd7afecdb556c50c9e8de78 -> 
  custom:audio-decoder-ogg-vorbis: bf7c407c2cedff20999df2af8eb42d56 -> 
  custom:scripting/monoscript/fileName/PlayerMovement2.cs: de5dad4c3545ad8f9f6984966a40b37a -> 
  custom:SearchIndexIgnoredProperties: e643bd26f0fe6173181afceb89e7c659 -> 
  custom:container-demuxer-ogg: 62fdf1f143b41e24485cea50d1cbac27 -> 
  custom:AudioImporter_EditorPlatform: d09bf68614088b80899f8185d706f6e7 -> 
  custom:CustomObjectIndexerAttribute: 9a22284fe3817be447336de3de66b15e -> 
  custom:container-demuxer-webm: 4f35f7cbe854078d1ac9338744f61a02 -> 
  custom:scripting/monoscript/fileName/Trunk.cs: 3c77c879876a19ef3d7b12fd707afdea -> 
  custom:scripting/monoscript/fileName/ChunkGenerator.cs: c34ac5ef3d79f6264782925317061fad -> 
  custom:video-decoder-ogg-theora: a1e56fd34408186e4bbccfd4996cb3dc -> 
  custom:audio-encoder-webm-vorbis: bf7c407c2cedff20999df2af8eb42d56 -> 
  custom:framework-win-MediaFoundation: 216162199b28c13a410421893ffa2e32 -> 
  custom:scripting/precompiled-assembly-types:Assembly-CSharp: d9892b3dad924f4ddb54efe5d606d426 -> 482e17d551b00cd7946e9d7b35e05131
  custom:scripting/monoscript/fileName/Chunk.cs: 2c601e55a29a773029fef31d3cc0f584 -> 
  custom:container-muxer-webm: aa71ff27fc2769a1b78a27578f13a17b -> 
========================================================================
Received Prepare
Caller must complete domain reload
Begin MonoManager ReloadAssembly
- Loaded All Assemblies, in  0.392 seconds
Native extension for WindowsStandalone target not found
Native extension for iOS target not found
Native extension for Android target not found
[Package Manager] Server::EnsureServerProcessIsRunning -- launch failed, reason: Unity was launched with the -noUpm command-line argument
[Package Manager] UpmClient::Send -- Unable to send message (not connected to UPM process).
[Package Manager] Cannot connect to Unity Package Manager local server
[Package Manager] Server::EnsureServerProcessIsRunning -- launch failed, reason: Unity was launched with the -noUpm command-line argument
[Package Manager] UpmClient::Send -- Unable to send message (not connected to UPM process).
[Package Manager] Cannot connect to Unity Package Manager local server
Failed to sync packages list
UnityEngine.StackTraceUtility:ExtractStackTrace ()
UnityEngine.DebugLogHandler:LogFormat (UnityEngine.LogType,UnityEngine.Object,string,object[])
UnityEngine.Logger:Log (UnityEngine.LogType,object)
UnityEngine.Debug:LogWarning (object)
 .  / :MoveNext ()
System.Runtime.CompilerServices.AsyncTaskMethodBuilder:Start< .  / > ( .  / &)
 .  :  ()
 .⁤/ :MoveNext ()
System.Runtime.CompilerServices.AsyncTaskMethodBuilder:Start< .⁤/ > ( .⁤/ &)
 .⁤:  ()
System.Reflection.RuntimeMethodInfo:Invoke (object,System.Reflection.BindingFlags,System.Reflection.Binder,object[],System.Globalization.CultureInfo)
System.Reflection.MethodBase:Invoke (object,object[])
UnityEditor.EditorAssemblies:ProcessInitializeOnLoadMethodAttributes ()

Mono: successfully reloaded assembly
- Finished resetting the current domain, in  0.747 seconds
Domain Reload Profiling: 1139ms
	BeginReloadAssembly (152ms)
		ExecutionOrderSort (0ms)
		DisableScriptedObjects (6ms)
		BackupInstance (0ms)
		ReleaseScriptingObjects (0ms)
		CreateAndSetChildDomain (34ms)
	RebuildCommonClasses (42ms)
	RebuildNativeTypeToScriptingClass (10ms)
	initialDomainReloadingComplete (23ms)
	LoadAllAssembliesAndSetupDomain (165ms)
		LoadAssemblies (224ms)
		RebuildTransferFunctionScriptingTraits (0ms)
		AnalyzeDomain (23ms)
			TypeCache.Refresh (8ms)
				TypeCache.ScanAssembly (0ms)
			ScanForSourceGeneratedMonoScriptInfo (10ms)
			ResolveRequiredComponents (3ms)
	FinalizeReload (748ms)
		ReleaseScriptCaches (0ms)
		RebuildScriptCaches (0ms)
		SetupLoadedEditorAssemblies (481ms)
			LogAssemblyErrors (0ms)
			InitializePlatformSupportModulesInManaged (20ms)
			SetLoadedEditorAssemblies (2ms)
			RefreshPlugins (0ms)
			BeforeProcessingInitializeOnLoad (35ms)
			ProcessInitializeOnLoadAttributes (383ms)
			ProcessInitializeOnLoadMethodAttributes (40ms)
			AfterProcessingInitializeOnLoad (2ms)
			EditorAssembliesLoaded (0ms)
		ExecutionOrderSort2 (0ms)
		AwakeInstancesAfterBackupRestoration (5ms)
Refreshing native plugins compatible for Editor in 1.22 ms, found 2 plugins.
Preloading 0 native plugins for Editor in 0.00 ms.
Release of invalid GC handle. The handle is from a previous domain. The release operation is skipped.
Release of invalid GC handle native callstack: 
0x00007ff63674eb5d (Unity) StackWalker::GetCurrentCallstack
0x00007ff636753c39 (Unity) StackWalker::ShowCallstack
0x00007ff637744851 (Unity) GetStacktrace
0x00007ff63664ae8d (Unity) ScriptingGCHandle::ReleaseAndClear
0x00007ff636c1081c (Unity) UploadHandlerRaw::`vector deleting destructor'
0x00007ff636c113cd (Unity) UploadHandler::Release
0x00007ff636c0dc6d (Unity) UnityWebRequestProto<UnityWebRequestTransport,AtomicRefCounter,RedirectHelper,ResponseHelper,DownloadHandler,UploadHandler,CertificateHandler,HeaderHelper,AsyncOperation>::~UnityWebRequestProto<UnityWebRequestTransport,AtomicRefCounter,RedirectHelper,ResponseHelper,DownloadHandler,UploadHandler,CertificateHandler,HeaderHelper,AsyncOperation>
0x00007ff636c0df66 (Unity) UnityWebRequest::`vector deleting destructor'
0x00007ff6359640a7 (Unity) UnityWebRequestProto<UnityWebRequestTransport,AtomicRefCounter,RedirectHelper,ResponseHelper,DownloadHandler,UploadHandler,CertificateHandler,HeaderHelper,AsyncOperation>::Release
0x00007ff636c0f995 (Unity) UnityWebRequestAsyncOperation::InvokeCoroutine
0x00007ff636c0fb71 (Unity) UnityWebRequestProto<UnityWebRequestTransport,AtomicRefCounter,RedirectHelper,ResponseHelper,DownloadHandler,UploadHandler,CertificateHandler,HeaderHelper,AsyncOperation>::Job_InvokeCoroutine
0x00007ff636277d2a (Unity) BackgroundJobQueue::ExecuteMainThreadJobs
0x00007ff63632b49f (Unity) PreloadManager::WaitForAllAsyncOperationsToComplete
0x00007ff637aea248 (Unity) <lambda_b37b41f03089e3cb3f55061bbc93253d>::operator()
0x00007ff637b25a22 (Unity) asio::detail::completion_handler<core::mutable_function<void __cdecl(void)>,asio::io_context::basic_executor_type<std::allocator<void>,0> >::do_complete
0x00007ff637b1196e (Unity) asio::detail::win_iocp_io_context::do_one
0x00007ff637b135d4 (Unity) asio::detail::win_iocp_io_context::run
0x00007ff637b23dcc (Unity) IOService::Run
0x00007ff637af71cf (Unity) AssetImportWorkerClient::Run
0x00007ff637ac2b37 (Unity) RunAssetImportWorkerClientV2
0x00007ff637ac2bbb (Unity) RunAssetImporterV2
0x00007ff6372bba5e (Unity) Application::InitializeProject
0x00007ff63774f4e5 (Unity) WinMain
0x00007ff638b014de (Unity) __scrt_common_main_seh
0x00007ffd6b887374 (KERNEL32) BaseThreadInitThunk
0x00007ffd6d89cc91 (ntdll) RtlUserThreadStart
Unloading 1420 Unused Serialized files (Serialized files now loaded: 0)
Unloading 11 unused Assets / (26.7 KB). Loaded Objects now: 2233.
Memory consumption went from 109.0 MB to 109.0 MB.
Total: 5.904200 ms (FindLiveObjects: 0.338900 ms CreateObjectMapping: 0.122200 ms MarkObjects: 5.373700 ms  DeleteObjects: 0.068000 ms)

Prepare: number of updated asset objects reloaded= 0
AssetImportParameters requested are different than current active one (requested -> active):
  custom:video-encoder-webm-vp8: eb34c28f22e8b96e1ab97ce403110664 -> 
  custom:video-decoder-webm-vp8: 9c59270c3fd7afecdb556c50c9e8de78 -> 
  custom:audio-decoder-ogg-vorbis: bf7c407c2cedff20999df2af8eb42d56 -> 
  custom:scripting/monoscript/fileName/PlayerMovement2.cs: de5dad4c3545ad8f9f6984966a40b37a -> 
  custom:SearchIndexIgnoredProperties: e643bd26f0fe6173181afceb89e7c659 -> 
  custom:container-demuxer-ogg: 62fdf1f143b41e24485cea50d1cbac27 -> 
  custom:AudioImporter_EditorPlatform: d09bf68614088b80899f8185d706f6e7 -> 
  custom:CustomObjectIndexerAttribute: 9a22284fe3817be447336de3de66b15e -> 
  custom:container-demuxer-webm: 4f35f7cbe854078d1ac9338744f61a02 -> 
  custom:scripting/monoscript/fileName/Trunk.cs: 3c77c879876a19ef3d7b12fd707afdea -> 
  custom:scripting/monoscript/fileName/ChunkGenerator.cs: c34ac5ef3d79f6264782925317061fad -> 
  custom:video-decoder-ogg-theora: a1e56fd34408186e4bbccfd4996cb3dc -> 
  custom:audio-encoder-webm-vorbis: bf7c407c2cedff20999df2af8eb42d56 -> 
  custom:framework-win-MediaFoundation: 216162199b28c13a410421893ffa2e32 -> 
  custom:scripting/precompiled-assembly-types:Assembly-CSharp: d9892b3dad924f4ddb54efe5d606d426 -> 482e17d551b00cd7946e9d7b35e05131
  custom:scripting/monoscript/fileName/Chunk.cs: 2c601e55a29a773029fef31d3cc0f584 -> 
  custom:container-muxer-webm: aa71ff27fc2769a1b78a27578f13a17b -> 
========================================================================
Received Prepare
Caller must complete domain reload
Begin MonoManager ReloadAssembly
- Loaded All Assemblies, in  0.372 seconds
Native extension for WindowsStandalone target not found
Native extension for iOS target not found
Native extension for Android target not found
[Package Manager] Server::EnsureServerProcessIsRunning -- launch failed, reason: Unity was launched with the -noUpm command-line argument
[Package Manager] UpmClient::Send -- Unable to send message (not connected to UPM process).
[Package Manager] Cannot connect to Unity Package Manager local server
[Package Manager] Server::EnsureServerProcessIsRunning -- launch failed, reason: Unity was launched with the -noUpm command-line argument
[Package Manager] UpmClient::Send -- Unable to send message (not connected to UPM process).
[Package Manager] Cannot connect to Unity Package Manager local server
Failed to sync packages list
UnityEngine.StackTraceUtility:ExtractStackTrace ()
UnityEngine.DebugLogHandler:LogFormat (UnityEngine.LogType,UnityEngine.Object,string,object[])
UnityEngine.Logger:Log (UnityEngine.LogType,object)
UnityEngine.Debug:LogWarning (object)
 .  / :MoveNext ()
System.Runtime.CompilerServices.AsyncTaskMethodBuilder:Start< .  / > ( .  / &)
 .  :  ()
 .⁤/ :MoveNext ()
System.Runtime.CompilerServices.AsyncTaskMethodBuilder:Start< .⁤/ > ( .⁤/ &)
 .⁤:  ()
System.Reflection.RuntimeMethodInfo:Invoke (object,System.Reflection.BindingFlags,System.Reflection.Binder,object[],System.Globalization.CultureInfo)
System.Reflection.MethodBase:Invoke (object,object[])
UnityEditor.EditorAssemblies:ProcessInitializeOnLoadMethodAttributes ()

Mono: successfully reloaded assembly
- Finished resetting the current domain, in  0.768 seconds
Domain Reload Profiling: 1140ms
	BeginReloadAssembly (152ms)
		ExecutionOrderSort (0ms)
		DisableScriptedObjects (4ms)
		BackupInstance (0ms)
		ReleaseScriptingObjects (0ms)
		CreateAndSetChildDomain (37ms)
	RebuildCommonClasses (30ms)
	RebuildNativeTypeToScriptingClass (14ms)
	initialDomainReloadingComplete (21ms)
	LoadAllAssembliesAndSetupDomain (155ms)
		LoadAssemblies (225ms)
		RebuildTransferFunctionScriptingTraits (0ms)
		AnalyzeDomain (8ms)
			TypeCache.Refresh (4ms)
				TypeCache.ScanAssembly (0ms)
			ScanForSourceGeneratedMonoScriptInfo (0ms)
			ResolveRequiredComponents (2ms)
	FinalizeReload (768ms)
		ReleaseScriptCaches (0ms)
		RebuildScriptCaches (0ms)
		SetupLoadedEditorAssemblies (542ms)
			LogAssemblyErrors (0ms)
			InitializePlatformSupportModulesInManaged (22ms)
			SetLoadedEditorAssemblies (2ms)
			RefreshPlugins (0ms)
			BeforeProcessingInitializeOnLoad (42ms)
			ProcessInitializeOnLoadAttributes (428ms)
			ProcessInitializeOnLoadMethodAttributes (46ms)
			AfterProcessingInitializeOnLoad (2ms)
			EditorAssembliesLoaded (0ms)
		ExecutionOrderSort2 (0ms)
		AwakeInstancesAfterBackupRestoration (6ms)
Refreshing native plugins compatible for Editor in 0.97 ms, found 2 plugins.
Preloading 0 native plugins for Editor in 0.00 ms.
Release of invalid GC handle. The handle is from a previous domain. The release operation is skipped.
Release of invalid GC handle native callstack: 
0x00007ff63674eb5d (Unity) StackWalker::GetCurrentCallstack
0x00007ff636753c39 (Unity) StackWalker::ShowCallstack
0x00007ff637744851 (Unity) GetStacktrace
0x00007ff63664ae8d (Unity) ScriptingGCHandle::ReleaseAndClear
0x00007ff636c1081c (Unity) UploadHandlerRaw::`vector deleting destructor'
0x00007ff636c113cd (Unity) UploadHandler::Release
0x00007ff636c0dc6d (Unity) UnityWebRequestProto<UnityWebRequestTransport,AtomicRefCounter,RedirectHelper,ResponseHelper,DownloadHandler,UploadHandler,CertificateHandler,HeaderHelper,AsyncOperation>::~UnityWebRequestProto<UnityWebRequestTransport,AtomicRefCounter,RedirectHelper,ResponseHelper,DownloadHandler,UploadHandler,CertificateHandler,HeaderHelper,AsyncOperation>
0x00007ff636c0df66 (Unity) UnityWebRequest::`vector deleting destructor'
0x00007ff6359640a7 (Unity) UnityWebRequestProto<UnityWebRequestTransport,AtomicRefCounter,RedirectHelper,ResponseHelper,DownloadHandler,UploadHandler,CertificateHandler,HeaderHelper,AsyncOperation>::Release
0x00007ff636c0f995 (Unity) UnityWebRequestAsyncOperation::InvokeCoroutine
0x00007ff636c0fb71 (Unity) UnityWebRequestProto<UnityWebRequestTransport,AtomicRefCounter,RedirectHelper,ResponseHelper,DownloadHandler,UploadHandler,CertificateHandler,HeaderHelper,AsyncOperation>::Job_InvokeCoroutine
0x00007ff636277d2a (Unity) BackgroundJobQueue::ExecuteMainThreadJobs
0x00007ff63632b49f (Unity) PreloadManager::WaitForAllAsyncOperationsToComplete
0x00007ff637aea248 (Unity) <lambda_b37b41f03089e3cb3f55061bbc93253d>::operator()
0x00007ff637b25a22 (Unity) asio::detail::completion_handler<core::mutable_function<void __cdecl(void)>,asio::io_context::basic_executor_type<std::allocator<void>,0> >::do_complete
0x00007ff637b1196e (Unity) asio::detail::win_iocp_io_context::do_one
0x00007ff637b135d4 (Unity) asio::detail::win_iocp_io_context::run
0x00007ff637b23dcc (Unity) IOService::Run
0x00007ff637af71cf (Unity) AssetImportWorkerClient::Run
0x00007ff637ac2b37 (Unity) RunAssetImportWorkerClientV2
0x00007ff637ac2bbb (Unity) RunAssetImporterV2
0x00007ff6372bba5e (Unity) Application::InitializeProject
0x00007ff63774f4e5 (Unity) WinMain
0x00007ff638b014de (Unity) __scrt_common_main_seh
0x00007ffd6b887374 (KERNEL32) BaseThreadInitThunk
0x00007ffd6d89cc91 (ntdll) RtlUserThreadStart
Unloading 1420 Unused Serialized files (Serialized files now loaded: 0)
Unloading 11 unused Assets / (26.8 KB). Loaded Objects now: 2238.
Memory consumption went from 109.1 MB to 109.1 MB.
Total: 3.107900 ms (FindLiveObjects: 0.267400 ms CreateObjectMapping: 0.054700 ms MarkObjects: 2.745700 ms  DeleteObjects: 0.038400 ms)

Prepare: number of updated asset objects reloaded= 0
AssetImportParameters requested are different than current active one (requested -> active):
  custom:video-encoder-webm-vp8: eb34c28f22e8b96e1ab97ce403110664 -> 
  custom:video-decoder-webm-vp8: 9c59270c3fd7afecdb556c50c9e8de78 -> 
  custom:audio-decoder-ogg-vorbis: bf7c407c2cedff20999df2af8eb42d56 -> 
  custom:scripting/monoscript/fileName/PlayerMovement2.cs: de5dad4c3545ad8f9f6984966a40b37a -> 
  custom:SearchIndexIgnoredProperties: e643bd26f0fe6173181afceb89e7c659 -> 
  custom:container-demuxer-ogg: 62fdf1f143b41e24485cea50d1cbac27 -> 
  custom:AudioImporter_EditorPlatform: d09bf68614088b80899f8185d706f6e7 -> 
  custom:CustomObjectIndexerAttribute: 9a22284fe3817be447336de3de66b15e -> 
  custom:container-demuxer-webm: 4f35f7cbe854078d1ac9338744f61a02 -> 
  custom:scripting/monoscript/fileName/Trunk.cs: 3c77c879876a19ef3d7b12fd707afdea -> 
  custom:scripting/monoscript/fileName/ChunkGenerator.cs: c34ac5ef3d79f6264782925317061fad -> 
  custom:video-decoder-ogg-theora: a1e56fd34408186e4bbccfd4996cb3dc -> 
  custom:audio-encoder-webm-vorbis: bf7c407c2cedff20999df2af8eb42d56 -> 
  custom:framework-win-MediaFoundation: 216162199b28c13a410421893ffa2e32 -> 
  custom:scripting/precompiled-assembly-types:Assembly-CSharp: d9892b3dad924f4ddb54efe5d606d426 -> 482e17d551b00cd7946e9d7b35e05131
  custom:scripting/monoscript/fileName/Chunk.cs: 2c601e55a29a773029fef31d3cc0f584 -> 
  custom:container-muxer-webm: aa71ff27fc2769a1b78a27578f13a17b -> 
========================================================================
Received Prepare
Caller must complete domain reload
Begin MonoManager ReloadAssembly
- Loaded All Assemblies, in  0.418 seconds
Native extension for WindowsStandalone target not found
Native extension for iOS target not found
Native extension for Android target not found
[Package Manager] Server::EnsureServerProcessIsRunning -- launch failed, reason: Unity was launched with the -noUpm command-line argument
[Package Manager] UpmClient::Send -- Unable to send message (not connected to UPM process).
[Package Manager] Cannot connect to Unity Package Manager local server
[Package Manager] Server::EnsureServerProcessIsRunning -- launch failed, reason: Unity was launched with the -noUpm command-line argument
[Package Manager] UpmClient::Send -- Unable to send message (not connected to UPM process).
[Package Manager] Cannot connect to Unity Package Manager local server
Failed to sync packages list
UnityEngine.StackTraceUtility:ExtractStackTrace ()
UnityEngine.DebugLogHandler:LogFormat (UnityEngine.LogType,UnityEngine.Object,string,object[])
UnityEngine.Logger:Log (UnityEngine.LogType,object)
UnityEngine.Debug:LogWarning (object)
 .  / :MoveNext ()
System.Runtime.CompilerServices.AsyncTaskMethodBuilder:Start< .  / > ( .  / &)
 .  :  ()
 .⁤/ :MoveNext ()
System.Runtime.CompilerServices.AsyncTaskMethodBuilder:Start< .⁤/ > ( .⁤/ &)
 .⁤:  ()
System.Reflection.RuntimeMethodInfo:Invoke (object,System.Reflection.BindingFlags,System.Reflection.Binder,object[],System.Globalization.CultureInfo)
System.Reflection.MethodBase:Invoke (object,object[])
UnityEditor.EditorAssemblies:ProcessInitializeOnLoadMethodAttributes ()

Mono: successfully reloaded assembly
- Finished resetting the current domain, in  0.790 seconds
Domain Reload Profiling: 1208ms
	BeginReloadAssembly (159ms)
		ExecutionOrderSort (0ms)
		DisableScriptedObjects (6ms)
		BackupInstance (0ms)
		ReleaseScriptingObjects (0ms)
		CreateAndSetChildDomain (36ms)
	RebuildCommonClasses (44ms)
	RebuildNativeTypeToScriptingClass (10ms)
	initialDomainReloadingComplete (20ms)
	LoadAllAssembliesAndSetupDomain (183ms)
		LoadAssemblies (242ms)
		RebuildTransferFunctionScriptingTraits (0ms)
		AnalyzeDomain (18ms)
			TypeCache.Refresh (7ms)
				TypeCache.ScanAssembly (0ms)
			ScanForSourceGeneratedMonoScriptInfo (6ms)
			ResolveRequiredComponents (3ms)
	FinalizeReload (790ms)
		ReleaseScriptCaches (0ms)
		RebuildScriptCaches (0ms)
		SetupLoadedEditorAssemblies (519ms)
			LogAssemblyErrors (0ms)
			InitializePlatformSupportModulesInManaged (22ms)
			SetLoadedEditorAssemblies (3ms)
			RefreshPlugins (0ms)
			BeforeProcessingInitializeOnLoad (40ms)
			ProcessInitializeOnLoadAttributes (405ms)
			ProcessInitializeOnLoadMethodAttributes (47ms)
			AfterProcessingInitializeOnLoad (3ms)
			EditorAssembliesLoaded (0ms)
		ExecutionOrderSort2 (0ms)
		AwakeInstancesAfterBackupRestoration (8ms)
Refreshing native plugins compatible for Editor in 0.96 ms, found 2 plugins.
Preloading 0 native plugins for Editor in 0.00 ms.
Release of invalid GC handle. The handle is from a previous domain. The release operation is skipped.
Release of invalid GC handle native callstack: 
0x00007ff63674eb5d (Unity) StackWalker::GetCurrentCallstack
0x00007ff636753c39 (Unity) StackWalker::ShowCallstack
0x00007ff637744851 (Unity) GetStacktrace
0x00007ff63664ae8d (Unity) ScriptingGCHandle::ReleaseAndClear
0x00007ff636c1081c (Unity) UploadHandlerRaw::`vector deleting destructor'
0x00007ff636c113cd (Unity) UploadHandler::Release
0x00007ff636c0dc6d (Unity) UnityWebRequestProto<UnityWebRequestTransport,AtomicRefCounter,RedirectHelper,ResponseHelper,DownloadHandler,UploadHandler,CertificateHandler,HeaderHelper,AsyncOperation>::~UnityWebRequestProto<UnityWebRequestTransport,AtomicRefCounter,RedirectHelper,ResponseHelper,DownloadHandler,UploadHandler,CertificateHandler,HeaderHelper,AsyncOperation>
0x00007ff636c0df66 (Unity) UnityWebRequest::`vector deleting destructor'
0x00007ff6359640a7 (Unity) UnityWebRequestProto<UnityWebRequestTransport,AtomicRefCounter,RedirectHelper,ResponseHelper,DownloadHandler,UploadHandler,CertificateHandler,HeaderHelper,AsyncOperation>::Release
0x00007ff636c0f995 (Unity) UnityWebRequestAsyncOperation::InvokeCoroutine
0x00007ff636c0fb71 (Unity) UnityWebRequestProto<UnityWebRequestTransport,AtomicRefCounter,RedirectHelper,ResponseHelper,DownloadHandler,UploadHandler,CertificateHandler,HeaderHelper,AsyncOperation>::Job_InvokeCoroutine
0x00007ff636277d2a (Unity) BackgroundJobQueue::ExecuteMainThreadJobs
0x00007ff63632b49f (Unity) PreloadManager::WaitForAllAsyncOperationsToComplete
0x00007ff637aea248 (Unity) <lambda_b37b41f03089e3cb3f55061bbc93253d>::operator()
0x00007ff637b25a22 (Unity) asio::detail::completion_handler<core::mutable_function<void __cdecl(void)>,asio::io_context::basic_executor_type<std::allocator<void>,0> >::do_complete
0x00007ff637b1196e (Unity) asio::detail::win_iocp_io_context::do_one
0x00007ff637b135d4 (Unity) asio::detail::win_iocp_io_context::run
0x00007ff637b23dcc (Unity) IOService::Run
0x00007ff637af71cf (Unity) AssetImportWorkerClient::Run
0x00007ff637ac2b37 (Unity) RunAssetImportWorkerClientV2
0x00007ff637ac2bbb (Unity) RunAssetImporterV2
0x00007ff6372bba5e (Unity) Application::InitializeProject
0x00007ff63774f4e5 (Unity) WinMain
0x00007ff638b014de (Unity) __scrt_common_main_seh
0x00007ffd6b887374 (KERNEL32) BaseThreadInitThunk
0x00007ffd6d89cc91 (ntdll) RtlUserThreadStart
Unloading 1420 Unused Serialized files (Serialized files now loaded: 0)
Unloading 11 unused Assets / (26.8 KB). Loaded Objects now: 2243.
Memory consumption went from 109.3 MB to 109.3 MB.
Total: 3.237000 ms (FindLiveObjects: 0.168000 ms CreateObjectMapping: 0.042900 ms MarkObjects: 2.986200 ms  DeleteObjects: 0.038600 ms)

Prepare: number of updated asset objects reloaded= 0
AssetImportParameters requested are different than current active one (requested -> active):
  custom:video-encoder-webm-vp8: eb34c28f22e8b96e1ab97ce403110664 -> 
  custom:video-decoder-webm-vp8: 9c59270c3fd7afecdb556c50c9e8de78 -> 
  custom:audio-decoder-ogg-vorbis: bf7c407c2cedff20999df2af8eb42d56 -> 
  custom:scripting/monoscript/fileName/PlayerMovement2.cs: de5dad4c3545ad8f9f6984966a40b37a -> 
  custom:SearchIndexIgnoredProperties: e643bd26f0fe6173181afceb89e7c659 -> 
  custom:container-demuxer-ogg: 62fdf1f143b41e24485cea50d1cbac27 -> 
  custom:AudioImporter_EditorPlatform: d09bf68614088b80899f8185d706f6e7 -> 
  custom:CustomObjectIndexerAttribute: 9a22284fe3817be447336de3de66b15e -> 
  custom:container-demuxer-webm: 4f35f7cbe854078d1ac9338744f61a02 -> 
  custom:scripting/monoscript/fileName/Trunk.cs: 3c77c879876a19ef3d7b12fd707afdea -> 
  custom:scripting/monoscript/fileName/ChunkGenerator.cs: c34ac5ef3d79f6264782925317061fad -> 
  custom:video-decoder-ogg-theora: a1e56fd34408186e4bbccfd4996cb3dc -> 
  custom:audio-encoder-webm-vorbis: bf7c407c2cedff20999df2af8eb42d56 -> 
  custom:framework-win-MediaFoundation: 216162199b28c13a410421893ffa2e32 -> 
  custom:scripting/precompiled-assembly-types:Assembly-CSharp: d9892b3dad924f4ddb54efe5d606d426 -> 482e17d551b00cd7946e9d7b35e05131
  custom:scripting/monoscript/fileName/Chunk.cs: 2c601e55a29a773029fef31d3cc0f584 -> 
  custom:container-muxer-webm: aa71ff27fc2769a1b78a27578f13a17b -> 
========================================================================
Received Prepare
Caller must complete domain reload
Begin MonoManager ReloadAssembly
- Loaded All Assemblies, in  0.385 seconds
Native extension for WindowsStandalone target not found
Native extension for iOS target not found
Native extension for Android target not found
[Package Manager] Server::EnsureServerProcessIsRunning -- launch failed, reason: Unity was launched with the -noUpm command-line argument
[Package Manager] UpmClient::Send -- Unable to send message (not connected to UPM process).
[Package Manager] Cannot connect to Unity Package Manager local server
[Package Manager] Server::EnsureServerProcessIsRunning -- launch failed, reason: Unity was launched with the -noUpm command-line argument
[Package Manager] UpmClient::Send -- Unable to send message (not connected to UPM process).
[Package Manager] Cannot connect to Unity Package Manager local server
Failed to sync packages list
UnityEngine.StackTraceUtility:ExtractStackTrace ()
UnityEngine.DebugLogHandler:LogFormat (UnityEngine.LogType,UnityEngine.Object,string,object[])
UnityEngine.Logger:Log (UnityEngine.LogType,object)
UnityEngine.Debug:LogWarning (object)
 .  / :MoveNext ()
System.Runtime.CompilerServices.AsyncTaskMethodBuilder:Start< .  / > ( .  / &)
 .  :  ()
 .⁤/ :MoveNext ()
System.Runtime.CompilerServices.AsyncTaskMethodBuilder:Start< .⁤/ > ( .⁤/ &)
 .⁤:  ()
System.Reflection.RuntimeMethodInfo:Invoke (object,System.Reflection.BindingFlags,System.Reflection.Binder,object[],System.Globalization.CultureInfo)
System.Reflection.MethodBase:Invoke (object,object[])
UnityEditor.EditorAssemblies:ProcessInitializeOnLoadMethodAttributes ()

Mono: successfully reloaded assembly
- Finished resetting the current domain, in  0.701 seconds
Domain Reload Profiling: 1086ms
	BeginReloadAssembly (157ms)
		ExecutionOrderSort (0ms)
		DisableScriptedObjects (4ms)
		BackupInstance (0ms)
		ReleaseScriptingObjects (0ms)
		CreateAndSetChildDomain (46ms)
	RebuildCommonClasses (41ms)
	RebuildNativeTypeToScriptingClass (15ms)
	initialDomainReloadingComplete (20ms)
	LoadAllAssembliesAndSetupDomain (151ms)
		LoadAssemblies (216ms)
		RebuildTransferFunctionScriptingTraits (0ms)
		AnalyzeDomain (8ms)
			TypeCache.Refresh (4ms)
				TypeCache.ScanAssembly (0ms)
			ScanForSourceGeneratedMonoScriptInfo (0ms)
			ResolveRequiredComponents (2ms)
	FinalizeReload (702ms)
		ReleaseScriptCaches (0ms)
		RebuildScriptCaches (0ms)
		SetupLoadedEditorAssemblies (464ms)
			LogAssemblyErrors (0ms)
			InitializePlatformSupportModulesInManaged (22ms)
			SetLoadedEditorAssemblies (2ms)
			RefreshPlugins (0ms)
			BeforeProcessingInitializeOnLoad (41ms)
			ProcessInitializeOnLoadAttributes (353ms)
			ProcessInitializeOnLoadMethodAttributes (43ms)
			AfterProcessingInitializeOnLoad (2ms)
			EditorAssembliesLoaded (0ms)
		ExecutionOrderSort2 (0ms)
		AwakeInstancesAfterBackupRestoration (5ms)
Refreshing native plugins compatible for Editor in 1.09 ms, found 2 plugins.
Preloading 0 native plugins for Editor in 0.00 ms.
Release of invalid GC handle. The handle is from a previous domain. The release operation is skipped.
Release of invalid GC handle native callstack: 
0x00007ff63674eb5d (Unity) StackWalker::GetCurrentCallstack
0x00007ff636753c39 (Unity) StackWalker::ShowCallstack
0x00007ff637744851 (Unity) GetStacktrace
0x00007ff63664ae8d (Unity) ScriptingGCHandle::ReleaseAndClear
0x00007ff636c1081c (Unity) UploadHandlerRaw::`vector deleting destructor'
0x00007ff636c113cd (Unity) UploadHandler::Release
0x00007ff636c0dc6d (Unity) UnityWebRequestProto<UnityWebRequestTransport,AtomicRefCounter,RedirectHelper,ResponseHelper,DownloadHandler,UploadHandler,CertificateHandler,HeaderHelper,AsyncOperation>::~UnityWebRequestProto<UnityWebRequestTransport,AtomicRefCounter,RedirectHelper,ResponseHelper,DownloadHandler,UploadHandler,CertificateHandler,HeaderHelper,AsyncOperation>
0x00007ff636c0df66 (Unity) UnityWebRequest::`vector deleting destructor'
0x00007ff6359640a7 (Unity) UnityWebRequestProto<UnityWebRequestTransport,AtomicRefCounter,RedirectHelper,ResponseHelper,DownloadHandler,UploadHandler,CertificateHandler,HeaderHelper,AsyncOperation>::Release
0x00007ff636c0f995 (Unity) UnityWebRequestAsyncOperation::InvokeCoroutine
0x00007ff636c0fb71 (Unity) UnityWebRequestProto<UnityWebRequestTransport,AtomicRefCounter,RedirectHelper,ResponseHelper,DownloadHandler,UploadHandler,CertificateHandler,HeaderHelper,AsyncOperation>::Job_InvokeCoroutine
0x00007ff636277d2a (Unity) BackgroundJobQueue::ExecuteMainThreadJobs
0x00007ff63632b49f (Unity) PreloadManager::WaitForAllAsyncOperationsToComplete
0x00007ff637aea248 (Unity) <lambda_b37b41f03089e3cb3f55061bbc93253d>::operator()
0x00007ff637b25a22 (Unity) asio::detail::completion_handler<core::mutable_function<void __cdecl(void)>,asio::io_context::basic_executor_type<std::allocator<void>,0> >::do_complete
0x00007ff637b1196e (Unity) asio::detail::win_iocp_io_context::do_one
0x00007ff637b135d4 (Unity) asio::detail::win_iocp_io_context::run
0x00007ff637b23dcc (Unity) IOService::Run
0x00007ff637af71cf (Unity) AssetImportWorkerClient::Run
0x00007ff637ac2b37 (Unity) RunAssetImportWorkerClientV2
0x00007ff637ac2bbb (Unity) RunAssetImporterV2
0x00007ff6372bba5e (Unity) Application::InitializeProject
0x00007ff63774f4e5 (Unity) WinMain
0x00007ff638b014de (Unity) __scrt_common_main_seh
0x00007ffd6b887374 (KERNEL32) BaseThreadInitThunk
0x00007ffd6d89cc91 (ntdll) RtlUserThreadStart
Unloading 1420 Unused Serialized files (Serialized files now loaded: 0)
Unloading 11 unused Assets / (26.6 KB). Loaded Objects now: 2248.
Memory consumption went from 109.5 MB to 109.4 MB.
Total: 4.632800 ms (FindLiveObjects: 0.146400 ms CreateObjectMapping: 0.052900 ms MarkObjects: 4.387700 ms  DeleteObjects: 0.044600 ms)

Prepare: number of updated asset objects reloaded= 0
AssetImportParameters requested are different than current active one (requested -> active):
  custom:video-encoder-webm-vp8: eb34c28f22e8b96e1ab97ce403110664 -> 
  custom:video-decoder-webm-vp8: 9c59270c3fd7afecdb556c50c9e8de78 -> 
  custom:audio-decoder-ogg-vorbis: bf7c407c2cedff20999df2af8eb42d56 -> 
  custom:scripting/monoscript/fileName/PlayerMovement2.cs: de5dad4c3545ad8f9f6984966a40b37a -> 
  custom:SearchIndexIgnoredProperties: e643bd26f0fe6173181afceb89e7c659 -> 
  custom:container-demuxer-ogg: 62fdf1f143b41e24485cea50d1cbac27 -> 
  custom:AudioImporter_EditorPlatform: d09bf68614088b80899f8185d706f6e7 -> 
  custom:CustomObjectIndexerAttribute: 9a22284fe3817be447336de3de66b15e -> 
  custom:container-demuxer-webm: 4f35f7cbe854078d1ac9338744f61a02 -> 
  custom:scripting/monoscript/fileName/Trunk.cs: 3c77c879876a19ef3d7b12fd707afdea -> 
  custom:scripting/monoscript/fileName/ChunkGenerator.cs: c34ac5ef3d79f6264782925317061fad -> 
  custom:video-decoder-ogg-theora: a1e56fd34408186e4bbccfd4996cb3dc -> 
  custom:audio-encoder-webm-vorbis: bf7c407c2cedff20999df2af8eb42d56 -> 
  custom:framework-win-MediaFoundation: 216162199b28c13a410421893ffa2e32 -> 
  custom:scripting/precompiled-assembly-types:Assembly-CSharp: d9892b3dad924f4ddb54efe5d606d426 -> 482e17d551b00cd7946e9d7b35e05131
  custom:scripting/monoscript/fileName/Chunk.cs: 2c601e55a29a773029fef31d3cc0f584 -> 
  custom:container-muxer-webm: aa71ff27fc2769a1b78a27578f13a17b -> 
========================================================================
Received Prepare
Caller must complete domain reload
Begin MonoManager ReloadAssembly
- Loaded All Assemblies, in  0.415 seconds
Native extension for WindowsStandalone target not found
Native extension for iOS target not found
Native extension for Android target not found
[Package Manager] Server::EnsureServerProcessIsRunning -- launch failed, reason: Unity was launched with the -noUpm command-line argument
[Package Manager] UpmClient::Send -- Unable to send message (not connected to UPM process).
[Package Manager] Cannot connect to Unity Package Manager local server
[Package Manager] Server::EnsureServerProcessIsRunning -- launch failed, reason: Unity was launched with the -noUpm command-line argument
[Package Manager] UpmClient::Send -- Unable to send message (not connected to UPM process).
[Package Manager] Cannot connect to Unity Package Manager local server
Failed to sync packages list
UnityEngine.StackTraceUtility:ExtractStackTrace ()
UnityEngine.DebugLogHandler:LogFormat (UnityEngine.LogType,UnityEngine.Object,string,object[])
UnityEngine.Logger:Log (UnityEngine.LogType,object)
UnityEngine.Debug:LogWarning (object)
 .  / :MoveNext ()
System.Runtime.CompilerServices.AsyncTaskMethodBuilder:Start< .  / > ( .  / &)
 .  :  ()
 .⁤/ :MoveNext ()
System.Runtime.CompilerServices.AsyncTaskMethodBuilder:Start< .⁤/ > ( .⁤/ &)
 .⁤:  ()
System.Reflection.RuntimeMethodInfo:Invoke (object,System.Reflection.BindingFlags,System.Reflection.Binder,object[],System.Globalization.CultureInfo)
System.Reflection.MethodBase:Invoke (object,object[])
UnityEditor.EditorAssemblies:ProcessInitializeOnLoadMethodAttributes ()

Mono: successfully reloaded assembly
- Finished resetting the current domain, in  0.746 seconds
Domain Reload Profiling: 1160ms
	BeginReloadAssembly (167ms)
		ExecutionOrderSort (0ms)
		DisableScriptedObjects (3ms)
		BackupInstance (0ms)
		ReleaseScriptingObjects (0ms)
		CreateAndSetChildDomain (44ms)
	RebuildCommonClasses (46ms)
	RebuildNativeTypeToScriptingClass (10ms)
	initialDomainReloadingComplete (22ms)
	LoadAllAssembliesAndSetupDomain (169ms)
		LoadAssemblies (233ms)
		RebuildTransferFunctionScriptingTraits (0ms)
		AnalyzeDomain (19ms)
			TypeCache.Refresh (8ms)
				TypeCache.ScanAssembly (0ms)
			ScanForSourceGeneratedMonoScriptInfo (5ms)
			ResolveRequiredComponents (3ms)
	FinalizeReload (746ms)
		ReleaseScriptCaches (0ms)
		RebuildScriptCaches (0ms)
		SetupLoadedEditorAssemblies (501ms)
			LogAssemblyErrors (0ms)
			InitializePlatformSupportModulesInManaged (26ms)
			SetLoadedEditorAssemblies (2ms)
			RefreshPlugins (0ms)
			BeforeProcessingInitializeOnLoad (37ms)
			ProcessInitializeOnLoadAttributes (384ms)
			ProcessInitializeOnLoadMethodAttributes (50ms)
			AfterProcessingInitializeOnLoad (2ms)
			EditorAssembliesLoaded (0ms)
		ExecutionOrderSort2 (0ms)
		AwakeInstancesAfterBackupRestoration (8ms)
Refreshing native plugins compatible for Editor in 1.04 ms, found 2 plugins.
Preloading 0 native plugins for Editor in 0.00 ms.
Release of invalid GC handle. The handle is from a previous domain. The release operation is skipped.
Release of invalid GC handle native callstack: 
0x00007ff63674eb5d (Unity) StackWalker::GetCurrentCallstack
0x00007ff636753c39 (Unity) StackWalker::ShowCallstack
0x00007ff637744851 (Unity) GetStacktrace
0x00007ff63664ae8d (Unity) ScriptingGCHandle::ReleaseAndClear
0x00007ff636c1081c (Unity) UploadHandlerRaw::`vector deleting destructor'
0x00007ff636c113cd (Unity) UploadHandler::Release
0x00007ff636c0dc6d (Unity) UnityWebRequestProto<UnityWebRequestTransport,AtomicRefCounter,RedirectHelper,ResponseHelper,DownloadHandler,UploadHandler,CertificateHandler,HeaderHelper,AsyncOperation>::~UnityWebRequestProto<UnityWebRequestTransport,AtomicRefCounter,RedirectHelper,ResponseHelper,DownloadHandler,UploadHandler,CertificateHandler,HeaderHelper,AsyncOperation>
0x00007ff636c0df66 (Unity) UnityWebRequest::`vector deleting destructor'
0x00007ff6359640a7 (Unity) UnityWebRequestProto<UnityWebRequestTransport,AtomicRefCounter,RedirectHelper,ResponseHelper,DownloadHandler,UploadHandler,CertificateHandler,HeaderHelper,AsyncOperation>::Release
0x00007ff636c0f995 (Unity) UnityWebRequestAsyncOperation::InvokeCoroutine
0x00007ff636c0fb71 (Unity) UnityWebRequestProto<UnityWebRequestTransport,AtomicRefCounter,RedirectHelper,ResponseHelper,DownloadHandler,UploadHandler,CertificateHandler,HeaderHelper,AsyncOperation>::Job_InvokeCoroutine
0x00007ff636277d2a (Unity) BackgroundJobQueue::ExecuteMainThreadJobs
0x00007ff63632b49f (Unity) PreloadManager::WaitForAllAsyncOperationsToComplete
0x00007ff637aea248 (Unity) <lambda_b37b41f03089e3cb3f55061bbc93253d>::operator()
0x00007ff637b25a22 (Unity) asio::detail::completion_handler<core::mutable_function<void __cdecl(void)>,asio::io_context::basic_executor_type<std::allocator<void>,0> >::do_complete
0x00007ff637b1196e (Unity) asio::detail::win_iocp_io_context::do_one
0x00007ff637b135d4 (Unity) asio::detail::win_iocp_io_context::run
0x00007ff637b23dcc (Unity) IOService::Run
0x00007ff637af71cf (Unity) AssetImportWorkerClient::Run
0x00007ff637ac2b37 (Unity) RunAssetImportWorkerClientV2
0x00007ff637ac2bbb (Unity) RunAssetImporterV2
0x00007ff6372bba5e (Unity) Application::InitializeProject
0x00007ff63774f4e5 (Unity) WinMain
0x00007ff638b014de (Unity) __scrt_common_main_seh
0x00007ffd6b887374 (KERNEL32) BaseThreadInitThunk
0x00007ffd6d89cc91 (ntdll) RtlUserThreadStart
Unloading 1420 Unused Serialized files (Serialized files now loaded: 0)
Unloading 11 unused Assets / (26.7 KB). Loaded Objects now: 2253.
Memory consumption went from 109.6 MB to 109.6 MB.
Total: 2.846900 ms (FindLiveObjects: 0.144200 ms CreateObjectMapping: 0.040300 ms MarkObjects: 2.621600 ms  DeleteObjects: 0.039600 ms)

Prepare: number of updated asset objects reloaded= 0
AssetImportParameters requested are different than current active one (requested -> active):
  custom:video-encoder-webm-vp8: eb34c28f22e8b96e1ab97ce403110664 -> 
  custom:video-decoder-webm-vp8: 9c59270c3fd7afecdb556c50c9e8de78 -> 
  custom:audio-decoder-ogg-vorbis: bf7c407c2cedff20999df2af8eb42d56 -> 
  custom:scripting/monoscript/fileName/PlayerMovement2.cs: de5dad4c3545ad8f9f6984966a40b37a -> 
  custom:SearchIndexIgnoredProperties: e643bd26f0fe6173181afceb89e7c659 -> 
  custom:container-demuxer-ogg: 62fdf1f143b41e24485cea50d1cbac27 -> 
  custom:AudioImporter_EditorPlatform: d09bf68614088b80899f8185d706f6e7 -> 
  custom:CustomObjectIndexerAttribute: 9a22284fe3817be447336de3de66b15e -> 
  custom:container-demuxer-webm: 4f35f7cbe854078d1ac9338744f61a02 -> 
  custom:scripting/monoscript/fileName/Trunk.cs: 3c77c879876a19ef3d7b12fd707afdea -> 
  custom:scripting/monoscript/fileName/ChunkGenerator.cs: c34ac5ef3d79f6264782925317061fad -> 
  custom:video-decoder-ogg-theora: a1e56fd34408186e4bbccfd4996cb3dc -> 
  custom:audio-encoder-webm-vorbis: bf7c407c2cedff20999df2af8eb42d56 -> 
  custom:framework-win-MediaFoundation: 216162199b28c13a410421893ffa2e32 -> 
  custom:scripting/precompiled-assembly-types:Assembly-CSharp: d9892b3dad924f4ddb54efe5d606d426 -> 482e17d551b00cd7946e9d7b35e05131
  custom:scripting/monoscript/fileName/Chunk.cs: 2c601e55a29a773029fef31d3cc0f584 -> 
  custom:container-muxer-webm: aa71ff27fc2769a1b78a27578f13a17b -> 
========================================================================
Received Prepare
Caller must complete domain reload
Begin MonoManager ReloadAssembly
- Loaded All Assemblies, in  0.367 seconds
Native extension for WindowsStandalone target not found
Native extension for iOS target not found
Native extension for Android target not found
[Package Manager] Server::EnsureServerProcessIsRunning -- launch failed, reason: Unity was launched with the -noUpm command-line argument
[Package Manager] UpmClient::Send -- Unable to send message (not connected to UPM process).
[Package Manager] Cannot connect to Unity Package Manager local server
[Package Manager] Server::EnsureServerProcessIsRunning -- launch failed, reason: Unity was launched with the -noUpm command-line argument
[Package Manager] UpmClient::Send -- Unable to send message (not connected to UPM process).
[Package Manager] Cannot connect to Unity Package Manager local server
Failed to sync packages list
UnityEngine.StackTraceUtility:ExtractStackTrace ()
UnityEngine.DebugLogHandler:LogFormat (UnityEngine.LogType,UnityEngine.Object,string,object[])
UnityEngine.Logger:Log (UnityEngine.LogType,object)
UnityEngine.Debug:LogWarning (object)
 .  / :MoveNext ()
System.Runtime.CompilerServices.AsyncTaskMethodBuilder:Start< .  / > ( .  / &)
 .  :  ()
 .⁤/ :MoveNext ()
System.Runtime.CompilerServices.AsyncTaskMethodBuilder:Start< .⁤/ > ( .⁤/ &)
 .⁤:  ()
System.Reflection.RuntimeMethodInfo:Invoke (object,System.Reflection.BindingFlags,System.Reflection.Binder,object[],System.Globalization.CultureInfo)
System.Reflection.MethodBase:Invoke (object,object[])
UnityEditor.EditorAssemblies:ProcessInitializeOnLoadMethodAttributes ()

Mono: successfully reloaded assembly
- Finished resetting the current domain, in  0.764 seconds
Domain Reload Profiling: 1132ms
	BeginReloadAssembly (162ms)
		ExecutionOrderSort (0ms)
		DisableScriptedObjects (6ms)
		BackupInstance (0ms)
		ReleaseScriptingObjects (0ms)
		CreateAndSetChildDomain (37ms)
	RebuildCommonClasses (29ms)
	RebuildNativeTypeToScriptingClass (11ms)
	initialDomainReloadingComplete (21ms)
	LoadAllAssembliesAndSetupDomain (144ms)
		LoadAssemblies (216ms)
		RebuildTransferFunctionScriptingTraits (0ms)
		AnalyzeDomain (8ms)
			TypeCache.Refresh (5ms)
				TypeCache.ScanAssembly (0ms)
			ScanForSourceGeneratedMonoScriptInfo (0ms)
			ResolveRequiredComponents (2ms)
	FinalizeReload (765ms)
		ReleaseScriptCaches (0ms)
		RebuildScriptCaches (0ms)
		SetupLoadedEditorAssemblies (503ms)
			LogAssemblyErrors (0ms)
			InitializePlatformSupportModulesInManaged (26ms)
			SetLoadedEditorAssemblies (2ms)
			RefreshPlugins (0ms)
			BeforeProcessingInitializeOnLoad (39ms)
			ProcessInitializeOnLoadAttributes (390ms)
			ProcessInitializeOnLoadMethodAttributes (43ms)
			AfterProcessingInitializeOnLoad (2ms)
			EditorAssembliesLoaded (0ms)
		ExecutionOrderSort2 (0ms)
		AwakeInstancesAfterBackupRestoration (6ms)
Refreshing native plugins compatible for Editor in 0.99 ms, found 2 plugins.
Preloading 0 native plugins for Editor in 0.00 ms.
Release of invalid GC handle. The handle is from a previous domain. The release operation is skipped.
Release of invalid GC handle native callstack: 
0x00007ff63674eb5d (Unity) StackWalker::GetCurrentCallstack
0x00007ff636753c39 (Unity) StackWalker::ShowCallstack
0x00007ff637744851 (Unity) GetStacktrace
0x00007ff63664ae8d (Unity) ScriptingGCHandle::ReleaseAndClear
0x00007ff636c1081c (Unity) UploadHandlerRaw::`vector deleting destructor'
0x00007ff636c113cd (Unity) UploadHandler::Release
0x00007ff636c0dc6d (Unity) UnityWebRequestProto<UnityWebRequestTransport,AtomicRefCounter,RedirectHelper,ResponseHelper,DownloadHandler,UploadHandler,CertificateHandler,HeaderHelper,AsyncOperation>::~UnityWebRequestProto<UnityWebRequestTransport,AtomicRefCounter,RedirectHelper,ResponseHelper,DownloadHandler,UploadHandler,CertificateHandler,HeaderHelper,AsyncOperation>
0x00007ff636c0df66 (Unity) UnityWebRequest::`vector deleting destructor'
0x00007ff6359640a7 (Unity) UnityWebRequestProto<UnityWebRequestTransport,AtomicRefCounter,RedirectHelper,ResponseHelper,DownloadHandler,UploadHandler,CertificateHandler,HeaderHelper,AsyncOperation>::Release
0x00007ff636c0f995 (Unity) UnityWebRequestAsyncOperation::InvokeCoroutine
0x00007ff636c0fb71 (Unity) UnityWebRequestProto<UnityWebRequestTransport,AtomicRefCounter,RedirectHelper,ResponseHelper,DownloadHandler,UploadHandler,CertificateHandler,HeaderHelper,AsyncOperation>::Job_InvokeCoroutine
0x00007ff636277d2a (Unity) BackgroundJobQueue::ExecuteMainThreadJobs
0x00007ff63632b49f (Unity) PreloadManager::WaitForAllAsyncOperationsToComplete
0x00007ff637aea248 (Unity) <lambda_b37b41f03089e3cb3f55061bbc93253d>::operator()
0x00007ff637b25a22 (Unity) asio::detail::completion_handler<core::mutable_function<void __cdecl(void)>,asio::io_context::basic_executor_type<std::allocator<void>,0> >::do_complete
0x00007ff637b1196e (Unity) asio::detail::win_iocp_io_context::do_one
0x00007ff637b135d4 (Unity) asio::detail::win_iocp_io_context::run
0x00007ff637b23dcc (Unity) IOService::Run
0x00007ff637af71cf (Unity) AssetImportWorkerClient::Run
0x00007ff637ac2b37 (Unity) RunAssetImportWorkerClientV2
0x00007ff637ac2bbb (Unity) RunAssetImporterV2
0x00007ff6372bba5e (Unity) Application::InitializeProject
0x00007ff63774f4e5 (Unity) WinMain
0x00007ff638b014de (Unity) __scrt_common_main_seh
0x00007ffd6b887374 (KERNEL32) BaseThreadInitThunk
0x00007ffd6d89cc91 (ntdll) RtlUserThreadStart
Unloading 1420 Unused Serialized files (Serialized files now loaded: 0)
Unloading 11 unused Assets / (26.6 KB). Loaded Objects now: 2258.
Memory consumption went from 109.8 MB to 109.8 MB.
Total: 2.969100 ms (FindLiveObjects: 0.152200 ms CreateObjectMapping: 0.048500 ms MarkObjects: 2.728600 ms  DeleteObjects: 0.038400 ms)

Prepare: number of updated asset objects reloaded= 0
AssetImportParameters requested are different than current active one (requested -> active):
  custom:video-encoder-webm-vp8: eb34c28f22e8b96e1ab97ce403110664 -> 
  custom:video-decoder-webm-vp8: 9c59270c3fd7afecdb556c50c9e8de78 -> 
  custom:audio-decoder-ogg-vorbis: bf7c407c2cedff20999df2af8eb42d56 -> 
  custom:scripting/monoscript/fileName/PlayerMovement2.cs: de5dad4c3545ad8f9f6984966a40b37a -> 
  custom:SearchIndexIgnoredProperties: e643bd26f0fe6173181afceb89e7c659 -> 
  custom:container-demuxer-ogg: 62fdf1f143b41e24485cea50d1cbac27 -> 
  custom:AudioImporter_EditorPlatform: d09bf68614088b80899f8185d706f6e7 -> 
  custom:CustomObjectIndexerAttribute: 9a22284fe3817be447336de3de66b15e -> 
  custom:container-demuxer-webm: 4f35f7cbe854078d1ac9338744f61a02 -> 
  custom:scripting/monoscript/fileName/Trunk.cs: 3c77c879876a19ef3d7b12fd707afdea -> 
  custom:scripting/monoscript/fileName/ChunkGenerator.cs: c34ac5ef3d79f6264782925317061fad -> 
  custom:video-decoder-ogg-theora: a1e56fd34408186e4bbccfd4996cb3dc -> 
  custom:audio-encoder-webm-vorbis: bf7c407c2cedff20999df2af8eb42d56 -> 
  custom:framework-win-MediaFoundation: 216162199b28c13a410421893ffa2e32 -> 
  custom:scripting/precompiled-assembly-types:Assembly-CSharp: d9892b3dad924f4ddb54efe5d606d426 -> 482e17d551b00cd7946e9d7b35e05131
  custom:scripting/monoscript/fileName/Chunk.cs: 2c601e55a29a773029fef31d3cc0f584 -> 
  custom:container-muxer-webm: aa71ff27fc2769a1b78a27578f13a17b -> 
========================================================================
Received Import Request.
  Time since last request: 5025.342623 seconds.
  path: Assets/Texture/buttonRect.png
  artifactKey: Guid(746e9f6e65f610e4abad70e1a395a865) Importer(815301076,1909f56bfc062723c751e8b465ee728b)
Start importing Assets/Texture/buttonRect.png using Guid(746e9f6e65f610e4abad70e1a395a865) Importer(815301076,1909f56bfc062723c751e8b465ee728b) [PhysX] Initialized MultithreadedTaskDispatcher with 12 workers.
[PhysX] Initialized MultithreadedTaskDispatcher with 12 workers.
 -> (artifact id: '564a297e2bece16394faa0da7d7d0a53') in 0.117171 seconds
Number of updated asset objects reloaded before import = 0
Number of asset objects unloaded after import = 3
========================================================================
Received Prepare
Caller must complete domain reload
Begin MonoManager ReloadAssembly
- Loaded All Assemblies, in  0.548 seconds
Native extension for WindowsStandalone target not found
Native extension for iOS target not found
Native extension for Android target not found
[Package Manager] Server::EnsureServerProcessIsRunning -- launch failed, reason: Unity was launched with the -noUpm command-line argument
[Package Manager] UpmClient::Send -- Unable to send message (not connected to UPM process).
[Package Manager] Cannot connect to Unity Package Manager local server
[Package Manager] Server::EnsureServerProcessIsRunning -- launch failed, reason: Unity was launched with the -noUpm command-line argument
[Package Manager] UpmClient::Send -- Unable to send message (not connected to UPM process).
[Package Manager] Cannot connect to Unity Package Manager local server
Failed to sync packages list
UnityEngine.StackTraceUtility:ExtractStackTrace ()
UnityEngine.DebugLogHandler:LogFormat (UnityEngine.LogType,UnityEngine.Object,string,object[])
UnityEngine.Logger:Log (UnityEngine.LogType,object)
UnityEngine.Debug:LogWarning (object)
 .  / :MoveNext ()
System.Runtime.CompilerServices.AsyncTaskMethodBuilder:Start< .  / > ( .  / &)
 .  :  ()
 .⁤/ :MoveNext ()
System.Runtime.CompilerServices.AsyncTaskMethodBuilder:Start< .⁤/ > ( .⁤/ &)
 .⁤:  ()
System.Reflection.RuntimeMethodInfo:Invoke (object,System.Reflection.BindingFlags,System.Reflection.Binder,object[],System.Globalization.CultureInfo)
System.Reflection.MethodBase:Invoke (object,object[])
UnityEditor.EditorAssemblies:ProcessInitializeOnLoadMethodAttributes ()

Mono: successfully reloaded assembly
- Finished resetting the current domain, in  1.094 seconds
Domain Reload Profiling: 1643ms
	BeginReloadAssembly (189ms)
		ExecutionOrderSort (0ms)
		DisableScriptedObjects (5ms)
		BackupInstance (0ms)
		ReleaseScriptingObjects (0ms)
		CreateAndSetChildDomain (50ms)
	RebuildCommonClasses (36ms)
	RebuildNativeTypeToScriptingClass (10ms)
	initialDomainReloadingComplete (24ms)
	LoadAllAssembliesAndSetupDomain (289ms)
		LoadAssemblies (380ms)
		RebuildTransferFunctionScriptingTraits (0ms)
		AnalyzeDomain (10ms)
			TypeCache.Refresh (6ms)
				TypeCache.ScanAssembly (0ms)
			ScanForSourceGeneratedMonoScriptInfo (0ms)
			ResolveRequiredComponents (3ms)
	FinalizeReload (1095ms)
		ReleaseScriptCaches (0ms)
		RebuildScriptCaches (0ms)
		SetupLoadedEditorAssemblies (510ms)
			LogAssemblyErrors (0ms)
			InitializePlatformSupportModulesInManaged (26ms)
			SetLoadedEditorAssemblies (2ms)
			RefreshPlugins (0ms)
			BeforeProcessingInitializeOnLoad (38ms)
			ProcessInitializeOnLoadAttributes (403ms)
			ProcessInitializeOnLoadMethodAttributes (39ms)
			AfterProcessingInitializeOnLoad (2ms)
			EditorAssembliesLoaded (0ms)
		ExecutionOrderSort2 (0ms)
		AwakeInstancesAfterBackupRestoration (8ms)
Refreshing native plugins compatible for Editor in 1.44 ms, found 2 plugins.
Preloading 0 native plugins for Editor in 0.00 ms.
Release of invalid GC handle. The handle is from a previous domain. The release operation is skipped.
Release of invalid GC handle native callstack: 
0x00007ff63674eb5d (Unity) StackWalker::GetCurrentCallstack
0x00007ff636753c39 (Unity) StackWalker::ShowCallstack
0x00007ff637744851 (Unity) GetStacktrace
0x00007ff63664ae8d (Unity) ScriptingGCHandle::ReleaseAndClear
0x00007ff636c1081c (Unity) UploadHandlerRaw::`vector deleting destructor'
0x00007ff636c113cd (Unity) UploadHandler::Release
0x00007ff636c0dc6d (Unity) UnityWebRequestProto<UnityWebRequestTransport,AtomicRefCounter,RedirectHelper,ResponseHelper,DownloadHandler,UploadHandler,CertificateHandler,HeaderHelper,AsyncOperation>::~UnityWebRequestProto<UnityWebRequestTransport,AtomicRefCounter,RedirectHelper,ResponseHelper,DownloadHandler,UploadHandler,CertificateHandler,HeaderHelper,AsyncOperation>
0x00007ff636c0df66 (Unity) UnityWebRequest::`vector deleting destructor'
0x00007ff6359640a7 (Unity) UnityWebRequestProto<UnityWebRequestTransport,AtomicRefCounter,RedirectHelper,ResponseHelper,DownloadHandler,UploadHandler,CertificateHandler,HeaderHelper,AsyncOperation>::Release
0x00007ff636c0f995 (Unity) UnityWebRequestAsyncOperation::InvokeCoroutine
0x00007ff636c0fb71 (Unity) UnityWebRequestProto<UnityWebRequestTransport,AtomicRefCounter,RedirectHelper,ResponseHelper,DownloadHandler,UploadHandler,CertificateHandler,HeaderHelper,AsyncOperation>::Job_InvokeCoroutine
0x00007ff636277d2a (Unity) BackgroundJobQueue::ExecuteMainThreadJobs
0x00007ff63632b49f (Unity) PreloadManager::WaitForAllAsyncOperationsToComplete
0x00007ff637aea248 (Unity) <lambda_b37b41f03089e3cb3f55061bbc93253d>::operator()
0x00007ff637b25a22 (Unity) asio::detail::completion_handler<core::mutable_function<void __cdecl(void)>,asio::io_context::basic_executor_type<std::allocator<void>,0> >::do_complete
0x00007ff637b1196e (Unity) asio::detail::win_iocp_io_context::do_one
0x00007ff637b135d4 (Unity) asio::detail::win_iocp_io_context::run
0x00007ff637b23dcc (Unity) IOService::Run
0x00007ff637af71cf (Unity) AssetImportWorkerClient::Run
0x00007ff637ac2b37 (Unity) RunAssetImportWorkerClientV2
0x00007ff637ac2bbb (Unity) RunAssetImporterV2
0x00007ff6372bba5e (Unity) Application::InitializeProject
0x00007ff63774f4e5 (Unity) WinMain
0x00007ff638b014de (Unity) __scrt_common_main_seh
0x00007ffd6b887374 (KERNEL32) BaseThreadInitThunk
0x00007ffd6d89cc91 (ntdll) RtlUserThreadStart
Unloading 1419 Unused Serialized files (Serialized files now loaded: 0)
Unloading 11 unused Assets / (26.7 KB). Loaded Objects now: 2268.
Memory consumption went from 109.8 MB to 109.7 MB.
Total: 4.582200 ms (FindLiveObjects: 0.324100 ms CreateObjectMapping: 0.090200 ms MarkObjects: 4.121300 ms  DeleteObjects: 0.045500 ms)

Prepare: number of updated asset objects reloaded= 0
AssetImportParameters requested are different than current active one (requested -> active):
  custom:video-encoder-webm-vp8: eb34c28f22e8b96e1ab97ce403110664 -> 
  custom:video-decoder-webm-vp8: 9c59270c3fd7afecdb556c50c9e8de78 -> 
  custom:audio-decoder-ogg-vorbis: bf7c407c2cedff20999df2af8eb42d56 -> 
  custom:scripting/monoscript/fileName/PlayerMovement2.cs: de5dad4c3545ad8f9f6984966a40b37a -> 
  custom:SearchIndexIgnoredProperties: e643bd26f0fe6173181afceb89e7c659 -> 
  custom:container-demuxer-ogg: 62fdf1f143b41e24485cea50d1cbac27 -> 
  custom:AudioImporter_EditorPlatform: d09bf68614088b80899f8185d706f6e7 -> 
  custom:CustomObjectIndexerAttribute: 9a22284fe3817be447336de3de66b15e -> 
  custom:container-demuxer-webm: 4f35f7cbe854078d1ac9338744f61a02 -> 
  custom:scripting/monoscript/fileName/Trunk.cs: 3c77c879876a19ef3d7b12fd707afdea -> 
  custom:scripting/monoscript/fileName/ChunkGenerator.cs: c34ac5ef3d79f6264782925317061fad -> 
  custom:video-decoder-ogg-theora: a1e56fd34408186e4bbccfd4996cb3dc -> 
  custom:audio-encoder-webm-vorbis: bf7c407c2cedff20999df2af8eb42d56 -> 
  custom:framework-win-MediaFoundation: 216162199b28c13a410421893ffa2e32 -> 
  custom:scripting/precompiled-assembly-types:Assembly-CSharp: d9892b3dad924f4ddb54efe5d606d426 -> 482e17d551b00cd7946e9d7b35e05131
  custom:scripting/monoscript/fileName/Chunk.cs: 2c601e55a29a773029fef31d3cc0f584 -> 
  custom:container-muxer-webm: aa71ff27fc2769a1b78a27578f13a17b -> 
========================================================================
Received Prepare
Caller must complete domain reload
Begin MonoManager ReloadAssembly
- Loaded All Assemblies, in  0.382 seconds
Native extension for WindowsStandalone target not found
Native extension for iOS target not found
Native extension for Android target not found
[Package Manager] Server::EnsureServerProcessIsRunning -- launch failed, reason: Unity was launched with the -noUpm command-line argument
[Package Manager] UpmClient::Send -- Unable to send message (not connected to UPM process).
[Package Manager] Cannot connect to Unity Package Manager local server
[Package Manager] Server::EnsureServerProcessIsRunning -- launch failed, reason: Unity was launched with the -noUpm command-line argument
[Package Manager] UpmClient::Send -- Unable to send message (not connected to UPM process).
[Package Manager] Cannot connect to Unity Package Manager local server
Failed to sync packages list
UnityEngine.StackTraceUtility:ExtractStackTrace ()
UnityEngine.DebugLogHandler:LogFormat (UnityEngine.LogType,UnityEngine.Object,string,object[])
UnityEngine.Logger:Log (UnityEngine.LogType,object)
UnityEngine.Debug:LogWarning (object)
 .  / :MoveNext ()
System.Runtime.CompilerServices.AsyncTaskMethodBuilder:Start< .  / > ( .  / &)
 .  :  ()
 .⁤/ :MoveNext ()
System.Runtime.CompilerServices.AsyncTaskMethodBuilder:Start< .⁤/ > ( .⁤/ &)
 .⁤:  ()
System.Reflection.RuntimeMethodInfo:Invoke (object,System.Reflection.BindingFlags,System.Reflection.Binder,object[],System.Globalization.CultureInfo)
System.Reflection.MethodBase:Invoke (object,object[])
UnityEditor.EditorAssemblies:ProcessInitializeOnLoadMethodAttributes ()

Mono: successfully reloaded assembly
- Finished resetting the current domain, in  0.751 seconds
Domain Reload Profiling: 1134ms
	BeginReloadAssembly (156ms)
		ExecutionOrderSort (0ms)
		DisableScriptedObjects (4ms)
		BackupInstance (0ms)
		ReleaseScriptingObjects (0ms)
		CreateAndSetChildDomain (42ms)
	RebuildCommonClasses (36ms)
	RebuildNativeTypeToScriptingClass (13ms)
	initialDomainReloadingComplete (27ms)
	LoadAllAssembliesAndSetupDomain (151ms)
		LoadAssemblies (220ms)
		RebuildTransferFunctionScriptingTraits (0ms)
		AnalyzeDomain (10ms)
			TypeCache.Refresh (5ms)
				TypeCache.ScanAssembly (0ms)
			ScanForSourceGeneratedMonoScriptInfo (0ms)
			ResolveRequiredComponents (3ms)
	FinalizeReload (752ms)
		ReleaseScriptCaches (0ms)
		RebuildScriptCaches (0ms)
		SetupLoadedEditorAssemblies (500ms)
			LogAssemblyErrors (0ms)
			InitializePlatformSupportModulesInManaged (25ms)
			SetLoadedEditorAssemblies (2ms)
			RefreshPlugins (0ms)
			BeforeProcessingInitializeOnLoad (38ms)
			ProcessInitializeOnLoadAttributes (387ms)
			ProcessInitializeOnLoadMethodAttributes (46ms)
			AfterProcessingInitializeOnLoad (3ms)
			EditorAssembliesLoaded (0ms)
		ExecutionOrderSort2 (0ms)
		AwakeInstancesAfterBackupRestoration (8ms)
Refreshing native plugins compatible for Editor in 1.10 ms, found 2 plugins.
Preloading 0 native plugins for Editor in 0.00 ms.
Release of invalid GC handle. The handle is from a previous domain. The release operation is skipped.
Release of invalid GC handle native callstack: 
0x00007ff63674eb5d (Unity) StackWalker::GetCurrentCallstack
0x00007ff636753c39 (Unity) StackWalker::ShowCallstack
0x00007ff637744851 (Unity) GetStacktrace
0x00007ff63664ae8d (Unity) ScriptingGCHandle::ReleaseAndClear
0x00007ff636c1081c (Unity) UploadHandlerRaw::`vector deleting destructor'
0x00007ff636c113cd (Unity) UploadHandler::Release
0x00007ff636c0dc6d (Unity) UnityWebRequestProto<UnityWebRequestTransport,AtomicRefCounter,RedirectHelper,ResponseHelper,DownloadHandler,UploadHandler,CertificateHandler,HeaderHelper,AsyncOperation>::~UnityWebRequestProto<UnityWebRequestTransport,AtomicRefCounter,RedirectHelper,ResponseHelper,DownloadHandler,UploadHandler,CertificateHandler,HeaderHelper,AsyncOperation>
0x00007ff636c0df66 (Unity) UnityWebRequest::`vector deleting destructor'
0x00007ff6359640a7 (Unity) UnityWebRequestProto<UnityWebRequestTransport,AtomicRefCounter,RedirectHelper,ResponseHelper,DownloadHandler,UploadHandler,CertificateHandler,HeaderHelper,AsyncOperation>::Release
0x00007ff636c0f995 (Unity) UnityWebRequestAsyncOperation::InvokeCoroutine
0x00007ff636c0fb71 (Unity) UnityWebRequestProto<UnityWebRequestTransport,AtomicRefCounter,RedirectHelper,ResponseHelper,DownloadHandler,UploadHandler,CertificateHandler,HeaderHelper,AsyncOperation>::Job_InvokeCoroutine
0x00007ff636277d2a (Unity) BackgroundJobQueue::ExecuteMainThreadJobs
0x00007ff63632b49f (Unity) PreloadManager::WaitForAllAsyncOperationsToComplete
0x00007ff637aea248 (Unity) <lambda_b37b41f03089e3cb3f55061bbc93253d>::operator()
0x00007ff637b25a22 (Unity) asio::detail::completion_handler<core::mutable_function<void __cdecl(void)>,asio::io_context::basic_executor_type<std::allocator<void>,0> >::do_complete
0x00007ff637b1196e (Unity) asio::detail::win_iocp_io_context::do_one
0x00007ff637b135d4 (Unity) asio::detail::win_iocp_io_context::run
0x00007ff637b23dcc (Unity) IOService::Run
0x00007ff637af71cf (Unity) AssetImportWorkerClient::Run
0x00007ff637ac2b37 (Unity) RunAssetImportWorkerClientV2
0x00007ff637ac2bbb (Unity) RunAssetImporterV2
0x00007ff6372bba5e (Unity) Application::InitializeProject
0x00007ff63774f4e5 (Unity) WinMain
0x00007ff638b014de (Unity) __scrt_common_main_seh
0x00007ffd6b887374 (KERNEL32) BaseThreadInitThunk
0x00007ffd6d89cc91 (ntdll) RtlUserThreadStart
Unloading 1420 Unused Serialized files (Serialized files now loaded: 0)
Unloading 11 unused Assets / (26.7 KB). Loaded Objects now: 2273.
Memory consumption went from 110.2 MB to 110.1 MB.
Total: 2.817500 ms (FindLiveObjects: 0.137800 ms CreateObjectMapping: 0.044500 ms MarkObjects: 2.600500 ms  DeleteObjects: 0.033600 ms)

Prepare: number of updated asset objects reloaded= 0
AssetImportParameters requested are different than current active one (requested -> active):
  custom:video-encoder-webm-vp8: eb34c28f22e8b96e1ab97ce403110664 -> 
  custom:video-decoder-webm-vp8: 9c59270c3fd7afecdb556c50c9e8de78 -> 
  custom:audio-decoder-ogg-vorbis: bf7c407c2cedff20999df2af8eb42d56 -> 
  custom:scripting/monoscript/fileName/PlayerMovement2.cs: de5dad4c3545ad8f9f6984966a40b37a -> 
  custom:SearchIndexIgnoredProperties: e643bd26f0fe6173181afceb89e7c659 -> 
  custom:container-demuxer-ogg: 62fdf1f143b41e24485cea50d1cbac27 -> 
  custom:AudioImporter_EditorPlatform: d09bf68614088b80899f8185d706f6e7 -> 
  custom:CustomObjectIndexerAttribute: 9a22284fe3817be447336de3de66b15e -> 
  custom:container-demuxer-webm: 4f35f7cbe854078d1ac9338744f61a02 -> 
  custom:scripting/monoscript/fileName/Trunk.cs: 3c77c879876a19ef3d7b12fd707afdea -> 
  custom:scripting/monoscript/fileName/ChunkGenerator.cs: c34ac5ef3d79f6264782925317061fad -> 
  custom:video-decoder-ogg-theora: a1e56fd34408186e4bbccfd4996cb3dc -> 
  custom:audio-encoder-webm-vorbis: bf7c407c2cedff20999df2af8eb42d56 -> 
  custom:framework-win-MediaFoundation: 216162199b28c13a410421893ffa2e32 -> 
  custom:scripting/precompiled-assembly-types:Assembly-CSharp: d9892b3dad924f4ddb54efe5d606d426 -> 482e17d551b00cd7946e9d7b35e05131
  custom:scripting/monoscript/fileName/Chunk.cs: 2c601e55a29a773029fef31d3cc0f584 -> 
  custom:container-muxer-webm: aa71ff27fc2769a1b78a27578f13a17b -> 
========================================================================
Received Prepare
Caller must complete domain reload
Begin MonoManager ReloadAssembly
- Loaded All Assemblies, in  0.386 seconds
Native extension for WindowsStandalone target not found
Native extension for iOS target not found
Native extension for Android target not found
[Package Manager] Server::EnsureServerProcessIsRunning -- launch failed, reason: Unity was launched with the -noUpm command-line argument
[Package Manager] UpmClient::Send -- Unable to send message (not connected to UPM process).
[Package Manager] Cannot connect to Unity Package Manager local server
[Package Manager] Server::EnsureServerProcessIsRunning -- launch failed, reason: Unity was launched with the -noUpm command-line argument
[Package Manager] UpmClient::Send -- Unable to send message (not connected to UPM process).
[Package Manager] Cannot connect to Unity Package Manager local server
Failed to sync packages list
UnityEngine.StackTraceUtility:ExtractStackTrace ()
UnityEngine.DebugLogHandler:LogFormat (UnityEngine.LogType,UnityEngine.Object,string,object[])
UnityEngine.Logger:Log (UnityEngine.LogType,object)
UnityEngine.Debug:LogWarning (object)
 .  / :MoveNext ()
System.Runtime.CompilerServices.AsyncTaskMethodBuilder:Start< .  / > ( .  / &)
 .  :  ()
 .⁤/ :MoveNext ()
System.Runtime.CompilerServices.AsyncTaskMethodBuilder:Start< .⁤/ > ( .⁤/ &)
 .⁤:  ()
System.Reflection.RuntimeMethodInfo:Invoke (object,System.Reflection.BindingFlags,System.Reflection.Binder,object[],System.Globalization.CultureInfo)
System.Reflection.MethodBase:Invoke (object,object[])
UnityEditor.EditorAssemblies:ProcessInitializeOnLoadMethodAttributes ()

Mono: successfully reloaded assembly
- Finished resetting the current domain, in  0.744 seconds
Domain Reload Profiling: 1130ms
	BeginReloadAssembly (147ms)
		ExecutionOrderSort (0ms)
		DisableScriptedObjects (4ms)
		BackupInstance (0ms)
		ReleaseScriptingObjects (0ms)
		CreateAndSetChildDomain (36ms)
	RebuildCommonClasses (42ms)
	RebuildNativeTypeToScriptingClass (10ms)
	initialDomainReloadingComplete (26ms)
	LoadAllAssembliesAndSetupDomain (159ms)
		LoadAssemblies (219ms)
		RebuildTransferFunctionScriptingTraits (0ms)
		AnalyzeDomain (18ms)
			TypeCache.Refresh (8ms)
				TypeCache.ScanAssembly (0ms)
			ScanForSourceGeneratedMonoScriptInfo (7ms)
			ResolveRequiredComponents (2ms)
	FinalizeReload (745ms)
		ReleaseScriptCaches (0ms)
		RebuildScriptCaches (0ms)
		SetupLoadedEditorAssemblies (502ms)
			LogAssemblyErrors (0ms)
			InitializePlatformSupportModulesInManaged (20ms)
			SetLoadedEditorAssemblies (2ms)
			RefreshPlugins (0ms)
			BeforeProcessingInitializeOnLoad (41ms)
			ProcessInitializeOnLoadAttributes (394ms)
			ProcessInitializeOnLoadMethodAttributes (43ms)
			AfterProcessingInitializeOnLoad (2ms)
			EditorAssembliesLoaded (0ms)
		ExecutionOrderSort2 (0ms)
		AwakeInstancesAfterBackupRestoration (5ms)
Refreshing native plugins compatible for Editor in 0.95 ms, found 2 plugins.
Preloading 0 native plugins for Editor in 0.00 ms.
Release of invalid GC handle. The handle is from a previous domain. The release operation is skipped.
Release of invalid GC handle native callstack: 
0x00007ff63674eb5d (Unity) StackWalker::GetCurrentCallstack
0x00007ff636753c39 (Unity) StackWalker::ShowCallstack
0x00007ff637744851 (Unity) GetStacktrace
0x00007ff63664ae8d (Unity) ScriptingGCHandle::ReleaseAndClear
0x00007ff636c1081c (Unity) UploadHandlerRaw::`vector deleting destructor'
0x00007ff636c113cd (Unity) UploadHandler::Release
0x00007ff636c0dc6d (Unity) UnityWebRequestProto<UnityWebRequestTransport,AtomicRefCounter,RedirectHelper,ResponseHelper,DownloadHandler,UploadHandler,CertificateHandler,HeaderHelper,AsyncOperation>::~UnityWebRequestProto<UnityWebRequestTransport,AtomicRefCounter,RedirectHelper,ResponseHelper,DownloadHandler,UploadHandler,CertificateHandler,HeaderHelper,AsyncOperation>
0x00007ff636c0df66 (Unity) UnityWebRequest::`vector deleting destructor'
0x00007ff6359640a7 (Unity) UnityWebRequestProto<UnityWebRequestTransport,AtomicRefCounter,RedirectHelper,ResponseHelper,DownloadHandler,UploadHandler,CertificateHandler,HeaderHelper,AsyncOperation>::Release
0x00007ff636c0f995 (Unity) UnityWebRequestAsyncOperation::InvokeCoroutine
0x00007ff636c0fb71 (Unity) UnityWebRequestProto<UnityWebRequestTransport,AtomicRefCounter,RedirectHelper,ResponseHelper,DownloadHandler,UploadHandler,CertificateHandler,HeaderHelper,AsyncOperation>::Job_InvokeCoroutine
0x00007ff636277d2a (Unity) BackgroundJobQueue::ExecuteMainThreadJobs
0x00007ff63632b49f (Unity) PreloadManager::WaitForAllAsyncOperationsToComplete
0x00007ff637aea248 (Unity) <lambda_b37b41f03089e3cb3f55061bbc93253d>::operator()
0x00007ff637b25a22 (Unity) asio::detail::completion_handler<core::mutable_function<void __cdecl(void)>,asio::io_context::basic_executor_type<std::allocator<void>,0> >::do_complete
0x00007ff637b1196e (Unity) asio::detail::win_iocp_io_context::do_one
0x00007ff637b135d4 (Unity) asio::detail::win_iocp_io_context::run
0x00007ff637b23dcc (Unity) IOService::Run
0x00007ff637af71cf (Unity) AssetImportWorkerClient::Run
0x00007ff637ac2b37 (Unity) RunAssetImportWorkerClientV2
0x00007ff637ac2bbb (Unity) RunAssetImporterV2
0x00007ff6372bba5e (Unity) Application::InitializeProject
0x00007ff63774f4e5 (Unity) WinMain
0x00007ff638b014de (Unity) __scrt_common_main_seh
0x00007ffd6b887374 (KERNEL32) BaseThreadInitThunk
0x00007ffd6d89cc91 (ntdll) RtlUserThreadStart
Unloading 1420 Unused Serialized files (Serialized files now loaded: 0)
Unloading 11 unused Assets / (26.6 KB). Loaded Objects now: 2278.
Memory consumption went from 110.3 MB to 110.3 MB.
Total: 5.007600 ms (FindLiveObjects: 0.352200 ms CreateObjectMapping: 0.179700 ms MarkObjects: 4.438900 ms  DeleteObjects: 0.035300 ms)

Prepare: number of updated asset objects reloaded= 0
AssetImportParameters requested are different than current active one (requested -> active):
  custom:video-encoder-webm-vp8: eb34c28f22e8b96e1ab97ce403110664 -> 
  custom:video-decoder-webm-vp8: 9c59270c3fd7afecdb556c50c9e8de78 -> 
  custom:audio-decoder-ogg-vorbis: bf7c407c2cedff20999df2af8eb42d56 -> 
  custom:scripting/monoscript/fileName/PlayerMovement2.cs: de5dad4c3545ad8f9f6984966a40b37a -> 
  custom:SearchIndexIgnoredProperties: e643bd26f0fe6173181afceb89e7c659 -> 
  custom:container-demuxer-ogg: 62fdf1f143b41e24485cea50d1cbac27 -> 
  custom:AudioImporter_EditorPlatform: d09bf68614088b80899f8185d706f6e7 -> 
  custom:CustomObjectIndexerAttribute: 9a22284fe3817be447336de3de66b15e -> 
  custom:container-demuxer-webm: 4f35f7cbe854078d1ac9338744f61a02 -> 
  custom:scripting/monoscript/fileName/Trunk.cs: 3c77c879876a19ef3d7b12fd707afdea -> 
  custom:scripting/monoscript/fileName/ChunkGenerator.cs: c34ac5ef3d79f6264782925317061fad -> 
  custom:video-decoder-ogg-theora: a1e56fd34408186e4bbccfd4996cb3dc -> 
  custom:audio-encoder-webm-vorbis: bf7c407c2cedff20999df2af8eb42d56 -> 
  custom:framework-win-MediaFoundation: 216162199b28c13a410421893ffa2e32 -> 
  custom:scripting/precompiled-assembly-types:Assembly-CSharp: d9892b3dad924f4ddb54efe5d606d426 -> 482e17d551b00cd7946e9d7b35e05131
  custom:scripting/monoscript/fileName/Chunk.cs: 2c601e55a29a773029fef31d3cc0f584 -> 
  custom:container-muxer-webm: aa71ff27fc2769a1b78a27578f13a17b -> 
========================================================================
Received Prepare
Caller must complete domain reload
Begin MonoManager ReloadAssembly
- Loaded All Assemblies, in  0.360 seconds
Native extension for WindowsStandalone target not found
Native extension for iOS target not found
Native extension for Android target not found
[Package Manager] Server::EnsureServerProcessIsRunning -- launch failed, reason: Unity was launched with the -noUpm command-line argument
[Package Manager] UpmClient::Send -- Unable to send message (not connected to UPM process).
[Package Manager] Cannot connect to Unity Package Manager local server
[Package Manager] Server::EnsureServerProcessIsRunning -- launch failed, reason: Unity was launched with the -noUpm command-line argument
[Package Manager] UpmClient::Send -- Unable to send message (not connected to UPM process).
[Package Manager] Cannot connect to Unity Package Manager local server
Failed to sync packages list
UnityEngine.StackTraceUtility:ExtractStackTrace ()
UnityEngine.DebugLogHandler:LogFormat (UnityEngine.LogType,UnityEngine.Object,string,object[])
UnityEngine.Logger:Log (UnityEngine.LogType,object)
UnityEngine.Debug:LogWarning (object)
 .  / :MoveNext ()
System.Runtime.CompilerServices.AsyncTaskMethodBuilder:Start< .  / > ( .  / &)
 .  :  ()
 .⁤/ :MoveNext ()
System.Runtime.CompilerServices.AsyncTaskMethodBuilder:Start< .⁤/ > ( .⁤/ &)
 .⁤:  ()
System.Reflection.RuntimeMethodInfo:Invoke (object,System.Reflection.BindingFlags,System.Reflection.Binder,object[],System.Globalization.CultureInfo)
System.Reflection.MethodBase:Invoke (object,object[])
UnityEditor.EditorAssemblies:ProcessInitializeOnLoadMethodAttributes ()

Mono: successfully reloaded assembly
- Finished resetting the current domain, in  0.737 seconds
Domain Reload Profiling: 1097ms
	BeginReloadAssembly (147ms)
		ExecutionOrderSort (0ms)
		DisableScriptedObjects (5ms)
		BackupInstance (0ms)
		ReleaseScriptingObjects (0ms)
		CreateAndSetChildDomain (37ms)
	RebuildCommonClasses (31ms)
	RebuildNativeTypeToScriptingClass (10ms)
	initialDomainReloadingComplete (23ms)
	LoadAllAssembliesAndSetupDomain (149ms)
		LoadAssemblies (209ms)
		RebuildTransferFunctionScriptingTraits (0ms)
		AnalyzeDomain (11ms)
			TypeCache.Refresh (5ms)
				TypeCache.ScanAssembly (0ms)
			ScanForSourceGeneratedMonoScriptInfo (0ms)
			ResolveRequiredComponents (3ms)
	FinalizeReload (737ms)
		ReleaseScriptCaches (0ms)
		RebuildScriptCaches (0ms)
		SetupLoadedEditorAssemblies (497ms)
			LogAssemblyErrors (0ms)
			InitializePlatformSupportModulesInManaged (24ms)
			SetLoadedEditorAssemblies (3ms)
			RefreshPlugins (0ms)
			BeforeProcessingInitializeOnLoad (36ms)
			ProcessInitializeOnLoadAttributes (387ms)
			ProcessInitializeOnLoadMethodAttributes (45ms)
			AfterProcessingInitializeOnLoad (2ms)
			EditorAssembliesLoaded (0ms)
		ExecutionOrderSort2 (0ms)
		AwakeInstancesAfterBackupRestoration (7ms)
Refreshing native plugins compatible for Editor in 1.20 ms, found 2 plugins.
Preloading 0 native plugins for Editor in 0.00 ms.
Release of invalid GC handle. The handle is from a previous domain. The release operation is skipped.
Release of invalid GC handle native callstack: 
0x00007ff63674eb5d (Unity) StackWalker::GetCurrentCallstack
0x00007ff636753c39 (Unity) StackWalker::ShowCallstack
0x00007ff637744851 (Unity) GetStacktrace
0x00007ff63664ae8d (Unity) ScriptingGCHandle::ReleaseAndClear
0x00007ff636c1081c (Unity) UploadHandlerRaw::`vector deleting destructor'
0x00007ff636c113cd (Unity) UploadHandler::Release
0x00007ff636c0dc6d (Unity) UnityWebRequestProto<UnityWebRequestTransport,AtomicRefCounter,RedirectHelper,ResponseHelper,DownloadHandler,UploadHandler,CertificateHandler,HeaderHelper,AsyncOperation>::~UnityWebRequestProto<UnityWebRequestTransport,AtomicRefCounter,RedirectHelper,ResponseHelper,DownloadHandler,UploadHandler,CertificateHandler,HeaderHelper,AsyncOperation>
0x00007ff636c0df66 (Unity) UnityWebRequest::`vector deleting destructor'
0x00007ff6359640a7 (Unity) UnityWebRequestProto<UnityWebRequestTransport,AtomicRefCounter,RedirectHelper,ResponseHelper,DownloadHandler,UploadHandler,CertificateHandler,HeaderHelper,AsyncOperation>::Release
0x00007ff636c0f995 (Unity) UnityWebRequestAsyncOperation::InvokeCoroutine
0x00007ff636c0fb71 (Unity) UnityWebRequestProto<UnityWebRequestTransport,AtomicRefCounter,RedirectHelper,ResponseHelper,DownloadHandler,UploadHandler,CertificateHandler,HeaderHelper,AsyncOperation>::Job_InvokeCoroutine
0x00007ff636277d2a (Unity) BackgroundJobQueue::ExecuteMainThreadJobs
0x00007ff63632b49f (Unity) PreloadManager::WaitForAllAsyncOperationsToComplete
0x00007ff637aea248 (Unity) <lambda_b37b41f03089e3cb3f55061bbc93253d>::operator()
0x00007ff637b25a22 (Unity) asio::detail::completion_handler<core::mutable_function<void __cdecl(void)>,asio::io_context::basic_executor_type<std::allocator<void>,0> >::do_complete
0x00007ff637b1196e (Unity) asio::detail::win_iocp_io_context::do_one
0x00007ff637b135d4 (Unity) asio::detail::win_iocp_io_context::run
0x00007ff637b23dcc (Unity) IOService::Run
0x00007ff637af71cf (Unity) AssetImportWorkerClient::Run
0x00007ff637ac2b37 (Unity) RunAssetImportWorkerClientV2
0x00007ff637ac2bbb (Unity) RunAssetImporterV2
0x00007ff6372bba5e (Unity) Application::InitializeProject
0x00007ff63774f4e5 (Unity) WinMain
0x00007ff638b014de (Unity) __scrt_common_main_seh
0x00007ffd6b887374 (KERNEL32) BaseThreadInitThunk
0x00007ffd6d89cc91 (ntdll) RtlUserThreadStart
Unloading 1420 Unused Serialized files (Serialized files now loaded: 0)
Unloading 11 unused Assets / (26.7 KB). Loaded Objects now: 2283.
Memory consumption went from 110.5 MB to 110.5 MB.
Total: 2.890900 ms (FindLiveObjects: 0.137700 ms CreateObjectMapping: 0.037200 ms MarkObjects: 2.681300 ms  DeleteObjects: 0.033600 ms)

Prepare: number of updated asset objects reloaded= 0
AssetImportParameters requested are different than current active one (requested -> active):
  custom:video-encoder-webm-vp8: eb34c28f22e8b96e1ab97ce403110664 -> 
  custom:video-decoder-webm-vp8: 9c59270c3fd7afecdb556c50c9e8de78 -> 
  custom:audio-decoder-ogg-vorbis: bf7c407c2cedff20999df2af8eb42d56 -> 
  custom:scripting/monoscript/fileName/PlayerMovement2.cs: de5dad4c3545ad8f9f6984966a40b37a -> 
  custom:SearchIndexIgnoredProperties: e643bd26f0fe6173181afceb89e7c659 -> 
  custom:container-demuxer-ogg: 62fdf1f143b41e24485cea50d1cbac27 -> 
  custom:AudioImporter_EditorPlatform: d09bf68614088b80899f8185d706f6e7 -> 
  custom:CustomObjectIndexerAttribute: 9a22284fe3817be447336de3de66b15e -> 
  custom:container-demuxer-webm: 4f35f7cbe854078d1ac9338744f61a02 -> 
  custom:scripting/monoscript/fileName/Trunk.cs: 3c77c879876a19ef3d7b12fd707afdea -> 
  custom:scripting/monoscript/fileName/ChunkGenerator.cs: c34ac5ef3d79f6264782925317061fad -> 
  custom:video-decoder-ogg-theora: a1e56fd34408186e4bbccfd4996cb3dc -> 
  custom:audio-encoder-webm-vorbis: bf7c407c2cedff20999df2af8eb42d56 -> 
  custom:framework-win-MediaFoundation: 216162199b28c13a410421893ffa2e32 -> 
  custom:scripting/precompiled-assembly-types:Assembly-CSharp: d9892b3dad924f4ddb54efe5d606d426 -> 482e17d551b00cd7946e9d7b35e05131
  custom:scripting/monoscript/fileName/Chunk.cs: 2c601e55a29a773029fef31d3cc0f584 -> 
  custom:container-muxer-webm: aa71ff27fc2769a1b78a27578f13a17b -> 
========================================================================
Received Prepare
Caller must complete domain reload
Begin MonoManager ReloadAssembly
- Loaded All Assemblies, in  0.381 seconds
Native extension for WindowsStandalone target not found
Native extension for iOS target not found
Native extension for Android target not found
[Package Manager] Server::EnsureServerProcessIsRunning -- launch failed, reason: Unity was launched with the -noUpm command-line argument
[Package Manager] UpmClient::Send -- Unable to send message (not connected to UPM process).
[Package Manager] Cannot connect to Unity Package Manager local server
[Package Manager] Server::EnsureServerProcessIsRunning -- launch failed, reason: Unity was launched with the -noUpm command-line argument
[Package Manager] UpmClient::Send -- Unable to send message (not connected to UPM process).
[Package Manager] Cannot connect to Unity Package Manager local server
Failed to sync packages list
UnityEngine.StackTraceUtility:ExtractStackTrace ()
UnityEngine.DebugLogHandler:LogFormat (UnityEngine.LogType,UnityEngine.Object,string,object[])
UnityEngine.Logger:Log (UnityEngine.LogType,object)
UnityEngine.Debug:LogWarning (object)
 .  / :MoveNext ()
System.Runtime.CompilerServices.AsyncTaskMethodBuilder:Start< .  / > ( .  / &)
 .  :  ()
 .⁤/ :MoveNext ()
System.Runtime.CompilerServices.AsyncTaskMethodBuilder:Start< .⁤/ > ( .⁤/ &)
 .⁤:  ()
System.Reflection.RuntimeMethodInfo:Invoke (object,System.Reflection.BindingFlags,System.Reflection.Binder,object[],System.Globalization.CultureInfo)
System.Reflection.MethodBase:Invoke (object,object[])
UnityEditor.EditorAssemblies:ProcessInitializeOnLoadMethodAttributes ()

Mono: successfully reloaded assembly
- Finished resetting the current domain, in  0.775 seconds
Domain Reload Profiling: 1156ms
	BeginReloadAssembly (151ms)
		ExecutionOrderSort (0ms)
		DisableScriptedObjects (6ms)
		BackupInstance (0ms)
		ReleaseScriptingObjects (0ms)
		CreateAndSetChildDomain (36ms)
	RebuildCommonClasses (38ms)
	RebuildNativeTypeToScriptingClass (10ms)
	initialDomainReloadingComplete (26ms)
	LoadAllAssembliesAndSetupDomain (155ms)
		LoadAssemblies (227ms)
		RebuildTransferFunctionScriptingTraits (0ms)
		AnalyzeDomain (8ms)
			TypeCache.Refresh (4ms)
				TypeCache.ScanAssembly (0ms)
			ScanForSourceGeneratedMonoScriptInfo (0ms)
			ResolveRequiredComponents (2ms)
	FinalizeReload (775ms)
		ReleaseScriptCaches (0ms)
		RebuildScriptCaches (0ms)
		SetupLoadedEditorAssemblies (513ms)
			LogAssemblyErrors (0ms)
			InitializePlatformSupportModulesInManaged (28ms)
			SetLoadedEditorAssemblies (3ms)
			RefreshPlugins (0ms)
			BeforeProcessingInitializeOnLoad (42ms)
			ProcessInitializeOnLoadAttributes (385ms)
			ProcessInitializeOnLoadMethodAttributes (52ms)
			AfterProcessingInitializeOnLoad (2ms)
			EditorAssembliesLoaded (0ms)
		ExecutionOrderSort2 (0ms)
		AwakeInstancesAfterBackupRestoration (5ms)
Refreshing native plugins compatible for Editor in 1.34 ms, found 2 plugins.
Preloading 0 native plugins for Editor in 0.00 ms.
Release of invalid GC handle. The handle is from a previous domain. The release operation is skipped.
Release of invalid GC handle native callstack: 
0x00007ff63674eb5d (Unity) StackWalker::GetCurrentCallstack
0x00007ff636753c39 (Unity) StackWalker::ShowCallstack
0x00007ff637744851 (Unity) GetStacktrace
0x00007ff63664ae8d (Unity) ScriptingGCHandle::ReleaseAndClear
0x00007ff636c1081c (Unity) UploadHandlerRaw::`vector deleting destructor'
0x00007ff636c113cd (Unity) UploadHandler::Release
0x00007ff636c0dc6d (Unity) UnityWebRequestProto<UnityWebRequestTransport,AtomicRefCounter,RedirectHelper,ResponseHelper,DownloadHandler,UploadHandler,CertificateHandler,HeaderHelper,AsyncOperation>::~UnityWebRequestProto<UnityWebRequestTransport,AtomicRefCounter,RedirectHelper,ResponseHelper,DownloadHandler,UploadHandler,CertificateHandler,HeaderHelper,AsyncOperation>
0x00007ff636c0df66 (Unity) UnityWebRequest::`vector deleting destructor'
0x00007ff6359640a7 (Unity) UnityWebRequestProto<UnityWebRequestTransport,AtomicRefCounter,RedirectHelper,ResponseHelper,DownloadHandler,UploadHandler,CertificateHandler,HeaderHelper,AsyncOperation>::Release
0x00007ff636c0f995 (Unity) UnityWebRequestAsyncOperation::InvokeCoroutine
0x00007ff636c0fb71 (Unity) UnityWebRequestProto<UnityWebRequestTransport,AtomicRefCounter,RedirectHelper,ResponseHelper,DownloadHandler,UploadHandler,CertificateHandler,HeaderHelper,AsyncOperation>::Job_InvokeCoroutine
0x00007ff636277d2a (Unity) BackgroundJobQueue::ExecuteMainThreadJobs
0x00007ff63632b49f (Unity) PreloadManager::WaitForAllAsyncOperationsToComplete
0x00007ff637aea248 (Unity) <lambda_b37b41f03089e3cb3f55061bbc93253d>::operator()
0x00007ff637b25a22 (Unity) asio::detail::completion_handler<core::mutable_function<void __cdecl(void)>,asio::io_context::basic_executor_type<std::allocator<void>,0> >::do_complete
0x00007ff637b1196e (Unity) asio::detail::win_iocp_io_context::do_one
0x00007ff637b135d4 (Unity) asio::detail::win_iocp_io_context::run
0x00007ff637b23dcc (Unity) IOService::Run
0x00007ff637af71cf (Unity) AssetImportWorkerClient::Run
0x00007ff637ac2b37 (Unity) RunAssetImportWorkerClientV2
0x00007ff637ac2bbb (Unity) RunAssetImporterV2
0x00007ff6372bba5e (Unity) Application::InitializeProject
0x00007ff63774f4e5 (Unity) WinMain
0x00007ff638b014de (Unity) __scrt_common_main_seh
0x00007ffd6b887374 (KERNEL32) BaseThreadInitThunk
0x00007ffd6d89cc91 (ntdll) RtlUserThreadStart
Unloading 1420 Unused Serialized files (Serialized files now loaded: 0)
Unloading 11 unused Assets / (26.7 KB). Loaded Objects now: 2288.
Memory consumption went from 110.6 MB to 110.6 MB.
Total: 3.137000 ms (FindLiveObjects: 0.139000 ms CreateObjectMapping: 0.049700 ms MarkObjects: 2.912500 ms  DeleteObjects: 0.034600 ms)

Prepare: number of updated asset objects reloaded= 0
AssetImportParameters requested are different than current active one (requested -> active):
  custom:video-encoder-webm-vp8: eb34c28f22e8b96e1ab97ce403110664 -> 
  custom:video-decoder-webm-vp8: 9c59270c3fd7afecdb556c50c9e8de78 -> 
  custom:audio-decoder-ogg-vorbis: bf7c407c2cedff20999df2af8eb42d56 -> 
  custom:scripting/monoscript/fileName/PlayerMovement2.cs: de5dad4c3545ad8f9f6984966a40b37a -> 
  custom:SearchIndexIgnoredProperties: e643bd26f0fe6173181afceb89e7c659 -> 
  custom:container-demuxer-ogg: 62fdf1f143b41e24485cea50d1cbac27 -> 
  custom:AudioImporter_EditorPlatform: d09bf68614088b80899f8185d706f6e7 -> 
  custom:CustomObjectIndexerAttribute: 9a22284fe3817be447336de3de66b15e -> 
  custom:container-demuxer-webm: 4f35f7cbe854078d1ac9338744f61a02 -> 
  custom:scripting/monoscript/fileName/Trunk.cs: 3c77c879876a19ef3d7b12fd707afdea -> 
  custom:scripting/monoscript/fileName/ChunkGenerator.cs: c34ac5ef3d79f6264782925317061fad -> 
  custom:video-decoder-ogg-theora: a1e56fd34408186e4bbccfd4996cb3dc -> 
  custom:audio-encoder-webm-vorbis: bf7c407c2cedff20999df2af8eb42d56 -> 
  custom:framework-win-MediaFoundation: 216162199b28c13a410421893ffa2e32 -> 
  custom:scripting/precompiled-assembly-types:Assembly-CSharp: d9892b3dad924f4ddb54efe5d606d426 -> 482e17d551b00cd7946e9d7b35e05131
  custom:scripting/monoscript/fileName/Chunk.cs: 2c601e55a29a773029fef31d3cc0f584 -> 
  custom:container-muxer-webm: aa71ff27fc2769a1b78a27578f13a17b -> 
========================================================================
Received Prepare
Caller must complete domain reload
Begin MonoManager ReloadAssembly
- Loaded All Assemblies, in  0.362 seconds
Native extension for WindowsStandalone target not found
Native extension for iOS target not found
Native extension for Android target not found
[Package Manager] Server::EnsureServerProcessIsRunning -- launch failed, reason: Unity was launched with the -noUpm command-line argument
[Package Manager] UpmClient::Send -- Unable to send message (not connected to UPM process).
[Package Manager] Cannot connect to Unity Package Manager local server
[Package Manager] Server::EnsureServerProcessIsRunning -- launch failed, reason: Unity was launched with the -noUpm command-line argument
[Package Manager] UpmClient::Send -- Unable to send message (not connected to UPM process).
[Package Manager] Cannot connect to Unity Package Manager local server
Failed to sync packages list
UnityEngine.StackTraceUtility:ExtractStackTrace ()
UnityEngine.DebugLogHandler:LogFormat (UnityEngine.LogType,UnityEngine.Object,string,object[])
UnityEngine.Logger:Log (UnityEngine.LogType,object)
UnityEngine.Debug:LogWarning (object)
 .  / :MoveNext ()
System.Runtime.CompilerServices.AsyncTaskMethodBuilder:Start< .  / > ( .  / &)
 .  :  ()
 .⁤/ :MoveNext ()
System.Runtime.CompilerServices.AsyncTaskMethodBuilder:Start< .⁤/ > ( .⁤/ &)
 .⁤:  ()
System.Reflection.RuntimeMethodInfo:Invoke (object,System.Reflection.BindingFlags,System.Reflection.Binder,object[],System.Globalization.CultureInfo)
System.Reflection.MethodBase:Invoke (object,object[])
UnityEditor.EditorAssemblies:ProcessInitializeOnLoadMethodAttributes ()

Mono: successfully reloaded assembly
- Finished resetting the current domain, in  0.795 seconds
Domain Reload Profiling: 1157ms
	BeginReloadAssembly (157ms)
		ExecutionOrderSort (0ms)
		DisableScriptedObjects (3ms)
		BackupInstance (0ms)
		ReleaseScriptingObjects (0ms)
		CreateAndSetChildDomain (36ms)
	RebuildCommonClasses (29ms)
	RebuildNativeTypeToScriptingClass (10ms)
	initialDomainReloadingComplete (21ms)
	LoadAllAssembliesAndSetupDomain (145ms)
		LoadAssemblies (221ms)
		RebuildTransferFunctionScriptingTraits (0ms)
		AnalyzeDomain (11ms)
			TypeCache.Refresh (7ms)
				TypeCache.ScanAssembly (0ms)
			ScanForSourceGeneratedMonoScriptInfo (0ms)
			ResolveRequiredComponents (3ms)
	FinalizeReload (795ms)
		ReleaseScriptCaches (0ms)
		RebuildScriptCaches (0ms)
		SetupLoadedEditorAssemblies (536ms)
			LogAssemblyErrors (0ms)
			InitializePlatformSupportModulesInManaged (28ms)
			SetLoadedEditorAssemblies (4ms)
			RefreshPlugins (0ms)
			BeforeProcessingInitializeOnLoad (42ms)
			ProcessInitializeOnLoadAttributes (418ms)
			ProcessInitializeOnLoadMethodAttributes (42ms)
			AfterProcessingInitializeOnLoad (3ms)
			EditorAssembliesLoaded (0ms)
		ExecutionOrderSort2 (0ms)
		AwakeInstancesAfterBackupRestoration (6ms)
Refreshing native plugins compatible for Editor in 0.95 ms, found 2 plugins.
Preloading 0 native plugins for Editor in 0.00 ms.
Release of invalid GC handle. The handle is from a previous domain. The release operation is skipped.
Release of invalid GC handle native callstack: 
0x00007ff63674eb5d (Unity) StackWalker::GetCurrentCallstack
0x00007ff636753c39 (Unity) StackWalker::ShowCallstack
0x00007ff637744851 (Unity) GetStacktrace
0x00007ff63664ae8d (Unity) ScriptingGCHandle::ReleaseAndClear
0x00007ff636c1081c (Unity) UploadHandlerRaw::`vector deleting destructor'
0x00007ff636c113cd (Unity) UploadHandler::Release
0x00007ff636c0dc6d (Unity) UnityWebRequestProto<UnityWebRequestTransport,AtomicRefCounter,RedirectHelper,ResponseHelper,DownloadHandler,UploadHandler,CertificateHandler,HeaderHelper,AsyncOperation>::~UnityWebRequestProto<UnityWebRequestTransport,AtomicRefCounter,RedirectHelper,ResponseHelper,DownloadHandler,UploadHandler,CertificateHandler,HeaderHelper,AsyncOperation>
0x00007ff636c0df66 (Unity) UnityWebRequest::`vector deleting destructor'
0x00007ff6359640a7 (Unity) UnityWebRequestProto<UnityWebRequestTransport,AtomicRefCounter,RedirectHelper,ResponseHelper,DownloadHandler,UploadHandler,CertificateHandler,HeaderHelper,AsyncOperation>::Release
0x00007ff636c0f995 (Unity) UnityWebRequestAsyncOperation::InvokeCoroutine
0x00007ff636c0fb71 (Unity) UnityWebRequestProto<UnityWebRequestTransport,AtomicRefCounter,RedirectHelper,ResponseHelper,DownloadHandler,UploadHandler,CertificateHandler,HeaderHelper,AsyncOperation>::Job_InvokeCoroutine
0x00007ff636277d2a (Unity) BackgroundJobQueue::ExecuteMainThreadJobs
0x00007ff63632b49f (Unity) PreloadManager::WaitForAllAsyncOperationsToComplete
0x00007ff637aea248 (Unity) <lambda_b37b41f03089e3cb3f55061bbc93253d>::operator()
0x00007ff637b25a22 (Unity) asio::detail::completion_handler<core::mutable_function<void __cdecl(void)>,asio::io_context::basic_executor_type<std::allocator<void>,0> >::do_complete
0x00007ff637b1196e (Unity) asio::detail::win_iocp_io_context::do_one
0x00007ff637b135d4 (Unity) asio::detail::win_iocp_io_context::run
0x00007ff637b23dcc (Unity) IOService::Run
0x00007ff637af71cf (Unity) AssetImportWorkerClient::Run
0x00007ff637ac2b37 (Unity) RunAssetImportWorkerClientV2
0x00007ff637ac2bbb (Unity) RunAssetImporterV2
0x00007ff6372bba5e (Unity) Application::InitializeProject
0x00007ff63774f4e5 (Unity) WinMain
0x00007ff638b014de (Unity) __scrt_common_main_seh
0x00007ffd6b887374 (KERNEL32) BaseThreadInitThunk
0x00007ffd6d89cc91 (ntdll) RtlUserThreadStart
Unloading 1420 Unused Serialized files (Serialized files now loaded: 0)
Unloading 11 unused Assets / (26.5 KB). Loaded Objects now: 2293.
Memory consumption went from 110.8 MB to 110.8 MB.
Total: 2.908400 ms (FindLiveObjects: 0.172100 ms CreateObjectMapping: 0.047400 ms MarkObjects: 2.655100 ms  DeleteObjects: 0.032600 ms)

Prepare: number of updated asset objects reloaded= 0
AssetImportParameters requested are different than current active one (requested -> active):
  custom:video-encoder-webm-vp8: eb34c28f22e8b96e1ab97ce403110664 -> 
  custom:video-decoder-webm-vp8: 9c59270c3fd7afecdb556c50c9e8de78 -> 
  custom:audio-decoder-ogg-vorbis: bf7c407c2cedff20999df2af8eb42d56 -> 
  custom:scripting/monoscript/fileName/PlayerMovement2.cs: de5dad4c3545ad8f9f6984966a40b37a -> 
  custom:SearchIndexIgnoredProperties: e643bd26f0fe6173181afceb89e7c659 -> 
  custom:container-demuxer-ogg: 62fdf1f143b41e24485cea50d1cbac27 -> 
  custom:AudioImporter_EditorPlatform: d09bf68614088b80899f8185d706f6e7 -> 
  custom:CustomObjectIndexerAttribute: 9a22284fe3817be447336de3de66b15e -> 
  custom:container-demuxer-webm: 4f35f7cbe854078d1ac9338744f61a02 -> 
  custom:scripting/monoscript/fileName/Trunk.cs: 3c77c879876a19ef3d7b12fd707afdea -> 
  custom:scripting/monoscript/fileName/ChunkGenerator.cs: c34ac5ef3d79f6264782925317061fad -> 
  custom:video-decoder-ogg-theora: a1e56fd34408186e4bbccfd4996cb3dc -> 
  custom:audio-encoder-webm-vorbis: bf7c407c2cedff20999df2af8eb42d56 -> 
  custom:framework-win-MediaFoundation: 216162199b28c13a410421893ffa2e32 -> 
  custom:scripting/precompiled-assembly-types:Assembly-CSharp: d9892b3dad924f4ddb54efe5d606d426 -> 482e17d551b00cd7946e9d7b35e05131
  custom:scripting/monoscript/fileName/Chunk.cs: 2c601e55a29a773029fef31d3cc0f584 -> 
  custom:container-muxer-webm: aa71ff27fc2769a1b78a27578f13a17b -> 
========================================================================
Received Prepare
Caller must complete domain reload
Begin MonoManager ReloadAssembly
- Loaded All Assemblies, in  0.353 seconds
Native extension for WindowsStandalone target not found
Native extension for iOS target not found
Native extension for Android target not found
[Package Manager] Server::EnsureServerProcessIsRunning -- launch failed, reason: Unity was launched with the -noUpm command-line argument
[Package Manager] UpmClient::Send -- Unable to send message (not connected to UPM process).
[Package Manager] Cannot connect to Unity Package Manager local server
[Package Manager] Server::EnsureServerProcessIsRunning -- launch failed, reason: Unity was launched with the -noUpm command-line argument
[Package Manager] UpmClient::Send -- Unable to send message (not connected to UPM process).
[Package Manager] Cannot connect to Unity Package Manager local server
Failed to sync packages list
UnityEngine.StackTraceUtility:ExtractStackTrace ()
UnityEngine.DebugLogHandler:LogFormat (UnityEngine.LogType,UnityEngine.Object,string,object[])
UnityEngine.Logger:Log (UnityEngine.LogType,object)
UnityEngine.Debug:LogWarning (object)
 .  / :MoveNext ()
System.Runtime.CompilerServices.AsyncTaskMethodBuilder:Start< .  / > ( .  / &)
 .  :  ()
 .⁤/ :MoveNext ()
System.Runtime.CompilerServices.AsyncTaskMethodBuilder:Start< .⁤/ > ( .⁤/ &)
 .⁤:  ()
System.Reflection.RuntimeMethodInfo:Invoke (object,System.Reflection.BindingFlags,System.Reflection.Binder,object[],System.Globalization.CultureInfo)
System.Reflection.MethodBase:Invoke (object,object[])
UnityEditor.EditorAssemblies:ProcessInitializeOnLoadMethodAttributes ()

Mono: successfully reloaded assembly
- Finished resetting the current domain, in  0.713 seconds
Domain Reload Profiling: 1066ms
	BeginReloadAssembly (149ms)
		ExecutionOrderSort (0ms)
		DisableScriptedObjects (6ms)
		BackupInstance (0ms)
		ReleaseScriptingObjects (0ms)
		CreateAndSetChildDomain (34ms)
	RebuildCommonClasses (33ms)
	RebuildNativeTypeToScriptingClass (10ms)
	initialDomainReloadingComplete (23ms)
	LoadAllAssembliesAndSetupDomain (138ms)
		LoadAssemblies (209ms)
		RebuildTransferFunctionScriptingTraits (0ms)
		AnalyzeDomain (8ms)
			TypeCache.Refresh (5ms)
				TypeCache.ScanAssembly (0ms)
			ScanForSourceGeneratedMonoScriptInfo (0ms)
			ResolveRequiredComponents (2ms)
	FinalizeReload (714ms)
		ReleaseScriptCaches (0ms)
		RebuildScriptCaches (0ms)
		SetupLoadedEditorAssemblies (490ms)
			LogAssemblyErrors (0ms)
			InitializePlatformSupportModulesInManaged (22ms)
			SetLoadedEditorAssemblies (2ms)
			RefreshPlugins (0ms)
			BeforeProcessingInitializeOnLoad (43ms)
			ProcessInitializeOnLoadAttributes (381ms)
			ProcessInitializeOnLoadMethodAttributes (40ms)
			AfterProcessingInitializeOnLoad (2ms)
			EditorAssembliesLoaded (0ms)
		ExecutionOrderSort2 (0ms)
		AwakeInstancesAfterBackupRestoration (5ms)
Refreshing native plugins compatible for Editor in 0.96 ms, found 2 plugins.
Preloading 0 native plugins for Editor in 0.00 ms.
Release of invalid GC handle. The handle is from a previous domain. The release operation is skipped.
Release of invalid GC handle native callstack: 
0x00007ff63674eb5d (Unity) StackWalker::GetCurrentCallstack
0x00007ff636753c39 (Unity) StackWalker::ShowCallstack
0x00007ff637744851 (Unity) GetStacktrace
0x00007ff63664ae8d (Unity) ScriptingGCHandle::ReleaseAndClear
0x00007ff636c1081c (Unity) UploadHandlerRaw::`vector deleting destructor'
0x00007ff636c113cd (Unity) UploadHandler::Release
0x00007ff636c0dc6d (Unity) UnityWebRequestProto<UnityWebRequestTransport,AtomicRefCounter,RedirectHelper,ResponseHelper,DownloadHandler,UploadHandler,CertificateHandler,HeaderHelper,AsyncOperation>::~UnityWebRequestProto<UnityWebRequestTransport,AtomicRefCounter,RedirectHelper,ResponseHelper,DownloadHandler,UploadHandler,CertificateHandler,HeaderHelper,AsyncOperation>
0x00007ff636c0df66 (Unity) UnityWebRequest::`vector deleting destructor'
0x00007ff6359640a7 (Unity) UnityWebRequestProto<UnityWebRequestTransport,AtomicRefCounter,RedirectHelper,ResponseHelper,DownloadHandler,UploadHandler,CertificateHandler,HeaderHelper,AsyncOperation>::Release
0x00007ff636c0f995 (Unity) UnityWebRequestAsyncOperation::InvokeCoroutine
0x00007ff636c0fb71 (Unity) UnityWebRequestProto<UnityWebRequestTransport,AtomicRefCounter,RedirectHelper,ResponseHelper,DownloadHandler,UploadHandler,CertificateHandler,HeaderHelper,AsyncOperation>::Job_InvokeCoroutine
0x00007ff636277d2a (Unity) BackgroundJobQueue::ExecuteMainThreadJobs
0x00007ff63632b49f (Unity) PreloadManager::WaitForAllAsyncOperationsToComplete
0x00007ff637aea248 (Unity) <lambda_b37b41f03089e3cb3f55061bbc93253d>::operator()
0x00007ff637b25a22 (Unity) asio::detail::completion_handler<core::mutable_function<void __cdecl(void)>,asio::io_context::basic_executor_type<std::allocator<void>,0> >::do_complete
0x00007ff637b1196e (Unity) asio::detail::win_iocp_io_context::do_one
0x00007ff637b135d4 (Unity) asio::detail::win_iocp_io_context::run
0x00007ff637b23dcc (Unity) IOService::Run
0x00007ff637af71cf (Unity) AssetImportWorkerClient::Run
0x00007ff637ac2b37 (Unity) RunAssetImportWorkerClientV2
0x00007ff637ac2bbb (Unity) RunAssetImporterV2
0x00007ff6372bba5e (Unity) Application::InitializeProject
0x00007ff63774f4e5 (Unity) WinMain
0x00007ff638b014de (Unity) __scrt_common_main_seh
0x00007ffd6b887374 (KERNEL32) BaseThreadInitThunk
0x00007ffd6d89cc91 (ntdll) RtlUserThreadStart
Unloading 1420 Unused Serialized files (Serialized files now loaded: 0)
Unloading 11 unused Assets / (26.6 KB). Loaded Objects now: 2298.
Memory consumption went from 111.0 MB to 110.9 MB.
Total: 3.088600 ms (FindLiveObjects: 0.155700 ms CreateObjectMapping: 0.039800 ms MarkObjects: 2.830700 ms  DeleteObjects: 0.060600 ms)

Prepare: number of updated asset objects reloaded= 0
AssetImportParameters requested are different than current active one (requested -> active):
  custom:video-encoder-webm-vp8: eb34c28f22e8b96e1ab97ce403110664 -> 
  custom:video-decoder-webm-vp8: 9c59270c3fd7afecdb556c50c9e8de78 -> 
  custom:audio-decoder-ogg-vorbis: bf7c407c2cedff20999df2af8eb42d56 -> 
  custom:scripting/monoscript/fileName/PlayerMovement2.cs: de5dad4c3545ad8f9f6984966a40b37a -> 
  custom:SearchIndexIgnoredProperties: e643bd26f0fe6173181afceb89e7c659 -> 
  custom:container-demuxer-ogg: 62fdf1f143b41e24485cea50d1cbac27 -> 
  custom:AudioImporter_EditorPlatform: d09bf68614088b80899f8185d706f6e7 -> 
  custom:CustomObjectIndexerAttribute: 9a22284fe3817be447336de3de66b15e -> 
  custom:container-demuxer-webm: 4f35f7cbe854078d1ac9338744f61a02 -> 
  custom:scripting/monoscript/fileName/Trunk.cs: 3c77c879876a19ef3d7b12fd707afdea -> 
  custom:scripting/monoscript/fileName/ChunkGenerator.cs: c34ac5ef3d79f6264782925317061fad -> 
  custom:video-decoder-ogg-theora: a1e56fd34408186e4bbccfd4996cb3dc -> 
  custom:audio-encoder-webm-vorbis: bf7c407c2cedff20999df2af8eb42d56 -> 
  custom:framework-win-MediaFoundation: 216162199b28c13a410421893ffa2e32 -> 
  custom:scripting/precompiled-assembly-types:Assembly-CSharp: d9892b3dad924f4ddb54efe5d606d426 -> 482e17d551b00cd7946e9d7b35e05131
  custom:scripting/monoscript/fileName/Chunk.cs: 2c601e55a29a773029fef31d3cc0f584 -> 
  custom:container-muxer-webm: aa71ff27fc2769a1b78a27578f13a17b -> 
========================================================================
Received Prepare
Caller must complete domain reload
Begin MonoManager ReloadAssembly
- Loaded All Assemblies, in  0.429 seconds
Native extension for WindowsStandalone target not found
Native extension for iOS target not found
Native extension for Android target not found
[Package Manager] Server::EnsureServerProcessIsRunning -- launch failed, reason: Unity was launched with the -noUpm command-line argument
[Package Manager] UpmClient::Send -- Unable to send message (not connected to UPM process).
[Package Manager] Cannot connect to Unity Package Manager local server
[Package Manager] Server::EnsureServerProcessIsRunning -- launch failed, reason: Unity was launched with the -noUpm command-line argument
[Package Manager] UpmClient::Send -- Unable to send message (not connected to UPM process).
[Package Manager] Cannot connect to Unity Package Manager local server
Failed to sync packages list
UnityEngine.StackTraceUtility:ExtractStackTrace ()
UnityEngine.DebugLogHandler:LogFormat (UnityEngine.LogType,UnityEngine.Object,string,object[])
UnityEngine.Logger:Log (UnityEngine.LogType,object)
UnityEngine.Debug:LogWarning (object)
 .  / :MoveNext ()
System.Runtime.CompilerServices.AsyncTaskMethodBuilder:Start< .  / > ( .  / &)
 .  :  ()
 .⁤/ :MoveNext ()
System.Runtime.CompilerServices.AsyncTaskMethodBuilder:Start< .⁤/ > ( .⁤/ &)
 .⁤:  ()
System.Reflection.RuntimeMethodInfo:Invoke (object,System.Reflection.BindingFlags,System.Reflection.Binder,object[],System.Globalization.CultureInfo)
System.Reflection.MethodBase:Invoke (object,object[])
UnityEditor.EditorAssemblies:ProcessInitializeOnLoadMethodAttributes ()

Mono: successfully reloaded assembly
- Finished resetting the current domain, in  0.849 seconds
Domain Reload Profiling: 1278ms
	BeginReloadAssembly (171ms)
		ExecutionOrderSort (0ms)
		DisableScriptedObjects (4ms)
		BackupInstance (0ms)
		ReleaseScriptingObjects (0ms)
		CreateAndSetChildDomain (44ms)
	RebuildCommonClasses (41ms)
	RebuildNativeTypeToScriptingClass (11ms)
	initialDomainReloadingComplete (27ms)
	LoadAllAssembliesAndSetupDomain (179ms)
		LoadAssemblies (255ms)
		RebuildTransferFunctionScriptingTraits (0ms)
		AnalyzeDomain (12ms)
			TypeCache.Refresh (6ms)
				TypeCache.ScanAssembly (0ms)
			ScanForSourceGeneratedMonoScriptInfo (0ms)
			ResolveRequiredComponents (4ms)
	FinalizeReload (849ms)
		ReleaseScriptCaches (0ms)
		RebuildScriptCaches (0ms)
		SetupLoadedEditorAssemblies (563ms)
			LogAssemblyErrors (0ms)
			InitializePlatformSupportModulesInManaged (23ms)
			SetLoadedEditorAssemblies (2ms)
			RefreshPlugins (0ms)
			BeforeProcessingInitializeOnLoad (44ms)
			ProcessInitializeOnLoadAttributes (446ms)
			ProcessInitializeOnLoadMethodAttributes (45ms)
			AfterProcessingInitializeOnLoad (3ms)
			EditorAssembliesLoaded (0ms)
		ExecutionOrderSort2 (0ms)
		AwakeInstancesAfterBackupRestoration (10ms)
Refreshing native plugins compatible for Editor in 1.40 ms, found 2 plugins.
Preloading 0 native plugins for Editor in 0.00 ms.
Release of invalid GC handle. The handle is from a previous domain. The release operation is skipped.
Release of invalid GC handle native callstack: 
0x00007ff63674eb5d (Unity) StackWalker::GetCurrentCallstack
0x00007ff636753c39 (Unity) StackWalker::ShowCallstack
0x00007ff637744851 (Unity) GetStacktrace
0x00007ff63664ae8d (Unity) ScriptingGCHandle::ReleaseAndClear
0x00007ff636c1081c (Unity) UploadHandlerRaw::`vector deleting destructor'
0x00007ff636c113cd (Unity) UploadHandler::Release
0x00007ff636c0dc6d (Unity) UnityWebRequestProto<UnityWebRequestTransport,AtomicRefCounter,RedirectHelper,ResponseHelper,DownloadHandler,UploadHandler,CertificateHandler,HeaderHelper,AsyncOperation>::~UnityWebRequestProto<UnityWebRequestTransport,AtomicRefCounter,RedirectHelper,ResponseHelper,DownloadHandler,UploadHandler,CertificateHandler,HeaderHelper,AsyncOperation>
0x00007ff636c0df66 (Unity) UnityWebRequest::`vector deleting destructor'
0x00007ff6359640a7 (Unity) UnityWebRequestProto<UnityWebRequestTransport,AtomicRefCounter,RedirectHelper,ResponseHelper,DownloadHandler,UploadHandler,CertificateHandler,HeaderHelper,AsyncOperation>::Release
0x00007ff636c0f995 (Unity) UnityWebRequestAsyncOperation::InvokeCoroutine
0x00007ff636c0fb71 (Unity) UnityWebRequestProto<UnityWebRequestTransport,AtomicRefCounter,RedirectHelper,ResponseHelper,DownloadHandler,UploadHandler,CertificateHandler,HeaderHelper,AsyncOperation>::Job_InvokeCoroutine
0x00007ff636277d2a (Unity) BackgroundJobQueue::ExecuteMainThreadJobs
0x00007ff63632b49f (Unity) PreloadManager::WaitForAllAsyncOperationsToComplete
0x00007ff637aea248 (Unity) <lambda_b37b41f03089e3cb3f55061bbc93253d>::operator()
0x00007ff637b25a22 (Unity) asio::detail::completion_handler<core::mutable_function<void __cdecl(void)>,asio::io_context::basic_executor_type<std::allocator<void>,0> >::do_complete
0x00007ff637b1196e (Unity) asio::detail::win_iocp_io_context::do_one
0x00007ff637b135d4 (Unity) asio::detail::win_iocp_io_context::run
0x00007ff637b23dcc (Unity) IOService::Run
0x00007ff637af71cf (Unity) AssetImportWorkerClient::Run
0x00007ff637ac2b37 (Unity) RunAssetImportWorkerClientV2
0x00007ff637ac2bbb (Unity) RunAssetImporterV2
0x00007ff6372bba5e (Unity) Application::InitializeProject
0x00007ff63774f4e5 (Unity) WinMain
0x00007ff638b014de (Unity) __scrt_common_main_seh
0x00007ffd6b887374 (KERNEL32) BaseThreadInitThunk
0x00007ffd6d89cc91 (ntdll) RtlUserThreadStart
Unloading 1420 Unused Serialized files (Serialized files now loaded: 0)
Unloading 11 unused Assets / (26.7 KB). Loaded Objects now: 2303.
Memory consumption went from 111.1 MB to 111.1 MB.
Total: 4.460200 ms (FindLiveObjects: 0.212900 ms CreateObjectMapping: 0.065900 ms MarkObjects: 4.123600 ms  DeleteObjects: 0.056200 ms)

Prepare: number of updated asset objects reloaded= 0
AssetImportParameters requested are different than current active one (requested -> active):
  custom:video-encoder-webm-vp8: eb34c28f22e8b96e1ab97ce403110664 -> 
  custom:video-decoder-webm-vp8: 9c59270c3fd7afecdb556c50c9e8de78 -> 
  custom:audio-decoder-ogg-vorbis: bf7c407c2cedff20999df2af8eb42d56 -> 
  custom:scripting/monoscript/fileName/PlayerMovement2.cs: de5dad4c3545ad8f9f6984966a40b37a -> 
  custom:SearchIndexIgnoredProperties: e643bd26f0fe6173181afceb89e7c659 -> 
  custom:container-demuxer-ogg: 62fdf1f143b41e24485cea50d1cbac27 -> 
  custom:AudioImporter_EditorPlatform: d09bf68614088b80899f8185d706f6e7 -> 
  custom:CustomObjectIndexerAttribute: 9a22284fe3817be447336de3de66b15e -> 
  custom:container-demuxer-webm: 4f35f7cbe854078d1ac9338744f61a02 -> 
  custom:scripting/monoscript/fileName/Trunk.cs: 3c77c879876a19ef3d7b12fd707afdea -> 
  custom:scripting/monoscript/fileName/ChunkGenerator.cs: c34ac5ef3d79f6264782925317061fad -> 
  custom:video-decoder-ogg-theora: a1e56fd34408186e4bbccfd4996cb3dc -> 
  custom:audio-encoder-webm-vorbis: bf7c407c2cedff20999df2af8eb42d56 -> 
  custom:framework-win-MediaFoundation: 216162199b28c13a410421893ffa2e32 -> 
  custom:scripting/precompiled-assembly-types:Assembly-CSharp: d9892b3dad924f4ddb54efe5d606d426 -> 482e17d551b00cd7946e9d7b35e05131
  custom:scripting/monoscript/fileName/Chunk.cs: 2c601e55a29a773029fef31d3cc0f584 -> 
  custom:container-muxer-webm: aa71ff27fc2769a1b78a27578f13a17b -> 
========================================================================
Received Prepare
Caller must complete domain reload
Begin MonoManager ReloadAssembly
- Loaded All Assemblies, in  0.370 seconds
Native extension for WindowsStandalone target not found
Native extension for iOS target not found
Native extension for Android target not found
[Package Manager] Server::EnsureServerProcessIsRunning -- launch failed, reason: Unity was launched with the -noUpm command-line argument
[Package Manager] UpmClient::Send -- Unable to send message (not connected to UPM process).
[Package Manager] Cannot connect to Unity Package Manager local server
[Package Manager] Server::EnsureServerProcessIsRunning -- launch failed, reason: Unity was launched with the -noUpm command-line argument
[Package Manager] UpmClient::Send -- Unable to send message (not connected to UPM process).
[Package Manager] Cannot connect to Unity Package Manager local server
Failed to sync packages list
UnityEngine.StackTraceUtility:ExtractStackTrace ()
UnityEngine.DebugLogHandler:LogFormat (UnityEngine.LogType,UnityEngine.Object,string,object[])
UnityEngine.Logger:Log (UnityEngine.LogType,object)
UnityEngine.Debug:LogWarning (object)
 .  / :MoveNext ()
System.Runtime.CompilerServices.AsyncTaskMethodBuilder:Start< .  / > ( .  / &)
 .  :  ()
 .⁤/ :MoveNext ()
System.Runtime.CompilerServices.AsyncTaskMethodBuilder:Start< .⁤/ > ( .⁤/ &)
 .⁤:  ()
System.Reflection.RuntimeMethodInfo:Invoke (object,System.Reflection.BindingFlags,System.Reflection.Binder,object[],System.Globalization.CultureInfo)
System.Reflection.MethodBase:Invoke (object,object[])
UnityEditor.EditorAssemblies:ProcessInitializeOnLoadMethodAttributes ()

Mono: successfully reloaded assembly
- Finished resetting the current domain, in  0.753 seconds
Domain Reload Profiling: 1123ms
	BeginReloadAssembly (152ms)
		ExecutionOrderSort (0ms)
		DisableScriptedObjects (7ms)
		BackupInstance (0ms)
		ReleaseScriptingObjects (0ms)
		CreateAndSetChildDomain (35ms)
	RebuildCommonClasses (28ms)
	RebuildNativeTypeToScriptingClass (9ms)
	initialDomainReloadingComplete (23ms)
	LoadAllAssembliesAndSetupDomain (156ms)
		LoadAssemblies (220ms)
		RebuildTransferFunctionScriptingTraits (0ms)
		AnalyzeDomain (18ms)
			TypeCache.Refresh (9ms)
				TypeCache.ScanAssembly (0ms)
			ScanForSourceGeneratedMonoScriptInfo (6ms)
			ResolveRequiredComponents (2ms)
	FinalizeReload (753ms)
		ReleaseScriptCaches (0ms)
		RebuildScriptCaches (0ms)
		SetupLoadedEditorAssemblies (507ms)
			LogAssemblyErrors (0ms)
			InitializePlatformSupportModulesInManaged (23ms)
			SetLoadedEditorAssemblies (2ms)
			RefreshPlugins (0ms)
			BeforeProcessingInitializeOnLoad (36ms)
			ProcessInitializeOnLoadAttributes (395ms)
			ProcessInitializeOnLoadMethodAttributes (49ms)
			AfterProcessingInitializeOnLoad (2ms)
			EditorAssembliesLoaded (0ms)
		ExecutionOrderSort2 (0ms)
		AwakeInstancesAfterBackupRestoration (8ms)
Refreshing native plugins compatible for Editor in 1.13 ms, found 2 plugins.
Preloading 0 native plugins for Editor in 0.00 ms.
Release of invalid GC handle. The handle is from a previous domain. The release operation is skipped.
Release of invalid GC handle native callstack: 
0x00007ff63674eb5d (Unity) StackWalker::GetCurrentCallstack
0x00007ff636753c39 (Unity) StackWalker::ShowCallstack
0x00007ff637744851 (Unity) GetStacktrace
0x00007ff63664ae8d (Unity) ScriptingGCHandle::ReleaseAndClear
0x00007ff636c1081c (Unity) UploadHandlerRaw::`vector deleting destructor'
0x00007ff636c113cd (Unity) UploadHandler::Release
0x00007ff636c0dc6d (Unity) UnityWebRequestProto<UnityWebRequestTransport,AtomicRefCounter,RedirectHelper,ResponseHelper,DownloadHandler,UploadHandler,CertificateHandler,HeaderHelper,AsyncOperation>::~UnityWebRequestProto<UnityWebRequestTransport,AtomicRefCounter,RedirectHelper,ResponseHelper,DownloadHandler,UploadHandler,CertificateHandler,HeaderHelper,AsyncOperation>
0x00007ff636c0df66 (Unity) UnityWebRequest::`vector deleting destructor'
0x00007ff6359640a7 (Unity) UnityWebRequestProto<UnityWebRequestTransport,AtomicRefCounter,RedirectHelper,ResponseHelper,DownloadHandler,UploadHandler,CertificateHandler,HeaderHelper,AsyncOperation>::Release
0x00007ff636c0f995 (Unity) UnityWebRequestAsyncOperation::InvokeCoroutine
0x00007ff636c0fb71 (Unity) UnityWebRequestProto<UnityWebRequestTransport,AtomicRefCounter,RedirectHelper,ResponseHelper,DownloadHandler,UploadHandler,CertificateHandler,HeaderHelper,AsyncOperation>::Job_InvokeCoroutine
0x00007ff636277d2a (Unity) BackgroundJobQueue::ExecuteMainThreadJobs
0x00007ff63632b49f (Unity) PreloadManager::WaitForAllAsyncOperationsToComplete
0x00007ff637aea248 (Unity) <lambda_b37b41f03089e3cb3f55061bbc93253d>::operator()
0x00007ff637b25a22 (Unity) asio::detail::completion_handler<core::mutable_function<void __cdecl(void)>,asio::io_context::basic_executor_type<std::allocator<void>,0> >::do_complete
0x00007ff637b1196e (Unity) asio::detail::win_iocp_io_context::do_one
0x00007ff637b135d4 (Unity) asio::detail::win_iocp_io_context::run
0x00007ff637b23dcc (Unity) IOService::Run
0x00007ff637af71cf (Unity) AssetImportWorkerClient::Run
0x00007ff637ac2b37 (Unity) RunAssetImportWorkerClientV2
0x00007ff637ac2bbb (Unity) RunAssetImporterV2
0x00007ff6372bba5e (Unity) Application::InitializeProject
0x00007ff63774f4e5 (Unity) WinMain
0x00007ff638b014de (Unity) __scrt_common_main_seh
0x00007ffd6b887374 (KERNEL32) BaseThreadInitThunk
0x00007ffd6d89cc91 (ntdll) RtlUserThreadStart
Unloading 1420 Unused Serialized files (Serialized files now loaded: 0)
Unloading 11 unused Assets / (26.7 KB). Loaded Objects now: 2308.
Memory consumption went from 111.3 MB to 111.3 MB.
Total: 3.799400 ms (FindLiveObjects: 0.149500 ms CreateObjectMapping: 0.037700 ms MarkObjects: 3.561900 ms  DeleteObjects: 0.049500 ms)

Prepare: number of updated asset objects reloaded= 0
AssetImportParameters requested are different than current active one (requested -> active):
  custom:video-encoder-webm-vp8: eb34c28f22e8b96e1ab97ce403110664 -> 
  custom:video-decoder-webm-vp8: 9c59270c3fd7afecdb556c50c9e8de78 -> 
  custom:audio-decoder-ogg-vorbis: bf7c407c2cedff20999df2af8eb42d56 -> 
  custom:scripting/monoscript/fileName/PlayerMovement2.cs: de5dad4c3545ad8f9f6984966a40b37a -> 
  custom:SearchIndexIgnoredProperties: e643bd26f0fe6173181afceb89e7c659 -> 
  custom:container-demuxer-ogg: 62fdf1f143b41e24485cea50d1cbac27 -> 
  custom:AudioImporter_EditorPlatform: d09bf68614088b80899f8185d706f6e7 -> 
  custom:CustomObjectIndexerAttribute: 9a22284fe3817be447336de3de66b15e -> 
  custom:container-demuxer-webm: 4f35f7cbe854078d1ac9338744f61a02 -> 
  custom:scripting/monoscript/fileName/Trunk.cs: 3c77c879876a19ef3d7b12fd707afdea -> 
  custom:scripting/monoscript/fileName/ChunkGenerator.cs: c34ac5ef3d79f6264782925317061fad -> 
  custom:video-decoder-ogg-theora: a1e56fd34408186e4bbccfd4996cb3dc -> 
  custom:audio-encoder-webm-vorbis: bf7c407c2cedff20999df2af8eb42d56 -> 
  custom:framework-win-MediaFoundation: 216162199b28c13a410421893ffa2e32 -> 
  custom:scripting/precompiled-assembly-types:Assembly-CSharp: d9892b3dad924f4ddb54efe5d606d426 -> 482e17d551b00cd7946e9d7b35e05131
  custom:scripting/monoscript/fileName/Chunk.cs: 2c601e55a29a773029fef31d3cc0f584 -> 
  custom:container-muxer-webm: aa71ff27fc2769a1b78a27578f13a17b -> 
========================================================================
Received Prepare
Caller must complete domain reload
Begin MonoManager ReloadAssembly
- Loaded All Assemblies, in  0.364 seconds
Native extension for WindowsStandalone target not found
Native extension for iOS target not found
Native extension for Android target not found
[Package Manager] Server::EnsureServerProcessIsRunning -- launch failed, reason: Unity was launched with the -noUpm command-line argument
[Package Manager] UpmClient::Send -- Unable to send message (not connected to UPM process).
[Package Manager] Cannot connect to Unity Package Manager local server
[Package Manager] Server::EnsureServerProcessIsRunning -- launch failed, reason: Unity was launched with the -noUpm command-line argument
[Package Manager] UpmClient::Send -- Unable to send message (not connected to UPM process).
[Package Manager] Cannot connect to Unity Package Manager local server
Failed to sync packages list
UnityEngine.StackTraceUtility:ExtractStackTrace ()
UnityEngine.DebugLogHandler:LogFormat (UnityEngine.LogType,UnityEngine.Object,string,object[])
UnityEngine.Logger:Log (UnityEngine.LogType,object)
UnityEngine.Debug:LogWarning (object)
 .  / :MoveNext ()
System.Runtime.CompilerServices.AsyncTaskMethodBuilder:Start< .  / > ( .  / &)
 .  :  ()
 .⁤/ :MoveNext ()
System.Runtime.CompilerServices.AsyncTaskMethodBuilder:Start< .⁤/ > ( .⁤/ &)
 .⁤:  ()
System.Reflection.RuntimeMethodInfo:Invoke (object,System.Reflection.BindingFlags,System.Reflection.Binder,object[],System.Globalization.CultureInfo)
System.Reflection.MethodBase:Invoke (object,object[])
UnityEditor.EditorAssemblies:ProcessInitializeOnLoadMethodAttributes ()

Mono: successfully reloaded assembly
- Finished resetting the current domain, in  0.737 seconds
Domain Reload Profiling: 1102ms
	BeginReloadAssembly (153ms)
		ExecutionOrderSort (0ms)
		DisableScriptedObjects (5ms)
		BackupInstance (0ms)
		ReleaseScriptingObjects (0ms)
		CreateAndSetChildDomain (36ms)
	RebuildCommonClasses (30ms)
	RebuildNativeTypeToScriptingClass (10ms)
	initialDomainReloadingComplete (23ms)
	LoadAllAssembliesAndSetupDomain (149ms)
		LoadAssemblies (215ms)
		RebuildTransferFunctionScriptingTraits (0ms)
		AnalyzeDomain (8ms)
			TypeCache.Refresh (4ms)
				TypeCache.ScanAssembly (0ms)
			ScanForSourceGeneratedMonoScriptInfo (0ms)
			ResolveRequiredComponents (2ms)
	FinalizeReload (738ms)
		ReleaseScriptCaches (0ms)
		RebuildScriptCaches (0ms)
		SetupLoadedEditorAssemblies (499ms)
			LogAssemblyErrors (0ms)
			InitializePlatformSupportModulesInManaged (29ms)
			SetLoadedEditorAssemblies (3ms)
			RefreshPlugins (0ms)
			BeforeProcessingInitializeOnLoad (36ms)
			ProcessInitializeOnLoadAttributes (387ms)
			ProcessInitializeOnLoadMethodAttributes (42ms)
			AfterProcessingInitializeOnLoad (2ms)
			EditorAssembliesLoaded (0ms)
		ExecutionOrderSort2 (0ms)
		AwakeInstancesAfterBackupRestoration (6ms)
Refreshing native plugins compatible for Editor in 1.00 ms, found 2 plugins.
Preloading 0 native plugins for Editor in 0.00 ms.
Release of invalid GC handle. The handle is from a previous domain. The release operation is skipped.
Release of invalid GC handle native callstack: 
0x00007ff63674eb5d (Unity) StackWalker::GetCurrentCallstack
0x00007ff636753c39 (Unity) StackWalker::ShowCallstack
0x00007ff637744851 (Unity) GetStacktrace
0x00007ff63664ae8d (Unity) ScriptingGCHandle::ReleaseAndClear
0x00007ff636c1081c (Unity) UploadHandlerRaw::`vector deleting destructor'
0x00007ff636c113cd (Unity) UploadHandler::Release
0x00007ff636c0dc6d (Unity) UnityWebRequestProto<UnityWebRequestTransport,AtomicRefCounter,RedirectHelper,ResponseHelper,DownloadHandler,UploadHandler,CertificateHandler,HeaderHelper,AsyncOperation>::~UnityWebRequestProto<UnityWebRequestTransport,AtomicRefCounter,RedirectHelper,ResponseHelper,DownloadHandler,UploadHandler,CertificateHandler,HeaderHelper,AsyncOperation>
0x00007ff636c0df66 (Unity) UnityWebRequest::`vector deleting destructor'
0x00007ff6359640a7 (Unity) UnityWebRequestProto<UnityWebRequestTransport,AtomicRefCounter,RedirectHelper,ResponseHelper,DownloadHandler,UploadHandler,CertificateHandler,HeaderHelper,AsyncOperation>::Release
0x00007ff636c0f995 (Unity) UnityWebRequestAsyncOperation::InvokeCoroutine
0x00007ff636c0fb71 (Unity) UnityWebRequestProto<UnityWebRequestTransport,AtomicRefCounter,RedirectHelper,ResponseHelper,DownloadHandler,UploadHandler,CertificateHandler,HeaderHelper,AsyncOperation>::Job_InvokeCoroutine
0x00007ff636277d2a (Unity) BackgroundJobQueue::ExecuteMainThreadJobs
0x00007ff63632b49f (Unity) PreloadManager::WaitForAllAsyncOperationsToComplete
0x00007ff637aea248 (Unity) <lambda_b37b41f03089e3cb3f55061bbc93253d>::operator()
0x00007ff637b25a22 (Unity) asio::detail::completion_handler<core::mutable_function<void __cdecl(void)>,asio::io_context::basic_executor_type<std::allocator<void>,0> >::do_complete
0x00007ff637b1196e (Unity) asio::detail::win_iocp_io_context::do_one
0x00007ff637b135d4 (Unity) asio::detail::win_iocp_io_context::run
0x00007ff637b23dcc (Unity) IOService::Run
0x00007ff637af71cf (Unity) AssetImportWorkerClient::Run
0x00007ff637ac2b37 (Unity) RunAssetImportWorkerClientV2
0x00007ff637ac2bbb (Unity) RunAssetImporterV2
0x00007ff6372bba5e (Unity) Application::InitializeProject
0x00007ff63774f4e5 (Unity) WinMain
0x00007ff638b014de (Unity) __scrt_common_main_seh
0x00007ffd6b887374 (KERNEL32) BaseThreadInitThunk
0x00007ffd6d89cc91 (ntdll) RtlUserThreadStart
Unloading 1420 Unused Serialized files (Serialized files now loaded: 0)
Unloading 11 unused Assets / (26.7 KB). Loaded Objects now: 2313.
Memory consumption went from 111.4 MB to 111.4 MB.
Total: 3.772300 ms (FindLiveObjects: 0.209200 ms CreateObjectMapping: 0.082100 ms MarkObjects: 3.443200 ms  DeleteObjects: 0.036600 ms)

Prepare: number of updated asset objects reloaded= 0
AssetImportParameters requested are different than current active one (requested -> active):
  custom:video-encoder-webm-vp8: eb34c28f22e8b96e1ab97ce403110664 -> 
  custom:video-decoder-webm-vp8: 9c59270c3fd7afecdb556c50c9e8de78 -> 
  custom:audio-decoder-ogg-vorbis: bf7c407c2cedff20999df2af8eb42d56 -> 
  custom:scripting/monoscript/fileName/PlayerMovement2.cs: de5dad4c3545ad8f9f6984966a40b37a -> 
  custom:SearchIndexIgnoredProperties: e643bd26f0fe6173181afceb89e7c659 -> 
  custom:container-demuxer-ogg: 62fdf1f143b41e24485cea50d1cbac27 -> 
  custom:AudioImporter_EditorPlatform: d09bf68614088b80899f8185d706f6e7 -> 
  custom:CustomObjectIndexerAttribute: 9a22284fe3817be447336de3de66b15e -> 
  custom:container-demuxer-webm: 4f35f7cbe854078d1ac9338744f61a02 -> 
  custom:scripting/monoscript/fileName/Trunk.cs: 3c77c879876a19ef3d7b12fd707afdea -> 
  custom:scripting/monoscript/fileName/ChunkGenerator.cs: c34ac5ef3d79f6264782925317061fad -> 
  custom:video-decoder-ogg-theora: a1e56fd34408186e4bbccfd4996cb3dc -> 
  custom:audio-encoder-webm-vorbis: bf7c407c2cedff20999df2af8eb42d56 -> 
  custom:framework-win-MediaFoundation: 216162199b28c13a410421893ffa2e32 -> 
  custom:scripting/precompiled-assembly-types:Assembly-CSharp: d9892b3dad924f4ddb54efe5d606d426 -> 482e17d551b00cd7946e9d7b35e05131
  custom:scripting/monoscript/fileName/Chunk.cs: 2c601e55a29a773029fef31d3cc0f584 -> 
  custom:container-muxer-webm: aa71ff27fc2769a1b78a27578f13a17b -> 
========================================================================
Received Prepare
Caller must complete domain reload
Begin MonoManager ReloadAssembly
- Loaded All Assemblies, in  0.371 seconds
Native extension for WindowsStandalone target not found
Native extension for iOS target not found
Native extension for Android target not found
[Package Manager] Server::EnsureServerProcessIsRunning -- launch failed, reason: Unity was launched with the -noUpm command-line argument
[Package Manager] UpmClient::Send -- Unable to send message (not connected to UPM process).
[Package Manager] Cannot connect to Unity Package Manager local server
[Package Manager] Server::EnsureServerProcessIsRunning -- launch failed, reason: Unity was launched with the -noUpm command-line argument
[Package Manager] UpmClient::Send -- Unable to send message (not connected to UPM process).
[Package Manager] Cannot connect to Unity Package Manager local server
Failed to sync packages list
UnityEngine.StackTraceUtility:ExtractStackTrace ()
UnityEngine.DebugLogHandler:LogFormat (UnityEngine.LogType,UnityEngine.Object,string,object[])
UnityEngine.Logger:Log (UnityEngine.LogType,object)
UnityEngine.Debug:LogWarning (object)
 .  / :MoveNext ()
System.Runtime.CompilerServices.AsyncTaskMethodBuilder:Start< .  / > ( .  / &)
 .  :  ()
 .⁤/ :MoveNext ()
System.Runtime.CompilerServices.AsyncTaskMethodBuilder:Start< .⁤/ > ( .⁤/ &)
 .⁤:  ()
System.Reflection.RuntimeMethodInfo:Invoke (object,System.Reflection.BindingFlags,System.Reflection.Binder,object[],System.Globalization.CultureInfo)
System.Reflection.MethodBase:Invoke (object,object[])
UnityEditor.EditorAssemblies:ProcessInitializeOnLoadMethodAttributes ()

Mono: successfully reloaded assembly
- Finished resetting the current domain, in  0.748 seconds
Domain Reload Profiling: 1119ms
	BeginReloadAssembly (156ms)
		ExecutionOrderSort (0ms)
		DisableScriptedObjects (7ms)
		BackupInstance (0ms)
		ReleaseScriptingObjects (0ms)
		CreateAndSetChildDomain (40ms)
	RebuildCommonClasses (33ms)
	RebuildNativeTypeToScriptingClass (11ms)
	initialDomainReloadingComplete (21ms)
	LoadAllAssembliesAndSetupDomain (149ms)
		LoadAssemblies (211ms)
		RebuildTransferFunctionScriptingTraits (0ms)
		AnalyzeDomain (16ms)
			TypeCache.Refresh (6ms)
				TypeCache.ScanAssembly (0ms)
			ScanForSourceGeneratedMonoScriptInfo (6ms)
			ResolveRequiredComponents (2ms)
	FinalizeReload (749ms)
		ReleaseScriptCaches (0ms)
		RebuildScriptCaches (0ms)
		SetupLoadedEditorAssemblies (518ms)
			LogAssemblyErrors (0ms)
			InitializePlatformSupportModulesInManaged (21ms)
			SetLoadedEditorAssemblies (2ms)
			RefreshPlugins (0ms)
			BeforeProcessingInitializeOnLoad (38ms)
			ProcessInitializeOnLoadAttributes (407ms)
			ProcessInitializeOnLoadMethodAttributes (47ms)
			AfterProcessingInitializeOnLoad (3ms)
			EditorAssembliesLoaded (0ms)
		ExecutionOrderSort2 (0ms)
		AwakeInstancesAfterBackupRestoration (6ms)
Refreshing native plugins compatible for Editor in 1.02 ms, found 2 plugins.
Preloading 0 native plugins for Editor in 0.00 ms.
Release of invalid GC handle. The handle is from a previous domain. The release operation is skipped.
Release of invalid GC handle native callstack: 
0x00007ff63674eb5d (Unity) StackWalker::GetCurrentCallstack
0x00007ff636753c39 (Unity) StackWalker::ShowCallstack
0x00007ff637744851 (Unity) GetStacktrace
0x00007ff63664ae8d (Unity) ScriptingGCHandle::ReleaseAndClear
0x00007ff636c1081c (Unity) UploadHandlerRaw::`vector deleting destructor'
0x00007ff636c113cd (Unity) UploadHandler::Release
0x00007ff636c0dc6d (Unity) UnityWebRequestProto<UnityWebRequestTransport,AtomicRefCounter,RedirectHelper,ResponseHelper,DownloadHandler,UploadHandler,CertificateHandler,HeaderHelper,AsyncOperation>::~UnityWebRequestProto<UnityWebRequestTransport,AtomicRefCounter,RedirectHelper,ResponseHelper,DownloadHandler,UploadHandler,CertificateHandler,HeaderHelper,AsyncOperation>
0x00007ff636c0df66 (Unity) UnityWebRequest::`vector deleting destructor'
0x00007ff6359640a7 (Unity) UnityWebRequestProto<UnityWebRequestTransport,AtomicRefCounter,RedirectHelper,ResponseHelper,DownloadHandler,UploadHandler,CertificateHandler,HeaderHelper,AsyncOperation>::Release
0x00007ff636c0f995 (Unity) UnityWebRequestAsyncOperation::InvokeCoroutine
0x00007ff636c0fb71 (Unity) UnityWebRequestProto<UnityWebRequestTransport,AtomicRefCounter,RedirectHelper,ResponseHelper,DownloadHandler,UploadHandler,CertificateHandler,HeaderHelper,AsyncOperation>::Job_InvokeCoroutine
0x00007ff636277d2a (Unity) BackgroundJobQueue::ExecuteMainThreadJobs
0x00007ff63632b49f (Unity) PreloadManager::WaitForAllAsyncOperationsToComplete
0x00007ff637aea248 (Unity) <lambda_b37b41f03089e3cb3f55061bbc93253d>::operator()
0x00007ff637b25a22 (Unity) asio::detail::completion_handler<core::mutable_function<void __cdecl(void)>,asio::io_context::basic_executor_type<std::allocator<void>,0> >::do_complete
0x00007ff637b1196e (Unity) asio::detail::win_iocp_io_context::do_one
0x00007ff637b135d4 (Unity) asio::detail::win_iocp_io_context::run
0x00007ff637b23dcc (Unity) IOService::Run
0x00007ff637af71cf (Unity) AssetImportWorkerClient::Run
0x00007ff637ac2b37 (Unity) RunAssetImportWorkerClientV2
0x00007ff637ac2bbb (Unity) RunAssetImporterV2
0x00007ff6372bba5e (Unity) Application::InitializeProject
0x00007ff63774f4e5 (Unity) WinMain
0x00007ff638b014de (Unity) __scrt_common_main_seh
0x00007ffd6b887374 (KERNEL32) BaseThreadInitThunk
0x00007ffd6d89cc91 (ntdll) RtlUserThreadStart
Unloading 1420 Unused Serialized files (Serialized files now loaded: 0)
Unloading 11 unused Assets / (26.7 KB). Loaded Objects now: 2318.
Memory consumption went from 111.6 MB to 111.6 MB.
Total: 3.079300 ms (FindLiveObjects: 0.144000 ms CreateObjectMapping: 0.040300 ms MarkObjects: 2.853000 ms  DeleteObjects: 0.041000 ms)

Prepare: number of updated asset objects reloaded= 0
AssetImportParameters requested are different than current active one (requested -> active):
  custom:video-encoder-webm-vp8: eb34c28f22e8b96e1ab97ce403110664 -> 
  custom:video-decoder-webm-vp8: 9c59270c3fd7afecdb556c50c9e8de78 -> 
  custom:audio-decoder-ogg-vorbis: bf7c407c2cedff20999df2af8eb42d56 -> 
  custom:scripting/monoscript/fileName/PlayerMovement2.cs: de5dad4c3545ad8f9f6984966a40b37a -> 
  custom:SearchIndexIgnoredProperties: e643bd26f0fe6173181afceb89e7c659 -> 
  custom:container-demuxer-ogg: 62fdf1f143b41e24485cea50d1cbac27 -> 
  custom:AudioImporter_EditorPlatform: d09bf68614088b80899f8185d706f6e7 -> 
  custom:CustomObjectIndexerAttribute: 9a22284fe3817be447336de3de66b15e -> 
  custom:container-demuxer-webm: 4f35f7cbe854078d1ac9338744f61a02 -> 
  custom:scripting/monoscript/fileName/Trunk.cs: 3c77c879876a19ef3d7b12fd707afdea -> 
  custom:scripting/monoscript/fileName/ChunkGenerator.cs: c34ac5ef3d79f6264782925317061fad -> 
  custom:video-decoder-ogg-theora: a1e56fd34408186e4bbccfd4996cb3dc -> 
  custom:audio-encoder-webm-vorbis: bf7c407c2cedff20999df2af8eb42d56 -> 
  custom:framework-win-MediaFoundation: 216162199b28c13a410421893ffa2e32 -> 
  custom:scripting/precompiled-assembly-types:Assembly-CSharp: d9892b3dad924f4ddb54efe5d606d426 -> 482e17d551b00cd7946e9d7b35e05131
  custom:scripting/monoscript/fileName/Chunk.cs: 2c601e55a29a773029fef31d3cc0f584 -> 
  custom:container-muxer-webm: aa71ff27fc2769a1b78a27578f13a17b -> 
========================================================================
Received Prepare
Caller must complete domain reload
Begin MonoManager ReloadAssembly
- Loaded All Assemblies, in  0.346 seconds
Native extension for WindowsStandalone target not found
Native extension for iOS target not found
Native extension for Android target not found
[Package Manager] Server::EnsureServerProcessIsRunning -- launch failed, reason: Unity was launched with the -noUpm command-line argument
[Package Manager] UpmClient::Send -- Unable to send message (not connected to UPM process).
[Package Manager] Cannot connect to Unity Package Manager local server
[Package Manager] Server::EnsureServerProcessIsRunning -- launch failed, reason: Unity was launched with the -noUpm command-line argument
[Package Manager] UpmClient::Send -- Unable to send message (not connected to UPM process).
[Package Manager] Cannot connect to Unity Package Manager local server
Failed to sync packages list
UnityEngine.StackTraceUtility:ExtractStackTrace ()
UnityEngine.DebugLogHandler:LogFormat (UnityEngine.LogType,UnityEngine.Object,string,object[])
UnityEngine.Logger:Log (UnityEngine.LogType,object)
UnityEngine.Debug:LogWarning (object)
 .  / :MoveNext ()
System.Runtime.CompilerServices.AsyncTaskMethodBuilder:Start< .  / > ( .  / &)
 .  :  ()
 .⁤/ :MoveNext ()
System.Runtime.CompilerServices.AsyncTaskMethodBuilder:Start< .⁤/ > ( .⁤/ &)
 .⁤:  ()
System.Reflection.RuntimeMethodInfo:Invoke (object,System.Reflection.BindingFlags,System.Reflection.Binder,object[],System.Globalization.CultureInfo)
System.Reflection.MethodBase:Invoke (object,object[])
UnityEditor.EditorAssemblies:ProcessInitializeOnLoadMethodAttributes ()

Mono: successfully reloaded assembly
- Finished resetting the current domain, in  0.702 seconds
Domain Reload Profiling: 1049ms
	BeginReloadAssembly (143ms)
		ExecutionOrderSort (0ms)
		DisableScriptedObjects (5ms)
		BackupInstance (0ms)
		ReleaseScriptingObjects (0ms)
		CreateAndSetChildDomain (33ms)
	RebuildCommonClasses (29ms)
	RebuildNativeTypeToScriptingClass (13ms)
	initialDomainReloadingComplete (23ms)
	LoadAllAssembliesAndSetupDomain (139ms)
		LoadAssemblies (204ms)
		RebuildTransferFunctionScriptingTraits (0ms)
		AnalyzeDomain (9ms)
			TypeCache.Refresh (5ms)
				TypeCache.ScanAssembly (0ms)
			ScanForSourceGeneratedMonoScriptInfo (0ms)
			ResolveRequiredComponents (3ms)
	FinalizeReload (703ms)
		ReleaseScriptCaches (0ms)
		RebuildScriptCaches (0ms)
		SetupLoadedEditorAssemblies (476ms)
			LogAssemblyErrors (0ms)
			InitializePlatformSupportModulesInManaged (29ms)
			SetLoadedEditorAssemblies (3ms)
			RefreshPlugins (0ms)
			BeforeProcessingInitializeOnLoad (38ms)
			ProcessInitializeOnLoadAttributes (354ms)
			ProcessInitializeOnLoadMethodAttributes (49ms)
			AfterProcessingInitializeOnLoad (3ms)
			EditorAssembliesLoaded (0ms)
		ExecutionOrderSort2 (0ms)
		AwakeInstancesAfterBackupRestoration (6ms)
Refreshing native plugins compatible for Editor in 1.16 ms, found 2 plugins.
Preloading 0 native plugins for Editor in 0.00 ms.
Release of invalid GC handle. The handle is from a previous domain. The release operation is skipped.
Release of invalid GC handle native callstack: 
0x00007ff63674eb5d (Unity) StackWalker::GetCurrentCallstack
0x00007ff636753c39 (Unity) StackWalker::ShowCallstack
0x00007ff637744851 (Unity) GetStacktrace
0x00007ff63664ae8d (Unity) ScriptingGCHandle::ReleaseAndClear
0x00007ff636c1081c (Unity) UploadHandlerRaw::`vector deleting destructor'
0x00007ff636c113cd (Unity) UploadHandler::Release
0x00007ff636c0dc6d (Unity) UnityWebRequestProto<UnityWebRequestTransport,AtomicRefCounter,RedirectHelper,ResponseHelper,DownloadHandler,UploadHandler,CertificateHandler,HeaderHelper,AsyncOperation>::~UnityWebRequestProto<UnityWebRequestTransport,AtomicRefCounter,RedirectHelper,ResponseHelper,DownloadHandler,UploadHandler,CertificateHandler,HeaderHelper,AsyncOperation>
0x00007ff636c0df66 (Unity) UnityWebRequest::`vector deleting destructor'
0x00007ff6359640a7 (Unity) UnityWebRequestProto<UnityWebRequestTransport,AtomicRefCounter,RedirectHelper,ResponseHelper,DownloadHandler,UploadHandler,CertificateHandler,HeaderHelper,AsyncOperation>::Release
0x00007ff636c0f995 (Unity) UnityWebRequestAsyncOperation::InvokeCoroutine
0x00007ff636c0fb71 (Unity) UnityWebRequestProto<UnityWebRequestTransport,AtomicRefCounter,RedirectHelper,ResponseHelper,DownloadHandler,UploadHandler,CertificateHandler,HeaderHelper,AsyncOperation>::Job_InvokeCoroutine
0x00007ff636277d2a (Unity) BackgroundJobQueue::ExecuteMainThreadJobs
0x00007ff63632b49f (Unity) PreloadManager::WaitForAllAsyncOperationsToComplete
0x00007ff637aea248 (Unity) <lambda_b37b41f03089e3cb3f55061bbc93253d>::operator()
0x00007ff637b25a22 (Unity) asio::detail::completion_handler<core::mutable_function<void __cdecl(void)>,asio::io_context::basic_executor_type<std::allocator<void>,0> >::do_complete
0x00007ff637b1196e (Unity) asio::detail::win_iocp_io_context::do_one
0x00007ff637b135d4 (Unity) asio::detail::win_iocp_io_context::run
0x00007ff637b23dcc (Unity) IOService::Run
0x00007ff637af71cf (Unity) AssetImportWorkerClient::Run
0x00007ff637ac2b37 (Unity) RunAssetImportWorkerClientV2
0x00007ff637ac2bbb (Unity) RunAssetImporterV2
0x00007ff6372bba5e (Unity) Application::InitializeProject
0x00007ff63774f4e5 (Unity) WinMain
0x00007ff638b014de (Unity) __scrt_common_main_seh
0x00007ffd6b887374 (KERNEL32) BaseThreadInitThunk
0x00007ffd6d89cc91 (ntdll) RtlUserThreadStart
Unloading 1420 Unused Serialized files (Serialized files now loaded: 0)
Unloading 11 unused Assets / (26.7 KB). Loaded Objects now: 2323.
Memory consumption went from 111.7 MB to 111.7 MB.
Total: 2.933800 ms (FindLiveObjects: 0.198400 ms CreateObjectMapping: 0.078300 ms MarkObjects: 2.622600 ms  DeleteObjects: 0.032600 ms)

Prepare: number of updated asset objects reloaded= 0
AssetImportParameters requested are different than current active one (requested -> active):
  custom:video-encoder-webm-vp8: eb34c28f22e8b96e1ab97ce403110664 -> 
  custom:video-decoder-webm-vp8: 9c59270c3fd7afecdb556c50c9e8de78 -> 
  custom:audio-decoder-ogg-vorbis: bf7c407c2cedff20999df2af8eb42d56 -> 
  custom:scripting/monoscript/fileName/PlayerMovement2.cs: de5dad4c3545ad8f9f6984966a40b37a -> 
  custom:SearchIndexIgnoredProperties: e643bd26f0fe6173181afceb89e7c659 -> 
  custom:container-demuxer-ogg: 62fdf1f143b41e24485cea50d1cbac27 -> 
  custom:AudioImporter_EditorPlatform: d09bf68614088b80899f8185d706f6e7 -> 
  custom:CustomObjectIndexerAttribute: 9a22284fe3817be447336de3de66b15e -> 
  custom:container-demuxer-webm: 4f35f7cbe854078d1ac9338744f61a02 -> 
  custom:scripting/monoscript/fileName/Trunk.cs: 3c77c879876a19ef3d7b12fd707afdea -> 
  custom:scripting/monoscript/fileName/ChunkGenerator.cs: c34ac5ef3d79f6264782925317061fad -> 
  custom:video-decoder-ogg-theora: a1e56fd34408186e4bbccfd4996cb3dc -> 
  custom:audio-encoder-webm-vorbis: bf7c407c2cedff20999df2af8eb42d56 -> 
  custom:framework-win-MediaFoundation: 216162199b28c13a410421893ffa2e32 -> 
  custom:scripting/precompiled-assembly-types:Assembly-CSharp: d9892b3dad924f4ddb54efe5d606d426 -> 482e17d551b00cd7946e9d7b35e05131
  custom:scripting/monoscript/fileName/Chunk.cs: 2c601e55a29a773029fef31d3cc0f584 -> 
  custom:container-muxer-webm: aa71ff27fc2769a1b78a27578f13a17b -> 
========================================================================
Received Prepare
Caller must complete domain reload
Begin MonoManager ReloadAssembly
- Loaded All Assemblies, in  0.353 seconds
Native extension for WindowsStandalone target not found
Native extension for iOS target not found
Native extension for Android target not found
[Package Manager] Server::EnsureServerProcessIsRunning -- launch failed, reason: Unity was launched with the -noUpm command-line argument
[Package Manager] UpmClient::Send -- Unable to send message (not connected to UPM process).
[Package Manager] Cannot connect to Unity Package Manager local server
[Package Manager] Server::EnsureServerProcessIsRunning -- launch failed, reason: Unity was launched with the -noUpm command-line argument
[Package Manager] UpmClient::Send -- Unable to send message (not connected to UPM process).
[Package Manager] Cannot connect to Unity Package Manager local server
Failed to sync packages list
UnityEngine.StackTraceUtility:ExtractStackTrace ()
UnityEngine.DebugLogHandler:LogFormat (UnityEngine.LogType,UnityEngine.Object,string,object[])
UnityEngine.Logger:Log (UnityEngine.LogType,object)
UnityEngine.Debug:LogWarning (object)
 .  / :MoveNext ()
System.Runtime.CompilerServices.AsyncTaskMethodBuilder:Start< .  / > ( .  / &)
 .  :  ()
 .⁤/ :MoveNext ()
System.Runtime.CompilerServices.AsyncTaskMethodBuilder:Start< .⁤/ > ( .⁤/ &)
 .⁤:  ()
System.Reflection.RuntimeMethodInfo:Invoke (object,System.Reflection.BindingFlags,System.Reflection.Binder,object[],System.Globalization.CultureInfo)
System.Reflection.MethodBase:Invoke (object,object[])
UnityEditor.EditorAssemblies:ProcessInitializeOnLoadMethodAttributes ()

Mono: successfully reloaded assembly
- Finished resetting the current domain, in  0.648 seconds
Domain Reload Profiling: 1002ms
	BeginReloadAssembly (156ms)
		ExecutionOrderSort (0ms)
		DisableScriptedObjects (5ms)
		BackupInstance (0ms)
		ReleaseScriptingObjects (0ms)
		CreateAndSetChildDomain (35ms)
	RebuildCommonClasses (35ms)
	RebuildNativeTypeToScriptingClass (10ms)
	initialDomainReloadingComplete (20ms)
	LoadAllAssembliesAndSetupDomain (134ms)
		LoadAssemblies (207ms)
		RebuildTransferFunctionScriptingTraits (0ms)
		AnalyzeDomain (8ms)
			TypeCache.Refresh (4ms)
				TypeCache.ScanAssembly (0ms)
			ScanForSourceGeneratedMonoScriptInfo (0ms)
			ResolveRequiredComponents (2ms)
	FinalizeReload (649ms)
		ReleaseScriptCaches (0ms)
		RebuildScriptCaches (0ms)
		SetupLoadedEditorAssemblies (436ms)
			LogAssemblyErrors (0ms)
			InitializePlatformSupportModulesInManaged (21ms)
			SetLoadedEditorAssemblies (2ms)
			RefreshPlugins (0ms)
			BeforeProcessingInitializeOnLoad (37ms)
			ProcessInitializeOnLoadAttributes (334ms)
			ProcessInitializeOnLoadMethodAttributes (40ms)
			AfterProcessingInitializeOnLoad (2ms)
			EditorAssembliesLoaded (0ms)
		ExecutionOrderSort2 (0ms)
		AwakeInstancesAfterBackupRestoration (8ms)
Refreshing native plugins compatible for Editor in 0.94 ms, found 2 plugins.
Preloading 0 native plugins for Editor in 0.00 ms.
Release of invalid GC handle. The handle is from a previous domain. The release operation is skipped.
Release of invalid GC handle native callstack: 
0x00007ff63674eb5d (Unity) StackWalker::GetCurrentCallstack
0x00007ff636753c39 (Unity) StackWalker::ShowCallstack
0x00007ff637744851 (Unity) GetStacktrace
0x00007ff63664ae8d (Unity) ScriptingGCHandle::ReleaseAndClear
0x00007ff636c1081c (Unity) UploadHandlerRaw::`vector deleting destructor'
0x00007ff636c113cd (Unity) UploadHandler::Release
0x00007ff636c0dc6d (Unity) UnityWebRequestProto<UnityWebRequestTransport,AtomicRefCounter,RedirectHelper,ResponseHelper,DownloadHandler,UploadHandler,CertificateHandler,HeaderHelper,AsyncOperation>::~UnityWebRequestProto<UnityWebRequestTransport,AtomicRefCounter,RedirectHelper,ResponseHelper,DownloadHandler,UploadHandler,CertificateHandler,HeaderHelper,AsyncOperation>
0x00007ff636c0df66 (Unity) UnityWebRequest::`vector deleting destructor'
0x00007ff6359640a7 (Unity) UnityWebRequestProto<UnityWebRequestTransport,AtomicRefCounter,RedirectHelper,ResponseHelper,DownloadHandler,UploadHandler,CertificateHandler,HeaderHelper,AsyncOperation>::Release
0x00007ff636c0f995 (Unity) UnityWebRequestAsyncOperation::InvokeCoroutine
0x00007ff636c0fb71 (Unity) UnityWebRequestProto<UnityWebRequestTransport,AtomicRefCounter,RedirectHelper,ResponseHelper,DownloadHandler,UploadHandler,CertificateHandler,HeaderHelper,AsyncOperation>::Job_InvokeCoroutine
0x00007ff636277d2a (Unity) BackgroundJobQueue::ExecuteMainThreadJobs
0x00007ff63632b49f (Unity) PreloadManager::WaitForAllAsyncOperationsToComplete
0x00007ff637aea248 (Unity) <lambda_b37b41f03089e3cb3f55061bbc93253d>::operator()
0x00007ff637b25a22 (Unity) asio::detail::completion_handler<core::mutable_function<void __cdecl(void)>,asio::io_context::basic_executor_type<std::allocator<void>,0> >::do_complete
0x00007ff637b1196e (Unity) asio::detail::win_iocp_io_context::do_one
0x00007ff637b135d4 (Unity) asio::detail::win_iocp_io_context::run
0x00007ff637b23dcc (Unity) IOService::Run
0x00007ff637af71cf (Unity) AssetImportWorkerClient::Run
0x00007ff637ac2b37 (Unity) RunAssetImportWorkerClientV2
0x00007ff637ac2bbb (Unity) RunAssetImporterV2
0x00007ff6372bba5e (Unity) Application::InitializeProject
0x00007ff63774f4e5 (Unity) WinMain
0x00007ff638b014de (Unity) __scrt_common_main_seh
0x00007ffd6b887374 (KERNEL32) BaseThreadInitThunk
0x00007ffd6d89cc91 (ntdll) RtlUserThreadStart
Unloading 1420 Unused Serialized files (Serialized files now loaded: 0)
Unloading 11 unused Assets / (26.7 KB). Loaded Objects now: 2328.
Memory consumption went from 111.9 MB to 111.9 MB.
Total: 3.109500 ms (FindLiveObjects: 0.185500 ms CreateObjectMapping: 0.053200 ms MarkObjects: 2.830800 ms  DeleteObjects: 0.038800 ms)

Prepare: number of updated asset objects reloaded= 0
AssetImportParameters requested are different than current active one (requested -> active):
  custom:video-encoder-webm-vp8: eb34c28f22e8b96e1ab97ce403110664 -> 
  custom:video-decoder-webm-vp8: 9c59270c3fd7afecdb556c50c9e8de78 -> 
  custom:audio-decoder-ogg-vorbis: bf7c407c2cedff20999df2af8eb42d56 -> 
  custom:scripting/monoscript/fileName/PlayerMovement2.cs: de5dad4c3545ad8f9f6984966a40b37a -> 
  custom:SearchIndexIgnoredProperties: e643bd26f0fe6173181afceb89e7c659 -> 
  custom:container-demuxer-ogg: 62fdf1f143b41e24485cea50d1cbac27 -> 
  custom:AudioImporter_EditorPlatform: d09bf68614088b80899f8185d706f6e7 -> 
  custom:CustomObjectIndexerAttribute: 9a22284fe3817be447336de3de66b15e -> 
  custom:container-demuxer-webm: 4f35f7cbe854078d1ac9338744f61a02 -> 
  custom:scripting/monoscript/fileName/Trunk.cs: 3c77c879876a19ef3d7b12fd707afdea -> 
  custom:scripting/monoscript/fileName/ChunkGenerator.cs: c34ac5ef3d79f6264782925317061fad -> 
  custom:video-decoder-ogg-theora: a1e56fd34408186e4bbccfd4996cb3dc -> 
  custom:audio-encoder-webm-vorbis: bf7c407c2cedff20999df2af8eb42d56 -> 
  custom:framework-win-MediaFoundation: 216162199b28c13a410421893ffa2e32 -> 
  custom:scripting/precompiled-assembly-types:Assembly-CSharp: d9892b3dad924f4ddb54efe5d606d426 -> 482e17d551b00cd7946e9d7b35e05131
  custom:scripting/monoscript/fileName/Chunk.cs: 2c601e55a29a773029fef31d3cc0f584 -> 
  custom:container-muxer-webm: aa71ff27fc2769a1b78a27578f13a17b -> 
========================================================================
Received Prepare
Caller must complete domain reload
Begin MonoManager ReloadAssembly
- Loaded All Assemblies, in  0.393 seconds
Native extension for WindowsStandalone target not found
Native extension for iOS target not found
Native extension for Android target not found
[Package Manager] Server::EnsureServerProcessIsRunning -- launch failed, reason: Unity was launched with the -noUpm command-line argument
[Package Manager] UpmClient::Send -- Unable to send message (not connected to UPM process).
[Package Manager] Cannot connect to Unity Package Manager local server
[Package Manager] Server::EnsureServerProcessIsRunning -- launch failed, reason: Unity was launched with the -noUpm command-line argument
[Package Manager] UpmClient::Send -- Unable to send message (not connected to UPM process).
[Package Manager] Cannot connect to Unity Package Manager local server
Failed to sync packages list
UnityEngine.StackTraceUtility:ExtractStackTrace ()
UnityEngine.DebugLogHandler:LogFormat (UnityEngine.LogType,UnityEngine.Object,string,object[])
UnityEngine.Logger:Log (UnityEngine.LogType,object)
UnityEngine.Debug:LogWarning (object)
 .  / :MoveNext ()
System.Runtime.CompilerServices.AsyncTaskMethodBuilder:Start< .  / > ( .  / &)
 .  :  ()
 .⁤/ :MoveNext ()
System.Runtime.CompilerServices.AsyncTaskMethodBuilder:Start< .⁤/ > ( .⁤/ &)
 .⁤:  ()
System.Reflection.RuntimeMethodInfo:Invoke (object,System.Reflection.BindingFlags,System.Reflection.Binder,object[],System.Globalization.CultureInfo)
System.Reflection.MethodBase:Invoke (object,object[])
UnityEditor.EditorAssemblies:ProcessInitializeOnLoadMethodAttributes ()

Mono: successfully reloaded assembly
- Finished resetting the current domain, in  0.739 seconds
Domain Reload Profiling: 1132ms
	BeginReloadAssembly (158ms)
		ExecutionOrderSort (0ms)
		DisableScriptedObjects (7ms)
		BackupInstance (0ms)
		ReleaseScriptingObjects (0ms)
		CreateAndSetChildDomain (45ms)
	RebuildCommonClasses (35ms)
	RebuildNativeTypeToScriptingClass (15ms)
	initialDomainReloadingComplete (24ms)
	LoadAllAssembliesAndSetupDomain (160ms)
		LoadAssemblies (215ms)
		RebuildTransferFunctionScriptingTraits (0ms)
		AnalyzeDomain (19ms)
			TypeCache.Refresh (8ms)
				TypeCache.ScanAssembly (0ms)
			ScanForSourceGeneratedMonoScriptInfo (7ms)
			ResolveRequiredComponents (2ms)
	FinalizeReload (740ms)
		ReleaseScriptCaches (0ms)
		RebuildScriptCaches (0ms)
		SetupLoadedEditorAssemblies (503ms)
			LogAssemblyErrors (0ms)
			InitializePlatformSupportModulesInManaged (25ms)
			SetLoadedEditorAssemblies (3ms)
			RefreshPlugins (0ms)
			BeforeProcessingInitializeOnLoad (37ms)
			ProcessInitializeOnLoadAttributes (394ms)
			ProcessInitializeOnLoadMethodAttributes (41ms)
			AfterProcessingInitializeOnLoad (2ms)
			EditorAssembliesLoaded (0ms)
		ExecutionOrderSort2 (0ms)
		AwakeInstancesAfterBackupRestoration (6ms)
Refreshing native plugins compatible for Editor in 1.05 ms, found 2 plugins.
Preloading 0 native plugins for Editor in 0.00 ms.
Release of invalid GC handle. The handle is from a previous domain. The release operation is skipped.
Release of invalid GC handle native callstack: 
0x00007ff63674eb5d (Unity) StackWalker::GetCurrentCallstack
0x00007ff636753c39 (Unity) StackWalker::ShowCallstack
0x00007ff637744851 (Unity) GetStacktrace
0x00007ff63664ae8d (Unity) ScriptingGCHandle::ReleaseAndClear
0x00007ff636c1081c (Unity) UploadHandlerRaw::`vector deleting destructor'
0x00007ff636c113cd (Unity) UploadHandler::Release
0x00007ff636c0dc6d (Unity) UnityWebRequestProto<UnityWebRequestTransport,AtomicRefCounter,RedirectHelper,ResponseHelper,DownloadHandler,UploadHandler,CertificateHandler,HeaderHelper,AsyncOperation>::~UnityWebRequestProto<UnityWebRequestTransport,AtomicRefCounter,RedirectHelper,ResponseHelper,DownloadHandler,UploadHandler,CertificateHandler,HeaderHelper,AsyncOperation>
0x00007ff636c0df66 (Unity) UnityWebRequest::`vector deleting destructor'
0x00007ff6359640a7 (Unity) UnityWebRequestProto<UnityWebRequestTransport,AtomicRefCounter,RedirectHelper,ResponseHelper,DownloadHandler,UploadHandler,CertificateHandler,HeaderHelper,AsyncOperation>::Release
0x00007ff636c0f995 (Unity) UnityWebRequestAsyncOperation::InvokeCoroutine
0x00007ff636c0fb71 (Unity) UnityWebRequestProto<UnityWebRequestTransport,AtomicRefCounter,RedirectHelper,ResponseHelper,DownloadHandler,UploadHandler,CertificateHandler,HeaderHelper,AsyncOperation>::Job_InvokeCoroutine
0x00007ff636277d2a (Unity) BackgroundJobQueue::ExecuteMainThreadJobs
0x00007ff63632b49f (Unity) PreloadManager::WaitForAllAsyncOperationsToComplete
0x00007ff637aea248 (Unity) <lambda_b37b41f03089e3cb3f55061bbc93253d>::operator()
0x00007ff637b25a22 (Unity) asio::detail::completion_handler<core::mutable_function<void __cdecl(void)>,asio::io_context::basic_executor_type<std::allocator<void>,0> >::do_complete
0x00007ff637b1196e (Unity) asio::detail::win_iocp_io_context::do_one
0x00007ff637b135d4 (Unity) asio::detail::win_iocp_io_context::run
0x00007ff637b23dcc (Unity) IOService::Run
0x00007ff637af71cf (Unity) AssetImportWorkerClient::Run
0x00007ff637ac2b37 (Unity) RunAssetImportWorkerClientV2
0x00007ff637ac2bbb (Unity) RunAssetImporterV2
0x00007ff6372bba5e (Unity) Application::InitializeProject
0x00007ff63774f4e5 (Unity) WinMain
0x00007ff638b014de (Unity) __scrt_common_main_seh
0x00007ffd6b887374 (KERNEL32) BaseThreadInitThunk
0x00007ffd6d89cc91 (ntdll) RtlUserThreadStart
Unloading 1420 Unused Serialized files (Serialized files now loaded: 0)
Unloading 11 unused Assets / (26.7 KB). Loaded Objects now: 2333.
Memory consumption went from 112.1 MB to 112.0 MB.
Total: 3.337200 ms (FindLiveObjects: 0.235900 ms CreateObjectMapping: 0.089000 ms MarkObjects: 2.980500 ms  DeleteObjects: 0.030700 ms)

Prepare: number of updated asset objects reloaded= 0
AssetImportParameters requested are different than current active one (requested -> active):
  custom:video-encoder-webm-vp8: eb34c28f22e8b96e1ab97ce403110664 -> 
  custom:video-decoder-webm-vp8: 9c59270c3fd7afecdb556c50c9e8de78 -> 
  custom:audio-decoder-ogg-vorbis: bf7c407c2cedff20999df2af8eb42d56 -> 
  custom:scripting/monoscript/fileName/PlayerMovement2.cs: de5dad4c3545ad8f9f6984966a40b37a -> 
  custom:SearchIndexIgnoredProperties: e643bd26f0fe6173181afceb89e7c659 -> 
  custom:container-demuxer-ogg: 62fdf1f143b41e24485cea50d1cbac27 -> 
  custom:AudioImporter_EditorPlatform: d09bf68614088b80899f8185d706f6e7 -> 
  custom:CustomObjectIndexerAttribute: 9a22284fe3817be447336de3de66b15e -> 
  custom:container-demuxer-webm: 4f35f7cbe854078d1ac9338744f61a02 -> 
  custom:scripting/monoscript/fileName/Trunk.cs: 3c77c879876a19ef3d7b12fd707afdea -> 
  custom:scripting/monoscript/fileName/ChunkGenerator.cs: c34ac5ef3d79f6264782925317061fad -> 
  custom:video-decoder-ogg-theora: a1e56fd34408186e4bbccfd4996cb3dc -> 
  custom:audio-encoder-webm-vorbis: bf7c407c2cedff20999df2af8eb42d56 -> 
  custom:framework-win-MediaFoundation: 216162199b28c13a410421893ffa2e32 -> 
  custom:scripting/precompiled-assembly-types:Assembly-CSharp: d9892b3dad924f4ddb54efe5d606d426 -> 482e17d551b00cd7946e9d7b35e05131
  custom:scripting/monoscript/fileName/Chunk.cs: 2c601e55a29a773029fef31d3cc0f584 -> 
  custom:container-muxer-webm: aa71ff27fc2769a1b78a27578f13a17b -> 
========================================================================
Received Prepare
Caller must complete domain reload
Begin MonoManager ReloadAssembly
- Loaded All Assemblies, in  0.352 seconds
Native extension for WindowsStandalone target not found
Native extension for iOS target not found
Native extension for Android target not found
[Package Manager] Server::EnsureServerProcessIsRunning -- launch failed, reason: Unity was launched with the -noUpm command-line argument
[Package Manager] UpmClient::Send -- Unable to send message (not connected to UPM process).
[Package Manager] Cannot connect to Unity Package Manager local server
[Package Manager] Server::EnsureServerProcessIsRunning -- launch failed, reason: Unity was launched with the -noUpm command-line argument
[Package Manager] UpmClient::Send -- Unable to send message (not connected to UPM process).
[Package Manager] Cannot connect to Unity Package Manager local server
Failed to sync packages list
UnityEngine.StackTraceUtility:ExtractStackTrace ()
UnityEngine.DebugLogHandler:LogFormat (UnityEngine.LogType,UnityEngine.Object,string,object[])
UnityEngine.Logger:Log (UnityEngine.LogType,object)
UnityEngine.Debug:LogWarning (object)
 .  / :MoveNext ()
System.Runtime.CompilerServices.AsyncTaskMethodBuilder:Start< .  / > ( .  / &)
 .  :  ()
 .⁤/ :MoveNext ()
System.Runtime.CompilerServices.AsyncTaskMethodBuilder:Start< .⁤/ > ( .⁤/ &)
 .⁤:  ()
System.Reflection.RuntimeMethodInfo:Invoke (object,System.Reflection.BindingFlags,System.Reflection.Binder,object[],System.Globalization.CultureInfo)
System.Reflection.MethodBase:Invoke (object,object[])
UnityEditor.EditorAssemblies:ProcessInitializeOnLoadMethodAttributes ()

Mono: successfully reloaded assembly
- Finished resetting the current domain, in  0.740 seconds
Domain Reload Profiling: 1092ms
	BeginReloadAssembly (142ms)
		ExecutionOrderSort (0ms)
		DisableScriptedObjects (4ms)
		BackupInstance (0ms)
		ReleaseScriptingObjects (0ms)
		CreateAndSetChildDomain (34ms)
	RebuildCommonClasses (37ms)
	RebuildNativeTypeToScriptingClass (15ms)
	initialDomainReloadingComplete (19ms)
	LoadAllAssembliesAndSetupDomain (139ms)
		LoadAssemblies (204ms)
		RebuildTransferFunctionScriptingTraits (0ms)
		AnalyzeDomain (9ms)
			TypeCache.Refresh (5ms)
				TypeCache.ScanAssembly (0ms)
			ScanForSourceGeneratedMonoScriptInfo (0ms)
			ResolveRequiredComponents (3ms)
	FinalizeReload (740ms)
		ReleaseScriptCaches (0ms)
		RebuildScriptCaches (0ms)
		SetupLoadedEditorAssemblies (503ms)
			LogAssemblyErrors (0ms)
			InitializePlatformSupportModulesInManaged (20ms)
			SetLoadedEditorAssemblies (3ms)
			RefreshPlugins (0ms)
			BeforeProcessingInitializeOnLoad (35ms)
			ProcessInitializeOnLoadAttributes (398ms)
			ProcessInitializeOnLoadMethodAttributes (44ms)
			AfterProcessingInitializeOnLoad (2ms)
			EditorAssembliesLoaded (0ms)
		ExecutionOrderSort2 (0ms)
		AwakeInstancesAfterBackupRestoration (5ms)
Refreshing native plugins compatible for Editor in 0.96 ms, found 2 plugins.
Preloading 0 native plugins for Editor in 0.00 ms.
Release of invalid GC handle. The handle is from a previous domain. The release operation is skipped.
Release of invalid GC handle native callstack: 
0x00007ff63674eb5d (Unity) StackWalker::GetCurrentCallstack
0x00007ff636753c39 (Unity) StackWalker::ShowCallstack
0x00007ff637744851 (Unity) GetStacktrace
0x00007ff63664ae8d (Unity) ScriptingGCHandle::ReleaseAndClear
0x00007ff636c1081c (Unity) UploadHandlerRaw::`vector deleting destructor'
0x00007ff636c113cd (Unity) UploadHandler::Release
0x00007ff636c0dc6d (Unity) UnityWebRequestProto<UnityWebRequestTransport,AtomicRefCounter,RedirectHelper,ResponseHelper,DownloadHandler,UploadHandler,CertificateHandler,HeaderHelper,AsyncOperation>::~UnityWebRequestProto<UnityWebRequestTransport,AtomicRefCounter,RedirectHelper,ResponseHelper,DownloadHandler,UploadHandler,CertificateHandler,HeaderHelper,AsyncOperation>
0x00007ff636c0df66 (Unity) UnityWebRequest::`vector deleting destructor'
0x00007ff6359640a7 (Unity) UnityWebRequestProto<UnityWebRequestTransport,AtomicRefCounter,RedirectHelper,ResponseHelper,DownloadHandler,UploadHandler,CertificateHandler,HeaderHelper,AsyncOperation>::Release
0x00007ff636c0f995 (Unity) UnityWebRequestAsyncOperation::InvokeCoroutine
0x00007ff636c0fb71 (Unity) UnityWebRequestProto<UnityWebRequestTransport,AtomicRefCounter,RedirectHelper,ResponseHelper,DownloadHandler,UploadHandler,CertificateHandler,HeaderHelper,AsyncOperation>::Job_InvokeCoroutine
0x00007ff636277d2a (Unity) BackgroundJobQueue::ExecuteMainThreadJobs
0x00007ff63632b49f (Unity) PreloadManager::WaitForAllAsyncOperationsToComplete
0x00007ff637aea248 (Unity) <lambda_b37b41f03089e3cb3f55061bbc93253d>::operator()
0x00007ff637b25a22 (Unity) asio::detail::completion_handler<core::mutable_function<void __cdecl(void)>,asio::io_context::basic_executor_type<std::allocator<void>,0> >::do_complete
0x00007ff637b1196e (Unity) asio::detail::win_iocp_io_context::do_one
0x00007ff637b135d4 (Unity) asio::detail::win_iocp_io_context::run
0x00007ff637b23dcc (Unity) IOService::Run
0x00007ff637af71cf (Unity) AssetImportWorkerClient::Run
0x00007ff637ac2b37 (Unity) RunAssetImportWorkerClientV2
0x00007ff637ac2bbb (Unity) RunAssetImporterV2
0x00007ff6372bba5e (Unity) Application::InitializeProject
0x00007ff63774f4e5 (Unity) WinMain
0x00007ff638b014de (Unity) __scrt_common_main_seh
0x00007ffd6b887374 (KERNEL32) BaseThreadInitThunk
0x00007ffd6d89cc91 (ntdll) RtlUserThreadStart
Unloading 1420 Unused Serialized files (Serialized files now loaded: 0)
Unloading 11 unused Assets / (26.6 KB). Loaded Objects now: 2338.
Memory consumption went from 112.2 MB to 112.2 MB.
Total: 3.200600 ms (FindLiveObjects: 0.214900 ms CreateObjectMapping: 0.090700 ms MarkObjects: 2.854400 ms  DeleteObjects: 0.039700 ms)

Prepare: number of updated asset objects reloaded= 0
AssetImportParameters requested are different than current active one (requested -> active):
  custom:video-encoder-webm-vp8: eb34c28f22e8b96e1ab97ce403110664 -> 
  custom:video-decoder-webm-vp8: 9c59270c3fd7afecdb556c50c9e8de78 -> 
  custom:audio-decoder-ogg-vorbis: bf7c407c2cedff20999df2af8eb42d56 -> 
  custom:scripting/monoscript/fileName/PlayerMovement2.cs: de5dad4c3545ad8f9f6984966a40b37a -> 
  custom:SearchIndexIgnoredProperties: e643bd26f0fe6173181afceb89e7c659 -> 
  custom:container-demuxer-ogg: 62fdf1f143b41e24485cea50d1cbac27 -> 
  custom:AudioImporter_EditorPlatform: d09bf68614088b80899f8185d706f6e7 -> 
  custom:CustomObjectIndexerAttribute: 9a22284fe3817be447336de3de66b15e -> 
  custom:container-demuxer-webm: 4f35f7cbe854078d1ac9338744f61a02 -> 
  custom:scripting/monoscript/fileName/Trunk.cs: 3c77c879876a19ef3d7b12fd707afdea -> 
  custom:scripting/monoscript/fileName/ChunkGenerator.cs: c34ac5ef3d79f6264782925317061fad -> 
  custom:video-decoder-ogg-theora: a1e56fd34408186e4bbccfd4996cb3dc -> 
  custom:audio-encoder-webm-vorbis: bf7c407c2cedff20999df2af8eb42d56 -> 
  custom:framework-win-MediaFoundation: 216162199b28c13a410421893ffa2e32 -> 
  custom:scripting/precompiled-assembly-types:Assembly-CSharp: d9892b3dad924f4ddb54efe5d606d426 -> 482e17d551b00cd7946e9d7b35e05131
  custom:scripting/monoscript/fileName/Chunk.cs: 2c601e55a29a773029fef31d3cc0f584 -> 
  custom:container-muxer-webm: aa71ff27fc2769a1b78a27578f13a17b -> 
========================================================================
Received Prepare
Caller must complete domain reload
Begin MonoManager ReloadAssembly
- Loaded All Assemblies, in  0.369 seconds
Native extension for WindowsStandalone target not found
Native extension for iOS target not found
Native extension for Android target not found
[Package Manager] Server::EnsureServerProcessIsRunning -- launch failed, reason: Unity was launched with the -noUpm command-line argument
[Package Manager] UpmClient::Send -- Unable to send message (not connected to UPM process).
[Package Manager] Cannot connect to Unity Package Manager local server
[Package Manager] Server::EnsureServerProcessIsRunning -- launch failed, reason: Unity was launched with the -noUpm command-line argument
[Package Manager] UpmClient::Send -- Unable to send message (not connected to UPM process).
[Package Manager] Cannot connect to Unity Package Manager local server
Failed to sync packages list
UnityEngine.StackTraceUtility:ExtractStackTrace ()
UnityEngine.DebugLogHandler:LogFormat (UnityEngine.LogType,UnityEngine.Object,string,object[])
UnityEngine.Logger:Log (UnityEngine.LogType,object)
UnityEngine.Debug:LogWarning (object)
 .  / :MoveNext ()
System.Runtime.CompilerServices.AsyncTaskMethodBuilder:Start< .  / > ( .  / &)
 .  :  ()
 .⁤/ :MoveNext ()
System.Runtime.CompilerServices.AsyncTaskMethodBuilder:Start< .⁤/ > ( .⁤/ &)
 .⁤:  ()
System.Reflection.RuntimeMethodInfo:Invoke (object,System.Reflection.BindingFlags,System.Reflection.Binder,object[],System.Globalization.CultureInfo)
System.Reflection.MethodBase:Invoke (object,object[])
UnityEditor.EditorAssemblies:ProcessInitializeOnLoadMethodAttributes ()

Mono: successfully reloaded assembly
- Finished resetting the current domain, in  0.774 seconds
Domain Reload Profiling: 1142ms
	BeginReloadAssembly (156ms)
		ExecutionOrderSort (0ms)
		DisableScriptedObjects (3ms)
		BackupInstance (0ms)
		ReleaseScriptingObjects (0ms)
		CreateAndSetChildDomain (41ms)
	RebuildCommonClasses (33ms)
	RebuildNativeTypeToScriptingClass (11ms)
	initialDomainReloadingComplete (22ms)
	LoadAllAssembliesAndSetupDomain (146ms)
		LoadAssemblies (217ms)
		RebuildTransferFunctionScriptingTraits (0ms)
		AnalyzeDomain (9ms)
			TypeCache.Refresh (5ms)
				TypeCache.ScanAssembly (0ms)
			ScanForSourceGeneratedMonoScriptInfo (0ms)
			ResolveRequiredComponents (2ms)
	FinalizeReload (774ms)
		ReleaseScriptCaches (0ms)
		RebuildScriptCaches (0ms)
		SetupLoadedEditorAssemblies (523ms)
			LogAssemblyErrors (0ms)
			InitializePlatformSupportModulesInManaged (25ms)
			SetLoadedEditorAssemblies (4ms)
			RefreshPlugins (0ms)
			BeforeProcessingInitializeOnLoad (43ms)
			ProcessInitializeOnLoadAttributes (403ms)
			ProcessInitializeOnLoadMethodAttributes (45ms)
			AfterProcessingInitializeOnLoad (2ms)
			EditorAssembliesLoaded (0ms)
		ExecutionOrderSort2 (0ms)
		AwakeInstancesAfterBackupRestoration (6ms)
Refreshing native plugins compatible for Editor in 1.01 ms, found 2 plugins.
Preloading 0 native plugins for Editor in 0.00 ms.
Release of invalid GC handle. The handle is from a previous domain. The release operation is skipped.
Release of invalid GC handle native callstack: 
0x00007ff63674eb5d (Unity) StackWalker::GetCurrentCallstack
0x00007ff636753c39 (Unity) StackWalker::ShowCallstack
0x00007ff637744851 (Unity) GetStacktrace
0x00007ff63664ae8d (Unity) ScriptingGCHandle::ReleaseAndClear
0x00007ff636c1081c (Unity) UploadHandlerRaw::`vector deleting destructor'
0x00007ff636c113cd (Unity) UploadHandler::Release
0x00007ff636c0dc6d (Unity) UnityWebRequestProto<UnityWebRequestTransport,AtomicRefCounter,RedirectHelper,ResponseHelper,DownloadHandler,UploadHandler,CertificateHandler,HeaderHelper,AsyncOperation>::~UnityWebRequestProto<UnityWebRequestTransport,AtomicRefCounter,RedirectHelper,ResponseHelper,DownloadHandler,UploadHandler,CertificateHandler,HeaderHelper,AsyncOperation>
0x00007ff636c0df66 (Unity) UnityWebRequest::`vector deleting destructor'
0x00007ff6359640a7 (Unity) UnityWebRequestProto<UnityWebRequestTransport,AtomicRefCounter,RedirectHelper,ResponseHelper,DownloadHandler,UploadHandler,CertificateHandler,HeaderHelper,AsyncOperation>::Release
0x00007ff636c0f995 (Unity) UnityWebRequestAsyncOperation::InvokeCoroutine
0x00007ff636c0fb71 (Unity) UnityWebRequestProto<UnityWebRequestTransport,AtomicRefCounter,RedirectHelper,ResponseHelper,DownloadHandler,UploadHandler,CertificateHandler,HeaderHelper,AsyncOperation>::Job_InvokeCoroutine
0x00007ff636277d2a (Unity) BackgroundJobQueue::ExecuteMainThreadJobs
0x00007ff63632b49f (Unity) PreloadManager::WaitForAllAsyncOperationsToComplete
0x00007ff637aea248 (Unity) <lambda_b37b41f03089e3cb3f55061bbc93253d>::operator()
0x00007ff637b25a22 (Unity) asio::detail::completion_handler<core::mutable_function<void __cdecl(void)>,asio::io_context::basic_executor_type<std::allocator<void>,0> >::do_complete
0x00007ff637b1196e (Unity) asio::detail::win_iocp_io_context::do_one
0x00007ff637b135d4 (Unity) asio::detail::win_iocp_io_context::run
0x00007ff637b23dcc (Unity) IOService::Run
0x00007ff637af71cf (Unity) AssetImportWorkerClient::Run
0x00007ff637ac2b37 (Unity) RunAssetImportWorkerClientV2
0x00007ff637ac2bbb (Unity) RunAssetImporterV2
0x00007ff6372bba5e (Unity) Application::InitializeProject
0x00007ff63774f4e5 (Unity) WinMain
0x00007ff638b014de (Unity) __scrt_common_main_seh
0x00007ffd6b887374 (KERNEL32) BaseThreadInitThunk
0x00007ffd6d89cc91 (ntdll) RtlUserThreadStart
Unloading 1420 Unused Serialized files (Serialized files now loaded: 0)
Unloading 11 unused Assets / (26.6 KB). Loaded Objects now: 2343.
Memory consumption went from 112.4 MB to 112.3 MB.
Total: 3.240300 ms (FindLiveObjects: 0.150700 ms CreateObjectMapping: 0.039300 ms MarkObjects: 3.013000 ms  DeleteObjects: 0.035900 ms)

Prepare: number of updated asset objects reloaded= 0
AssetImportParameters requested are different than current active one (requested -> active):
  custom:video-encoder-webm-vp8: eb34c28f22e8b96e1ab97ce403110664 -> 
  custom:video-decoder-webm-vp8: 9c59270c3fd7afecdb556c50c9e8de78 -> 
  custom:audio-decoder-ogg-vorbis: bf7c407c2cedff20999df2af8eb42d56 -> 
  custom:scripting/monoscript/fileName/PlayerMovement2.cs: de5dad4c3545ad8f9f6984966a40b37a -> 
  custom:SearchIndexIgnoredProperties: e643bd26f0fe6173181afceb89e7c659 -> 
  custom:container-demuxer-ogg: 62fdf1f143b41e24485cea50d1cbac27 -> 
  custom:AudioImporter_EditorPlatform: d09bf68614088b80899f8185d706f6e7 -> 
  custom:CustomObjectIndexerAttribute: 9a22284fe3817be447336de3de66b15e -> 
  custom:container-demuxer-webm: 4f35f7cbe854078d1ac9338744f61a02 -> 
  custom:scripting/monoscript/fileName/Trunk.cs: 3c77c879876a19ef3d7b12fd707afdea -> 
  custom:scripting/monoscript/fileName/ChunkGenerator.cs: c34ac5ef3d79f6264782925317061fad -> 
  custom:video-decoder-ogg-theora: a1e56fd34408186e4bbccfd4996cb3dc -> 
  custom:audio-encoder-webm-vorbis: bf7c407c2cedff20999df2af8eb42d56 -> 
  custom:framework-win-MediaFoundation: 216162199b28c13a410421893ffa2e32 -> 
  custom:scripting/precompiled-assembly-types:Assembly-CSharp: d9892b3dad924f4ddb54efe5d606d426 -> 482e17d551b00cd7946e9d7b35e05131
  custom:scripting/monoscript/fileName/Chunk.cs: 2c601e55a29a773029fef31d3cc0f584 -> 
  custom:container-muxer-webm: aa71ff27fc2769a1b78a27578f13a17b -> 
========================================================================
Received Prepare
Caller must complete domain reload
Begin MonoManager ReloadAssembly
- Loaded All Assemblies, in  0.387 seconds
Native extension for WindowsStandalone target not found
Native extension for iOS target not found
Native extension for Android target not found
[Package Manager] Server::EnsureServerProcessIsRunning -- launch failed, reason: Unity was launched with the -noUpm command-line argument
[Package Manager] UpmClient::Send -- Unable to send message (not connected to UPM process).
[Package Manager] Cannot connect to Unity Package Manager local server
[Package Manager] Server::EnsureServerProcessIsRunning -- launch failed, reason: Unity was launched with the -noUpm command-line argument
[Package Manager] UpmClient::Send -- Unable to send message (not connected to UPM process).
[Package Manager] Cannot connect to Unity Package Manager local server
Failed to sync packages list
UnityEngine.StackTraceUtility:ExtractStackTrace ()
UnityEngine.DebugLogHandler:LogFormat (UnityEngine.LogType,UnityEngine.Object,string,object[])
UnityEngine.Logger:Log (UnityEngine.LogType,object)
UnityEngine.Debug:LogWarning (object)
 .  / :MoveNext ()
System.Runtime.CompilerServices.AsyncTaskMethodBuilder:Start< .  / > ( .  / &)
 .  :  ()
 .⁤/ :MoveNext ()
System.Runtime.CompilerServices.AsyncTaskMethodBuilder:Start< .⁤/ > ( .⁤/ &)
 .⁤:  ()
System.Reflection.RuntimeMethodInfo:Invoke (object,System.Reflection.BindingFlags,System.Reflection.Binder,object[],System.Globalization.CultureInfo)
System.Reflection.MethodBase:Invoke (object,object[])
UnityEditor.EditorAssemblies:ProcessInitializeOnLoadMethodAttributes ()

Mono: successfully reloaded assembly
- Finished resetting the current domain, in  0.792 seconds
Domain Reload Profiling: 1179ms
	BeginReloadAssembly (167ms)
		ExecutionOrderSort (0ms)
		DisableScriptedObjects (6ms)
		BackupInstance (0ms)
		ReleaseScriptingObjects (0ms)
		CreateAndSetChildDomain (44ms)
	RebuildCommonClasses (41ms)
	RebuildNativeTypeToScriptingClass (10ms)
	initialDomainReloadingComplete (24ms)
	LoadAllAssembliesAndSetupDomain (145ms)
		LoadAssemblies (217ms)
		RebuildTransferFunctionScriptingTraits (0ms)
		AnalyzeDomain (9ms)
			TypeCache.Refresh (5ms)
				TypeCache.ScanAssembly (0ms)
			ScanForSourceGeneratedMonoScriptInfo (0ms)
			ResolveRequiredComponents (2ms)
	FinalizeReload (792ms)
		ReleaseScriptCaches (0ms)
		RebuildScriptCaches (0ms)
		SetupLoadedEditorAssemblies (493ms)
			LogAssemblyErrors (0ms)
			InitializePlatformSupportModulesInManaged (24ms)
			SetLoadedEditorAssemblies (2ms)
			RefreshPlugins (0ms)
			BeforeProcessingInitializeOnLoad (38ms)
			ProcessInitializeOnLoadAttributes (382ms)
			ProcessInitializeOnLoadMethodAttributes (44ms)
			AfterProcessingInitializeOnLoad (3ms)
			EditorAssembliesLoaded (0ms)
		ExecutionOrderSort2 (0ms)
		AwakeInstancesAfterBackupRestoration (7ms)
Refreshing native plugins compatible for Editor in 1.24 ms, found 2 plugins.
Preloading 0 native plugins for Editor in 0.00 ms.
Release of invalid GC handle. The handle is from a previous domain. The release operation is skipped.
Release of invalid GC handle native callstack: 
0x00007ff63674eb5d (Unity) StackWalker::GetCurrentCallstack
0x00007ff636753c39 (Unity) StackWalker::ShowCallstack
0x00007ff637744851 (Unity) GetStacktrace
0x00007ff63664ae8d (Unity) ScriptingGCHandle::ReleaseAndClear
0x00007ff636c1081c (Unity) UploadHandlerRaw::`vector deleting destructor'
0x00007ff636c113cd (Unity) UploadHandler::Release
0x00007ff636c0dc6d (Unity) UnityWebRequestProto<UnityWebRequestTransport,AtomicRefCounter,RedirectHelper,ResponseHelper,DownloadHandler,UploadHandler,CertificateHandler,HeaderHelper,AsyncOperation>::~UnityWebRequestProto<UnityWebRequestTransport,AtomicRefCounter,RedirectHelper,ResponseHelper,DownloadHandler,UploadHandler,CertificateHandler,HeaderHelper,AsyncOperation>
0x00007ff636c0df66 (Unity) UnityWebRequest::`vector deleting destructor'
0x00007ff6359640a7 (Unity) UnityWebRequestProto<UnityWebRequestTransport,AtomicRefCounter,RedirectHelper,ResponseHelper,DownloadHandler,UploadHandler,CertificateHandler,HeaderHelper,AsyncOperation>::Release
0x00007ff636c0f995 (Unity) UnityWebRequestAsyncOperation::InvokeCoroutine
0x00007ff636c0fb71 (Unity) UnityWebRequestProto<UnityWebRequestTransport,AtomicRefCounter,RedirectHelper,ResponseHelper,DownloadHandler,UploadHandler,CertificateHandler,HeaderHelper,AsyncOperation>::Job_InvokeCoroutine
0x00007ff636277d2a (Unity) BackgroundJobQueue::ExecuteMainThreadJobs
0x00007ff63632b49f (Unity) PreloadManager::WaitForAllAsyncOperationsToComplete
0x00007ff637aea248 (Unity) <lambda_b37b41f03089e3cb3f55061bbc93253d>::operator()
0x00007ff637b25a22 (Unity) asio::detail::completion_handler<core::mutable_function<void __cdecl(void)>,asio::io_context::basic_executor_type<std::allocator<void>,0> >::do_complete
0x00007ff637b1196e (Unity) asio::detail::win_iocp_io_context::do_one
0x00007ff637b135d4 (Unity) asio::detail::win_iocp_io_context::run
0x00007ff637b23dcc (Unity) IOService::Run
0x00007ff637af71cf (Unity) AssetImportWorkerClient::Run
0x00007ff637ac2b37 (Unity) RunAssetImportWorkerClientV2
0x00007ff637ac2bbb (Unity) RunAssetImporterV2
0x00007ff6372bba5e (Unity) Application::InitializeProject
0x00007ff63774f4e5 (Unity) WinMain
0x00007ff638b014de (Unity) __scrt_common_main_seh
0x00007ffd6b887374 (KERNEL32) BaseThreadInitThunk
0x00007ffd6d89cc91 (ntdll) RtlUserThreadStart
Unloading 1420 Unused Serialized files (Serialized files now loaded: 0)
Unloading 11 unused Assets / (26.7 KB). Loaded Objects now: 2348.
Memory consumption went from 112.5 MB to 112.5 MB.
Total: 2.781900 ms (FindLiveObjects: 0.149800 ms CreateObjectMapping: 0.047600 ms MarkObjects: 2.547300 ms  DeleteObjects: 0.036100 ms)

Prepare: number of updated asset objects reloaded= 0
AssetImportParameters requested are different than current active one (requested -> active):
  custom:video-encoder-webm-vp8: eb34c28f22e8b96e1ab97ce403110664 -> 
  custom:video-decoder-webm-vp8: 9c59270c3fd7afecdb556c50c9e8de78 -> 
  custom:audio-decoder-ogg-vorbis: bf7c407c2cedff20999df2af8eb42d56 -> 
  custom:scripting/monoscript/fileName/PlayerMovement2.cs: de5dad4c3545ad8f9f6984966a40b37a -> 
  custom:SearchIndexIgnoredProperties: e643bd26f0fe6173181afceb89e7c659 -> 
  custom:container-demuxer-ogg: 62fdf1f143b41e24485cea50d1cbac27 -> 
  custom:AudioImporter_EditorPlatform: d09bf68614088b80899f8185d706f6e7 -> 
  custom:CustomObjectIndexerAttribute: 9a22284fe3817be447336de3de66b15e -> 
  custom:container-demuxer-webm: 4f35f7cbe854078d1ac9338744f61a02 -> 
  custom:scripting/monoscript/fileName/Trunk.cs: 3c77c879876a19ef3d7b12fd707afdea -> 
  custom:scripting/monoscript/fileName/ChunkGenerator.cs: c34ac5ef3d79f6264782925317061fad -> 
  custom:video-decoder-ogg-theora: a1e56fd34408186e4bbccfd4996cb3dc -> 
  custom:audio-encoder-webm-vorbis: bf7c407c2cedff20999df2af8eb42d56 -> 
  custom:framework-win-MediaFoundation: 216162199b28c13a410421893ffa2e32 -> 
  custom:scripting/precompiled-assembly-types:Assembly-CSharp: d9892b3dad924f4ddb54efe5d606d426 -> 482e17d551b00cd7946e9d7b35e05131
  custom:scripting/monoscript/fileName/Chunk.cs: 2c601e55a29a773029fef31d3cc0f584 -> 
  custom:container-muxer-webm: aa71ff27fc2769a1b78a27578f13a17b -> 
========================================================================
Received Prepare
Caller must complete domain reload
Begin MonoManager ReloadAssembly
- Loaded All Assemblies, in  0.363 seconds
Native extension for WindowsStandalone target not found
Native extension for iOS target not found
Native extension for Android target not found
[Package Manager] Server::EnsureServerProcessIsRunning -- launch failed, reason: Unity was launched with the -noUpm command-line argument
[Package Manager] UpmClient::Send -- Unable to send message (not connected to UPM process).
[Package Manager] Cannot connect to Unity Package Manager local server
[Package Manager] Server::EnsureServerProcessIsRunning -- launch failed, reason: Unity was launched with the -noUpm command-line argument
[Package Manager] UpmClient::Send -- Unable to send message (not connected to UPM process).
[Package Manager] Cannot connect to Unity Package Manager local server
Failed to sync packages list
UnityEngine.StackTraceUtility:ExtractStackTrace ()
UnityEngine.DebugLogHandler:LogFormat (UnityEngine.LogType,UnityEngine.Object,string,object[])
UnityEngine.Logger:Log (UnityEngine.LogType,object)
UnityEngine.Debug:LogWarning (object)
 .  / :MoveNext ()
System.Runtime.CompilerServices.AsyncTaskMethodBuilder:Start< .  / > ( .  / &)
 .  :  ()
 .⁤/ :MoveNext ()
System.Runtime.CompilerServices.AsyncTaskMethodBuilder:Start< .⁤/ > ( .⁤/ &)
 .⁤:  ()
System.Reflection.RuntimeMethodInfo:Invoke (object,System.Reflection.BindingFlags,System.Reflection.Binder,object[],System.Globalization.CultureInfo)
System.Reflection.MethodBase:Invoke (object,object[])
UnityEditor.EditorAssemblies:ProcessInitializeOnLoadMethodAttributes ()

Mono: successfully reloaded assembly
- Finished resetting the current domain, in  0.679 seconds
Domain Reload Profiling: 1042ms
	BeginReloadAssembly (137ms)
		ExecutionOrderSort (0ms)
		DisableScriptedObjects (5ms)
		BackupInstance (0ms)
		ReleaseScriptingObjects (0ms)
		CreateAndSetChildDomain (34ms)
	RebuildCommonClasses (31ms)
	RebuildNativeTypeToScriptingClass (9ms)
	initialDomainReloadingComplete (24ms)
	LoadAllAssembliesAndSetupDomain (161ms)
		LoadAssemblies (211ms)
		RebuildTransferFunctionScriptingTraits (0ms)
		AnalyzeDomain (20ms)
			TypeCache.Refresh (9ms)
				TypeCache.ScanAssembly (1ms)
			ScanForSourceGeneratedMonoScriptInfo (6ms)
			ResolveRequiredComponents (4ms)
	FinalizeReload (679ms)
		ReleaseScriptCaches (0ms)
		RebuildScriptCaches (0ms)
		SetupLoadedEditorAssemblies (467ms)
			LogAssemblyErrors (0ms)
			InitializePlatformSupportModulesInManaged (21ms)
			SetLoadedEditorAssemblies (2ms)
			RefreshPlugins (0ms)
			BeforeProcessingInitializeOnLoad (36ms)
			ProcessInitializeOnLoadAttributes (368ms)
			ProcessInitializeOnLoadMethodAttributes (38ms)
			AfterProcessingInitializeOnLoad (2ms)
			EditorAssembliesLoaded (0ms)
		ExecutionOrderSort2 (0ms)
		AwakeInstancesAfterBackupRestoration (6ms)
Refreshing native plugins compatible for Editor in 0.98 ms, found 2 plugins.
Preloading 0 native plugins for Editor in 0.00 ms.
Release of invalid GC handle. The handle is from a previous domain. The release operation is skipped.
Release of invalid GC handle native callstack: 
0x00007ff63674eb5d (Unity) StackWalker::GetCurrentCallstack
0x00007ff636753c39 (Unity) StackWalker::ShowCallstack
0x00007ff637744851 (Unity) GetStacktrace
0x00007ff63664ae8d (Unity) ScriptingGCHandle::ReleaseAndClear
0x00007ff636c1081c (Unity) UploadHandlerRaw::`vector deleting destructor'
0x00007ff636c113cd (Unity) UploadHandler::Release
0x00007ff636c0dc6d (Unity) UnityWebRequestProto<UnityWebRequestTransport,AtomicRefCounter,RedirectHelper,ResponseHelper,DownloadHandler,UploadHandler,CertificateHandler,HeaderHelper,AsyncOperation>::~UnityWebRequestProto<UnityWebRequestTransport,AtomicRefCounter,RedirectHelper,ResponseHelper,DownloadHandler,UploadHandler,CertificateHandler,HeaderHelper,AsyncOperation>
0x00007ff636c0df66 (Unity) UnityWebRequest::`vector deleting destructor'
0x00007ff6359640a7 (Unity) UnityWebRequestProto<UnityWebRequestTransport,AtomicRefCounter,RedirectHelper,ResponseHelper,DownloadHandler,UploadHandler,CertificateHandler,HeaderHelper,AsyncOperation>::Release
0x00007ff636c0f995 (Unity) UnityWebRequestAsyncOperation::InvokeCoroutine
0x00007ff636c0fb71 (Unity) UnityWebRequestProto<UnityWebRequestTransport,AtomicRefCounter,RedirectHelper,ResponseHelper,DownloadHandler,UploadHandler,CertificateHandler,HeaderHelper,AsyncOperation>::Job_InvokeCoroutine
0x00007ff636277d2a (Unity) BackgroundJobQueue::ExecuteMainThreadJobs
0x00007ff63632b49f (Unity) PreloadManager::WaitForAllAsyncOperationsToComplete
0x00007ff637aea248 (Unity) <lambda_b37b41f03089e3cb3f55061bbc93253d>::operator()
0x00007ff637b25a22 (Unity) asio::detail::completion_handler<core::mutable_function<void __cdecl(void)>,asio::io_context::basic_executor_type<std::allocator<void>,0> >::do_complete
0x00007ff637b1196e (Unity) asio::detail::win_iocp_io_context::do_one
0x00007ff637b135d4 (Unity) asio::detail::win_iocp_io_context::run
0x00007ff637b23dcc (Unity) IOService::Run
0x00007ff637af71cf (Unity) AssetImportWorkerClient::Run
0x00007ff637ac2b37 (Unity) RunAssetImportWorkerClientV2
0x00007ff637ac2bbb (Unity) RunAssetImporterV2
0x00007ff6372bba5e (Unity) Application::InitializeProject
0x00007ff63774f4e5 (Unity) WinMain
0x00007ff638b014de (Unity) __scrt_common_main_seh
0x00007ffd6b887374 (KERNEL32) BaseThreadInitThunk
0x00007ffd6d89cc91 (ntdll) RtlUserThreadStart
Unloading 1420 Unused Serialized files (Serialized files now loaded: 0)
Unloading 11 unused Assets / (26.6 KB). Loaded Objects now: 2353.
Memory consumption went from 112.7 MB to 112.6 MB.
Total: 3.241200 ms (FindLiveObjects: 0.151800 ms CreateObjectMapping: 0.043300 ms MarkObjects: 2.975500 ms  DeleteObjects: 0.069200 ms)

Prepare: number of updated asset objects reloaded= 0
AssetImportParameters requested are different than current active one (requested -> active):
  custom:video-encoder-webm-vp8: eb34c28f22e8b96e1ab97ce403110664 -> 
  custom:video-decoder-webm-vp8: 9c59270c3fd7afecdb556c50c9e8de78 -> 
  custom:audio-decoder-ogg-vorbis: bf7c407c2cedff20999df2af8eb42d56 -> 
  custom:scripting/monoscript/fileName/PlayerMovement2.cs: de5dad4c3545ad8f9f6984966a40b37a -> 
  custom:SearchIndexIgnoredProperties: e643bd26f0fe6173181afceb89e7c659 -> 
  custom:container-demuxer-ogg: 62fdf1f143b41e24485cea50d1cbac27 -> 
  custom:AudioImporter_EditorPlatform: d09bf68614088b80899f8185d706f6e7 -> 
  custom:CustomObjectIndexerAttribute: 9a22284fe3817be447336de3de66b15e -> 
  custom:container-demuxer-webm: 4f35f7cbe854078d1ac9338744f61a02 -> 
  custom:scripting/monoscript/fileName/Trunk.cs: 3c77c879876a19ef3d7b12fd707afdea -> 
  custom:scripting/monoscript/fileName/ChunkGenerator.cs: c34ac5ef3d79f6264782925317061fad -> 
  custom:video-decoder-ogg-theora: a1e56fd34408186e4bbccfd4996cb3dc -> 
  custom:audio-encoder-webm-vorbis: bf7c407c2cedff20999df2af8eb42d56 -> 
  custom:framework-win-MediaFoundation: 216162199b28c13a410421893ffa2e32 -> 
  custom:scripting/precompiled-assembly-types:Assembly-CSharp: d9892b3dad924f4ddb54efe5d606d426 -> 482e17d551b00cd7946e9d7b35e05131
  custom:scripting/monoscript/fileName/Chunk.cs: 2c601e55a29a773029fef31d3cc0f584 -> 
  custom:container-muxer-webm: aa71ff27fc2769a1b78a27578f13a17b -> 
========================================================================
Received Prepare
Caller must complete domain reload
Begin MonoManager ReloadAssembly
- Loaded All Assemblies, in  0.369 seconds
Native extension for WindowsStandalone target not found
Native extension for iOS target not found
Native extension for Android target not found
[Package Manager] Server::EnsureServerProcessIsRunning -- launch failed, reason: Unity was launched with the -noUpm command-line argument
[Package Manager] UpmClient::Send -- Unable to send message (not connected to UPM process).
[Package Manager] Cannot connect to Unity Package Manager local server
[Package Manager] Server::EnsureServerProcessIsRunning -- launch failed, reason: Unity was launched with the -noUpm command-line argument
[Package Manager] UpmClient::Send -- Unable to send message (not connected to UPM process).
[Package Manager] Cannot connect to Unity Package Manager local server
Failed to sync packages list
UnityEngine.StackTraceUtility:ExtractStackTrace ()
UnityEngine.DebugLogHandler:LogFormat (UnityEngine.LogType,UnityEngine.Object,string,object[])
UnityEngine.Logger:Log (UnityEngine.LogType,object)
UnityEngine.Debug:LogWarning (object)
 .  / :MoveNext ()
System.Runtime.CompilerServices.AsyncTaskMethodBuilder:Start< .  / > ( .  / &)
 .  :  ()
 .⁤/ :MoveNext ()
System.Runtime.CompilerServices.AsyncTaskMethodBuilder:Start< .⁤/ > ( .⁤/ &)
 .⁤:  ()
System.Reflection.RuntimeMethodInfo:Invoke (object,System.Reflection.BindingFlags,System.Reflection.Binder,object[],System.Globalization.CultureInfo)
System.Reflection.MethodBase:Invoke (object,object[])
UnityEditor.EditorAssemblies:ProcessInitializeOnLoadMethodAttributes ()

Mono: successfully reloaded assembly
- Finished resetting the current domain, in  0.758 seconds
Domain Reload Profiling: 1127ms
	BeginReloadAssembly (142ms)
		ExecutionOrderSort (0ms)
		DisableScriptedObjects (4ms)
		BackupInstance (0ms)
		ReleaseScriptingObjects (0ms)
		CreateAndSetChildDomain (34ms)
	RebuildCommonClasses (34ms)
	RebuildNativeTypeToScriptingClass (11ms)
	initialDomainReloadingComplete (22ms)
	LoadAllAssembliesAndSetupDomain (160ms)
		LoadAssemblies (213ms)
		RebuildTransferFunctionScriptingTraits (0ms)
		AnalyzeDomain (18ms)
			TypeCache.Refresh (7ms)
				TypeCache.ScanAssembly (0ms)
			ScanForSourceGeneratedMonoScriptInfo (7ms)
			ResolveRequiredComponents (3ms)
	FinalizeReload (759ms)
		ReleaseScriptCaches (0ms)
		RebuildScriptCaches (0ms)
		SetupLoadedEditorAssemblies (518ms)
			LogAssemblyErrors (0ms)
			InitializePlatformSupportModulesInManaged (22ms)
			SetLoadedEditorAssemblies (3ms)
			RefreshPlugins (0ms)
			BeforeProcessingInitializeOnLoad (36ms)
			ProcessInitializeOnLoadAttributes (411ms)
			ProcessInitializeOnLoadMethodAttributes (43ms)
			AfterProcessingInitializeOnLoad (3ms)
			EditorAssembliesLoaded (0ms)
		ExecutionOrderSort2 (0ms)
		AwakeInstancesAfterBackupRestoration (8ms)
Refreshing native plugins compatible for Editor in 1.44 ms, found 2 plugins.
Preloading 0 native plugins for Editor in 0.00 ms.
Release of invalid GC handle. The handle is from a previous domain. The release operation is skipped.
Release of invalid GC handle native callstack: 
0x00007ff63674eb5d (Unity) StackWalker::GetCurrentCallstack
0x00007ff636753c39 (Unity) StackWalker::ShowCallstack
0x00007ff637744851 (Unity) GetStacktrace
0x00007ff63664ae8d (Unity) ScriptingGCHandle::ReleaseAndClear
0x00007ff636c1081c (Unity) UploadHandlerRaw::`vector deleting destructor'
0x00007ff636c113cd (Unity) UploadHandler::Release
0x00007ff636c0dc6d (Unity) UnityWebRequestProto<UnityWebRequestTransport,AtomicRefCounter,RedirectHelper,ResponseHelper,DownloadHandler,UploadHandler,CertificateHandler,HeaderHelper,AsyncOperation>::~UnityWebRequestProto<UnityWebRequestTransport,AtomicRefCounter,RedirectHelper,ResponseHelper,DownloadHandler,UploadHandler,CertificateHandler,HeaderHelper,AsyncOperation>
0x00007ff636c0df66 (Unity) UnityWebRequest::`vector deleting destructor'
0x00007ff6359640a7 (Unity) UnityWebRequestProto<UnityWebRequestTransport,AtomicRefCounter,RedirectHelper,ResponseHelper,DownloadHandler,UploadHandler,CertificateHandler,HeaderHelper,AsyncOperation>::Release
0x00007ff636c0f995 (Unity) UnityWebRequestAsyncOperation::InvokeCoroutine
0x00007ff636c0fb71 (Unity) UnityWebRequestProto<UnityWebRequestTransport,AtomicRefCounter,RedirectHelper,ResponseHelper,DownloadHandler,UploadHandler,CertificateHandler,HeaderHelper,AsyncOperation>::Job_InvokeCoroutine
0x00007ff636277d2a (Unity) BackgroundJobQueue::ExecuteMainThreadJobs
0x00007ff63632b49f (Unity) PreloadManager::WaitForAllAsyncOperationsToComplete
0x00007ff637aea248 (Unity) <lambda_b37b41f03089e3cb3f55061bbc93253d>::operator()
0x00007ff637b25a22 (Unity) asio::detail::completion_handler<core::mutable_function<void __cdecl(void)>,asio::io_context::basic_executor_type<std::allocator<void>,0> >::do_complete
0x00007ff637b1196e (Unity) asio::detail::win_iocp_io_context::do_one
0x00007ff637b135d4 (Unity) asio::detail::win_iocp_io_context::run
0x00007ff637b23dcc (Unity) IOService::Run
0x00007ff637af71cf (Unity) AssetImportWorkerClient::Run
0x00007ff637ac2b37 (Unity) RunAssetImportWorkerClientV2
0x00007ff637ac2bbb (Unity) RunAssetImporterV2
0x00007ff6372bba5e (Unity) Application::InitializeProject
0x00007ff63774f4e5 (Unity) WinMain
0x00007ff638b014de (Unity) __scrt_common_main_seh
0x00007ffd6b887374 (KERNEL32) BaseThreadInitThunk
0x00007ffd6d89cc91 (ntdll) RtlUserThreadStart
Unloading 1420 Unused Serialized files (Serialized files now loaded: 0)
Unloading 11 unused Assets / (26.7 KB). Loaded Objects now: 2358.
Memory consumption went from 112.8 MB to 112.8 MB.
Total: 2.721400 ms (FindLiveObjects: 0.169600 ms CreateObjectMapping: 0.044700 ms MarkObjects: 2.476100 ms  DeleteObjects: 0.030000 ms)

Prepare: number of updated asset objects reloaded= 0
AssetImportParameters requested are different than current active one (requested -> active):
  custom:video-encoder-webm-vp8: eb34c28f22e8b96e1ab97ce403110664 -> 
  custom:video-decoder-webm-vp8: 9c59270c3fd7afecdb556c50c9e8de78 -> 
  custom:audio-decoder-ogg-vorbis: bf7c407c2cedff20999df2af8eb42d56 -> 
  custom:scripting/monoscript/fileName/PlayerMovement2.cs: de5dad4c3545ad8f9f6984966a40b37a -> 
  custom:SearchIndexIgnoredProperties: e643bd26f0fe6173181afceb89e7c659 -> 
  custom:container-demuxer-ogg: 62fdf1f143b41e24485cea50d1cbac27 -> 
  custom:AudioImporter_EditorPlatform: d09bf68614088b80899f8185d706f6e7 -> 
  custom:CustomObjectIndexerAttribute: 9a22284fe3817be447336de3de66b15e -> 
  custom:container-demuxer-webm: 4f35f7cbe854078d1ac9338744f61a02 -> 
  custom:scripting/monoscript/fileName/Trunk.cs: 3c77c879876a19ef3d7b12fd707afdea -> 
  custom:scripting/monoscript/fileName/ChunkGenerator.cs: c34ac5ef3d79f6264782925317061fad -> 
  custom:video-decoder-ogg-theora: a1e56fd34408186e4bbccfd4996cb3dc -> 
  custom:audio-encoder-webm-vorbis: bf7c407c2cedff20999df2af8eb42d56 -> 
  custom:framework-win-MediaFoundation: 216162199b28c13a410421893ffa2e32 -> 
  custom:scripting/precompiled-assembly-types:Assembly-CSharp: d9892b3dad924f4ddb54efe5d606d426 -> 482e17d551b00cd7946e9d7b35e05131
  custom:scripting/monoscript/fileName/Chunk.cs: 2c601e55a29a773029fef31d3cc0f584 -> 
  custom:container-muxer-webm: aa71ff27fc2769a1b78a27578f13a17b -> 
========================================================================
Received Prepare
Caller must complete domain reload
Begin MonoManager ReloadAssembly
- Loaded All Assemblies, in  0.350 seconds
Native extension for WindowsStandalone target not found
Native extension for iOS target not found
Native extension for Android target not found
[Package Manager] Server::EnsureServerProcessIsRunning -- launch failed, reason: Unity was launched with the -noUpm command-line argument
[Package Manager] UpmClient::Send -- Unable to send message (not connected to UPM process).
[Package Manager] Cannot connect to Unity Package Manager local server
[Package Manager] Server::EnsureServerProcessIsRunning -- launch failed, reason: Unity was launched with the -noUpm command-line argument
[Package Manager] UpmClient::Send -- Unable to send message (not connected to UPM process).
[Package Manager] Cannot connect to Unity Package Manager local server
Failed to sync packages list
UnityEngine.StackTraceUtility:ExtractStackTrace ()
UnityEngine.DebugLogHandler:LogFormat (UnityEngine.LogType,UnityEngine.Object,string,object[])
UnityEngine.Logger:Log (UnityEngine.LogType,object)
UnityEngine.Debug:LogWarning (object)
 .  / :MoveNext ()
System.Runtime.CompilerServices.AsyncTaskMethodBuilder:Start< .  / > ( .  / &)
 .  :  ()
 .⁤/ :MoveNext ()
System.Runtime.CompilerServices.AsyncTaskMethodBuilder:Start< .⁤/ > ( .⁤/ &)
 .⁤:  ()
System.Reflection.RuntimeMethodInfo:Invoke (object,System.Reflection.BindingFlags,System.Reflection.Binder,object[],System.Globalization.CultureInfo)
System.Reflection.MethodBase:Invoke (object,object[])
UnityEditor.EditorAssemblies:ProcessInitializeOnLoadMethodAttributes ()

Mono: successfully reloaded assembly
- Finished resetting the current domain, in  0.699 seconds
Domain Reload Profiling: 1049ms
	BeginReloadAssembly (147ms)
		ExecutionOrderSort (0ms)
		DisableScriptedObjects (4ms)
		BackupInstance (0ms)
		ReleaseScriptingObjects (0ms)
		CreateAndSetChildDomain (36ms)
	RebuildCommonClasses (31ms)
	RebuildNativeTypeToScriptingClass (11ms)
	initialDomainReloadingComplete (21ms)
	LoadAllAssembliesAndSetupDomain (140ms)
		LoadAssemblies (204ms)
		RebuildTransferFunctionScriptingTraits (0ms)
		AnalyzeDomain (11ms)
			TypeCache.Refresh (7ms)
				TypeCache.ScanAssembly (0ms)
			ScanForSourceGeneratedMonoScriptInfo (0ms)
			ResolveRequiredComponents (3ms)
	FinalizeReload (699ms)
		ReleaseScriptCaches (0ms)
		RebuildScriptCaches (0ms)
		SetupLoadedEditorAssemblies (480ms)
			LogAssemblyErrors (0ms)
			InitializePlatformSupportModulesInManaged (21ms)
			SetLoadedEditorAssemblies (2ms)
			RefreshPlugins (0ms)
			BeforeProcessingInitializeOnLoad (38ms)
			ProcessInitializeOnLoadAttributes (375ms)
			ProcessInitializeOnLoadMethodAttributes (41ms)
			AfterProcessingInitializeOnLoad (2ms)
			EditorAssembliesLoaded (0ms)
		ExecutionOrderSort2 (0ms)
		AwakeInstancesAfterBackupRestoration (6ms)
Refreshing native plugins compatible for Editor in 1.55 ms, found 2 plugins.
Preloading 0 native plugins for Editor in 0.00 ms.
Release of invalid GC handle. The handle is from a previous domain. The release operation is skipped.
Release of invalid GC handle native callstack: 
0x00007ff63674eb5d (Unity) StackWalker::GetCurrentCallstack
0x00007ff636753c39 (Unity) StackWalker::ShowCallstack
0x00007ff637744851 (Unity) GetStacktrace
0x00007ff63664ae8d (Unity) ScriptingGCHandle::ReleaseAndClear
0x00007ff636c1081c (Unity) UploadHandlerRaw::`vector deleting destructor'
0x00007ff636c113cd (Unity) UploadHandler::Release
0x00007ff636c0dc6d (Unity) UnityWebRequestProto<UnityWebRequestTransport,AtomicRefCounter,RedirectHelper,ResponseHelper,DownloadHandler,UploadHandler,CertificateHandler,HeaderHelper,AsyncOperation>::~UnityWebRequestProto<UnityWebRequestTransport,AtomicRefCounter,RedirectHelper,ResponseHelper,DownloadHandler,UploadHandler,CertificateHandler,HeaderHelper,AsyncOperation>
0x00007ff636c0df66 (Unity) UnityWebRequest::`vector deleting destructor'
0x00007ff6359640a7 (Unity) UnityWebRequestProto<UnityWebRequestTransport,AtomicRefCounter,RedirectHelper,ResponseHelper,DownloadHandler,UploadHandler,CertificateHandler,HeaderHelper,AsyncOperation>::Release
0x00007ff636c0f995 (Unity) UnityWebRequestAsyncOperation::InvokeCoroutine
0x00007ff636c0fb71 (Unity) UnityWebRequestProto<UnityWebRequestTransport,AtomicRefCounter,RedirectHelper,ResponseHelper,DownloadHandler,UploadHandler,CertificateHandler,HeaderHelper,AsyncOperation>::Job_InvokeCoroutine
0x00007ff636277d2a (Unity) BackgroundJobQueue::ExecuteMainThreadJobs
0x00007ff63632b49f (Unity) PreloadManager::WaitForAllAsyncOperationsToComplete
0x00007ff637aea248 (Unity) <lambda_b37b41f03089e3cb3f55061bbc93253d>::operator()
0x00007ff637b25a22 (Unity) asio::detail::completion_handler<core::mutable_function<void __cdecl(void)>,asio::io_context::basic_executor_type<std::allocator<void>,0> >::do_complete
0x00007ff637b1196e (Unity) asio::detail::win_iocp_io_context::do_one
0x00007ff637b135d4 (Unity) asio::detail::win_iocp_io_context::run
0x00007ff637b23dcc (Unity) IOService::Run
0x00007ff637af71cf (Unity) AssetImportWorkerClient::Run
0x00007ff637ac2b37 (Unity) RunAssetImportWorkerClientV2
0x00007ff637ac2bbb (Unity) RunAssetImporterV2
0x00007ff6372bba5e (Unity) Application::InitializeProject
0x00007ff63774f4e5 (Unity) WinMain
0x00007ff638b014de (Unity) __scrt_common_main_seh
0x00007ffd6b887374 (KERNEL32) BaseThreadInitThunk
0x00007ffd6d89cc91 (ntdll) RtlUserThreadStart
Unloading 1420 Unused Serialized files (Serialized files now loaded: 0)
Unloading 11 unused Assets / (26.7 KB). Loaded Objects now: 2363.
Memory consumption went from 113.0 MB to 112.9 MB.
Total: 2.774200 ms (FindLiveObjects: 0.148400 ms CreateObjectMapping: 0.036600 ms MarkObjects: 2.551500 ms  DeleteObjects: 0.036800 ms)

Prepare: number of updated asset objects reloaded= 0
AssetImportParameters requested are different than current active one (requested -> active):
  custom:video-encoder-webm-vp8: eb34c28f22e8b96e1ab97ce403110664 -> 
  custom:video-decoder-webm-vp8: 9c59270c3fd7afecdb556c50c9e8de78 -> 
  custom:audio-decoder-ogg-vorbis: bf7c407c2cedff20999df2af8eb42d56 -> 
  custom:scripting/monoscript/fileName/PlayerMovement2.cs: de5dad4c3545ad8f9f6984966a40b37a -> 
  custom:SearchIndexIgnoredProperties: e643bd26f0fe6173181afceb89e7c659 -> 
  custom:container-demuxer-ogg: 62fdf1f143b41e24485cea50d1cbac27 -> 
  custom:AudioImporter_EditorPlatform: d09bf68614088b80899f8185d706f6e7 -> 
  custom:CustomObjectIndexerAttribute: 9a22284fe3817be447336de3de66b15e -> 
  custom:container-demuxer-webm: 4f35f7cbe854078d1ac9338744f61a02 -> 
  custom:scripting/monoscript/fileName/Trunk.cs: 3c77c879876a19ef3d7b12fd707afdea -> 
  custom:scripting/monoscript/fileName/ChunkGenerator.cs: c34ac5ef3d79f6264782925317061fad -> 
  custom:video-decoder-ogg-theora: a1e56fd34408186e4bbccfd4996cb3dc -> 
  custom:audio-encoder-webm-vorbis: bf7c407c2cedff20999df2af8eb42d56 -> 
  custom:framework-win-MediaFoundation: 216162199b28c13a410421893ffa2e32 -> 
  custom:scripting/precompiled-assembly-types:Assembly-CSharp: d9892b3dad924f4ddb54efe5d606d426 -> 482e17d551b00cd7946e9d7b35e05131
  custom:scripting/monoscript/fileName/Chunk.cs: 2c601e55a29a773029fef31d3cc0f584 -> 
  custom:container-muxer-webm: aa71ff27fc2769a1b78a27578f13a17b -> 
========================================================================
Received Prepare
Caller must complete domain reload
Begin MonoManager ReloadAssembly
- Loaded All Assemblies, in  0.463 seconds
Native extension for WindowsStandalone target not found
Native extension for iOS target not found
Native extension for Android target not found
[Package Manager] Server::EnsureServerProcessIsRunning -- launch failed, reason: Unity was launched with the -noUpm command-line argument
[Package Manager] UpmClient::Send -- Unable to send message (not connected to UPM process).
[Package Manager] Cannot connect to Unity Package Manager local server
[Package Manager] Server::EnsureServerProcessIsRunning -- launch failed, reason: Unity was launched with the -noUpm command-line argument
[Package Manager] UpmClient::Send -- Unable to send message (not connected to UPM process).
[Package Manager] Cannot connect to Unity Package Manager local server
Failed to sync packages list
UnityEngine.StackTraceUtility:ExtractStackTrace ()
UnityEngine.DebugLogHandler:LogFormat (UnityEngine.LogType,UnityEngine.Object,string,object[])
UnityEngine.Logger:Log (UnityEngine.LogType,object)
UnityEngine.Debug:LogWarning (object)
 .  / :MoveNext ()
System.Runtime.CompilerServices.AsyncTaskMethodBuilder:Start< .  / > ( .  / &)
 .  :  ()
 .⁤/ :MoveNext ()
System.Runtime.CompilerServices.AsyncTaskMethodBuilder:Start< .⁤/ > ( .⁤/ &)
 .⁤:  ()
System.Reflection.RuntimeMethodInfo:Invoke (object,System.Reflection.BindingFlags,System.Reflection.Binder,object[],System.Globalization.CultureInfo)
System.Reflection.MethodBase:Invoke (object,object[])
UnityEditor.EditorAssemblies:ProcessInitializeOnLoadMethodAttributes ()

Mono: successfully reloaded assembly
- Finished resetting the current domain, in  0.875 seconds
Domain Reload Profiling: 1338ms
	BeginReloadAssembly (190ms)
		ExecutionOrderSort (0ms)
		DisableScriptedObjects (7ms)
		BackupInstance (0ms)
		ReleaseScriptingObjects (0ms)
		CreateAndSetChildDomain (52ms)
	RebuildCommonClasses (38ms)
	RebuildNativeTypeToScriptingClass (13ms)
	initialDomainReloadingComplete (33ms)
	LoadAllAssembliesAndSetupDomain (189ms)
		LoadAssemblies (263ms)
		RebuildTransferFunctionScriptingTraits (0ms)
		AnalyzeDomain (21ms)
			TypeCache.Refresh (8ms)
				TypeCache.ScanAssembly (1ms)
			ScanForSourceGeneratedMonoScriptInfo (8ms)
			ResolveRequiredComponents (3ms)
	FinalizeReload (876ms)
		ReleaseScriptCaches (0ms)
		RebuildScriptCaches (0ms)
		SetupLoadedEditorAssemblies (594ms)
			LogAssemblyErrors (0ms)
			InitializePlatformSupportModulesInManaged (27ms)
			SetLoadedEditorAssemblies (2ms)
			RefreshPlugins (0ms)
			BeforeProcessingInitializeOnLoad (43ms)
			ProcessInitializeOnLoadAttributes (471ms)
			ProcessInitializeOnLoadMethodAttributes (47ms)
			AfterProcessingInitializeOnLoad (3ms)
			EditorAssembliesLoaded (0ms)
		ExecutionOrderSort2 (0ms)
		AwakeInstancesAfterBackupRestoration (7ms)
Refreshing native plugins compatible for Editor in 1.09 ms, found 2 plugins.
Preloading 0 native plugins for Editor in 0.00 ms.
Release of invalid GC handle. The handle is from a previous domain. The release operation is skipped.
Release of invalid GC handle native callstack: 
0x00007ff63674eb5d (Unity) StackWalker::GetCurrentCallstack
0x00007ff636753c39 (Unity) StackWalker::ShowCallstack
0x00007ff637744851 (Unity) GetStacktrace
0x00007ff63664ae8d (Unity) ScriptingGCHandle::ReleaseAndClear
0x00007ff636c1081c (Unity) UploadHandlerRaw::`vector deleting destructor'
0x00007ff636c113cd (Unity) UploadHandler::Release
0x00007ff636c0dc6d (Unity) UnityWebRequestProto<UnityWebRequestTransport,AtomicRefCounter,RedirectHelper,ResponseHelper,DownloadHandler,UploadHandler,CertificateHandler,HeaderHelper,AsyncOperation>::~UnityWebRequestProto<UnityWebRequestTransport,AtomicRefCounter,RedirectHelper,ResponseHelper,DownloadHandler,UploadHandler,CertificateHandler,HeaderHelper,AsyncOperation>
0x00007ff636c0df66 (Unity) UnityWebRequest::`vector deleting destructor'
0x00007ff6359640a7 (Unity) UnityWebRequestProto<UnityWebRequestTransport,AtomicRefCounter,RedirectHelper,ResponseHelper,DownloadHandler,UploadHandler,CertificateHandler,HeaderHelper,AsyncOperation>::Release
0x00007ff636c0f995 (Unity) UnityWebRequestAsyncOperation::InvokeCoroutine
0x00007ff636c0fb71 (Unity) UnityWebRequestProto<UnityWebRequestTransport,AtomicRefCounter,RedirectHelper,ResponseHelper,DownloadHandler,UploadHandler,CertificateHandler,HeaderHelper,AsyncOperation>::Job_InvokeCoroutine
0x00007ff636277d2a (Unity) BackgroundJobQueue::ExecuteMainThreadJobs
0x00007ff63632b49f (Unity) PreloadManager::WaitForAllAsyncOperationsToComplete
0x00007ff637aea248 (Unity) <lambda_b37b41f03089e3cb3f55061bbc93253d>::operator()
0x00007ff637b25a22 (Unity) asio::detail::completion_handler<core::mutable_function<void __cdecl(void)>,asio::io_context::basic_executor_type<std::allocator<void>,0> >::do_complete
0x00007ff637b1196e (Unity) asio::detail::win_iocp_io_context::do_one
0x00007ff637b135d4 (Unity) asio::detail::win_iocp_io_context::run
0x00007ff637b23dcc (Unity) IOService::Run
0x00007ff637af71cf (Unity) AssetImportWorkerClient::Run
0x00007ff637ac2b37 (Unity) RunAssetImportWorkerClientV2
0x00007ff637ac2bbb (Unity) RunAssetImporterV2
0x00007ff6372bba5e (Unity) Application::InitializeProject
0x00007ff63774f4e5 (Unity) WinMain
0x00007ff638b014de (Unity) __scrt_common_main_seh
0x00007ffd6b887374 (KERNEL32) BaseThreadInitThunk
0x00007ffd6d89cc91 (ntdll) RtlUserThreadStart
Unloading 1420 Unused Serialized files (Serialized files now loaded: 0)
Unloading 11 unused Assets / (26.7 KB). Loaded Objects now: 2368.
Memory consumption went from 113.1 MB to 113.1 MB.
Total: 6.550700 ms (FindLiveObjects: 0.226000 ms CreateObjectMapping: 0.109500 ms MarkObjects: 6.136400 ms  DeleteObjects: 0.077200 ms)

Prepare: number of updated asset objects reloaded= 0
AssetImportParameters requested are different than current active one (requested -> active):
  custom:video-encoder-webm-vp8: eb34c28f22e8b96e1ab97ce403110664 -> 
  custom:video-decoder-webm-vp8: 9c59270c3fd7afecdb556c50c9e8de78 -> 
  custom:audio-decoder-ogg-vorbis: bf7c407c2cedff20999df2af8eb42d56 -> 
  custom:scripting/monoscript/fileName/PlayerMovement2.cs: de5dad4c3545ad8f9f6984966a40b37a -> 
  custom:SearchIndexIgnoredProperties: e643bd26f0fe6173181afceb89e7c659 -> 
  custom:container-demuxer-ogg: 62fdf1f143b41e24485cea50d1cbac27 -> 
  custom:AudioImporter_EditorPlatform: d09bf68614088b80899f8185d706f6e7 -> 
  custom:CustomObjectIndexerAttribute: 9a22284fe3817be447336de3de66b15e -> 
  custom:container-demuxer-webm: 4f35f7cbe854078d1ac9338744f61a02 -> 
  custom:scripting/monoscript/fileName/Trunk.cs: 3c77c879876a19ef3d7b12fd707afdea -> 
  custom:scripting/monoscript/fileName/ChunkGenerator.cs: c34ac5ef3d79f6264782925317061fad -> 
  custom:video-decoder-ogg-theora: a1e56fd34408186e4bbccfd4996cb3dc -> 
  custom:audio-encoder-webm-vorbis: bf7c407c2cedff20999df2af8eb42d56 -> 
  custom:framework-win-MediaFoundation: 216162199b28c13a410421893ffa2e32 -> 
  custom:scripting/precompiled-assembly-types:Assembly-CSharp: d9892b3dad924f4ddb54efe5d606d426 -> 482e17d551b00cd7946e9d7b35e05131
  custom:scripting/monoscript/fileName/Chunk.cs: 2c601e55a29a773029fef31d3cc0f584 -> 
  custom:container-muxer-webm: aa71ff27fc2769a1b78a27578f13a17b -> 
========================================================================
Received Prepare
Caller must complete domain reload
Begin MonoManager ReloadAssembly
- Loaded All Assemblies, in  0.387 seconds
Native extension for WindowsStandalone target not found
Native extension for iOS target not found
Native extension for Android target not found
[Package Manager] Server::EnsureServerProcessIsRunning -- launch failed, reason: Unity was launched with the -noUpm command-line argument
[Package Manager] UpmClient::Send -- Unable to send message (not connected to UPM process).
[Package Manager] Cannot connect to Unity Package Manager local server
[Package Manager] Server::EnsureServerProcessIsRunning -- launch failed, reason: Unity was launched with the -noUpm command-line argument
[Package Manager] UpmClient::Send -- Unable to send message (not connected to UPM process).
[Package Manager] Cannot connect to Unity Package Manager local server
Failed to sync packages list
UnityEngine.StackTraceUtility:ExtractStackTrace ()
UnityEngine.DebugLogHandler:LogFormat (UnityEngine.LogType,UnityEngine.Object,string,object[])
UnityEngine.Logger:Log (UnityEngine.LogType,object)
UnityEngine.Debug:LogWarning (object)
 .  / :MoveNext ()
System.Runtime.CompilerServices.AsyncTaskMethodBuilder:Start< .  / > ( .  / &)
 .  :  ()
 .⁤/ :MoveNext ()
System.Runtime.CompilerServices.AsyncTaskMethodBuilder:Start< .⁤/ > ( .⁤/ &)
 .⁤:  ()
System.Reflection.RuntimeMethodInfo:Invoke (object,System.Reflection.BindingFlags,System.Reflection.Binder,object[],System.Globalization.CultureInfo)
System.Reflection.MethodBase:Invoke (object,object[])
UnityEditor.EditorAssemblies:ProcessInitializeOnLoadMethodAttributes ()

Mono: successfully reloaded assembly
- Finished resetting the current domain, in  0.792 seconds
Domain Reload Profiling: 1179ms
	BeginReloadAssembly (160ms)
		ExecutionOrderSort (0ms)
		DisableScriptedObjects (4ms)
		BackupInstance (0ms)
		ReleaseScriptingObjects (0ms)
		CreateAndSetChildDomain (42ms)
	RebuildCommonClasses (32ms)
	RebuildNativeTypeToScriptingClass (15ms)
	initialDomainReloadingComplete (21ms)
	LoadAllAssembliesAndSetupDomain (159ms)
		LoadAssemblies (226ms)
		RebuildTransferFunctionScriptingTraits (0ms)
		AnalyzeDomain (17ms)
			TypeCache.Refresh (6ms)
				TypeCache.ScanAssembly (0ms)
			ScanForSourceGeneratedMonoScriptInfo (6ms)
			ResolveRequiredComponents (3ms)
	FinalizeReload (792ms)
		ReleaseScriptCaches (0ms)
		RebuildScriptCaches (0ms)
		SetupLoadedEditorAssemblies (523ms)
			LogAssemblyErrors (0ms)
			InitializePlatformSupportModulesInManaged (22ms)
			SetLoadedEditorAssemblies (2ms)
			RefreshPlugins (0ms)
			BeforeProcessingInitializeOnLoad (33ms)
			ProcessInitializeOnLoadAttributes (414ms)
			ProcessInitializeOnLoadMethodAttributes (48ms)
			AfterProcessingInitializeOnLoad (3ms)
			EditorAssembliesLoaded (0ms)
		ExecutionOrderSort2 (0ms)
		AwakeInstancesAfterBackupRestoration (9ms)
Refreshing native plugins compatible for Editor in 1.14 ms, found 2 plugins.
Preloading 0 native plugins for Editor in 0.00 ms.
Release of invalid GC handle. The handle is from a previous domain. The release operation is skipped.
Release of invalid GC handle native callstack: 
0x00007ff63674eb5d (Unity) StackWalker::GetCurrentCallstack
0x00007ff636753c39 (Unity) StackWalker::ShowCallstack
0x00007ff637744851 (Unity) GetStacktrace
0x00007ff63664ae8d (Unity) ScriptingGCHandle::ReleaseAndClear
0x00007ff636c1081c (Unity) UploadHandlerRaw::`vector deleting destructor'
0x00007ff636c113cd (Unity) UploadHandler::Release
0x00007ff636c0dc6d (Unity) UnityWebRequestProto<UnityWebRequestTransport,AtomicRefCounter,RedirectHelper,ResponseHelper,DownloadHandler,UploadHandler,CertificateHandler,HeaderHelper,AsyncOperation>::~UnityWebRequestProto<UnityWebRequestTransport,AtomicRefCounter,RedirectHelper,ResponseHelper,DownloadHandler,UploadHandler,CertificateHandler,HeaderHelper,AsyncOperation>
0x00007ff636c0df66 (Unity) UnityWebRequest::`vector deleting destructor'
0x00007ff6359640a7 (Unity) UnityWebRequestProto<UnityWebRequestTransport,AtomicRefCounter,RedirectHelper,ResponseHelper,DownloadHandler,UploadHandler,CertificateHandler,HeaderHelper,AsyncOperation>::Release
0x00007ff636c0f995 (Unity) UnityWebRequestAsyncOperation::InvokeCoroutine
0x00007ff636c0fb71 (Unity) UnityWebRequestProto<UnityWebRequestTransport,AtomicRefCounter,RedirectHelper,ResponseHelper,DownloadHandler,UploadHandler,CertificateHandler,HeaderHelper,AsyncOperation>::Job_InvokeCoroutine
0x00007ff636277d2a (Unity) BackgroundJobQueue::ExecuteMainThreadJobs
0x00007ff63632b49f (Unity) PreloadManager::WaitForAllAsyncOperationsToComplete
0x00007ff637aea248 (Unity) <lambda_b37b41f03089e3cb3f55061bbc93253d>::operator()
0x00007ff637b25a22 (Unity) asio::detail::completion_handler<core::mutable_function<void __cdecl(void)>,asio::io_context::basic_executor_type<std::allocator<void>,0> >::do_complete
0x00007ff637b1196e (Unity) asio::detail::win_iocp_io_context::do_one
0x00007ff637b135d4 (Unity) asio::detail::win_iocp_io_context::run
0x00007ff637b23dcc (Unity) IOService::Run
0x00007ff637af71cf (Unity) AssetImportWorkerClient::Run
0x00007ff637ac2b37 (Unity) RunAssetImportWorkerClientV2
0x00007ff637ac2bbb (Unity) RunAssetImporterV2
0x00007ff6372bba5e (Unity) Application::InitializeProject
0x00007ff63774f4e5 (Unity) WinMain
0x00007ff638b014de (Unity) __scrt_common_main_seh
0x00007ffd6b887374 (KERNEL32) BaseThreadInitThunk
0x00007ffd6d89cc91 (ntdll) RtlUserThreadStart
Unloading 1420 Unused Serialized files (Serialized files now loaded: 0)
Unloading 11 unused Assets / (26.8 KB). Loaded Objects now: 2373.
Memory consumption went from 113.3 MB to 113.3 MB.
Total: 3.318500 ms (FindLiveObjects: 0.174200 ms CreateObjectMapping: 0.075000 ms MarkObjects: 3.025400 ms  DeleteObjects: 0.043000 ms)

Prepare: number of updated asset objects reloaded= 1
AssetImportParameters requested are different than current active one (requested -> active):
  custom:video-encoder-webm-vp8: eb34c28f22e8b96e1ab97ce403110664 -> 
  custom:video-decoder-webm-vp8: 9c59270c3fd7afecdb556c50c9e8de78 -> 
  custom:audio-decoder-ogg-vorbis: bf7c407c2cedff20999df2af8eb42d56 -> 
  custom:scripting/monoscript/fileName/PlayerMovement2.cs: de5dad4c3545ad8f9f6984966a40b37a -> 
  custom:SearchIndexIgnoredProperties: e643bd26f0fe6173181afceb89e7c659 -> 
  custom:container-demuxer-ogg: 62fdf1f143b41e24485cea50d1cbac27 -> 
  custom:AudioImporter_EditorPlatform: d09bf68614088b80899f8185d706f6e7 -> 
  custom:CustomObjectIndexerAttribute: 9a22284fe3817be447336de3de66b15e -> 
  custom:container-demuxer-webm: 4f35f7cbe854078d1ac9338744f61a02 -> 
  custom:scripting/monoscript/fileName/Trunk.cs: 3c77c879876a19ef3d7b12fd707afdea -> 
  custom:scripting/monoscript/fileName/ChunkGenerator.cs: c34ac5ef3d79f6264782925317061fad -> 
  custom:video-decoder-ogg-theora: a1e56fd34408186e4bbccfd4996cb3dc -> 
  custom:audio-encoder-webm-vorbis: bf7c407c2cedff20999df2af8eb42d56 -> 
  custom:framework-win-MediaFoundation: 216162199b28c13a410421893ffa2e32 -> 
  custom:scripting/precompiled-assembly-types:Assembly-CSharp: d9892b3dad924f4ddb54efe5d606d426 -> 482e17d551b00cd7946e9d7b35e05131
  custom:scripting/monoscript/fileName/Chunk.cs: 2c601e55a29a773029fef31d3cc0f584 -> 
  custom:container-muxer-webm: aa71ff27fc2769a1b78a27578f13a17b -> 
========================================================================
Received Prepare
Caller must complete domain reload
Begin MonoManager ReloadAssembly
- Loaded All Assemblies, in  0.415 seconds
Native extension for WindowsStandalone target not found
Native extension for iOS target not found
Native extension for Android target not found
[Package Manager] Server::EnsureServerProcessIsRunning -- launch failed, reason: Unity was launched with the -noUpm command-line argument
[Package Manager] UpmClient::Send -- Unable to send message (not connected to UPM process).
[Package Manager] Cannot connect to Unity Package Manager local server
[Package Manager] Server::EnsureServerProcessIsRunning -- launch failed, reason: Unity was launched with the -noUpm command-line argument
[Package Manager] UpmClient::Send -- Unable to send message (not connected to UPM process).
[Package Manager] Cannot connect to Unity Package Manager local server
Failed to sync packages list
UnityEngine.StackTraceUtility:ExtractStackTrace ()
UnityEngine.DebugLogHandler:LogFormat (UnityEngine.LogType,UnityEngine.Object,string,object[])
UnityEngine.Logger:Log (UnityEngine.LogType,object)
UnityEngine.Debug:LogWarning (object)
 .  / :MoveNext ()
System.Runtime.CompilerServices.AsyncTaskMethodBuilder:Start< .  / > ( .  / &)
 .  :  ()
 .⁤/ :MoveNext ()
System.Runtime.CompilerServices.AsyncTaskMethodBuilder:Start< .⁤/ > ( .⁤/ &)
 .⁤:  ()
System.Reflection.RuntimeMethodInfo:Invoke (object,System.Reflection.BindingFlags,System.Reflection.Binder,object[],System.Globalization.CultureInfo)
System.Reflection.MethodBase:Invoke (object,object[])
UnityEditor.EditorAssemblies:ProcessInitializeOnLoadMethodAttributes ()

Mono: successfully reloaded assembly
- Finished resetting the current domain, in  0.793 seconds
Domain Reload Profiling: 1208ms
	BeginReloadAssembly (173ms)
		ExecutionOrderSort (0ms)
		DisableScriptedObjects (4ms)
		BackupInstance (0ms)
		ReleaseScriptingObjects (0ms)
		CreateAndSetChildDomain (42ms)
	RebuildCommonClasses (41ms)
	RebuildNativeTypeToScriptingClass (13ms)
	initialDomainReloadingComplete (24ms)
	LoadAllAssembliesAndSetupDomain (164ms)
		LoadAssemblies (245ms)
		RebuildTransferFunctionScriptingTraits (0ms)
		AnalyzeDomain (8ms)
			TypeCache.Refresh (4ms)
				TypeCache.ScanAssembly (0ms)
			ScanForSourceGeneratedMonoScriptInfo (0ms)
			ResolveRequiredComponents (2ms)
	FinalizeReload (793ms)
		ReleaseScriptCaches (0ms)
		RebuildScriptCaches (0ms)
		SetupLoadedEditorAssemblies (532ms)
			LogAssemblyErrors (0ms)
			InitializePlatformSupportModulesInManaged (24ms)
			SetLoadedEditorAssemblies (3ms)
			RefreshPlugins (0ms)
			BeforeProcessingInitializeOnLoad (41ms)
			ProcessInitializeOnLoadAttributes (414ms)
			ProcessInitializeOnLoadMethodAttributes (48ms)
			AfterProcessingInitializeOnLoad (2ms)
			EditorAssembliesLoaded (0ms)
		ExecutionOrderSort2 (0ms)
		AwakeInstancesAfterBackupRestoration (6ms)
Refreshing native plugins compatible for Editor in 0.91 ms, found 2 plugins.
Preloading 0 native plugins for Editor in 0.00 ms.
Release of invalid GC handle. The handle is from a previous domain. The release operation is skipped.
Release of invalid GC handle native callstack: 
0x00007ff63674eb5d (Unity) StackWalker::GetCurrentCallstack
0x00007ff636753c39 (Unity) StackWalker::ShowCallstack
0x00007ff637744851 (Unity) GetStacktrace
0x00007ff63664ae8d (Unity) ScriptingGCHandle::ReleaseAndClear
0x00007ff636c1081c (Unity) UploadHandlerRaw::`vector deleting destructor'
0x00007ff636c113cd (Unity) UploadHandler::Release
0x00007ff636c0dc6d (Unity) UnityWebRequestProto<UnityWebRequestTransport,AtomicRefCounter,RedirectHelper,ResponseHelper,DownloadHandler,UploadHandler,CertificateHandler,HeaderHelper,AsyncOperation>::~UnityWebRequestProto<UnityWebRequestTransport,AtomicRefCounter,RedirectHelper,ResponseHelper,DownloadHandler,UploadHandler,CertificateHandler,HeaderHelper,AsyncOperation>
0x00007ff636c0df66 (Unity) UnityWebRequest::`vector deleting destructor'
0x00007ff6359640a7 (Unity) UnityWebRequestProto<UnityWebRequestTransport,AtomicRefCounter,RedirectHelper,ResponseHelper,DownloadHandler,UploadHandler,CertificateHandler,HeaderHelper,AsyncOperation>::Release
0x00007ff636c0f995 (Unity) UnityWebRequestAsyncOperation::InvokeCoroutine
0x00007ff636c0fb71 (Unity) UnityWebRequestProto<UnityWebRequestTransport,AtomicRefCounter,RedirectHelper,ResponseHelper,DownloadHandler,UploadHandler,CertificateHandler,HeaderHelper,AsyncOperation>::Job_InvokeCoroutine
0x00007ff636277d2a (Unity) BackgroundJobQueue::ExecuteMainThreadJobs
0x00007ff63632b49f (Unity) PreloadManager::WaitForAllAsyncOperationsToComplete
0x00007ff637aea248 (Unity) <lambda_b37b41f03089e3cb3f55061bbc93253d>::operator()
0x00007ff637b25a22 (Unity) asio::detail::completion_handler<core::mutable_function<void __cdecl(void)>,asio::io_context::basic_executor_type<std::allocator<void>,0> >::do_complete
0x00007ff637b1196e (Unity) asio::detail::win_iocp_io_context::do_one
0x00007ff637b135d4 (Unity) asio::detail::win_iocp_io_context::run
0x00007ff637b23dcc (Unity) IOService::Run
0x00007ff637af71cf (Unity) AssetImportWorkerClient::Run
0x00007ff637ac2b37 (Unity) RunAssetImportWorkerClientV2
0x00007ff637ac2bbb (Unity) RunAssetImporterV2
0x00007ff6372bba5e (Unity) Application::InitializeProject
0x00007ff63774f4e5 (Unity) WinMain
0x00007ff638b014de (Unity) __scrt_common_main_seh
0x00007ffd6b887374 (KERNEL32) BaseThreadInitThunk
0x00007ffd6d89cc91 (ntdll) RtlUserThreadStart
Unloading 1420 Unused Serialized files (Serialized files now loaded: 0)
Unloading 11 unused Assets / (26.7 KB). Loaded Objects now: 2378.
Memory consumption went from 113.5 MB to 113.4 MB.
Total: 2.831100 ms (FindLiveObjects: 0.155300 ms CreateObjectMapping: 0.039600 ms MarkObjects: 2.603600 ms  DeleteObjects: 0.031700 ms)

Prepare: number of updated asset objects reloaded= 0
AssetImportParameters requested are different than current active one (requested -> active):
  custom:video-encoder-webm-vp8: eb34c28f22e8b96e1ab97ce403110664 -> 
  custom:video-decoder-webm-vp8: 9c59270c3fd7afecdb556c50c9e8de78 -> 
  custom:audio-decoder-ogg-vorbis: bf7c407c2cedff20999df2af8eb42d56 -> 
  custom:scripting/monoscript/fileName/PlayerMovement2.cs: de5dad4c3545ad8f9f6984966a40b37a -> 
  custom:SearchIndexIgnoredProperties: e643bd26f0fe6173181afceb89e7c659 -> 
  custom:container-demuxer-ogg: 62fdf1f143b41e24485cea50d1cbac27 -> 
  custom:AudioImporter_EditorPlatform: d09bf68614088b80899f8185d706f6e7 -> 
  custom:CustomObjectIndexerAttribute: 9a22284fe3817be447336de3de66b15e -> 
  custom:container-demuxer-webm: 4f35f7cbe854078d1ac9338744f61a02 -> 
  custom:scripting/monoscript/fileName/Trunk.cs: 3c77c879876a19ef3d7b12fd707afdea -> 
  custom:scripting/monoscript/fileName/ChunkGenerator.cs: c34ac5ef3d79f6264782925317061fad -> 
  custom:video-decoder-ogg-theora: a1e56fd34408186e4bbccfd4996cb3dc -> 
  custom:audio-encoder-webm-vorbis: bf7c407c2cedff20999df2af8eb42d56 -> 
  custom:framework-win-MediaFoundation: 216162199b28c13a410421893ffa2e32 -> 
  custom:scripting/precompiled-assembly-types:Assembly-CSharp: d9892b3dad924f4ddb54efe5d606d426 -> 482e17d551b00cd7946e9d7b35e05131
  custom:scripting/monoscript/fileName/Chunk.cs: 2c601e55a29a773029fef31d3cc0f584 -> 
  custom:container-muxer-webm: aa71ff27fc2769a1b78a27578f13a17b -> 
========================================================================
Received Prepare
Caller must complete domain reload
Begin MonoManager ReloadAssembly
- Loaded All Assemblies, in  0.381 seconds
Native extension for WindowsStandalone target not found
Native extension for iOS target not found
Native extension for Android target not found
[Package Manager] Server::EnsureServerProcessIsRunning -- launch failed, reason: Unity was launched with the -noUpm command-line argument
[Package Manager] UpmClient::Send -- Unable to send message (not connected to UPM process).
[Package Manager] Cannot connect to Unity Package Manager local server
[Package Manager] Server::EnsureServerProcessIsRunning -- launch failed, reason: Unity was launched with the -noUpm command-line argument
[Package Manager] UpmClient::Send -- Unable to send message (not connected to UPM process).
[Package Manager] Cannot connect to Unity Package Manager local server
Failed to sync packages list
UnityEngine.StackTraceUtility:ExtractStackTrace ()
UnityEngine.DebugLogHandler:LogFormat (UnityEngine.LogType,UnityEngine.Object,string,object[])
UnityEngine.Logger:Log (UnityEngine.LogType,object)
UnityEngine.Debug:LogWarning (object)
 .  / :MoveNext ()
System.Runtime.CompilerServices.AsyncTaskMethodBuilder:Start< .  / > ( .  / &)
 .  :  ()
 .⁤/ :MoveNext ()
System.Runtime.CompilerServices.AsyncTaskMethodBuilder:Start< .⁤/ > ( .⁤/ &)
 .⁤:  ()
System.Reflection.RuntimeMethodInfo:Invoke (object,System.Reflection.BindingFlags,System.Reflection.Binder,object[],System.Globalization.CultureInfo)
System.Reflection.MethodBase:Invoke (object,object[])
UnityEditor.EditorAssemblies:ProcessInitializeOnLoadMethodAttributes ()

Mono: successfully reloaded assembly
- Finished resetting the current domain, in  0.778 seconds
Domain Reload Profiling: 1159ms
	BeginReloadAssembly (154ms)
		ExecutionOrderSort (0ms)
		DisableScriptedObjects (5ms)
		BackupInstance (0ms)
		ReleaseScriptingObjects (0ms)
		CreateAndSetChildDomain (35ms)
	RebuildCommonClasses (40ms)
	RebuildNativeTypeToScriptingClass (10ms)
	initialDomainReloadingComplete (21ms)
	LoadAllAssembliesAndSetupDomain (157ms)
		LoadAssemblies (221ms)
		RebuildTransferFunctionScriptingTraits (0ms)
		AnalyzeDomain (17ms)
			TypeCache.Refresh (6ms)
				TypeCache.ScanAssembly (0ms)
			ScanForSourceGeneratedMonoScriptInfo (7ms)
			ResolveRequiredComponents (3ms)
	FinalizeReload (779ms)
		ReleaseScriptCaches (0ms)
		RebuildScriptCaches (0ms)
		SetupLoadedEditorAssemblies (521ms)
			LogAssemblyErrors (0ms)
			InitializePlatformSupportModulesInManaged (30ms)
			SetLoadedEditorAssemblies (3ms)
			RefreshPlugins (0ms)
			BeforeProcessingInitializeOnLoad (40ms)
			ProcessInitializeOnLoadAttributes (402ms)
			ProcessInitializeOnLoadMethodAttributes (44ms)
			AfterProcessingInitializeOnLoad (2ms)
			EditorAssembliesLoaded (0ms)
		ExecutionOrderSort2 (0ms)
		AwakeInstancesAfterBackupRestoration (8ms)
Refreshing native plugins compatible for Editor in 1.45 ms, found 2 plugins.
Preloading 0 native plugins for Editor in 0.00 ms.
Release of invalid GC handle. The handle is from a previous domain. The release operation is skipped.
Release of invalid GC handle native callstack: 
0x00007ff63674eb5d (Unity) StackWalker::GetCurrentCallstack
0x00007ff636753c39 (Unity) StackWalker::ShowCallstack
0x00007ff637744851 (Unity) GetStacktrace
0x00007ff63664ae8d (Unity) ScriptingGCHandle::ReleaseAndClear
0x00007ff636c1081c (Unity) UploadHandlerRaw::`vector deleting destructor'
0x00007ff636c113cd (Unity) UploadHandler::Release
0x00007ff636c0dc6d (Unity) UnityWebRequestProto<UnityWebRequestTransport,AtomicRefCounter,RedirectHelper,ResponseHelper,DownloadHandler,UploadHandler,CertificateHandler,HeaderHelper,AsyncOperation>::~UnityWebRequestProto<UnityWebRequestTransport,AtomicRefCounter,RedirectHelper,ResponseHelper,DownloadHandler,UploadHandler,CertificateHandler,HeaderHelper,AsyncOperation>
0x00007ff636c0df66 (Unity) UnityWebRequest::`vector deleting destructor'
0x00007ff6359640a7 (Unity) UnityWebRequestProto<UnityWebRequestTransport,AtomicRefCounter,RedirectHelper,ResponseHelper,DownloadHandler,UploadHandler,CertificateHandler,HeaderHelper,AsyncOperation>::Release
0x00007ff636c0f995 (Unity) UnityWebRequestAsyncOperation::InvokeCoroutine
0x00007ff636c0fb71 (Unity) UnityWebRequestProto<UnityWebRequestTransport,AtomicRefCounter,RedirectHelper,ResponseHelper,DownloadHandler,UploadHandler,CertificateHandler,HeaderHelper,AsyncOperation>::Job_InvokeCoroutine
0x00007ff636277d2a (Unity) BackgroundJobQueue::ExecuteMainThreadJobs
0x00007ff63632b49f (Unity) PreloadManager::WaitForAllAsyncOperationsToComplete
0x00007ff637aea248 (Unity) <lambda_b37b41f03089e3cb3f55061bbc93253d>::operator()
0x00007ff637b25a22 (Unity) asio::detail::completion_handler<core::mutable_function<void __cdecl(void)>,asio::io_context::basic_executor_type<std::allocator<void>,0> >::do_complete
0x00007ff637b1196e (Unity) asio::detail::win_iocp_io_context::do_one
0x00007ff637b135d4 (Unity) asio::detail::win_iocp_io_context::run
0x00007ff637b23dcc (Unity) IOService::Run
0x00007ff637af71cf (Unity) AssetImportWorkerClient::Run
0x00007ff637ac2b37 (Unity) RunAssetImportWorkerClientV2
0x00007ff637ac2bbb (Unity) RunAssetImporterV2
0x00007ff6372bba5e (Unity) Application::InitializeProject
0x00007ff63774f4e5 (Unity) WinMain
0x00007ff638b014de (Unity) __scrt_common_main_seh
0x00007ffd6b887374 (KERNEL32) BaseThreadInitThunk
0x00007ffd6d89cc91 (ntdll) RtlUserThreadStart
Unloading 1420 Unused Serialized files (Serialized files now loaded: 0)
Unloading 11 unused Assets / (26.7 KB). Loaded Objects now: 2383.
Memory consumption went from 113.6 MB to 113.6 MB.
Total: 4.094300 ms (FindLiveObjects: 0.193500 ms CreateObjectMapping: 0.114300 ms MarkObjects: 3.742600 ms  DeleteObjects: 0.042700 ms)

Prepare: number of updated asset objects reloaded= 0
AssetImportParameters requested are different than current active one (requested -> active):
  custom:video-encoder-webm-vp8: eb34c28f22e8b96e1ab97ce403110664 -> 
  custom:video-decoder-webm-vp8: 9c59270c3fd7afecdb556c50c9e8de78 -> 
  custom:audio-decoder-ogg-vorbis: bf7c407c2cedff20999df2af8eb42d56 -> 
  custom:scripting/monoscript/fileName/PlayerMovement2.cs: de5dad4c3545ad8f9f6984966a40b37a -> 
  custom:SearchIndexIgnoredProperties: e643bd26f0fe6173181afceb89e7c659 -> 
  custom:container-demuxer-ogg: 62fdf1f143b41e24485cea50d1cbac27 -> 
  custom:AudioImporter_EditorPlatform: d09bf68614088b80899f8185d706f6e7 -> 
  custom:CustomObjectIndexerAttribute: 9a22284fe3817be447336de3de66b15e -> 
  custom:container-demuxer-webm: 4f35f7cbe854078d1ac9338744f61a02 -> 
  custom:scripting/monoscript/fileName/Trunk.cs: 3c77c879876a19ef3d7b12fd707afdea -> 
  custom:scripting/monoscript/fileName/ChunkGenerator.cs: c34ac5ef3d79f6264782925317061fad -> 
  custom:video-decoder-ogg-theora: a1e56fd34408186e4bbccfd4996cb3dc -> 
  custom:audio-encoder-webm-vorbis: bf7c407c2cedff20999df2af8eb42d56 -> 
  custom:framework-win-MediaFoundation: 216162199b28c13a410421893ffa2e32 -> 
  custom:scripting/precompiled-assembly-types:Assembly-CSharp: b0fb9725752ffdaefe66466edb16586f -> 482e17d551b00cd7946e9d7b35e05131
  custom:scripting/monoscript/fileName/Chunk.cs: 2c601e55a29a773029fef31d3cc0f584 -> 
  custom:container-muxer-webm: aa71ff27fc2769a1b78a27578f13a17b -> 
========================================================================
Received Prepare
Caller must complete domain reload
Begin MonoManager ReloadAssembly
- Loaded All Assemblies, in  0.359 seconds
Native extension for WindowsStandalone target not found
Native extension for iOS target not found
Native extension for Android target not found
[Package Manager] Server::EnsureServerProcessIsRunning -- launch failed, reason: Unity was launched with the -noUpm command-line argument
[Package Manager] UpmClient::Send -- Unable to send message (not connected to UPM process).
[Package Manager] Cannot connect to Unity Package Manager local server
[Package Manager] Server::EnsureServerProcessIsRunning -- launch failed, reason: Unity was launched with the -noUpm command-line argument
[Package Manager] UpmClient::Send -- Unable to send message (not connected to UPM process).
[Package Manager] Cannot connect to Unity Package Manager local server
Failed to sync packages list
UnityEngine.StackTraceUtility:ExtractStackTrace ()
UnityEngine.DebugLogHandler:LogFormat (UnityEngine.LogType,UnityEngine.Object,string,object[])
UnityEngine.Logger:Log (UnityEngine.LogType,object)
UnityEngine.Debug:LogWarning (object)
 .  / :MoveNext ()
System.Runtime.CompilerServices.AsyncTaskMethodBuilder:Start< .  / > ( .  / &)
 .  :  ()
 .⁤/ :MoveNext ()
System.Runtime.CompilerServices.AsyncTaskMethodBuilder:Start< .⁤/ > ( .⁤/ &)
 .⁤:  ()
System.Reflection.RuntimeMethodInfo:Invoke (object,System.Reflection.BindingFlags,System.Reflection.Binder,object[],System.Globalization.CultureInfo)
System.Reflection.MethodBase:Invoke (object,object[])
UnityEditor.EditorAssemblies:ProcessInitializeOnLoadMethodAttributes ()

Mono: successfully reloaded assembly
- Finished resetting the current domain, in  0.716 seconds
Domain Reload Profiling: 1076ms
	BeginReloadAssembly (149ms)
		ExecutionOrderSort (0ms)
		DisableScriptedObjects (4ms)
		BackupInstance (0ms)
		ReleaseScriptingObjects (0ms)
		CreateAndSetChildDomain (37ms)
	RebuildCommonClasses (36ms)
	RebuildNativeTypeToScriptingClass (10ms)
	initialDomainReloadingComplete (24ms)
	LoadAllAssembliesAndSetupDomain (140ms)
		LoadAssemblies (209ms)
		RebuildTransferFunctionScriptingTraits (0ms)
		AnalyzeDomain (9ms)
			TypeCache.Refresh (5ms)
				TypeCache.ScanAssembly (0ms)
			ScanForSourceGeneratedMonoScriptInfo (0ms)
			ResolveRequiredComponents (2ms)
	FinalizeReload (717ms)
		ReleaseScriptCaches (0ms)
		RebuildScriptCaches (0ms)
		SetupLoadedEditorAssemblies (483ms)
			LogAssemblyErrors (0ms)
			InitializePlatformSupportModulesInManaged (23ms)
			SetLoadedEditorAssemblies (3ms)
			RefreshPlugins (0ms)
			BeforeProcessingInitializeOnLoad (41ms)
			ProcessInitializeOnLoadAttributes (373ms)
			ProcessInitializeOnLoadMethodAttributes (41ms)
			AfterProcessingInitializeOnLoad (2ms)
			EditorAssembliesLoaded (0ms)
		ExecutionOrderSort2 (0ms)
		AwakeInstancesAfterBackupRestoration (5ms)
Refreshing native plugins compatible for Editor in 1.43 ms, found 2 plugins.
Preloading 0 native plugins for Editor in 0.00 ms.
Release of invalid GC handle. The handle is from a previous domain. The release operation is skipped.
Release of invalid GC handle native callstack: 
0x00007ff63674eb5d (Unity) StackWalker::GetCurrentCallstack
0x00007ff636753c39 (Unity) StackWalker::ShowCallstack
0x00007ff637744851 (Unity) GetStacktrace
0x00007ff63664ae8d (Unity) ScriptingGCHandle::ReleaseAndClear
0x00007ff636c1081c (Unity) UploadHandlerRaw::`vector deleting destructor'
0x00007ff636c113cd (Unity) UploadHandler::Release
0x00007ff636c0dc6d (Unity) UnityWebRequestProto<UnityWebRequestTransport,AtomicRefCounter,RedirectHelper,ResponseHelper,DownloadHandler,UploadHandler,CertificateHandler,HeaderHelper,AsyncOperation>::~UnityWebRequestProto<UnityWebRequestTransport,AtomicRefCounter,RedirectHelper,ResponseHelper,DownloadHandler,UploadHandler,CertificateHandler,HeaderHelper,AsyncOperation>
0x00007ff636c0df66 (Unity) UnityWebRequest::`vector deleting destructor'
0x00007ff6359640a7 (Unity) UnityWebRequestProto<UnityWebRequestTransport,AtomicRefCounter,RedirectHelper,ResponseHelper,DownloadHandler,UploadHandler,CertificateHandler,HeaderHelper,AsyncOperation>::Release
0x00007ff636c0f995 (Unity) UnityWebRequestAsyncOperation::InvokeCoroutine
0x00007ff636c0fb71 (Unity) UnityWebRequestProto<UnityWebRequestTransport,AtomicRefCounter,RedirectHelper,ResponseHelper,DownloadHandler,UploadHandler,CertificateHandler,HeaderHelper,AsyncOperation>::Job_InvokeCoroutine
0x00007ff636277d2a (Unity) BackgroundJobQueue::ExecuteMainThreadJobs
0x00007ff63632b49f (Unity) PreloadManager::WaitForAllAsyncOperationsToComplete
0x00007ff637aea248 (Unity) <lambda_b37b41f03089e3cb3f55061bbc93253d>::operator()
0x00007ff637b25a22 (Unity) asio::detail::completion_handler<core::mutable_function<void __cdecl(void)>,asio::io_context::basic_executor_type<std::allocator<void>,0> >::do_complete
0x00007ff637b1196e (Unity) asio::detail::win_iocp_io_context::do_one
0x00007ff637b135d4 (Unity) asio::detail::win_iocp_io_context::run
0x00007ff637b23dcc (Unity) IOService::Run
0x00007ff637af71cf (Unity) AssetImportWorkerClient::Run
0x00007ff637ac2b37 (Unity) RunAssetImportWorkerClientV2
0x00007ff637ac2bbb (Unity) RunAssetImporterV2
0x00007ff6372bba5e (Unity) Application::InitializeProject
0x00007ff63774f4e5 (Unity) WinMain
0x00007ff638b014de (Unity) __scrt_common_main_seh
0x00007ffd6b887374 (KERNEL32) BaseThreadInitThunk
0x00007ffd6d89cc91 (ntdll) RtlUserThreadStart
Unloading 1420 Unused Serialized files (Serialized files now loaded: 0)
Unloading 11 unused Assets / (26.6 KB). Loaded Objects now: 2388.
Memory consumption went from 113.8 MB to 113.8 MB.
Total: 3.125200 ms (FindLiveObjects: 0.234500 ms CreateObjectMapping: 0.079700 ms MarkObjects: 2.766200 ms  DeleteObjects: 0.043700 ms)

Prepare: number of updated asset objects reloaded= 0
AssetImportParameters requested are different than current active one (requested -> active):
  custom:video-encoder-webm-vp8: eb34c28f22e8b96e1ab97ce403110664 -> 
  custom:video-decoder-webm-vp8: 9c59270c3fd7afecdb556c50c9e8de78 -> 
  custom:audio-decoder-ogg-vorbis: bf7c407c2cedff20999df2af8eb42d56 -> 
  custom:scripting/monoscript/fileName/PlayerMovement2.cs: de5dad4c3545ad8f9f6984966a40b37a -> 
  custom:SearchIndexIgnoredProperties: e643bd26f0fe6173181afceb89e7c659 -> 
  custom:container-demuxer-ogg: 62fdf1f143b41e24485cea50d1cbac27 -> 
  custom:AudioImporter_EditorPlatform: d09bf68614088b80899f8185d706f6e7 -> 
  custom:CustomObjectIndexerAttribute: 9a22284fe3817be447336de3de66b15e -> 
  custom:container-demuxer-webm: 4f35f7cbe854078d1ac9338744f61a02 -> 
  custom:scripting/monoscript/fileName/Trunk.cs: 3c77c879876a19ef3d7b12fd707afdea -> 
  custom:scripting/monoscript/fileName/ChunkGenerator.cs: c34ac5ef3d79f6264782925317061fad -> 
  custom:video-decoder-ogg-theora: a1e56fd34408186e4bbccfd4996cb3dc -> 
  custom:audio-encoder-webm-vorbis: bf7c407c2cedff20999df2af8eb42d56 -> 
  custom:framework-win-MediaFoundation: 216162199b28c13a410421893ffa2e32 -> 
  custom:scripting/precompiled-assembly-types:Assembly-CSharp: b0fb9725752ffdaefe66466edb16586f -> 482e17d551b00cd7946e9d7b35e05131
  custom:scripting/monoscript/fileName/Chunk.cs: 2c601e55a29a773029fef31d3cc0f584 -> 
  custom:container-muxer-webm: aa71ff27fc2769a1b78a27578f13a17b -> 
========================================================================
Received Prepare
Caller must complete domain reload
Begin MonoManager ReloadAssembly
- Loaded All Assemblies, in  0.369 seconds
Native extension for WindowsStandalone target not found
Native extension for iOS target not found
Native extension for Android target not found
[Package Manager] Server::EnsureServerProcessIsRunning -- launch failed, reason: Unity was launched with the -noUpm command-line argument
[Package Manager] UpmClient::Send -- Unable to send message (not connected to UPM process).
[Package Manager] Cannot connect to Unity Package Manager local server
[Package Manager] Server::EnsureServerProcessIsRunning -- launch failed, reason: Unity was launched with the -noUpm command-line argument
[Package Manager] UpmClient::Send -- Unable to send message (not connected to UPM process).
[Package Manager] Cannot connect to Unity Package Manager local server
Failed to sync packages list
UnityEngine.StackTraceUtility:ExtractStackTrace ()
UnityEngine.DebugLogHandler:LogFormat (UnityEngine.LogType,UnityEngine.Object,string,object[])
UnityEngine.Logger:Log (UnityEngine.LogType,object)
UnityEngine.Debug:LogWarning (object)
 .  / :MoveNext ()
System.Runtime.CompilerServices.AsyncTaskMethodBuilder:Start< .  / > ( .  / &)
 .  :  ()
 .⁤/ :MoveNext ()
System.Runtime.CompilerServices.AsyncTaskMethodBuilder:Start< .⁤/ > ( .⁤/ &)
 .⁤:  ()
System.Reflection.RuntimeMethodInfo:Invoke (object,System.Reflection.BindingFlags,System.Reflection.Binder,object[],System.Globalization.CultureInfo)
System.Reflection.MethodBase:Invoke (object,object[])
UnityEditor.EditorAssemblies:ProcessInitializeOnLoadMethodAttributes ()

Mono: successfully reloaded assembly
- Finished resetting the current domain, in  0.702 seconds
Domain Reload Profiling: 1072ms
	BeginReloadAssembly (149ms)
		ExecutionOrderSort (0ms)
		DisableScriptedObjects (4ms)
		BackupInstance (0ms)
		ReleaseScriptingObjects (0ms)
		CreateAndSetChildDomain (34ms)
	RebuildCommonClasses (33ms)
	RebuildNativeTypeToScriptingClass (10ms)
	initialDomainReloadingComplete (20ms)
	LoadAllAssembliesAndSetupDomain (157ms)
		LoadAssemblies (229ms)
		RebuildTransferFunctionScriptingTraits (0ms)
		AnalyzeDomain (8ms)
			TypeCache.Refresh (5ms)
				TypeCache.ScanAssembly (0ms)
			ScanForSourceGeneratedMonoScriptInfo (0ms)
			ResolveRequiredComponents (2ms)
	FinalizeReload (703ms)
		ReleaseScriptCaches (0ms)
		RebuildScriptCaches (0ms)
		SetupLoadedEditorAssemblies (475ms)
			LogAssemblyErrors (0ms)
			InitializePlatformSupportModulesInManaged (25ms)
			SetLoadedEditorAssemblies (2ms)
			RefreshPlugins (0ms)
			BeforeProcessingInitializeOnLoad (38ms)
			ProcessInitializeOnLoadAttributes (364ms)
			ProcessInitializeOnLoadMethodAttributes (44ms)
			AfterProcessingInitializeOnLoad (2ms)
			EditorAssembliesLoaded (0ms)
		ExecutionOrderSort2 (0ms)
		AwakeInstancesAfterBackupRestoration (6ms)
Refreshing native plugins compatible for Editor in 0.97 ms, found 2 plugins.
Preloading 0 native plugins for Editor in 0.00 ms.
Release of invalid GC handle. The handle is from a previous domain. The release operation is skipped.
Release of invalid GC handle native callstack: 
0x00007ff63674eb5d (Unity) StackWalker::GetCurrentCallstack
0x00007ff636753c39 (Unity) StackWalker::ShowCallstack
0x00007ff637744851 (Unity) GetStacktrace
0x00007ff63664ae8d (Unity) ScriptingGCHandle::ReleaseAndClear
0x00007ff636c1081c (Unity) UploadHandlerRaw::`vector deleting destructor'
0x00007ff636c113cd (Unity) UploadHandler::Release
0x00007ff636c0dc6d (Unity) UnityWebRequestProto<UnityWebRequestTransport,AtomicRefCounter,RedirectHelper,ResponseHelper,DownloadHandler,UploadHandler,CertificateHandler,HeaderHelper,AsyncOperation>::~UnityWebRequestProto<UnityWebRequestTransport,AtomicRefCounter,RedirectHelper,ResponseHelper,DownloadHandler,UploadHandler,CertificateHandler,HeaderHelper,AsyncOperation>
0x00007ff636c0df66 (Unity) UnityWebRequest::`vector deleting destructor'
0x00007ff6359640a7 (Unity) UnityWebRequestProto<UnityWebRequestTransport,AtomicRefCounter,RedirectHelper,ResponseHelper,DownloadHandler,UploadHandler,CertificateHandler,HeaderHelper,AsyncOperation>::Release
0x00007ff636c0f995 (Unity) UnityWebRequestAsyncOperation::InvokeCoroutine
0x00007ff636c0fb71 (Unity) UnityWebRequestProto<UnityWebRequestTransport,AtomicRefCounter,RedirectHelper,ResponseHelper,DownloadHandler,UploadHandler,CertificateHandler,HeaderHelper,AsyncOperation>::Job_InvokeCoroutine
0x00007ff636277d2a (Unity) BackgroundJobQueue::ExecuteMainThreadJobs
0x00007ff63632b49f (Unity) PreloadManager::WaitForAllAsyncOperationsToComplete
0x00007ff637aea248 (Unity) <lambda_b37b41f03089e3cb3f55061bbc93253d>::operator()
0x00007ff637b25a22 (Unity) asio::detail::completion_handler<core::mutable_function<void __cdecl(void)>,asio::io_context::basic_executor_type<std::allocator<void>,0> >::do_complete
0x00007ff637b1196e (Unity) asio::detail::win_iocp_io_context::do_one
0x00007ff637b135d4 (Unity) asio::detail::win_iocp_io_context::run
0x00007ff637b23dcc (Unity) IOService::Run
0x00007ff637af71cf (Unity) AssetImportWorkerClient::Run
0x00007ff637ac2b37 (Unity) RunAssetImportWorkerClientV2
0x00007ff637ac2bbb (Unity) RunAssetImporterV2
0x00007ff6372bba5e (Unity) Application::InitializeProject
0x00007ff63774f4e5 (Unity) WinMain
0x00007ff638b014de (Unity) __scrt_common_main_seh
0x00007ffd6b887374 (KERNEL32) BaseThreadInitThunk
0x00007ffd6d89cc91 (ntdll) RtlUserThreadStart
Unloading 1420 Unused Serialized files (Serialized files now loaded: 0)
Unloading 11 unused Assets / (26.6 KB). Loaded Objects now: 2393.
Memory consumption went from 113.9 MB to 113.9 MB.
Total: 4.258300 ms (FindLiveObjects: 0.216400 ms CreateObjectMapping: 0.081900 ms MarkObjects: 3.917400 ms  DeleteObjects: 0.041100 ms)

Prepare: number of updated asset objects reloaded= 0
AssetImportParameters requested are different than current active one (requested -> active):
  custom:video-encoder-webm-vp8: eb34c28f22e8b96e1ab97ce403110664 -> 
  custom:video-decoder-webm-vp8: 9c59270c3fd7afecdb556c50c9e8de78 -> 
  custom:audio-decoder-ogg-vorbis: bf7c407c2cedff20999df2af8eb42d56 -> 
  custom:scripting/monoscript/fileName/PlayerMovement2.cs: de5dad4c3545ad8f9f6984966a40b37a -> 
  custom:SearchIndexIgnoredProperties: e643bd26f0fe6173181afceb89e7c659 -> 
  custom:container-demuxer-ogg: 62fdf1f143b41e24485cea50d1cbac27 -> 
  custom:AudioImporter_EditorPlatform: d09bf68614088b80899f8185d706f6e7 -> 
  custom:CustomObjectIndexerAttribute: 9a22284fe3817be447336de3de66b15e -> 
  custom:container-demuxer-webm: 4f35f7cbe854078d1ac9338744f61a02 -> 
  custom:scripting/monoscript/fileName/Trunk.cs: 3c77c879876a19ef3d7b12fd707afdea -> 
  custom:scripting/monoscript/fileName/ChunkGenerator.cs: c34ac5ef3d79f6264782925317061fad -> 
  custom:video-decoder-ogg-theora: a1e56fd34408186e4bbccfd4996cb3dc -> 
  custom:audio-encoder-webm-vorbis: bf7c407c2cedff20999df2af8eb42d56 -> 
  custom:framework-win-MediaFoundation: 216162199b28c13a410421893ffa2e32 -> 
  custom:scripting/precompiled-assembly-types:Assembly-CSharp: b0fb9725752ffdaefe66466edb16586f -> 482e17d551b00cd7946e9d7b35e05131
  custom:scripting/monoscript/fileName/Chunk.cs: 2c601e55a29a773029fef31d3cc0f584 -> 
  custom:container-muxer-webm: aa71ff27fc2769a1b78a27578f13a17b -> 
========================================================================
Received Prepare
Caller must complete domain reload
Begin MonoManager ReloadAssembly
- Loaded All Assemblies, in  0.356 seconds
Native extension for WindowsStandalone target not found
Native extension for iOS target not found
Native extension for Android target not found
[Package Manager] Server::EnsureServerProcessIsRunning -- launch failed, reason: Unity was launched with the -noUpm command-line argument
[Package Manager] UpmClient::Send -- Unable to send message (not connected to UPM process).
[Package Manager] Cannot connect to Unity Package Manager local server
[Package Manager] Server::EnsureServerProcessIsRunning -- launch failed, reason: Unity was launched with the -noUpm command-line argument
[Package Manager] UpmClient::Send -- Unable to send message (not connected to UPM process).
[Package Manager] Cannot connect to Unity Package Manager local server
Failed to sync packages list
UnityEngine.StackTraceUtility:ExtractStackTrace ()
UnityEngine.DebugLogHandler:LogFormat (UnityEngine.LogType,UnityEngine.Object,string,object[])
UnityEngine.Logger:Log (UnityEngine.LogType,object)
UnityEngine.Debug:LogWarning (object)
 .  / :MoveNext ()
System.Runtime.CompilerServices.AsyncTaskMethodBuilder:Start< .  / > ( .  / &)
 .  :  ()
 .⁤/ :MoveNext ()
System.Runtime.CompilerServices.AsyncTaskMethodBuilder:Start< .⁤/ > ( .⁤/ &)
 .⁤:  ()
System.Reflection.RuntimeMethodInfo:Invoke (object,System.Reflection.BindingFlags,System.Reflection.Binder,object[],System.Globalization.CultureInfo)
System.Reflection.MethodBase:Invoke (object,object[])
UnityEditor.EditorAssemblies:ProcessInitializeOnLoadMethodAttributes ()

Mono: successfully reloaded assembly
- Finished resetting the current domain, in  0.699 seconds
Domain Reload Profiling: 1055ms
	BeginReloadAssembly (155ms)
		ExecutionOrderSort (0ms)
		DisableScriptedObjects (4ms)
		BackupInstance (0ms)
		ReleaseScriptingObjects (0ms)
		CreateAndSetChildDomain (36ms)
	RebuildCommonClasses (35ms)
	RebuildNativeTypeToScriptingClass (10ms)
	initialDomainReloadingComplete (20ms)
	LoadAllAssembliesAndSetupDomain (136ms)
		LoadAssemblies (209ms)
		RebuildTransferFunctionScriptingTraits (0ms)
		AnalyzeDomain (7ms)
			TypeCache.Refresh (4ms)
				TypeCache.ScanAssembly (0ms)
			ScanForSourceGeneratedMonoScriptInfo (0ms)
			ResolveRequiredComponents (2ms)
	FinalizeReload (699ms)
		ReleaseScriptCaches (0ms)
		RebuildScriptCaches (0ms)
		SetupLoadedEditorAssemblies (474ms)
			LogAssemblyErrors (0ms)
			InitializePlatformSupportModulesInManaged (23ms)
			SetLoadedEditorAssemblies (2ms)
			RefreshPlugins (0ms)
			BeforeProcessingInitializeOnLoad (38ms)
			ProcessInitializeOnLoadAttributes (368ms)
			ProcessInitializeOnLoadMethodAttributes (41ms)
			AfterProcessingInitializeOnLoad (2ms)
			EditorAssembliesLoaded (0ms)
		ExecutionOrderSort2 (0ms)
		AwakeInstancesAfterBackupRestoration (5ms)
Refreshing native plugins compatible for Editor in 1.04 ms, found 2 plugins.
Preloading 0 native plugins for Editor in 0.00 ms.
Release of invalid GC handle. The handle is from a previous domain. The release operation is skipped.
Release of invalid GC handle native callstack: 
0x00007ff63674eb5d (Unity) StackWalker::GetCurrentCallstack
0x00007ff636753c39 (Unity) StackWalker::ShowCallstack
0x00007ff637744851 (Unity) GetStacktrace
0x00007ff63664ae8d (Unity) ScriptingGCHandle::ReleaseAndClear
0x00007ff636c1081c (Unity) UploadHandlerRaw::`vector deleting destructor'
0x00007ff636c113cd (Unity) UploadHandler::Release
0x00007ff636c0dc6d (Unity) UnityWebRequestProto<UnityWebRequestTransport,AtomicRefCounter,RedirectHelper,ResponseHelper,DownloadHandler,UploadHandler,CertificateHandler,HeaderHelper,AsyncOperation>::~UnityWebRequestProto<UnityWebRequestTransport,AtomicRefCounter,RedirectHelper,ResponseHelper,DownloadHandler,UploadHandler,CertificateHandler,HeaderHelper,AsyncOperation>
0x00007ff636c0df66 (Unity) UnityWebRequest::`vector deleting destructor'
0x00007ff6359640a7 (Unity) UnityWebRequestProto<UnityWebRequestTransport,AtomicRefCounter,RedirectHelper,ResponseHelper,DownloadHandler,UploadHandler,CertificateHandler,HeaderHelper,AsyncOperation>::Release
0x00007ff636c0f995 (Unity) UnityWebRequestAsyncOperation::InvokeCoroutine
0x00007ff636c0fb71 (Unity) UnityWebRequestProto<UnityWebRequestTransport,AtomicRefCounter,RedirectHelper,ResponseHelper,DownloadHandler,UploadHandler,CertificateHandler,HeaderHelper,AsyncOperation>::Job_InvokeCoroutine
0x00007ff636277d2a (Unity) BackgroundJobQueue::ExecuteMainThreadJobs
0x00007ff63632b49f (Unity) PreloadManager::WaitForAllAsyncOperationsToComplete
0x00007ff637aea248 (Unity) <lambda_b37b41f03089e3cb3f55061bbc93253d>::operator()
0x00007ff637b25a22 (Unity) asio::detail::completion_handler<core::mutable_function<void __cdecl(void)>,asio::io_context::basic_executor_type<std::allocator<void>,0> >::do_complete
0x00007ff637b1196e (Unity) asio::detail::win_iocp_io_context::do_one
0x00007ff637b135d4 (Unity) asio::detail::win_iocp_io_context::run
0x00007ff637b23dcc (Unity) IOService::Run
0x00007ff637af71cf (Unity) AssetImportWorkerClient::Run
0x00007ff637ac2b37 (Unity) RunAssetImportWorkerClientV2
0x00007ff637ac2bbb (Unity) RunAssetImporterV2
0x00007ff6372bba5e (Unity) Application::InitializeProject
0x00007ff63774f4e5 (Unity) WinMain
0x00007ff638b014de (Unity) __scrt_common_main_seh
0x00007ffd6b887374 (KERNEL32) BaseThreadInitThunk
0x00007ffd6d89cc91 (ntdll) RtlUserThreadStart
Unloading 1420 Unused Serialized files (Serialized files now loaded: 0)
Unloading 11 unused Assets / (26.7 KB). Loaded Objects now: 2398.
Memory consumption went from 114.1 MB to 114.1 MB.
Total: 4.499000 ms (FindLiveObjects: 0.193900 ms CreateObjectMapping: 0.070200 ms MarkObjects: 4.177200 ms  DeleteObjects: 0.056100 ms)

Prepare: number of updated asset objects reloaded= 0
AssetImportParameters requested are different than current active one (requested -> active):
  custom:video-encoder-webm-vp8: eb34c28f22e8b96e1ab97ce403110664 -> 
  custom:video-decoder-webm-vp8: 9c59270c3fd7afecdb556c50c9e8de78 -> 
  custom:audio-decoder-ogg-vorbis: bf7c407c2cedff20999df2af8eb42d56 -> 
  custom:scripting/monoscript/fileName/PlayerMovement2.cs: de5dad4c3545ad8f9f6984966a40b37a -> 
  custom:SearchIndexIgnoredProperties: e643bd26f0fe6173181afceb89e7c659 -> 
  custom:container-demuxer-ogg: 62fdf1f143b41e24485cea50d1cbac27 -> 
  custom:AudioImporter_EditorPlatform: d09bf68614088b80899f8185d706f6e7 -> 
  custom:CustomObjectIndexerAttribute: 9a22284fe3817be447336de3de66b15e -> 
  custom:container-demuxer-webm: 4f35f7cbe854078d1ac9338744f61a02 -> 
  custom:scripting/monoscript/fileName/Trunk.cs: 3c77c879876a19ef3d7b12fd707afdea -> 
  custom:scripting/monoscript/fileName/ChunkGenerator.cs: c34ac5ef3d79f6264782925317061fad -> 
  custom:video-decoder-ogg-theora: a1e56fd34408186e4bbccfd4996cb3dc -> 
  custom:audio-encoder-webm-vorbis: bf7c407c2cedff20999df2af8eb42d56 -> 
  custom:framework-win-MediaFoundation: 216162199b28c13a410421893ffa2e32 -> 
  custom:scripting/precompiled-assembly-types:Assembly-CSharp: b0fb9725752ffdaefe66466edb16586f -> 482e17d551b00cd7946e9d7b35e05131
  custom:scripting/monoscript/fileName/Chunk.cs: 2c601e55a29a773029fef31d3cc0f584 -> 
  custom:container-muxer-webm: aa71ff27fc2769a1b78a27578f13a17b -> 
========================================================================
Received Prepare
Caller must complete domain reload
Begin MonoManager ReloadAssembly
- Loaded All Assemblies, in  0.379 seconds
Native extension for WindowsStandalone target not found
Native extension for iOS target not found
Native extension for Android target not found
[Package Manager] Server::EnsureServerProcessIsRunning -- launch failed, reason: Unity was launched with the -noUpm command-line argument
[Package Manager] UpmClient::Send -- Unable to send message (not connected to UPM process).
[Package Manager] Cannot connect to Unity Package Manager local server
[Package Manager] Server::EnsureServerProcessIsRunning -- launch failed, reason: Unity was launched with the -noUpm command-line argument
[Package Manager] UpmClient::Send -- Unable to send message (not connected to UPM process).
[Package Manager] Cannot connect to Unity Package Manager local server
Failed to sync packages list
UnityEngine.StackTraceUtility:ExtractStackTrace ()
UnityEngine.DebugLogHandler:LogFormat (UnityEngine.LogType,UnityEngine.Object,string,object[])
UnityEngine.Logger:Log (UnityEngine.LogType,object)
UnityEngine.Debug:LogWarning (object)
 .  / :MoveNext ()
System.Runtime.CompilerServices.AsyncTaskMethodBuilder:Start< .  / > ( .  / &)
 .  :  ()
 .⁤/ :MoveNext ()
System.Runtime.CompilerServices.AsyncTaskMethodBuilder:Start< .⁤/ > ( .⁤/ &)
 .⁤:  ()
System.Reflection.RuntimeMethodInfo:Invoke (object,System.Reflection.BindingFlags,System.Reflection.Binder,object[],System.Globalization.CultureInfo)
System.Reflection.MethodBase:Invoke (object,object[])
UnityEditor.EditorAssemblies:ProcessInitializeOnLoadMethodAttributes ()

Mono: successfully reloaded assembly
- Finished resetting the current domain, in  0.736 seconds
Domain Reload Profiling: 1115ms
	BeginReloadAssembly (154ms)
		ExecutionOrderSort (0ms)
		DisableScriptedObjects (4ms)
		BackupInstance (0ms)
		ReleaseScriptingObjects (0ms)
		CreateAndSetChildDomain (40ms)
	RebuildCommonClasses (33ms)
	RebuildNativeTypeToScriptingClass (11ms)
	initialDomainReloadingComplete (24ms)
	LoadAllAssembliesAndSetupDomain (156ms)
		LoadAssemblies (219ms)
		RebuildTransferFunctionScriptingTraits (0ms)
		AnalyzeDomain (11ms)
			TypeCache.Refresh (6ms)
				TypeCache.ScanAssembly (0ms)
			ScanForSourceGeneratedMonoScriptInfo (0ms)
			ResolveRequiredComponents (3ms)
	FinalizeReload (736ms)
		ReleaseScriptCaches (0ms)
		RebuildScriptCaches (0ms)
		SetupLoadedEditorAssemblies (491ms)
			LogAssemblyErrors (0ms)
			InitializePlatformSupportModulesInManaged (22ms)
			SetLoadedEditorAssemblies (2ms)
			RefreshPlugins (0ms)
			BeforeProcessingInitializeOnLoad (41ms)
			ProcessInitializeOnLoadAttributes (374ms)
			ProcessInitializeOnLoadMethodAttributes (49ms)
			AfterProcessingInitializeOnLoad (2ms)
			EditorAssembliesLoaded (0ms)
		ExecutionOrderSort2 (0ms)
		AwakeInstancesAfterBackupRestoration (6ms)
Refreshing native plugins compatible for Editor in 0.96 ms, found 2 plugins.
Preloading 0 native plugins for Editor in 0.00 ms.
Release of invalid GC handle. The handle is from a previous domain. The release operation is skipped.
Release of invalid GC handle native callstack: 
0x00007ff63674eb5d (Unity) StackWalker::GetCurrentCallstack
0x00007ff636753c39 (Unity) StackWalker::ShowCallstack
0x00007ff637744851 (Unity) GetStacktrace
0x00007ff63664ae8d (Unity) ScriptingGCHandle::ReleaseAndClear
0x00007ff636c1081c (Unity) UploadHandlerRaw::`vector deleting destructor'
0x00007ff636c113cd (Unity) UploadHandler::Release
0x00007ff636c0dc6d (Unity) UnityWebRequestProto<UnityWebRequestTransport,AtomicRefCounter,RedirectHelper,ResponseHelper,DownloadHandler,UploadHandler,CertificateHandler,HeaderHelper,AsyncOperation>::~UnityWebRequestProto<UnityWebRequestTransport,AtomicRefCounter,RedirectHelper,ResponseHelper,DownloadHandler,UploadHandler,CertificateHandler,HeaderHelper,AsyncOperation>
0x00007ff636c0df66 (Unity) UnityWebRequest::`vector deleting destructor'
0x00007ff6359640a7 (Unity) UnityWebRequestProto<UnityWebRequestTransport,AtomicRefCounter,RedirectHelper,ResponseHelper,DownloadHandler,UploadHandler,CertificateHandler,HeaderHelper,AsyncOperation>::Release
0x00007ff636c0f995 (Unity) UnityWebRequestAsyncOperation::InvokeCoroutine
0x00007ff636c0fb71 (Unity) UnityWebRequestProto<UnityWebRequestTransport,AtomicRefCounter,RedirectHelper,ResponseHelper,DownloadHandler,UploadHandler,CertificateHandler,HeaderHelper,AsyncOperation>::Job_InvokeCoroutine
0x00007ff636277d2a (Unity) BackgroundJobQueue::ExecuteMainThreadJobs
0x00007ff63632b49f (Unity) PreloadManager::WaitForAllAsyncOperationsToComplete
0x00007ff637aea248 (Unity) <lambda_b37b41f03089e3cb3f55061bbc93253d>::operator()
0x00007ff637b25a22 (Unity) asio::detail::completion_handler<core::mutable_function<void __cdecl(void)>,asio::io_context::basic_executor_type<std::allocator<void>,0> >::do_complete
0x00007ff637b1196e (Unity) asio::detail::win_iocp_io_context::do_one
0x00007ff637b135d4 (Unity) asio::detail::win_iocp_io_context::run
0x00007ff637b23dcc (Unity) IOService::Run
0x00007ff637af71cf (Unity) AssetImportWorkerClient::Run
0x00007ff637ac2b37 (Unity) RunAssetImportWorkerClientV2
0x00007ff637ac2bbb (Unity) RunAssetImporterV2
0x00007ff6372bba5e (Unity) Application::InitializeProject
0x00007ff63774f4e5 (Unity) WinMain
0x00007ff638b014de (Unity) __scrt_common_main_seh
0x00007ffd6b887374 (KERNEL32) BaseThreadInitThunk
0x00007ffd6d89cc91 (ntdll) RtlUserThreadStart
Unloading 1420 Unused Serialized files (Serialized files now loaded: 0)
Unloading 11 unused Assets / (26.6 KB). Loaded Objects now: 2403.
Memory consumption went from 114.2 MB to 114.2 MB.
Total: 2.685600 ms (FindLiveObjects: 0.164700 ms CreateObjectMapping: 0.037700 ms MarkObjects: 2.449800 ms  DeleteObjects: 0.032100 ms)

Prepare: number of updated asset objects reloaded= 0
AssetImportParameters requested are different than current active one (requested -> active):
  custom:video-encoder-webm-vp8: eb34c28f22e8b96e1ab97ce403110664 -> 
  custom:video-decoder-webm-vp8: 9c59270c3fd7afecdb556c50c9e8de78 -> 
  custom:audio-decoder-ogg-vorbis: bf7c407c2cedff20999df2af8eb42d56 -> 
  custom:scripting/monoscript/fileName/PlayerMovement2.cs: de5dad4c3545ad8f9f6984966a40b37a -> 
  custom:SearchIndexIgnoredProperties: e643bd26f0fe6173181afceb89e7c659 -> 
  custom:container-demuxer-ogg: 62fdf1f143b41e24485cea50d1cbac27 -> 
  custom:AudioImporter_EditorPlatform: d09bf68614088b80899f8185d706f6e7 -> 
  custom:CustomObjectIndexerAttribute: 9a22284fe3817be447336de3de66b15e -> 
  custom:container-demuxer-webm: 4f35f7cbe854078d1ac9338744f61a02 -> 
  custom:scripting/monoscript/fileName/Trunk.cs: 3c77c879876a19ef3d7b12fd707afdea -> 
  custom:scripting/monoscript/fileName/ChunkGenerator.cs: c34ac5ef3d79f6264782925317061fad -> 
  custom:video-decoder-ogg-theora: a1e56fd34408186e4bbccfd4996cb3dc -> 
  custom:audio-encoder-webm-vorbis: bf7c407c2cedff20999df2af8eb42d56 -> 
  custom:framework-win-MediaFoundation: 216162199b28c13a410421893ffa2e32 -> 
  custom:scripting/precompiled-assembly-types:Assembly-CSharp: b0fb9725752ffdaefe66466edb16586f -> 482e17d551b00cd7946e9d7b35e05131
  custom:scripting/monoscript/fileName/Chunk.cs: 2c601e55a29a773029fef31d3cc0f584 -> 
  custom:container-muxer-webm: aa71ff27fc2769a1b78a27578f13a17b -> 
========================================================================
Received Prepare
Caller must complete domain reload
Begin MonoManager ReloadAssembly
- Loaded All Assemblies, in  0.384 seconds
Native extension for WindowsStandalone target not found
Native extension for iOS target not found
Native extension for Android target not found
[Package Manager] Server::EnsureServerProcessIsRunning -- launch failed, reason: Unity was launched with the -noUpm command-line argument
[Package Manager] UpmClient::Send -- Unable to send message (not connected to UPM process).
[Package Manager] Cannot connect to Unity Package Manager local server
[Package Manager] Server::EnsureServerProcessIsRunning -- launch failed, reason: Unity was launched with the -noUpm command-line argument
[Package Manager] UpmClient::Send -- Unable to send message (not connected to UPM process).
[Package Manager] Cannot connect to Unity Package Manager local server
Failed to sync packages list
UnityEngine.StackTraceUtility:ExtractStackTrace ()
UnityEngine.DebugLogHandler:LogFormat (UnityEngine.LogType,UnityEngine.Object,string,object[])
UnityEngine.Logger:Log (UnityEngine.LogType,object)
UnityEngine.Debug:LogWarning (object)
 .  / :MoveNext ()
System.Runtime.CompilerServices.AsyncTaskMethodBuilder:Start< .  / > ( .  / &)
 .  :  ()
 .⁤/ :MoveNext ()
System.Runtime.CompilerServices.AsyncTaskMethodBuilder:Start< .⁤/ > ( .⁤/ &)
 .⁤:  ()
System.Reflection.RuntimeMethodInfo:Invoke (object,System.Reflection.BindingFlags,System.Reflection.Binder,object[],System.Globalization.CultureInfo)
System.Reflection.MethodBase:Invoke (object,object[])
UnityEditor.EditorAssemblies:ProcessInitializeOnLoadMethodAttributes ()

Mono: successfully reloaded assembly
- Finished resetting the current domain, in  0.753 seconds
Domain Reload Profiling: 1139ms
	BeginReloadAssembly (155ms)
		ExecutionOrderSort (0ms)
		DisableScriptedObjects (4ms)
		BackupInstance (0ms)
		ReleaseScriptingObjects (0ms)
		CreateAndSetChildDomain (36ms)
	RebuildCommonClasses (31ms)
	RebuildNativeTypeToScriptingClass (14ms)
	initialDomainReloadingComplete (27ms)
	LoadAllAssembliesAndSetupDomain (157ms)
		LoadAssemblies (232ms)
		RebuildTransferFunctionScriptingTraits (0ms)
		AnalyzeDomain (12ms)
			TypeCache.Refresh (8ms)
				TypeCache.ScanAssembly (0ms)
			ScanForSourceGeneratedMonoScriptInfo (0ms)
			ResolveRequiredComponents (3ms)
	FinalizeReload (754ms)
		ReleaseScriptCaches (0ms)
		RebuildScriptCaches (0ms)
		SetupLoadedEditorAssemblies (510ms)
			LogAssemblyErrors (0ms)
			InitializePlatformSupportModulesInManaged (24ms)
			SetLoadedEditorAssemblies (3ms)
			RefreshPlugins (0ms)
			BeforeProcessingInitializeOnLoad (45ms)
			ProcessInitializeOnLoadAttributes (394ms)
			ProcessInitializeOnLoadMethodAttributes (41ms)
			AfterProcessingInitializeOnLoad (2ms)
			EditorAssembliesLoaded (0ms)
		ExecutionOrderSort2 (0ms)
		AwakeInstancesAfterBackupRestoration (7ms)
Refreshing native plugins compatible for Editor in 1.35 ms, found 2 plugins.
Preloading 0 native plugins for Editor in 0.00 ms.
Release of invalid GC handle. The handle is from a previous domain. The release operation is skipped.
Release of invalid GC handle native callstack: 
0x00007ff63674eb5d (Unity) StackWalker::GetCurrentCallstack
0x00007ff636753c39 (Unity) StackWalker::ShowCallstack
0x00007ff637744851 (Unity) GetStacktrace
0x00007ff63664ae8d (Unity) ScriptingGCHandle::ReleaseAndClear
0x00007ff636c1081c (Unity) UploadHandlerRaw::`vector deleting destructor'
0x00007ff636c113cd (Unity) UploadHandler::Release
0x00007ff636c0dc6d (Unity) UnityWebRequestProto<UnityWebRequestTransport,AtomicRefCounter,RedirectHelper,ResponseHelper,DownloadHandler,UploadHandler,CertificateHandler,HeaderHelper,AsyncOperation>::~UnityWebRequestProto<UnityWebRequestTransport,AtomicRefCounter,RedirectHelper,ResponseHelper,DownloadHandler,UploadHandler,CertificateHandler,HeaderHelper,AsyncOperation>
0x00007ff636c0df66 (Unity) UnityWebRequest::`vector deleting destructor'
0x00007ff6359640a7 (Unity) UnityWebRequestProto<UnityWebRequestTransport,AtomicRefCounter,RedirectHelper,ResponseHelper,DownloadHandler,UploadHandler,CertificateHandler,HeaderHelper,AsyncOperation>::Release
0x00007ff636c0f995 (Unity) UnityWebRequestAsyncOperation::InvokeCoroutine
0x00007ff636c0fb71 (Unity) UnityWebRequestProto<UnityWebRequestTransport,AtomicRefCounter,RedirectHelper,ResponseHelper,DownloadHandler,UploadHandler,CertificateHandler,HeaderHelper,AsyncOperation>::Job_InvokeCoroutine
0x00007ff636277d2a (Unity) BackgroundJobQueue::ExecuteMainThreadJobs
0x00007ff63632b49f (Unity) PreloadManager::WaitForAllAsyncOperationsToComplete
0x00007ff637aea248 (Unity) <lambda_b37b41f03089e3cb3f55061bbc93253d>::operator()
0x00007ff637b25a22 (Unity) asio::detail::completion_handler<core::mutable_function<void __cdecl(void)>,asio::io_context::basic_executor_type<std::allocator<void>,0> >::do_complete
0x00007ff637b1196e (Unity) asio::detail::win_iocp_io_context::do_one
0x00007ff637b135d4 (Unity) asio::detail::win_iocp_io_context::run
0x00007ff637b23dcc (Unity) IOService::Run
0x00007ff637af71cf (Unity) AssetImportWorkerClient::Run
0x00007ff637ac2b37 (Unity) RunAssetImportWorkerClientV2
0x00007ff637ac2bbb (Unity) RunAssetImporterV2
0x00007ff6372bba5e (Unity) Application::InitializeProject
0x00007ff63774f4e5 (Unity) WinMain
0x00007ff638b014de (Unity) __scrt_common_main_seh
0x00007ffd6b887374 (KERNEL32) BaseThreadInitThunk
0x00007ffd6d89cc91 (ntdll) RtlUserThreadStart
Unloading 1420 Unused Serialized files (Serialized files now loaded: 0)
Unloading 11 unused Assets / (26.6 KB). Loaded Objects now: 2408.
Memory consumption went from 114.3 MB to 114.3 MB.
Total: 3.120100 ms (FindLiveObjects: 0.172800 ms CreateObjectMapping: 0.043800 ms MarkObjects: 2.870100 ms  DeleteObjects: 0.032400 ms)

Prepare: number of updated asset objects reloaded= 1
AssetImportParameters requested are different than current active one (requested -> active):
  custom:video-encoder-webm-vp8: eb34c28f22e8b96e1ab97ce403110664 -> 
  custom:video-decoder-webm-vp8: 9c59270c3fd7afecdb556c50c9e8de78 -> 
  custom:audio-decoder-ogg-vorbis: bf7c407c2cedff20999df2af8eb42d56 -> 
  custom:scripting/monoscript/fileName/PlayerMovement2.cs: de5dad4c3545ad8f9f6984966a40b37a -> 
  custom:SearchIndexIgnoredProperties: e643bd26f0fe6173181afceb89e7c659 -> 
  custom:container-demuxer-ogg: 62fdf1f143b41e24485cea50d1cbac27 -> 
  custom:AudioImporter_EditorPlatform: d09bf68614088b80899f8185d706f6e7 -> 
  custom:CustomObjectIndexerAttribute: 9a22284fe3817be447336de3de66b15e -> 
  custom:container-demuxer-webm: 4f35f7cbe854078d1ac9338744f61a02 -> 
  custom:scripting/monoscript/fileName/Trunk.cs: 3c77c879876a19ef3d7b12fd707afdea -> 
  custom:scripting/monoscript/fileName/ChunkGenerator.cs: c34ac5ef3d79f6264782925317061fad -> 
  custom:video-decoder-ogg-theora: a1e56fd34408186e4bbccfd4996cb3dc -> 
  custom:audio-encoder-webm-vorbis: bf7c407c2cedff20999df2af8eb42d56 -> 
  custom:framework-win-MediaFoundation: 216162199b28c13a410421893ffa2e32 -> 
  custom:scripting/precompiled-assembly-types:Assembly-CSharp: b0fb9725752ffdaefe66466edb16586f -> 482e17d551b00cd7946e9d7b35e05131
  custom:scripting/monoscript/fileName/Chunk.cs: 2c601e55a29a773029fef31d3cc0f584 -> 
  custom:container-muxer-webm: aa71ff27fc2769a1b78a27578f13a17b -> 
========================================================================
Received Prepare
Caller must complete domain reload
Begin MonoManager ReloadAssembly
- Loaded All Assemblies, in  0.348 seconds
Native extension for WindowsStandalone target not found
Native extension for iOS target not found
Native extension for Android target not found
[Package Manager] Server::EnsureServerProcessIsRunning -- launch failed, reason: Unity was launched with the -noUpm command-line argument
[Package Manager] UpmClient::Send -- Unable to send message (not connected to UPM process).
[Package Manager] Cannot connect to Unity Package Manager local server
[Package Manager] Server::EnsureServerProcessIsRunning -- launch failed, reason: Unity was launched with the -noUpm command-line argument
[Package Manager] UpmClient::Send -- Unable to send message (not connected to UPM process).
[Package Manager] Cannot connect to Unity Package Manager local server
Failed to sync packages list
UnityEngine.StackTraceUtility:ExtractStackTrace ()
UnityEngine.DebugLogHandler:LogFormat (UnityEngine.LogType,UnityEngine.Object,string,object[])
UnityEngine.Logger:Log (UnityEngine.LogType,object)
UnityEngine.Debug:LogWarning (object)
 .  / :MoveNext ()
System.Runtime.CompilerServices.AsyncTaskMethodBuilder:Start< .  / > ( .  / &)
 .  :  ()
 .⁤/ :MoveNext ()
System.Runtime.CompilerServices.AsyncTaskMethodBuilder:Start< .⁤/ > ( .⁤/ &)
 .⁤:  ()
System.Reflection.RuntimeMethodInfo:Invoke (object,System.Reflection.BindingFlags,System.Reflection.Binder,object[],System.Globalization.CultureInfo)
System.Reflection.MethodBase:Invoke (object,object[])
UnityEditor.EditorAssemblies:ProcessInitializeOnLoadMethodAttributes ()

Mono: successfully reloaded assembly
- Finished resetting the current domain, in  0.703 seconds
Domain Reload Profiling: 1052ms
	BeginReloadAssembly (151ms)
		ExecutionOrderSort (0ms)
		DisableScriptedObjects (4ms)
		BackupInstance (0ms)
		ReleaseScriptingObjects (0ms)
		CreateAndSetChildDomain (32ms)
	RebuildCommonClasses (28ms)
	RebuildNativeTypeToScriptingClass (9ms)
	initialDomainReloadingComplete (21ms)
	LoadAllAssembliesAndSetupDomain (139ms)
		LoadAssemblies (210ms)
		RebuildTransferFunctionScriptingTraits (0ms)
		AnalyzeDomain (9ms)
			TypeCache.Refresh (4ms)
				TypeCache.ScanAssembly (0ms)
			ScanForSourceGeneratedMonoScriptInfo (0ms)
			ResolveRequiredComponents (3ms)
	FinalizeReload (704ms)
		ReleaseScriptCaches (0ms)
		RebuildScriptCaches (0ms)
		SetupLoadedEditorAssemblies (475ms)
			LogAssemblyErrors (0ms)
			InitializePlatformSupportModulesInManaged (23ms)
			SetLoadedEditorAssemblies (2ms)
			RefreshPlugins (0ms)
			BeforeProcessingInitializeOnLoad (35ms)
			ProcessInitializeOnLoadAttributes (365ms)
			ProcessInitializeOnLoadMethodAttributes (47ms)
			AfterProcessingInitializeOnLoad (3ms)
			EditorAssembliesLoaded (0ms)
		ExecutionOrderSort2 (0ms)
		AwakeInstancesAfterBackupRestoration (6ms)
Refreshing native plugins compatible for Editor in 1.03 ms, found 2 plugins.
Preloading 0 native plugins for Editor in 0.00 ms.
Release of invalid GC handle. The handle is from a previous domain. The release operation is skipped.
Release of invalid GC handle native callstack: 
0x00007ff63674eb5d (Unity) StackWalker::GetCurrentCallstack
0x00007ff636753c39 (Unity) StackWalker::ShowCallstack
0x00007ff637744851 (Unity) GetStacktrace
0x00007ff63664ae8d (Unity) ScriptingGCHandle::ReleaseAndClear
0x00007ff636c1081c (Unity) UploadHandlerRaw::`vector deleting destructor'
0x00007ff636c113cd (Unity) UploadHandler::Release
0x00007ff636c0dc6d (Unity) UnityWebRequestProto<UnityWebRequestTransport,AtomicRefCounter,RedirectHelper,ResponseHelper,DownloadHandler,UploadHandler,CertificateHandler,HeaderHelper,AsyncOperation>::~UnityWebRequestProto<UnityWebRequestTransport,AtomicRefCounter,RedirectHelper,ResponseHelper,DownloadHandler,UploadHandler,CertificateHandler,HeaderHelper,AsyncOperation>
0x00007ff636c0df66 (Unity) UnityWebRequest::`vector deleting destructor'
0x00007ff6359640a7 (Unity) UnityWebRequestProto<UnityWebRequestTransport,AtomicRefCounter,RedirectHelper,ResponseHelper,DownloadHandler,UploadHandler,CertificateHandler,HeaderHelper,AsyncOperation>::Release
0x00007ff636c0f995 (Unity) UnityWebRequestAsyncOperation::InvokeCoroutine
0x00007ff636c0fb71 (Unity) UnityWebRequestProto<UnityWebRequestTransport,AtomicRefCounter,RedirectHelper,ResponseHelper,DownloadHandler,UploadHandler,CertificateHandler,HeaderHelper,AsyncOperation>::Job_InvokeCoroutine
0x00007ff636277d2a (Unity) BackgroundJobQueue::ExecuteMainThreadJobs
0x00007ff63632b49f (Unity) PreloadManager::WaitForAllAsyncOperationsToComplete
0x00007ff637aea248 (Unity) <lambda_b37b41f03089e3cb3f55061bbc93253d>::operator()
0x00007ff637b25a22 (Unity) asio::detail::completion_handler<core::mutable_function<void __cdecl(void)>,asio::io_context::basic_executor_type<std::allocator<void>,0> >::do_complete
0x00007ff637b1196e (Unity) asio::detail::win_iocp_io_context::do_one
0x00007ff637b135d4 (Unity) asio::detail::win_iocp_io_context::run
0x00007ff637b23dcc (Unity) IOService::Run
0x00007ff637af71cf (Unity) AssetImportWorkerClient::Run
0x00007ff637ac2b37 (Unity) RunAssetImportWorkerClientV2
0x00007ff637ac2bbb (Unity) RunAssetImporterV2
0x00007ff6372bba5e (Unity) Application::InitializeProject
0x00007ff63774f4e5 (Unity) WinMain
0x00007ff638b014de (Unity) __scrt_common_main_seh
0x00007ffd6b887374 (KERNEL32) BaseThreadInitThunk
0x00007ffd6d89cc91 (ntdll) RtlUserThreadStart
Unloading 1420 Unused Serialized files (Serialized files now loaded: 0)
Unloading 11 unused Assets / (26.7 KB). Loaded Objects now: 2413.
Memory consumption went from 114.5 MB to 114.5 MB.
Total: 3.857600 ms (FindLiveObjects: 0.269900 ms CreateObjectMapping: 0.147300 ms MarkObjects: 3.402800 ms  DeleteObjects: 0.035600 ms)

Prepare: number of updated asset objects reloaded= 0
AssetImportParameters requested are different than current active one (requested -> active):
  custom:video-encoder-webm-vp8: eb34c28f22e8b96e1ab97ce403110664 -> 
  custom:video-decoder-webm-vp8: 9c59270c3fd7afecdb556c50c9e8de78 -> 
  custom:audio-decoder-ogg-vorbis: bf7c407c2cedff20999df2af8eb42d56 -> 
  custom:scripting/monoscript/fileName/PlayerMovement2.cs: de5dad4c3545ad8f9f6984966a40b37a -> 
  custom:SearchIndexIgnoredProperties: e643bd26f0fe6173181afceb89e7c659 -> 
  custom:container-demuxer-ogg: 62fdf1f143b41e24485cea50d1cbac27 -> 
  custom:AudioImporter_EditorPlatform: d09bf68614088b80899f8185d706f6e7 -> 
  custom:CustomObjectIndexerAttribute: 9a22284fe3817be447336de3de66b15e -> 
  custom:container-demuxer-webm: 4f35f7cbe854078d1ac9338744f61a02 -> 
  custom:scripting/monoscript/fileName/Trunk.cs: 3c77c879876a19ef3d7b12fd707afdea -> 
  custom:scripting/monoscript/fileName/ChunkGenerator.cs: c34ac5ef3d79f6264782925317061fad -> 
  custom:video-decoder-ogg-theora: a1e56fd34408186e4bbccfd4996cb3dc -> 
  custom:audio-encoder-webm-vorbis: bf7c407c2cedff20999df2af8eb42d56 -> 
  custom:framework-win-MediaFoundation: 216162199b28c13a410421893ffa2e32 -> 
  custom:scripting/precompiled-assembly-types:Assembly-CSharp: b0fb9725752ffdaefe66466edb16586f -> 482e17d551b00cd7946e9d7b35e05131
  custom:scripting/monoscript/fileName/Chunk.cs: 2c601e55a29a773029fef31d3cc0f584 -> 
  custom:container-muxer-webm: aa71ff27fc2769a1b78a27578f13a17b -> 
========================================================================
Received Prepare
Caller must complete domain reload
Begin MonoManager ReloadAssembly
- Loaded All Assemblies, in  0.351 seconds
Native extension for WindowsStandalone target not found
Native extension for iOS target not found
Native extension for Android target not found
[Package Manager] Server::EnsureServerProcessIsRunning -- launch failed, reason: Unity was launched with the -noUpm command-line argument
[Package Manager] UpmClient::Send -- Unable to send message (not connected to UPM process).
[Package Manager] Cannot connect to Unity Package Manager local server
[Package Manager] Server::EnsureServerProcessIsRunning -- launch failed, reason: Unity was launched with the -noUpm command-line argument
[Package Manager] UpmClient::Send -- Unable to send message (not connected to UPM process).
[Package Manager] Cannot connect to Unity Package Manager local server
Failed to sync packages list
UnityEngine.StackTraceUtility:ExtractStackTrace ()
UnityEngine.DebugLogHandler:LogFormat (UnityEngine.LogType,UnityEngine.Object,string,object[])
UnityEngine.Logger:Log (UnityEngine.LogType,object)
UnityEngine.Debug:LogWarning (object)
 .  / :MoveNext ()
System.Runtime.CompilerServices.AsyncTaskMethodBuilder:Start< .  / > ( .  / &)
 .  :  ()
 .⁤/ :MoveNext ()
System.Runtime.CompilerServices.AsyncTaskMethodBuilder:Start< .⁤/ > ( .⁤/ &)
 .⁤:  ()
System.Reflection.RuntimeMethodInfo:Invoke (object,System.Reflection.BindingFlags,System.Reflection.Binder,object[],System.Globalization.CultureInfo)
System.Reflection.MethodBase:Invoke (object,object[])
UnityEditor.EditorAssemblies:ProcessInitializeOnLoadMethodAttributes ()

Mono: successfully reloaded assembly
- Finished resetting the current domain, in  0.729 seconds
Domain Reload Profiling: 1081ms
	BeginReloadAssembly (144ms)
		ExecutionOrderSort (0ms)
		DisableScriptedObjects (4ms)
		BackupInstance (0ms)
		ReleaseScriptingObjects (0ms)
		CreateAndSetChildDomain (32ms)
	RebuildCommonClasses (34ms)
	RebuildNativeTypeToScriptingClass (10ms)
	initialDomainReloadingComplete (24ms)
	LoadAllAssembliesAndSetupDomain (139ms)
		LoadAssemblies (205ms)
		RebuildTransferFunctionScriptingTraits (0ms)
		AnalyzeDomain (8ms)
			TypeCache.Refresh (4ms)
				TypeCache.ScanAssembly (0ms)
			ScanForSourceGeneratedMonoScriptInfo (0ms)
			ResolveRequiredComponents (2ms)
	FinalizeReload (730ms)
		ReleaseScriptCaches (0ms)
		RebuildScriptCaches (0ms)
		SetupLoadedEditorAssemblies (497ms)
			LogAssemblyErrors (0ms)
			InitializePlatformSupportModulesInManaged (20ms)
			SetLoadedEditorAssemblies (3ms)
			RefreshPlugins (0ms)
			BeforeProcessingInitializeOnLoad (42ms)
			ProcessInitializeOnLoadAttributes (386ms)
			ProcessInitializeOnLoadMethodAttributes (43ms)
			AfterProcessingInitializeOnLoad (3ms)
			EditorAssembliesLoaded (0ms)
		ExecutionOrderSort2 (0ms)
		AwakeInstancesAfterBackupRestoration (7ms)
Refreshing native plugins compatible for Editor in 0.95 ms, found 2 plugins.
Preloading 0 native plugins for Editor in 0.00 ms.
Release of invalid GC handle. The handle is from a previous domain. The release operation is skipped.
Release of invalid GC handle native callstack: 
0x00007ff63674eb5d (Unity) StackWalker::GetCurrentCallstack
0x00007ff636753c39 (Unity) StackWalker::ShowCallstack
0x00007ff637744851 (Unity) GetStacktrace
0x00007ff63664ae8d (Unity) ScriptingGCHandle::ReleaseAndClear
0x00007ff636c1081c (Unity) UploadHandlerRaw::`vector deleting destructor'
0x00007ff636c113cd (Unity) UploadHandler::Release
0x00007ff636c0dc6d (Unity) UnityWebRequestProto<UnityWebRequestTransport,AtomicRefCounter,RedirectHelper,ResponseHelper,DownloadHandler,UploadHandler,CertificateHandler,HeaderHelper,AsyncOperation>::~UnityWebRequestProto<UnityWebRequestTransport,AtomicRefCounter,RedirectHelper,ResponseHelper,DownloadHandler,UploadHandler,CertificateHandler,HeaderHelper,AsyncOperation>
0x00007ff636c0df66 (Unity) UnityWebRequest::`vector deleting destructor'
0x00007ff6359640a7 (Unity) UnityWebRequestProto<UnityWebRequestTransport,AtomicRefCounter,RedirectHelper,ResponseHelper,DownloadHandler,UploadHandler,CertificateHandler,HeaderHelper,AsyncOperation>::Release
0x00007ff636c0f995 (Unity) UnityWebRequestAsyncOperation::InvokeCoroutine
0x00007ff636c0fb71 (Unity) UnityWebRequestProto<UnityWebRequestTransport,AtomicRefCounter,RedirectHelper,ResponseHelper,DownloadHandler,UploadHandler,CertificateHandler,HeaderHelper,AsyncOperation>::Job_InvokeCoroutine
0x00007ff636277d2a (Unity) BackgroundJobQueue::ExecuteMainThreadJobs
0x00007ff63632b49f (Unity) PreloadManager::WaitForAllAsyncOperationsToComplete
0x00007ff637aea248 (Unity) <lambda_b37b41f03089e3cb3f55061bbc93253d>::operator()
0x00007ff637b25a22 (Unity) asio::detail::completion_handler<core::mutable_function<void __cdecl(void)>,asio::io_context::basic_executor_type<std::allocator<void>,0> >::do_complete
0x00007ff637b1196e (Unity) asio::detail::win_iocp_io_context::do_one
0x00007ff637b135d4 (Unity) asio::detail::win_iocp_io_context::run
0x00007ff637b23dcc (Unity) IOService::Run
0x00007ff637af71cf (Unity) AssetImportWorkerClient::Run
0x00007ff637ac2b37 (Unity) RunAssetImportWorkerClientV2
0x00007ff637ac2bbb (Unity) RunAssetImporterV2
0x00007ff6372bba5e (Unity) Application::InitializeProject
0x00007ff63774f4e5 (Unity) WinMain
0x00007ff638b014de (Unity) __scrt_common_main_seh
0x00007ffd6b887374 (KERNEL32) BaseThreadInitThunk
0x00007ffd6d89cc91 (ntdll) RtlUserThreadStart
Unloading 1420 Unused Serialized files (Serialized files now loaded: 0)
Unloading 11 unused Assets / (26.7 KB). Loaded Objects now: 2418.
Memory consumption went from 114.6 MB to 114.6 MB.
Total: 2.729200 ms (FindLiveObjects: 0.164600 ms CreateObjectMapping: 0.042700 ms MarkObjects: 2.486900 ms  DeleteObjects: 0.033700 ms)

Prepare: number of updated asset objects reloaded= 0
AssetImportParameters requested are different than current active one (requested -> active):
  custom:video-encoder-webm-vp8: eb34c28f22e8b96e1ab97ce403110664 -> 
  custom:video-decoder-webm-vp8: 9c59270c3fd7afecdb556c50c9e8de78 -> 
  custom:audio-decoder-ogg-vorbis: bf7c407c2cedff20999df2af8eb42d56 -> 
  custom:scripting/monoscript/fileName/PlayerMovement2.cs: de5dad4c3545ad8f9f6984966a40b37a -> 
  custom:SearchIndexIgnoredProperties: e643bd26f0fe6173181afceb89e7c659 -> 
  custom:container-demuxer-ogg: 62fdf1f143b41e24485cea50d1cbac27 -> 
  custom:AudioImporter_EditorPlatform: d09bf68614088b80899f8185d706f6e7 -> 
  custom:CustomObjectIndexerAttribute: 9a22284fe3817be447336de3de66b15e -> 
  custom:container-demuxer-webm: 4f35f7cbe854078d1ac9338744f61a02 -> 
  custom:scripting/monoscript/fileName/Trunk.cs: 3c77c879876a19ef3d7b12fd707afdea -> 
  custom:scripting/monoscript/fileName/ChunkGenerator.cs: c34ac5ef3d79f6264782925317061fad -> 
  custom:video-decoder-ogg-theora: a1e56fd34408186e4bbccfd4996cb3dc -> 
  custom:audio-encoder-webm-vorbis: bf7c407c2cedff20999df2af8eb42d56 -> 
  custom:framework-win-MediaFoundation: 216162199b28c13a410421893ffa2e32 -> 
  custom:scripting/precompiled-assembly-types:Assembly-CSharp: b0fb9725752ffdaefe66466edb16586f -> 482e17d551b00cd7946e9d7b35e05131
  custom:scripting/monoscript/fileName/Chunk.cs: 2c601e55a29a773029fef31d3cc0f584 -> 
  custom:container-muxer-webm: aa71ff27fc2769a1b78a27578f13a17b -> 
========================================================================
Received Prepare
Caller must complete domain reload
Begin MonoManager ReloadAssembly
- Loaded All Assemblies, in  0.368 seconds
Native extension for WindowsStandalone target not found
Native extension for iOS target not found
Native extension for Android target not found
[Package Manager] Server::EnsureServerProcessIsRunning -- launch failed, reason: Unity was launched with the -noUpm command-line argument
[Package Manager] UpmClient::Send -- Unable to send message (not connected to UPM process).
[Package Manager] Cannot connect to Unity Package Manager local server
[Package Manager] Server::EnsureServerProcessIsRunning -- launch failed, reason: Unity was launched with the -noUpm command-line argument
[Package Manager] UpmClient::Send -- Unable to send message (not connected to UPM process).
[Package Manager] Cannot connect to Unity Package Manager local server
Failed to sync packages list
UnityEngine.StackTraceUtility:ExtractStackTrace ()
UnityEngine.DebugLogHandler:LogFormat (UnityEngine.LogType,UnityEngine.Object,string,object[])
UnityEngine.Logger:Log (UnityEngine.LogType,object)
UnityEngine.Debug:LogWarning (object)
 .  / :MoveNext ()
System.Runtime.CompilerServices.AsyncTaskMethodBuilder:Start< .  / > ( .  / &)
 .  :  ()
 .⁤/ :MoveNext ()
System.Runtime.CompilerServices.AsyncTaskMethodBuilder:Start< .⁤/ > ( .⁤/ &)
 .⁤:  ()
System.Reflection.RuntimeMethodInfo:Invoke (object,System.Reflection.BindingFlags,System.Reflection.Binder,object[],System.Globalization.CultureInfo)
System.Reflection.MethodBase:Invoke (object,object[])
UnityEditor.EditorAssemblies:ProcessInitializeOnLoadMethodAttributes ()

Mono: successfully reloaded assembly
- Finished resetting the current domain, in  0.715 seconds
Domain Reload Profiling: 1083ms
	BeginReloadAssembly (151ms)
		ExecutionOrderSort (0ms)
		DisableScriptedObjects (4ms)
		BackupInstance (0ms)
		ReleaseScriptingObjects (0ms)
		CreateAndSetChildDomain (35ms)
	RebuildCommonClasses (37ms)
	RebuildNativeTypeToScriptingClass (11ms)
	initialDomainReloadingComplete (23ms)
	LoadAllAssembliesAndSetupDomain (145ms)
		LoadAssemblies (217ms)
		RebuildTransferFunctionScriptingTraits (0ms)
		AnalyzeDomain (10ms)
			TypeCache.Refresh (5ms)
				TypeCache.ScanAssembly (0ms)
			ScanForSourceGeneratedMonoScriptInfo (0ms)
			ResolveRequiredComponents (3ms)
	FinalizeReload (715ms)
		ReleaseScriptCaches (0ms)
		RebuildScriptCaches (0ms)
		SetupLoadedEditorAssemblies (491ms)
			LogAssemblyErrors (0ms)
			InitializePlatformSupportModulesInManaged (21ms)
			SetLoadedEditorAssemblies (3ms)
			RefreshPlugins (0ms)
			BeforeProcessingInitializeOnLoad (43ms)
			ProcessInitializeOnLoadAttributes (375ms)
			ProcessInitializeOnLoadMethodAttributes (47ms)
			AfterProcessingInitializeOnLoad (2ms)
			EditorAssembliesLoaded (0ms)
		ExecutionOrderSort2 (0ms)
		AwakeInstancesAfterBackupRestoration (6ms)
Refreshing native plugins compatible for Editor in 0.96 ms, found 2 plugins.
Preloading 0 native plugins for Editor in 0.00 ms.
Release of invalid GC handle. The handle is from a previous domain. The release operation is skipped.
Release of invalid GC handle native callstack: 
0x00007ff63674eb5d (Unity) StackWalker::GetCurrentCallstack
0x00007ff636753c39 (Unity) StackWalker::ShowCallstack
0x00007ff637744851 (Unity) GetStacktrace
0x00007ff63664ae8d (Unity) ScriptingGCHandle::ReleaseAndClear
0x00007ff636c1081c (Unity) UploadHandlerRaw::`vector deleting destructor'
0x00007ff636c113cd (Unity) UploadHandler::Release
0x00007ff636c0dc6d (Unity) UnityWebRequestProto<UnityWebRequestTransport,AtomicRefCounter,RedirectHelper,ResponseHelper,DownloadHandler,UploadHandler,CertificateHandler,HeaderHelper,AsyncOperation>::~UnityWebRequestProto<UnityWebRequestTransport,AtomicRefCounter,RedirectHelper,ResponseHelper,DownloadHandler,UploadHandler,CertificateHandler,HeaderHelper,AsyncOperation>
0x00007ff636c0df66 (Unity) UnityWebRequest::`vector deleting destructor'
0x00007ff6359640a7 (Unity) UnityWebRequestProto<UnityWebRequestTransport,AtomicRefCounter,RedirectHelper,ResponseHelper,DownloadHandler,UploadHandler,CertificateHandler,HeaderHelper,AsyncOperation>::Release
0x00007ff636c0f995 (Unity) UnityWebRequestAsyncOperation::InvokeCoroutine
0x00007ff636c0fb71 (Unity) UnityWebRequestProto<UnityWebRequestTransport,AtomicRefCounter,RedirectHelper,ResponseHelper,DownloadHandler,UploadHandler,CertificateHandler,HeaderHelper,AsyncOperation>::Job_InvokeCoroutine
0x00007ff636277d2a (Unity) BackgroundJobQueue::ExecuteMainThreadJobs
0x00007ff63632b49f (Unity) PreloadManager::WaitForAllAsyncOperationsToComplete
0x00007ff637aea248 (Unity) <lambda_b37b41f03089e3cb3f55061bbc93253d>::operator()
0x00007ff637b25a22 (Unity) asio::detail::completion_handler<core::mutable_function<void __cdecl(void)>,asio::io_context::basic_executor_type<std::allocator<void>,0> >::do_complete
0x00007ff637b1196e (Unity) asio::detail::win_iocp_io_context::do_one
0x00007ff637b135d4 (Unity) asio::detail::win_iocp_io_context::run
0x00007ff637b23dcc (Unity) IOService::Run
0x00007ff637af71cf (Unity) AssetImportWorkerClient::Run
0x00007ff637ac2b37 (Unity) RunAssetImportWorkerClientV2
0x00007ff637ac2bbb (Unity) RunAssetImporterV2
0x00007ff6372bba5e (Unity) Application::InitializeProject
0x00007ff63774f4e5 (Unity) WinMain
0x00007ff638b014de (Unity) __scrt_common_main_seh
0x00007ffd6b887374 (KERNEL32) BaseThreadInitThunk
0x00007ffd6d89cc91 (ntdll) RtlUserThreadStart
Unloading 1420 Unused Serialized files (Serialized files now loaded: 0)
Unloading 11 unused Assets / (26.6 KB). Loaded Objects now: 2423.
Memory consumption went from 114.8 MB to 114.8 MB.
Total: 2.852400 ms (FindLiveObjects: 0.157100 ms CreateObjectMapping: 0.048000 ms MarkObjects: 2.611900 ms  DeleteObjects: 0.034100 ms)

Prepare: number of updated asset objects reloaded= 0
AssetImportParameters requested are different than current active one (requested -> active):
  custom:video-encoder-webm-vp8: eb34c28f22e8b96e1ab97ce403110664 -> 
  custom:video-decoder-webm-vp8: 9c59270c3fd7afecdb556c50c9e8de78 -> 
  custom:audio-decoder-ogg-vorbis: bf7c407c2cedff20999df2af8eb42d56 -> 
  custom:scripting/monoscript/fileName/PlayerMovement2.cs: de5dad4c3545ad8f9f6984966a40b37a -> 
  custom:SearchIndexIgnoredProperties: e643bd26f0fe6173181afceb89e7c659 -> 
  custom:container-demuxer-ogg: 62fdf1f143b41e24485cea50d1cbac27 -> 
  custom:AudioImporter_EditorPlatform: d09bf68614088b80899f8185d706f6e7 -> 
  custom:CustomObjectIndexerAttribute: 9a22284fe3817be447336de3de66b15e -> 
  custom:container-demuxer-webm: 4f35f7cbe854078d1ac9338744f61a02 -> 
  custom:scripting/monoscript/fileName/Trunk.cs: 3c77c879876a19ef3d7b12fd707afdea -> 
  custom:scripting/monoscript/fileName/ChunkGenerator.cs: c34ac5ef3d79f6264782925317061fad -> 
  custom:video-decoder-ogg-theora: a1e56fd34408186e4bbccfd4996cb3dc -> 
  custom:audio-encoder-webm-vorbis: bf7c407c2cedff20999df2af8eb42d56 -> 
  custom:framework-win-MediaFoundation: 216162199b28c13a410421893ffa2e32 -> 
  custom:scripting/precompiled-assembly-types:Assembly-CSharp: b0fb9725752ffdaefe66466edb16586f -> 482e17d551b00cd7946e9d7b35e05131
  custom:scripting/monoscript/fileName/Chunk.cs: 2c601e55a29a773029fef31d3cc0f584 -> 
  custom:container-muxer-webm: aa71ff27fc2769a1b78a27578f13a17b -> 
========================================================================
Received Prepare
Caller must complete domain reload
Begin MonoManager ReloadAssembly
- Loaded All Assemblies, in  0.403 seconds
Native extension for WindowsStandalone target not found
Native extension for iOS target not found
Native extension for Android target not found
[Package Manager] Server::EnsureServerProcessIsRunning -- launch failed, reason: Unity was launched with the -noUpm command-line argument
[Package Manager] UpmClient::Send -- Unable to send message (not connected to UPM process).
[Package Manager] Cannot connect to Unity Package Manager local server
[Package Manager] Server::EnsureServerProcessIsRunning -- launch failed, reason: Unity was launched with the -noUpm command-line argument
[Package Manager] UpmClient::Send -- Unable to send message (not connected to UPM process).
[Package Manager] Cannot connect to Unity Package Manager local server
Failed to sync packages list
UnityEngine.StackTraceUtility:ExtractStackTrace ()
UnityEngine.DebugLogHandler:LogFormat (UnityEngine.LogType,UnityEngine.Object,string,object[])
UnityEngine.Logger:Log (UnityEngine.LogType,object)
UnityEngine.Debug:LogWarning (object)
 .  / :MoveNext ()
System.Runtime.CompilerServices.AsyncTaskMethodBuilder:Start< .  / > ( .  / &)
 .  :  ()
 .⁤/ :MoveNext ()
System.Runtime.CompilerServices.AsyncTaskMethodBuilder:Start< .⁤/ > ( .⁤/ &)
 .⁤:  ()
System.Reflection.RuntimeMethodInfo:Invoke (object,System.Reflection.BindingFlags,System.Reflection.Binder,object[],System.Globalization.CultureInfo)
System.Reflection.MethodBase:Invoke (object,object[])
UnityEditor.EditorAssemblies:ProcessInitializeOnLoadMethodAttributes ()

Mono: successfully reloaded assembly
- Finished resetting the current domain, in  0.854 seconds
Domain Reload Profiling: 1257ms
	BeginReloadAssembly (160ms)
		ExecutionOrderSort (0ms)
		DisableScriptedObjects (5ms)
		BackupInstance (0ms)
		ReleaseScriptingObjects (0ms)
		CreateAndSetChildDomain (43ms)
	RebuildCommonClasses (39ms)
	RebuildNativeTypeToScriptingClass (15ms)
	initialDomainReloadingComplete (25ms)
	LoadAllAssembliesAndSetupDomain (165ms)
		LoadAssemblies (236ms)
		RebuildTransferFunctionScriptingTraits (0ms)
		AnalyzeDomain (10ms)
			TypeCache.Refresh (5ms)
				TypeCache.ScanAssembly (0ms)
			ScanForSourceGeneratedMonoScriptInfo (0ms)
			ResolveRequiredComponents (3ms)
	FinalizeReload (854ms)
		ReleaseScriptCaches (0ms)
		RebuildScriptCaches (0ms)
		SetupLoadedEditorAssemblies (582ms)
			LogAssemblyErrors (0ms)
			InitializePlatformSupportModulesInManaged (25ms)
			SetLoadedEditorAssemblies (4ms)
			RefreshPlugins (0ms)
			BeforeProcessingInitializeOnLoad (43ms)
			ProcessInitializeOnLoadAttributes (461ms)
			ProcessInitializeOnLoadMethodAttributes (46ms)
			AfterProcessingInitializeOnLoad (2ms)
			EditorAssembliesLoaded (0ms)
		ExecutionOrderSort2 (0ms)
		AwakeInstancesAfterBackupRestoration (7ms)
Refreshing native plugins compatible for Editor in 1.25 ms, found 2 plugins.
Preloading 0 native plugins for Editor in 0.00 ms.
Release of invalid GC handle. The handle is from a previous domain. The release operation is skipped.
Release of invalid GC handle native callstack: 
0x00007ff63674eb5d (Unity) StackWalker::GetCurrentCallstack
0x00007ff636753c39 (Unity) StackWalker::ShowCallstack
0x00007ff637744851 (Unity) GetStacktrace
0x00007ff63664ae8d (Unity) ScriptingGCHandle::ReleaseAndClear
0x00007ff636c1081c (Unity) UploadHandlerRaw::`vector deleting destructor'
0x00007ff636c113cd (Unity) UploadHandler::Release
0x00007ff636c0dc6d (Unity) UnityWebRequestProto<UnityWebRequestTransport,AtomicRefCounter,RedirectHelper,ResponseHelper,DownloadHandler,UploadHandler,CertificateHandler,HeaderHelper,AsyncOperation>::~UnityWebRequestProto<UnityWebRequestTransport,AtomicRefCounter,RedirectHelper,ResponseHelper,DownloadHandler,UploadHandler,CertificateHandler,HeaderHelper,AsyncOperation>
0x00007ff636c0df66 (Unity) UnityWebRequest::`vector deleting destructor'
0x00007ff6359640a7 (Unity) UnityWebRequestProto<UnityWebRequestTransport,AtomicRefCounter,RedirectHelper,ResponseHelper,DownloadHandler,UploadHandler,CertificateHandler,HeaderHelper,AsyncOperation>::Release
0x00007ff636c0f995 (Unity) UnityWebRequestAsyncOperation::InvokeCoroutine
0x00007ff636c0fb71 (Unity) UnityWebRequestProto<UnityWebRequestTransport,AtomicRefCounter,RedirectHelper,ResponseHelper,DownloadHandler,UploadHandler,CertificateHandler,HeaderHelper,AsyncOperation>::Job_InvokeCoroutine
0x00007ff636277d2a (Unity) BackgroundJobQueue::ExecuteMainThreadJobs
0x00007ff63632b49f (Unity) PreloadManager::WaitForAllAsyncOperationsToComplete
0x00007ff637aea248 (Unity) <lambda_b37b41f03089e3cb3f55061bbc93253d>::operator()
0x00007ff637b25a22 (Unity) asio::detail::completion_handler<core::mutable_function<void __cdecl(void)>,asio::io_context::basic_executor_type<std::allocator<void>,0> >::do_complete
0x00007ff637b1196e (Unity) asio::detail::win_iocp_io_context::do_one
0x00007ff637b135d4 (Unity) asio::detail::win_iocp_io_context::run
0x00007ff637b23dcc (Unity) IOService::Run
0x00007ff637af71cf (Unity) AssetImportWorkerClient::Run
0x00007ff637ac2b37 (Unity) RunAssetImportWorkerClientV2
0x00007ff637ac2bbb (Unity) RunAssetImporterV2
0x00007ff6372bba5e (Unity) Application::InitializeProject
0x00007ff63774f4e5 (Unity) WinMain
0x00007ff638b014de (Unity) __scrt_common_main_seh
0x00007ffd6b887374 (KERNEL32) BaseThreadInitThunk
0x00007ffd6d89cc91 (ntdll) RtlUserThreadStart
Unloading 1420 Unused Serialized files (Serialized files now loaded: 0)
Unloading 11 unused Assets / (26.7 KB). Loaded Objects now: 2428.
Memory consumption went from 115.0 MB to 114.9 MB.
Total: 3.317100 ms (FindLiveObjects: 0.155800 ms CreateObjectMapping: 0.042400 ms MarkObjects: 3.058400 ms  DeleteObjects: 0.059400 ms)

Prepare: number of updated asset objects reloaded= 0
AssetImportParameters requested are different than current active one (requested -> active):
  custom:video-encoder-webm-vp8: eb34c28f22e8b96e1ab97ce403110664 -> 
  custom:video-decoder-webm-vp8: 9c59270c3fd7afecdb556c50c9e8de78 -> 
  custom:audio-decoder-ogg-vorbis: bf7c407c2cedff20999df2af8eb42d56 -> 
  custom:scripting/monoscript/fileName/PlayerMovement2.cs: de5dad4c3545ad8f9f6984966a40b37a -> 
  custom:SearchIndexIgnoredProperties: e643bd26f0fe6173181afceb89e7c659 -> 
  custom:container-demuxer-ogg: 62fdf1f143b41e24485cea50d1cbac27 -> 
  custom:AudioImporter_EditorPlatform: d09bf68614088b80899f8185d706f6e7 -> 
  custom:CustomObjectIndexerAttribute: 9a22284fe3817be447336de3de66b15e -> 
  custom:container-demuxer-webm: 4f35f7cbe854078d1ac9338744f61a02 -> 
  custom:scripting/monoscript/fileName/Trunk.cs: 3c77c879876a19ef3d7b12fd707afdea -> 
  custom:scripting/monoscript/fileName/ChunkGenerator.cs: c34ac5ef3d79f6264782925317061fad -> 
  custom:video-decoder-ogg-theora: a1e56fd34408186e4bbccfd4996cb3dc -> 
  custom:audio-encoder-webm-vorbis: bf7c407c2cedff20999df2af8eb42d56 -> 
  custom:framework-win-MediaFoundation: 216162199b28c13a410421893ffa2e32 -> 
  custom:scripting/precompiled-assembly-types:Assembly-CSharp: b0fb9725752ffdaefe66466edb16586f -> 482e17d551b00cd7946e9d7b35e05131
  custom:scripting/monoscript/fileName/Chunk.cs: 2c601e55a29a773029fef31d3cc0f584 -> 
  custom:container-muxer-webm: aa71ff27fc2769a1b78a27578f13a17b -> 
========================================================================
Received Prepare
Caller must complete domain reload
Begin MonoManager ReloadAssembly
- Loaded All Assemblies, in  0.383 seconds
Native extension for WindowsStandalone target not found
Native extension for iOS target not found
Native extension for Android target not found
[Package Manager] Server::EnsureServerProcessIsRunning -- launch failed, reason: Unity was launched with the -noUpm command-line argument
[Package Manager] UpmClient::Send -- Unable to send message (not connected to UPM process).
[Package Manager] Cannot connect to Unity Package Manager local server
[Package Manager] Server::EnsureServerProcessIsRunning -- launch failed, reason: Unity was launched with the -noUpm command-line argument
[Package Manager] UpmClient::Send -- Unable to send message (not connected to UPM process).
[Package Manager] Cannot connect to Unity Package Manager local server
Failed to sync packages list
UnityEngine.StackTraceUtility:ExtractStackTrace ()
UnityEngine.DebugLogHandler:LogFormat (UnityEngine.LogType,UnityEngine.Object,string,object[])
UnityEngine.Logger:Log (UnityEngine.LogType,object)
UnityEngine.Debug:LogWarning (object)
 .  / :MoveNext ()
System.Runtime.CompilerServices.AsyncTaskMethodBuilder:Start< .  / > ( .  / &)
 .  :  ()
 .⁤/ :MoveNext ()
System.Runtime.CompilerServices.AsyncTaskMethodBuilder:Start< .⁤/ > ( .⁤/ &)
 .⁤:  ()
System.Reflection.RuntimeMethodInfo:Invoke (object,System.Reflection.BindingFlags,System.Reflection.Binder,object[],System.Globalization.CultureInfo)
System.Reflection.MethodBase:Invoke (object,object[])
UnityEditor.EditorAssemblies:ProcessInitializeOnLoadMethodAttributes ()

Mono: successfully reloaded assembly
- Finished resetting the current domain, in  0.808 seconds
Domain Reload Profiling: 1191ms
	BeginReloadAssembly (152ms)
		ExecutionOrderSort (0ms)
		DisableScriptedObjects (6ms)
		BackupInstance (0ms)
		ReleaseScriptingObjects (0ms)
		CreateAndSetChildDomain (37ms)
	RebuildCommonClasses (36ms)
	RebuildNativeTypeToScriptingClass (12ms)
	initialDomainReloadingComplete (22ms)
	LoadAllAssembliesAndSetupDomain (160ms)
		LoadAssemblies (224ms)
		RebuildTransferFunctionScriptingTraits (0ms)
		AnalyzeDomain (15ms)
			TypeCache.Refresh (9ms)
				TypeCache.ScanAssembly (0ms)
			ScanForSourceGeneratedMonoScriptInfo (0ms)
			ResolveRequiredComponents (4ms)
	FinalizeReload (809ms)
		ReleaseScriptCaches (0ms)
		RebuildScriptCaches (0ms)
		SetupLoadedEditorAssemblies (549ms)
			LogAssemblyErrors (0ms)
			InitializePlatformSupportModulesInManaged (28ms)
			SetLoadedEditorAssemblies (3ms)
			RefreshPlugins (0ms)
			BeforeProcessingInitializeOnLoad (43ms)
			ProcessInitializeOnLoadAttributes (424ms)
			ProcessInitializeOnLoadMethodAttributes (49ms)
			AfterProcessingInitializeOnLoad (2ms)
			EditorAssembliesLoaded (0ms)
		ExecutionOrderSort2 (0ms)
		AwakeInstancesAfterBackupRestoration (6ms)
Refreshing native plugins compatible for Editor in 1.03 ms, found 2 plugins.
Preloading 0 native plugins for Editor in 0.00 ms.
Release of invalid GC handle. The handle is from a previous domain. The release operation is skipped.
Release of invalid GC handle native callstack: 
0x00007ff63674eb5d (Unity) StackWalker::GetCurrentCallstack
0x00007ff636753c39 (Unity) StackWalker::ShowCallstack
0x00007ff637744851 (Unity) GetStacktrace
0x00007ff63664ae8d (Unity) ScriptingGCHandle::ReleaseAndClear
0x00007ff636c1081c (Unity) UploadHandlerRaw::`vector deleting destructor'
0x00007ff636c113cd (Unity) UploadHandler::Release
0x00007ff636c0dc6d (Unity) UnityWebRequestProto<UnityWebRequestTransport,AtomicRefCounter,RedirectHelper,ResponseHelper,DownloadHandler,UploadHandler,CertificateHandler,HeaderHelper,AsyncOperation>::~UnityWebRequestProto<UnityWebRequestTransport,AtomicRefCounter,RedirectHelper,ResponseHelper,DownloadHandler,UploadHandler,CertificateHandler,HeaderHelper,AsyncOperation>
0x00007ff636c0df66 (Unity) UnityWebRequest::`vector deleting destructor'
0x00007ff6359640a7 (Unity) UnityWebRequestProto<UnityWebRequestTransport,AtomicRefCounter,RedirectHelper,ResponseHelper,DownloadHandler,UploadHandler,CertificateHandler,HeaderHelper,AsyncOperation>::Release
0x00007ff636c0f995 (Unity) UnityWebRequestAsyncOperation::InvokeCoroutine
0x00007ff636c0fb71 (Unity) UnityWebRequestProto<UnityWebRequestTransport,AtomicRefCounter,RedirectHelper,ResponseHelper,DownloadHandler,UploadHandler,CertificateHandler,HeaderHelper,AsyncOperation>::Job_InvokeCoroutine
0x00007ff636277d2a (Unity) BackgroundJobQueue::ExecuteMainThreadJobs
0x00007ff63632b49f (Unity) PreloadManager::WaitForAllAsyncOperationsToComplete
0x00007ff637aea248 (Unity) <lambda_b37b41f03089e3cb3f55061bbc93253d>::operator()
0x00007ff637b25a22 (Unity) asio::detail::completion_handler<core::mutable_function<void __cdecl(void)>,asio::io_context::basic_executor_type<std::allocator<void>,0> >::do_complete
0x00007ff637b1196e (Unity) asio::detail::win_iocp_io_context::do_one
0x00007ff637b135d4 (Unity) asio::detail::win_iocp_io_context::run
0x00007ff637b23dcc (Unity) IOService::Run
0x00007ff637af71cf (Unity) AssetImportWorkerClient::Run
0x00007ff637ac2b37 (Unity) RunAssetImportWorkerClientV2
0x00007ff637ac2bbb (Unity) RunAssetImporterV2
0x00007ff6372bba5e (Unity) Application::InitializeProject
0x00007ff63774f4e5 (Unity) WinMain
0x00007ff638b014de (Unity) __scrt_common_main_seh
0x00007ffd6b887374 (KERNEL32) BaseThreadInitThunk
0x00007ffd6d89cc91 (ntdll) RtlUserThreadStart
Unloading 1420 Unused Serialized files (Serialized files now loaded: 0)
Unloading 11 unused Assets / (26.6 KB). Loaded Objects now: 2433.
Memory consumption went from 115.1 MB to 115.1 MB.
Total: 7.064600 ms (FindLiveObjects: 0.329500 ms CreateObjectMapping: 0.144700 ms MarkObjects: 6.481100 ms  DeleteObjects: 0.106700 ms)

Prepare: number of updated asset objects reloaded= 0
AssetImportParameters requested are different than current active one (requested -> active):
  custom:video-encoder-webm-vp8: eb34c28f22e8b96e1ab97ce403110664 -> 
  custom:video-decoder-webm-vp8: 9c59270c3fd7afecdb556c50c9e8de78 -> 
  custom:audio-decoder-ogg-vorbis: bf7c407c2cedff20999df2af8eb42d56 -> 
  custom:scripting/monoscript/fileName/PlayerMovement2.cs: de5dad4c3545ad8f9f6984966a40b37a -> 
  custom:SearchIndexIgnoredProperties: e643bd26f0fe6173181afceb89e7c659 -> 
  custom:container-demuxer-ogg: 62fdf1f143b41e24485cea50d1cbac27 -> 
  custom:AudioImporter_EditorPlatform: d09bf68614088b80899f8185d706f6e7 -> 
  custom:CustomObjectIndexerAttribute: 9a22284fe3817be447336de3de66b15e -> 
  custom:container-demuxer-webm: 4f35f7cbe854078d1ac9338744f61a02 -> 
  custom:scripting/monoscript/fileName/Trunk.cs: 3c77c879876a19ef3d7b12fd707afdea -> 
  custom:scripting/monoscript/fileName/ChunkGenerator.cs: c34ac5ef3d79f6264782925317061fad -> 
  custom:video-decoder-ogg-theora: a1e56fd34408186e4bbccfd4996cb3dc -> 
  custom:audio-encoder-webm-vorbis: bf7c407c2cedff20999df2af8eb42d56 -> 
  custom:framework-win-MediaFoundation: 216162199b28c13a410421893ffa2e32 -> 
  custom:scripting/precompiled-assembly-types:Assembly-CSharp: b0fb9725752ffdaefe66466edb16586f -> 482e17d551b00cd7946e9d7b35e05131
  custom:scripting/monoscript/fileName/Chunk.cs: 2c601e55a29a773029fef31d3cc0f584 -> 
  custom:container-muxer-webm: aa71ff27fc2769a1b78a27578f13a17b -> 
========================================================================
Received Prepare
Caller must complete domain reload
Begin MonoManager ReloadAssembly
- Loaded All Assemblies, in  0.417 seconds
Native extension for WindowsStandalone target not found
Native extension for iOS target not found
Native extension for Android target not found
[Package Manager] Server::EnsureServerProcessIsRunning -- launch failed, reason: Unity was launched with the -noUpm command-line argument
[Package Manager] UpmClient::Send -- Unable to send message (not connected to UPM process).
[Package Manager] Cannot connect to Unity Package Manager local server
[Package Manager] Server::EnsureServerProcessIsRunning -- launch failed, reason: Unity was launched with the -noUpm command-line argument
[Package Manager] UpmClient::Send -- Unable to send message (not connected to UPM process).
[Package Manager] Cannot connect to Unity Package Manager local server
Failed to sync packages list
UnityEngine.StackTraceUtility:ExtractStackTrace ()
UnityEngine.DebugLogHandler:LogFormat (UnityEngine.LogType,UnityEngine.Object,string,object[])
UnityEngine.Logger:Log (UnityEngine.LogType,object)
UnityEngine.Debug:LogWarning (object)
 .  / :MoveNext ()
System.Runtime.CompilerServices.AsyncTaskMethodBuilder:Start< .  / > ( .  / &)
 .  :  ()
 .⁤/ :MoveNext ()
System.Runtime.CompilerServices.AsyncTaskMethodBuilder:Start< .⁤/ > ( .⁤/ &)
 .⁤:  ()
System.Reflection.RuntimeMethodInfo:Invoke (object,System.Reflection.BindingFlags,System.Reflection.Binder,object[],System.Globalization.CultureInfo)
System.Reflection.MethodBase:Invoke (object,object[])
UnityEditor.EditorAssemblies:ProcessInitializeOnLoadMethodAttributes ()

Mono: successfully reloaded assembly
- Finished resetting the current domain, in  0.882 seconds
Domain Reload Profiling: 1298ms
	BeginReloadAssembly (161ms)
		ExecutionOrderSort (0ms)
		DisableScriptedObjects (5ms)
		BackupInstance (0ms)
		ReleaseScriptingObjects (0ms)
		CreateAndSetChildDomain (39ms)
	RebuildCommonClasses (36ms)
	RebuildNativeTypeToScriptingClass (12ms)
	initialDomainReloadingComplete (23ms)
	LoadAllAssembliesAndSetupDomain (185ms)
		LoadAssemblies (256ms)
		RebuildTransferFunctionScriptingTraits (0ms)
		AnalyzeDomain (10ms)
			TypeCache.Refresh (5ms)
				TypeCache.ScanAssembly (0ms)
			ScanForSourceGeneratedMonoScriptInfo (0ms)
			ResolveRequiredComponents (2ms)
	FinalizeReload (882ms)
		ReleaseScriptCaches (0ms)
		RebuildScriptCaches (0ms)
		SetupLoadedEditorAssemblies (591ms)
			LogAssemblyErrors (0ms)
			InitializePlatformSupportModulesInManaged (29ms)
			SetLoadedEditorAssemblies (3ms)
			RefreshPlugins (0ms)
			BeforeProcessingInitializeOnLoad (45ms)
			ProcessInitializeOnLoadAttributes (458ms)
			ProcessInitializeOnLoadMethodAttributes (54ms)
			AfterProcessingInitializeOnLoad (3ms)
			EditorAssembliesLoaded (0ms)
		ExecutionOrderSort2 (0ms)
		AwakeInstancesAfterBackupRestoration (9ms)
Refreshing native plugins compatible for Editor in 1.27 ms, found 2 plugins.
Preloading 0 native plugins for Editor in 0.00 ms.
Release of invalid GC handle. The handle is from a previous domain. The release operation is skipped.
Release of invalid GC handle native callstack: 
0x00007ff63674eb5d (Unity) StackWalker::GetCurrentCallstack
0x00007ff636753c39 (Unity) StackWalker::ShowCallstack
0x00007ff637744851 (Unity) GetStacktrace
0x00007ff63664ae8d (Unity) ScriptingGCHandle::ReleaseAndClear
0x00007ff636c1081c (Unity) UploadHandlerRaw::`vector deleting destructor'
0x00007ff636c113cd (Unity) UploadHandler::Release
0x00007ff636c0dc6d (Unity) UnityWebRequestProto<UnityWebRequestTransport,AtomicRefCounter,RedirectHelper,ResponseHelper,DownloadHandler,UploadHandler,CertificateHandler,HeaderHelper,AsyncOperation>::~UnityWebRequestProto<UnityWebRequestTransport,AtomicRefCounter,RedirectHelper,ResponseHelper,DownloadHandler,UploadHandler,CertificateHandler,HeaderHelper,AsyncOperation>
0x00007ff636c0df66 (Unity) UnityWebRequest::`vector deleting destructor'
0x00007ff6359640a7 (Unity) UnityWebRequestProto<UnityWebRequestTransport,AtomicRefCounter,RedirectHelper,ResponseHelper,DownloadHandler,UploadHandler,CertificateHandler,HeaderHelper,AsyncOperation>::Release
0x00007ff636c0f995 (Unity) UnityWebRequestAsyncOperation::InvokeCoroutine
0x00007ff636c0fb71 (Unity) UnityWebRequestProto<UnityWebRequestTransport,AtomicRefCounter,RedirectHelper,ResponseHelper,DownloadHandler,UploadHandler,CertificateHandler,HeaderHelper,AsyncOperation>::Job_InvokeCoroutine
0x00007ff636277d2a (Unity) BackgroundJobQueue::ExecuteMainThreadJobs
0x00007ff63632b49f (Unity) PreloadManager::WaitForAllAsyncOperationsToComplete
0x00007ff637aea248 (Unity) <lambda_b37b41f03089e3cb3f55061bbc93253d>::operator()
0x00007ff637b25a22 (Unity) asio::detail::completion_handler<core::mutable_function<void __cdecl(void)>,asio::io_context::basic_executor_type<std::allocator<void>,0> >::do_complete
0x00007ff637b1196e (Unity) asio::detail::win_iocp_io_context::do_one
0x00007ff637b135d4 (Unity) asio::detail::win_iocp_io_context::run
0x00007ff637b23dcc (Unity) IOService::Run
0x00007ff637af71cf (Unity) AssetImportWorkerClient::Run
0x00007ff637ac2b37 (Unity) RunAssetImportWorkerClientV2
0x00007ff637ac2bbb (Unity) RunAssetImporterV2
0x00007ff6372bba5e (Unity) Application::InitializeProject
0x00007ff63774f4e5 (Unity) WinMain
0x00007ff638b014de (Unity) __scrt_common_main_seh
0x00007ffd6b887374 (KERNEL32) BaseThreadInitThunk
0x00007ffd6d89cc91 (ntdll) RtlUserThreadStart
Unloading 1420 Unused Serialized files (Serialized files now loaded: 0)
Unloading 11 unused Assets / (26.6 KB). Loaded Objects now: 2438.
Memory consumption went from 115.3 MB to 115.2 MB.
Total: 4.549900 ms (FindLiveObjects: 0.158100 ms CreateObjectMapping: 0.043800 ms MarkObjects: 4.260700 ms  DeleteObjects: 0.085800 ms)

Prepare: number of updated asset objects reloaded= 0
AssetImportParameters requested are different than current active one (requested -> active):
  custom:video-encoder-webm-vp8: eb34c28f22e8b96e1ab97ce403110664 -> 
  custom:video-decoder-webm-vp8: 9c59270c3fd7afecdb556c50c9e8de78 -> 
  custom:audio-decoder-ogg-vorbis: bf7c407c2cedff20999df2af8eb42d56 -> 
  custom:scripting/monoscript/fileName/PlayerMovement2.cs: de5dad4c3545ad8f9f6984966a40b37a -> 
  custom:SearchIndexIgnoredProperties: e643bd26f0fe6173181afceb89e7c659 -> 
  custom:container-demuxer-ogg: 62fdf1f143b41e24485cea50d1cbac27 -> 
  custom:AudioImporter_EditorPlatform: d09bf68614088b80899f8185d706f6e7 -> 
  custom:CustomObjectIndexerAttribute: 9a22284fe3817be447336de3de66b15e -> 
  custom:container-demuxer-webm: 4f35f7cbe854078d1ac9338744f61a02 -> 
  custom:scripting/monoscript/fileName/Trunk.cs: 3c77c879876a19ef3d7b12fd707afdea -> 
  custom:scripting/monoscript/fileName/ChunkGenerator.cs: c34ac5ef3d79f6264782925317061fad -> 
  custom:video-decoder-ogg-theora: a1e56fd34408186e4bbccfd4996cb3dc -> 
  custom:audio-encoder-webm-vorbis: bf7c407c2cedff20999df2af8eb42d56 -> 
  custom:framework-win-MediaFoundation: 216162199b28c13a410421893ffa2e32 -> 
  custom:scripting/precompiled-assembly-types:Assembly-CSharp: b0fb9725752ffdaefe66466edb16586f -> 482e17d551b00cd7946e9d7b35e05131
  custom:scripting/monoscript/fileName/Chunk.cs: 2c601e55a29a773029fef31d3cc0f584 -> 
  custom:container-muxer-webm: aa71ff27fc2769a1b78a27578f13a17b -> 
========================================================================
Received Prepare
Caller must complete domain reload
Begin MonoManager ReloadAssembly
- Loaded All Assemblies, in  0.404 seconds
Native extension for WindowsStandalone target not found
Native extension for iOS target not found
Native extension for Android target not found
[Package Manager] Server::EnsureServerProcessIsRunning -- launch failed, reason: Unity was launched with the -noUpm command-line argument
[Package Manager] UpmClient::Send -- Unable to send message (not connected to UPM process).
[Package Manager] Cannot connect to Unity Package Manager local server
[Package Manager] Server::EnsureServerProcessIsRunning -- launch failed, reason: Unity was launched with the -noUpm command-line argument
[Package Manager] UpmClient::Send -- Unable to send message (not connected to UPM process).
[Package Manager] Cannot connect to Unity Package Manager local server
Failed to sync packages list
UnityEngine.StackTraceUtility:ExtractStackTrace ()
UnityEngine.DebugLogHandler:LogFormat (UnityEngine.LogType,UnityEngine.Object,string,object[])
UnityEngine.Logger:Log (UnityEngine.LogType,object)
UnityEngine.Debug:LogWarning (object)
 .  / :MoveNext ()
System.Runtime.CompilerServices.AsyncTaskMethodBuilder:Start< .  / > ( .  / &)
 .  :  ()
 .⁤/ :MoveNext ()
System.Runtime.CompilerServices.AsyncTaskMethodBuilder:Start< .⁤/ > ( .⁤/ &)
 .⁤:  ()
System.Reflection.RuntimeMethodInfo:Invoke (object,System.Reflection.BindingFlags,System.Reflection.Binder,object[],System.Globalization.CultureInfo)
System.Reflection.MethodBase:Invoke (object,object[])
UnityEditor.EditorAssemblies:ProcessInitializeOnLoadMethodAttributes ()

Mono: successfully reloaded assembly
- Finished resetting the current domain, in  0.876 seconds
Domain Reload Profiling: 1280ms
	BeginReloadAssembly (158ms)
		ExecutionOrderSort (0ms)
		DisableScriptedObjects (3ms)
		BackupInstance (0ms)
		ReleaseScriptingObjects (0ms)
		CreateAndSetChildDomain (44ms)
	RebuildCommonClasses (39ms)
	RebuildNativeTypeToScriptingClass (10ms)
	initialDomainReloadingComplete (28ms)
	LoadAllAssembliesAndSetupDomain (169ms)
		LoadAssemblies (237ms)
		RebuildTransferFunctionScriptingTraits (0ms)
		AnalyzeDomain (13ms)
			TypeCache.Refresh (8ms)
				TypeCache.ScanAssembly (0ms)
			ScanForSourceGeneratedMonoScriptInfo (0ms)
			ResolveRequiredComponents (3ms)
	FinalizeReload (876ms)
		ReleaseScriptCaches (0ms)
		RebuildScriptCaches (0ms)
		SetupLoadedEditorAssemblies (566ms)
			LogAssemblyErrors (0ms)
			InitializePlatformSupportModulesInManaged (27ms)
			SetLoadedEditorAssemblies (3ms)
			RefreshPlugins (0ms)
			BeforeProcessingInitializeOnLoad (46ms)
			ProcessInitializeOnLoadAttributes (440ms)
			ProcessInitializeOnLoadMethodAttributes (47ms)
			AfterProcessingInitializeOnLoad (2ms)
			EditorAssembliesLoaded (0ms)
		ExecutionOrderSort2 (0ms)
		AwakeInstancesAfterBackupRestoration (6ms)
Refreshing native plugins compatible for Editor in 1.74 ms, found 2 plugins.
Preloading 0 native plugins for Editor in 0.00 ms.
Release of invalid GC handle. The handle is from a previous domain. The release operation is skipped.
Release of invalid GC handle native callstack: 
0x00007ff63674eb5d (Unity) StackWalker::GetCurrentCallstack
0x00007ff636753c39 (Unity) StackWalker::ShowCallstack
0x00007ff637744851 (Unity) GetStacktrace
0x00007ff63664ae8d (Unity) ScriptingGCHandle::ReleaseAndClear
0x00007ff636c1081c (Unity) UploadHandlerRaw::`vector deleting destructor'
0x00007ff636c113cd (Unity) UploadHandler::Release
0x00007ff636c0dc6d (Unity) UnityWebRequestProto<UnityWebRequestTransport,AtomicRefCounter,RedirectHelper,ResponseHelper,DownloadHandler,UploadHandler,CertificateHandler,HeaderHelper,AsyncOperation>::~UnityWebRequestProto<UnityWebRequestTransport,AtomicRefCounter,RedirectHelper,ResponseHelper,DownloadHandler,UploadHandler,CertificateHandler,HeaderHelper,AsyncOperation>
0x00007ff636c0df66 (Unity) UnityWebRequest::`vector deleting destructor'
0x00007ff6359640a7 (Unity) UnityWebRequestProto<UnityWebRequestTransport,AtomicRefCounter,RedirectHelper,ResponseHelper,DownloadHandler,UploadHandler,CertificateHandler,HeaderHelper,AsyncOperation>::Release
0x00007ff636c0f995 (Unity) UnityWebRequestAsyncOperation::InvokeCoroutine
0x00007ff636c0fb71 (Unity) UnityWebRequestProto<UnityWebRequestTransport,AtomicRefCounter,RedirectHelper,ResponseHelper,DownloadHandler,UploadHandler,CertificateHandler,HeaderHelper,AsyncOperation>::Job_InvokeCoroutine
0x00007ff636277d2a (Unity) BackgroundJobQueue::ExecuteMainThreadJobs
0x00007ff63632b49f (Unity) PreloadManager::WaitForAllAsyncOperationsToComplete
0x00007ff637aea248 (Unity) <lambda_b37b41f03089e3cb3f55061bbc93253d>::operator()
0x00007ff637b25a22 (Unity) asio::detail::completion_handler<core::mutable_function<void __cdecl(void)>,asio::io_context::basic_executor_type<std::allocator<void>,0> >::do_complete
0x00007ff637b1196e (Unity) asio::detail::win_iocp_io_context::do_one
0x00007ff637b135d4 (Unity) asio::detail::win_iocp_io_context::run
0x00007ff637b23dcc (Unity) IOService::Run
0x00007ff637af71cf (Unity) AssetImportWorkerClient::Run
0x00007ff637ac2b37 (Unity) RunAssetImportWorkerClientV2
0x00007ff637ac2bbb (Unity) RunAssetImporterV2
0x00007ff6372bba5e (Unity) Application::InitializeProject
0x00007ff63774f4e5 (Unity) WinMain
0x00007ff638b014de (Unity) __scrt_common_main_seh
0x00007ffd6b887374 (KERNEL32) BaseThreadInitThunk
0x00007ffd6d89cc91 (ntdll) RtlUserThreadStart
Unloading 1420 Unused Serialized files (Serialized files now loaded: 0)
Unloading 11 unused Assets / (26.7 KB). Loaded Objects now: 2443.
Memory consumption went from 115.4 MB to 115.4 MB.
Total: 2.994100 ms (FindLiveObjects: 0.151300 ms CreateObjectMapping: 0.042600 ms MarkObjects: 2.762800 ms  DeleteObjects: 0.036000 ms)

Prepare: number of updated asset objects reloaded= 0
AssetImportParameters requested are different than current active one (requested -> active):
  custom:video-encoder-webm-vp8: eb34c28f22e8b96e1ab97ce403110664 -> 
  custom:video-decoder-webm-vp8: 9c59270c3fd7afecdb556c50c9e8de78 -> 
  custom:audio-decoder-ogg-vorbis: bf7c407c2cedff20999df2af8eb42d56 -> 
  custom:scripting/monoscript/fileName/PlayerMovement2.cs: de5dad4c3545ad8f9f6984966a40b37a -> 
  custom:SearchIndexIgnoredProperties: e643bd26f0fe6173181afceb89e7c659 -> 
  custom:container-demuxer-ogg: 62fdf1f143b41e24485cea50d1cbac27 -> 
  custom:AudioImporter_EditorPlatform: d09bf68614088b80899f8185d706f6e7 -> 
  custom:CustomObjectIndexerAttribute: 9a22284fe3817be447336de3de66b15e -> 
  custom:container-demuxer-webm: 4f35f7cbe854078d1ac9338744f61a02 -> 
  custom:scripting/monoscript/fileName/Trunk.cs: 3c77c879876a19ef3d7b12fd707afdea -> 
  custom:scripting/monoscript/fileName/ChunkGenerator.cs: c34ac5ef3d79f6264782925317061fad -> 
  custom:video-decoder-ogg-theora: a1e56fd34408186e4bbccfd4996cb3dc -> 
  custom:audio-encoder-webm-vorbis: bf7c407c2cedff20999df2af8eb42d56 -> 
  custom:framework-win-MediaFoundation: 216162199b28c13a410421893ffa2e32 -> 
  custom:scripting/precompiled-assembly-types:Assembly-CSharp: b0fb9725752ffdaefe66466edb16586f -> 482e17d551b00cd7946e9d7b35e05131
  custom:scripting/monoscript/fileName/Chunk.cs: 2c601e55a29a773029fef31d3cc0f584 -> 
  custom:container-muxer-webm: aa71ff27fc2769a1b78a27578f13a17b -> 
========================================================================
Received Prepare
Caller must complete domain reload
Begin MonoManager ReloadAssembly
- Loaded All Assemblies, in  0.410 seconds
Native extension for WindowsStandalone target not found
Native extension for iOS target not found
Native extension for Android target not found
[Package Manager] Server::EnsureServerProcessIsRunning -- launch failed, reason: Unity was launched with the -noUpm command-line argument
[Package Manager] UpmClient::Send -- Unable to send message (not connected to UPM process).
[Package Manager] Cannot connect to Unity Package Manager local server
[Package Manager] Server::EnsureServerProcessIsRunning -- launch failed, reason: Unity was launched with the -noUpm command-line argument
[Package Manager] UpmClient::Send -- Unable to send message (not connected to UPM process).
[Package Manager] Cannot connect to Unity Package Manager local server
Failed to sync packages list
UnityEngine.StackTraceUtility:ExtractStackTrace ()
UnityEngine.DebugLogHandler:LogFormat (UnityEngine.LogType,UnityEngine.Object,string,object[])
UnityEngine.Logger:Log (UnityEngine.LogType,object)
UnityEngine.Debug:LogWarning (object)
 .  / :MoveNext ()
System.Runtime.CompilerServices.AsyncTaskMethodBuilder:Start< .  / > ( .  / &)
 .  :  ()
 .⁤/ :MoveNext ()
System.Runtime.CompilerServices.AsyncTaskMethodBuilder:Start< .⁤/ > ( .⁤/ &)
 .⁤:  ()
System.Reflection.RuntimeMethodInfo:Invoke (object,System.Reflection.BindingFlags,System.Reflection.Binder,object[],System.Globalization.CultureInfo)
System.Reflection.MethodBase:Invoke (object,object[])
UnityEditor.EditorAssemblies:ProcessInitializeOnLoadMethodAttributes ()

Mono: successfully reloaded assembly
- Finished resetting the current domain, in  0.909 seconds
Domain Reload Profiling: 1319ms
	BeginReloadAssembly (164ms)
		ExecutionOrderSort (0ms)
		DisableScriptedObjects (5ms)
		BackupInstance (0ms)
		ReleaseScriptingObjects (0ms)
		CreateAndSetChildDomain (37ms)
	RebuildCommonClasses (43ms)
	RebuildNativeTypeToScriptingClass (15ms)
	initialDomainReloadingComplete (24ms)
	LoadAllAssembliesAndSetupDomain (164ms)
		LoadAssemblies (243ms)
		RebuildTransferFunctionScriptingTraits (0ms)
		AnalyzeDomain (11ms)
			TypeCache.Refresh (6ms)
				TypeCache.ScanAssembly (0ms)
			ScanForSourceGeneratedMonoScriptInfo (0ms)
			ResolveRequiredComponents (3ms)
	FinalizeReload (909ms)
		ReleaseScriptCaches (0ms)
		RebuildScriptCaches (0ms)
		SetupLoadedEditorAssemblies (624ms)
			LogAssemblyErrors (0ms)
			InitializePlatformSupportModulesInManaged (26ms)
			SetLoadedEditorAssemblies (3ms)
			RefreshPlugins (0ms)
			BeforeProcessingInitializeOnLoad (46ms)
			ProcessInitializeOnLoadAttributes (493ms)
			ProcessInitializeOnLoadMethodAttributes (54ms)
			AfterProcessingInitializeOnLoad (2ms)
			EditorAssembliesLoaded (0ms)
		ExecutionOrderSort2 (0ms)
		AwakeInstancesAfterBackupRestoration (10ms)
Refreshing native plugins compatible for Editor in 1.04 ms, found 2 plugins.
Preloading 0 native plugins for Editor in 0.00 ms.
Release of invalid GC handle. The handle is from a previous domain. The release operation is skipped.
Release of invalid GC handle native callstack: 
0x00007ff63674eb5d (Unity) StackWalker::GetCurrentCallstack
0x00007ff636753c39 (Unity) StackWalker::ShowCallstack
0x00007ff637744851 (Unity) GetStacktrace
0x00007ff63664ae8d (Unity) ScriptingGCHandle::ReleaseAndClear
0x00007ff636c1081c (Unity) UploadHandlerRaw::`vector deleting destructor'
0x00007ff636c113cd (Unity) UploadHandler::Release
0x00007ff636c0dc6d (Unity) UnityWebRequestProto<UnityWebRequestTransport,AtomicRefCounter,RedirectHelper,ResponseHelper,DownloadHandler,UploadHandler,CertificateHandler,HeaderHelper,AsyncOperation>::~UnityWebRequestProto<UnityWebRequestTransport,AtomicRefCounter,RedirectHelper,ResponseHelper,DownloadHandler,UploadHandler,CertificateHandler,HeaderHelper,AsyncOperation>
0x00007ff636c0df66 (Unity) UnityWebRequest::`vector deleting destructor'
0x00007ff6359640a7 (Unity) UnityWebRequestProto<UnityWebRequestTransport,AtomicRefCounter,RedirectHelper,ResponseHelper,DownloadHandler,UploadHandler,CertificateHandler,HeaderHelper,AsyncOperation>::Release
0x00007ff636c0f995 (Unity) UnityWebRequestAsyncOperation::InvokeCoroutine
0x00007ff636c0fb71 (Unity) UnityWebRequestProto<UnityWebRequestTransport,AtomicRefCounter,RedirectHelper,ResponseHelper,DownloadHandler,UploadHandler,CertificateHandler,HeaderHelper,AsyncOperation>::Job_InvokeCoroutine
0x00007ff636277d2a (Unity) BackgroundJobQueue::ExecuteMainThreadJobs
0x00007ff63632b49f (Unity) PreloadManager::WaitForAllAsyncOperationsToComplete
0x00007ff637aea248 (Unity) <lambda_b37b41f03089e3cb3f55061bbc93253d>::operator()
0x00007ff637b25a22 (Unity) asio::detail::completion_handler<core::mutable_function<void __cdecl(void)>,asio::io_context::basic_executor_type<std::allocator<void>,0> >::do_complete
0x00007ff637b1196e (Unity) asio::detail::win_iocp_io_context::do_one
0x00007ff637b135d4 (Unity) asio::detail::win_iocp_io_context::run
0x00007ff637b23dcc (Unity) IOService::Run
0x00007ff637af71cf (Unity) AssetImportWorkerClient::Run
0x00007ff637ac2b37 (Unity) RunAssetImportWorkerClientV2
0x00007ff637ac2bbb (Unity) RunAssetImporterV2
0x00007ff6372bba5e (Unity) Application::InitializeProject
0x00007ff63774f4e5 (Unity) WinMain
0x00007ff638b014de (Unity) __scrt_common_main_seh
0x00007ffd6b887374 (KERNEL32) BaseThreadInitThunk
0x00007ffd6d89cc91 (ntdll) RtlUserThreadStart
Unloading 1420 Unused Serialized files (Serialized files now loaded: 0)
Unloading 11 unused Assets / (26.6 KB). Loaded Objects now: 2448.
Memory consumption went from 115.6 MB to 115.6 MB.
Total: 3.619700 ms (FindLiveObjects: 0.223200 ms CreateObjectMapping: 0.066400 ms MarkObjects: 3.290300 ms  DeleteObjects: 0.037400 ms)

Prepare: number of updated asset objects reloaded= 0
AssetImportParameters requested are different than current active one (requested -> active):
  custom:video-encoder-webm-vp8: eb34c28f22e8b96e1ab97ce403110664 -> 
  custom:video-decoder-webm-vp8: 9c59270c3fd7afecdb556c50c9e8de78 -> 
  custom:audio-decoder-ogg-vorbis: bf7c407c2cedff20999df2af8eb42d56 -> 
  custom:scripting/monoscript/fileName/PlayerMovement2.cs: de5dad4c3545ad8f9f6984966a40b37a -> 
  custom:SearchIndexIgnoredProperties: e643bd26f0fe6173181afceb89e7c659 -> 
  custom:container-demuxer-ogg: 62fdf1f143b41e24485cea50d1cbac27 -> 
  custom:AudioImporter_EditorPlatform: d09bf68614088b80899f8185d706f6e7 -> 
  custom:CustomObjectIndexerAttribute: 9a22284fe3817be447336de3de66b15e -> 
  custom:container-demuxer-webm: 4f35f7cbe854078d1ac9338744f61a02 -> 
  custom:scripting/monoscript/fileName/Trunk.cs: 3c77c879876a19ef3d7b12fd707afdea -> 
  custom:scripting/monoscript/fileName/ChunkGenerator.cs: c34ac5ef3d79f6264782925317061fad -> 
  custom:video-decoder-ogg-theora: a1e56fd34408186e4bbccfd4996cb3dc -> 
  custom:audio-encoder-webm-vorbis: bf7c407c2cedff20999df2af8eb42d56 -> 
  custom:framework-win-MediaFoundation: 216162199b28c13a410421893ffa2e32 -> 
  custom:scripting/precompiled-assembly-types:Assembly-CSharp: b0fb9725752ffdaefe66466edb16586f -> 482e17d551b00cd7946e9d7b35e05131
  custom:scripting/monoscript/fileName/Chunk.cs: 2c601e55a29a773029fef31d3cc0f584 -> 
  custom:container-muxer-webm: aa71ff27fc2769a1b78a27578f13a17b -> 
========================================================================
Received Prepare
Caller must complete domain reload
Begin MonoManager ReloadAssembly
- Loaded All Assemblies, in  0.375 seconds
Native extension for WindowsStandalone target not found
Native extension for iOS target not found
Native extension for Android target not found
[Package Manager] Server::EnsureServerProcessIsRunning -- launch failed, reason: Unity was launched with the -noUpm command-line argument
[Package Manager] UpmClient::Send -- Unable to send message (not connected to UPM process).
[Package Manager] Cannot connect to Unity Package Manager local server
[Package Manager] Server::EnsureServerProcessIsRunning -- launch failed, reason: Unity was launched with the -noUpm command-line argument
[Package Manager] UpmClient::Send -- Unable to send message (not connected to UPM process).
[Package Manager] Cannot connect to Unity Package Manager local server
Failed to sync packages list
UnityEngine.StackTraceUtility:ExtractStackTrace ()
UnityEngine.DebugLogHandler:LogFormat (UnityEngine.LogType,UnityEngine.Object,string,object[])
UnityEngine.Logger:Log (UnityEngine.LogType,object)
UnityEngine.Debug:LogWarning (object)
 .  / :MoveNext ()
System.Runtime.CompilerServices.AsyncTaskMethodBuilder:Start< .  / > ( .  / &)
 .  :  ()
 .⁤/ :MoveNext ()
System.Runtime.CompilerServices.AsyncTaskMethodBuilder:Start< .⁤/ > ( .⁤/ &)
 .⁤:  ()
System.Reflection.RuntimeMethodInfo:Invoke (object,System.Reflection.BindingFlags,System.Reflection.Binder,object[],System.Globalization.CultureInfo)
System.Reflection.MethodBase:Invoke (object,object[])
UnityEditor.EditorAssemblies:ProcessInitializeOnLoadMethodAttributes ()

Mono: successfully reloaded assembly
- Finished resetting the current domain, in  0.755 seconds
Domain Reload Profiling: 1129ms
	BeginReloadAssembly (158ms)
		ExecutionOrderSort (0ms)
		DisableScriptedObjects (4ms)
		BackupInstance (0ms)
		ReleaseScriptingObjects (0ms)
		CreateAndSetChildDomain (40ms)
	RebuildCommonClasses (33ms)
	RebuildNativeTypeToScriptingClass (9ms)
	initialDomainReloadingComplete (24ms)
	LoadAllAssembliesAndSetupDomain (150ms)
		LoadAssemblies (224ms)
		RebuildTransferFunctionScriptingTraits (0ms)
		AnalyzeDomain (10ms)
			TypeCache.Refresh (5ms)
				TypeCache.ScanAssembly (0ms)
			ScanForSourceGeneratedMonoScriptInfo (0ms)
			ResolveRequiredComponents (3ms)
	FinalizeReload (755ms)
		ReleaseScriptCaches (0ms)
		RebuildScriptCaches (0ms)
		SetupLoadedEditorAssemblies (512ms)
			LogAssemblyErrors (0ms)
			InitializePlatformSupportModulesInManaged (24ms)
			SetLoadedEditorAssemblies (3ms)
			RefreshPlugins (0ms)
			BeforeProcessingInitializeOnLoad (37ms)
			ProcessInitializeOnLoadAttributes (396ms)
			ProcessInitializeOnLoadMethodAttributes (51ms)
			AfterProcessingInitializeOnLoad (2ms)
			EditorAssembliesLoaded (0ms)
		ExecutionOrderSort2 (0ms)
		AwakeInstancesAfterBackupRestoration (6ms)
Refreshing native plugins compatible for Editor in 1.02 ms, found 2 plugins.
Preloading 0 native plugins for Editor in 0.00 ms.
Release of invalid GC handle. The handle is from a previous domain. The release operation is skipped.
Release of invalid GC handle native callstack: 
0x00007ff63674eb5d (Unity) StackWalker::GetCurrentCallstack
0x00007ff636753c39 (Unity) StackWalker::ShowCallstack
0x00007ff637744851 (Unity) GetStacktrace
0x00007ff63664ae8d (Unity) ScriptingGCHandle::ReleaseAndClear
0x00007ff636c1081c (Unity) UploadHandlerRaw::`vector deleting destructor'
0x00007ff636c113cd (Unity) UploadHandler::Release
0x00007ff636c0dc6d (Unity) UnityWebRequestProto<UnityWebRequestTransport,AtomicRefCounter,RedirectHelper,ResponseHelper,DownloadHandler,UploadHandler,CertificateHandler,HeaderHelper,AsyncOperation>::~UnityWebRequestProto<UnityWebRequestTransport,AtomicRefCounter,RedirectHelper,ResponseHelper,DownloadHandler,UploadHandler,CertificateHandler,HeaderHelper,AsyncOperation>
0x00007ff636c0df66 (Unity) UnityWebRequest::`vector deleting destructor'
0x00007ff6359640a7 (Unity) UnityWebRequestProto<UnityWebRequestTransport,AtomicRefCounter,RedirectHelper,ResponseHelper,DownloadHandler,UploadHandler,CertificateHandler,HeaderHelper,AsyncOperation>::Release
0x00007ff636c0f995 (Unity) UnityWebRequestAsyncOperation::InvokeCoroutine
0x00007ff636c0fb71 (Unity) UnityWebRequestProto<UnityWebRequestTransport,AtomicRefCounter,RedirectHelper,ResponseHelper,DownloadHandler,UploadHandler,CertificateHandler,HeaderHelper,AsyncOperation>::Job_InvokeCoroutine
0x00007ff636277d2a (Unity) BackgroundJobQueue::ExecuteMainThreadJobs
0x00007ff63632b49f (Unity) PreloadManager::WaitForAllAsyncOperationsToComplete
0x00007ff637aea248 (Unity) <lambda_b37b41f03089e3cb3f55061bbc93253d>::operator()
0x00007ff637b25a22 (Unity) asio::detail::completion_handler<core::mutable_function<void __cdecl(void)>,asio::io_context::basic_executor_type<std::allocator<void>,0> >::do_complete
0x00007ff637b1196e (Unity) asio::detail::win_iocp_io_context::do_one
0x00007ff637b135d4 (Unity) asio::detail::win_iocp_io_context::run
0x00007ff637b23dcc (Unity) IOService::Run
0x00007ff637af71cf (Unity) AssetImportWorkerClient::Run
0x00007ff637ac2b37 (Unity) RunAssetImportWorkerClientV2
0x00007ff637ac2bbb (Unity) RunAssetImporterV2
0x00007ff6372bba5e (Unity) Application::InitializeProject
0x00007ff63774f4e5 (Unity) WinMain
0x00007ff638b014de (Unity) __scrt_common_main_seh
0x00007ffd6b887374 (KERNEL32) BaseThreadInitThunk
0x00007ffd6d89cc91 (ntdll) RtlUserThreadStart
Unloading 1420 Unused Serialized files (Serialized files now loaded: 0)
Unloading 11 unused Assets / (26.6 KB). Loaded Objects now: 2453.
Memory consumption went from 115.7 MB to 115.7 MB.
Total: 2.719700 ms (FindLiveObjects: 0.207200 ms CreateObjectMapping: 0.059700 ms MarkObjects: 2.419200 ms  DeleteObjects: 0.032200 ms)

Prepare: number of updated asset objects reloaded= 0
AssetImportParameters requested are different than current active one (requested -> active):
  custom:video-encoder-webm-vp8: eb34c28f22e8b96e1ab97ce403110664 -> 
  custom:video-decoder-webm-vp8: 9c59270c3fd7afecdb556c50c9e8de78 -> 
  custom:audio-decoder-ogg-vorbis: bf7c407c2cedff20999df2af8eb42d56 -> 
  custom:scripting/monoscript/fileName/PlayerMovement2.cs: de5dad4c3545ad8f9f6984966a40b37a -> 
  custom:SearchIndexIgnoredProperties: e643bd26f0fe6173181afceb89e7c659 -> 
  custom:container-demuxer-ogg: 62fdf1f143b41e24485cea50d1cbac27 -> 
  custom:AudioImporter_EditorPlatform: d09bf68614088b80899f8185d706f6e7 -> 
  custom:CustomObjectIndexerAttribute: 9a22284fe3817be447336de3de66b15e -> 
  custom:container-demuxer-webm: 4f35f7cbe854078d1ac9338744f61a02 -> 
  custom:scripting/monoscript/fileName/Trunk.cs: 3c77c879876a19ef3d7b12fd707afdea -> 
  custom:scripting/monoscript/fileName/ChunkGenerator.cs: c34ac5ef3d79f6264782925317061fad -> 
  custom:video-decoder-ogg-theora: a1e56fd34408186e4bbccfd4996cb3dc -> 
  custom:audio-encoder-webm-vorbis: bf7c407c2cedff20999df2af8eb42d56 -> 
  custom:framework-win-MediaFoundation: 216162199b28c13a410421893ffa2e32 -> 
  custom:scripting/precompiled-assembly-types:Assembly-CSharp: b0fb9725752ffdaefe66466edb16586f -> 482e17d551b00cd7946e9d7b35e05131
  custom:scripting/monoscript/fileName/Chunk.cs: 2c601e55a29a773029fef31d3cc0f584 -> 
  custom:container-muxer-webm: aa71ff27fc2769a1b78a27578f13a17b -> 
========================================================================
Received Prepare
Caller must complete domain reload
Begin MonoManager ReloadAssembly
- Loaded All Assemblies, in  0.415 seconds
Native extension for WindowsStandalone target not found
Native extension for iOS target not found
Native extension for Android target not found
[Package Manager] Server::EnsureServerProcessIsRunning -- launch failed, reason: Unity was launched with the -noUpm command-line argument
[Package Manager] UpmClient::Send -- Unable to send message (not connected to UPM process).
[Package Manager] Cannot connect to Unity Package Manager local server
[Package Manager] Server::EnsureServerProcessIsRunning -- launch failed, reason: Unity was launched with the -noUpm command-line argument
[Package Manager] UpmClient::Send -- Unable to send message (not connected to UPM process).
[Package Manager] Cannot connect to Unity Package Manager local server
Failed to sync packages list
UnityEngine.StackTraceUtility:ExtractStackTrace ()
UnityEngine.DebugLogHandler:LogFormat (UnityEngine.LogType,UnityEngine.Object,string,object[])
UnityEngine.Logger:Log (UnityEngine.LogType,object)
UnityEngine.Debug:LogWarning (object)
 .  / :MoveNext ()
System.Runtime.CompilerServices.AsyncTaskMethodBuilder:Start< .  / > ( .  / &)
 .  :  ()
 .⁤/ :MoveNext ()
System.Runtime.CompilerServices.AsyncTaskMethodBuilder:Start< .⁤/ > ( .⁤/ &)
 .⁤:  ()
System.Reflection.RuntimeMethodInfo:Invoke (object,System.Reflection.BindingFlags,System.Reflection.Binder,object[],System.Globalization.CultureInfo)
System.Reflection.MethodBase:Invoke (object,object[])
UnityEditor.EditorAssemblies:ProcessInitializeOnLoadMethodAttributes ()

Mono: successfully reloaded assembly
- Finished resetting the current domain, in  0.869 seconds
Domain Reload Profiling: 1285ms
	BeginReloadAssembly (168ms)
		ExecutionOrderSort (0ms)
		DisableScriptedObjects (4ms)
		BackupInstance (0ms)
		ReleaseScriptingObjects (0ms)
		CreateAndSetChildDomain (42ms)
	RebuildCommonClasses (32ms)
	RebuildNativeTypeToScriptingClass (9ms)
	initialDomainReloadingComplete (27ms)
	LoadAllAssembliesAndSetupDomain (178ms)
		LoadAssemblies (247ms)
		RebuildTransferFunctionScriptingTraits (0ms)
		AnalyzeDomain (22ms)
			TypeCache.Refresh (11ms)
				TypeCache.ScanAssembly (0ms)
			ScanForSourceGeneratedMonoScriptInfo (6ms)
			ResolveRequiredComponents (4ms)
	FinalizeReload (870ms)
		ReleaseScriptCaches (0ms)
		RebuildScriptCaches (0ms)
		SetupLoadedEditorAssemblies (596ms)
			LogAssemblyErrors (0ms)
			InitializePlatformSupportModulesInManaged (29ms)
			SetLoadedEditorAssemblies (3ms)
			RefreshPlugins (0ms)
			BeforeProcessingInitializeOnLoad (41ms)
			ProcessInitializeOnLoadAttributes (473ms)
			ProcessInitializeOnLoadMethodAttributes (48ms)
			AfterProcessingInitializeOnLoad (2ms)
			EditorAssembliesLoaded (0ms)
		ExecutionOrderSort2 (0ms)
		AwakeInstancesAfterBackupRestoration (6ms)
Refreshing native plugins compatible for Editor in 1.44 ms, found 2 plugins.
Preloading 0 native plugins for Editor in 0.00 ms.
Release of invalid GC handle. The handle is from a previous domain. The release operation is skipped.
Release of invalid GC handle native callstack: 
0x00007ff63674eb5d (Unity) StackWalker::GetCurrentCallstack
0x00007ff636753c39 (Unity) StackWalker::ShowCallstack
0x00007ff637744851 (Unity) GetStacktrace
0x00007ff63664ae8d (Unity) ScriptingGCHandle::ReleaseAndClear
0x00007ff636c1081c (Unity) UploadHandlerRaw::`vector deleting destructor'
0x00007ff636c113cd (Unity) UploadHandler::Release
0x00007ff636c0dc6d (Unity) UnityWebRequestProto<UnityWebRequestTransport,AtomicRefCounter,RedirectHelper,ResponseHelper,DownloadHandler,UploadHandler,CertificateHandler,HeaderHelper,AsyncOperation>::~UnityWebRequestProto<UnityWebRequestTransport,AtomicRefCounter,RedirectHelper,ResponseHelper,DownloadHandler,UploadHandler,CertificateHandler,HeaderHelper,AsyncOperation>
0x00007ff636c0df66 (Unity) UnityWebRequest::`vector deleting destructor'
0x00007ff6359640a7 (Unity) UnityWebRequestProto<UnityWebRequestTransport,AtomicRefCounter,RedirectHelper,ResponseHelper,DownloadHandler,UploadHandler,CertificateHandler,HeaderHelper,AsyncOperation>::Release
0x00007ff636c0f995 (Unity) UnityWebRequestAsyncOperation::InvokeCoroutine
0x00007ff636c0fb71 (Unity) UnityWebRequestProto<UnityWebRequestTransport,AtomicRefCounter,RedirectHelper,ResponseHelper,DownloadHandler,UploadHandler,CertificateHandler,HeaderHelper,AsyncOperation>::Job_InvokeCoroutine
0x00007ff636277d2a (Unity) BackgroundJobQueue::ExecuteMainThreadJobs
0x00007ff63632b49f (Unity) PreloadManager::WaitForAllAsyncOperationsToComplete
0x00007ff637aea248 (Unity) <lambda_b37b41f03089e3cb3f55061bbc93253d>::operator()
0x00007ff637b25a22 (Unity) asio::detail::completion_handler<core::mutable_function<void __cdecl(void)>,asio::io_context::basic_executor_type<std::allocator<void>,0> >::do_complete
0x00007ff637b1196e (Unity) asio::detail::win_iocp_io_context::do_one
0x00007ff637b135d4 (Unity) asio::detail::win_iocp_io_context::run
0x00007ff637b23dcc (Unity) IOService::Run
0x00007ff637af71cf (Unity) AssetImportWorkerClient::Run
0x00007ff637ac2b37 (Unity) RunAssetImportWorkerClientV2
0x00007ff637ac2bbb (Unity) RunAssetImporterV2
0x00007ff6372bba5e (Unity) Application::InitializeProject
0x00007ff63774f4e5 (Unity) WinMain
0x00007ff638b014de (Unity) __scrt_common_main_seh
0x00007ffd6b887374 (KERNEL32) BaseThreadInitThunk
0x00007ffd6d89cc91 (ntdll) RtlUserThreadStart
Unloading 1420 Unused Serialized files (Serialized files now loaded: 0)
Unloading 11 unused Assets / (26.7 KB). Loaded Objects now: 2458.
Memory consumption went from 115.9 MB to 115.9 MB.
Total: 3.369100 ms (FindLiveObjects: 0.192900 ms CreateObjectMapping: 0.049600 ms MarkObjects: 3.078800 ms  DeleteObjects: 0.046600 ms)

Prepare: number of updated asset objects reloaded= 0
AssetImportParameters requested are different than current active one (requested -> active):
  custom:video-encoder-webm-vp8: eb34c28f22e8b96e1ab97ce403110664 -> 
  custom:video-decoder-webm-vp8: 9c59270c3fd7afecdb556c50c9e8de78 -> 
  custom:audio-decoder-ogg-vorbis: bf7c407c2cedff20999df2af8eb42d56 -> 
  custom:scripting/monoscript/fileName/PlayerMovement2.cs: de5dad4c3545ad8f9f6984966a40b37a -> 
  custom:SearchIndexIgnoredProperties: e643bd26f0fe6173181afceb89e7c659 -> 
  custom:container-demuxer-ogg: 62fdf1f143b41e24485cea50d1cbac27 -> 
  custom:AudioImporter_EditorPlatform: d09bf68614088b80899f8185d706f6e7 -> 
  custom:CustomObjectIndexerAttribute: 9a22284fe3817be447336de3de66b15e -> 
  custom:container-demuxer-webm: 4f35f7cbe854078d1ac9338744f61a02 -> 
  custom:scripting/monoscript/fileName/Trunk.cs: 3c77c879876a19ef3d7b12fd707afdea -> 
  custom:scripting/monoscript/fileName/ChunkGenerator.cs: c34ac5ef3d79f6264782925317061fad -> 
  custom:video-decoder-ogg-theora: a1e56fd34408186e4bbccfd4996cb3dc -> 
  custom:audio-encoder-webm-vorbis: bf7c407c2cedff20999df2af8eb42d56 -> 
  custom:framework-win-MediaFoundation: 216162199b28c13a410421893ffa2e32 -> 
  custom:scripting/precompiled-assembly-types:Assembly-CSharp: b0fb9725752ffdaefe66466edb16586f -> 482e17d551b00cd7946e9d7b35e05131
  custom:scripting/monoscript/fileName/Chunk.cs: 2c601e55a29a773029fef31d3cc0f584 -> 
  custom:container-muxer-webm: aa71ff27fc2769a1b78a27578f13a17b -> 
========================================================================
Received Prepare
Caller must complete domain reload
Begin MonoManager ReloadAssembly
- Loaded All Assemblies, in  0.464 seconds
Native extension for WindowsStandalone target not found
Native extension for iOS target not found
Native extension for Android target not found
[Package Manager] Server::EnsureServerProcessIsRunning -- launch failed, reason: Unity was launched with the -noUpm command-line argument
[Package Manager] UpmClient::Send -- Unable to send message (not connected to UPM process).
[Package Manager] Cannot connect to Unity Package Manager local server
[Package Manager] Server::EnsureServerProcessIsRunning -- launch failed, reason: Unity was launched with the -noUpm command-line argument
[Package Manager] UpmClient::Send -- Unable to send message (not connected to UPM process).
[Package Manager] Cannot connect to Unity Package Manager local server
Failed to sync packages list
UnityEngine.StackTraceUtility:ExtractStackTrace ()
UnityEngine.DebugLogHandler:LogFormat (UnityEngine.LogType,UnityEngine.Object,string,object[])
UnityEngine.Logger:Log (UnityEngine.LogType,object)
UnityEngine.Debug:LogWarning (object)
 .  / :MoveNext ()
System.Runtime.CompilerServices.AsyncTaskMethodBuilder:Start< .  / > ( .  / &)
 .  :  ()
 .⁤/ :MoveNext ()
System.Runtime.CompilerServices.AsyncTaskMethodBuilder:Start< .⁤/ > ( .⁤/ &)
 .⁤:  ()
System.Reflection.RuntimeMethodInfo:Invoke (object,System.Reflection.BindingFlags,System.Reflection.Binder,object[],System.Globalization.CultureInfo)
System.Reflection.MethodBase:Invoke (object,object[])
UnityEditor.EditorAssemblies:ProcessInitializeOnLoadMethodAttributes ()

Mono: successfully reloaded assembly
- Finished resetting the current domain, in  0.982 seconds
Domain Reload Profiling: 1448ms
	BeginReloadAssembly (177ms)
		ExecutionOrderSort (0ms)
		DisableScriptedObjects (4ms)
		BackupInstance (0ms)
		ReleaseScriptingObjects (0ms)
		CreateAndSetChildDomain (47ms)
	RebuildCommonClasses (44ms)
	RebuildNativeTypeToScriptingClass (13ms)
	initialDomainReloadingComplete (37ms)
	LoadAllAssembliesAndSetupDomain (192ms)
		LoadAssemblies (267ms)
		RebuildTransferFunctionScriptingTraits (0ms)
		AnalyzeDomain (13ms)
			TypeCache.Refresh (8ms)
				TypeCache.ScanAssembly (0ms)
			ScanForSourceGeneratedMonoScriptInfo (0ms)
			ResolveRequiredComponents (3ms)
	FinalizeReload (983ms)
		ReleaseScriptCaches (0ms)
		RebuildScriptCaches (0ms)
		SetupLoadedEditorAssemblies (675ms)
			LogAssemblyErrors (0ms)
			InitializePlatformSupportModulesInManaged (25ms)
			SetLoadedEditorAssemblies (2ms)
			RefreshPlugins (0ms)
			BeforeProcessingInitializeOnLoad (40ms)
			ProcessInitializeOnLoadAttributes (554ms)
			ProcessInitializeOnLoadMethodAttributes (49ms)
			AfterProcessingInitializeOnLoad (3ms)
			EditorAssembliesLoaded (0ms)
		ExecutionOrderSort2 (0ms)
		AwakeInstancesAfterBackupRestoration (6ms)
Refreshing native plugins compatible for Editor in 1.50 ms, found 2 plugins.
Preloading 0 native plugins for Editor in 0.00 ms.
Release of invalid GC handle. The handle is from a previous domain. The release operation is skipped.
Release of invalid GC handle native callstack: 
0x00007ff63674eb5d (Unity) StackWalker::GetCurrentCallstack
0x00007ff636753c39 (Unity) StackWalker::ShowCallstack
0x00007ff637744851 (Unity) GetStacktrace
0x00007ff63664ae8d (Unity) ScriptingGCHandle::ReleaseAndClear
0x00007ff636c1081c (Unity) UploadHandlerRaw::`vector deleting destructor'
0x00007ff636c113cd (Unity) UploadHandler::Release
0x00007ff636c0dc6d (Unity) UnityWebRequestProto<UnityWebRequestTransport,AtomicRefCounter,RedirectHelper,ResponseHelper,DownloadHandler,UploadHandler,CertificateHandler,HeaderHelper,AsyncOperation>::~UnityWebRequestProto<UnityWebRequestTransport,AtomicRefCounter,RedirectHelper,ResponseHelper,DownloadHandler,UploadHandler,CertificateHandler,HeaderHelper,AsyncOperation>
0x00007ff636c0df66 (Unity) UnityWebRequest::`vector deleting destructor'
0x00007ff6359640a7 (Unity) UnityWebRequestProto<UnityWebRequestTransport,AtomicRefCounter,RedirectHelper,ResponseHelper,DownloadHandler,UploadHandler,CertificateHandler,HeaderHelper,AsyncOperation>::Release
0x00007ff636c0f995 (Unity) UnityWebRequestAsyncOperation::InvokeCoroutine
0x00007ff636c0fb71 (Unity) UnityWebRequestProto<UnityWebRequestTransport,AtomicRefCounter,RedirectHelper,ResponseHelper,DownloadHandler,UploadHandler,CertificateHandler,HeaderHelper,AsyncOperation>::Job_InvokeCoroutine
0x00007ff636277d2a (Unity) BackgroundJobQueue::ExecuteMainThreadJobs
0x00007ff63632b49f (Unity) PreloadManager::WaitForAllAsyncOperationsToComplete
0x00007ff637aea248 (Unity) <lambda_b37b41f03089e3cb3f55061bbc93253d>::operator()
0x00007ff637b25a22 (Unity) asio::detail::completion_handler<core::mutable_function<void __cdecl(void)>,asio::io_context::basic_executor_type<std::allocator<void>,0> >::do_complete
0x00007ff637b1196e (Unity) asio::detail::win_iocp_io_context::do_one
0x00007ff637b135d4 (Unity) asio::detail::win_iocp_io_context::run
0x00007ff637b23dcc (Unity) IOService::Run
0x00007ff637af71cf (Unity) AssetImportWorkerClient::Run
0x00007ff637ac2b37 (Unity) RunAssetImportWorkerClientV2
0x00007ff637ac2bbb (Unity) RunAssetImporterV2
0x00007ff6372bba5e (Unity) Application::InitializeProject
0x00007ff63774f4e5 (Unity) WinMain
0x00007ff638b014de (Unity) __scrt_common_main_seh
0x00007ffd6b887374 (KERNEL32) BaseThreadInitThunk
0x00007ffd6d89cc91 (ntdll) RtlUserThreadStart
Unloading 1420 Unused Serialized files (Serialized files now loaded: 0)
Unloading 11 unused Assets / (26.7 KB). Loaded Objects now: 2463.
Memory consumption went from 116.1 MB to 116.0 MB.
Total: 4.450300 ms (FindLiveObjects: 0.187500 ms CreateObjectMapping: 0.061200 ms MarkObjects: 4.165000 ms  DeleteObjects: 0.035600 ms)

Prepare: number of updated asset objects reloaded= 0
AssetImportParameters requested are different than current active one (requested -> active):
  custom:video-encoder-webm-vp8: eb34c28f22e8b96e1ab97ce403110664 -> 
  custom:video-decoder-webm-vp8: 9c59270c3fd7afecdb556c50c9e8de78 -> 
  custom:audio-decoder-ogg-vorbis: bf7c407c2cedff20999df2af8eb42d56 -> 
  custom:scripting/monoscript/fileName/PlayerMovement2.cs: de5dad4c3545ad8f9f6984966a40b37a -> 
  custom:SearchIndexIgnoredProperties: e643bd26f0fe6173181afceb89e7c659 -> 
  custom:container-demuxer-ogg: 62fdf1f143b41e24485cea50d1cbac27 -> 
  custom:AudioImporter_EditorPlatform: d09bf68614088b80899f8185d706f6e7 -> 
  custom:CustomObjectIndexerAttribute: 9a22284fe3817be447336de3de66b15e -> 
  custom:container-demuxer-webm: 4f35f7cbe854078d1ac9338744f61a02 -> 
  custom:scripting/monoscript/fileName/Trunk.cs: 3c77c879876a19ef3d7b12fd707afdea -> 
  custom:scripting/monoscript/fileName/ChunkGenerator.cs: c34ac5ef3d79f6264782925317061fad -> 
  custom:video-decoder-ogg-theora: a1e56fd34408186e4bbccfd4996cb3dc -> 
  custom:audio-encoder-webm-vorbis: bf7c407c2cedff20999df2af8eb42d56 -> 
  custom:framework-win-MediaFoundation: 216162199b28c13a410421893ffa2e32 -> 
  custom:scripting/precompiled-assembly-types:Assembly-CSharp: b0fb9725752ffdaefe66466edb16586f -> 482e17d551b00cd7946e9d7b35e05131
  custom:scripting/monoscript/fileName/Chunk.cs: 2c601e55a29a773029fef31d3cc0f584 -> 
  custom:container-muxer-webm: aa71ff27fc2769a1b78a27578f13a17b -> 
========================================================================
Received Prepare
Caller must complete domain reload
Begin MonoManager ReloadAssembly
- Loaded All Assemblies, in  0.419 seconds
Native extension for WindowsStandalone target not found
Native extension for iOS target not found
Native extension for Android target not found
[Package Manager] Server::EnsureServerProcessIsRunning -- launch failed, reason: Unity was launched with the -noUpm command-line argument
[Package Manager] UpmClient::Send -- Unable to send message (not connected to UPM process).
[Package Manager] Cannot connect to Unity Package Manager local server
[Package Manager] Server::EnsureServerProcessIsRunning -- launch failed, reason: Unity was launched with the -noUpm command-line argument
[Package Manager] UpmClient::Send -- Unable to send message (not connected to UPM process).
[Package Manager] Cannot connect to Unity Package Manager local server
Failed to sync packages list
UnityEngine.StackTraceUtility:ExtractStackTrace ()
UnityEngine.DebugLogHandler:LogFormat (UnityEngine.LogType,UnityEngine.Object,string,object[])
UnityEngine.Logger:Log (UnityEngine.LogType,object)
UnityEngine.Debug:LogWarning (object)
 .  / :MoveNext ()
System.Runtime.CompilerServices.AsyncTaskMethodBuilder:Start< .  / > ( .  / &)
 .  :  ()
 .⁤/ :MoveNext ()
System.Runtime.CompilerServices.AsyncTaskMethodBuilder:Start< .⁤/ > ( .⁤/ &)
 .⁤:  ()
System.Reflection.RuntimeMethodInfo:Invoke (object,System.Reflection.BindingFlags,System.Reflection.Binder,object[],System.Globalization.CultureInfo)
System.Reflection.MethodBase:Invoke (object,object[])
UnityEditor.EditorAssemblies:ProcessInitializeOnLoadMethodAttributes ()

Mono: successfully reloaded assembly
- Finished resetting the current domain, in  0.773 seconds
Domain Reload Profiling: 1192ms
	BeginReloadAssembly (192ms)
		ExecutionOrderSort (0ms)
		DisableScriptedObjects (6ms)
		BackupInstance (0ms)
		ReleaseScriptingObjects (0ms)
		CreateAndSetChildDomain (36ms)
	RebuildCommonClasses (34ms)
	RebuildNativeTypeToScriptingClass (12ms)
	initialDomainReloadingComplete (27ms)
	LoadAllAssembliesAndSetupDomain (155ms)
		LoadAssemblies (264ms)
		RebuildTransferFunctionScriptingTraits (0ms)
		AnalyzeDomain (9ms)
			TypeCache.Refresh (6ms)
				TypeCache.ScanAssembly (0ms)
			ScanForSourceGeneratedMonoScriptInfo (0ms)
			ResolveRequiredComponents (2ms)
	FinalizeReload (773ms)
		ReleaseScriptCaches (0ms)
		RebuildScriptCaches (0ms)
		SetupLoadedEditorAssemblies (515ms)
			LogAssemblyErrors (0ms)
			InitializePlatformSupportModulesInManaged (24ms)
			SetLoadedEditorAssemblies (2ms)
			RefreshPlugins (0ms)
			BeforeProcessingInitializeOnLoad (41ms)
			ProcessInitializeOnLoadAttributes (404ms)
			ProcessInitializeOnLoadMethodAttributes (41ms)
			AfterProcessingInitializeOnLoad (3ms)
			EditorAssembliesLoaded (0ms)
		ExecutionOrderSort2 (0ms)
		AwakeInstancesAfterBackupRestoration (8ms)
Refreshing native plugins compatible for Editor in 1.00 ms, found 2 plugins.
Preloading 0 native plugins for Editor in 0.00 ms.
Release of invalid GC handle. The handle is from a previous domain. The release operation is skipped.
Release of invalid GC handle native callstack: 
0x00007ff63674eb5d (Unity) StackWalker::GetCurrentCallstack
0x00007ff636753c39 (Unity) StackWalker::ShowCallstack
0x00007ff637744851 (Unity) GetStacktrace
0x00007ff63664ae8d (Unity) ScriptingGCHandle::ReleaseAndClear
0x00007ff636c1081c (Unity) UploadHandlerRaw::`vector deleting destructor'
0x00007ff636c113cd (Unity) UploadHandler::Release
0x00007ff636c0dc6d (Unity) UnityWebRequestProto<UnityWebRequestTransport,AtomicRefCounter,RedirectHelper,ResponseHelper,DownloadHandler,UploadHandler,CertificateHandler,HeaderHelper,AsyncOperation>::~UnityWebRequestProto<UnityWebRequestTransport,AtomicRefCounter,RedirectHelper,ResponseHelper,DownloadHandler,UploadHandler,CertificateHandler,HeaderHelper,AsyncOperation>
0x00007ff636c0df66 (Unity) UnityWebRequest::`vector deleting destructor'
0x00007ff6359640a7 (Unity) UnityWebRequestProto<UnityWebRequestTransport,AtomicRefCounter,RedirectHelper,ResponseHelper,DownloadHandler,UploadHandler,CertificateHandler,HeaderHelper,AsyncOperation>::Release
0x00007ff636c0f995 (Unity) UnityWebRequestAsyncOperation::InvokeCoroutine
0x00007ff636c0fb71 (Unity) UnityWebRequestProto<UnityWebRequestTransport,AtomicRefCounter,RedirectHelper,ResponseHelper,DownloadHandler,UploadHandler,CertificateHandler,HeaderHelper,AsyncOperation>::Job_InvokeCoroutine
0x00007ff636277d2a (Unity) BackgroundJobQueue::ExecuteMainThreadJobs
0x00007ff63632b49f (Unity) PreloadManager::WaitForAllAsyncOperationsToComplete
0x00007ff637aea248 (Unity) <lambda_b37b41f03089e3cb3f55061bbc93253d>::operator()
0x00007ff637b25a22 (Unity) asio::detail::completion_handler<core::mutable_function<void __cdecl(void)>,asio::io_context::basic_executor_type<std::allocator<void>,0> >::do_complete
0x00007ff637b1196e (Unity) asio::detail::win_iocp_io_context::do_one
0x00007ff637b135d4 (Unity) asio::detail::win_iocp_io_context::run
0x00007ff637b23dcc (Unity) IOService::Run
0x00007ff637af71cf (Unity) AssetImportWorkerClient::Run
0x00007ff637ac2b37 (Unity) RunAssetImportWorkerClientV2
0x00007ff637ac2bbb (Unity) RunAssetImporterV2
0x00007ff6372bba5e (Unity) Application::InitializeProject
0x00007ff63774f4e5 (Unity) WinMain
0x00007ff638b014de (Unity) __scrt_common_main_seh
0x00007ffd6b887374 (KERNEL32) BaseThreadInitThunk
0x00007ffd6d89cc91 (ntdll) RtlUserThreadStart
Unloading 1420 Unused Serialized files (Serialized files now loaded: 0)
Unloading 11 unused Assets / (26.7 KB). Loaded Objects now: 2468.
Memory consumption went from 116.2 MB to 116.2 MB.
Total: 2.989400 ms (FindLiveObjects: 0.175700 ms CreateObjectMapping: 0.049200 ms MarkObjects: 2.723000 ms  DeleteObjects: 0.040500 ms)

Prepare: number of updated asset objects reloaded= 1
AssetImportParameters requested are different than current active one (requested -> active):
  custom:video-encoder-webm-vp8: eb34c28f22e8b96e1ab97ce403110664 -> 
  custom:video-decoder-webm-vp8: 9c59270c3fd7afecdb556c50c9e8de78 -> 
  custom:audio-decoder-ogg-vorbis: bf7c407c2cedff20999df2af8eb42d56 -> 
  custom:scripting/monoscript/fileName/PlayerMovement2.cs: de5dad4c3545ad8f9f6984966a40b37a -> 
  custom:SearchIndexIgnoredProperties: e643bd26f0fe6173181afceb89e7c659 -> 
  custom:container-demuxer-ogg: 62fdf1f143b41e24485cea50d1cbac27 -> 
  custom:AudioImporter_EditorPlatform: d09bf68614088b80899f8185d706f6e7 -> 
  custom:CustomObjectIndexerAttribute: 9a22284fe3817be447336de3de66b15e -> 
  custom:container-demuxer-webm: 4f35f7cbe854078d1ac9338744f61a02 -> 
  custom:scripting/monoscript/fileName/Trunk.cs: 3c77c879876a19ef3d7b12fd707afdea -> 
  custom:scripting/monoscript/fileName/ChunkGenerator.cs: c34ac5ef3d79f6264782925317061fad -> 
  custom:video-decoder-ogg-theora: a1e56fd34408186e4bbccfd4996cb3dc -> 
  custom:audio-encoder-webm-vorbis: bf7c407c2cedff20999df2af8eb42d56 -> 
  custom:framework-win-MediaFoundation: 216162199b28c13a410421893ffa2e32 -> 
  custom:scripting/precompiled-assembly-types:Assembly-CSharp: b0fb9725752ffdaefe66466edb16586f -> 482e17d551b00cd7946e9d7b35e05131
  custom:scripting/monoscript/fileName/Chunk.cs: 2c601e55a29a773029fef31d3cc0f584 -> 
  custom:container-muxer-webm: aa71ff27fc2769a1b78a27578f13a17b -> 
========================================================================
Received Prepare
Caller must complete domain reload
Begin MonoManager ReloadAssembly
- Loaded All Assemblies, in  0.516 seconds
Native extension for WindowsStandalone target not found
Native extension for iOS target not found
Native extension for Android target not found
[Package Manager] Server::EnsureServerProcessIsRunning -- launch failed, reason: Unity was launched with the -noUpm command-line argument
[Package Manager] UpmClient::Send -- Unable to send message (not connected to UPM process).
[Package Manager] Cannot connect to Unity Package Manager local server
[Package Manager] Server::EnsureServerProcessIsRunning -- launch failed, reason: Unity was launched with the -noUpm command-line argument
[Package Manager] UpmClient::Send -- Unable to send message (not connected to UPM process).
[Package Manager] Cannot connect to Unity Package Manager local server
Failed to sync packages list
UnityEngine.StackTraceUtility:ExtractStackTrace ()
UnityEngine.DebugLogHandler:LogFormat (UnityEngine.LogType,UnityEngine.Object,string,object[])
UnityEngine.Logger:Log (UnityEngine.LogType,object)
UnityEngine.Debug:LogWarning (object)
 .  / :MoveNext ()
System.Runtime.CompilerServices.AsyncTaskMethodBuilder:Start< .  / > ( .  / &)
 .  :  ()
 .⁤/ :MoveNext ()
System.Runtime.CompilerServices.AsyncTaskMethodBuilder:Start< .⁤/ > ( .⁤/ &)
 .⁤:  ()
System.Reflection.RuntimeMethodInfo:Invoke (object,System.Reflection.BindingFlags,System.Reflection.Binder,object[],System.Globalization.CultureInfo)
System.Reflection.MethodBase:Invoke (object,object[])
UnityEditor.EditorAssemblies:ProcessInitializeOnLoadMethodAttributes ()

Mono: successfully reloaded assembly
- Finished resetting the current domain, in  0.935 seconds
Domain Reload Profiling: 1451ms
	BeginReloadAssembly (178ms)
		ExecutionOrderSort (0ms)
		DisableScriptedObjects (7ms)
		BackupInstance (0ms)
		ReleaseScriptingObjects (0ms)
		CreateAndSetChildDomain (44ms)
	RebuildCommonClasses (45ms)
	RebuildNativeTypeToScriptingClass (11ms)
	initialDomainReloadingComplete (27ms)
	LoadAllAssembliesAndSetupDomain (254ms)
		LoadAssemblies (324ms)
		RebuildTransferFunctionScriptingTraits (0ms)
		AnalyzeDomain (23ms)
			TypeCache.Refresh (9ms)
				TypeCache.ScanAssembly (1ms)
			ScanForSourceGeneratedMonoScriptInfo (8ms)
			ResolveRequiredComponents (3ms)
	FinalizeReload (935ms)
		ReleaseScriptCaches (0ms)
		RebuildScriptCaches (0ms)
		SetupLoadedEditorAssemblies (569ms)
			LogAssemblyErrors (0ms)
			InitializePlatformSupportModulesInManaged (34ms)
			SetLoadedEditorAssemblies (4ms)
			RefreshPlugins (0ms)
			BeforeProcessingInitializeOnLoad (47ms)
			ProcessInitializeOnLoadAttributes (436ms)
			ProcessInitializeOnLoadMethodAttributes (45ms)
			AfterProcessingInitializeOnLoad (3ms)
			EditorAssembliesLoaded (0ms)
		ExecutionOrderSort2 (0ms)
		AwakeInstancesAfterBackupRestoration (6ms)
Refreshing native plugins compatible for Editor in 1.86 ms, found 2 plugins.
Preloading 0 native plugins for Editor in 0.00 ms.
Release of invalid GC handle. The handle is from a previous domain. The release operation is skipped.
Release of invalid GC handle native callstack: 
0x00007ff63674eb5d (Unity) StackWalker::GetCurrentCallstack
0x00007ff636753c39 (Unity) StackWalker::ShowCallstack
0x00007ff637744851 (Unity) GetStacktrace
0x00007ff63664ae8d (Unity) ScriptingGCHandle::ReleaseAndClear
0x00007ff636c1081c (Unity) UploadHandlerRaw::`vector deleting destructor'
0x00007ff636c113cd (Unity) UploadHandler::Release
0x00007ff636c0dc6d (Unity) UnityWebRequestProto<UnityWebRequestTransport,AtomicRefCounter,RedirectHelper,ResponseHelper,DownloadHandler,UploadHandler,CertificateHandler,HeaderHelper,AsyncOperation>::~UnityWebRequestProto<UnityWebRequestTransport,AtomicRefCounter,RedirectHelper,ResponseHelper,DownloadHandler,UploadHandler,CertificateHandler,HeaderHelper,AsyncOperation>
0x00007ff636c0df66 (Unity) UnityWebRequest::`vector deleting destructor'
0x00007ff6359640a7 (Unity) UnityWebRequestProto<UnityWebRequestTransport,AtomicRefCounter,RedirectHelper,ResponseHelper,DownloadHandler,UploadHandler,CertificateHandler,HeaderHelper,AsyncOperation>::Release
0x00007ff636c0f995 (Unity) UnityWebRequestAsyncOperation::InvokeCoroutine
0x00007ff636c0fb71 (Unity) UnityWebRequestProto<UnityWebRequestTransport,AtomicRefCounter,RedirectHelper,ResponseHelper,DownloadHandler,UploadHandler,CertificateHandler,HeaderHelper,AsyncOperation>::Job_InvokeCoroutine
0x00007ff636277d2a (Unity) BackgroundJobQueue::ExecuteMainThreadJobs
0x00007ff63632b49f (Unity) PreloadManager::WaitForAllAsyncOperationsToComplete
0x00007ff637aea248 (Unity) <lambda_b37b41f03089e3cb3f55061bbc93253d>::operator()
0x00007ff637b25a22 (Unity) asio::detail::completion_handler<core::mutable_function<void __cdecl(void)>,asio::io_context::basic_executor_type<std::allocator<void>,0> >::do_complete
0x00007ff637b1196e (Unity) asio::detail::win_iocp_io_context::do_one
0x00007ff637b135d4 (Unity) asio::detail::win_iocp_io_context::run
0x00007ff637b23dcc (Unity) IOService::Run
0x00007ff637af71cf (Unity) AssetImportWorkerClient::Run
0x00007ff637ac2b37 (Unity) RunAssetImportWorkerClientV2
0x00007ff637ac2bbb (Unity) RunAssetImporterV2
0x00007ff6372bba5e (Unity) Application::InitializeProject
0x00007ff63774f4e5 (Unity) WinMain
0x00007ff638b014de (Unity) __scrt_common_main_seh
0x00007ffd6b887374 (KERNEL32) BaseThreadInitThunk
0x00007ffd6d89cc91 (ntdll) RtlUserThreadStart
Unloading 1422 Unused Serialized files (Serialized files now loaded: 0)
Unloading 11 unused Assets / (26.6 KB). Loaded Objects now: 2475.
Memory consumption went from 116.4 MB to 116.3 MB.
Total: 4.031300 ms (FindLiveObjects: 0.160000 ms CreateObjectMapping: 0.060200 ms MarkObjects: 3.763100 ms  DeleteObjects: 0.046900 ms)

Prepare: number of updated asset objects reloaded= 0
AssetImportParameters requested are different than current active one (requested -> active):
  custom:video-encoder-webm-vp8: eb34c28f22e8b96e1ab97ce403110664 -> 
  custom:video-decoder-webm-vp8: 9c59270c3fd7afecdb556c50c9e8de78 -> 
  custom:audio-decoder-ogg-vorbis: bf7c407c2cedff20999df2af8eb42d56 -> 
  custom:scripting/monoscript/fileName/PlayerMovement2.cs: de5dad4c3545ad8f9f6984966a40b37a -> 
  custom:SearchIndexIgnoredProperties: e643bd26f0fe6173181afceb89e7c659 -> 
  custom:container-demuxer-ogg: 62fdf1f143b41e24485cea50d1cbac27 -> 
  custom:AudioImporter_EditorPlatform: d09bf68614088b80899f8185d706f6e7 -> 
  custom:CustomObjectIndexerAttribute: 9a22284fe3817be447336de3de66b15e -> 
  custom:container-demuxer-webm: 4f35f7cbe854078d1ac9338744f61a02 -> 
  custom:scripting/monoscript/fileName/AudioManager.cs: e8310be4479956b7ccf5d41d9f0f6e53 -> 
  custom:scripting/monoscript/fileName/Trunk.cs: 3c77c879876a19ef3d7b12fd707afdea -> 
  custom:scripting/monoscript/fileName/ChunkGenerator.cs: c34ac5ef3d79f6264782925317061fad -> 
  custom:video-decoder-ogg-theora: a1e56fd34408186e4bbccfd4996cb3dc -> 
  custom:audio-encoder-webm-vorbis: bf7c407c2cedff20999df2af8eb42d56 -> 
  custom:framework-win-MediaFoundation: 216162199b28c13a410421893ffa2e32 -> 
  custom:scripting/monoscript/fileName/LunaManager.cs: e885d4774adb3f734d871a05ad5d205e -> 
  custom:scripting/precompiled-assembly-types:Assembly-CSharp: ce044a91aabea0e7fa9dcfb20b00c0fa -> 482e17d551b00cd7946e9d7b35e05131
  custom:scripting/monoscript/fileName/Chunk.cs: 2c601e55a29a773029fef31d3cc0f584 -> 
  custom:container-muxer-webm: aa71ff27fc2769a1b78a27578f13a17b -> 
========================================================================
Received Prepare
Caller must complete domain reload
Begin MonoManager ReloadAssembly
- Loaded All Assemblies, in  0.413 seconds
Native extension for WindowsStandalone target not found
Native extension for iOS target not found
Native extension for Android target not found
[Package Manager] Server::EnsureServerProcessIsRunning -- launch failed, reason: Unity was launched with the -noUpm command-line argument
[Package Manager] UpmClient::Send -- Unable to send message (not connected to UPM process).
[Package Manager] Cannot connect to Unity Package Manager local server
[Package Manager] Server::EnsureServerProcessIsRunning -- launch failed, reason: Unity was launched with the -noUpm command-line argument
[Package Manager] UpmClient::Send -- Unable to send message (not connected to UPM process).
[Package Manager] Cannot connect to Unity Package Manager local server
Failed to sync packages list
UnityEngine.StackTraceUtility:ExtractStackTrace ()
UnityEngine.DebugLogHandler:LogFormat (UnityEngine.LogType,UnityEngine.Object,string,object[])
UnityEngine.Logger:Log (UnityEngine.LogType,object)
UnityEngine.Debug:LogWarning (object)
 .  / :MoveNext ()
System.Runtime.CompilerServices.AsyncTaskMethodBuilder:Start< .  / > ( .  / &)
 .  :  ()
 .⁤/ :MoveNext ()
System.Runtime.CompilerServices.AsyncTaskMethodBuilder:Start< .⁤/ > ( .⁤/ &)
 .⁤:  ()
System.Reflection.RuntimeMethodInfo:Invoke (object,System.Reflection.BindingFlags,System.Reflection.Binder,object[],System.Globalization.CultureInfo)
System.Reflection.MethodBase:Invoke (object,object[])
UnityEditor.EditorAssemblies:ProcessInitializeOnLoadMethodAttributes ()

Mono: successfully reloaded assembly
- Finished resetting the current domain, in  0.854 seconds
Domain Reload Profiling: 1267ms
	BeginReloadAssembly (160ms)
		ExecutionOrderSort (0ms)
		DisableScriptedObjects (4ms)
		BackupInstance (0ms)
		ReleaseScriptingObjects (0ms)
		CreateAndSetChildDomain (36ms)
	RebuildCommonClasses (43ms)
	RebuildNativeTypeToScriptingClass (12ms)
	initialDomainReloadingComplete (25ms)
	LoadAllAssembliesAndSetupDomain (174ms)
		LoadAssemblies (236ms)
		RebuildTransferFunctionScriptingTraits (0ms)
		AnalyzeDomain (21ms)
			TypeCache.Refresh (6ms)
				TypeCache.ScanAssembly (0ms)
			ScanForSourceGeneratedMonoScriptInfo (10ms)
			ResolveRequiredComponents (3ms)
	FinalizeReload (854ms)
		ReleaseScriptCaches (0ms)
		RebuildScriptCaches (0ms)
		SetupLoadedEditorAssemblies (561ms)
			LogAssemblyErrors (0ms)
			InitializePlatformSupportModulesInManaged (33ms)
			SetLoadedEditorAssemblies (3ms)
			RefreshPlugins (0ms)
			BeforeProcessingInitializeOnLoad (46ms)
			ProcessInitializeOnLoadAttributes (423ms)
			ProcessInitializeOnLoadMethodAttributes (52ms)
			AfterProcessingInitializeOnLoad (3ms)
			EditorAssembliesLoaded (0ms)
		ExecutionOrderSort2 (0ms)
		AwakeInstancesAfterBackupRestoration (9ms)
Refreshing native plugins compatible for Editor in 1.30 ms, found 2 plugins.
Preloading 0 native plugins for Editor in 0.00 ms.
Release of invalid GC handle. The handle is from a previous domain. The release operation is skipped.
Release of invalid GC handle native callstack: 
0x00007ff63674eb5d (Unity) StackWalker::GetCurrentCallstack
0x00007ff636753c39 (Unity) StackWalker::ShowCallstack
0x00007ff637744851 (Unity) GetStacktrace
0x00007ff63664ae8d (Unity) ScriptingGCHandle::ReleaseAndClear
0x00007ff636c1081c (Unity) UploadHandlerRaw::`vector deleting destructor'
0x00007ff636c113cd (Unity) UploadHandler::Release
0x00007ff636c0dc6d (Unity) UnityWebRequestProto<UnityWebRequestTransport,AtomicRefCounter,RedirectHelper,ResponseHelper,DownloadHandler,UploadHandler,CertificateHandler,HeaderHelper,AsyncOperation>::~UnityWebRequestProto<UnityWebRequestTransport,AtomicRefCounter,RedirectHelper,ResponseHelper,DownloadHandler,UploadHandler,CertificateHandler,HeaderHelper,AsyncOperation>
0x00007ff636c0df66 (Unity) UnityWebRequest::`vector deleting destructor'
0x00007ff6359640a7 (Unity) UnityWebRequestProto<UnityWebRequestTransport,AtomicRefCounter,RedirectHelper,ResponseHelper,DownloadHandler,UploadHandler,CertificateHandler,HeaderHelper,AsyncOperation>::Release
0x00007ff636c0f995 (Unity) UnityWebRequestAsyncOperation::InvokeCoroutine
0x00007ff636c0fb71 (Unity) UnityWebRequestProto<UnityWebRequestTransport,AtomicRefCounter,RedirectHelper,ResponseHelper,DownloadHandler,UploadHandler,CertificateHandler,HeaderHelper,AsyncOperation>::Job_InvokeCoroutine
0x00007ff636277d2a (Unity) BackgroundJobQueue::ExecuteMainThreadJobs
0x00007ff63632b49f (Unity) PreloadManager::WaitForAllAsyncOperationsToComplete
0x00007ff637aea248 (Unity) <lambda_b37b41f03089e3cb3f55061bbc93253d>::operator()
0x00007ff637b25a22 (Unity) asio::detail::completion_handler<core::mutable_function<void __cdecl(void)>,asio::io_context::basic_executor_type<std::allocator<void>,0> >::do_complete
0x00007ff637b1196e (Unity) asio::detail::win_iocp_io_context::do_one
0x00007ff637b135d4 (Unity) asio::detail::win_iocp_io_context::run
0x00007ff637b23dcc (Unity) IOService::Run
0x00007ff637af71cf (Unity) AssetImportWorkerClient::Run
0x00007ff637ac2b37 (Unity) RunAssetImportWorkerClientV2
0x00007ff637ac2bbb (Unity) RunAssetImporterV2
0x00007ff6372bba5e (Unity) Application::InitializeProject
0x00007ff63774f4e5 (Unity) WinMain
0x00007ff638b014de (Unity) __scrt_common_main_seh
0x00007ffd6b887374 (KERNEL32) BaseThreadInitThunk
0x00007ffd6d89cc91 (ntdll) RtlUserThreadStart
Unloading 1423 Unused Serialized files (Serialized files now loaded: 0)
Unloading 11 unused Assets / (26.7 KB). Loaded Objects now: 2481.
Memory consumption went from 116.5 MB to 116.5 MB.
Total: 4.436100 ms (FindLiveObjects: 0.271100 ms CreateObjectMapping: 0.104000 ms MarkObjects: 4.002900 ms  DeleteObjects: 0.056800 ms)

Prepare: number of updated asset objects reloaded= 0
AssetImportParameters requested are different than current active one (requested -> active):
  custom:video-encoder-webm-vp8: eb34c28f22e8b96e1ab97ce403110664 -> 
  custom:video-decoder-webm-vp8: 9c59270c3fd7afecdb556c50c9e8de78 -> 
  custom:audio-decoder-ogg-vorbis: bf7c407c2cedff20999df2af8eb42d56 -> 
  custom:scripting/monoscript/fileName/PlayerMovement2.cs: de5dad4c3545ad8f9f6984966a40b37a -> 
  custom:SearchIndexIgnoredProperties: e643bd26f0fe6173181afceb89e7c659 -> 
  custom:container-demuxer-ogg: 62fdf1f143b41e24485cea50d1cbac27 -> 
  custom:AudioImporter_EditorPlatform: d09bf68614088b80899f8185d706f6e7 -> 
  custom:CustomObjectIndexerAttribute: 9a22284fe3817be447336de3de66b15e -> 
  custom:scripting/monoscript/fileName/UIManager.cs: 2595dc2cbd41cc2d023a3ebb28d87e9e -> 
  custom:container-demuxer-webm: 4f35f7cbe854078d1ac9338744f61a02 -> 
  custom:scripting/monoscript/fileName/AudioManager.cs: e8310be4479956b7ccf5d41d9f0f6e53 -> 
  custom:scripting/monoscript/fileName/Trunk.cs: 3c77c879876a19ef3d7b12fd707afdea -> 
  custom:scripting/monoscript/fileName/ChunkGenerator.cs: c34ac5ef3d79f6264782925317061fad -> 
  custom:video-decoder-ogg-theora: a1e56fd34408186e4bbccfd4996cb3dc -> 
  custom:audio-encoder-webm-vorbis: bf7c407c2cedff20999df2af8eb42d56 -> 
  custom:framework-win-MediaFoundation: 216162199b28c13a410421893ffa2e32 -> 
  custom:scripting/monoscript/fileName/LunaManager.cs: e885d4774adb3f734d871a05ad5d205e -> 
  custom:scripting/precompiled-assembly-types:Assembly-CSharp: 60efd8020fb67f503afa27bd64304740 -> 482e17d551b00cd7946e9d7b35e05131
  custom:scripting/monoscript/fileName/Chunk.cs: 2c601e55a29a773029fef31d3cc0f584 -> 
  custom:container-muxer-webm: aa71ff27fc2769a1b78a27578f13a17b -> 
========================================================================
Received Prepare
Caller must complete domain reload
Begin MonoManager ReloadAssembly
- Loaded All Assemblies, in  0.453 seconds
Native extension for WindowsStandalone target not found
Native extension for iOS target not found
Native extension for Android target not found
[Package Manager] Server::EnsureServerProcessIsRunning -- launch failed, reason: Unity was launched with the -noUpm command-line argument
[Package Manager] UpmClient::Send -- Unable to send message (not connected to UPM process).
[Package Manager] Cannot connect to Unity Package Manager local server
[Package Manager] Server::EnsureServerProcessIsRunning -- launch failed, reason: Unity was launched with the -noUpm command-line argument
[Package Manager] UpmClient::Send -- Unable to send message (not connected to UPM process).
[Package Manager] Cannot connect to Unity Package Manager local server
Failed to sync packages list
UnityEngine.StackTraceUtility:ExtractStackTrace ()
UnityEngine.DebugLogHandler:LogFormat (UnityEngine.LogType,UnityEngine.Object,string,object[])
UnityEngine.Logger:Log (UnityEngine.LogType,object)
UnityEngine.Debug:LogWarning (object)
 .  / :MoveNext ()
System.Runtime.CompilerServices.AsyncTaskMethodBuilder:Start< .  / > ( .  / &)
 .  :  ()
 .⁤/ :MoveNext ()
System.Runtime.CompilerServices.AsyncTaskMethodBuilder:Start< .⁤/ > ( .⁤/ &)
 .⁤:  ()
System.Reflection.RuntimeMethodInfo:Invoke (object,System.Reflection.BindingFlags,System.Reflection.Binder,object[],System.Globalization.CultureInfo)
System.Reflection.MethodBase:Invoke (object,object[])
UnityEditor.EditorAssemblies:ProcessInitializeOnLoadMethodAttributes ()

Mono: successfully reloaded assembly
- Finished resetting the current domain, in  0.919 seconds
Domain Reload Profiling: 1371ms
	BeginReloadAssembly (176ms)
		ExecutionOrderSort (0ms)
		DisableScriptedObjects (9ms)
		BackupInstance (0ms)
		ReleaseScriptingObjects (0ms)
		CreateAndSetChildDomain (44ms)
	RebuildCommonClasses (42ms)
	RebuildNativeTypeToScriptingClass (12ms)
	initialDomainReloadingComplete (26ms)
	LoadAllAssembliesAndSetupDomain (196ms)
		LoadAssemblies (264ms)
		RebuildTransferFunctionScriptingTraits (0ms)
		AnalyzeDomain (22ms)
			TypeCache.Refresh (9ms)
				TypeCache.ScanAssembly (0ms)
			ScanForSourceGeneratedMonoScriptInfo (7ms)
			ResolveRequiredComponents (4ms)
	FinalizeReload (919ms)
		ReleaseScriptCaches (0ms)
		RebuildScriptCaches (0ms)
		SetupLoadedEditorAssemblies (624ms)
			LogAssemblyErrors (0ms)
			InitializePlatformSupportModulesInManaged (28ms)
			SetLoadedEditorAssemblies (5ms)
			RefreshPlugins (0ms)
			BeforeProcessingInitializeOnLoad (43ms)
			ProcessInitializeOnLoadAttributes (494ms)
			ProcessInitializeOnLoadMethodAttributes (51ms)
			AfterProcessingInitializeOnLoad (3ms)
			EditorAssembliesLoaded (0ms)
		ExecutionOrderSort2 (0ms)
		AwakeInstancesAfterBackupRestoration (10ms)
Refreshing native plugins compatible for Editor in 1.47 ms, found 2 plugins.
Preloading 0 native plugins for Editor in 0.00 ms.
Release of invalid GC handle. The handle is from a previous domain. The release operation is skipped.
Release of invalid GC handle native callstack: 
0x00007ff63674eb5d (Unity) StackWalker::GetCurrentCallstack
0x00007ff636753c39 (Unity) StackWalker::ShowCallstack
0x00007ff637744851 (Unity) GetStacktrace
0x00007ff63664ae8d (Unity) ScriptingGCHandle::ReleaseAndClear
0x00007ff636c1081c (Unity) UploadHandlerRaw::`vector deleting destructor'
0x00007ff636c113cd (Unity) UploadHandler::Release
0x00007ff636c0dc6d (Unity) UnityWebRequestProto<UnityWebRequestTransport,AtomicRefCounter,RedirectHelper,ResponseHelper,DownloadHandler,UploadHandler,CertificateHandler,HeaderHelper,AsyncOperation>::~UnityWebRequestProto<UnityWebRequestTransport,AtomicRefCounter,RedirectHelper,ResponseHelper,DownloadHandler,UploadHandler,CertificateHandler,HeaderHelper,AsyncOperation>
0x00007ff636c0df66 (Unity) UnityWebRequest::`vector deleting destructor'
0x00007ff6359640a7 (Unity) UnityWebRequestProto<UnityWebRequestTransport,AtomicRefCounter,RedirectHelper,ResponseHelper,DownloadHandler,UploadHandler,CertificateHandler,HeaderHelper,AsyncOperation>::Release
0x00007ff636c0f995 (Unity) UnityWebRequestAsyncOperation::InvokeCoroutine
0x00007ff636c0fb71 (Unity) UnityWebRequestProto<UnityWebRequestTransport,AtomicRefCounter,RedirectHelper,ResponseHelper,DownloadHandler,UploadHandler,CertificateHandler,HeaderHelper,AsyncOperation>::Job_InvokeCoroutine
0x00007ff636277d2a (Unity) BackgroundJobQueue::ExecuteMainThreadJobs
0x00007ff63632b49f (Unity) PreloadManager::WaitForAllAsyncOperationsToComplete
0x00007ff637aea248 (Unity) <lambda_b37b41f03089e3cb3f55061bbc93253d>::operator()
0x00007ff637b25a22 (Unity) asio::detail::completion_handler<core::mutable_function<void __cdecl(void)>,asio::io_context::basic_executor_type<std::allocator<void>,0> >::do_complete
0x00007ff637b1196e (Unity) asio::detail::win_iocp_io_context::do_one
0x00007ff637b135d4 (Unity) asio::detail::win_iocp_io_context::run
0x00007ff637b23dcc (Unity) IOService::Run
0x00007ff637af71cf (Unity) AssetImportWorkerClient::Run
0x00007ff637ac2b37 (Unity) RunAssetImportWorkerClientV2
0x00007ff637ac2bbb (Unity) RunAssetImporterV2
0x00007ff6372bba5e (Unity) Application::InitializeProject
0x00007ff63774f4e5 (Unity) WinMain
0x00007ff638b014de (Unity) __scrt_common_main_seh
0x00007ffd6b887374 (KERNEL32) BaseThreadInitThunk
0x00007ffd6d89cc91 (ntdll) RtlUserThreadStart
Unloading 1423 Unused Serialized files (Serialized files now loaded: 0)
Unloading 11 unused Assets / (26.7 KB). Loaded Objects now: 2486.
Memory consumption went from 116.7 MB to 116.7 MB.
Total: 3.033300 ms (FindLiveObjects: 0.151100 ms CreateObjectMapping: 0.038900 ms MarkObjects: 2.801700 ms  DeleteObjects: 0.040400 ms)

Prepare: number of updated asset objects reloaded= 0
AssetImportParameters requested are different than current active one (requested -> active):
  custom:video-encoder-webm-vp8: eb34c28f22e8b96e1ab97ce403110664 -> 
  custom:video-decoder-webm-vp8: 9c59270c3fd7afecdb556c50c9e8de78 -> 
  custom:audio-decoder-ogg-vorbis: bf7c407c2cedff20999df2af8eb42d56 -> 
  custom:scripting/monoscript/fileName/PlayerMovement2.cs: de5dad4c3545ad8f9f6984966a40b37a -> 
  custom:SearchIndexIgnoredProperties: e643bd26f0fe6173181afceb89e7c659 -> 
  custom:container-demuxer-ogg: 62fdf1f143b41e24485cea50d1cbac27 -> 
  custom:AudioImporter_EditorPlatform: d09bf68614088b80899f8185d706f6e7 -> 
  custom:CustomObjectIndexerAttribute: 9a22284fe3817be447336de3de66b15e -> 
  custom:scripting/monoscript/fileName/UIManager.cs: 2595dc2cbd41cc2d023a3ebb28d87e9e -> 
  custom:container-demuxer-webm: 4f35f7cbe854078d1ac9338744f61a02 -> 
  custom:scripting/monoscript/fileName/AudioManager.cs: e8310be4479956b7ccf5d41d9f0f6e53 -> 
  custom:scripting/monoscript/fileName/Trunk.cs: 3c77c879876a19ef3d7b12fd707afdea -> 
  custom:scripting/monoscript/fileName/ChunkGenerator.cs: c34ac5ef3d79f6264782925317061fad -> 
  custom:video-decoder-ogg-theora: a1e56fd34408186e4bbccfd4996cb3dc -> 
  custom:audio-encoder-webm-vorbis: bf7c407c2cedff20999df2af8eb42d56 -> 
  custom:framework-win-MediaFoundation: 216162199b28c13a410421893ffa2e32 -> 
  custom:scripting/monoscript/fileName/LunaManager.cs: e885d4774adb3f734d871a05ad5d205e -> 
  custom:scripting/precompiled-assembly-types:Assembly-CSharp: 60efd8020fb67f503afa27bd64304740 -> 482e17d551b00cd7946e9d7b35e05131
  custom:scripting/monoscript/fileName/Chunk.cs: 2c601e55a29a773029fef31d3cc0f584 -> 
  custom:container-muxer-webm: aa71ff27fc2769a1b78a27578f13a17b -> 
========================================================================
Received Prepare
Caller must complete domain reload
Begin MonoManager ReloadAssembly
- Loaded All Assemblies, in  0.461 seconds
Native extension for WindowsStandalone target not found
Native extension for iOS target not found
Native extension for Android target not found
[Package Manager] Server::EnsureServerProcessIsRunning -- launch failed, reason: Unity was launched with the -noUpm command-line argument
[Package Manager] UpmClient::Send -- Unable to send message (not connected to UPM process).
[Package Manager] Cannot connect to Unity Package Manager local server
[Package Manager] Server::EnsureServerProcessIsRunning -- launch failed, reason: Unity was launched with the -noUpm command-line argument
[Package Manager] UpmClient::Send -- Unable to send message (not connected to UPM process).
[Package Manager] Cannot connect to Unity Package Manager local server
Failed to sync packages list
UnityEngine.StackTraceUtility:ExtractStackTrace ()
UnityEngine.DebugLogHandler:LogFormat (UnityEngine.LogType,UnityEngine.Object,string,object[])
UnityEngine.Logger:Log (UnityEngine.LogType,object)
UnityEngine.Debug:LogWarning (object)
 .  / :MoveNext ()
System.Runtime.CompilerServices.AsyncTaskMethodBuilder:Start< .  / > ( .  / &)
 .  :  ()
 .⁤/ :MoveNext ()
System.Runtime.CompilerServices.AsyncTaskMethodBuilder:Start< .⁤/ > ( .⁤/ &)
 .⁤:  ()
System.Reflection.RuntimeMethodInfo:Invoke (object,System.Reflection.BindingFlags,System.Reflection.Binder,object[],System.Globalization.CultureInfo)
System.Reflection.MethodBase:Invoke (object,object[])
UnityEditor.EditorAssemblies:ProcessInitializeOnLoadMethodAttributes ()

Mono: successfully reloaded assembly
- Finished resetting the current domain, in  0.863 seconds
Domain Reload Profiling: 1324ms
	BeginReloadAssembly (184ms)
		ExecutionOrderSort (0ms)
		DisableScriptedObjects (6ms)
		BackupInstance (0ms)
		ReleaseScriptingObjects (0ms)
		CreateAndSetChildDomain (38ms)
	RebuildCommonClasses (36ms)
	RebuildNativeTypeToScriptingClass (14ms)
	initialDomainReloadingComplete (27ms)
	LoadAllAssembliesAndSetupDomain (199ms)
		LoadAssemblies (275ms)
		RebuildTransferFunctionScriptingTraits (0ms)
		AnalyzeDomain (22ms)
			TypeCache.Refresh (8ms)
				TypeCache.ScanAssembly (1ms)
			ScanForSourceGeneratedMonoScriptInfo (10ms)
			ResolveRequiredComponents (3ms)
	FinalizeReload (864ms)
		ReleaseScriptCaches (0ms)
		RebuildScriptCaches (0ms)
		SetupLoadedEditorAssemblies (594ms)
			LogAssemblyErrors (0ms)
			InitializePlatformSupportModulesInManaged (33ms)
			SetLoadedEditorAssemblies (3ms)
			RefreshPlugins (0ms)
			BeforeProcessingInitializeOnLoad (46ms)
			ProcessInitializeOnLoadAttributes (465ms)
			ProcessInitializeOnLoadMethodAttributes (45ms)
			AfterProcessingInitializeOnLoad (3ms)
			EditorAssembliesLoaded (0ms)
		ExecutionOrderSort2 (0ms)
		AwakeInstancesAfterBackupRestoration (8ms)
Refreshing native plugins compatible for Editor in 1.25 ms, found 2 plugins.
Preloading 0 native plugins for Editor in 0.00 ms.
Release of invalid GC handle. The handle is from a previous domain. The release operation is skipped.
Release of invalid GC handle native callstack: 
0x00007ff63674eb5d (Unity) StackWalker::GetCurrentCallstack
0x00007ff636753c39 (Unity) StackWalker::ShowCallstack
0x00007ff637744851 (Unity) GetStacktrace
0x00007ff63664ae8d (Unity) ScriptingGCHandle::ReleaseAndClear
0x00007ff636c1081c (Unity) UploadHandlerRaw::`vector deleting destructor'
0x00007ff636c113cd (Unity) UploadHandler::Release
0x00007ff636c0dc6d (Unity) UnityWebRequestProto<UnityWebRequestTransport,AtomicRefCounter,RedirectHelper,ResponseHelper,DownloadHandler,UploadHandler,CertificateHandler,HeaderHelper,AsyncOperation>::~UnityWebRequestProto<UnityWebRequestTransport,AtomicRefCounter,RedirectHelper,ResponseHelper,DownloadHandler,UploadHandler,CertificateHandler,HeaderHelper,AsyncOperation>
0x00007ff636c0df66 (Unity) UnityWebRequest::`vector deleting destructor'
0x00007ff6359640a7 (Unity) UnityWebRequestProto<UnityWebRequestTransport,AtomicRefCounter,RedirectHelper,ResponseHelper,DownloadHandler,UploadHandler,CertificateHandler,HeaderHelper,AsyncOperation>::Release
0x00007ff636c0f995 (Unity) UnityWebRequestAsyncOperation::InvokeCoroutine
0x00007ff636c0fb71 (Unity) UnityWebRequestProto<UnityWebRequestTransport,AtomicRefCounter,RedirectHelper,ResponseHelper,DownloadHandler,UploadHandler,CertificateHandler,HeaderHelper,AsyncOperation>::Job_InvokeCoroutine
0x00007ff636277d2a (Unity) BackgroundJobQueue::ExecuteMainThreadJobs
0x00007ff63632b49f (Unity) PreloadManager::WaitForAllAsyncOperationsToComplete
0x00007ff637aea248 (Unity) <lambda_b37b41f03089e3cb3f55061bbc93253d>::operator()
0x00007ff637b25a22 (Unity) asio::detail::completion_handler<core::mutable_function<void __cdecl(void)>,asio::io_context::basic_executor_type<std::allocator<void>,0> >::do_complete
0x00007ff637b1196e (Unity) asio::detail::win_iocp_io_context::do_one
0x00007ff637b135d4 (Unity) asio::detail::win_iocp_io_context::run
0x00007ff637b23dcc (Unity) IOService::Run
0x00007ff637af71cf (Unity) AssetImportWorkerClient::Run
0x00007ff637ac2b37 (Unity) RunAssetImportWorkerClientV2
0x00007ff637ac2bbb (Unity) RunAssetImporterV2
0x00007ff6372bba5e (Unity) Application::InitializeProject
0x00007ff63774f4e5 (Unity) WinMain
0x00007ff638b014de (Unity) __scrt_common_main_seh
0x00007ffd6b887374 (KERNEL32) BaseThreadInitThunk
0x00007ffd6d89cc91 (ntdll) RtlUserThreadStart
Unloading 1423 Unused Serialized files (Serialized files now loaded: 0)
Unloading 11 unused Assets / (26.6 KB). Loaded Objects now: 2491.
Memory consumption went from 116.9 MB to 116.8 MB.
Total: 2.896100 ms (FindLiveObjects: 0.166600 ms CreateObjectMapping: 0.046100 ms MarkObjects: 2.648600 ms  DeleteObjects: 0.033800 ms)

Prepare: number of updated asset objects reloaded= 0
AssetImportParameters requested are different than current active one (requested -> active):
  custom:video-encoder-webm-vp8: eb34c28f22e8b96e1ab97ce403110664 -> 
  custom:video-decoder-webm-vp8: 9c59270c3fd7afecdb556c50c9e8de78 -> 
  custom:audio-decoder-ogg-vorbis: bf7c407c2cedff20999df2af8eb42d56 -> 
  custom:scripting/monoscript/fileName/PlayerMovement2.cs: de5dad4c3545ad8f9f6984966a40b37a -> 
  custom:SearchIndexIgnoredProperties: e643bd26f0fe6173181afceb89e7c659 -> 
  custom:container-demuxer-ogg: 62fdf1f143b41e24485cea50d1cbac27 -> 
  custom:AudioImporter_EditorPlatform: d09bf68614088b80899f8185d706f6e7 -> 
  custom:CustomObjectIndexerAttribute: 9a22284fe3817be447336de3de66b15e -> 
  custom:scripting/monoscript/fileName/UIManager.cs: 2595dc2cbd41cc2d023a3ebb28d87e9e -> 
  custom:container-demuxer-webm: 4f35f7cbe854078d1ac9338744f61a02 -> 
  custom:scripting/monoscript/fileName/AudioManager.cs: e8310be4479956b7ccf5d41d9f0f6e53 -> 
  custom:scripting/monoscript/fileName/Trunk.cs: 3c77c879876a19ef3d7b12fd707afdea -> 
  custom:scripting/monoscript/fileName/ChunkGenerator.cs: c34ac5ef3d79f6264782925317061fad -> 
  custom:video-decoder-ogg-theora: a1e56fd34408186e4bbccfd4996cb3dc -> 
  custom:audio-encoder-webm-vorbis: bf7c407c2cedff20999df2af8eb42d56 -> 
  custom:framework-win-MediaFoundation: 216162199b28c13a410421893ffa2e32 -> 
  custom:scripting/monoscript/fileName/LunaManager.cs: e885d4774adb3f734d871a05ad5d205e -> 
  custom:scripting/precompiled-assembly-types:Assembly-CSharp: 60efd8020fb67f503afa27bd64304740 -> 482e17d551b00cd7946e9d7b35e05131
  custom:scripting/monoscript/fileName/Chunk.cs: 2c601e55a29a773029fef31d3cc0f584 -> 
  custom:container-muxer-webm: aa71ff27fc2769a1b78a27578f13a17b -> 
========================================================================
Received Prepare
Caller must complete domain reload
Begin MonoManager ReloadAssembly
- Loaded All Assemblies, in  0.409 seconds
Native extension for WindowsStandalone target not found
Native extension for iOS target not found
Native extension for Android target not found
[Package Manager] Server::EnsureServerProcessIsRunning -- launch failed, reason: Unity was launched with the -noUpm command-line argument
[Package Manager] UpmClient::Send -- Unable to send message (not connected to UPM process).
[Package Manager] Cannot connect to Unity Package Manager local server
[Package Manager] Server::EnsureServerProcessIsRunning -- launch failed, reason: Unity was launched with the -noUpm command-line argument
[Package Manager] UpmClient::Send -- Unable to send message (not connected to UPM process).
[Package Manager] Cannot connect to Unity Package Manager local server
Failed to sync packages list
UnityEngine.StackTraceUtility:ExtractStackTrace ()
UnityEngine.DebugLogHandler:LogFormat (UnityEngine.LogType,UnityEngine.Object,string,object[])
UnityEngine.Logger:Log (UnityEngine.LogType,object)
UnityEngine.Debug:LogWarning (object)
 .  / :MoveNext ()
System.Runtime.CompilerServices.AsyncTaskMethodBuilder:Start< .  / > ( .  / &)
 .  :  ()
 .⁤/ :MoveNext ()
System.Runtime.CompilerServices.AsyncTaskMethodBuilder:Start< .⁤/ > ( .⁤/ &)
 .⁤:  ()
System.Reflection.RuntimeMethodInfo:Invoke (object,System.Reflection.BindingFlags,System.Reflection.Binder,object[],System.Globalization.CultureInfo)
System.Reflection.MethodBase:Invoke (object,object[])
UnityEditor.EditorAssemblies:ProcessInitializeOnLoadMethodAttributes ()

Mono: successfully reloaded assembly
- Finished resetting the current domain, in  0.832 seconds
Domain Reload Profiling: 1242ms
	BeginReloadAssembly (167ms)
		ExecutionOrderSort (0ms)
		DisableScriptedObjects (5ms)
		BackupInstance (0ms)
		ReleaseScriptingObjects (0ms)
		CreateAndSetChildDomain (46ms)
	RebuildCommonClasses (41ms)
	RebuildNativeTypeToScriptingClass (12ms)
	initialDomainReloadingComplete (28ms)
	LoadAllAssembliesAndSetupDomain (161ms)
		LoadAssemblies (233ms)
		RebuildTransferFunctionScriptingTraits (0ms)
		AnalyzeDomain (10ms)
			TypeCache.Refresh (6ms)
				TypeCache.ScanAssembly (0ms)
			ScanForSourceGeneratedMonoScriptInfo (0ms)
			ResolveRequiredComponents (3ms)
	FinalizeReload (833ms)
		ReleaseScriptCaches (0ms)
		RebuildScriptCaches (0ms)
		SetupLoadedEditorAssemblies (537ms)
			LogAssemblyErrors (0ms)
			InitializePlatformSupportModulesInManaged (26ms)
			SetLoadedEditorAssemblies (3ms)
			RefreshPlugins (0ms)
			BeforeProcessingInitializeOnLoad (43ms)
			ProcessInitializeOnLoadAttributes (420ms)
			ProcessInitializeOnLoadMethodAttributes (42ms)
			AfterProcessingInitializeOnLoad (3ms)
			EditorAssembliesLoaded (0ms)
		ExecutionOrderSort2 (0ms)
		AwakeInstancesAfterBackupRestoration (7ms)
Refreshing native plugins compatible for Editor in 1.04 ms, found 2 plugins.
Preloading 0 native plugins for Editor in 0.00 ms.
Release of invalid GC handle. The handle is from a previous domain. The release operation is skipped.
Release of invalid GC handle native callstack: 
0x00007ff63674eb5d (Unity) StackWalker::GetCurrentCallstack
0x00007ff636753c39 (Unity) StackWalker::ShowCallstack
0x00007ff637744851 (Unity) GetStacktrace
0x00007ff63664ae8d (Unity) ScriptingGCHandle::ReleaseAndClear
0x00007ff636c1081c (Unity) UploadHandlerRaw::`vector deleting destructor'
0x00007ff636c113cd (Unity) UploadHandler::Release
0x00007ff636c0dc6d (Unity) UnityWebRequestProto<UnityWebRequestTransport,AtomicRefCounter,RedirectHelper,ResponseHelper,DownloadHandler,UploadHandler,CertificateHandler,HeaderHelper,AsyncOperation>::~UnityWebRequestProto<UnityWebRequestTransport,AtomicRefCounter,RedirectHelper,ResponseHelper,DownloadHandler,UploadHandler,CertificateHandler,HeaderHelper,AsyncOperation>
0x00007ff636c0df66 (Unity) UnityWebRequest::`vector deleting destructor'
0x00007ff6359640a7 (Unity) UnityWebRequestProto<UnityWebRequestTransport,AtomicRefCounter,RedirectHelper,ResponseHelper,DownloadHandler,UploadHandler,CertificateHandler,HeaderHelper,AsyncOperation>::Release
0x00007ff636c0f995 (Unity) UnityWebRequestAsyncOperation::InvokeCoroutine
0x00007ff636c0fb71 (Unity) UnityWebRequestProto<UnityWebRequestTransport,AtomicRefCounter,RedirectHelper,ResponseHelper,DownloadHandler,UploadHandler,CertificateHandler,HeaderHelper,AsyncOperation>::Job_InvokeCoroutine
0x00007ff636277d2a (Unity) BackgroundJobQueue::ExecuteMainThreadJobs
0x00007ff63632b49f (Unity) PreloadManager::WaitForAllAsyncOperationsToComplete
0x00007ff637aea248 (Unity) <lambda_b37b41f03089e3cb3f55061bbc93253d>::operator()
0x00007ff637b25a22 (Unity) asio::detail::completion_handler<core::mutable_function<void __cdecl(void)>,asio::io_context::basic_executor_type<std::allocator<void>,0> >::do_complete
0x00007ff637b1196e (Unity) asio::detail::win_iocp_io_context::do_one
0x00007ff637b135d4 (Unity) asio::detail::win_iocp_io_context::run
0x00007ff637b23dcc (Unity) IOService::Run
0x00007ff637af71cf (Unity) AssetImportWorkerClient::Run
0x00007ff637ac2b37 (Unity) RunAssetImportWorkerClientV2
0x00007ff637ac2bbb (Unity) RunAssetImporterV2
0x00007ff6372bba5e (Unity) Application::InitializeProject
0x00007ff63774f4e5 (Unity) WinMain
0x00007ff638b014de (Unity) __scrt_common_main_seh
0x00007ffd6b887374 (KERNEL32) BaseThreadInitThunk
0x00007ffd6d89cc91 (ntdll) RtlUserThreadStart
Unloading 1423 Unused Serialized files (Serialized files now loaded: 0)
Unloading 11 unused Assets / (26.6 KB). Loaded Objects now: 2496.
Memory consumption went from 117.0 MB to 117.0 MB.
Total: 2.656200 ms (FindLiveObjects: 0.143700 ms CreateObjectMapping: 0.039700 ms MarkObjects: 2.440700 ms  DeleteObjects: 0.031300 ms)

Prepare: number of updated asset objects reloaded= 0
AssetImportParameters requested are different than current active one (requested -> active):
  custom:video-encoder-webm-vp8: eb34c28f22e8b96e1ab97ce403110664 -> 
  custom:video-decoder-webm-vp8: 9c59270c3fd7afecdb556c50c9e8de78 -> 
  custom:audio-decoder-ogg-vorbis: bf7c407c2cedff20999df2af8eb42d56 -> 
  custom:scripting/monoscript/fileName/PlayerMovement2.cs: de5dad4c3545ad8f9f6984966a40b37a -> 
  custom:SearchIndexIgnoredProperties: e643bd26f0fe6173181afceb89e7c659 -> 
  custom:container-demuxer-ogg: 62fdf1f143b41e24485cea50d1cbac27 -> 
  custom:AudioImporter_EditorPlatform: d09bf68614088b80899f8185d706f6e7 -> 
  custom:CustomObjectIndexerAttribute: 9a22284fe3817be447336de3de66b15e -> 
  custom:scripting/monoscript/fileName/UIManager.cs: 2595dc2cbd41cc2d023a3ebb28d87e9e -> 
  custom:container-demuxer-webm: 4f35f7cbe854078d1ac9338744f61a02 -> 
  custom:scripting/monoscript/fileName/AudioManager.cs: e8310be4479956b7ccf5d41d9f0f6e53 -> 
  custom:scripting/monoscript/fileName/Trunk.cs: 3c77c879876a19ef3d7b12fd707afdea -> 
  custom:scripting/monoscript/fileName/ChunkGenerator.cs: c34ac5ef3d79f6264782925317061fad -> 
  custom:video-decoder-ogg-theora: a1e56fd34408186e4bbccfd4996cb3dc -> 
  custom:audio-encoder-webm-vorbis: bf7c407c2cedff20999df2af8eb42d56 -> 
  custom:framework-win-MediaFoundation: 216162199b28c13a410421893ffa2e32 -> 
  custom:scripting/monoscript/fileName/LunaManager.cs: e885d4774adb3f734d871a05ad5d205e -> 
  custom:scripting/precompiled-assembly-types:Assembly-CSharp: 60efd8020fb67f503afa27bd64304740 -> 482e17d551b00cd7946e9d7b35e05131
  custom:scripting/monoscript/fileName/Chunk.cs: 2c601e55a29a773029fef31d3cc0f584 -> 
  custom:container-muxer-webm: aa71ff27fc2769a1b78a27578f13a17b -> 
========================================================================
Received Prepare
Caller must complete domain reload
Begin MonoManager ReloadAssembly
- Loaded All Assemblies, in  0.410 seconds
Native extension for WindowsStandalone target not found
Native extension for iOS target not found
Native extension for Android target not found
[Package Manager] Server::EnsureServerProcessIsRunning -- launch failed, reason: Unity was launched with the -noUpm command-line argument
[Package Manager] UpmClient::Send -- Unable to send message (not connected to UPM process).
[Package Manager] Cannot connect to Unity Package Manager local server
[Package Manager] Server::EnsureServerProcessIsRunning -- launch failed, reason: Unity was launched with the -noUpm command-line argument
[Package Manager] UpmClient::Send -- Unable to send message (not connected to UPM process).
[Package Manager] Cannot connect to Unity Package Manager local server
Failed to sync packages list
UnityEngine.StackTraceUtility:ExtractStackTrace ()
UnityEngine.DebugLogHandler:LogFormat (UnityEngine.LogType,UnityEngine.Object,string,object[])
UnityEngine.Logger:Log (UnityEngine.LogType,object)
UnityEngine.Debug:LogWarning (object)
 .  / :MoveNext ()
System.Runtime.CompilerServices.AsyncTaskMethodBuilder:Start< .  / > ( .  / &)
 .  :  ()
 .⁤/ :MoveNext ()
System.Runtime.CompilerServices.AsyncTaskMethodBuilder:Start< .⁤/ > ( .⁤/ &)
 .⁤:  ()
System.Reflection.RuntimeMethodInfo:Invoke (object,System.Reflection.BindingFlags,System.Reflection.Binder,object[],System.Globalization.CultureInfo)
System.Reflection.MethodBase:Invoke (object,object[])
UnityEditor.EditorAssemblies:ProcessInitializeOnLoadMethodAttributes ()

Mono: successfully reloaded assembly
- Finished resetting the current domain, in  0.848 seconds
Domain Reload Profiling: 1257ms
	BeginReloadAssembly (160ms)
		ExecutionOrderSort (0ms)
		DisableScriptedObjects (4ms)
		BackupInstance (0ms)
		ReleaseScriptingObjects (0ms)
		CreateAndSetChildDomain (42ms)
	RebuildCommonClasses (34ms)
	RebuildNativeTypeToScriptingClass (18ms)
	initialDomainReloadingComplete (26ms)
	LoadAllAssembliesAndSetupDomain (171ms)
		LoadAssemblies (239ms)
		RebuildTransferFunctionScriptingTraits (0ms)
		AnalyzeDomain (16ms)
			TypeCache.Refresh (11ms)
				TypeCache.ScanAssembly (0ms)
			ScanForSourceGeneratedMonoScriptInfo (0ms)
			ResolveRequiredComponents (3ms)
	FinalizeReload (848ms)
		ReleaseScriptCaches (0ms)
		RebuildScriptCaches (0ms)
		SetupLoadedEditorAssemblies (578ms)
			LogAssemblyErrors (0ms)
			InitializePlatformSupportModulesInManaged (26ms)
			SetLoadedEditorAssemblies (3ms)
			RefreshPlugins (0ms)
			BeforeProcessingInitializeOnLoad (49ms)
			ProcessInitializeOnLoadAttributes (453ms)
			ProcessInitializeOnLoadMethodAttributes (45ms)
			AfterProcessingInitializeOnLoad (2ms)
			EditorAssembliesLoaded (0ms)
		ExecutionOrderSort2 (0ms)
		AwakeInstancesAfterBackupRestoration (8ms)
Refreshing native plugins compatible for Editor in 1.57 ms, found 2 plugins.
Preloading 0 native plugins for Editor in 0.00 ms.
Release of invalid GC handle. The handle is from a previous domain. The release operation is skipped.
Release of invalid GC handle native callstack: 
0x00007ff63674eb5d (Unity) StackWalker::GetCurrentCallstack
0x00007ff636753c39 (Unity) StackWalker::ShowCallstack
0x00007ff637744851 (Unity) GetStacktrace
0x00007ff63664ae8d (Unity) ScriptingGCHandle::ReleaseAndClear
0x00007ff636c1081c (Unity) UploadHandlerRaw::`vector deleting destructor'
0x00007ff636c113cd (Unity) UploadHandler::Release
0x00007ff636c0dc6d (Unity) UnityWebRequestProto<UnityWebRequestTransport,AtomicRefCounter,RedirectHelper,ResponseHelper,DownloadHandler,UploadHandler,CertificateHandler,HeaderHelper,AsyncOperation>::~UnityWebRequestProto<UnityWebRequestTransport,AtomicRefCounter,RedirectHelper,ResponseHelper,DownloadHandler,UploadHandler,CertificateHandler,HeaderHelper,AsyncOperation>
0x00007ff636c0df66 (Unity) UnityWebRequest::`vector deleting destructor'
0x00007ff6359640a7 (Unity) UnityWebRequestProto<UnityWebRequestTransport,AtomicRefCounter,RedirectHelper,ResponseHelper,DownloadHandler,UploadHandler,CertificateHandler,HeaderHelper,AsyncOperation>::Release
0x00007ff636c0f995 (Unity) UnityWebRequestAsyncOperation::InvokeCoroutine
0x00007ff636c0fb71 (Unity) UnityWebRequestProto<UnityWebRequestTransport,AtomicRefCounter,RedirectHelper,ResponseHelper,DownloadHandler,UploadHandler,CertificateHandler,HeaderHelper,AsyncOperation>::Job_InvokeCoroutine
0x00007ff636277d2a (Unity) BackgroundJobQueue::ExecuteMainThreadJobs
0x00007ff63632b49f (Unity) PreloadManager::WaitForAllAsyncOperationsToComplete
0x00007ff637aea248 (Unity) <lambda_b37b41f03089e3cb3f55061bbc93253d>::operator()
0x00007ff637b25a22 (Unity) asio::detail::completion_handler<core::mutable_function<void __cdecl(void)>,asio::io_context::basic_executor_type<std::allocator<void>,0> >::do_complete
0x00007ff637b1196e (Unity) asio::detail::win_iocp_io_context::do_one
0x00007ff637b135d4 (Unity) asio::detail::win_iocp_io_context::run
0x00007ff637b23dcc (Unity) IOService::Run
0x00007ff637af71cf (Unity) AssetImportWorkerClient::Run
0x00007ff637ac2b37 (Unity) RunAssetImportWorkerClientV2
0x00007ff637ac2bbb (Unity) RunAssetImporterV2
0x00007ff6372bba5e (Unity) Application::InitializeProject
0x00007ff63774f4e5 (Unity) WinMain
0x00007ff638b014de (Unity) __scrt_common_main_seh
0x00007ffd6b887374 (KERNEL32) BaseThreadInitThunk
0x00007ffd6d89cc91 (ntdll) RtlUserThreadStart
Unloading 1423 Unused Serialized files (Serialized files now loaded: 0)
Unloading 11 unused Assets / (26.6 KB). Loaded Objects now: 2501.
Memory consumption went from 117.2 MB to 117.2 MB.
Total: 4.848700 ms (FindLiveObjects: 0.321600 ms CreateObjectMapping: 0.175100 ms MarkObjects: 4.307800 ms  DeleteObjects: 0.042800 ms)

Prepare: number of updated asset objects reloaded= 0
AssetImportParameters requested are different than current active one (requested -> active):
  custom:video-encoder-webm-vp8: eb34c28f22e8b96e1ab97ce403110664 -> 
  custom:video-decoder-webm-vp8: 9c59270c3fd7afecdb556c50c9e8de78 -> 
  custom:audio-decoder-ogg-vorbis: bf7c407c2cedff20999df2af8eb42d56 -> 
  custom:scripting/monoscript/fileName/PlayerMovement2.cs: de5dad4c3545ad8f9f6984966a40b37a -> 
  custom:SearchIndexIgnoredProperties: e643bd26f0fe6173181afceb89e7c659 -> 
  custom:container-demuxer-ogg: 62fdf1f143b41e24485cea50d1cbac27 -> 
  custom:AudioImporter_EditorPlatform: d09bf68614088b80899f8185d706f6e7 -> 
  custom:CustomObjectIndexerAttribute: 9a22284fe3817be447336de3de66b15e -> 
  custom:scripting/monoscript/fileName/UIManager.cs: 2595dc2cbd41cc2d023a3ebb28d87e9e -> 
  custom:container-demuxer-webm: 4f35f7cbe854078d1ac9338744f61a02 -> 
  custom:scripting/monoscript/fileName/AudioManager.cs: e8310be4479956b7ccf5d41d9f0f6e53 -> 
  custom:scripting/monoscript/fileName/Trunk.cs: 3c77c879876a19ef3d7b12fd707afdea -> 
  custom:scripting/monoscript/fileName/ChunkGenerator.cs: c34ac5ef3d79f6264782925317061fad -> 
  custom:video-decoder-ogg-theora: a1e56fd34408186e4bbccfd4996cb3dc -> 
  custom:audio-encoder-webm-vorbis: bf7c407c2cedff20999df2af8eb42d56 -> 
  custom:framework-win-MediaFoundation: 216162199b28c13a410421893ffa2e32 -> 
  custom:scripting/monoscript/fileName/LunaManager.cs: e885d4774adb3f734d871a05ad5d205e -> 
  custom:scripting/precompiled-assembly-types:Assembly-CSharp: 60efd8020fb67f503afa27bd64304740 -> 482e17d551b00cd7946e9d7b35e05131
  custom:scripting/monoscript/fileName/Chunk.cs: 2c601e55a29a773029fef31d3cc0f584 -> 
  custom:container-muxer-webm: aa71ff27fc2769a1b78a27578f13a17b -> 
========================================================================
Received Prepare
Caller must complete domain reload
Begin MonoManager ReloadAssembly
- Loaded All Assemblies, in  0.448 seconds
Native extension for WindowsStandalone target not found
Native extension for iOS target not found
Native extension for Android target not found
[Package Manager] Server::EnsureServerProcessIsRunning -- launch failed, reason: Unity was launched with the -noUpm command-line argument
[Package Manager] UpmClient::Send -- Unable to send message (not connected to UPM process).
[Package Manager] Cannot connect to Unity Package Manager local server
[Package Manager] Server::EnsureServerProcessIsRunning -- launch failed, reason: Unity was launched with the -noUpm command-line argument
[Package Manager] UpmClient::Send -- Unable to send message (not connected to UPM process).
[Package Manager] Cannot connect to Unity Package Manager local server
Failed to sync packages list
UnityEngine.StackTraceUtility:ExtractStackTrace ()
UnityEngine.DebugLogHandler:LogFormat (UnityEngine.LogType,UnityEngine.Object,string,object[])
UnityEngine.Logger:Log (UnityEngine.LogType,object)
UnityEngine.Debug:LogWarning (object)
 .  / :MoveNext ()
System.Runtime.CompilerServices.AsyncTaskMethodBuilder:Start< .  / > ( .  / &)
 .  :  ()
 .⁤/ :MoveNext ()
System.Runtime.CompilerServices.AsyncTaskMethodBuilder:Start< .⁤/ > ( .⁤/ &)
 .⁤:  ()
System.Reflection.RuntimeMethodInfo:Invoke (object,System.Reflection.BindingFlags,System.Reflection.Binder,object[],System.Globalization.CultureInfo)
System.Reflection.MethodBase:Invoke (object,object[])
UnityEditor.EditorAssemblies:ProcessInitializeOnLoadMethodAttributes ()

Mono: successfully reloaded assembly
- Finished resetting the current domain, in  0.830 seconds
Domain Reload Profiling: 1278ms
	BeginReloadAssembly (178ms)
		ExecutionOrderSort (0ms)
		DisableScriptedObjects (5ms)
		BackupInstance (0ms)
		ReleaseScriptingObjects (0ms)
		CreateAndSetChildDomain (45ms)
	RebuildCommonClasses (37ms)
	RebuildNativeTypeToScriptingClass (11ms)
	initialDomainReloadingComplete (30ms)
	LoadAllAssembliesAndSetupDomain (191ms)
		LoadAssemblies (261ms)
		RebuildTransferFunctionScriptingTraits (0ms)
		AnalyzeDomain (21ms)
			TypeCache.Refresh (10ms)
				TypeCache.ScanAssembly (1ms)
			ScanForSourceGeneratedMonoScriptInfo (8ms)
			ResolveRequiredComponents (2ms)
	FinalizeReload (830ms)
		ReleaseScriptCaches (0ms)
		RebuildScriptCaches (0ms)
		SetupLoadedEditorAssemblies (561ms)
			LogAssemblyErrors (0ms)
			InitializePlatformSupportModulesInManaged (25ms)
			SetLoadedEditorAssemblies (2ms)
			RefreshPlugins (0ms)
			BeforeProcessingInitializeOnLoad (42ms)
			ProcessInitializeOnLoadAttributes (437ms)
			ProcessInitializeOnLoadMethodAttributes (53ms)
			AfterProcessingInitializeOnLoad (2ms)
			EditorAssembliesLoaded (0ms)
		ExecutionOrderSort2 (0ms)
		AwakeInstancesAfterBackupRestoration (7ms)
Refreshing native plugins compatible for Editor in 0.95 ms, found 2 plugins.
Preloading 0 native plugins for Editor in 0.00 ms.
Release of invalid GC handle. The handle is from a previous domain. The release operation is skipped.
Release of invalid GC handle native callstack: 
0x00007ff63674eb5d (Unity) StackWalker::GetCurrentCallstack
0x00007ff636753c39 (Unity) StackWalker::ShowCallstack
0x00007ff637744851 (Unity) GetStacktrace
0x00007ff63664ae8d (Unity) ScriptingGCHandle::ReleaseAndClear
0x00007ff636c1081c (Unity) UploadHandlerRaw::`vector deleting destructor'
0x00007ff636c113cd (Unity) UploadHandler::Release
0x00007ff636c0dc6d (Unity) UnityWebRequestProto<UnityWebRequestTransport,AtomicRefCounter,RedirectHelper,ResponseHelper,DownloadHandler,UploadHandler,CertificateHandler,HeaderHelper,AsyncOperation>::~UnityWebRequestProto<UnityWebRequestTransport,AtomicRefCounter,RedirectHelper,ResponseHelper,DownloadHandler,UploadHandler,CertificateHandler,HeaderHelper,AsyncOperation>
0x00007ff636c0df66 (Unity) UnityWebRequest::`vector deleting destructor'
0x00007ff6359640a7 (Unity) UnityWebRequestProto<UnityWebRequestTransport,AtomicRefCounter,RedirectHelper,ResponseHelper,DownloadHandler,UploadHandler,CertificateHandler,HeaderHelper,AsyncOperation>::Release
0x00007ff636c0f995 (Unity) UnityWebRequestAsyncOperation::InvokeCoroutine
0x00007ff636c0fb71 (Unity) UnityWebRequestProto<UnityWebRequestTransport,AtomicRefCounter,RedirectHelper,ResponseHelper,DownloadHandler,UploadHandler,CertificateHandler,HeaderHelper,AsyncOperation>::Job_InvokeCoroutine
0x00007ff636277d2a (Unity) BackgroundJobQueue::ExecuteMainThreadJobs
0x00007ff63632b49f (Unity) PreloadManager::WaitForAllAsyncOperationsToComplete
0x00007ff637aea248 (Unity) <lambda_b37b41f03089e3cb3f55061bbc93253d>::operator()
0x00007ff637b25a22 (Unity) asio::detail::completion_handler<core::mutable_function<void __cdecl(void)>,asio::io_context::basic_executor_type<std::allocator<void>,0> >::do_complete
0x00007ff637b1196e (Unity) asio::detail::win_iocp_io_context::do_one
0x00007ff637b135d4 (Unity) asio::detail::win_iocp_io_context::run
0x00007ff637b23dcc (Unity) IOService::Run
0x00007ff637af71cf (Unity) AssetImportWorkerClient::Run
0x00007ff637ac2b37 (Unity) RunAssetImportWorkerClientV2
0x00007ff637ac2bbb (Unity) RunAssetImporterV2
0x00007ff6372bba5e (Unity) Application::InitializeProject
0x00007ff63774f4e5 (Unity) WinMain
0x00007ff638b014de (Unity) __scrt_common_main_seh
0x00007ffd6b887374 (KERNEL32) BaseThreadInitThunk
0x00007ffd6d89cc91 (ntdll) RtlUserThreadStart
Unloading 1423 Unused Serialized files (Serialized files now loaded: 0)
Unloading 11 unused Assets / (26.7 KB). Loaded Objects now: 2506.
Memory consumption went from 117.4 MB to 117.3 MB.
Total: 5.388200 ms (FindLiveObjects: 0.197800 ms CreateObjectMapping: 0.058400 ms MarkObjects: 5.049700 ms  DeleteObjects: 0.080500 ms)

Prepare: number of updated asset objects reloaded= 0
AssetImportParameters requested are different than current active one (requested -> active):
  custom:video-encoder-webm-vp8: eb34c28f22e8b96e1ab97ce403110664 -> 
  custom:video-decoder-webm-vp8: 9c59270c3fd7afecdb556c50c9e8de78 -> 
  custom:audio-decoder-ogg-vorbis: bf7c407c2cedff20999df2af8eb42d56 -> 
  custom:scripting/monoscript/fileName/PlayerMovement2.cs: de5dad4c3545ad8f9f6984966a40b37a -> 
  custom:SearchIndexIgnoredProperties: e643bd26f0fe6173181afceb89e7c659 -> 
  custom:container-demuxer-ogg: 62fdf1f143b41e24485cea50d1cbac27 -> 
  custom:AudioImporter_EditorPlatform: d09bf68614088b80899f8185d706f6e7 -> 
  custom:CustomObjectIndexerAttribute: 9a22284fe3817be447336de3de66b15e -> 
  custom:scripting/monoscript/fileName/UIManager.cs: 2595dc2cbd41cc2d023a3ebb28d87e9e -> 
  custom:container-demuxer-webm: 4f35f7cbe854078d1ac9338744f61a02 -> 
  custom:scripting/monoscript/fileName/AudioManager.cs: e8310be4479956b7ccf5d41d9f0f6e53 -> 
  custom:scripting/monoscript/fileName/Trunk.cs: 3c77c879876a19ef3d7b12fd707afdea -> 
  custom:scripting/monoscript/fileName/ChunkGenerator.cs: c34ac5ef3d79f6264782925317061fad -> 
  custom:video-decoder-ogg-theora: a1e56fd34408186e4bbccfd4996cb3dc -> 
  custom:audio-encoder-webm-vorbis: bf7c407c2cedff20999df2af8eb42d56 -> 
  custom:framework-win-MediaFoundation: 216162199b28c13a410421893ffa2e32 -> 
  custom:scripting/monoscript/fileName/LunaManager.cs: e885d4774adb3f734d871a05ad5d205e -> 
  custom:scripting/precompiled-assembly-types:Assembly-CSharp: 60efd8020fb67f503afa27bd64304740 -> 482e17d551b00cd7946e9d7b35e05131
  custom:scripting/monoscript/fileName/Chunk.cs: 2c601e55a29a773029fef31d3cc0f584 -> 
  custom:container-muxer-webm: aa71ff27fc2769a1b78a27578f13a17b -> 
========================================================================
Received Prepare
Caller must complete domain reload
Begin MonoManager ReloadAssembly
- Loaded All Assemblies, in  0.393 seconds
Native extension for WindowsStandalone target not found
Native extension for iOS target not found
Native extension for Android target not found
[Package Manager] Server::EnsureServerProcessIsRunning -- launch failed, reason: Unity was launched with the -noUpm command-line argument
[Package Manager] UpmClient::Send -- Unable to send message (not connected to UPM process).
[Package Manager] Cannot connect to Unity Package Manager local server
[Package Manager] Server::EnsureServerProcessIsRunning -- launch failed, reason: Unity was launched with the -noUpm command-line argument
[Package Manager] UpmClient::Send -- Unable to send message (not connected to UPM process).
[Package Manager] Cannot connect to Unity Package Manager local server
Failed to sync packages list
UnityEngine.StackTraceUtility:ExtractStackTrace ()
UnityEngine.DebugLogHandler:LogFormat (UnityEngine.LogType,UnityEngine.Object,string,object[])
UnityEngine.Logger:Log (UnityEngine.LogType,object)
UnityEngine.Debug:LogWarning (object)
 .  / :MoveNext ()
System.Runtime.CompilerServices.AsyncTaskMethodBuilder:Start< .  / > ( .  / &)
 .  :  ()
 .⁤/ :MoveNext ()
System.Runtime.CompilerServices.AsyncTaskMethodBuilder:Start< .⁤/ > ( .⁤/ &)
 .⁤:  ()
System.Reflection.RuntimeMethodInfo:Invoke (object,System.Reflection.BindingFlags,System.Reflection.Binder,object[],System.Globalization.CultureInfo)
System.Reflection.MethodBase:Invoke (object,object[])
UnityEditor.EditorAssemblies:ProcessInitializeOnLoadMethodAttributes ()

Mono: successfully reloaded assembly
- Finished resetting the current domain, in  0.802 seconds
Domain Reload Profiling: 1196ms
	BeginReloadAssembly (146ms)
		ExecutionOrderSort (0ms)
		DisableScriptedObjects (4ms)
		BackupInstance (0ms)
		ReleaseScriptingObjects (0ms)
		CreateAndSetChildDomain (34ms)
	RebuildCommonClasses (36ms)
	RebuildNativeTypeToScriptingClass (12ms)
	initialDomainReloadingComplete (24ms)
	LoadAllAssembliesAndSetupDomain (175ms)
		LoadAssemblies (244ms)
		RebuildTransferFunctionScriptingTraits (0ms)
		AnalyzeDomain (10ms)
			TypeCache.Refresh (5ms)
				TypeCache.ScanAssembly (0ms)
			ScanForSourceGeneratedMonoScriptInfo (0ms)
			ResolveRequiredComponents (4ms)
	FinalizeReload (803ms)
		ReleaseScriptCaches (0ms)
		RebuildScriptCaches (0ms)
		SetupLoadedEditorAssemblies (551ms)
			LogAssemblyErrors (0ms)
			InitializePlatformSupportModulesInManaged (27ms)
			SetLoadedEditorAssemblies (2ms)
			RefreshPlugins (0ms)
			BeforeProcessingInitializeOnLoad (43ms)
			ProcessInitializeOnLoadAttributes (427ms)
			ProcessInitializeOnLoadMethodAttributes (51ms)
			AfterProcessingInitializeOnLoad (2ms)
			EditorAssembliesLoaded (0ms)
		ExecutionOrderSort2 (0ms)
		AwakeInstancesAfterBackupRestoration (6ms)
Refreshing native plugins compatible for Editor in 1.21 ms, found 2 plugins.
Preloading 0 native plugins for Editor in 0.00 ms.
Release of invalid GC handle. The handle is from a previous domain. The release operation is skipped.
Release of invalid GC handle native callstack: 
0x00007ff63674eb5d (Unity) StackWalker::GetCurrentCallstack
0x00007ff636753c39 (Unity) StackWalker::ShowCallstack
0x00007ff637744851 (Unity) GetStacktrace
0x00007ff63664ae8d (Unity) ScriptingGCHandle::ReleaseAndClear
0x00007ff636c1081c (Unity) UploadHandlerRaw::`vector deleting destructor'
0x00007ff636c113cd (Unity) UploadHandler::Release
0x00007ff636c0dc6d (Unity) UnityWebRequestProto<UnityWebRequestTransport,AtomicRefCounter,RedirectHelper,ResponseHelper,DownloadHandler,UploadHandler,CertificateHandler,HeaderHelper,AsyncOperation>::~UnityWebRequestProto<UnityWebRequestTransport,AtomicRefCounter,RedirectHelper,ResponseHelper,DownloadHandler,UploadHandler,CertificateHandler,HeaderHelper,AsyncOperation>
0x00007ff636c0df66 (Unity) UnityWebRequest::`vector deleting destructor'
0x00007ff6359640a7 (Unity) UnityWebRequestProto<UnityWebRequestTransport,AtomicRefCounter,RedirectHelper,ResponseHelper,DownloadHandler,UploadHandler,CertificateHandler,HeaderHelper,AsyncOperation>::Release
0x00007ff636c0f995 (Unity) UnityWebRequestAsyncOperation::InvokeCoroutine
0x00007ff636c0fb71 (Unity) UnityWebRequestProto<UnityWebRequestTransport,AtomicRefCounter,RedirectHelper,ResponseHelper,DownloadHandler,UploadHandler,CertificateHandler,HeaderHelper,AsyncOperation>::Job_InvokeCoroutine
0x00007ff636277d2a (Unity) BackgroundJobQueue::ExecuteMainThreadJobs
0x00007ff63632b49f (Unity) PreloadManager::WaitForAllAsyncOperationsToComplete
0x00007ff637aea248 (Unity) <lambda_b37b41f03089e3cb3f55061bbc93253d>::operator()
0x00007ff637b25a22 (Unity) asio::detail::completion_handler<core::mutable_function<void __cdecl(void)>,asio::io_context::basic_executor_type<std::allocator<void>,0> >::do_complete
0x00007ff637b1196e (Unity) asio::detail::win_iocp_io_context::do_one
0x00007ff637b135d4 (Unity) asio::detail::win_iocp_io_context::run
0x00007ff637b23dcc (Unity) IOService::Run
0x00007ff637af71cf (Unity) AssetImportWorkerClient::Run
0x00007ff637ac2b37 (Unity) RunAssetImportWorkerClientV2
0x00007ff637ac2bbb (Unity) RunAssetImporterV2
0x00007ff6372bba5e (Unity) Application::InitializeProject
0x00007ff63774f4e5 (Unity) WinMain
0x00007ff638b014de (Unity) __scrt_common_main_seh
0x00007ffd6b887374 (KERNEL32) BaseThreadInitThunk
0x00007ffd6d89cc91 (ntdll) RtlUserThreadStart
Unloading 1423 Unused Serialized files (Serialized files now loaded: 0)
Unloading 11 unused Assets / (26.6 KB). Loaded Objects now: 2511.
Memory consumption went from 117.5 MB to 117.5 MB.
Total: 2.760400 ms (FindLiveObjects: 0.160100 ms CreateObjectMapping: 0.040300 ms MarkObjects: 2.523200 ms  DeleteObjects: 0.035800 ms)

Prepare: number of updated asset objects reloaded= 0
AssetImportParameters requested are different than current active one (requested -> active):
  custom:video-encoder-webm-vp8: eb34c28f22e8b96e1ab97ce403110664 -> 
  custom:video-decoder-webm-vp8: 9c59270c3fd7afecdb556c50c9e8de78 -> 
  custom:audio-decoder-ogg-vorbis: bf7c407c2cedff20999df2af8eb42d56 -> 
  custom:scripting/monoscript/fileName/PlayerMovement2.cs: de5dad4c3545ad8f9f6984966a40b37a -> 
  custom:SearchIndexIgnoredProperties: e643bd26f0fe6173181afceb89e7c659 -> 
  custom:container-demuxer-ogg: 62fdf1f143b41e24485cea50d1cbac27 -> 
  custom:AudioImporter_EditorPlatform: d09bf68614088b80899f8185d706f6e7 -> 
  custom:CustomObjectIndexerAttribute: 9a22284fe3817be447336de3de66b15e -> 
  custom:scripting/monoscript/fileName/UIManager.cs: 2595dc2cbd41cc2d023a3ebb28d87e9e -> 
  custom:container-demuxer-webm: 4f35f7cbe854078d1ac9338744f61a02 -> 
  custom:scripting/monoscript/fileName/AudioManager.cs: e8310be4479956b7ccf5d41d9f0f6e53 -> 
  custom:scripting/monoscript/fileName/Trunk.cs: 3c77c879876a19ef3d7b12fd707afdea -> 
  custom:scripting/monoscript/fileName/ChunkGenerator.cs: c34ac5ef3d79f6264782925317061fad -> 
  custom:video-decoder-ogg-theora: a1e56fd34408186e4bbccfd4996cb3dc -> 
  custom:audio-encoder-webm-vorbis: bf7c407c2cedff20999df2af8eb42d56 -> 
  custom:framework-win-MediaFoundation: 216162199b28c13a410421893ffa2e32 -> 
  custom:scripting/monoscript/fileName/LunaManager.cs: e885d4774adb3f734d871a05ad5d205e -> 
  custom:scripting/precompiled-assembly-types:Assembly-CSharp: 60efd8020fb67f503afa27bd64304740 -> 482e17d551b00cd7946e9d7b35e05131
  custom:scripting/monoscript/fileName/Chunk.cs: 2c601e55a29a773029fef31d3cc0f584 -> 
  custom:container-muxer-webm: aa71ff27fc2769a1b78a27578f13a17b -> 
========================================================================
Received Prepare
Caller must complete domain reload
Begin MonoManager ReloadAssembly
- Loaded All Assemblies, in  0.455 seconds
Native extension for WindowsStandalone target not found
Native extension for iOS target not found
Native extension for Android target not found
[Package Manager] Server::EnsureServerProcessIsRunning -- launch failed, reason: Unity was launched with the -noUpm command-line argument
[Package Manager] UpmClient::Send -- Unable to send message (not connected to UPM process).
[Package Manager] Cannot connect to Unity Package Manager local server
[Package Manager] Server::EnsureServerProcessIsRunning -- launch failed, reason: Unity was launched with the -noUpm command-line argument
[Package Manager] UpmClient::Send -- Unable to send message (not connected to UPM process).
[Package Manager] Cannot connect to Unity Package Manager local server
Failed to sync packages list
UnityEngine.StackTraceUtility:ExtractStackTrace ()
UnityEngine.DebugLogHandler:LogFormat (UnityEngine.LogType,UnityEngine.Object,string,object[])
UnityEngine.Logger:Log (UnityEngine.LogType,object)
UnityEngine.Debug:LogWarning (object)
 .  / :MoveNext ()
System.Runtime.CompilerServices.AsyncTaskMethodBuilder:Start< .  / > ( .  / &)
 .  :  ()
 .⁤/ :MoveNext ()
System.Runtime.CompilerServices.AsyncTaskMethodBuilder:Start< .⁤/ > ( .⁤/ &)
 .⁤:  ()
System.Reflection.RuntimeMethodInfo:Invoke (object,System.Reflection.BindingFlags,System.Reflection.Binder,object[],System.Globalization.CultureInfo)
System.Reflection.MethodBase:Invoke (object,object[])
UnityEditor.EditorAssemblies:ProcessInitializeOnLoadMethodAttributes ()

Mono: successfully reloaded assembly
- Finished resetting the current domain, in  0.867 seconds
Domain Reload Profiling: 1322ms
	BeginReloadAssembly (182ms)
		ExecutionOrderSort (0ms)
		DisableScriptedObjects (6ms)
		BackupInstance (0ms)
		ReleaseScriptingObjects (0ms)
		CreateAndSetChildDomain (49ms)
	RebuildCommonClasses (51ms)
	RebuildNativeTypeToScriptingClass (14ms)
	initialDomainReloadingComplete (32ms)
	LoadAllAssembliesAndSetupDomain (175ms)
		LoadAssemblies (240ms)
		RebuildTransferFunctionScriptingTraits (0ms)
		AnalyzeDomain (25ms)
			TypeCache.Refresh (11ms)
				TypeCache.ScanAssembly (1ms)
			ScanForSourceGeneratedMonoScriptInfo (9ms)
			ResolveRequiredComponents (3ms)
	FinalizeReload (868ms)
		ReleaseScriptCaches (0ms)
		RebuildScriptCaches (0ms)
		SetupLoadedEditorAssemblies (582ms)
			LogAssemblyErrors (0ms)
			InitializePlatformSupportModulesInManaged (30ms)
			SetLoadedEditorAssemblies (2ms)
			RefreshPlugins (0ms)
			BeforeProcessingInitializeOnLoad (47ms)
			ProcessInitializeOnLoadAttributes (452ms)
			ProcessInitializeOnLoadMethodAttributes (48ms)
			AfterProcessingInitializeOnLoad (2ms)
			EditorAssembliesLoaded (0ms)
		ExecutionOrderSort2 (0ms)
		AwakeInstancesAfterBackupRestoration (8ms)
Refreshing native plugins compatible for Editor in 1.54 ms, found 2 plugins.
Preloading 0 native plugins for Editor in 0.00 ms.
Release of invalid GC handle. The handle is from a previous domain. The release operation is skipped.
Release of invalid GC handle native callstack: 
0x00007ff63674eb5d (Unity) StackWalker::GetCurrentCallstack
0x00007ff636753c39 (Unity) StackWalker::ShowCallstack
0x00007ff637744851 (Unity) GetStacktrace
0x00007ff63664ae8d (Unity) ScriptingGCHandle::ReleaseAndClear
0x00007ff636c1081c (Unity) UploadHandlerRaw::`vector deleting destructor'
0x00007ff636c113cd (Unity) UploadHandler::Release
0x00007ff636c0dc6d (Unity) UnityWebRequestProto<UnityWebRequestTransport,AtomicRefCounter,RedirectHelper,ResponseHelper,DownloadHandler,UploadHandler,CertificateHandler,HeaderHelper,AsyncOperation>::~UnityWebRequestProto<UnityWebRequestTransport,AtomicRefCounter,RedirectHelper,ResponseHelper,DownloadHandler,UploadHandler,CertificateHandler,HeaderHelper,AsyncOperation>
0x00007ff636c0df66 (Unity) UnityWebRequest::`vector deleting destructor'
0x00007ff6359640a7 (Unity) UnityWebRequestProto<UnityWebRequestTransport,AtomicRefCounter,RedirectHelper,ResponseHelper,DownloadHandler,UploadHandler,CertificateHandler,HeaderHelper,AsyncOperation>::Release
0x00007ff636c0f995 (Unity) UnityWebRequestAsyncOperation::InvokeCoroutine
0x00007ff636c0fb71 (Unity) UnityWebRequestProto<UnityWebRequestTransport,AtomicRefCounter,RedirectHelper,ResponseHelper,DownloadHandler,UploadHandler,CertificateHandler,HeaderHelper,AsyncOperation>::Job_InvokeCoroutine
0x00007ff636277d2a (Unity) BackgroundJobQueue::ExecuteMainThreadJobs
0x00007ff63632b49f (Unity) PreloadManager::WaitForAllAsyncOperationsToComplete
0x00007ff637aea248 (Unity) <lambda_b37b41f03089e3cb3f55061bbc93253d>::operator()
0x00007ff637b25a22 (Unity) asio::detail::completion_handler<core::mutable_function<void __cdecl(void)>,asio::io_context::basic_executor_type<std::allocator<void>,0> >::do_complete
0x00007ff637b1196e (Unity) asio::detail::win_iocp_io_context::do_one
0x00007ff637b135d4 (Unity) asio::detail::win_iocp_io_context::run
0x00007ff637b23dcc (Unity) IOService::Run
0x00007ff637af71cf (Unity) AssetImportWorkerClient::Run
0x00007ff637ac2b37 (Unity) RunAssetImportWorkerClientV2
0x00007ff637ac2bbb (Unity) RunAssetImporterV2
0x00007ff6372bba5e (Unity) Application::InitializeProject
0x00007ff63774f4e5 (Unity) WinMain
0x00007ff638b014de (Unity) __scrt_common_main_seh
0x00007ffd6b887374 (KERNEL32) BaseThreadInitThunk
0x00007ffd6d89cc91 (ntdll) RtlUserThreadStart
Unloading 1423 Unused Serialized files (Serialized files now loaded: 0)
Unloading 11 unused Assets / (26.6 KB). Loaded Objects now: 2516.
Memory consumption went from 117.7 MB to 117.7 MB.
Total: 4.017800 ms (FindLiveObjects: 0.195200 ms CreateObjectMapping: 0.070700 ms MarkObjects: 3.672400 ms  DeleteObjects: 0.077900 ms)

Prepare: number of updated asset objects reloaded= 0
AssetImportParameters requested are different than current active one (requested -> active):
  custom:video-encoder-webm-vp8: eb34c28f22e8b96e1ab97ce403110664 -> 
  custom:video-decoder-webm-vp8: 9c59270c3fd7afecdb556c50c9e8de78 -> 
  custom:audio-decoder-ogg-vorbis: bf7c407c2cedff20999df2af8eb42d56 -> 
  custom:scripting/monoscript/fileName/PlayerMovement2.cs: de5dad4c3545ad8f9f6984966a40b37a -> 
  custom:SearchIndexIgnoredProperties: e643bd26f0fe6173181afceb89e7c659 -> 
  custom:container-demuxer-ogg: 62fdf1f143b41e24485cea50d1cbac27 -> 
  custom:AudioImporter_EditorPlatform: d09bf68614088b80899f8185d706f6e7 -> 
  custom:CustomObjectIndexerAttribute: 9a22284fe3817be447336de3de66b15e -> 
  custom:scripting/monoscript/fileName/UIManager.cs: 2595dc2cbd41cc2d023a3ebb28d87e9e -> 
  custom:container-demuxer-webm: 4f35f7cbe854078d1ac9338744f61a02 -> 
  custom:scripting/monoscript/fileName/AudioManager.cs: e8310be4479956b7ccf5d41d9f0f6e53 -> 
  custom:scripting/monoscript/fileName/Trunk.cs: 3c77c879876a19ef3d7b12fd707afdea -> 
  custom:scripting/monoscript/fileName/ChunkGenerator.cs: c34ac5ef3d79f6264782925317061fad -> 
  custom:video-decoder-ogg-theora: a1e56fd34408186e4bbccfd4996cb3dc -> 
  custom:audio-encoder-webm-vorbis: bf7c407c2cedff20999df2af8eb42d56 -> 
  custom:framework-win-MediaFoundation: 216162199b28c13a410421893ffa2e32 -> 
  custom:scripting/monoscript/fileName/LunaManager.cs: e885d4774adb3f734d871a05ad5d205e -> 
  custom:scripting/precompiled-assembly-types:Assembly-CSharp: 60efd8020fb67f503afa27bd64304740 -> 482e17d551b00cd7946e9d7b35e05131
  custom:scripting/monoscript/fileName/Chunk.cs: 2c601e55a29a773029fef31d3cc0f584 -> 
  custom:container-muxer-webm: aa71ff27fc2769a1b78a27578f13a17b -> 
========================================================================
Received Prepare
Caller must complete domain reload
Begin MonoManager ReloadAssembly
- Loaded All Assemblies, in  0.463 seconds
Native extension for WindowsStandalone target not found
Native extension for iOS target not found
Native extension for Android target not found
[Package Manager] Server::EnsureServerProcessIsRunning -- launch failed, reason: Unity was launched with the -noUpm command-line argument
[Package Manager] UpmClient::Send -- Unable to send message (not connected to UPM process).
[Package Manager] Cannot connect to Unity Package Manager local server
[Package Manager] Server::EnsureServerProcessIsRunning -- launch failed, reason: Unity was launched with the -noUpm command-line argument
[Package Manager] UpmClient::Send -- Unable to send message (not connected to UPM process).
[Package Manager] Cannot connect to Unity Package Manager local server
Failed to sync packages list
UnityEngine.StackTraceUtility:ExtractStackTrace ()
UnityEngine.DebugLogHandler:LogFormat (UnityEngine.LogType,UnityEngine.Object,string,object[])
UnityEngine.Logger:Log (UnityEngine.LogType,object)
UnityEngine.Debug:LogWarning (object)
 .  / :MoveNext ()
System.Runtime.CompilerServices.AsyncTaskMethodBuilder:Start< .  / > ( .  / &)
 .  :  ()
 .⁤/ :MoveNext ()
System.Runtime.CompilerServices.AsyncTaskMethodBuilder:Start< .⁤/ > ( .⁤/ &)
 .⁤:  ()
System.Reflection.RuntimeMethodInfo:Invoke (object,System.Reflection.BindingFlags,System.Reflection.Binder,object[],System.Globalization.CultureInfo)
System.Reflection.MethodBase:Invoke (object,object[])
UnityEditor.EditorAssemblies:ProcessInitializeOnLoadMethodAttributes ()

Mono: successfully reloaded assembly
- Finished resetting the current domain, in  0.908 seconds
Domain Reload Profiling: 1372ms
	BeginReloadAssembly (186ms)
		ExecutionOrderSort (0ms)
		DisableScriptedObjects (6ms)
		BackupInstance (0ms)
		ReleaseScriptingObjects (0ms)
		CreateAndSetChildDomain (44ms)
	RebuildCommonClasses (50ms)
	RebuildNativeTypeToScriptingClass (15ms)
	initialDomainReloadingComplete (32ms)
	LoadAllAssembliesAndSetupDomain (181ms)
		LoadAssemblies (267ms)
		RebuildTransferFunctionScriptingTraits (0ms)
		AnalyzeDomain (11ms)
			TypeCache.Refresh (7ms)
				TypeCache.ScanAssembly (0ms)
			ScanForSourceGeneratedMonoScriptInfo (0ms)
			ResolveRequiredComponents (2ms)
	FinalizeReload (909ms)
		ReleaseScriptCaches (0ms)
		RebuildScriptCaches (0ms)
		SetupLoadedEditorAssemblies (617ms)
			LogAssemblyErrors (0ms)
			InitializePlatformSupportModulesInManaged (33ms)
			SetLoadedEditorAssemblies (2ms)
			RefreshPlugins (0ms)
			BeforeProcessingInitializeOnLoad (46ms)
			ProcessInitializeOnLoadAttributes (484ms)
			ProcessInitializeOnLoadMethodAttributes (48ms)
			AfterProcessingInitializeOnLoad (3ms)
			EditorAssembliesLoaded (0ms)
		ExecutionOrderSort2 (0ms)
		AwakeInstancesAfterBackupRestoration (9ms)
Refreshing native plugins compatible for Editor in 1.28 ms, found 2 plugins.
Preloading 0 native plugins for Editor in 0.00 ms.
Release of invalid GC handle. The handle is from a previous domain. The release operation is skipped.
Release of invalid GC handle native callstack: 
0x00007ff63674eb5d (Unity) StackWalker::GetCurrentCallstack
0x00007ff636753c39 (Unity) StackWalker::ShowCallstack
0x00007ff637744851 (Unity) GetStacktrace
0x00007ff63664ae8d (Unity) ScriptingGCHandle::ReleaseAndClear
0x00007ff636c1081c (Unity) UploadHandlerRaw::`vector deleting destructor'
0x00007ff636c113cd (Unity) UploadHandler::Release
0x00007ff636c0dc6d (Unity) UnityWebRequestProto<UnityWebRequestTransport,AtomicRefCounter,RedirectHelper,ResponseHelper,DownloadHandler,UploadHandler,CertificateHandler,HeaderHelper,AsyncOperation>::~UnityWebRequestProto<UnityWebRequestTransport,AtomicRefCounter,RedirectHelper,ResponseHelper,DownloadHandler,UploadHandler,CertificateHandler,HeaderHelper,AsyncOperation>
0x00007ff636c0df66 (Unity) UnityWebRequest::`vector deleting destructor'
0x00007ff6359640a7 (Unity) UnityWebRequestProto<UnityWebRequestTransport,AtomicRefCounter,RedirectHelper,ResponseHelper,DownloadHandler,UploadHandler,CertificateHandler,HeaderHelper,AsyncOperation>::Release
0x00007ff636c0f995 (Unity) UnityWebRequestAsyncOperation::InvokeCoroutine
0x00007ff636c0fb71 (Unity) UnityWebRequestProto<UnityWebRequestTransport,AtomicRefCounter,RedirectHelper,ResponseHelper,DownloadHandler,UploadHandler,CertificateHandler,HeaderHelper,AsyncOperation>::Job_InvokeCoroutine
0x00007ff636277d2a (Unity) BackgroundJobQueue::ExecuteMainThreadJobs
0x00007ff63632b49f (Unity) PreloadManager::WaitForAllAsyncOperationsToComplete
0x00007ff637aea248 (Unity) <lambda_b37b41f03089e3cb3f55061bbc93253d>::operator()
0x00007ff637b25a22 (Unity) asio::detail::completion_handler<core::mutable_function<void __cdecl(void)>,asio::io_context::basic_executor_type<std::allocator<void>,0> >::do_complete
0x00007ff637b1196e (Unity) asio::detail::win_iocp_io_context::do_one
0x00007ff637b135d4 (Unity) asio::detail::win_iocp_io_context::run
0x00007ff637b23dcc (Unity) IOService::Run
0x00007ff637af71cf (Unity) AssetImportWorkerClient::Run
0x00007ff637ac2b37 (Unity) RunAssetImportWorkerClientV2
0x00007ff637ac2bbb (Unity) RunAssetImporterV2
0x00007ff6372bba5e (Unity) Application::InitializeProject
0x00007ff63774f4e5 (Unity) WinMain
0x00007ff638b014de (Unity) __scrt_common_main_seh
0x00007ffd6b887374 (KERNEL32) BaseThreadInitThunk
0x00007ffd6d89cc91 (ntdll) RtlUserThreadStart
Unloading 1423 Unused Serialized files (Serialized files now loaded: 0)
Unloading 11 unused Assets / (26.6 KB). Loaded Objects now: 2521.
Memory consumption went from 117.8 MB to 117.8 MB.
Total: 3.339800 ms (FindLiveObjects: 0.184100 ms CreateObjectMapping: 0.065200 ms MarkObjects: 3.015000 ms  DeleteObjects: 0.074400 ms)

Prepare: number of updated asset objects reloaded= 0
AssetImportParameters requested are different than current active one (requested -> active):
  custom:video-encoder-webm-vp8: eb34c28f22e8b96e1ab97ce403110664 -> 
  custom:video-decoder-webm-vp8: 9c59270c3fd7afecdb556c50c9e8de78 -> 
  custom:audio-decoder-ogg-vorbis: bf7c407c2cedff20999df2af8eb42d56 -> 
  custom:scripting/monoscript/fileName/PlayerMovement2.cs: de5dad4c3545ad8f9f6984966a40b37a -> 
  custom:SearchIndexIgnoredProperties: e643bd26f0fe6173181afceb89e7c659 -> 
  custom:container-demuxer-ogg: 62fdf1f143b41e24485cea50d1cbac27 -> 
  custom:AudioImporter_EditorPlatform: d09bf68614088b80899f8185d706f6e7 -> 
  custom:CustomObjectIndexerAttribute: 9a22284fe3817be447336de3de66b15e -> 
  custom:scripting/monoscript/fileName/UIManager.cs: 2595dc2cbd41cc2d023a3ebb28d87e9e -> 
  custom:container-demuxer-webm: 4f35f7cbe854078d1ac9338744f61a02 -> 
  custom:scripting/monoscript/fileName/AudioManager.cs: e8310be4479956b7ccf5d41d9f0f6e53 -> 
  custom:scripting/monoscript/fileName/Trunk.cs: 3c77c879876a19ef3d7b12fd707afdea -> 
  custom:scripting/monoscript/fileName/ChunkGenerator.cs: c34ac5ef3d79f6264782925317061fad -> 
  custom:video-decoder-ogg-theora: a1e56fd34408186e4bbccfd4996cb3dc -> 
  custom:audio-encoder-webm-vorbis: bf7c407c2cedff20999df2af8eb42d56 -> 
  custom:framework-win-MediaFoundation: 216162199b28c13a410421893ffa2e32 -> 
  custom:scripting/monoscript/fileName/LunaManager.cs: e885d4774adb3f734d871a05ad5d205e -> 
  custom:scripting/precompiled-assembly-types:Assembly-CSharp: 60efd8020fb67f503afa27bd64304740 -> 482e17d551b00cd7946e9d7b35e05131
  custom:scripting/monoscript/fileName/Chunk.cs: 2c601e55a29a773029fef31d3cc0f584 -> 
  custom:container-muxer-webm: aa71ff27fc2769a1b78a27578f13a17b -> 
========================================================================
Received Prepare
Caller must complete domain reload
Begin MonoManager ReloadAssembly
- Loaded All Assemblies, in  0.396 seconds
Native extension for WindowsStandalone target not found
Native extension for iOS target not found
Native extension for Android target not found
[Package Manager] Server::EnsureServerProcessIsRunning -- launch failed, reason: Unity was launched with the -noUpm command-line argument
[Package Manager] UpmClient::Send -- Unable to send message (not connected to UPM process).
[Package Manager] Cannot connect to Unity Package Manager local server
[Package Manager] Server::EnsureServerProcessIsRunning -- launch failed, reason: Unity was launched with the -noUpm command-line argument
[Package Manager] UpmClient::Send -- Unable to send message (not connected to UPM process).
[Package Manager] Cannot connect to Unity Package Manager local server
Failed to sync packages list
UnityEngine.StackTraceUtility:ExtractStackTrace ()
UnityEngine.DebugLogHandler:LogFormat (UnityEngine.LogType,UnityEngine.Object,string,object[])
UnityEngine.Logger:Log (UnityEngine.LogType,object)
UnityEngine.Debug:LogWarning (object)
 .  / :MoveNext ()
System.Runtime.CompilerServices.AsyncTaskMethodBuilder:Start< .  / > ( .  / &)
 .  :  ()
 .⁤/ :MoveNext ()
System.Runtime.CompilerServices.AsyncTaskMethodBuilder:Start< .⁤/ > ( .⁤/ &)
 .⁤:  ()
System.Reflection.RuntimeMethodInfo:Invoke (object,System.Reflection.BindingFlags,System.Reflection.Binder,object[],System.Globalization.CultureInfo)
System.Reflection.MethodBase:Invoke (object,object[])
UnityEditor.EditorAssemblies:ProcessInitializeOnLoadMethodAttributes ()

Mono: successfully reloaded assembly
- Finished resetting the current domain, in  0.867 seconds
Domain Reload Profiling: 1263ms
	BeginReloadAssembly (154ms)
		ExecutionOrderSort (0ms)
		DisableScriptedObjects (4ms)
		BackupInstance (0ms)
		ReleaseScriptingObjects (0ms)
		CreateAndSetChildDomain (35ms)
	RebuildCommonClasses (43ms)
	RebuildNativeTypeToScriptingClass (10ms)
	initialDomainReloadingComplete (25ms)
	LoadAllAssembliesAndSetupDomain (163ms)
		LoadAssemblies (237ms)
		RebuildTransferFunctionScriptingTraits (0ms)
		AnalyzeDomain (10ms)
			TypeCache.Refresh (5ms)
				TypeCache.ScanAssembly (0ms)
			ScanForSourceGeneratedMonoScriptInfo (0ms)
			ResolveRequiredComponents (3ms)
	FinalizeReload (867ms)
		ReleaseScriptCaches (0ms)
		RebuildScriptCaches (0ms)
		SetupLoadedEditorAssemblies (590ms)
			LogAssemblyErrors (0ms)
			InitializePlatformSupportModulesInManaged (27ms)
			SetLoadedEditorAssemblies (4ms)
			RefreshPlugins (0ms)
			BeforeProcessingInitializeOnLoad (50ms)
			ProcessInitializeOnLoadAttributes (455ms)
			ProcessInitializeOnLoadMethodAttributes (52ms)
			AfterProcessingInitializeOnLoad (3ms)
			EditorAssembliesLoaded (0ms)
		ExecutionOrderSort2 (0ms)
		AwakeInstancesAfterBackupRestoration (6ms)
Refreshing native plugins compatible for Editor in 1.00 ms, found 2 plugins.
Preloading 0 native plugins for Editor in 0.00 ms.
Release of invalid GC handle. The handle is from a previous domain. The release operation is skipped.
Release of invalid GC handle native callstack: 
0x00007ff63674eb5d (Unity) StackWalker::GetCurrentCallstack
0x00007ff636753c39 (Unity) StackWalker::ShowCallstack
0x00007ff637744851 (Unity) GetStacktrace
0x00007ff63664ae8d (Unity) ScriptingGCHandle::ReleaseAndClear
0x00007ff636c1081c (Unity) UploadHandlerRaw::`vector deleting destructor'
0x00007ff636c113cd (Unity) UploadHandler::Release
0x00007ff636c0dc6d (Unity) UnityWebRequestProto<UnityWebRequestTransport,AtomicRefCounter,RedirectHelper,ResponseHelper,DownloadHandler,UploadHandler,CertificateHandler,HeaderHelper,AsyncOperation>::~UnityWebRequestProto<UnityWebRequestTransport,AtomicRefCounter,RedirectHelper,ResponseHelper,DownloadHandler,UploadHandler,CertificateHandler,HeaderHelper,AsyncOperation>
0x00007ff636c0df66 (Unity) UnityWebRequest::`vector deleting destructor'
0x00007ff6359640a7 (Unity) UnityWebRequestProto<UnityWebRequestTransport,AtomicRefCounter,RedirectHelper,ResponseHelper,DownloadHandler,UploadHandler,CertificateHandler,HeaderHelper,AsyncOperation>::Release
0x00007ff636c0f995 (Unity) UnityWebRequestAsyncOperation::InvokeCoroutine
0x00007ff636c0fb71 (Unity) UnityWebRequestProto<UnityWebRequestTransport,AtomicRefCounter,RedirectHelper,ResponseHelper,DownloadHandler,UploadHandler,CertificateHandler,HeaderHelper,AsyncOperation>::Job_InvokeCoroutine
0x00007ff636277d2a (Unity) BackgroundJobQueue::ExecuteMainThreadJobs
0x00007ff63632b49f (Unity) PreloadManager::WaitForAllAsyncOperationsToComplete
0x00007ff637aea248 (Unity) <lambda_b37b41f03089e3cb3f55061bbc93253d>::operator()
0x00007ff637b25a22 (Unity) asio::detail::completion_handler<core::mutable_function<void __cdecl(void)>,asio::io_context::basic_executor_type<std::allocator<void>,0> >::do_complete
0x00007ff637b1196e (Unity) asio::detail::win_iocp_io_context::do_one
0x00007ff637b135d4 (Unity) asio::detail::win_iocp_io_context::run
0x00007ff637b23dcc (Unity) IOService::Run
0x00007ff637af71cf (Unity) AssetImportWorkerClient::Run
0x00007ff637ac2b37 (Unity) RunAssetImportWorkerClientV2
0x00007ff637ac2bbb (Unity) RunAssetImporterV2
0x00007ff6372bba5e (Unity) Application::InitializeProject
0x00007ff63774f4e5 (Unity) WinMain
0x00007ff638b014de (Unity) __scrt_common_main_seh
0x00007ffd6b887374 (KERNEL32) BaseThreadInitThunk
0x00007ffd6d89cc91 (ntdll) RtlUserThreadStart
Unloading 1423 Unused Serialized files (Serialized files now loaded: 0)
Unloading 11 unused Assets / (26.7 KB). Loaded Objects now: 2526.
Memory consumption went from 118.0 MB to 118.0 MB.
Total: 3.151000 ms (FindLiveObjects: 0.229100 ms CreateObjectMapping: 0.065400 ms MarkObjects: 2.821800 ms  DeleteObjects: 0.033300 ms)

Prepare: number of updated asset objects reloaded= 0
AssetImportParameters requested are different than current active one (requested -> active):
  custom:video-encoder-webm-vp8: eb34c28f22e8b96e1ab97ce403110664 -> 
  custom:video-decoder-webm-vp8: 9c59270c3fd7afecdb556c50c9e8de78 -> 
  custom:audio-decoder-ogg-vorbis: bf7c407c2cedff20999df2af8eb42d56 -> 
  custom:scripting/monoscript/fileName/PlayerMovement2.cs: de5dad4c3545ad8f9f6984966a40b37a -> 
  custom:SearchIndexIgnoredProperties: e643bd26f0fe6173181afceb89e7c659 -> 
  custom:container-demuxer-ogg: 62fdf1f143b41e24485cea50d1cbac27 -> 
  custom:AudioImporter_EditorPlatform: d09bf68614088b80899f8185d706f6e7 -> 
  custom:CustomObjectIndexerAttribute: 9a22284fe3817be447336de3de66b15e -> 
  custom:scripting/monoscript/fileName/UIManager.cs: 2595dc2cbd41cc2d023a3ebb28d87e9e -> 
  custom:container-demuxer-webm: 4f35f7cbe854078d1ac9338744f61a02 -> 
  custom:scripting/monoscript/fileName/AudioManager.cs: e8310be4479956b7ccf5d41d9f0f6e53 -> 
  custom:scripting/monoscript/fileName/Trunk.cs: 3c77c879876a19ef3d7b12fd707afdea -> 
  custom:scripting/monoscript/fileName/ChunkGenerator.cs: c34ac5ef3d79f6264782925317061fad -> 
  custom:video-decoder-ogg-theora: a1e56fd34408186e4bbccfd4996cb3dc -> 
  custom:audio-encoder-webm-vorbis: bf7c407c2cedff20999df2af8eb42d56 -> 
  custom:framework-win-MediaFoundation: 216162199b28c13a410421893ffa2e32 -> 
  custom:scripting/monoscript/fileName/LunaManager.cs: e885d4774adb3f734d871a05ad5d205e -> 
  custom:scripting/precompiled-assembly-types:Assembly-CSharp: 60efd8020fb67f503afa27bd64304740 -> 482e17d551b00cd7946e9d7b35e05131
  custom:scripting/monoscript/fileName/Chunk.cs: 2c601e55a29a773029fef31d3cc0f584 -> 
  custom:container-muxer-webm: aa71ff27fc2769a1b78a27578f13a17b -> 
========================================================================
Received Prepare
Caller must complete domain reload
Begin MonoManager ReloadAssembly
- Loaded All Assemblies, in  0.400 seconds
Native extension for WindowsStandalone target not found
Native extension for iOS target not found
Native extension for Android target not found
[Package Manager] Server::EnsureServerProcessIsRunning -- launch failed, reason: Unity was launched with the -noUpm command-line argument
[Package Manager] UpmClient::Send -- Unable to send message (not connected to UPM process).
[Package Manager] Cannot connect to Unity Package Manager local server
[Package Manager] Server::EnsureServerProcessIsRunning -- launch failed, reason: Unity was launched with the -noUpm command-line argument
[Package Manager] UpmClient::Send -- Unable to send message (not connected to UPM process).
[Package Manager] Cannot connect to Unity Package Manager local server
Failed to sync packages list
UnityEngine.StackTraceUtility:ExtractStackTrace ()
UnityEngine.DebugLogHandler:LogFormat (UnityEngine.LogType,UnityEngine.Object,string,object[])
UnityEngine.Logger:Log (UnityEngine.LogType,object)
UnityEngine.Debug:LogWarning (object)
 .  / :MoveNext ()
System.Runtime.CompilerServices.AsyncTaskMethodBuilder:Start< .  / > ( .  / &)
 .  :  ()
 .⁤/ :MoveNext ()
System.Runtime.CompilerServices.AsyncTaskMethodBuilder:Start< .⁤/ > ( .⁤/ &)
 .⁤:  ()
System.Reflection.RuntimeMethodInfo:Invoke (object,System.Reflection.BindingFlags,System.Reflection.Binder,object[],System.Globalization.CultureInfo)
System.Reflection.MethodBase:Invoke (object,object[])
UnityEditor.EditorAssemblies:ProcessInitializeOnLoadMethodAttributes ()

Mono: successfully reloaded assembly
- Finished resetting the current domain, in  0.700 seconds
Domain Reload Profiling: 1100ms
	BeginReloadAssembly (156ms)
		ExecutionOrderSort (0ms)
		DisableScriptedObjects (4ms)
		BackupInstance (0ms)
		ReleaseScriptingObjects (0ms)
		CreateAndSetChildDomain (41ms)
	RebuildCommonClasses (32ms)
	RebuildNativeTypeToScriptingClass (13ms)
	initialDomainReloadingComplete (30ms)
	LoadAllAssembliesAndSetupDomain (169ms)
		LoadAssemblies (231ms)
		RebuildTransferFunctionScriptingTraits (0ms)
		AnalyzeDomain (15ms)
			TypeCache.Refresh (7ms)
				TypeCache.ScanAssembly (0ms)
			ScanForSourceGeneratedMonoScriptInfo (0ms)
			ResolveRequiredComponents (5ms)
	FinalizeReload (701ms)
		ReleaseScriptCaches (0ms)
		RebuildScriptCaches (0ms)
		SetupLoadedEditorAssemblies (468ms)
			LogAssemblyErrors (0ms)
			InitializePlatformSupportModulesInManaged (21ms)
			SetLoadedEditorAssemblies (2ms)
			RefreshPlugins (0ms)
			BeforeProcessingInitializeOnLoad (39ms)
			ProcessInitializeOnLoadAttributes (361ms)
			ProcessInitializeOnLoadMethodAttributes (41ms)
			AfterProcessingInitializeOnLoad (4ms)
			EditorAssembliesLoaded (0ms)
		ExecutionOrderSort2 (0ms)
		AwakeInstancesAfterBackupRestoration (7ms)
Refreshing native plugins compatible for Editor in 1.09 ms, found 2 plugins.
Preloading 0 native plugins for Editor in 0.00 ms.
Release of invalid GC handle. The handle is from a previous domain. The release operation is skipped.
Release of invalid GC handle native callstack: 
0x00007ff63674eb5d (Unity) StackWalker::GetCurrentCallstack
0x00007ff636753c39 (Unity) StackWalker::ShowCallstack
0x00007ff637744851 (Unity) GetStacktrace
0x00007ff63664ae8d (Unity) ScriptingGCHandle::ReleaseAndClear
0x00007ff636c1081c (Unity) UploadHandlerRaw::`vector deleting destructor'
0x00007ff636c113cd (Unity) UploadHandler::Release
0x00007ff636c0dc6d (Unity) UnityWebRequestProto<UnityWebRequestTransport,AtomicRefCounter,RedirectHelper,ResponseHelper,DownloadHandler,UploadHandler,CertificateHandler,HeaderHelper,AsyncOperation>::~UnityWebRequestProto<UnityWebRequestTransport,AtomicRefCounter,RedirectHelper,ResponseHelper,DownloadHandler,UploadHandler,CertificateHandler,HeaderHelper,AsyncOperation>
0x00007ff636c0df66 (Unity) UnityWebRequest::`vector deleting destructor'
0x00007ff6359640a7 (Unity) UnityWebRequestProto<UnityWebRequestTransport,AtomicRefCounter,RedirectHelper,ResponseHelper,DownloadHandler,UploadHandler,CertificateHandler,HeaderHelper,AsyncOperation>::Release
0x00007ff636c0f995 (Unity) UnityWebRequestAsyncOperation::InvokeCoroutine
0x00007ff636c0fb71 (Unity) UnityWebRequestProto<UnityWebRequestTransport,AtomicRefCounter,RedirectHelper,ResponseHelper,DownloadHandler,UploadHandler,CertificateHandler,HeaderHelper,AsyncOperation>::Job_InvokeCoroutine
0x00007ff636277d2a (Unity) BackgroundJobQueue::ExecuteMainThreadJobs
0x00007ff63632b49f (Unity) PreloadManager::WaitForAllAsyncOperationsToComplete
0x00007ff637aea248 (Unity) <lambda_b37b41f03089e3cb3f55061bbc93253d>::operator()
0x00007ff637b25a22 (Unity) asio::detail::completion_handler<core::mutable_function<void __cdecl(void)>,asio::io_context::basic_executor_type<std::allocator<void>,0> >::do_complete
0x00007ff637b1196e (Unity) asio::detail::win_iocp_io_context::do_one
0x00007ff637b135d4 (Unity) asio::detail::win_iocp_io_context::run
0x00007ff637b23dcc (Unity) IOService::Run
0x00007ff637af71cf (Unity) AssetImportWorkerClient::Run
0x00007ff637ac2b37 (Unity) RunAssetImportWorkerClientV2
0x00007ff637ac2bbb (Unity) RunAssetImporterV2
0x00007ff6372bba5e (Unity) Application::InitializeProject
0x00007ff63774f4e5 (Unity) WinMain
0x00007ff638b014de (Unity) __scrt_common_main_seh
0x00007ffd6b887374 (KERNEL32) BaseThreadInitThunk
0x00007ffd6d89cc91 (ntdll) RtlUserThreadStart
Unloading 1423 Unused Serialized files (Serialized files now loaded: 0)
Unloading 11 unused Assets / (26.7 KB). Loaded Objects now: 2531.
Memory consumption went from 118.1 MB to 118.1 MB.
Total: 4.446300 ms (FindLiveObjects: 0.181600 ms CreateObjectMapping: 0.048100 ms MarkObjects: 4.169600 ms  DeleteObjects: 0.045900 ms)

Prepare: number of updated asset objects reloaded= 0
AssetImportParameters requested are different than current active one (requested -> active):
  custom:video-encoder-webm-vp8: eb34c28f22e8b96e1ab97ce403110664 -> 
  custom:video-decoder-webm-vp8: 9c59270c3fd7afecdb556c50c9e8de78 -> 
  custom:audio-decoder-ogg-vorbis: bf7c407c2cedff20999df2af8eb42d56 -> 
  custom:scripting/monoscript/fileName/PlayerMovement2.cs: de5dad4c3545ad8f9f6984966a40b37a -> 
  custom:SearchIndexIgnoredProperties: e643bd26f0fe6173181afceb89e7c659 -> 
  custom:container-demuxer-ogg: 62fdf1f143b41e24485cea50d1cbac27 -> 
  custom:AudioImporter_EditorPlatform: d09bf68614088b80899f8185d706f6e7 -> 
  custom:CustomObjectIndexerAttribute: 9a22284fe3817be447336de3de66b15e -> 
  custom:scripting/monoscript/fileName/UIManager.cs: 2595dc2cbd41cc2d023a3ebb28d87e9e -> 
  custom:container-demuxer-webm: 4f35f7cbe854078d1ac9338744f61a02 -> 
  custom:scripting/monoscript/fileName/AudioManager.cs: e8310be4479956b7ccf5d41d9f0f6e53 -> 
  custom:scripting/monoscript/fileName/Trunk.cs: 3c77c879876a19ef3d7b12fd707afdea -> 
  custom:scripting/monoscript/fileName/ChunkGenerator.cs: c34ac5ef3d79f6264782925317061fad -> 
  custom:video-decoder-ogg-theora: a1e56fd34408186e4bbccfd4996cb3dc -> 
  custom:audio-encoder-webm-vorbis: bf7c407c2cedff20999df2af8eb42d56 -> 
  custom:framework-win-MediaFoundation: 216162199b28c13a410421893ffa2e32 -> 
  custom:scripting/monoscript/fileName/LunaManager.cs: e885d4774adb3f734d871a05ad5d205e -> 
  custom:scripting/precompiled-assembly-types:Assembly-CSharp: 60efd8020fb67f503afa27bd64304740 -> 482e17d551b00cd7946e9d7b35e05131
  custom:scripting/monoscript/fileName/Chunk.cs: 2c601e55a29a773029fef31d3cc0f584 -> 
  custom:container-muxer-webm: aa71ff27fc2769a1b78a27578f13a17b -> 
========================================================================
Received Prepare
Caller must complete domain reload
Begin MonoManager ReloadAssembly
- Loaded All Assemblies, in  0.424 seconds
Native extension for WindowsStandalone target not found
Native extension for iOS target not found
Native extension for Android target not found
[Package Manager] Server::EnsureServerProcessIsRunning -- launch failed, reason: Unity was launched with the -noUpm command-line argument
[Package Manager] UpmClient::Send -- Unable to send message (not connected to UPM process).
[Package Manager] Cannot connect to Unity Package Manager local server
[Package Manager] Server::EnsureServerProcessIsRunning -- launch failed, reason: Unity was launched with the -noUpm command-line argument
[Package Manager] UpmClient::Send -- Unable to send message (not connected to UPM process).
[Package Manager] Cannot connect to Unity Package Manager local server
Failed to sync packages list
UnityEngine.StackTraceUtility:ExtractStackTrace ()
UnityEngine.DebugLogHandler:LogFormat (UnityEngine.LogType,UnityEngine.Object,string,object[])
UnityEngine.Logger:Log (UnityEngine.LogType,object)
UnityEngine.Debug:LogWarning (object)
 .  / :MoveNext ()
System.Runtime.CompilerServices.AsyncTaskMethodBuilder:Start< .  / > ( .  / &)
 .  :  ()
 .⁤/ :MoveNext ()
System.Runtime.CompilerServices.AsyncTaskMethodBuilder:Start< .⁤/ > ( .⁤/ &)
 .⁤:  ()
System.Reflection.RuntimeMethodInfo:Invoke (object,System.Reflection.BindingFlags,System.Reflection.Binder,object[],System.Globalization.CultureInfo)
System.Reflection.MethodBase:Invoke (object,object[])
UnityEditor.EditorAssemblies:ProcessInitializeOnLoadMethodAttributes ()

Mono: successfully reloaded assembly
- Finished resetting the current domain, in  0.842 seconds
Domain Reload Profiling: 1266ms
	BeginReloadAssembly (158ms)
		ExecutionOrderSort (0ms)
		DisableScriptedObjects (4ms)
		BackupInstance (0ms)
		ReleaseScriptingObjects (0ms)
		CreateAndSetChildDomain (38ms)
	RebuildCommonClasses (47ms)
	RebuildNativeTypeToScriptingClass (15ms)
	initialDomainReloadingComplete (32ms)
	LoadAllAssembliesAndSetupDomain (171ms)
		LoadAssemblies (247ms)
		RebuildTransferFunctionScriptingTraits (0ms)
		AnalyzeDomain (10ms)
			TypeCache.Refresh (7ms)
				TypeCache.ScanAssembly (0ms)
			ScanForSourceGeneratedMonoScriptInfo (0ms)
			ResolveRequiredComponents (2ms)
	FinalizeReload (842ms)
		ReleaseScriptCaches (0ms)
		RebuildScriptCaches (0ms)
		SetupLoadedEditorAssemblies (555ms)
			LogAssemblyErrors (0ms)
			InitializePlatformSupportModulesInManaged (30ms)
			SetLoadedEditorAssemblies (4ms)
			RefreshPlugins (0ms)
			BeforeProcessingInitializeOnLoad (40ms)
			ProcessInitializeOnLoadAttributes (435ms)
			ProcessInitializeOnLoadMethodAttributes (43ms)
			AfterProcessingInitializeOnLoad (2ms)
			EditorAssembliesLoaded (0ms)
		ExecutionOrderSort2 (0ms)
		AwakeInstancesAfterBackupRestoration (6ms)
Refreshing native plugins compatible for Editor in 1.14 ms, found 2 plugins.
Preloading 0 native plugins for Editor in 0.00 ms.
Release of invalid GC handle. The handle is from a previous domain. The release operation is skipped.
Release of invalid GC handle native callstack: 
0x00007ff63674eb5d (Unity) StackWalker::GetCurrentCallstack
0x00007ff636753c39 (Unity) StackWalker::ShowCallstack
0x00007ff637744851 (Unity) GetStacktrace
0x00007ff63664ae8d (Unity) ScriptingGCHandle::ReleaseAndClear
0x00007ff636c1081c (Unity) UploadHandlerRaw::`vector deleting destructor'
0x00007ff636c113cd (Unity) UploadHandler::Release
0x00007ff636c0dc6d (Unity) UnityWebRequestProto<UnityWebRequestTransport,AtomicRefCounter,RedirectHelper,ResponseHelper,DownloadHandler,UploadHandler,CertificateHandler,HeaderHelper,AsyncOperation>::~UnityWebRequestProto<UnityWebRequestTransport,AtomicRefCounter,RedirectHelper,ResponseHelper,DownloadHandler,UploadHandler,CertificateHandler,HeaderHelper,AsyncOperation>
0x00007ff636c0df66 (Unity) UnityWebRequest::`vector deleting destructor'
0x00007ff6359640a7 (Unity) UnityWebRequestProto<UnityWebRequestTransport,AtomicRefCounter,RedirectHelper,ResponseHelper,DownloadHandler,UploadHandler,CertificateHandler,HeaderHelper,AsyncOperation>::Release
0x00007ff636c0f995 (Unity) UnityWebRequestAsyncOperation::InvokeCoroutine
0x00007ff636c0fb71 (Unity) UnityWebRequestProto<UnityWebRequestTransport,AtomicRefCounter,RedirectHelper,ResponseHelper,DownloadHandler,UploadHandler,CertificateHandler,HeaderHelper,AsyncOperation>::Job_InvokeCoroutine
0x00007ff636277d2a (Unity) BackgroundJobQueue::ExecuteMainThreadJobs
0x00007ff63632b49f (Unity) PreloadManager::WaitForAllAsyncOperationsToComplete
0x00007ff637aea248 (Unity) <lambda_b37b41f03089e3cb3f55061bbc93253d>::operator()
0x00007ff637b25a22 (Unity) asio::detail::completion_handler<core::mutable_function<void __cdecl(void)>,asio::io_context::basic_executor_type<std::allocator<void>,0> >::do_complete
0x00007ff637b1196e (Unity) asio::detail::win_iocp_io_context::do_one
0x00007ff637b135d4 (Unity) asio::detail::win_iocp_io_context::run
0x00007ff637b23dcc (Unity) IOService::Run
0x00007ff637af71cf (Unity) AssetImportWorkerClient::Run
0x00007ff637ac2b37 (Unity) RunAssetImportWorkerClientV2
0x00007ff637ac2bbb (Unity) RunAssetImporterV2
0x00007ff6372bba5e (Unity) Application::InitializeProject
0x00007ff63774f4e5 (Unity) WinMain
0x00007ff638b014de (Unity) __scrt_common_main_seh
0x00007ffd6b887374 (KERNEL32) BaseThreadInitThunk
0x00007ffd6d89cc91 (ntdll) RtlUserThreadStart
Unloading 1423 Unused Serialized files (Serialized files now loaded: 0)
Unloading 11 unused Assets / (26.6 KB). Loaded Objects now: 2536.
Memory consumption went from 118.3 MB to 118.3 MB.
Total: 3.125300 ms (FindLiveObjects: 0.174200 ms CreateObjectMapping: 0.049600 ms MarkObjects: 2.863500 ms  DeleteObjects: 0.037000 ms)

Prepare: number of updated asset objects reloaded= 0
AssetImportParameters requested are different than current active one (requested -> active):
  custom:video-encoder-webm-vp8: eb34c28f22e8b96e1ab97ce403110664 -> 
  custom:video-decoder-webm-vp8: 9c59270c3fd7afecdb556c50c9e8de78 -> 
  custom:audio-decoder-ogg-vorbis: bf7c407c2cedff20999df2af8eb42d56 -> 
  custom:scripting/monoscript/fileName/PlayerMovement2.cs: de5dad4c3545ad8f9f6984966a40b37a -> 
  custom:SearchIndexIgnoredProperties: e643bd26f0fe6173181afceb89e7c659 -> 
  custom:container-demuxer-ogg: 62fdf1f143b41e24485cea50d1cbac27 -> 
  custom:AudioImporter_EditorPlatform: d09bf68614088b80899f8185d706f6e7 -> 
  custom:CustomObjectIndexerAttribute: 9a22284fe3817be447336de3de66b15e -> 
  custom:scripting/monoscript/fileName/UIManager.cs: 2595dc2cbd41cc2d023a3ebb28d87e9e -> 
  custom:container-demuxer-webm: 4f35f7cbe854078d1ac9338744f61a02 -> 
  custom:scripting/monoscript/fileName/AudioManager.cs: e8310be4479956b7ccf5d41d9f0f6e53 -> 
  custom:scripting/monoscript/fileName/Trunk.cs: 3c77c879876a19ef3d7b12fd707afdea -> 
  custom:scripting/monoscript/fileName/ChunkGenerator.cs: c34ac5ef3d79f6264782925317061fad -> 
  custom:video-decoder-ogg-theora: a1e56fd34408186e4bbccfd4996cb3dc -> 
  custom:audio-encoder-webm-vorbis: bf7c407c2cedff20999df2af8eb42d56 -> 
  custom:framework-win-MediaFoundation: 216162199b28c13a410421893ffa2e32 -> 
  custom:scripting/monoscript/fileName/LunaManager.cs: e885d4774adb3f734d871a05ad5d205e -> 
  custom:scripting/precompiled-assembly-types:Assembly-CSharp: 60efd8020fb67f503afa27bd64304740 -> 482e17d551b00cd7946e9d7b35e05131
  custom:scripting/monoscript/fileName/Chunk.cs: 2c601e55a29a773029fef31d3cc0f584 -> 
  custom:container-muxer-webm: aa71ff27fc2769a1b78a27578f13a17b -> 
========================================================================
Received Prepare
Caller must complete domain reload
Begin MonoManager ReloadAssembly
- Loaded All Assemblies, in  0.445 seconds
Native extension for WindowsStandalone target not found
Native extension for iOS target not found
Native extension for Android target not found
[Package Manager] Server::EnsureServerProcessIsRunning -- launch failed, reason: Unity was launched with the -noUpm command-line argument
[Package Manager] UpmClient::Send -- Unable to send message (not connected to UPM process).
[Package Manager] Cannot connect to Unity Package Manager local server
[Package Manager] Server::EnsureServerProcessIsRunning -- launch failed, reason: Unity was launched with the -noUpm command-line argument
[Package Manager] UpmClient::Send -- Unable to send message (not connected to UPM process).
[Package Manager] Cannot connect to Unity Package Manager local server
Failed to sync packages list
UnityEngine.StackTraceUtility:ExtractStackTrace ()
UnityEngine.DebugLogHandler:LogFormat (UnityEngine.LogType,UnityEngine.Object,string,object[])
UnityEngine.Logger:Log (UnityEngine.LogType,object)
UnityEngine.Debug:LogWarning (object)
 .  / :MoveNext ()
System.Runtime.CompilerServices.AsyncTaskMethodBuilder:Start< .  / > ( .  / &)
 .  :  ()
 .⁤/ :MoveNext ()
System.Runtime.CompilerServices.AsyncTaskMethodBuilder:Start< .⁤/ > ( .⁤/ &)
 .⁤:  ()
System.Reflection.RuntimeMethodInfo:Invoke (object,System.Reflection.BindingFlags,System.Reflection.Binder,object[],System.Globalization.CultureInfo)
System.Reflection.MethodBase:Invoke (object,object[])
UnityEditor.EditorAssemblies:ProcessInitializeOnLoadMethodAttributes ()

Mono: successfully reloaded assembly
- Finished resetting the current domain, in  0.909 seconds
Domain Reload Profiling: 1355ms
	BeginReloadAssembly (192ms)
		ExecutionOrderSort (0ms)
		DisableScriptedObjects (6ms)
		BackupInstance (0ms)
		ReleaseScriptingObjects (0ms)
		CreateAndSetChildDomain (54ms)
	RebuildCommonClasses (41ms)
	RebuildNativeTypeToScriptingClass (16ms)
	initialDomainReloadingComplete (27ms)
	LoadAllAssembliesAndSetupDomain (169ms)
		LoadAssemblies (248ms)
		RebuildTransferFunctionScriptingTraits (0ms)
		AnalyzeDomain (10ms)
			TypeCache.Refresh (5ms)
				TypeCache.ScanAssembly (0ms)
			ScanForSourceGeneratedMonoScriptInfo (0ms)
			ResolveRequiredComponents (3ms)
	FinalizeReload (910ms)
		ReleaseScriptCaches (0ms)
		RebuildScriptCaches (0ms)
		SetupLoadedEditorAssemblies (623ms)
			LogAssemblyErrors (0ms)
			InitializePlatformSupportModulesInManaged (27ms)
			SetLoadedEditorAssemblies (2ms)
			RefreshPlugins (0ms)
			BeforeProcessingInitializeOnLoad (45ms)
			ProcessInitializeOnLoadAttributes (488ms)
			ProcessInitializeOnLoadMethodAttributes (58ms)
			AfterProcessingInitializeOnLoad (2ms)
			EditorAssembliesLoaded (0ms)
		ExecutionOrderSort2 (0ms)
		AwakeInstancesAfterBackupRestoration (7ms)
Refreshing native plugins compatible for Editor in 1.76 ms, found 2 plugins.
Preloading 0 native plugins for Editor in 0.00 ms.
Release of invalid GC handle. The handle is from a previous domain. The release operation is skipped.
Release of invalid GC handle native callstack: 
0x00007ff63674eb5d (Unity) StackWalker::GetCurrentCallstack
0x00007ff636753c39 (Unity) StackWalker::ShowCallstack
0x00007ff637744851 (Unity) GetStacktrace
0x00007ff63664ae8d (Unity) ScriptingGCHandle::ReleaseAndClear
0x00007ff636c1081c (Unity) UploadHandlerRaw::`vector deleting destructor'
0x00007ff636c113cd (Unity) UploadHandler::Release
0x00007ff636c0dc6d (Unity) UnityWebRequestProto<UnityWebRequestTransport,AtomicRefCounter,RedirectHelper,ResponseHelper,DownloadHandler,UploadHandler,CertificateHandler,HeaderHelper,AsyncOperation>::~UnityWebRequestProto<UnityWebRequestTransport,AtomicRefCounter,RedirectHelper,ResponseHelper,DownloadHandler,UploadHandler,CertificateHandler,HeaderHelper,AsyncOperation>
0x00007ff636c0df66 (Unity) UnityWebRequest::`vector deleting destructor'
0x00007ff6359640a7 (Unity) UnityWebRequestProto<UnityWebRequestTransport,AtomicRefCounter,RedirectHelper,ResponseHelper,DownloadHandler,UploadHandler,CertificateHandler,HeaderHelper,AsyncOperation>::Release
0x00007ff636c0f995 (Unity) UnityWebRequestAsyncOperation::InvokeCoroutine
0x00007ff636c0fb71 (Unity) UnityWebRequestProto<UnityWebRequestTransport,AtomicRefCounter,RedirectHelper,ResponseHelper,DownloadHandler,UploadHandler,CertificateHandler,HeaderHelper,AsyncOperation>::Job_InvokeCoroutine
0x00007ff636277d2a (Unity) BackgroundJobQueue::ExecuteMainThreadJobs
0x00007ff63632b49f (Unity) PreloadManager::WaitForAllAsyncOperationsToComplete
0x00007ff637aea248 (Unity) <lambda_b37b41f03089e3cb3f55061bbc93253d>::operator()
0x00007ff637b25a22 (Unity) asio::detail::completion_handler<core::mutable_function<void __cdecl(void)>,asio::io_context::basic_executor_type<std::allocator<void>,0> >::do_complete
0x00007ff637b1196e (Unity) asio::detail::win_iocp_io_context::do_one
0x00007ff637b135d4 (Unity) asio::detail::win_iocp_io_context::run
0x00007ff637b23dcc (Unity) IOService::Run
0x00007ff637af71cf (Unity) AssetImportWorkerClient::Run
0x00007ff637ac2b37 (Unity) RunAssetImportWorkerClientV2
0x00007ff637ac2bbb (Unity) RunAssetImporterV2
0x00007ff6372bba5e (Unity) Application::InitializeProject
0x00007ff63774f4e5 (Unity) WinMain
0x00007ff638b014de (Unity) __scrt_common_main_seh
0x00007ffd6b887374 (KERNEL32) BaseThreadInitThunk
0x00007ffd6d89cc91 (ntdll) RtlUserThreadStart
Unloading 1423 Unused Serialized files (Serialized files now loaded: 0)
Unloading 11 unused Assets / (26.6 KB). Loaded Objects now: 2541.
Memory consumption went from 118.4 MB to 118.4 MB.
Total: 2.814900 ms (FindLiveObjects: 0.161000 ms CreateObjectMapping: 0.044300 ms MarkObjects: 2.573600 ms  DeleteObjects: 0.035000 ms)

Prepare: number of updated asset objects reloaded= 0
AssetImportParameters requested are different than current active one (requested -> active):
  custom:video-encoder-webm-vp8: eb34c28f22e8b96e1ab97ce403110664 -> 
  custom:video-decoder-webm-vp8: 9c59270c3fd7afecdb556c50c9e8de78 -> 
  custom:audio-decoder-ogg-vorbis: bf7c407c2cedff20999df2af8eb42d56 -> 
  custom:scripting/monoscript/fileName/PlayerMovement2.cs: de5dad4c3545ad8f9f6984966a40b37a -> 
  custom:SearchIndexIgnoredProperties: e643bd26f0fe6173181afceb89e7c659 -> 
  custom:container-demuxer-ogg: 62fdf1f143b41e24485cea50d1cbac27 -> 
  custom:AudioImporter_EditorPlatform: d09bf68614088b80899f8185d706f6e7 -> 
  custom:CustomObjectIndexerAttribute: 9a22284fe3817be447336de3de66b15e -> 
  custom:scripting/monoscript/fileName/UIManager.cs: 2595dc2cbd41cc2d023a3ebb28d87e9e -> 
  custom:container-demuxer-webm: 4f35f7cbe854078d1ac9338744f61a02 -> 
  custom:scripting/monoscript/fileName/AudioManager.cs: e8310be4479956b7ccf5d41d9f0f6e53 -> 
  custom:scripting/monoscript/fileName/Trunk.cs: 3c77c879876a19ef3d7b12fd707afdea -> 
  custom:scripting/monoscript/fileName/ChunkGenerator.cs: c34ac5ef3d79f6264782925317061fad -> 
  custom:video-decoder-ogg-theora: a1e56fd34408186e4bbccfd4996cb3dc -> 
  custom:audio-encoder-webm-vorbis: bf7c407c2cedff20999df2af8eb42d56 -> 
  custom:framework-win-MediaFoundation: 216162199b28c13a410421893ffa2e32 -> 
  custom:scripting/monoscript/fileName/LunaManager.cs: e885d4774adb3f734d871a05ad5d205e -> 
  custom:scripting/precompiled-assembly-types:Assembly-CSharp: 60efd8020fb67f503afa27bd64304740 -> 482e17d551b00cd7946e9d7b35e05131
  custom:scripting/monoscript/fileName/Chunk.cs: 2c601e55a29a773029fef31d3cc0f584 -> 
  custom:container-muxer-webm: aa71ff27fc2769a1b78a27578f13a17b -> 
========================================================================
Received Import Request.
  Time since last request: 16516.412576 seconds.
  path: Assets/TextMesh Pro/Resources/Fonts & Materials/LiberationSans SDF - Fallback.asset
  artifactKey: Guid(2e498d1c8094910479dc3e1b768306a4) Importer(815301076,1909f56bfc062723c751e8b465ee728b)
Start importing Assets/TextMesh Pro/Resources/Fonts & Materials/LiberationSans SDF - Fallback.asset using Guid(2e498d1c8094910479dc3e1b768306a4) Importer(815301076,1909f56bfc062723c751e8b465ee728b) [PhysX] Initialized MultithreadedTaskDispatcher with 12 workers.
[PhysX] Initialized MultithreadedTaskDispatcher with 12 workers.
[PhysX] Initialized MultithreadedTaskDispatcher with 12 workers.
 -> (artifact id: '02de02c368f2da0774dce83cdb2a5a99') in 0.191797 seconds
Number of updated asset objects reloaded before import = 0
Number of asset objects unloaded after import = 7
========================================================================
Received Import Request.
  Time since last request: 13.046504 seconds.
  path: Assets/TextMesh Pro/Resources/Fonts & Materials/LiberationSans SDF - Outline.mat
  artifactKey: Guid(79459efec17a4d00a321bdcc27bbc385) Importer(815301076,1909f56bfc062723c751e8b465ee728b)
Start importing Assets/TextMesh Pro/Resources/Fonts & Materials/LiberationSans SDF - Outline.mat using Guid(79459efec17a4d00a321bdcc27bbc385) Importer(815301076,1909f56bfc062723c751e8b465ee728b) [PhysX] Initialized MultithreadedTaskDispatcher with 12 workers.
[PhysX] Initialized MultithreadedTaskDispatcher with 12 workers.
 -> (artifact id: '4a65fc3ec130d401722d1468487d370f') in 0.084125 seconds
Number of updated asset objects reloaded before import = 0
Number of asset objects unloaded after import = 3
========================================================================
Received Prepare
Caller must complete domain reload
Begin MonoManager ReloadAssembly
- Loaded All Assemblies, in  0.477 seconds
Native extension for WindowsStandalone target not found
Native extension for iOS target not found
Native extension for Android target not found
[Package Manager] Server::EnsureServerProcessIsRunning -- launch failed, reason: Unity was launched with the -noUpm command-line argument
[Package Manager] UpmClient::Send -- Unable to send message (not connected to UPM process).
[Package Manager] Cannot connect to Unity Package Manager local server
[Package Manager] Server::EnsureServerProcessIsRunning -- launch failed, reason: Unity was launched with the -noUpm command-line argument
[Package Manager] UpmClient::Send -- Unable to send message (not connected to UPM process).
[Package Manager] Cannot connect to Unity Package Manager local server
Failed to sync packages list
UnityEngine.StackTraceUtility:ExtractStackTrace ()
UnityEngine.DebugLogHandler:LogFormat (UnityEngine.LogType,UnityEngine.Object,string,object[])
UnityEngine.Logger:Log (UnityEngine.LogType,object)
UnityEngine.Debug:LogWarning (object)
 .  / :MoveNext ()
System.Runtime.CompilerServices.AsyncTaskMethodBuilder:Start< .  / > ( .  / &)
 .  :  ()
 .⁤/ :MoveNext ()
System.Runtime.CompilerServices.AsyncTaskMethodBuilder:Start< .⁤/ > ( .⁤/ &)
 .⁤:  ()
System.Reflection.RuntimeMethodInfo:Invoke (object,System.Reflection.BindingFlags,System.Reflection.Binder,object[],System.Globalization.CultureInfo)
System.Reflection.MethodBase:Invoke (object,object[])
UnityEditor.EditorAssemblies:ProcessInitializeOnLoadMethodAttributes ()

Mono: successfully reloaded assembly
- Finished resetting the current domain, in  1.098 seconds
Domain Reload Profiling: 1575ms
	BeginReloadAssembly (170ms)
		ExecutionOrderSort (0ms)
		DisableScriptedObjects (4ms)
		BackupInstance (0ms)
		ReleaseScriptingObjects (0ms)
		CreateAndSetChildDomain (40ms)
	RebuildCommonClasses (36ms)
	RebuildNativeTypeToScriptingClass (11ms)
	initialDomainReloadingComplete (30ms)
	LoadAllAssembliesAndSetupDomain (229ms)
		LoadAssemblies (278ms)
		RebuildTransferFunctionScriptingTraits (0ms)
		AnalyzeDomain (41ms)
			TypeCache.Refresh (33ms)
				TypeCache.ScanAssembly (24ms)
			ScanForSourceGeneratedMonoScriptInfo (5ms)
			ResolveRequiredComponents (3ms)
	FinalizeReload (1099ms)
		ReleaseScriptCaches (0ms)
		RebuildScriptCaches (0ms)
		SetupLoadedEditorAssemblies (810ms)
			LogAssemblyErrors (0ms)
			InitializePlatformSupportModulesInManaged (29ms)
			SetLoadedEditorAssemblies (4ms)
			RefreshPlugins (0ms)
			BeforeProcessingInitializeOnLoad (42ms)
			ProcessInitializeOnLoadAttributes (567ms)
			ProcessInitializeOnLoadMethodAttributes (166ms)
			AfterProcessingInitializeOnLoad (2ms)
			EditorAssembliesLoaded (0ms)
		ExecutionOrderSort2 (0ms)
		AwakeInstancesAfterBackupRestoration (8ms)
Refreshing native plugins compatible for Editor in 2.15 ms, found 2 plugins.
Preloading 0 native plugins for Editor in 0.00 ms.
Release of invalid GC handle. The handle is from a previous domain. The release operation is skipped.
Release of invalid GC handle native callstack: 
0x00007ff63674eb5d (Unity) StackWalker::GetCurrentCallstack
0x00007ff636753c39 (Unity) StackWalker::ShowCallstack
0x00007ff637744851 (Unity) GetStacktrace
0x00007ff63664ae8d (Unity) ScriptingGCHandle::ReleaseAndClear
0x00007ff636c1081c (Unity) UploadHandlerRaw::`vector deleting destructor'
0x00007ff636c113cd (Unity) UploadHandler::Release
0x00007ff636c0dc6d (Unity) UnityWebRequestProto<UnityWebRequestTransport,AtomicRefCounter,RedirectHelper,ResponseHelper,DownloadHandler,UploadHandler,CertificateHandler,HeaderHelper,AsyncOperation>::~UnityWebRequestProto<UnityWebRequestTransport,AtomicRefCounter,RedirectHelper,ResponseHelper,DownloadHandler,UploadHandler,CertificateHandler,HeaderHelper,AsyncOperation>
0x00007ff636c0df66 (Unity) UnityWebRequest::`vector deleting destructor'
0x00007ff6359640a7 (Unity) UnityWebRequestProto<UnityWebRequestTransport,AtomicRefCounter,RedirectHelper,ResponseHelper,DownloadHandler,UploadHandler,CertificateHandler,HeaderHelper,AsyncOperation>::Release
0x00007ff636c0f995 (Unity) UnityWebRequestAsyncOperation::InvokeCoroutine
0x00007ff636c0fb71 (Unity) UnityWebRequestProto<UnityWebRequestTransport,AtomicRefCounter,RedirectHelper,ResponseHelper,DownloadHandler,UploadHandler,CertificateHandler,HeaderHelper,AsyncOperation>::Job_InvokeCoroutine
0x00007ff636277d2a (Unity) BackgroundJobQueue::ExecuteMainThreadJobs
0x00007ff63632b49f (Unity) PreloadManager::WaitForAllAsyncOperationsToComplete
0x00007ff637aea248 (Unity) <lambda_b37b41f03089e3cb3f55061bbc93253d>::operator()
0x00007ff637b25a22 (Unity) asio::detail::completion_handler<core::mutable_function<void __cdecl(void)>,asio::io_context::basic_executor_type<std::allocator<void>,0> >::do_complete
0x00007ff637b1196e (Unity) asio::detail::win_iocp_io_context::do_one
0x00007ff637b135d4 (Unity) asio::detail::win_iocp_io_context::run
0x00007ff637b23dcc (Unity) IOService::Run
0x00007ff637af71cf (Unity) AssetImportWorkerClient::Run
0x00007ff637ac2b37 (Unity) RunAssetImportWorkerClientV2
0x00007ff637ac2bbb (Unity) RunAssetImporterV2
0x00007ff6372bba5e (Unity) Application::InitializeProject
0x00007ff63774f4e5 (Unity) WinMain
0x00007ff638b014de (Unity) __scrt_common_main_seh
0x00007ffd6b887374 (KERNEL32) BaseThreadInitThunk
0x00007ffd6d89cc91 (ntdll) RtlUserThreadStart
Unloading 1457 Unused Serialized files (Serialized files now loaded: 0)
Unloading 29 unused Assets / (0.7 MB). Loaded Objects now: 2617.
Memory consumption went from 123.5 MB to 122.8 MB.
Total: 11.915400 ms (FindLiveObjects: 0.263700 ms CreateObjectMapping: 0.100300 ms MarkObjects: 9.733100 ms  DeleteObjects: 1.816400 ms)

Prepare: number of updated asset objects reloaded= 0
AssetImportParameters requested are different than current active one (requested -> active):
  custom:video-encoder-webm-vp8: eb34c28f22e8b96e1ab97ce403110664 -> 
  custom:video-decoder-webm-vp8: 9c59270c3fd7afecdb556c50c9e8de78 -> 
  custom:scripting/precompiled-assembly-types:DOTweenPro: a663f20935f73026b0a02781a4652876 -> 
  custom:scripting/monoscript/fileName/DOTweenModulePhysics.cs: 87f8974001cd2397421cfdcad1904e83 -> 
  custom:audio-decoder-ogg-vorbis: bf7c407c2cedff20999df2af8eb42d56 -> 
  custom:scripting/precompiled-assembly-types:DemiLib: 2d2fa88ff7102d8d3fb38715c5e5e089 -> 
  custom:scripting/monoscript/fileName/PlayerMovement2.cs: de5dad4c3545ad8f9f6984966a40b37a -> 
  custom:SearchIndexIgnoredProperties: e643bd26f0fe6173181afceb89e7c659 -> 
  custom:scripting/monoscript/fileName/DOTweenModuleUtils.cs: 34ad347c902a97803d1c13fe65e97957 -> 
  custom:container-demuxer-ogg: 62fdf1f143b41e24485cea50d1cbac27 -> 
  custom:AudioImporter_EditorPlatform: d09bf68614088b80899f8185d706f6e7 -> 
  custom:CustomObjectIndexerAttribute: 9a22284fe3817be447336de3de66b15e -> 
  custom:scripting/monoscript/fileName/DOTweenModuleAudio.cs: 371877257ce39f5f0996ea556debbc8a -> 
  custom:scripting/monoscript/fileName/DOTweenPreviewManager.cs: c36c1e1f6226ef87f96bd51d8bc96fa8 -> 
  custom:scripting/monoscript/fileName/DOTweenModulePhysics2D.cs: 63b0e5981d81d026672954b54596f5ae -> 
  custom:scripting/precompiled-assembly-types:DemiEditor: 9713a9ebd7b71f042b3f988bdcfde787 -> 
  custom:scripting/monoscript/fileName/UIManager.cs: 2595dc2cbd41cc2d023a3ebb28d87e9e -> 
  custom:container-demuxer-webm: 4f35f7cbe854078d1ac9338744f61a02 -> 
  custom:scripting/monoscript/fileName/DOTweenAnimation.cs: 286489be3d35a4600ea78795edfec99e -> 
  custom:scripting/monoscript/fileName/AudioManager.cs: e8310be4479956b7ccf5d41d9f0f6e53 -> 
  custom:scripting/monoscript/fileName/Trunk.cs: 3c77c879876a19ef3d7b12fd707afdea -> 
  custom:scripting/monoscript/fileName/DOTweenProShortcuts.cs: 3862ae8ad7f99f5efe22902c80795369 -> 
  custom:scripting/precompiled-assembly-types:DOTweenEditor: 1efdf497b099e4e6944f0dd7fb28c744 -> 
  custom:scripting/monoscript/fileName/DOTweenAnimationInspector.cs: e2903dd856fc6b745b3db9c24a3d69cd -> 
  custom:scripting/monoscript/fileName/ChunkGenerator.cs: c34ac5ef3d79f6264782925317061fad -> 
  custom:scripting/precompiled-assembly-types:Assembly-CSharp-Editor-firstpass: 23c2b7ec28c59d5ca69f596615a98fdc -> 
  custom:video-decoder-ogg-theora: a1e56fd34408186e4bbccfd4996cb3dc -> 
  custom:audio-encoder-webm-vorbis: bf7c407c2cedff20999df2af8eb42d56 -> 
  custom:scripting/monoscript/fileName/DOTweenModuleUnityVersion.cs: 5fda8b30fb2f0276062c9b201e3b53c4 -> 
  custom:scripting/monoscript/fileName/DOTweenModuleUI.cs: 53c26b618f695b59a868eebdc97332ad -> 
  custom:framework-win-MediaFoundation: 216162199b28c13a410421893ffa2e32 -> 
  custom:scripting/monoscript/fileName/LunaManager.cs: e885d4774adb3f734d871a05ad5d205e -> 
  custom:scripting/precompiled-assembly-types:Assembly-CSharp: 60efd8020fb67f503afa27bd64304740 -> 482e17d551b00cd7946e9d7b35e05131
  custom:scripting/precompiled-assembly-types:Assembly-CSharp-firstpass: b26c67f6a15d994bd0760e04fc84091b -> 
  custom:scripting/precompiled-assembly-types:DOTweenProEditor: 51bc1a80d96a2a35af34dfc86b4db341 -> 
  custom:scripting/monoscript/fileName/Chunk.cs: 2c601e55a29a773029fef31d3cc0f584 -> 
  custom:container-muxer-webm: aa71ff27fc2769a1b78a27578f13a17b -> 
  custom:scripting/monoscript/fileName/DOTweenModuleSprite.cs: e35fb5eb1c483cffc283a374a5e25466 -> 
  custom:scripting/precompiled-assembly-types:DOTween: 41770a3e10244ae0a34e714162bbdba6 -> 
========================================================================
Received Prepare
Caller must complete domain reload
Begin MonoManager ReloadAssembly
- Loaded All Assemblies, in  0.448 seconds
Native extension for WindowsStandalone target not found
Native extension for iOS target not found
Native extension for Android target not found
[Package Manager] Server::EnsureServerProcessIsRunning -- launch failed, reason: Unity was launched with the -noUpm command-line argument
[Package Manager] UpmClient::Send -- Unable to send message (not connected to UPM process).
[Package Manager] Cannot connect to Unity Package Manager local server
[Package Manager] Server::EnsureServerProcessIsRunning -- launch failed, reason: Unity was launched with the -noUpm command-line argument
[Package Manager] UpmClient::Send -- Unable to send message (not connected to UPM process).
[Package Manager] Cannot connect to Unity Package Manager local server
Failed to sync packages list
UnityEngine.StackTraceUtility:ExtractStackTrace ()
UnityEngine.DebugLogHandler:LogFormat (UnityEngine.LogType,UnityEngine.Object,string,object[])
UnityEngine.Logger:Log (UnityEngine.LogType,object)
UnityEngine.Debug:LogWarning (object)
 .  / :MoveNext ()
System.Runtime.CompilerServices.AsyncTaskMethodBuilder:Start< .  / > ( .  / &)
 .  :  ()
 .⁤/ :MoveNext ()
System.Runtime.CompilerServices.AsyncTaskMethodBuilder:Start< .⁤/ > ( .⁤/ &)
 .⁤:  ()
System.Reflection.RuntimeMethodInfo:Invoke (object,System.Reflection.BindingFlags,System.Reflection.Binder,object[],System.Globalization.CultureInfo)
System.Reflection.MethodBase:Invoke (object,object[])
UnityEditor.EditorAssemblies:ProcessInitializeOnLoadMethodAttributes ()

Mono: successfully reloaded assembly
- Finished resetting the current domain, in  0.743 seconds
Domain Reload Profiling: 1192ms
	BeginReloadAssembly (153ms)
		ExecutionOrderSort (0ms)
		DisableScriptedObjects (4ms)
		BackupInstance (0ms)
		ReleaseScriptingObjects (0ms)
		CreateAndSetChildDomain (42ms)
	RebuildCommonClasses (39ms)
	RebuildNativeTypeToScriptingClass (10ms)
	initialDomainReloadingComplete (22ms)
	LoadAllAssembliesAndSetupDomain (224ms)
		LoadAssemblies (243ms)
		RebuildTransferFunctionScriptingTraits (0ms)
		AnalyzeDomain (60ms)
			TypeCache.Refresh (48ms)
				TypeCache.ScanAssembly (37ms)
			ScanForSourceGeneratedMonoScriptInfo (9ms)
			ResolveRequiredComponents (3ms)
	FinalizeReload (744ms)
		ReleaseScriptCaches (0ms)
		RebuildScriptCaches (0ms)
		SetupLoadedEditorAssemblies (494ms)
			LogAssemblyErrors (0ms)
			InitializePlatformSupportModulesInManaged (24ms)
			SetLoadedEditorAssemblies (2ms)
			RefreshPlugins (0ms)
			BeforeProcessingInitializeOnLoad (40ms)
			ProcessInitializeOnLoadAttributes (381ms)
			ProcessInitializeOnLoadMethodAttributes (43ms)
			AfterProcessingInitializeOnLoad (3ms)
			EditorAssembliesLoaded (0ms)
		ExecutionOrderSort2 (0ms)
		AwakeInstancesAfterBackupRestoration (8ms)
Refreshing native plugins compatible for Editor in 1.05 ms, found 2 plugins.
Preloading 0 native plugins for Editor in 0.00 ms.
Release of invalid GC handle. The handle is from a previous domain. The release operation is skipped.
Release of invalid GC handle native callstack: 
0x00007ff63674eb5d (Unity) StackWalker::GetCurrentCallstack
0x00007ff636753c39 (Unity) StackWalker::ShowCallstack
0x00007ff637744851 (Unity) GetStacktrace
0x00007ff63664ae8d (Unity) ScriptingGCHandle::ReleaseAndClear
0x00007ff636c1081c (Unity) UploadHandlerRaw::`vector deleting destructor'
0x00007ff636c113cd (Unity) UploadHandler::Release
0x00007ff636c0dc6d (Unity) UnityWebRequestProto<UnityWebRequestTransport,AtomicRefCounter,RedirectHelper,ResponseHelper,DownloadHandler,UploadHandler,CertificateHandler,HeaderHelper,AsyncOperation>::~UnityWebRequestProto<UnityWebRequestTransport,AtomicRefCounter,RedirectHelper,ResponseHelper,DownloadHandler,UploadHandler,CertificateHandler,HeaderHelper,AsyncOperation>
0x00007ff636c0df66 (Unity) UnityWebRequest::`vector deleting destructor'
0x00007ff6359640a7 (Unity) UnityWebRequestProto<UnityWebRequestTransport,AtomicRefCounter,RedirectHelper,ResponseHelper,DownloadHandler,UploadHandler,CertificateHandler,HeaderHelper,AsyncOperation>::Release
0x00007ff636c0f995 (Unity) UnityWebRequestAsyncOperation::InvokeCoroutine
0x00007ff636c0fb71 (Unity) UnityWebRequestProto<UnityWebRequestTransport,AtomicRefCounter,RedirectHelper,ResponseHelper,DownloadHandler,UploadHandler,CertificateHandler,HeaderHelper,AsyncOperation>::Job_InvokeCoroutine
0x00007ff636277d2a (Unity) BackgroundJobQueue::ExecuteMainThreadJobs
0x00007ff63632b49f (Unity) PreloadManager::WaitForAllAsyncOperationsToComplete
0x00007ff637aea248 (Unity) <lambda_b37b41f03089e3cb3f55061bbc93253d>::operator()
0x00007ff637b25a22 (Unity) asio::detail::completion_handler<core::mutable_function<void __cdecl(void)>,asio::io_context::basic_executor_type<std::allocator<void>,0> >::do_complete
0x00007ff637b1196e (Unity) asio::detail::win_iocp_io_context::do_one
0x00007ff637b135d4 (Unity) asio::detail::win_iocp_io_context::run
0x00007ff637b23dcc (Unity) IOService::Run
0x00007ff637af71cf (Unity) AssetImportWorkerClient::Run
0x00007ff637ac2b37 (Unity) RunAssetImportWorkerClientV2
0x00007ff637ac2bbb (Unity) RunAssetImporterV2
0x00007ff6372bba5e (Unity) Application::InitializeProject
0x00007ff63774f4e5 (Unity) WinMain
0x00007ff638b014de (Unity) __scrt_common_main_seh
0x00007ffd6b887374 (KERNEL32) BaseThreadInitThunk
0x00007ffd6d89cc91 (ntdll) RtlUserThreadStart
Unloading 1457 Unused Serialized files (Serialized files now loaded: 0)
Unloading 29 unused Assets / (0.7 MB). Loaded Objects now: 2622.
Memory consumption went from 123.7 MB to 123.0 MB.
Total: 4.458200 ms (FindLiveObjects: 0.198800 ms CreateObjectMapping: 0.073300 ms MarkObjects: 3.527100 ms  DeleteObjects: 0.657400 ms)

Prepare: number of updated asset objects reloaded= 0
AssetImportParameters requested are different than current active one (requested -> active):
  custom:video-encoder-webm-vp8: eb34c28f22e8b96e1ab97ce403110664 -> 
  custom:video-decoder-webm-vp8: 9c59270c3fd7afecdb556c50c9e8de78 -> 
  custom:scripting/precompiled-assembly-types:DOTweenPro: a663f20935f73026b0a02781a4652876 -> 
  custom:scripting/monoscript/fileName/DOTweenModulePhysics.cs: 87f8974001cd2397421cfdcad1904e83 -> 
  custom:audio-decoder-ogg-vorbis: bf7c407c2cedff20999df2af8eb42d56 -> 
  custom:scripting/precompiled-assembly-types:DemiLib: 2d2fa88ff7102d8d3fb38715c5e5e089 -> 
  custom:scripting/monoscript/fileName/PlayerMovement2.cs: de5dad4c3545ad8f9f6984966a40b37a -> 
  custom:SearchIndexIgnoredProperties: e643bd26f0fe6173181afceb89e7c659 -> 
  custom:scripting/monoscript/fileName/DOTweenModuleUtils.cs: 34ad347c902a97803d1c13fe65e97957 -> 
  custom:container-demuxer-ogg: 62fdf1f143b41e24485cea50d1cbac27 -> 
  custom:AudioImporter_EditorPlatform: d09bf68614088b80899f8185d706f6e7 -> 
  custom:CustomObjectIndexerAttribute: 9a22284fe3817be447336de3de66b15e -> 
  custom:scripting/monoscript/fileName/DOTweenModuleAudio.cs: 371877257ce39f5f0996ea556debbc8a -> 
  custom:scripting/monoscript/fileName/DOTweenPreviewManager.cs: c36c1e1f6226ef87f96bd51d8bc96fa8 -> 
  custom:scripting/monoscript/fileName/DOTweenModulePhysics2D.cs: 63b0e5981d81d026672954b54596f5ae -> 
  custom:scripting/precompiled-assembly-types:DemiEditor: 9713a9ebd7b71f042b3f988bdcfde787 -> 
  custom:scripting/monoscript/fileName/UIManager.cs: 2595dc2cbd41cc2d023a3ebb28d87e9e -> 
  custom:container-demuxer-webm: 4f35f7cbe854078d1ac9338744f61a02 -> 
  custom:scripting/monoscript/fileName/DOTweenAnimation.cs: 286489be3d35a4600ea78795edfec99e -> 
  custom:scripting/monoscript/fileName/AudioManager.cs: e8310be4479956b7ccf5d41d9f0f6e53 -> 
  custom:scripting/monoscript/fileName/Trunk.cs: 3c77c879876a19ef3d7b12fd707afdea -> 
  custom:scripting/monoscript/fileName/DOTweenProShortcuts.cs: 3862ae8ad7f99f5efe22902c80795369 -> 
  custom:scripting/precompiled-assembly-types:DOTweenEditor: 1efdf497b099e4e6944f0dd7fb28c744 -> 
  custom:scripting/monoscript/fileName/DOTweenAnimationInspector.cs: e2903dd856fc6b745b3db9c24a3d69cd -> 
  custom:scripting/monoscript/fileName/ChunkGenerator.cs: c34ac5ef3d79f6264782925317061fad -> 
  custom:scripting/precompiled-assembly-types:Assembly-CSharp-Editor-firstpass: 23c2b7ec28c59d5ca69f596615a98fdc -> 
  custom:video-decoder-ogg-theora: a1e56fd34408186e4bbccfd4996cb3dc -> 
  custom:audio-encoder-webm-vorbis: bf7c407c2cedff20999df2af8eb42d56 -> 
  custom:scripting/monoscript/fileName/DOTweenModuleUnityVersion.cs: 5fda8b30fb2f0276062c9b201e3b53c4 -> 
  custom:scripting/monoscript/fileName/DOTweenModuleUI.cs: 53c26b618f695b59a868eebdc97332ad -> 
  custom:framework-win-MediaFoundation: 216162199b28c13a410421893ffa2e32 -> 
  custom:scripting/monoscript/fileName/LunaManager.cs: e885d4774adb3f734d871a05ad5d205e -> 
  custom:scripting/precompiled-assembly-types:Assembly-CSharp: 60efd8020fb67f503afa27bd64304740 -> 482e17d551b00cd7946e9d7b35e05131
  custom:scripting/precompiled-assembly-types:Assembly-CSharp-firstpass: b26c67f6a15d994bd0760e04fc84091b -> 
  custom:scripting/precompiled-assembly-types:DOTweenProEditor: 51bc1a80d96a2a35af34dfc86b4db341 -> 
  custom:scripting/monoscript/fileName/Chunk.cs: 2c601e55a29a773029fef31d3cc0f584 -> 
  custom:container-muxer-webm: aa71ff27fc2769a1b78a27578f13a17b -> 
  custom:scripting/monoscript/fileName/DOTweenModuleSprite.cs: e35fb5eb1c483cffc283a374a5e25466 -> 
  custom:scripting/precompiled-assembly-types:DOTween: 41770a3e10244ae0a34e714162bbdba6 -> 
========================================================================
Received Prepare
Caller must complete domain reload
Begin MonoManager ReloadAssembly
- Loaded All Assemblies, in  0.390 seconds
Native extension for WindowsStandalone target not found
Native extension for iOS target not found
Native extension for Android target not found
[Package Manager] Server::EnsureServerProcessIsRunning -- launch failed, reason: Unity was launched with the -noUpm command-line argument
[Package Manager] UpmClient::Send -- Unable to send message (not connected to UPM process).
[Package Manager] Cannot connect to Unity Package Manager local server
[Package Manager] Server::EnsureServerProcessIsRunning -- launch failed, reason: Unity was launched with the -noUpm command-line argument
[Package Manager] UpmClient::Send -- Unable to send message (not connected to UPM process).
[Package Manager] Cannot connect to Unity Package Manager local server
Failed to sync packages list
UnityEngine.StackTraceUtility:ExtractStackTrace ()
UnityEngine.DebugLogHandler:LogFormat (UnityEngine.LogType,UnityEngine.Object,string,object[])
UnityEngine.Logger:Log (UnityEngine.LogType,object)
UnityEngine.Debug:LogWarning (object)
 .  / :MoveNext ()
System.Runtime.CompilerServices.AsyncTaskMethodBuilder:Start< .  / > ( .  / &)
 .  :  ()
 .⁤/ :MoveNext ()
System.Runtime.CompilerServices.AsyncTaskMethodBuilder:Start< .⁤/ > ( .⁤/ &)
 .⁤:  ()
System.Reflection.RuntimeMethodInfo:Invoke (object,System.Reflection.BindingFlags,System.Reflection.Binder,object[],System.Globalization.CultureInfo)
System.Reflection.MethodBase:Invoke (object,object[])
UnityEditor.EditorAssemblies:ProcessInitializeOnLoadMethodAttributes ()

Mono: successfully reloaded assembly
- Finished resetting the current domain, in  0.746 seconds
Domain Reload Profiling: 1136ms
	BeginReloadAssembly (160ms)
		ExecutionOrderSort (0ms)
		DisableScriptedObjects (4ms)
		BackupInstance (0ms)
		ReleaseScriptingObjects (0ms)
		CreateAndSetChildDomain (44ms)
	RebuildCommonClasses (31ms)
	RebuildNativeTypeToScriptingClass (9ms)
	initialDomainReloadingComplete (23ms)
	LoadAllAssembliesAndSetupDomain (166ms)
		LoadAssemblies (226ms)
		RebuildTransferFunctionScriptingTraits (0ms)
		AnalyzeDomain (18ms)
			TypeCache.Refresh (7ms)
				TypeCache.ScanAssembly (0ms)
			ScanForSourceGeneratedMonoScriptInfo (7ms)
			ResolveRequiredComponents (3ms)
	FinalizeReload (747ms)
		ReleaseScriptCaches (0ms)
		RebuildScriptCaches (0ms)
		SetupLoadedEditorAssemblies (504ms)
			LogAssemblyErrors (0ms)
			InitializePlatformSupportModulesInManaged (26ms)
			SetLoadedEditorAssemblies (3ms)
			RefreshPlugins (0ms)
			BeforeProcessingInitializeOnLoad (39ms)
			ProcessInitializeOnLoadAttributes (390ms)
			ProcessInitializeOnLoadMethodAttributes (44ms)
			AfterProcessingInitializeOnLoad (3ms)
			EditorAssembliesLoaded (0ms)
		ExecutionOrderSort2 (0ms)
		AwakeInstancesAfterBackupRestoration (8ms)
Refreshing native plugins compatible for Editor in 0.97 ms, found 2 plugins.
Preloading 0 native plugins for Editor in 0.00 ms.
Release of invalid GC handle. The handle is from a previous domain. The release operation is skipped.
Release of invalid GC handle native callstack: 
0x00007ff63674eb5d (Unity) StackWalker::GetCurrentCallstack
0x00007ff636753c39 (Unity) StackWalker::ShowCallstack
0x00007ff637744851 (Unity) GetStacktrace
0x00007ff63664ae8d (Unity) ScriptingGCHandle::ReleaseAndClear
0x00007ff636c1081c (Unity) UploadHandlerRaw::`vector deleting destructor'
0x00007ff636c113cd (Unity) UploadHandler::Release
0x00007ff636c0dc6d (Unity) UnityWebRequestProto<UnityWebRequestTransport,AtomicRefCounter,RedirectHelper,ResponseHelper,DownloadHandler,UploadHandler,CertificateHandler,HeaderHelper,AsyncOperation>::~UnityWebRequestProto<UnityWebRequestTransport,AtomicRefCounter,RedirectHelper,ResponseHelper,DownloadHandler,UploadHandler,CertificateHandler,HeaderHelper,AsyncOperation>
0x00007ff636c0df66 (Unity) UnityWebRequest::`vector deleting destructor'
0x00007ff6359640a7 (Unity) UnityWebRequestProto<UnityWebRequestTransport,AtomicRefCounter,RedirectHelper,ResponseHelper,DownloadHandler,UploadHandler,CertificateHandler,HeaderHelper,AsyncOperation>::Release
0x00007ff636c0f995 (Unity) UnityWebRequestAsyncOperation::InvokeCoroutine
0x00007ff636c0fb71 (Unity) UnityWebRequestProto<UnityWebRequestTransport,AtomicRefCounter,RedirectHelper,ResponseHelper,DownloadHandler,UploadHandler,CertificateHandler,HeaderHelper,AsyncOperation>::Job_InvokeCoroutine
0x00007ff636277d2a (Unity) BackgroundJobQueue::ExecuteMainThreadJobs
0x00007ff63632b49f (Unity) PreloadManager::WaitForAllAsyncOperationsToComplete
0x00007ff637aea248 (Unity) <lambda_b37b41f03089e3cb3f55061bbc93253d>::operator()
0x00007ff637b25a22 (Unity) asio::detail::completion_handler<core::mutable_function<void __cdecl(void)>,asio::io_context::basic_executor_type<std::allocator<void>,0> >::do_complete
0x00007ff637b1196e (Unity) asio::detail::win_iocp_io_context::do_one
0x00007ff637b135d4 (Unity) asio::detail::win_iocp_io_context::run
0x00007ff637b23dcc (Unity) IOService::Run
0x00007ff637af71cf (Unity) AssetImportWorkerClient::Run
0x00007ff637ac2b37 (Unity) RunAssetImportWorkerClientV2
0x00007ff637ac2bbb (Unity) RunAssetImporterV2
0x00007ff6372bba5e (Unity) Application::InitializeProject
0x00007ff63774f4e5 (Unity) WinMain
0x00007ff638b014de (Unity) __scrt_common_main_seh
0x00007ffd6b887374 (KERNEL32) BaseThreadInitThunk
0x00007ffd6d89cc91 (ntdll) RtlUserThreadStart
Unloading 1457 Unused Serialized files (Serialized files now loaded: 0)
Unloading 29 unused Assets / (0.7 MB). Loaded Objects now: 2627.
Memory consumption went from 123.8 MB to 123.1 MB.
Total: 3.454800 ms (FindLiveObjects: 0.176600 ms CreateObjectMapping: 0.048600 ms MarkObjects: 2.901100 ms  DeleteObjects: 0.326900 ms)

Prepare: number of updated asset objects reloaded= 0
AssetImportParameters requested are different than current active one (requested -> active):
  custom:video-encoder-webm-vp8: eb34c28f22e8b96e1ab97ce403110664 -> 
  custom:video-decoder-webm-vp8: 9c59270c3fd7afecdb556c50c9e8de78 -> 
  custom:scripting/precompiled-assembly-types:DOTweenPro: a663f20935f73026b0a02781a4652876 -> 
  custom:scripting/monoscript/fileName/DOTweenModulePhysics.cs: 87f8974001cd2397421cfdcad1904e83 -> 
  custom:audio-decoder-ogg-vorbis: bf7c407c2cedff20999df2af8eb42d56 -> 
  custom:scripting/precompiled-assembly-types:DemiLib: 2d2fa88ff7102d8d3fb38715c5e5e089 -> 
  custom:scripting/monoscript/fileName/PlayerMovement2.cs: de5dad4c3545ad8f9f6984966a40b37a -> 
  custom:SearchIndexIgnoredProperties: e643bd26f0fe6173181afceb89e7c659 -> 
  custom:scripting/monoscript/fileName/DOTweenModuleUtils.cs: 34ad347c902a97803d1c13fe65e97957 -> 
  custom:container-demuxer-ogg: 62fdf1f143b41e24485cea50d1cbac27 -> 
  custom:AudioImporter_EditorPlatform: d09bf68614088b80899f8185d706f6e7 -> 
  custom:CustomObjectIndexerAttribute: 9a22284fe3817be447336de3de66b15e -> 
  custom:scripting/monoscript/fileName/DOTweenModuleAudio.cs: 371877257ce39f5f0996ea556debbc8a -> 
  custom:scripting/monoscript/fileName/DOTweenPreviewManager.cs: c36c1e1f6226ef87f96bd51d8bc96fa8 -> 
  custom:scripting/monoscript/fileName/DOTweenModulePhysics2D.cs: 63b0e5981d81d026672954b54596f5ae -> 
  custom:scripting/precompiled-assembly-types:DemiEditor: 9713a9ebd7b71f042b3f988bdcfde787 -> 
  custom:scripting/monoscript/fileName/UIManager.cs: 2595dc2cbd41cc2d023a3ebb28d87e9e -> 
  custom:container-demuxer-webm: 4f35f7cbe854078d1ac9338744f61a02 -> 
  custom:scripting/monoscript/fileName/DOTweenAnimation.cs: 286489be3d35a4600ea78795edfec99e -> 
  custom:scripting/monoscript/fileName/AudioManager.cs: e8310be4479956b7ccf5d41d9f0f6e53 -> 
  custom:scripting/monoscript/fileName/Trunk.cs: 3c77c879876a19ef3d7b12fd707afdea -> 
  custom:scripting/monoscript/fileName/DOTweenProShortcuts.cs: 3862ae8ad7f99f5efe22902c80795369 -> 
  custom:scripting/precompiled-assembly-types:DOTweenEditor: 1efdf497b099e4e6944f0dd7fb28c744 -> 
  custom:scripting/monoscript/fileName/DOTweenAnimationInspector.cs: e2903dd856fc6b745b3db9c24a3d69cd -> 
  custom:scripting/monoscript/fileName/ChunkGenerator.cs: c34ac5ef3d79f6264782925317061fad -> 
  custom:scripting/precompiled-assembly-types:Assembly-CSharp-Editor-firstpass: 23c2b7ec28c59d5ca69f596615a98fdc -> 
  custom:video-decoder-ogg-theora: a1e56fd34408186e4bbccfd4996cb3dc -> 
  custom:audio-encoder-webm-vorbis: bf7c407c2cedff20999df2af8eb42d56 -> 
  custom:scripting/monoscript/fileName/DOTweenModuleUnityVersion.cs: 5fda8b30fb2f0276062c9b201e3b53c4 -> 
  custom:scripting/monoscript/fileName/DOTweenModuleUI.cs: 53c26b618f695b59a868eebdc97332ad -> 
  custom:framework-win-MediaFoundation: 216162199b28c13a410421893ffa2e32 -> 
  custom:scripting/monoscript/fileName/LunaManager.cs: e885d4774adb3f734d871a05ad5d205e -> 
  custom:scripting/precompiled-assembly-types:Assembly-CSharp: 60efd8020fb67f503afa27bd64304740 -> 482e17d551b00cd7946e9d7b35e05131
  custom:scripting/precompiled-assembly-types:Assembly-CSharp-firstpass: b26c67f6a15d994bd0760e04fc84091b -> 
  custom:scripting/precompiled-assembly-types:DOTweenProEditor: 51bc1a80d96a2a35af34dfc86b4db341 -> 
  custom:scripting/monoscript/fileName/Chunk.cs: 2c601e55a29a773029fef31d3cc0f584 -> 
  custom:container-muxer-webm: aa71ff27fc2769a1b78a27578f13a17b -> 
  custom:scripting/monoscript/fileName/DOTweenModuleSprite.cs: e35fb5eb1c483cffc283a374a5e25466 -> 
  custom:scripting/precompiled-assembly-types:DOTween: 41770a3e10244ae0a34e714162bbdba6 -> 
========================================================================
Received Prepare
Caller must complete domain reload
Begin MonoManager ReloadAssembly
- Loaded All Assemblies, in  0.420 seconds
Native extension for WindowsStandalone target not found
Native extension for iOS target not found
Native extension for Android target not found
[Package Manager] Server::EnsureServerProcessIsRunning -- launch failed, reason: Unity was launched with the -noUpm command-line argument
[Package Manager] UpmClient::Send -- Unable to send message (not connected to UPM process).
[Package Manager] Cannot connect to Unity Package Manager local server
[Package Manager] Server::EnsureServerProcessIsRunning -- launch failed, reason: Unity was launched with the -noUpm command-line argument
[Package Manager] UpmClient::Send -- Unable to send message (not connected to UPM process).
[Package Manager] Cannot connect to Unity Package Manager local server
Failed to sync packages list
UnityEngine.StackTraceUtility:ExtractStackTrace ()
UnityEngine.DebugLogHandler:LogFormat (UnityEngine.LogType,UnityEngine.Object,string,object[])
UnityEngine.Logger:Log (UnityEngine.LogType,object)
UnityEngine.Debug:LogWarning (object)
 .  / :MoveNext ()
System.Runtime.CompilerServices.AsyncTaskMethodBuilder:Start< .  / > ( .  / &)
 .  :  ()
 .⁤/ :MoveNext ()
System.Runtime.CompilerServices.AsyncTaskMethodBuilder:Start< .⁤/ > ( .⁤/ &)
 .⁤:  ()
System.Reflection.RuntimeMethodInfo:Invoke (object,System.Reflection.BindingFlags,System.Reflection.Binder,object[],System.Globalization.CultureInfo)
System.Reflection.MethodBase:Invoke (object,object[])
UnityEditor.EditorAssemblies:ProcessInitializeOnLoadMethodAttributes ()

Mono: successfully reloaded assembly
- Finished resetting the current domain, in  0.905 seconds
Domain Reload Profiling: 1325ms
	BeginReloadAssembly (170ms)
		ExecutionOrderSort (0ms)
		DisableScriptedObjects (6ms)
		BackupInstance (0ms)
		ReleaseScriptingObjects (0ms)
		CreateAndSetChildDomain (44ms)
	RebuildCommonClasses (38ms)
	RebuildNativeTypeToScriptingClass (12ms)
	initialDomainReloadingComplete (28ms)
	LoadAllAssembliesAndSetupDomain (171ms)
		LoadAssemblies (243ms)
		RebuildTransferFunctionScriptingTraits (0ms)
		AnalyzeDomain (16ms)
			TypeCache.Refresh (7ms)
				TypeCache.ScanAssembly (0ms)
			ScanForSourceGeneratedMonoScriptInfo (6ms)
			ResolveRequiredComponents (2ms)
	FinalizeReload (905ms)
		ReleaseScriptCaches (0ms)
		RebuildScriptCaches (0ms)
		SetupLoadedEditorAssemblies (670ms)
			LogAssemblyErrors (0ms)
			InitializePlatformSupportModulesInManaged (26ms)
			SetLoadedEditorAssemblies (4ms)
			RefreshPlugins (0ms)
			BeforeProcessingInitializeOnLoad (46ms)
			ProcessInitializeOnLoadAttributes (517ms)
			ProcessInitializeOnLoadMethodAttributes (75ms)
			AfterProcessingInitializeOnLoad (3ms)
			EditorAssembliesLoaded (0ms)
		ExecutionOrderSort2 (0ms)
		AwakeInstancesAfterBackupRestoration (8ms)
Refreshing native plugins compatible for Editor in 1.00 ms, found 2 plugins.
Preloading 0 native plugins for Editor in 0.00 ms.
Release of invalid GC handle. The handle is from a previous domain. The release operation is skipped.
Release of invalid GC handle native callstack: 
0x00007ff63674eb5d (Unity) StackWalker::GetCurrentCallstack
0x00007ff636753c39 (Unity) StackWalker::ShowCallstack
0x00007ff637744851 (Unity) GetStacktrace
0x00007ff63664ae8d (Unity) ScriptingGCHandle::ReleaseAndClear
0x00007ff636c1081c (Unity) UploadHandlerRaw::`vector deleting destructor'
0x00007ff636c113cd (Unity) UploadHandler::Release
0x00007ff636c0dc6d (Unity) UnityWebRequestProto<UnityWebRequestTransport,AtomicRefCounter,RedirectHelper,ResponseHelper,DownloadHandler,UploadHandler,CertificateHandler,HeaderHelper,AsyncOperation>::~UnityWebRequestProto<UnityWebRequestTransport,AtomicRefCounter,RedirectHelper,ResponseHelper,DownloadHandler,UploadHandler,CertificateHandler,HeaderHelper,AsyncOperation>
0x00007ff636c0df66 (Unity) UnityWebRequest::`vector deleting destructor'
0x00007ff6359640a7 (Unity) UnityWebRequestProto<UnityWebRequestTransport,AtomicRefCounter,RedirectHelper,ResponseHelper,DownloadHandler,UploadHandler,CertificateHandler,HeaderHelper,AsyncOperation>::Release
0x00007ff636c0f995 (Unity) UnityWebRequestAsyncOperation::InvokeCoroutine
0x00007ff636c0fb71 (Unity) UnityWebRequestProto<UnityWebRequestTransport,AtomicRefCounter,RedirectHelper,ResponseHelper,DownloadHandler,UploadHandler,CertificateHandler,HeaderHelper,AsyncOperation>::Job_InvokeCoroutine
0x00007ff636277d2a (Unity) BackgroundJobQueue::ExecuteMainThreadJobs
0x00007ff63632b49f (Unity) PreloadManager::WaitForAllAsyncOperationsToComplete
0x00007ff637aea248 (Unity) <lambda_b37b41f03089e3cb3f55061bbc93253d>::operator()
0x00007ff637b25a22 (Unity) asio::detail::completion_handler<core::mutable_function<void __cdecl(void)>,asio::io_context::basic_executor_type<std::allocator<void>,0> >::do_complete
0x00007ff637b1196e (Unity) asio::detail::win_iocp_io_context::do_one
0x00007ff637b135d4 (Unity) asio::detail::win_iocp_io_context::run
0x00007ff637b23dcc (Unity) IOService::Run
0x00007ff637af71cf (Unity) AssetImportWorkerClient::Run
0x00007ff637ac2b37 (Unity) RunAssetImportWorkerClientV2
0x00007ff637ac2bbb (Unity) RunAssetImporterV2
0x00007ff6372bba5e (Unity) Application::InitializeProject
0x00007ff63774f4e5 (Unity) WinMain
0x00007ff638b014de (Unity) __scrt_common_main_seh
0x00007ffd6b887374 (KERNEL32) BaseThreadInitThunk
0x00007ffd6d89cc91 (ntdll) RtlUserThreadStart
Unloading 1458 Unused Serialized files (Serialized files now loaded: 0)
Unloading 29 unused Assets / (0.7 MB). Loaded Objects now: 2633.
Memory consumption went from 124.0 MB to 123.3 MB.
Total: 4.071800 ms (FindLiveObjects: 0.185800 ms CreateObjectMapping: 0.052900 ms MarkObjects: 3.505500 ms  DeleteObjects: 0.326600 ms)

Prepare: number of updated asset objects reloaded= 0
AssetImportParameters requested are different than current active one (requested -> active):
  custom:video-encoder-webm-vp8: eb34c28f22e8b96e1ab97ce403110664 -> 
  custom:video-decoder-webm-vp8: 9c59270c3fd7afecdb556c50c9e8de78 -> 
  custom:scripting/precompiled-assembly-types:DOTweenPro: a663f20935f73026b0a02781a4652876 -> 
  custom:scripting/monoscript/fileName/DOTweenModulePhysics.cs: 87f8974001cd2397421cfdcad1904e83 -> 
  custom:audio-decoder-ogg-vorbis: bf7c407c2cedff20999df2af8eb42d56 -> 
  custom:scripting/precompiled-assembly-types:DemiLib: 2d2fa88ff7102d8d3fb38715c5e5e089 -> 
  custom:scripting/monoscript/fileName/PlayerMovement2.cs: de5dad4c3545ad8f9f6984966a40b37a -> 
  custom:SearchIndexIgnoredProperties: e643bd26f0fe6173181afceb89e7c659 -> 
  custom:scripting/monoscript/fileName/DOTweenModuleUtils.cs: 34ad347c902a97803d1c13fe65e97957 -> 
  custom:container-demuxer-ogg: 62fdf1f143b41e24485cea50d1cbac27 -> 
  custom:AudioImporter_EditorPlatform: d09bf68614088b80899f8185d706f6e7 -> 
  custom:CustomObjectIndexerAttribute: 9a22284fe3817be447336de3de66b15e -> 
  custom:scripting/monoscript/fileName/DOTweenModuleAudio.cs: 371877257ce39f5f0996ea556debbc8a -> 
  custom:scripting/monoscript/fileName/DOTweenPreviewManager.cs: c36c1e1f6226ef87f96bd51d8bc96fa8 -> 
  custom:scripting/monoscript/fileName/DOTweenModulePhysics2D.cs: 63b0e5981d81d026672954b54596f5ae -> 
  custom:scripting/monoscript/fileName/TutorialBuildBlock.cs: 7c367f7ba2aebd0825e231b0c9e6e964 -> 
  custom:scripting/precompiled-assembly-types:DemiEditor: 9713a9ebd7b71f042b3f988bdcfde787 -> 
  custom:scripting/monoscript/fileName/UIManager.cs: 2595dc2cbd41cc2d023a3ebb28d87e9e -> 
  custom:container-demuxer-webm: 4f35f7cbe854078d1ac9338744f61a02 -> 
  custom:scripting/monoscript/fileName/DOTweenAnimation.cs: 286489be3d35a4600ea78795edfec99e -> 
  custom:scripting/monoscript/fileName/AudioManager.cs: e8310be4479956b7ccf5d41d9f0f6e53 -> 
  custom:scripting/monoscript/fileName/Trunk.cs: 3c77c879876a19ef3d7b12fd707afdea -> 
  custom:scripting/monoscript/fileName/DOTweenProShortcuts.cs: 3862ae8ad7f99f5efe22902c80795369 -> 
  custom:scripting/precompiled-assembly-types:DOTweenEditor: 1efdf497b099e4e6944f0dd7fb28c744 -> 
  custom:scripting/monoscript/fileName/DOTweenAnimationInspector.cs: e2903dd856fc6b745b3db9c24a3d69cd -> 
  custom:scripting/monoscript/fileName/ChunkGenerator.cs: c34ac5ef3d79f6264782925317061fad -> 
  custom:scripting/precompiled-assembly-types:Assembly-CSharp-Editor-firstpass: 23c2b7ec28c59d5ca69f596615a98fdc -> 
  custom:video-decoder-ogg-theora: a1e56fd34408186e4bbccfd4996cb3dc -> 
  custom:audio-encoder-webm-vorbis: bf7c407c2cedff20999df2af8eb42d56 -> 
  custom:scripting/monoscript/fileName/DOTweenModuleUnityVersion.cs: 5fda8b30fb2f0276062c9b201e3b53c4 -> 
  custom:scripting/monoscript/fileName/DOTweenModuleUI.cs: 53c26b618f695b59a868eebdc97332ad -> 
  custom:framework-win-MediaFoundation: 216162199b28c13a410421893ffa2e32 -> 
  custom:scripting/monoscript/fileName/LunaManager.cs: e885d4774adb3f734d871a05ad5d205e -> 
  custom:scripting/precompiled-assembly-types:Assembly-CSharp: 2a34d3d834f9b315219e15f6dc5a05ff -> 482e17d551b00cd7946e9d7b35e05131
  custom:scripting/precompiled-assembly-types:Assembly-CSharp-firstpass: b26c67f6a15d994bd0760e04fc84091b -> 
  custom:scripting/precompiled-assembly-types:DOTweenProEditor: 51bc1a80d96a2a35af34dfc86b4db341 -> 
  custom:scripting/monoscript/fileName/Chunk.cs: 2c601e55a29a773029fef31d3cc0f584 -> 
  custom:container-muxer-webm: aa71ff27fc2769a1b78a27578f13a17b -> 
  custom:scripting/monoscript/fileName/DOTweenModuleSprite.cs: e35fb5eb1c483cffc283a374a5e25466 -> 
  custom:scripting/precompiled-assembly-types:DOTween: 41770a3e10244ae0a34e714162bbdba6 -> 
========================================================================
Received Prepare
Caller must complete domain reload
Begin MonoManager ReloadAssembly
- Loaded All Assemblies, in  0.398 seconds
Native extension for WindowsStandalone target not found
Native extension for iOS target not found
Native extension for Android target not found
[Package Manager] Server::EnsureServerProcessIsRunning -- launch failed, reason: Unity was launched with the -noUpm command-line argument
[Package Manager] UpmClient::Send -- Unable to send message (not connected to UPM process).
[Package Manager] Cannot connect to Unity Package Manager local server
[Package Manager] Server::EnsureServerProcessIsRunning -- launch failed, reason: Unity was launched with the -noUpm command-line argument
[Package Manager] UpmClient::Send -- Unable to send message (not connected to UPM process).
[Package Manager] Cannot connect to Unity Package Manager local server
Failed to sync packages list
UnityEngine.StackTraceUtility:ExtractStackTrace ()
UnityEngine.DebugLogHandler:LogFormat (UnityEngine.LogType,UnityEngine.Object,string,object[])
UnityEngine.Logger:Log (UnityEngine.LogType,object)
UnityEngine.Debug:LogWarning (object)
 .  / :MoveNext ()
System.Runtime.CompilerServices.AsyncTaskMethodBuilder:Start< .  / > ( .  / &)
 .  :  ()
 .⁤/ :MoveNext ()
System.Runtime.CompilerServices.AsyncTaskMethodBuilder:Start< .⁤/ > ( .⁤/ &)
 .⁤:  ()
System.Reflection.RuntimeMethodInfo:Invoke (object,System.Reflection.BindingFlags,System.Reflection.Binder,object[],System.Globalization.CultureInfo)
System.Reflection.MethodBase:Invoke (object,object[])
UnityEditor.EditorAssemblies:ProcessInitializeOnLoadMethodAttributes ()

Mono: successfully reloaded assembly
- Finished resetting the current domain, in  0.752 seconds
Domain Reload Profiling: 1150ms
	BeginReloadAssembly (160ms)
		ExecutionOrderSort (0ms)
		DisableScriptedObjects (5ms)
		BackupInstance (0ms)
		ReleaseScriptingObjects (0ms)
		CreateAndSetChildDomain (37ms)
	RebuildCommonClasses (37ms)
	RebuildNativeTypeToScriptingClass (11ms)
	initialDomainReloadingComplete (24ms)
	LoadAllAssembliesAndSetupDomain (165ms)
		LoadAssemblies (234ms)
		RebuildTransferFunctionScriptingTraits (0ms)
		AnalyzeDomain (18ms)
			TypeCache.Refresh (8ms)
				TypeCache.ScanAssembly (0ms)
			ScanForSourceGeneratedMonoScriptInfo (6ms)
			ResolveRequiredComponents (3ms)
	FinalizeReload (753ms)
		ReleaseScriptCaches (0ms)
		RebuildScriptCaches (0ms)
		SetupLoadedEditorAssemblies (496ms)
			LogAssemblyErrors (0ms)
			InitializePlatformSupportModulesInManaged (22ms)
			SetLoadedEditorAssemblies (2ms)
			RefreshPlugins (0ms)
			BeforeProcessingInitializeOnLoad (40ms)
			ProcessInitializeOnLoadAttributes (383ms)
			ProcessInitializeOnLoadMethodAttributes (45ms)
			AfterProcessingInitializeOnLoad (3ms)
			EditorAssembliesLoaded (0ms)
		ExecutionOrderSort2 (0ms)
		AwakeInstancesAfterBackupRestoration (9ms)
Refreshing native plugins compatible for Editor in 1.04 ms, found 2 plugins.
Preloading 0 native plugins for Editor in 0.00 ms.
Release of invalid GC handle. The handle is from a previous domain. The release operation is skipped.
Release of invalid GC handle native callstack: 
0x00007ff63674eb5d (Unity) StackWalker::GetCurrentCallstack
0x00007ff636753c39 (Unity) StackWalker::ShowCallstack
0x00007ff637744851 (Unity) GetStacktrace
0x00007ff63664ae8d (Unity) ScriptingGCHandle::ReleaseAndClear
0x00007ff636c1081c (Unity) UploadHandlerRaw::`vector deleting destructor'
0x00007ff636c113cd (Unity) UploadHandler::Release
0x00007ff636c0dc6d (Unity) UnityWebRequestProto<UnityWebRequestTransport,AtomicRefCounter,RedirectHelper,ResponseHelper,DownloadHandler,UploadHandler,CertificateHandler,HeaderHelper,AsyncOperation>::~UnityWebRequestProto<UnityWebRequestTransport,AtomicRefCounter,RedirectHelper,ResponseHelper,DownloadHandler,UploadHandler,CertificateHandler,HeaderHelper,AsyncOperation>
0x00007ff636c0df66 (Unity) UnityWebRequest::`vector deleting destructor'
0x00007ff6359640a7 (Unity) UnityWebRequestProto<UnityWebRequestTransport,AtomicRefCounter,RedirectHelper,ResponseHelper,DownloadHandler,UploadHandler,CertificateHandler,HeaderHelper,AsyncOperation>::Release
0x00007ff636c0f995 (Unity) UnityWebRequestAsyncOperation::InvokeCoroutine
0x00007ff636c0fb71 (Unity) UnityWebRequestProto<UnityWebRequestTransport,AtomicRefCounter,RedirectHelper,ResponseHelper,DownloadHandler,UploadHandler,CertificateHandler,HeaderHelper,AsyncOperation>::Job_InvokeCoroutine
0x00007ff636277d2a (Unity) BackgroundJobQueue::ExecuteMainThreadJobs
0x00007ff63632b49f (Unity) PreloadManager::WaitForAllAsyncOperationsToComplete
0x00007ff637aea248 (Unity) <lambda_b37b41f03089e3cb3f55061bbc93253d>::operator()
0x00007ff637b25a22 (Unity) asio::detail::completion_handler<core::mutable_function<void __cdecl(void)>,asio::io_context::basic_executor_type<std::allocator<void>,0> >::do_complete
0x00007ff637b1196e (Unity) asio::detail::win_iocp_io_context::do_one
0x00007ff637b135d4 (Unity) asio::detail::win_iocp_io_context::run
0x00007ff637b23dcc (Unity) IOService::Run
0x00007ff637af71cf (Unity) AssetImportWorkerClient::Run
0x00007ff637ac2b37 (Unity) RunAssetImportWorkerClientV2
0x00007ff637ac2bbb (Unity) RunAssetImporterV2
0x00007ff6372bba5e (Unity) Application::InitializeProject
0x00007ff63774f4e5 (Unity) WinMain
0x00007ff638b014de (Unity) __scrt_common_main_seh
0x00007ffd6b887374 (KERNEL32) BaseThreadInitThunk
0x00007ffd6d89cc91 (ntdll) RtlUserThreadStart
Unloading 1458 Unused Serialized files (Serialized files now loaded: 0)
Unloading 29 unused Assets / (0.7 MB). Loaded Objects now: 2638.
Memory consumption went from 124.2 MB to 123.5 MB.
Total: 3.737700 ms (FindLiveObjects: 0.182800 ms CreateObjectMapping: 0.060900 ms MarkObjects: 3.157800 ms  DeleteObjects: 0.335000 ms)

Prepare: number of updated asset objects reloaded= 0
AssetImportParameters requested are different than current active one (requested -> active):
  custom:video-encoder-webm-vp8: eb34c28f22e8b96e1ab97ce403110664 -> 
  custom:video-decoder-webm-vp8: 9c59270c3fd7afecdb556c50c9e8de78 -> 
  custom:scripting/precompiled-assembly-types:DOTweenPro: a663f20935f73026b0a02781a4652876 -> 
  custom:scripting/monoscript/fileName/DOTweenModulePhysics.cs: 87f8974001cd2397421cfdcad1904e83 -> 
  custom:audio-decoder-ogg-vorbis: bf7c407c2cedff20999df2af8eb42d56 -> 
  custom:scripting/precompiled-assembly-types:DemiLib: 2d2fa88ff7102d8d3fb38715c5e5e089 -> 
  custom:scripting/monoscript/fileName/PlayerMovement2.cs: de5dad4c3545ad8f9f6984966a40b37a -> 
  custom:SearchIndexIgnoredProperties: e643bd26f0fe6173181afceb89e7c659 -> 
  custom:scripting/monoscript/fileName/DOTweenModuleUtils.cs: 34ad347c902a97803d1c13fe65e97957 -> 
  custom:container-demuxer-ogg: 62fdf1f143b41e24485cea50d1cbac27 -> 
  custom:AudioImporter_EditorPlatform: d09bf68614088b80899f8185d706f6e7 -> 
  custom:CustomObjectIndexerAttribute: 9a22284fe3817be447336de3de66b15e -> 
  custom:scripting/monoscript/fileName/DOTweenModuleAudio.cs: 371877257ce39f5f0996ea556debbc8a -> 
  custom:scripting/monoscript/fileName/DOTweenPreviewManager.cs: c36c1e1f6226ef87f96bd51d8bc96fa8 -> 
  custom:scripting/monoscript/fileName/DOTweenModulePhysics2D.cs: 63b0e5981d81d026672954b54596f5ae -> 
  custom:scripting/monoscript/fileName/TutorialBuildBlock.cs: 7c367f7ba2aebd0825e231b0c9e6e964 -> 
  custom:scripting/precompiled-assembly-types:DemiEditor: 9713a9ebd7b71f042b3f988bdcfde787 -> 
  custom:scripting/monoscript/fileName/UIManager.cs: 2595dc2cbd41cc2d023a3ebb28d87e9e -> 
  custom:container-demuxer-webm: 4f35f7cbe854078d1ac9338744f61a02 -> 
  custom:scripting/monoscript/fileName/DOTweenAnimation.cs: 286489be3d35a4600ea78795edfec99e -> 
  custom:scripting/monoscript/fileName/AudioManager.cs: e8310be4479956b7ccf5d41d9f0f6e53 -> 
  custom:scripting/monoscript/fileName/Trunk.cs: 3c77c879876a19ef3d7b12fd707afdea -> 
  custom:scripting/monoscript/fileName/DOTweenProShortcuts.cs: 3862ae8ad7f99f5efe22902c80795369 -> 
  custom:scripting/precompiled-assembly-types:DOTweenEditor: 1efdf497b099e4e6944f0dd7fb28c744 -> 
  custom:scripting/monoscript/fileName/DOTweenAnimationInspector.cs: e2903dd856fc6b745b3db9c24a3d69cd -> 
  custom:scripting/monoscript/fileName/ChunkGenerator.cs: c34ac5ef3d79f6264782925317061fad -> 
  custom:scripting/precompiled-assembly-types:Assembly-CSharp-Editor-firstpass: 23c2b7ec28c59d5ca69f596615a98fdc -> 
  custom:video-decoder-ogg-theora: a1e56fd34408186e4bbccfd4996cb3dc -> 
  custom:audio-encoder-webm-vorbis: bf7c407c2cedff20999df2af8eb42d56 -> 
  custom:scripting/monoscript/fileName/DOTweenModuleUnityVersion.cs: 5fda8b30fb2f0276062c9b201e3b53c4 -> 
  custom:scripting/monoscript/fileName/DOTweenModuleUI.cs: 53c26b618f695b59a868eebdc97332ad -> 
  custom:framework-win-MediaFoundation: 216162199b28c13a410421893ffa2e32 -> 
  custom:scripting/monoscript/fileName/LunaManager.cs: e885d4774adb3f734d871a05ad5d205e -> 
  custom:scripting/precompiled-assembly-types:Assembly-CSharp: 5430ef8b12a0f71ce38688e1d5b92df4 -> 482e17d551b00cd7946e9d7b35e05131
  custom:scripting/precompiled-assembly-types:Assembly-CSharp-firstpass: b26c67f6a15d994bd0760e04fc84091b -> 
  custom:scripting/precompiled-assembly-types:DOTweenProEditor: 51bc1a80d96a2a35af34dfc86b4db341 -> 
  custom:scripting/monoscript/fileName/Chunk.cs: 2c601e55a29a773029fef31d3cc0f584 -> 
  custom:container-muxer-webm: aa71ff27fc2769a1b78a27578f13a17b -> 
  custom:scripting/monoscript/fileName/DOTweenModuleSprite.cs: e35fb5eb1c483cffc283a374a5e25466 -> 
  custom:scripting/precompiled-assembly-types:DOTween: 41770a3e10244ae0a34e714162bbdba6 -> 
========================================================================
Received Prepare
Caller must complete domain reload
Begin MonoManager ReloadAssembly
- Loaded All Assemblies, in  0.350 seconds
Native extension for WindowsStandalone target not found
Native extension for iOS target not found
Native extension for Android target not found
[Package Manager] Server::EnsureServerProcessIsRunning -- launch failed, reason: Unity was launched with the -noUpm command-line argument
[Package Manager] UpmClient::Send -- Unable to send message (not connected to UPM process).
[Package Manager] Cannot connect to Unity Package Manager local server
[Package Manager] Server::EnsureServerProcessIsRunning -- launch failed, reason: Unity was launched with the -noUpm command-line argument
[Package Manager] UpmClient::Send -- Unable to send message (not connected to UPM process).
[Package Manager] Cannot connect to Unity Package Manager local server
Failed to sync packages list
UnityEngine.StackTraceUtility:ExtractStackTrace ()
UnityEngine.DebugLogHandler:LogFormat (UnityEngine.LogType,UnityEngine.Object,string,object[])
UnityEngine.Logger:Log (UnityEngine.LogType,object)
UnityEngine.Debug:LogWarning (object)
 .  / :MoveNext ()
System.Runtime.CompilerServices.AsyncTaskMethodBuilder:Start< .  / > ( .  / &)
 .  :  ()
 .⁤/ :MoveNext ()
System.Runtime.CompilerServices.AsyncTaskMethodBuilder:Start< .⁤/ > ( .⁤/ &)
 .⁤:  ()
System.Reflection.RuntimeMethodInfo:Invoke (object,System.Reflection.BindingFlags,System.Reflection.Binder,object[],System.Globalization.CultureInfo)
System.Reflection.MethodBase:Invoke (object,object[])
UnityEditor.EditorAssemblies:ProcessInitializeOnLoadMethodAttributes ()

Mono: successfully reloaded assembly
- Finished resetting the current domain, in  0.732 seconds
Domain Reload Profiling: 1082ms
	BeginReloadAssembly (134ms)
		ExecutionOrderSort (0ms)
		DisableScriptedObjects (4ms)
		BackupInstance (0ms)
		ReleaseScriptingObjects (0ms)
		CreateAndSetChildDomain (37ms)
	RebuildCommonClasses (36ms)
	RebuildNativeTypeToScriptingClass (10ms)
	initialDomainReloadingComplete (25ms)
	LoadAllAssembliesAndSetupDomain (144ms)
		LoadAssemblies (199ms)
		RebuildTransferFunctionScriptingTraits (0ms)
		AnalyzeDomain (8ms)
			TypeCache.Refresh (5ms)
				TypeCache.ScanAssembly (0ms)
			ScanForSourceGeneratedMonoScriptInfo (0ms)
			ResolveRequiredComponents (2ms)
	FinalizeReload (733ms)
		ReleaseScriptCaches (0ms)
		RebuildScriptCaches (0ms)
		SetupLoadedEditorAssemblies (503ms)
			LogAssemblyErrors (0ms)
			InitializePlatformSupportModulesInManaged (27ms)
			SetLoadedEditorAssemblies (2ms)
			RefreshPlugins (0ms)
			BeforeProcessingInitializeOnLoad (40ms)
			ProcessInitializeOnLoadAttributes (383ms)
			ProcessInitializeOnLoadMethodAttributes (48ms)
			AfterProcessingInitializeOnLoad (2ms)
			EditorAssembliesLoaded (0ms)
		ExecutionOrderSort2 (0ms)
		AwakeInstancesAfterBackupRestoration (8ms)
Refreshing native plugins compatible for Editor in 0.98 ms, found 2 plugins.
Preloading 0 native plugins for Editor in 0.00 ms.
Release of invalid GC handle. The handle is from a previous domain. The release operation is skipped.
Release of invalid GC handle native callstack: 
0x00007ff63674eb5d (Unity) StackWalker::GetCurrentCallstack
0x00007ff636753c39 (Unity) StackWalker::ShowCallstack
0x00007ff637744851 (Unity) GetStacktrace
0x00007ff63664ae8d (Unity) ScriptingGCHandle::ReleaseAndClear
0x00007ff636c1081c (Unity) UploadHandlerRaw::`vector deleting destructor'
0x00007ff636c113cd (Unity) UploadHandler::Release
0x00007ff636c0dc6d (Unity) UnityWebRequestProto<UnityWebRequestTransport,AtomicRefCounter,RedirectHelper,ResponseHelper,DownloadHandler,UploadHandler,CertificateHandler,HeaderHelper,AsyncOperation>::~UnityWebRequestProto<UnityWebRequestTransport,AtomicRefCounter,RedirectHelper,ResponseHelper,DownloadHandler,UploadHandler,CertificateHandler,HeaderHelper,AsyncOperation>
0x00007ff636c0df66 (Unity) UnityWebRequest::`vector deleting destructor'
0x00007ff6359640a7 (Unity) UnityWebRequestProto<UnityWebRequestTransport,AtomicRefCounter,RedirectHelper,ResponseHelper,DownloadHandler,UploadHandler,CertificateHandler,HeaderHelper,AsyncOperation>::Release
0x00007ff636c0f995 (Unity) UnityWebRequestAsyncOperation::InvokeCoroutine
0x00007ff636c0fb71 (Unity) UnityWebRequestProto<UnityWebRequestTransport,AtomicRefCounter,RedirectHelper,ResponseHelper,DownloadHandler,UploadHandler,CertificateHandler,HeaderHelper,AsyncOperation>::Job_InvokeCoroutine
0x00007ff636277d2a (Unity) BackgroundJobQueue::ExecuteMainThreadJobs
0x00007ff63632b49f (Unity) PreloadManager::WaitForAllAsyncOperationsToComplete
0x00007ff637aea248 (Unity) <lambda_b37b41f03089e3cb3f55061bbc93253d>::operator()
0x00007ff637b25a22 (Unity) asio::detail::completion_handler<core::mutable_function<void __cdecl(void)>,asio::io_context::basic_executor_type<std::allocator<void>,0> >::do_complete
0x00007ff637b1196e (Unity) asio::detail::win_iocp_io_context::do_one
0x00007ff637b135d4 (Unity) asio::detail::win_iocp_io_context::run
0x00007ff637b23dcc (Unity) IOService::Run
0x00007ff637af71cf (Unity) AssetImportWorkerClient::Run
0x00007ff637ac2b37 (Unity) RunAssetImportWorkerClientV2
0x00007ff637ac2bbb (Unity) RunAssetImporterV2
0x00007ff6372bba5e (Unity) Application::InitializeProject
0x00007ff63774f4e5 (Unity) WinMain
0x00007ff638b014de (Unity) __scrt_common_main_seh
0x00007ffd6b887374 (KERNEL32) BaseThreadInitThunk
0x00007ffd6d89cc91 (ntdll) RtlUserThreadStart
Unloading 1458 Unused Serialized files (Serialized files now loaded: 0)
Unloading 29 unused Assets / (0.7 MB). Loaded Objects now: 2643.
Memory consumption went from 124.3 MB to 123.6 MB.
Total: 3.460300 ms (FindLiveObjects: 0.159400 ms CreateObjectMapping: 0.043500 ms MarkObjects: 2.949300 ms  DeleteObjects: 0.306900 ms)

Prepare: number of updated asset objects reloaded= 0
AssetImportParameters requested are different than current active one (requested -> active):
  custom:video-encoder-webm-vp8: eb34c28f22e8b96e1ab97ce403110664 -> 
  custom:video-decoder-webm-vp8: 9c59270c3fd7afecdb556c50c9e8de78 -> 
  custom:scripting/precompiled-assembly-types:DOTweenPro: a663f20935f73026b0a02781a4652876 -> 
  custom:scripting/monoscript/fileName/DOTweenModulePhysics.cs: 87f8974001cd2397421cfdcad1904e83 -> 
  custom:audio-decoder-ogg-vorbis: bf7c407c2cedff20999df2af8eb42d56 -> 
  custom:scripting/precompiled-assembly-types:DemiLib: 2d2fa88ff7102d8d3fb38715c5e5e089 -> 
  custom:scripting/monoscript/fileName/PlayerMovement2.cs: de5dad4c3545ad8f9f6984966a40b37a -> 
  custom:SearchIndexIgnoredProperties: e643bd26f0fe6173181afceb89e7c659 -> 
  custom:scripting/monoscript/fileName/DOTweenModuleUtils.cs: 34ad347c902a97803d1c13fe65e97957 -> 
  custom:container-demuxer-ogg: 62fdf1f143b41e24485cea50d1cbac27 -> 
  custom:AudioImporter_EditorPlatform: d09bf68614088b80899f8185d706f6e7 -> 
  custom:CustomObjectIndexerAttribute: 9a22284fe3817be447336de3de66b15e -> 
  custom:scripting/monoscript/fileName/DOTweenModuleAudio.cs: 371877257ce39f5f0996ea556debbc8a -> 
  custom:scripting/monoscript/fileName/DOTweenPreviewManager.cs: c36c1e1f6226ef87f96bd51d8bc96fa8 -> 
  custom:scripting/monoscript/fileName/DOTweenModulePhysics2D.cs: 63b0e5981d81d026672954b54596f5ae -> 
  custom:scripting/monoscript/fileName/TutorialBuildBlock.cs: 7c367f7ba2aebd0825e231b0c9e6e964 -> 
  custom:scripting/precompiled-assembly-types:DemiEditor: 9713a9ebd7b71f042b3f988bdcfde787 -> 
  custom:scripting/monoscript/fileName/UIManager.cs: 2595dc2cbd41cc2d023a3ebb28d87e9e -> 
  custom:container-demuxer-webm: 4f35f7cbe854078d1ac9338744f61a02 -> 
  custom:scripting/monoscript/fileName/DOTweenAnimation.cs: 286489be3d35a4600ea78795edfec99e -> 
  custom:scripting/monoscript/fileName/AudioManager.cs: e8310be4479956b7ccf5d41d9f0f6e53 -> 
  custom:scripting/monoscript/fileName/Trunk.cs: 3c77c879876a19ef3d7b12fd707afdea -> 
  custom:scripting/monoscript/fileName/DOTweenProShortcuts.cs: 3862ae8ad7f99f5efe22902c80795369 -> 
  custom:scripting/precompiled-assembly-types:DOTweenEditor: 1efdf497b099e4e6944f0dd7fb28c744 -> 
  custom:scripting/monoscript/fileName/DOTweenAnimationInspector.cs: e2903dd856fc6b745b3db9c24a3d69cd -> 
  custom:scripting/monoscript/fileName/ChunkGenerator.cs: c34ac5ef3d79f6264782925317061fad -> 
  custom:scripting/precompiled-assembly-types:Assembly-CSharp-Editor-firstpass: 23c2b7ec28c59d5ca69f596615a98fdc -> 
  custom:video-decoder-ogg-theora: a1e56fd34408186e4bbccfd4996cb3dc -> 
  custom:audio-encoder-webm-vorbis: bf7c407c2cedff20999df2af8eb42d56 -> 
  custom:scripting/monoscript/fileName/DOTweenModuleUnityVersion.cs: 5fda8b30fb2f0276062c9b201e3b53c4 -> 
  custom:scripting/monoscript/fileName/DOTweenModuleUI.cs: 53c26b618f695b59a868eebdc97332ad -> 
  custom:framework-win-MediaFoundation: 216162199b28c13a410421893ffa2e32 -> 
  custom:scripting/monoscript/fileName/LunaManager.cs: e885d4774adb3f734d871a05ad5d205e -> 
  custom:scripting/precompiled-assembly-types:Assembly-CSharp: 5430ef8b12a0f71ce38688e1d5b92df4 -> 482e17d551b00cd7946e9d7b35e05131
  custom:scripting/precompiled-assembly-types:Assembly-CSharp-firstpass: b26c67f6a15d994bd0760e04fc84091b -> 
  custom:scripting/precompiled-assembly-types:DOTweenProEditor: 51bc1a80d96a2a35af34dfc86b4db341 -> 
  custom:scripting/monoscript/fileName/Chunk.cs: 2c601e55a29a773029fef31d3cc0f584 -> 
  custom:container-muxer-webm: aa71ff27fc2769a1b78a27578f13a17b -> 
  custom:scripting/monoscript/fileName/DOTweenModuleSprite.cs: e35fb5eb1c483cffc283a374a5e25466 -> 
  custom:scripting/precompiled-assembly-types:DOTween: 41770a3e10244ae0a34e714162bbdba6 -> 
========================================================================
Received Prepare
Caller must complete domain reload
Begin MonoManager ReloadAssembly
- Loaded All Assemblies, in  0.380 seconds
Native extension for WindowsStandalone target not found
Native extension for iOS target not found
Native extension for Android target not found
[Package Manager] Server::EnsureServerProcessIsRunning -- launch failed, reason: Unity was launched with the -noUpm command-line argument
[Package Manager] UpmClient::Send -- Unable to send message (not connected to UPM process).
[Package Manager] Cannot connect to Unity Package Manager local server
[Package Manager] Server::EnsureServerProcessIsRunning -- launch failed, reason: Unity was launched with the -noUpm command-line argument
[Package Manager] UpmClient::Send -- Unable to send message (not connected to UPM process).
[Package Manager] Cannot connect to Unity Package Manager local server
Failed to sync packages list
UnityEngine.StackTraceUtility:ExtractStackTrace ()
UnityEngine.DebugLogHandler:LogFormat (UnityEngine.LogType,UnityEngine.Object,string,object[])
UnityEngine.Logger:Log (UnityEngine.LogType,object)
UnityEngine.Debug:LogWarning (object)
 .  / :MoveNext ()
System.Runtime.CompilerServices.AsyncTaskMethodBuilder:Start< .  / > ( .  / &)
 .  :  ()
 .⁤/ :MoveNext ()
System.Runtime.CompilerServices.AsyncTaskMethodBuilder:Start< .⁤/ > ( .⁤/ &)
 .⁤:  ()
System.Reflection.RuntimeMethodInfo:Invoke (object,System.Reflection.BindingFlags,System.Reflection.Binder,object[],System.Globalization.CultureInfo)
System.Reflection.MethodBase:Invoke (object,object[])
UnityEditor.EditorAssemblies:ProcessInitializeOnLoadMethodAttributes ()

Mono: successfully reloaded assembly
- Finished resetting the current domain, in  0.742 seconds
Domain Reload Profiling: 1122ms
	BeginReloadAssembly (148ms)
		ExecutionOrderSort (0ms)
		DisableScriptedObjects (3ms)
		BackupInstance (0ms)
		ReleaseScriptingObjects (0ms)
		CreateAndSetChildDomain (34ms)
	RebuildCommonClasses (31ms)
	RebuildNativeTypeToScriptingClass (11ms)
	initialDomainReloadingComplete (26ms)
	LoadAllAssembliesAndSetupDomain (164ms)
		LoadAssemblies (230ms)
		RebuildTransferFunctionScriptingTraits (0ms)
		AnalyzeDomain (9ms)
			TypeCache.Refresh (5ms)
				TypeCache.ScanAssembly (0ms)
			ScanForSourceGeneratedMonoScriptInfo (0ms)
			ResolveRequiredComponents (3ms)
	FinalizeReload (742ms)
		ReleaseScriptCaches (0ms)
		RebuildScriptCaches (0ms)
		SetupLoadedEditorAssemblies (507ms)
			LogAssemblyErrors (0ms)
			InitializePlatformSupportModulesInManaged (23ms)
			SetLoadedEditorAssemblies (2ms)
			RefreshPlugins (0ms)
			BeforeProcessingInitializeOnLoad (40ms)
			ProcessInitializeOnLoadAttributes (388ms)
			ProcessInitializeOnLoadMethodAttributes (51ms)
			AfterProcessingInitializeOnLoad (2ms)
			EditorAssembliesLoaded (0ms)
		ExecutionOrderSort2 (0ms)
		AwakeInstancesAfterBackupRestoration (6ms)
Refreshing native plugins compatible for Editor in 1.84 ms, found 2 plugins.
Preloading 0 native plugins for Editor in 0.00 ms.
Release of invalid GC handle. The handle is from a previous domain. The release operation is skipped.
Release of invalid GC handle native callstack: 
0x00007ff63674eb5d (Unity) StackWalker::GetCurrentCallstack
0x00007ff636753c39 (Unity) StackWalker::ShowCallstack
0x00007ff637744851 (Unity) GetStacktrace
0x00007ff63664ae8d (Unity) ScriptingGCHandle::ReleaseAndClear
0x00007ff636c1081c (Unity) UploadHandlerRaw::`vector deleting destructor'
0x00007ff636c113cd (Unity) UploadHandler::Release
0x00007ff636c0dc6d (Unity) UnityWebRequestProto<UnityWebRequestTransport,AtomicRefCounter,RedirectHelper,ResponseHelper,DownloadHandler,UploadHandler,CertificateHandler,HeaderHelper,AsyncOperation>::~UnityWebRequestProto<UnityWebRequestTransport,AtomicRefCounter,RedirectHelper,ResponseHelper,DownloadHandler,UploadHandler,CertificateHandler,HeaderHelper,AsyncOperation>
0x00007ff636c0df66 (Unity) UnityWebRequest::`vector deleting destructor'
0x00007ff6359640a7 (Unity) UnityWebRequestProto<UnityWebRequestTransport,AtomicRefCounter,RedirectHelper,ResponseHelper,DownloadHandler,UploadHandler,CertificateHandler,HeaderHelper,AsyncOperation>::Release
0x00007ff636c0f995 (Unity) UnityWebRequestAsyncOperation::InvokeCoroutine
0x00007ff636c0fb71 (Unity) UnityWebRequestProto<UnityWebRequestTransport,AtomicRefCounter,RedirectHelper,ResponseHelper,DownloadHandler,UploadHandler,CertificateHandler,HeaderHelper,AsyncOperation>::Job_InvokeCoroutine
0x00007ff636277d2a (Unity) BackgroundJobQueue::ExecuteMainThreadJobs
0x00007ff63632b49f (Unity) PreloadManager::WaitForAllAsyncOperationsToComplete
0x00007ff637aea248 (Unity) <lambda_b37b41f03089e3cb3f55061bbc93253d>::operator()
0x00007ff637b25a22 (Unity) asio::detail::completion_handler<core::mutable_function<void __cdecl(void)>,asio::io_context::basic_executor_type<std::allocator<void>,0> >::do_complete
0x00007ff637b1196e (Unity) asio::detail::win_iocp_io_context::do_one
0x00007ff637b135d4 (Unity) asio::detail::win_iocp_io_context::run
0x00007ff637b23dcc (Unity) IOService::Run
0x00007ff637af71cf (Unity) AssetImportWorkerClient::Run
0x00007ff637ac2b37 (Unity) RunAssetImportWorkerClientV2
0x00007ff637ac2bbb (Unity) RunAssetImporterV2
0x00007ff6372bba5e (Unity) Application::InitializeProject
0x00007ff63774f4e5 (Unity) WinMain
0x00007ff638b014de (Unity) __scrt_common_main_seh
0x00007ffd6b887374 (KERNEL32) BaseThreadInitThunk
0x00007ffd6d89cc91 (ntdll) RtlUserThreadStart
Unloading 1458 Unused Serialized files (Serialized files now loaded: 0)
Unloading 29 unused Assets / (0.7 MB). Loaded Objects now: 2648.
Memory consumption went from 124.5 MB to 123.8 MB.
Total: 3.949900 ms (FindLiveObjects: 0.188500 ms CreateObjectMapping: 0.048100 ms MarkObjects: 3.115900 ms  DeleteObjects: 0.596300 ms)

Prepare: number of updated asset objects reloaded= 0
AssetImportParameters requested are different than current active one (requested -> active):
  custom:video-encoder-webm-vp8: eb34c28f22e8b96e1ab97ce403110664 -> 
  custom:video-decoder-webm-vp8: 9c59270c3fd7afecdb556c50c9e8de78 -> 
  custom:scripting/precompiled-assembly-types:DOTweenPro: a663f20935f73026b0a02781a4652876 -> 
  custom:scripting/monoscript/fileName/DOTweenModulePhysics.cs: 87f8974001cd2397421cfdcad1904e83 -> 
  custom:audio-decoder-ogg-vorbis: bf7c407c2cedff20999df2af8eb42d56 -> 
  custom:scripting/precompiled-assembly-types:DemiLib: 2d2fa88ff7102d8d3fb38715c5e5e089 -> 
  custom:scripting/monoscript/fileName/PlayerMovement2.cs: de5dad4c3545ad8f9f6984966a40b37a -> 
  custom:SearchIndexIgnoredProperties: e643bd26f0fe6173181afceb89e7c659 -> 
  custom:scripting/monoscript/fileName/DOTweenModuleUtils.cs: 34ad347c902a97803d1c13fe65e97957 -> 
  custom:container-demuxer-ogg: 62fdf1f143b41e24485cea50d1cbac27 -> 
  custom:AudioImporter_EditorPlatform: d09bf68614088b80899f8185d706f6e7 -> 
  custom:CustomObjectIndexerAttribute: 9a22284fe3817be447336de3de66b15e -> 
  custom:scripting/monoscript/fileName/DOTweenModuleAudio.cs: 371877257ce39f5f0996ea556debbc8a -> 
  custom:scripting/monoscript/fileName/DOTweenPreviewManager.cs: c36c1e1f6226ef87f96bd51d8bc96fa8 -> 
  custom:scripting/monoscript/fileName/DOTweenModulePhysics2D.cs: 63b0e5981d81d026672954b54596f5ae -> 
  custom:scripting/monoscript/fileName/TutorialBuildBlock.cs: 7c367f7ba2aebd0825e231b0c9e6e964 -> 
  custom:scripting/precompiled-assembly-types:DemiEditor: 9713a9ebd7b71f042b3f988bdcfde787 -> 
  custom:scripting/monoscript/fileName/UIManager.cs: 2595dc2cbd41cc2d023a3ebb28d87e9e -> 
  custom:container-demuxer-webm: 4f35f7cbe854078d1ac9338744f61a02 -> 
  custom:scripting/monoscript/fileName/DOTweenAnimation.cs: 286489be3d35a4600ea78795edfec99e -> 
  custom:scripting/monoscript/fileName/AudioManager.cs: e8310be4479956b7ccf5d41d9f0f6e53 -> 
  custom:scripting/monoscript/fileName/Trunk.cs: 3c77c879876a19ef3d7b12fd707afdea -> 
  custom:scripting/monoscript/fileName/DOTweenProShortcuts.cs: 3862ae8ad7f99f5efe22902c80795369 -> 
  custom:scripting/precompiled-assembly-types:DOTweenEditor: 1efdf497b099e4e6944f0dd7fb28c744 -> 
  custom:scripting/monoscript/fileName/DOTweenAnimationInspector.cs: e2903dd856fc6b745b3db9c24a3d69cd -> 
  custom:scripting/monoscript/fileName/ChunkGenerator.cs: c34ac5ef3d79f6264782925317061fad -> 
  custom:scripting/precompiled-assembly-types:Assembly-CSharp-Editor-firstpass: 23c2b7ec28c59d5ca69f596615a98fdc -> 
  custom:video-decoder-ogg-theora: a1e56fd34408186e4bbccfd4996cb3dc -> 
  custom:audio-encoder-webm-vorbis: bf7c407c2cedff20999df2af8eb42d56 -> 
  custom:scripting/monoscript/fileName/DOTweenModuleUnityVersion.cs: 5fda8b30fb2f0276062c9b201e3b53c4 -> 
  custom:scripting/monoscript/fileName/DOTweenModuleUI.cs: 53c26b618f695b59a868eebdc97332ad -> 
  custom:framework-win-MediaFoundation: 216162199b28c13a410421893ffa2e32 -> 
  custom:scripting/monoscript/fileName/LunaManager.cs: e885d4774adb3f734d871a05ad5d205e -> 
  custom:scripting/precompiled-assembly-types:Assembly-CSharp: 5430ef8b12a0f71ce38688e1d5b92df4 -> 482e17d551b00cd7946e9d7b35e05131
  custom:scripting/precompiled-assembly-types:Assembly-CSharp-firstpass: b26c67f6a15d994bd0760e04fc84091b -> 
  custom:scripting/precompiled-assembly-types:DOTweenProEditor: 51bc1a80d96a2a35af34dfc86b4db341 -> 
  custom:scripting/monoscript/fileName/Chunk.cs: 2c601e55a29a773029fef31d3cc0f584 -> 
  custom:container-muxer-webm: aa71ff27fc2769a1b78a27578f13a17b -> 
  custom:scripting/monoscript/fileName/DOTweenModuleSprite.cs: e35fb5eb1c483cffc283a374a5e25466 -> 
  custom:scripting/precompiled-assembly-types:DOTween: 41770a3e10244ae0a34e714162bbdba6 -> 
========================================================================
Received Prepare
Caller must complete domain reload
Begin MonoManager ReloadAssembly
- Loaded All Assemblies, in  0.409 seconds
Native extension for WindowsStandalone target not found
Native extension for iOS target not found
Native extension for Android target not found
[Package Manager] Server::EnsureServerProcessIsRunning -- launch failed, reason: Unity was launched with the -noUpm command-line argument
[Package Manager] UpmClient::Send -- Unable to send message (not connected to UPM process).
[Package Manager] Cannot connect to Unity Package Manager local server
[Package Manager] Server::EnsureServerProcessIsRunning -- launch failed, reason: Unity was launched with the -noUpm command-line argument
[Package Manager] UpmClient::Send -- Unable to send message (not connected to UPM process).
[Package Manager] Cannot connect to Unity Package Manager local server
Failed to sync packages list
UnityEngine.StackTraceUtility:ExtractStackTrace ()
UnityEngine.DebugLogHandler:LogFormat (UnityEngine.LogType,UnityEngine.Object,string,object[])
UnityEngine.Logger:Log (UnityEngine.LogType,object)
UnityEngine.Debug:LogWarning (object)
 .  / :MoveNext ()
System.Runtime.CompilerServices.AsyncTaskMethodBuilder:Start< .  / > ( .  / &)
 .  :  ()
 .⁤/ :MoveNext ()
System.Runtime.CompilerServices.AsyncTaskMethodBuilder:Start< .⁤/ > ( .⁤/ &)
 .⁤:  ()
System.Reflection.RuntimeMethodInfo:Invoke (object,System.Reflection.BindingFlags,System.Reflection.Binder,object[],System.Globalization.CultureInfo)
System.Reflection.MethodBase:Invoke (object,object[])
UnityEditor.EditorAssemblies:ProcessInitializeOnLoadMethodAttributes ()

Mono: successfully reloaded assembly
- Finished resetting the current domain, in  0.778 seconds
Domain Reload Profiling: 1187ms
	BeginReloadAssembly (169ms)
		ExecutionOrderSort (0ms)
		DisableScriptedObjects (4ms)
		BackupInstance (0ms)
		ReleaseScriptingObjects (0ms)
		CreateAndSetChildDomain (41ms)
	RebuildCommonClasses (39ms)
	RebuildNativeTypeToScriptingClass (14ms)
	initialDomainReloadingComplete (27ms)
	LoadAllAssembliesAndSetupDomain (160ms)
		LoadAssemblies (232ms)
		RebuildTransferFunctionScriptingTraits (0ms)
		AnalyzeDomain (15ms)
			TypeCache.Refresh (7ms)
				TypeCache.ScanAssembly (0ms)
			ScanForSourceGeneratedMonoScriptInfo (5ms)
			ResolveRequiredComponents (2ms)
	FinalizeReload (778ms)
		ReleaseScriptCaches (0ms)
		RebuildScriptCaches (0ms)
		SetupLoadedEditorAssemblies (521ms)
			LogAssemblyErrors (0ms)
			InitializePlatformSupportModulesInManaged (28ms)
			SetLoadedEditorAssemblies (3ms)
			RefreshPlugins (0ms)
			BeforeProcessingInitializeOnLoad (40ms)
			ProcessInitializeOnLoadAttributes (405ms)
			ProcessInitializeOnLoadMethodAttributes (44ms)
			AfterProcessingInitializeOnLoad (2ms)
			EditorAssembliesLoaded (0ms)
		ExecutionOrderSort2 (0ms)
		AwakeInstancesAfterBackupRestoration (6ms)
Refreshing native plugins compatible for Editor in 1.04 ms, found 2 plugins.
Preloading 0 native plugins for Editor in 0.00 ms.
Release of invalid GC handle. The handle is from a previous domain. The release operation is skipped.
Release of invalid GC handle native callstack: 
0x00007ff63674eb5d (Unity) StackWalker::GetCurrentCallstack
0x00007ff636753c39 (Unity) StackWalker::ShowCallstack
0x00007ff637744851 (Unity) GetStacktrace
0x00007ff63664ae8d (Unity) ScriptingGCHandle::ReleaseAndClear
0x00007ff636c1081c (Unity) UploadHandlerRaw::`vector deleting destructor'
0x00007ff636c113cd (Unity) UploadHandler::Release
0x00007ff636c0dc6d (Unity) UnityWebRequestProto<UnityWebRequestTransport,AtomicRefCounter,RedirectHelper,ResponseHelper,DownloadHandler,UploadHandler,CertificateHandler,HeaderHelper,AsyncOperation>::~UnityWebRequestProto<UnityWebRequestTransport,AtomicRefCounter,RedirectHelper,ResponseHelper,DownloadHandler,UploadHandler,CertificateHandler,HeaderHelper,AsyncOperation>
0x00007ff636c0df66 (Unity) UnityWebRequest::`vector deleting destructor'
0x00007ff6359640a7 (Unity) UnityWebRequestProto<UnityWebRequestTransport,AtomicRefCounter,RedirectHelper,ResponseHelper,DownloadHandler,UploadHandler,CertificateHandler,HeaderHelper,AsyncOperation>::Release
0x00007ff636c0f995 (Unity) UnityWebRequestAsyncOperation::InvokeCoroutine
0x00007ff636c0fb71 (Unity) UnityWebRequestProto<UnityWebRequestTransport,AtomicRefCounter,RedirectHelper,ResponseHelper,DownloadHandler,UploadHandler,CertificateHandler,HeaderHelper,AsyncOperation>::Job_InvokeCoroutine
0x00007ff636277d2a (Unity) BackgroundJobQueue::ExecuteMainThreadJobs
0x00007ff63632b49f (Unity) PreloadManager::WaitForAllAsyncOperationsToComplete
0x00007ff637aea248 (Unity) <lambda_b37b41f03089e3cb3f55061bbc93253d>::operator()
0x00007ff637b25a22 (Unity) asio::detail::completion_handler<core::mutable_function<void __cdecl(void)>,asio::io_context::basic_executor_type<std::allocator<void>,0> >::do_complete
0x00007ff637b1196e (Unity) asio::detail::win_iocp_io_context::do_one
0x00007ff637b135d4 (Unity) asio::detail::win_iocp_io_context::run
0x00007ff637b23dcc (Unity) IOService::Run
0x00007ff637af71cf (Unity) AssetImportWorkerClient::Run
0x00007ff637ac2b37 (Unity) RunAssetImportWorkerClientV2
0x00007ff637ac2bbb (Unity) RunAssetImporterV2
0x00007ff6372bba5e (Unity) Application::InitializeProject
0x00007ff63774f4e5 (Unity) WinMain
0x00007ff638b014de (Unity) __scrt_common_main_seh
0x00007ffd6b887374 (KERNEL32) BaseThreadInitThunk
0x00007ffd6d89cc91 (ntdll) RtlUserThreadStart
Unloading 1458 Unused Serialized files (Serialized files now loaded: 0)
Unloading 29 unused Assets / (0.7 MB). Loaded Objects now: 2653.
Memory consumption went from 124.6 MB to 123.9 MB.
Total: 3.317300 ms (FindLiveObjects: 0.174800 ms CreateObjectMapping: 0.042300 ms MarkObjects: 2.771600 ms  DeleteObjects: 0.327400 ms)

Prepare: number of updated asset objects reloaded= 0
AssetImportParameters requested are different than current active one (requested -> active):
  custom:video-encoder-webm-vp8: eb34c28f22e8b96e1ab97ce403110664 -> 
  custom:video-decoder-webm-vp8: 9c59270c3fd7afecdb556c50c9e8de78 -> 
  custom:scripting/precompiled-assembly-types:DOTweenPro: a663f20935f73026b0a02781a4652876 -> 
  custom:scripting/monoscript/fileName/DOTweenModulePhysics.cs: 87f8974001cd2397421cfdcad1904e83 -> 
  custom:audio-decoder-ogg-vorbis: bf7c407c2cedff20999df2af8eb42d56 -> 
  custom:scripting/precompiled-assembly-types:DemiLib: 2d2fa88ff7102d8d3fb38715c5e5e089 -> 
  custom:scripting/monoscript/fileName/PlayerMovement2.cs: de5dad4c3545ad8f9f6984966a40b37a -> 
  custom:SearchIndexIgnoredProperties: e643bd26f0fe6173181afceb89e7c659 -> 
  custom:scripting/monoscript/fileName/DOTweenModuleUtils.cs: 34ad347c902a97803d1c13fe65e97957 -> 
  custom:container-demuxer-ogg: 62fdf1f143b41e24485cea50d1cbac27 -> 
  custom:AudioImporter_EditorPlatform: d09bf68614088b80899f8185d706f6e7 -> 
  custom:CustomObjectIndexerAttribute: 9a22284fe3817be447336de3de66b15e -> 
  custom:scripting/monoscript/fileName/DOTweenModuleAudio.cs: 371877257ce39f5f0996ea556debbc8a -> 
  custom:scripting/monoscript/fileName/DOTweenPreviewManager.cs: c36c1e1f6226ef87f96bd51d8bc96fa8 -> 
  custom:scripting/monoscript/fileName/DOTweenModulePhysics2D.cs: 63b0e5981d81d026672954b54596f5ae -> 
  custom:scripting/monoscript/fileName/TutorialBuildBlock.cs: 7c367f7ba2aebd0825e231b0c9e6e964 -> 
  custom:scripting/precompiled-assembly-types:DemiEditor: 9713a9ebd7b71f042b3f988bdcfde787 -> 
  custom:scripting/monoscript/fileName/UIManager.cs: 2595dc2cbd41cc2d023a3ebb28d87e9e -> 
  custom:container-demuxer-webm: 4f35f7cbe854078d1ac9338744f61a02 -> 
  custom:scripting/monoscript/fileName/DOTweenAnimation.cs: 286489be3d35a4600ea78795edfec99e -> 
  custom:scripting/monoscript/fileName/AudioManager.cs: e8310be4479956b7ccf5d41d9f0f6e53 -> 
  custom:scripting/monoscript/fileName/Trunk.cs: 3c77c879876a19ef3d7b12fd707afdea -> 
  custom:scripting/monoscript/fileName/DOTweenProShortcuts.cs: 3862ae8ad7f99f5efe22902c80795369 -> 
  custom:scripting/precompiled-assembly-types:DOTweenEditor: 1efdf497b099e4e6944f0dd7fb28c744 -> 
  custom:scripting/monoscript/fileName/DOTweenAnimationInspector.cs: e2903dd856fc6b745b3db9c24a3d69cd -> 
  custom:scripting/monoscript/fileName/ChunkGenerator.cs: c34ac5ef3d79f6264782925317061fad -> 
  custom:scripting/precompiled-assembly-types:Assembly-CSharp-Editor-firstpass: 23c2b7ec28c59d5ca69f596615a98fdc -> 
  custom:video-decoder-ogg-theora: a1e56fd34408186e4bbccfd4996cb3dc -> 
  custom:audio-encoder-webm-vorbis: bf7c407c2cedff20999df2af8eb42d56 -> 
  custom:scripting/monoscript/fileName/DOTweenModuleUnityVersion.cs: 5fda8b30fb2f0276062c9b201e3b53c4 -> 
  custom:scripting/monoscript/fileName/DOTweenModuleUI.cs: 53c26b618f695b59a868eebdc97332ad -> 
  custom:framework-win-MediaFoundation: 216162199b28c13a410421893ffa2e32 -> 
  custom:scripting/monoscript/fileName/LunaManager.cs: e885d4774adb3f734d871a05ad5d205e -> 
  custom:scripting/precompiled-assembly-types:Assembly-CSharp: 5430ef8b12a0f71ce38688e1d5b92df4 -> 482e17d551b00cd7946e9d7b35e05131
  custom:scripting/precompiled-assembly-types:Assembly-CSharp-firstpass: b26c67f6a15d994bd0760e04fc84091b -> 
  custom:scripting/precompiled-assembly-types:DOTweenProEditor: 51bc1a80d96a2a35af34dfc86b4db341 -> 
  custom:scripting/monoscript/fileName/Chunk.cs: 2c601e55a29a773029fef31d3cc0f584 -> 
  custom:container-muxer-webm: aa71ff27fc2769a1b78a27578f13a17b -> 
  custom:scripting/monoscript/fileName/DOTweenModuleSprite.cs: e35fb5eb1c483cffc283a374a5e25466 -> 
  custom:scripting/precompiled-assembly-types:DOTween: 41770a3e10244ae0a34e714162bbdba6 -> 
========================================================================
Received Prepare
Caller must complete domain reload
Begin MonoManager ReloadAssembly
- Loaded All Assemblies, in  0.393 seconds
Native extension for WindowsStandalone target not found
Native extension for iOS target not found
Native extension for Android target not found
[Package Manager] Server::EnsureServerProcessIsRunning -- launch failed, reason: Unity was launched with the -noUpm command-line argument
[Package Manager] UpmClient::Send -- Unable to send message (not connected to UPM process).
[Package Manager] Cannot connect to Unity Package Manager local server
[Package Manager] Server::EnsureServerProcessIsRunning -- launch failed, reason: Unity was launched with the -noUpm command-line argument
[Package Manager] UpmClient::Send -- Unable to send message (not connected to UPM process).
[Package Manager] Cannot connect to Unity Package Manager local server
Failed to sync packages list
UnityEngine.StackTraceUtility:ExtractStackTrace ()
UnityEngine.DebugLogHandler:LogFormat (UnityEngine.LogType,UnityEngine.Object,string,object[])
UnityEngine.Logger:Log (UnityEngine.LogType,object)
UnityEngine.Debug:LogWarning (object)
 .  / :MoveNext ()
System.Runtime.CompilerServices.AsyncTaskMethodBuilder:Start< .  / > ( .  / &)
 .  :  ()
 .⁤/ :MoveNext ()
System.Runtime.CompilerServices.AsyncTaskMethodBuilder:Start< .⁤/ > ( .⁤/ &)
 .⁤:  ()
System.Reflection.RuntimeMethodInfo:Invoke (object,System.Reflection.BindingFlags,System.Reflection.Binder,object[],System.Globalization.CultureInfo)
System.Reflection.MethodBase:Invoke (object,object[])
UnityEditor.EditorAssemblies:ProcessInitializeOnLoadMethodAttributes ()

Mono: successfully reloaded assembly
- Finished resetting the current domain, in  0.835 seconds
Domain Reload Profiling: 1228ms
	BeginReloadAssembly (138ms)
		ExecutionOrderSort (0ms)
		DisableScriptedObjects (4ms)
		BackupInstance (0ms)
		ReleaseScriptingObjects (0ms)
		CreateAndSetChildDomain (32ms)
	RebuildCommonClasses (41ms)
	RebuildNativeTypeToScriptingClass (16ms)
	initialDomainReloadingComplete (25ms)
	LoadAllAssembliesAndSetupDomain (172ms)
		LoadAssemblies (234ms)
		RebuildTransferFunctionScriptingTraits (0ms)
		AnalyzeDomain (11ms)
			TypeCache.Refresh (6ms)
				TypeCache.ScanAssembly (0ms)
			ScanForSourceGeneratedMonoScriptInfo (0ms)
			ResolveRequiredComponents (4ms)
	FinalizeReload (835ms)
		ReleaseScriptCaches (0ms)
		RebuildScriptCaches (0ms)
		SetupLoadedEditorAssemblies (571ms)
			LogAssemblyErrors (0ms)
			InitializePlatformSupportModulesInManaged (31ms)
			SetLoadedEditorAssemblies (3ms)
			RefreshPlugins (0ms)
			BeforeProcessingInitializeOnLoad (39ms)
			ProcessInitializeOnLoadAttributes (450ms)
			ProcessInitializeOnLoadMethodAttributes (45ms)
			AfterProcessingInitializeOnLoad (2ms)
			EditorAssembliesLoaded (0ms)
		ExecutionOrderSort2 (0ms)
		AwakeInstancesAfterBackupRestoration (7ms)
Refreshing native plugins compatible for Editor in 1.04 ms, found 2 plugins.
Preloading 0 native plugins for Editor in 0.00 ms.
Release of invalid GC handle. The handle is from a previous domain. The release operation is skipped.
Release of invalid GC handle native callstack: 
0x00007ff63674eb5d (Unity) StackWalker::GetCurrentCallstack
0x00007ff636753c39 (Unity) StackWalker::ShowCallstack
0x00007ff637744851 (Unity) GetStacktrace
0x00007ff63664ae8d (Unity) ScriptingGCHandle::ReleaseAndClear
0x00007ff636c1081c (Unity) UploadHandlerRaw::`vector deleting destructor'
0x00007ff636c113cd (Unity) UploadHandler::Release
0x00007ff636c0dc6d (Unity) UnityWebRequestProto<UnityWebRequestTransport,AtomicRefCounter,RedirectHelper,ResponseHelper,DownloadHandler,UploadHandler,CertificateHandler,HeaderHelper,AsyncOperation>::~UnityWebRequestProto<UnityWebRequestTransport,AtomicRefCounter,RedirectHelper,ResponseHelper,DownloadHandler,UploadHandler,CertificateHandler,HeaderHelper,AsyncOperation>
0x00007ff636c0df66 (Unity) UnityWebRequest::`vector deleting destructor'
0x00007ff6359640a7 (Unity) UnityWebRequestProto<UnityWebRequestTransport,AtomicRefCounter,RedirectHelper,ResponseHelper,DownloadHandler,UploadHandler,CertificateHandler,HeaderHelper,AsyncOperation>::Release
0x00007ff636c0f995 (Unity) UnityWebRequestAsyncOperation::InvokeCoroutine
0x00007ff636c0fb71 (Unity) UnityWebRequestProto<UnityWebRequestTransport,AtomicRefCounter,RedirectHelper,ResponseHelper,DownloadHandler,UploadHandler,CertificateHandler,HeaderHelper,AsyncOperation>::Job_InvokeCoroutine
0x00007ff636277d2a (Unity) BackgroundJobQueue::ExecuteMainThreadJobs
0x00007ff63632b49f (Unity) PreloadManager::WaitForAllAsyncOperationsToComplete
0x00007ff637aea248 (Unity) <lambda_b37b41f03089e3cb3f55061bbc93253d>::operator()
0x00007ff637b25a22 (Unity) asio::detail::completion_handler<core::mutable_function<void __cdecl(void)>,asio::io_context::basic_executor_type<std::allocator<void>,0> >::do_complete
0x00007ff637b1196e (Unity) asio::detail::win_iocp_io_context::do_one
0x00007ff637b135d4 (Unity) asio::detail::win_iocp_io_context::run
0x00007ff637b23dcc (Unity) IOService::Run
0x00007ff637af71cf (Unity) AssetImportWorkerClient::Run
0x00007ff637ac2b37 (Unity) RunAssetImportWorkerClientV2
0x00007ff637ac2bbb (Unity) RunAssetImporterV2
0x00007ff6372bba5e (Unity) Application::InitializeProject
0x00007ff63774f4e5 (Unity) WinMain
0x00007ff638b014de (Unity) __scrt_common_main_seh
0x00007ffd6b887374 (KERNEL32) BaseThreadInitThunk
0x00007ffd6d89cc91 (ntdll) RtlUserThreadStart
Unloading 1458 Unused Serialized files (Serialized files now loaded: 0)
Unloading 29 unused Assets / (0.7 MB). Loaded Objects now: 2658.
Memory consumption went from 124.8 MB to 124.1 MB.
Total: 3.344100 ms (FindLiveObjects: 0.170900 ms CreateObjectMapping: 0.051500 ms MarkObjects: 2.798400 ms  DeleteObjects: 0.322300 ms)

Prepare: number of updated asset objects reloaded= 0
AssetImportParameters requested are different than current active one (requested -> active):
  custom:video-encoder-webm-vp8: eb34c28f22e8b96e1ab97ce403110664 -> 
  custom:video-decoder-webm-vp8: 9c59270c3fd7afecdb556c50c9e8de78 -> 
  custom:scripting/precompiled-assembly-types:DOTweenPro: a663f20935f73026b0a02781a4652876 -> 
  custom:scripting/monoscript/fileName/DOTweenModulePhysics.cs: 87f8974001cd2397421cfdcad1904e83 -> 
  custom:audio-decoder-ogg-vorbis: bf7c407c2cedff20999df2af8eb42d56 -> 
  custom:scripting/precompiled-assembly-types:DemiLib: 2d2fa88ff7102d8d3fb38715c5e5e089 -> 
  custom:scripting/monoscript/fileName/PlayerMovement2.cs: de5dad4c3545ad8f9f6984966a40b37a -> 
  custom:SearchIndexIgnoredProperties: e643bd26f0fe6173181afceb89e7c659 -> 
  custom:scripting/monoscript/fileName/DOTweenModuleUtils.cs: 34ad347c902a97803d1c13fe65e97957 -> 
  custom:container-demuxer-ogg: 62fdf1f143b41e24485cea50d1cbac27 -> 
  custom:AudioImporter_EditorPlatform: d09bf68614088b80899f8185d706f6e7 -> 
  custom:CustomObjectIndexerAttribute: 9a22284fe3817be447336de3de66b15e -> 
  custom:scripting/monoscript/fileName/DOTweenModuleAudio.cs: 371877257ce39f5f0996ea556debbc8a -> 
  custom:scripting/monoscript/fileName/DOTweenPreviewManager.cs: c36c1e1f6226ef87f96bd51d8bc96fa8 -> 
  custom:scripting/monoscript/fileName/DOTweenModulePhysics2D.cs: 63b0e5981d81d026672954b54596f5ae -> 
  custom:scripting/monoscript/fileName/TutorialBuildBlock.cs: 7c367f7ba2aebd0825e231b0c9e6e964 -> 
  custom:scripting/precompiled-assembly-types:DemiEditor: 9713a9ebd7b71f042b3f988bdcfde787 -> 
  custom:scripting/monoscript/fileName/UIManager.cs: 2595dc2cbd41cc2d023a3ebb28d87e9e -> 
  custom:container-demuxer-webm: 4f35f7cbe854078d1ac9338744f61a02 -> 
  custom:scripting/monoscript/fileName/DOTweenAnimation.cs: 286489be3d35a4600ea78795edfec99e -> 
  custom:scripting/monoscript/fileName/AudioManager.cs: e8310be4479956b7ccf5d41d9f0f6e53 -> 
  custom:scripting/monoscript/fileName/Trunk.cs: 3c77c879876a19ef3d7b12fd707afdea -> 
  custom:scripting/monoscript/fileName/DOTweenProShortcuts.cs: 3862ae8ad7f99f5efe22902c80795369 -> 
  custom:scripting/precompiled-assembly-types:DOTweenEditor: 1efdf497b099e4e6944f0dd7fb28c744 -> 
  custom:scripting/monoscript/fileName/DOTweenAnimationInspector.cs: e2903dd856fc6b745b3db9c24a3d69cd -> 
  custom:scripting/monoscript/fileName/ChunkGenerator.cs: c34ac5ef3d79f6264782925317061fad -> 
  custom:scripting/precompiled-assembly-types:Assembly-CSharp-Editor-firstpass: 23c2b7ec28c59d5ca69f596615a98fdc -> 
  custom:video-decoder-ogg-theora: a1e56fd34408186e4bbccfd4996cb3dc -> 
  custom:audio-encoder-webm-vorbis: bf7c407c2cedff20999df2af8eb42d56 -> 
  custom:scripting/monoscript/fileName/DOTweenModuleUnityVersion.cs: 5fda8b30fb2f0276062c9b201e3b53c4 -> 
  custom:scripting/monoscript/fileName/DOTweenModuleUI.cs: 53c26b618f695b59a868eebdc97332ad -> 
  custom:framework-win-MediaFoundation: 216162199b28c13a410421893ffa2e32 -> 
  custom:scripting/monoscript/fileName/LunaManager.cs: e885d4774adb3f734d871a05ad5d205e -> 
  custom:scripting/precompiled-assembly-types:Assembly-CSharp: 5430ef8b12a0f71ce38688e1d5b92df4 -> 482e17d551b00cd7946e9d7b35e05131
  custom:scripting/precompiled-assembly-types:Assembly-CSharp-firstpass: b26c67f6a15d994bd0760e04fc84091b -> 
  custom:scripting/precompiled-assembly-types:DOTweenProEditor: 51bc1a80d96a2a35af34dfc86b4db341 -> 
  custom:scripting/monoscript/fileName/Chunk.cs: 2c601e55a29a773029fef31d3cc0f584 -> 
  custom:container-muxer-webm: aa71ff27fc2769a1b78a27578f13a17b -> 
  custom:scripting/monoscript/fileName/DOTweenModuleSprite.cs: e35fb5eb1c483cffc283a374a5e25466 -> 
  custom:scripting/precompiled-assembly-types:DOTween: 41770a3e10244ae0a34e714162bbdba6 -> 
========================================================================
Received Prepare
Caller must complete domain reload
Begin MonoManager ReloadAssembly
- Loaded All Assemblies, in  0.370 seconds
Native extension for WindowsStandalone target not found
Native extension for iOS target not found
Native extension for Android target not found
[Package Manager] Server::EnsureServerProcessIsRunning -- launch failed, reason: Unity was launched with the -noUpm command-line argument
[Package Manager] UpmClient::Send -- Unable to send message (not connected to UPM process).
[Package Manager] Cannot connect to Unity Package Manager local server
[Package Manager] Server::EnsureServerProcessIsRunning -- launch failed, reason: Unity was launched with the -noUpm command-line argument
[Package Manager] UpmClient::Send -- Unable to send message (not connected to UPM process).
[Package Manager] Cannot connect to Unity Package Manager local server
Failed to sync packages list
UnityEngine.StackTraceUtility:ExtractStackTrace ()
UnityEngine.DebugLogHandler:LogFormat (UnityEngine.LogType,UnityEngine.Object,string,object[])
UnityEngine.Logger:Log (UnityEngine.LogType,object)
UnityEngine.Debug:LogWarning (object)
 .  / :MoveNext ()
System.Runtime.CompilerServices.AsyncTaskMethodBuilder:Start< .  / > ( .  / &)
 .  :  ()
 .⁤/ :MoveNext ()
System.Runtime.CompilerServices.AsyncTaskMethodBuilder:Start< .⁤/ > ( .⁤/ &)
 .⁤:  ()
System.Reflection.RuntimeMethodInfo:Invoke (object,System.Reflection.BindingFlags,System.Reflection.Binder,object[],System.Globalization.CultureInfo)
System.Reflection.MethodBase:Invoke (object,object[])
UnityEditor.EditorAssemblies:ProcessInitializeOnLoadMethodAttributes ()

Mono: successfully reloaded assembly
- Finished resetting the current domain, in  0.731 seconds
Domain Reload Profiling: 1101ms
	BeginReloadAssembly (149ms)
		ExecutionOrderSort (0ms)
		DisableScriptedObjects (4ms)
		BackupInstance (0ms)
		ReleaseScriptingObjects (0ms)
		CreateAndSetChildDomain (33ms)
	RebuildCommonClasses (32ms)
	RebuildNativeTypeToScriptingClass (12ms)
	initialDomainReloadingComplete (24ms)
	LoadAllAssembliesAndSetupDomain (152ms)
		LoadAssemblies (225ms)
		RebuildTransferFunctionScriptingTraits (0ms)
		AnalyzeDomain (8ms)
			TypeCache.Refresh (4ms)
				TypeCache.ScanAssembly (0ms)
			ScanForSourceGeneratedMonoScriptInfo (0ms)
			ResolveRequiredComponents (2ms)
	FinalizeReload (732ms)
		ReleaseScriptCaches (0ms)
		RebuildScriptCaches (0ms)
		SetupLoadedEditorAssemblies (493ms)
			LogAssemblyErrors (0ms)
			InitializePlatformSupportModulesInManaged (24ms)
			SetLoadedEditorAssemblies (2ms)
			RefreshPlugins (0ms)
			BeforeProcessingInitializeOnLoad (38ms)
			ProcessInitializeOnLoadAttributes (379ms)
			ProcessInitializeOnLoadMethodAttributes (48ms)
			AfterProcessingInitializeOnLoad (2ms)
			EditorAssembliesLoaded (0ms)
		ExecutionOrderSort2 (0ms)
		AwakeInstancesAfterBackupRestoration (7ms)
Callback registration failed. Increase kMaxCallback.
Fatal Error! Callback registration failed. Increase kMaxCallback.
Crash!!!
SymInit: Symbol-SearchPath: '.;F:\Unity\Unity_Project\Willcraf_Playable;F:\Unity\Unity_Project\Willcraf_Playable\Library\BurstCache\JIT;F:\Unity\UnityEditor\2022.3.47f1\Editor;C:\WINDOWS;C:\WINDOWS\system32;', symOptions: 534, UserName: 'PC'
OS-Version: 10.0.0
F:\Unity\UnityEditor\2022.3.47f1\Editor\Unity.exe:Unity.exe (00007FF635560000), size: 82370560 (result: 0), SymType: 'PDB', PDB: 'F:\Unity\UnityEditor\2022.3.47f1\Editor\Unity_x64.pdb', fileVersion: 2022.3.47.49783
C:\WINDOWS\SYSTEM32\ntdll.dll:ntdll.dll (00007FFD6D850000), size: 2064384 (result: 0), SymType: '-exported-', PDB: 'C:\WINDOWS\SYSTEM32\ntdll.dll', fileVersion: 10.0.19041.5438
C:\WINDOWS\System32\KERNEL32.DLL:KERNEL32.DLL (00007FFD6B870000), size: 794624 (result: 0), SymType: '-exported-', PDB: 'C:\WINDOWS\System32\KERNEL32.DLL', fileVersion: 10.0.19041.5438
C:\WINDOWS\System32\KERNELBASE.dll:KERNELBASE.dll (00007FFD6B570000), size: 3141632 (result: 0), SymType: '-exported-', PDB: 'C:\WINDOWS\System32\KERNELBASE.dll', fileVersion: 10.0.19041.5607
C:\WINDOWS\System32\CRYPT32.dll:CRYPT32.dll (00007FFD6B1F0000), size: 1425408 (result: 0), SymType: '-exported-', PDB: 'C:\WINDOWS\System32\CRYPT32.dll', fileVersion: 10.0.19041.5072
C:\WINDOWS\System32\ucrtbase.dll:ucrtbase.dll (00007FFD6B350000), size: 1048576 (result: 0), SymType: '-exported-', PDB: 'C:\WINDOWS\System32\ucrtbase.dll', fileVersion: 10.0.19041.3636
C:\WINDOWS\System32\bcrypt.dll:bcrypt.dll (00007FFD6AEF0000), size: 159744 (result: 0), SymType: '-exported-', PDB: 'C:\WINDOWS\System32\bcrypt.dll', fileVersion: 10.0.19041.5369
C:\WINDOWS\System32\USER32.dll:USER32.dll (00007FFD6C280000), size: 1691648 (result: 0), SymType: '-exported-', PDB: 'C:\WINDOWS\System32\USER32.dll', fileVersion: 10.0.19041.4717
F:\Unity\UnityEditor\2022.3.47f1\Editor\s3tcompress.dll:s3tcompress.dll (00007FFD61AF0000), size: 180224 (result: 0), SymType: '-exported-', PDB: 'F:\Unity\UnityEditor\2022.3.47f1\Editor\s3tcompress.dll'
F:\Unity\UnityEditor\2022.3.47f1\Editor\etccompress.dll:etccompress.dll (00007FFCF13E0000), size: 5066752 (result: 0), SymType: '-exported-', PDB: 'F:\Unity\UnityEditor\2022.3.47f1\Editor\etccompress.dll'
F:\Unity\UnityEditor\2022.3.47f1\Editor\libfbxsdk.dll:libfbxsdk.dll (00007FFCEC4D0000), size: 8019968 (result: 0), SymType: '-exported-', PDB: 'F:\Unity\UnityEditor\2022.3.47f1\Editor\libfbxsdk.dll', fileVersion: 2020.3.7.0
C:\WINDOWS\System32\win32u.dll:win32u.dll (00007FFD6AFE0000), size: 139264 (result: 0), SymType: '-exported-', PDB: 'C:\WINDOWS\System32\win32u.dll', fileVersion: 10.0.19041.5607
F:\Unity\UnityEditor\2022.3.47f1\Editor\ispc_texcomp.dll:ispc_texcomp.dll (00007FFD33A30000), size: 1826816 (result: 0), SymType: '-exported-', PDB: 'F:\Unity\UnityEditor\2022.3.47f1\Editor\ispc_texcomp.dll'
C:\WINDOWS\System32\ADVAPI32.dll:ADVAPI32.dll (00007FFD6B940000), size: 716800 (result: 0), SymType: '-exported-', PDB: 'C:\WINDOWS\System32\ADVAPI32.dll', fileVersion: 10.0.19041.5438
F:\Unity\UnityEditor\2022.3.47f1\Editor\compress_bc7e.dll:compress_bc7e.dll (00007FFD338D0000), size: 1433600 (result: 0), SymType: '-exported-', PDB: 'F:\Unity\UnityEditor\2022.3.47f1\Editor\compress_bc7e.dll'
C:\WINDOWS\System32\GDI32.dll:GDI32.dll (00007FFD6BEB0000), size: 176128 (result: 0), SymType: '-exported-', PDB: 'C:\WINDOWS\System32\GDI32.dll', fileVersion: 10.0.19041.4474
F:\Unity\UnityEditor\2022.3.47f1\Editor\FreeImage.dll:FreeImage.dll (0000000180000000), size: 5783552 (result: 0), SymType: '-exported-', PDB: 'F:\Unity\UnityEditor\2022.3.47f1\Editor\FreeImage.dll', fileVersion: 3.18.0.0
C:\WINDOWS\System32\msvcrt.dll:msvcrt.dll (00007FFD6BF80000), size: 647168 (result: 0), SymType: '-exported-', PDB: 'C:\WINDOWS\System32\msvcrt.dll', fileVersion: 7.0.19041.3636
C:\WINDOWS\System32\gdi32full.dll:gdi32full.dll (00007FFD6B450000), size: 1155072 (result: 0), SymType: '-exported-', PDB: 'C:\WINDOWS\System32\gdi32full.dll', fileVersion: 10.0.19041.5438
F:\Unity\UnityEditor\2022.3.47f1\Editor\WinPixEventRuntime.dll:WinPixEventRuntime.dll (00007FFD674E0000), size: 45056 (result: 0), SymType: '-exported-', PDB: 'F:\Unity\UnityEditor\2022.3.47f1\Editor\WinPixEventRuntime.dll', fileVersion: 1.0.1812.6001
C:\WINDOWS\System32\WS2_32.dll:WS2_32.dll (00007FFD6C0D0000), size: 438272 (result: 0), SymType: '-exported-', PDB: 'C:\WINDOWS\System32\WS2_32.dll', fileVersion: 10.0.19041.3636
C:\WINDOWS\System32\msvcp_win.dll:msvcp_win.dll (00007FFD6B0A0000), size: 643072 (result: 0), SymType: '-exported-', PDB: 'C:\WINDOWS\System32\msvcp_win.dll', fileVersion: 10.0.19041.3636
C:\WINDOWS\System32\sechost.dll:sechost.dll (00007FFD6C510000), size: 651264 (result: 0), SymType: '-exported-', PDB: 'C:\WINDOWS\System32\sechost.dll', fileVersion: 10.0.19041.5072
C:\WINDOWS\System32\RPCRT4.dll:RPCRT4.dll (00007FFD6C920000), size: 1191936 (result: 0), SymType: '-exported-', PDB: 'C:\WINDOWS\System32\RPCRT4.dll', fileVersion: 10.0.19041.4957
C:\WINDOWS\System32\SHELL32.dll:SHELL32.dll (00007FFD6D0A0000), size: 7786496 (result: 0), SymType: '-exported-', PDB: 'C:\WINDOWS\System32\SHELL32.dll', fileVersion: 10.0.19041.5553
C:\WINDOWS\System32\SHLWAPI.dll:SHLWAPI.dll (00007FFD6C140000), size: 348160 (result: 0), SymType: '-exported-', PDB: 'C:\WINDOWS\System32\SHLWAPI.dll', fileVersion: 10.0.19041.4355
F:\Unity\UnityEditor\2022.3.47f1\Editor\umbraoptimizer64.dll:umbraoptimizer64.dll (00007FFD337A0000), size: 1187840 (result: 0), SymType: '-exported-', PDB: 'F:\Unity\UnityEditor\2022.3.47f1\Editor\umbraoptimizer64.dll'
C:\WINDOWS\System32\ole32.dll:ole32.dll (00007FFD6BD80000), size: 1224704 (result: 0), SymType: '-exported-', PDB: 'C:\WINDOWS\System32\ole32.dll', fileVersion: 10.0.19041.5369
C:\WINDOWS\System32\combase.dll:combase.dll (00007FFD6C5B0000), size: 3493888 (result: 0), SymType: '-exported-', PDB: 'C:\WINDOWS\System32\combase.dll', fileVersion: 10.0.19041.5553
C:\WINDOWS\SYSTEM32\MSVCP140.dll:MSVCP140.dll (00007FFD49B00000), size: 577536 (result: 0), SymType: '-exported-', PDB: 'C:\WINDOWS\SYSTEM32\MSVCP140.dll', fileVersion: 14.38.33135.0
C:\WINDOWS\System32\IMM32.dll:IMM32.dll (00007FFD6BAC0000), size: 192512 (result: 0), SymType: '-exported-', PDB: 'C:\WINDOWS\System32\IMM32.dll', fileVersion: 10.0.19041.4474
C:\WINDOWS\SYSTEM32\VCRUNTIME140.dll:VCRUNTIME140.dll (00007FFD49BF0000), size: 118784 (result: 0), SymType: '-exported-', PDB: 'C:\WINDOWS\SYSTEM32\VCRUNTIME140.dll', fileVersion: 14.38.33135.0
C:\WINDOWS\SYSTEM32\VCRUNTIME140_1.dll:VCRUNTIME140_1.dll (00007FFD49C10000), size: 49152 (result: 0), SymType: '-exported-', PDB: 'C:\WINDOWS\SYSTEM32\VCRUNTIME140_1.dll', fileVersion: 14.38.33135.0
C:\WINDOWS\System32\SETUPAPI.dll:SETUPAPI.dll (00007FFD6CB00000), size: 4657152 (result: 0), SymType: '-exported-', PDB: 'C:\WINDOWS\System32\SETUPAPI.dll', fileVersion: 10.0.19041.5369
C:\WINDOWS\System32\cfgmgr32.dll:cfgmgr32.dll (00007FFD6AF20000), size: 319488 (result: 0), SymType: '-exported-', PDB: 'C:\WINDOWS\System32\cfgmgr32.dll', fileVersion: 10.0.19041.3996
C:\WINDOWS\System32\OLEAUT32.dll:OLEAUT32.dll (00007FFD6C1B0000), size: 839680 (result: 0), SymType: '-exported-', PDB: 'C:\WINDOWS\System32\OLEAUT32.dll', fileVersion: 10.0.19041.3636
C:\WINDOWS\System32\WINTRUST.dll:WINTRUST.dll (00007FFD6AF70000), size: 425984 (result: 0), SymType: '-exported-', PDB: 'C:\WINDOWS\System32\WINTRUST.dll', fileVersion: 10.0.19041.5553
C:\WINDOWS\SYSTEM32\OPENGL32.dll:OPENGL32.dll (00007FFD46A50000), size: 1212416 (result: 0), SymType: '-exported-', PDB: 'C:\WINDOWS\SYSTEM32\OPENGL32.dll', fileVersion: 10.0.19041.5438
C:\WINDOWS\SYSTEM32\GLU32.dll:GLU32.dll (00007FFD50BC0000), size: 180224 (result: 0), SymType: '-exported-', PDB: 'C:\WINDOWS\SYSTEM32\GLU32.dll', fileVersion: 10.0.19041.3636
C:\WINDOWS\SYSTEM32\IPHLPAPI.DLL:IPHLPAPI.DLL (00007FFD6A310000), size: 241664 (result: 0), SymType: '-exported-', PDB: 'C:\WINDOWS\SYSTEM32\IPHLPAPI.DLL', fileVersion: 10.0.19041.3636
C:\WINDOWS\SYSTEM32\WINHTTP.dll:WINHTTP.dll (00007FFD642E0000), size: 1089536 (result: 0), SymType: '-exported-', PDB: 'C:\WINDOWS\SYSTEM32\WINHTTP.dll', fileVersion: 10.0.19041.5438
C:\WINDOWS\SYSTEM32\HID.DLL:HID.DLL (00007FFD69740000), size: 53248 (result: 0), SymType: '-exported-', PDB: 'C:\WINDOWS\SYSTEM32\HID.DLL', fileVersion: 10.0.19041.3636
C:\WINDOWS\SYSTEM32\WINMM.dll:WINMM.dll (00007FFD5FBA0000), size: 159744 (result: 0), SymType: '-exported-', PDB: 'C:\WINDOWS\SYSTEM32\WINMM.dll', fileVersion: 10.0.19041.3636
C:\WINDOWS\SYSTEM32\dwmapi.dll:dwmapi.dll (00007FFD68C80000), size: 192512 (result: 0), SymType: '-exported-', PDB: 'C:\WINDOWS\SYSTEM32\dwmapi.dll', fileVersion: 10.0.19041.4355
F:\Unity\UnityEditor\2022.3.47f1\Editor\SketchUpAPI.dll:SketchUpAPI.dll (00007FFCEBC30000), size: 8990720 (result: 0), SymType: '-exported-', PDB: 'F:\Unity\UnityEditor\2022.3.47f1\Editor\SketchUpAPI.dll', fileVersion: 23.0.0.0
F:\Unity\UnityEditor\2022.3.47f1\Editor\NativeProxyHelper.dll:NativeProxyHelper.dll (00007FFCFD7F0000), size: 1789952 (result: 0), SymType: '-exported-', PDB: 'F:\Unity\UnityEditor\2022.3.47f1\Editor\NativeProxyHelper.dll'
C:\WINDOWS\SYSTEM32\VERSION.dll:VERSION.dll (00007FFD670C0000), size: 40960 (result: 0), SymType: '-exported-', PDB: 'C:\WINDOWS\SYSTEM32\VERSION.dll', fileVersion: 10.0.19041.3636
C:\WINDOWS\SYSTEM32\WSOCK32.dll:WSOCK32.dll (00007FFD674C0000), size: 36864 (result: 0), SymType: '-exported-', PDB: 'C:\WINDOWS\SYSTEM32\WSOCK32.dll', fileVersion: 10.0.19041.1
F:\Unity\UnityEditor\2022.3.47f1\Editor\SketchUpCommonPreferences.dll:SketchUpCommonPreferences.dll (00007FFD43CA0000), size: 499712 (result: 0), SymType: '-exported-', PDB: 'F:\Unity\UnityEditor\2022.3.47f1\Editor\SketchUpCommonPreferences.dll', fileVersion: 23.0.0.0
C:\WINDOWS\SYSTEM32\Secur32.dll:Secur32.dll (00007FFD56520000), size: 49152 (result: 0), SymType: '-exported-', PDB: 'C:\WINDOWS\SYSTEM32\Secur32.dll', fileVersion: 10.0.19041.3636
C:\WINDOWS\SYSTEM32\SSPICLI.DLL:SSPICLI.DLL (00007FFD6ADD0000), size: 204800 (result: 0), SymType: '-exported-', PDB: 'C:\WINDOWS\SYSTEM32\SSPICLI.DLL', fileVersion: 10.0.19041.5369
F:\Unity\UnityEditor\2022.3.47f1\Editor\OpenRL.dll:OpenRL.dll (0000022D49AA0000), size: 12779520 (result: 0), SymType: '-exported-', PDB: 'F:\Unity\UnityEditor\2022.3.47f1\Editor\OpenRL.dll', fileVersion: 1.5.0.2907
C:\WINDOWS\SYSTEM32\MSVCR100.dll:MSVCR100.dll (0000000074560000), size: 856064 (result: 0), SymType: '-exported-', PDB: 'C:\WINDOWS\SYSTEM32\MSVCR100.dll', fileVersion: 10.0.30319.1
C:\WINDOWS\SYSTEM32\MSVCP100.dll:MSVCP100.dll (0000000074640000), size: 622592 (result: 0), SymType: '-exported-', PDB: 'C:\WINDOWS\SYSTEM32\MSVCP100.dll', fileVersion: 10.0.30319.1
F:\Unity\UnityEditor\2022.3.47f1\Editor\embree.dll:embree.dll (00007FFCEAC40000), size: 16711680 (result: 0), SymType: '-exported-', PDB: 'F:\Unity\UnityEditor\2022.3.47f1\Editor\embree.dll', fileVersion: 2.14.0.0
C:\WINDOWS\SYSTEM32\MSWSOCK.DLL:MSWSOCK.DLL (00007FFD6A680000), size: 442368 (result: 0), SymType: '-exported-', PDB: 'C:\WINDOWS\SYSTEM32\MSWSOCK.DLL', fileVersion: 10.0.19041.5553
F:\Unity\UnityEditor\2022.3.47f1\Editor\tbb.dll:tbb.dll (00007FFD55BB0000), size: 413696 (result: 0), SymType: '-exported-', PDB: 'F:\Unity\UnityEditor\2022.3.47f1\Editor\tbb.dll', fileVersion: 2017.0.2016.1004
C:\WINDOWS\SYSTEM32\MSVCP120.dll:MSVCP120.dll (00007FFD37050000), size: 679936 (result: 0), SymType: '-exported-', PDB: 'C:\WINDOWS\SYSTEM32\MSVCP120.dll', fileVersion: 12.0.40664.0
C:\WINDOWS\SYSTEM32\MSVCR120.dll:MSVCR120.dll (00007FFCFA8E0000), size: 978944 (result: 0), SymType: '-exported-', PDB: 'C:\WINDOWS\SYSTEM32\MSVCR120.dll', fileVersion: 12.0.40664.0
F:\Unity\UnityEditor\2022.3.47f1\Editor\OpenRL_pthread.dll:OpenRL_pthread.dll (0000022D49970000), size: 61440 (result: 0), SymType: '-exported-', PDB: 'F:\Unity\UnityEditor\2022.3.47f1\Editor\OpenRL_pthread.dll', fileVersion: 2.9.0.0
C:\WINDOWS\SYSTEM32\MSASN1.dll:MSASN1.dll (00007FFD6AAB0000), size: 73728 (result: 0), SymType: '-exported-', PDB: 'C:\WINDOWS\SYSTEM32\MSASN1.dll', fileVersion: 10.0.19041.3636
C:\WINDOWS\System32\bcryptprimitives.dll:bcryptprimitives.dll (00007FFD6B010000), size: 532480 (result: 0), SymType: '-exported-', PDB: 'C:\WINDOWS\System32\bcryptprimitives.dll', fileVersion: 10.0.19041.5007
C:\WINDOWS\SYSTEM32\kernel.appcore.dll:kernel.appcore.dll (00007FFD68CB0000), size: 73728 (result: 0), SymType: '-exported-', PDB: 'C:\WINDOWS\SYSTEM32\kernel.appcore.dll', fileVersion: 10.0.19041.3758
C:\WINDOWS\system32\uxtheme.dll:uxtheme.dll (00007FFD68800000), size: 647168 (result: 0), SymType: '-exported-', PDB: 'C:\WINDOWS\system32\uxtheme.dll', fileVersion: 10.0.19041.4529
C:\WINDOWS\SYSTEM32\windows.storage.dll:windows.storage.dll (00007FFD68F90000), size: 8011776 (result: 0), SymType: '-exported-', PDB: 'C:\WINDOWS\SYSTEM32\windows.storage.dll', fileVersion: 10.0.19041.5607
C:\WINDOWS\SYSTEM32\Wldp.dll:Wldp.dll (00007FFD6A920000), size: 176128 (result: 0), SymType: '-exported-', PDB: 'C:\WINDOWS\SYSTEM32\Wldp.dll', fileVersion: 10.0.19041.5553
C:\WINDOWS\System32\SHCORE.dll:SHCORE.dll (00007FFD6CA50000), size: 708608 (result: 0), SymType: '-exported-', PDB: 'C:\WINDOWS\System32\SHCORE.dll', fileVersion: 10.0.19041.4522
C:\WINDOWS\SYSTEM32\profapi.dll:profapi.dll (00007FFD6AE20000), size: 151552 (result: 0), SymType: '-nosymbols-', PDB: 'C:\WINDOWS\SYSTEM32\profapi.dll', fileVersion: 10.0.19041.5553
C:\WINDOWS\system32\IconCodecService.dll:IconCodecService.dll (00007FFD54C30000), size: 36864 (result: 0), SymType: '-nosymbols-', PDB: 'C:\WINDOWS\system32\IconCodecService.dll', fileVersion: 10.0.19041.1
C:\WINDOWS\SYSTEM32\WindowsCodecs.dll:WindowsCodecs.dll (00007FFD685B0000), size: 1785856 (result: 0), SymType: '-exported-', PDB: 'C:\WINDOWS\SYSTEM32\WindowsCodecs.dll', fileVersion: 10.0.19041.5129
C:\WINDOWS\System32\clbcatq.dll:clbcatq.dll (00007FFD6C020000), size: 692224 (result: 0), SymType: '-exported-', PDB: 'C:\WINDOWS\System32\clbcatq.dll', fileVersion: 2001.12.10941.16384
C:\WINDOWS\System32\netprofm.dll:netprofm.dll (00007FFD68520000), size: 258048 (result: 0), SymType: '-exported-', PDB: 'C:\WINDOWS\System32\netprofm.dll', fileVersion: 10.0.19041.4355
C:\WINDOWS\System32\npmproxy.dll:npmproxy.dll (00007FFD63F70000), size: 65536 (result: 0), SymType: '-exported-', PDB: 'C:\WINDOWS\System32\npmproxy.dll', fileVersion: 10.0.19041.4239
C:\WINDOWS\System32\NSI.dll:NSI.dll (00007FFD6C910000), size: 32768 (result: 0), SymType: '-exported-', PDB: 'C:\WINDOWS\System32\NSI.dll', fileVersion: 10.0.19041.3636
C:\WINDOWS\SYSTEM32\dhcpcsvc6.DLL:dhcpcsvc6.DLL (00007FFD649E0000), size: 94208 (result: 0), SymType: '-exported-', PDB: 'C:\WINDOWS\SYSTEM32\dhcpcsvc6.DLL', fileVersion: 10.0.19041.3636
C:\WINDOWS\SYSTEM32\dhcpcsvc.DLL:dhcpcsvc.DLL (00007FFD654C0000), size: 118784 (result: 0), SymType: '-exported-', PDB: 'C:\WINDOWS\SYSTEM32\dhcpcsvc.DLL', fileVersion: 10.0.19041.3636
C:\WINDOWS\SYSTEM32\DNSAPI.dll:DNSAPI.dll (00007FFD6A360000), size: 827392 (result: 0), SymType: '-exported-', PDB: 'C:\WINDOWS\SYSTEM32\DNSAPI.dll', fileVersion: 10.0.19041.5369
C:\WINDOWS\system32\napinsp.dll:napinsp.dll (00007FFD138D0000), size: 94208 (result: 0), SymType: '-exported-', PDB: 'C:\WINDOWS\system32\napinsp.dll', fileVersion: 10.0.19041.3636
C:\WINDOWS\system32\pnrpnsp.dll:pnrpnsp.dll (00007FFD138B0000), size: 110592 (result: 0), SymType: '-exported-', PDB: 'C:\WINDOWS\system32\pnrpnsp.dll', fileVersion: 10.0.19041.3636
C:\WINDOWS\system32\wshbth.dll:wshbth.dll (00007FFD67740000), size: 86016 (result: 0), SymType: '-exported-', PDB: 'C:\WINDOWS\system32\wshbth.dll', fileVersion: 10.0.19041.3636
C:\WINDOWS\system32\NLAapi.dll:NLAapi.dll (00007FFD66D30000), size: 118784 (result: 0), SymType: '-exported-', PDB: 'C:\WINDOWS\system32\NLAapi.dll', fileVersion: 10.0.19041.4123
C:\WINDOWS\System32\winrnr.dll:winrnr.dll (00007FFD13890000), size: 73728 (result: 0), SymType: '-exported-', PDB: 'C:\WINDOWS\System32\winrnr.dll', fileVersion: 10.0.19041.3636
C:\WINDOWS\System32\fwpuclnt.dll:fwpuclnt.dll (00007FFD63320000), size: 524288 (result: 0), SymType: '-exported-', PDB: 'C:\WINDOWS\System32\fwpuclnt.dll', fileVersion: 10.0.19041.5438
C:\Windows\System32\rasadhlp.dll:rasadhlp.dll (00007FFD641C0000), size: 40960 (result: 0), SymType: '-exported-', PDB: 'C:\Windows\System32\rasadhlp.dll', fileVersion: 10.0.19041.3636
F:\Unity\UnityEditor\2022.3.47f1\Editor\NVUnityPlugin.DLL:NVUnityPlugin.DLL (00007FFCF9E20000), size: 1519616 (result: 0), SymType: '-exported-', PDB: 'F:\Unity\UnityEditor\2022.3.47f1\Editor\NVUnityPlugin.DLL'
F:\Unity\UnityEditor\2022.3.47f1\Editor\Data\Tools\astcenc-avx2.dll:astcenc-avx2.dll (00007FFD362C0000), size: 540672 (result: 0), SymType: '-exported-', PDB: 'F:\Unity\UnityEditor\2022.3.47f1\Editor\Data\Tools\astcenc-avx2.dll'
C:\WINDOWS\System32\MMDevApi.dll:MMDevApi.dll (00007FFD65200000), size: 561152 (result: 0), SymType: '-exported-', PDB: 'C:\WINDOWS\System32\MMDevApi.dll', fileVersion: 10.0.19041.5438
C:\WINDOWS\System32\DEVOBJ.dll:DEVOBJ.dll (00007FFD6AC80000), size: 208896 (result: 0), SymType: '-exported-', PDB: 'C:\WINDOWS\System32\DEVOBJ.dll', fileVersion: 10.0.19041.4355
C:\WINDOWS\SYSTEM32\d3d11.dll:d3d11.dll (00007FFD65F70000), size: 2502656 (result: 0), SymType: '-exported-', PDB: 'C:\WINDOWS\SYSTEM32\d3d11.dll', fileVersion: 10.0.19041.4355
C:\WINDOWS\SYSTEM32\dxgi.dll:dxgi.dll (00007FFD69780000), size: 1007616 (result: 0), SymType: '-exported-', PDB: 'C:\WINDOWS\SYSTEM32\dxgi.dll', fileVersion: 10.0.19041.5438
C:\WINDOWS\System32\DriverStore\FileRepository\iigd_dch.inf_amd64_258bfdda6f2bfa20\igd10iumd64.dll:igd10iumd64.dll (00007FFD614F0000), size: 3108864 (result: 0), SymType: '-exported-', PDB: 'C:\WINDOWS\System32\DriverStore\FileRepository\iigd_dch.inf_amd64_258bfdda6f2bfa20\igd10iumd64.dll', fileVersion: 32.0.101.6449
C:\WINDOWS\SYSTEM32\apphelp.dll:apphelp.dll (00007FFD673C0000), size: 606208 (result: 0), SymType: '-exported-', PDB: 'C:\WINDOWS\SYSTEM32\apphelp.dll', fileVersion: 10.0.19041.5438
C:\WINDOWS\System32\DriverStore\FileRepository\iigd_dch.inf_amd64_258bfdda6f2bfa20\igd10um64xe.DLL:igd10um64xe.DLL (00007FFD5FBD0000), size: 24047616 (result: 0), SymType: '-exported-', PDB: 'C:\WINDOWS\System32\DriverStore\FileRepository\iigd_dch.inf_amd64_258bfdda6f2bfa20\igd10um64xe.DLL', fileVersion: 32.0.101.6449
C:\WINDOWS\System32\DriverStore\FileRepository\iigd_dch.inf_amd64_258bfdda6f2bfa20\IntelControlLib.dll:IntelControlLib.dll (00007FFD3E540000), size: 679936 (result: 0), SymType: '-exported-', PDB: 'C:\WINDOWS\System32\DriverStore\FileRepository\iigd_dch.inf_amd64_258bfdda6f2bfa20\IntelControlLib.dll', fileVersion: 1.0.221.0
C:\WINDOWS\System32\DriverStore\FileRepository\iigd_dch.inf_amd64_258bfdda6f2bfa20\igdgmm64.dll:igdgmm64.dll (00007FFD5E450000), size: 5832704 (result: 0), SymType: '-exported-', PDB: 'C:\WINDOWS\System32\DriverStore\FileRepository\iigd_dch.inf_amd64_258bfdda6f2bfa20\igdgmm64.dll', fileVersion: 32.0.101.6449
C:\WINDOWS\System32\DriverStore\FileRepository\iigd_dch.inf_amd64_258bfdda6f2bfa20\igc64.dll:igc64.dll (00007FFD59260000), size: 82984960 (result: 0), SymType: '-exported-', PDB: 'C:\WINDOWS\System32\DriverStore\FileRepository\iigd_dch.inf_amd64_258bfdda6f2bfa20\igc64.dll', fileVersion: 32.0.101.6449
C:\WINDOWS\SYSTEM32\dxcore.dll:dxcore.dll (00007FFD62040000), size: 241664 (result: 0), SymType: '-exported-', PDB: 'C:\WINDOWS\SYSTEM32\dxcore.dll', fileVersion: 10.0.19041.4474
C:\WINDOWS\system32\wbem\wbemprox.dll:wbemprox.dll (00007FFD551B0000), size: 69632 (result: 0), SymType: '-exported-', PDB: 'C:\WINDOWS\system32\wbem\wbemprox.dll', fileVersion: 10.0.19041.4474
C:\WINDOWS\SYSTEM32\wbemcomn.dll:wbemcomn.dll (00007FFD56B30000), size: 589824 (result: 0), SymType: '-exported-', PDB: 'C:\WINDOWS\SYSTEM32\wbemcomn.dll', fileVersion: 10.0.19041.4355
C:\WINDOWS\system32\wbem\wbemsvc.dll:wbemsvc.dll (00007FFD53490000), size: 81920 (result: 0), SymType: '-exported-', PDB: 'C:\WINDOWS\system32\wbem\wbemsvc.dll', fileVersion: 10.0.19041.4474
C:\WINDOWS\system32\wbem\fastprox.dll:fastprox.dll (00007FFD54B20000), size: 1097728 (result: 0), SymType: '-exported-', PDB: 'C:\WINDOWS\system32\wbem\fastprox.dll', fileVersion: 10.0.19041.4355
C:\WINDOWS\SYSTEM32\amsi.dll:amsi.dll (00007FFD50E30000), size: 126976 (result: 0), SymType: '-exported-', PDB: 'C:\WINDOWS\SYSTEM32\amsi.dll', fileVersion: 10.0.19041.4355
C:\WINDOWS\SYSTEM32\USERENV.dll:USERENV.dll (00007FFD6ADA0000), size: 188416 (result: 0), SymType: '-exported-', PDB: 'C:\WINDOWS\SYSTEM32\USERENV.dll', fileVersion: 10.0.19041.4355
C:\ProgramData\Microsoft\Windows Defender\Platform\4.18.25030.2-0\MpOav.dll:MpOav.dll (00007FFD50CD0000), size: 634880 (result: 0), SymType: '-exported-', PDB: 'C:\ProgramData\Microsoft\Windows Defender\Platform\4.18.25030.2-0\MpOav.dll', fileVersion: 4.18.25030.2
C:\WINDOWS\SYSTEM32\opencl.dll:opencl.dll (00007FFD33EA0000), size: 487424 (result: 0), SymType: '-exported-', PDB: 'C:\WINDOWS\SYSTEM32\opencl.dll', fileVersion: 2.2.8.0
F:\Unity\UnityEditor\2022.3.47f1\Editor\radeonrays.dll:radeonrays.dll (00007FFD166D0000), size: 557056 (result: 0), SymType: '-exported-', PDB: 'F:\Unity\UnityEditor\2022.3.47f1\Editor\radeonrays.dll'
F:\Unity\UnityEditor\2022.3.47f1\Editor\Data\MonoBleedingEdge\EmbedRuntime\mono-2.0-bdwgc.dll:mono-2.0-bdwgc.dll (00007FFCEA1E0000), size: 10825728 (result: 0), SymType: 'PDB', PDB: 'F:\Unity\UnityEditor\2022.3.47f1\Editor\mono-2.0-bdwgc.pdb'
F:\Unity\UnityEditor\2022.3.47f1\Editor\Data\PlaybackEngines\iOSSupport\x64\UnityEditor.iOS.Native.dll:UnityEditor.iOS.Native.dll (00007FFD619B0000), size: 339968 (result: 0), SymType: '-exported-', PDB: 'F:\Unity\UnityEditor\2022.3.47f1\Editor\Data\PlaybackEngines\iOSSupport\x64\UnityEditor.iOS.Native.dll'
C:\WINDOWS\SYSTEM32\PROPSYS.dll:PROPSYS.dll (00007FFD68220000), size: 1007616 (result: 0), SymType: '-exported-', PDB: 'C:\WINDOWS\SYSTEM32\PROPSYS.dll', fileVersion: 7.0.19041.5369
C:\WINDOWS\SYSTEM32\edputil.dll:edputil.dll (00007FFD48140000), size: 147456 (result: 0), SymType: '-exported-', PDB: 'C:\WINDOWS\SYSTEM32\edputil.dll', fileVersion: 10.0.19041.4355
C:\Windows\System32\Windows.StateRepositoryPS.dll:Windows.StateRepositoryPS.dll (00007FFD50130000), size: 1335296 (result: 0), SymType: '-exported-', PDB: 'C:\Windows\System32\Windows.StateRepositoryPS.dll', fileVersion: 10.0.19041.5438
C:\WINDOWS\SYSTEM32\urlmon.dll:urlmon.dll (00007FFD58780000), size: 2035712 (result: 0), SymType: '-exported-', PDB: 'C:\WINDOWS\SYSTEM32\urlmon.dll', fileVersion: 11.0.19041.5607
C:\WINDOWS\SYSTEM32\srvcli.dll:srvcli.dll (00007FFD5FB20000), size: 163840 (result: 0), SymType: '-exported-', PDB: 'C:\WINDOWS\SYSTEM32\srvcli.dll', fileVersion: 10.0.19041.3636
C:\WINDOWS\SYSTEM32\netutils.dll:netutils.dll (00007FFD6A350000), size: 49152 (result: 0), SymType: '-exported-', PDB: 'C:\WINDOWS\SYSTEM32\netutils.dll', fileVersion: 10.0.19041.3636
C:\WINDOWS\SYSTEM32\iertutil.dll:iertutil.dll (00007FFD5E190000), size: 2879488 (result: 0), SymType: '-exported-', PDB: 'C:\WINDOWS\SYSTEM32\iertutil.dll', fileVersion: 11.0.19041.5607
C:\WINDOWS\SYSTEM32\virtdisk.dll:virtdisk.dll (00007FFD64970000), size: 77824 (result: 0), SymType: '-exported-', PDB: 'C:\WINDOWS\SYSTEM32\virtdisk.dll', fileVersion: 10.0.19041.3636
C:\WINDOWS\SYSTEM32\FLTLIB.DLL:FLTLIB.DLL (00007FFD43960000), size: 45056 (result: 0), SymType: '-exported-', PDB: 'C:\WINDOWS\SYSTEM32\FLTLIB.DLL', fileVersion: 10.0.19041.3636
C:\Windows\System32\wintypes.dll:wintypes.dll (00007FFD677C0000), size: 1404928 (result: 0), SymType: '-exported-', PDB: 'C:\Windows\System32\wintypes.dll', fileVersion: 10.0.19041.5369
C:\Windows\System32\appresolver.dll:appresolver.dll (00007FFD45840000), size: 606208 (result: 0), SymType: '-exported-', PDB: 'C:\Windows\System32\appresolver.dll', fileVersion: 10.0.19041.4842
C:\Windows\System32\Bcp47Langs.dll:Bcp47Langs.dll (00007FFD63000000), size: 372736 (result: 0), SymType: '-exported-', PDB: 'C:\Windows\System32\Bcp47Langs.dll', fileVersion: 10.0.19041.4355
C:\Windows\System32\SLC.dll:SLC.dll (00007FFD69A00000), size: 167936 (result: 0), SymType: '-exported-', PDB: 'C:\Windows\System32\SLC.dll', fileVersion: 10.0.19041.3636
C:\Windows\System32\sppc.dll:sppc.dll (00007FFD699D0000), size: 151552 (result: 0), SymType: '-exported-', PDB: 'C:\Windows\System32\sppc.dll', fileVersion: 10.0.19041.3636
C:\Windows\System32\OneCoreCommonProxyStub.dll:OneCoreCommonProxyStub.dll (00007FFD507B0000), size: 520192 (result: 0), SymType: '-exported-', PDB: 'C:\Windows\System32\OneCoreCommonProxyStub.dll', fileVersion: 10.0.19041.4597
C:\Windows\System32\OneCoreUAPCommonProxyStub.dll:OneCoreUAPCommonProxyStub.dll (00007FFD620B0000), size: 8208384 (result: 0), SymType: '-exported-', PDB: 'C:\Windows\System32\OneCoreUAPCommonProxyStub.dll', fileVersion: 10.0.19041.5438
C:\WINDOWS\SYSTEM32\CRYPTSP.dll:CRYPTSP.dll (00007FFD6A870000), size: 98304 (result: 0), SymType: '-exported-', PDB: 'C:\WINDOWS\SYSTEM32\CRYPTSP.dll', fileVersion: 10.0.19041.3636
C:\WINDOWS\system32\rsaenh.dll:rsaenh.dll (00007FFD69F30000), size: 229376 (result: 0), SymType: '-exported-', PDB: 'C:\WINDOWS\system32\rsaenh.dll', fileVersion: 10.0.19041.5553
C:\WINDOWS\SYSTEM32\CRYPTBASE.dll:CRYPTBASE.dll (00007FFD6A890000), size: 49152 (result: 0), SymType: '-exported-', PDB: 'C:\WINDOWS\SYSTEM32\CRYPTBASE.dll', fileVersion: 10.0.19041.3636
C:\WINDOWS\SYSTEM32\gpapi.dll:gpapi.dll (00007FFD69750000), size: 143360 (result: 0), SymType: '-exported-', PDB: 'C:\WINDOWS\SYSTEM32\gpapi.dll', fileVersion: 10.0.19041.4355
C:\WINDOWS\SYSTEM32\dbghelp.dll:dbghelp.dll (00007FFD55D00000), size: 1982464 (result: 0), SymType: '-exported-', PDB: 'C:\WINDOWS\SYSTEM32\dbghelp.dll', fileVersion: 10.0.19041.3636

========== OUTPUTTING STACK TRACE ==================

0x00007FFD6B5AB699 (KERNELBASE) RaiseException
0x00007FF63713BCC0 (Unity) EditorMonoConsole::LogToConsoleImplementation
0x00007FF63713C73D (Unity) EditorMonoConsole::LogToConsoleImplementation
0x00007FF637E0058F (Unity) DebugStringToFilePostprocessedStacktrace
0x00007FF637DFFCEA (Unity) DebugStringToFile
0x00007FF6375E28A9 (Unity) LoadDomainAndUserAssemblies
0x00007FF637AC8F84 (Unity) WorkerDomainReloadV2
0x00007FF637AEA195 (Unity) <lambda_b37b41f03089e3cb3f55061bbc93253d>::operator()
0x00007FF637B25A22 (Unity) asio::detail::completion_handler<core::mutable_function<void __cdecl(void)>,asio::io_context::basic_executor_type<std::allocator<void>,0> >::do_complete
0x00007FF637B1196E (Unity) asio::detail::win_iocp_io_context::do_one
0x00007FF637B135D4 (Unity) asio::detail::win_iocp_io_context::run
0x00007FF637B23DCC (Unity) IOService::Run
0x00007FF637AF71CF (Unity) AssetImportWorkerClient::Run
0x00007FF637AC2B37 (Unity) RunAssetImportWorkerClientV2
0x00007FF637AC2BBB (Unity) RunAssetImporterV2
0x00007FF6372BBA5E (Unity) Application::InitializeProject
0x00007FF63774F4E5 (Unity) WinMain
0x00007FF638B014DE (Unity) __scrt_common_main_seh
0x00007FFD6B887374 (KERNEL32) BaseThreadInitThunk
0x00007FFD6D89CC91 (ntdll) RtlUserThreadStart

========== END OF STACKTRACE ===========

A crash has been intercepted by the crash handler. For call stack and other details, see the latest crash report generated in:
 * C:/Users/PC/AppData/Local/Temp/Unity/Editor/Crashes
