# Blender 4.2.15 LTS
# www.blender.org
mtllib Shin_Sonic.mtl
o _gltfNode_0
v -1.189017 1.688855 1.824953
v -1.189017 1.688855 1.824953
v -1.189017 1.688855 1.824953
v -1.189017 1.688855 1.224953
v -1.189017 1.688855 1.224953
v -1.189017 1.688855 1.224953
v -3.800338 3.419933 1.224953
v -3.800338 3.419933 1.224953
v -3.800338 3.419933 1.224953
v -3.800338 3.419933 1.824953
v -3.800338 3.419933 1.824953
v -3.800338 3.419933 1.824953
v -0.959407 2.243183 1.824953
v -0.959407 2.243183 1.824953
v -0.959407 2.243183 1.824953
v -4.029947 2.865605 1.824953
v -4.029947 2.865605 1.824953
v -4.029947 2.865605 1.824953
v -0.959407 2.243183 1.224953
v -0.959407 2.243183 1.224953
v -0.959407 2.243183 1.224953
v -4.029947 2.865605 1.224953
v -4.029947 2.865605 1.224953
v -4.029947 2.865605 1.224953
vn 0.9239 -0.3827 -0.0000
vn -0.9239 0.3827 -0.0000
vn 0.3827 0.9239 -0.0000
vn -0.3827 -0.9239 -0.0000
vn -0.0000 -0.0000 1.0000
vn -0.0000 -0.0000 -1.0000
vt 0.214874 0.562525
vt 0.214874 0.580047
vt 0.232357 0.562525
vt 0.232357 0.580047
vt 0.328180 0.562525
vt 0.328180 0.580047
vt 0.345662 0.562525
vt 0.345662 0.580047
vt 0.328069 0.562474
vt 0.328069 0.544952
vt 0.232467 0.562474
vt 0.232467 0.544952
vt 0.423781 0.544952
vt 0.423781 0.562474
vt 0.328180 0.544952
vt 0.328180 0.562474
vt 0.345773 0.562525
vt 0.345773 0.580047
vt 0.441375 0.562525
vt 0.441375 0.580047
vt 0.232467 0.562525
vt 0.232467 0.580047
vt 0.328069 0.562525
vt 0.328069 0.580047
s 0
usemtl material_0
f 15/1/1 3/2/1 21/3/1
f 3/2/1 6/4/1 21/3/1
f 9/5/2 24/6/2 12/7/2
f 24/6/2 18/8/2 12/7/2
f 8/9/3 11/10/3 20/11/3
f 11/10/3 14/12/3 20/11/3
f 17/13/4 23/14/4 2/15/4
f 23/14/4 5/16/4 2/15/4
f 10/17/5 16/18/5 13/19/5
f 16/18/5 1/20/5 13/19/5
f 19/21/6 4/22/6 7/23/6
f 4/22/6 22/24/6 7/23/6
o _gltfNode_2
v -3.364106 3.198442 1.824953
v -3.364106 3.198442 1.824953
v -3.364106 3.198442 1.824953
v -3.364106 3.198442 1.224953
v -3.364106 3.198442 1.224953
v -3.364106 3.198442 1.224953
v -5.095184 0.587121 1.224953
v -5.095184 0.587121 1.224953
v -5.095184 0.587121 1.224953
v -5.095184 0.587121 1.824953
v -5.095184 0.587121 1.824953
v -5.095184 0.587121 1.824953
v -3.918434 3.428051 1.824953
v -3.918434 3.428051 1.824953
v -3.918434 3.428051 1.824953
v -4.540856 0.357511 1.824953
v -4.540856 0.357511 1.824953
v -4.540856 0.357511 1.824953
v -3.918434 3.428051 1.224953
v -3.918434 3.428051 1.224953
v -3.918434 3.428051 1.224953
v -4.540856 0.357511 1.224953
v -4.540856 0.357511 1.224953
v -4.540856 0.357511 1.224953
vn 0.3827 0.9239 -0.0000
vn -0.3827 -0.9239 -0.0000
vn -0.9239 0.3827 -0.0000
vn 0.9239 -0.3827 -0.0000
vn -0.0000 -0.0000 1.0000
vn -0.0000 -0.0000 -1.0000
vt 0.441437 0.595729
vt 0.441437 0.613251
vt 0.458920 0.595729
vt 0.458920 0.613251
vt 0.554743 0.595729
vt 0.554743 0.613251
vt 0.572225 0.595729
vt 0.572225 0.613251
vt 0.554632 0.595678
vt 0.554632 0.578156
vt 0.459030 0.595678
vt 0.459030 0.578156
vt 0.650344 0.578156
vt 0.650344 0.595678
vt 0.554743 0.578156
vt 0.554743 0.595678
vt 0.572336 0.595729
vt 0.572336 0.613251
vt 0.667938 0.595729
vt 0.667938 0.613251
vt 0.459030 0.595729
vt 0.459030 0.613251
vt 0.554632 0.595729
vt 0.554632 0.613251
s 0
usemtl material_0
f 39/25/7 27/26/7 45/27/7
f 27/26/7 30/28/7 45/27/7
f 33/29/8 48/30/8 36/31/8
f 48/30/8 42/32/8 36/31/8
f 32/33/9 35/34/9 44/35/9
f 35/34/9 38/36/9 44/35/9
f 41/37/10 47/38/10 26/39/10
f 47/38/10 29/40/10 26/39/10
f 34/41/11 40/42/11 37/43/11
f 40/42/11 25/44/11 37/43/11
f 43/45/12 28/46/12 31/47/12
f 28/46/12 46/48/12 31/47/12
o _gltfNode_4
v -3.142995 3.242413 1.950000
v -3.142995 3.242413 1.950000
v -3.142995 3.242413 1.950000
v -3.142995 3.242413 1.100000
v -3.142995 3.242413 1.100000
v -3.142995 3.242413 1.100000
v -4.383410 2.795586 1.100000
v -4.383410 2.795586 1.100000
v -4.383410 2.795586 1.100000
v -4.383410 2.795586 1.950000
v -4.383410 2.795586 1.950000
v -4.383410 2.795586 1.950000
v -4.043778 3.615529 1.950000
v -4.043778 3.615529 1.950000
v -4.043778 3.615529 1.950000
v -3.482626 2.422470 1.950000
v -3.482626 2.422470 1.950000
v -3.482626 2.422470 1.950000
v -4.043778 3.615529 1.100000
v -4.043778 3.615529 1.100000
v -4.043778 3.615529 1.100000
v -3.482626 2.422470 1.100000
v -3.482626 2.422470 1.100000
v -3.482626 2.422470 1.100000
vn 0.3827 0.9239 -0.0000
vn -0.3827 -0.9239 -0.0000
vn -0.9239 0.3827 -0.0000
vn 0.9239 -0.3827 -0.0000
vn -0.0000 -0.0000 1.0000
vn -0.0000 -0.0000 -1.0000
vt 0.214874 0.761737
vt 0.214874 0.790985
vt 0.240209 0.761737
vt 0.240209 0.790985
vt 0.267604 0.761737
vt 0.267604 0.790985
vt 0.292939 0.761737
vt 0.292939 0.790985
vt 0.267552 0.761684
vt 0.267552 0.736359
vt 0.240260 0.761684
vt 0.240260 0.736359
vt 0.294895 0.736359
vt 0.294895 0.761684
vt 0.267604 0.736359
vt 0.267604 0.761684
vt 0.292990 0.761737
vt 0.292990 0.790985
vt 0.320282 0.761737
vt 0.320282 0.790985
vt 0.240260 0.761737
vt 0.240260 0.790985
vt 0.267552 0.761737
vt 0.267552 0.790985
s 0
usemtl material_0
f 63/49/13 51/50/13 69/51/13
f 51/50/13 54/52/13 69/51/13
f 57/53/14 72/54/14 60/55/14
f 72/54/14 66/56/14 60/55/14
f 56/57/15 59/58/15 68/59/15
f 59/58/15 62/60/15 68/59/15
f 65/61/16 71/62/16 50/63/16
f 71/62/16 53/64/16 50/63/16
f 58/65/17 64/66/17 61/67/17
f 64/66/17 49/68/17 61/67/17
f 67/69/18 52/70/18 55/71/18
f 52/70/18 70/72/18 55/71/18
o _gltfNode_6
v -4.228595 1.070670 1.840625
v -4.228595 1.070670 1.840625
v -4.228595 1.070670 1.840625
v -4.228595 1.070670 1.209375
v -4.228595 1.070670 1.209375
v -4.228595 1.070670 1.209375
v -5.067713 0.694394 1.209375
v -5.067713 0.694394 1.209375
v -5.067713 0.694394 1.209375
v -5.067713 0.694394 1.840625
v -5.067713 0.694394 1.840625
v -5.067713 0.694394 1.840625
v -4.811794 1.312239 1.840625
v -4.811794 1.312239 1.840625
v -4.811794 1.312239 1.840625
v -4.484515 0.452826 1.840625
v -4.484515 0.452826 1.840625
v -4.484515 0.452826 1.840625
v -4.811794 1.312239 1.209375
v -4.811794 1.312239 1.209375
v -4.811794 1.312239 1.209375
v -4.484515 0.452826 1.209375
v -4.484515 0.452826 1.209375
v -4.484515 0.452826 1.209375
vn 0.3827 0.9239 -0.0000
vn -0.3827 -0.9239 -0.0000
vn -0.9239 0.3827 -0.0000
vn 0.9239 -0.3827 -0.0000
vn -0.0000 -0.0000 1.0000
vn -0.0000 -0.0000 -1.0000
vt 0.865265 0.517613
vt 0.865265 0.535126
vt 0.882825 0.517613
vt 0.882825 0.535126
vt 0.902416 0.517613
vt 0.902416 0.535126
vt 0.919831 0.517613
vt 0.919831 0.535126
vt 0.902271 0.517544
vt 0.902271 0.500031
vt 0.882825 0.517544
vt 0.882825 0.500031
vt 0.921863 0.500031
vt 0.921863 0.517544
vt 0.902416 0.500031
vt 0.902416 0.517544
vt 0.919976 0.517613
vt 0.919976 0.535126
vt 0.939423 0.517613
vt 0.939423 0.535126
vt 0.902271 0.517613
vt 0.902271 0.535126
s 0
usemtl material_0
f 87/73/19 75/74/19 93/75/19
f 75/74/19 78/76/19 93/75/19
f 81/77/20 96/78/20 84/79/20
f 96/78/20 90/80/20 84/79/20
f 80/81/21 83/82/21 92/83/21
f 83/82/21 86/84/21 92/83/21
f 89/85/22 95/86/22 74/87/22
f 95/86/22 77/88/22 74/87/22
f 82/89/23 88/90/23 85/91/23
f 88/90/23 73/92/23 85/91/23
f 91/75/24 76/76/24 79/93/24
f 76/76/24 94/94/24 79/93/24
o _gltfNode_8
v -5.095338 0.233170 1.874997
v -5.095338 0.233170 1.874997
v -5.095338 0.233170 1.874997
v -4.270338 0.233170 1.874997
v -4.270338 0.233170 1.874997
v -4.270338 0.233170 1.874997
v -4.270339 0.833170 0.225000
v -4.270339 0.833170 0.225000
v -4.270339 0.833170 0.225000
v -5.095338 0.833170 0.225001
v -5.095338 0.833170 0.225001
v -5.095338 0.833170 0.225001
v -5.095338 0.833170 1.874997
v -5.095338 0.833170 1.874997
v -5.095338 0.833170 1.874997
v -5.095338 0.233170 0.225001
v -5.095338 0.233170 0.225001
v -5.095338 0.233170 0.225001
v -4.270338 0.833170 1.874997
v -4.270338 0.833170 1.874997
v -4.270338 0.833170 1.874997
v -4.270339 0.233170 0.225000
v -4.270339 0.233170 0.225000
v -4.270339 0.233170 0.225000
vn -0.0000 -0.0000 1.0000
vn -0.0000 -0.0000 -1.0000
vn -0.0000 1.0000 -0.0000
vn -0.0000 -1.0000 -0.0000
vn -1.0000 -0.0000 -0.0000
vn 1.0000 -0.0000 -0.0000
vt 0.718781 0.115258
vt 0.718781 0.132782
vt 0.744075 0.115258
vt 0.744075 0.132782
vt 0.794960 0.115258
vt 0.794960 0.132782
vt 0.820253 0.115258
vt 0.820253 0.132782
vt 0.794885 0.115196
vt 0.794885 0.089874
vt 0.744149 0.115196
vt 0.744149 0.089874
vt 0.845696 0.089874
vt 0.845696 0.115196
vt 0.794960 0.089874
vt 0.794960 0.115196
vt 0.820328 0.115258
vt 0.820328 0.132782
vt 0.871064 0.115258
vt 0.871064 0.132782
vt 0.744149 0.115258
vt 0.744149 0.132782
vt 0.794885 0.115258
vt 0.794885 0.132782
s 0
usemtl material_0
f 111/95/25 99/96/25 117/97/25
f 99/96/25 102/98/25 117/97/25
f 105/99/26 120/100/26 108/101/26
f 120/100/26 114/102/26 108/101/26
f 104/103/27 107/104/27 116/105/27
f 107/104/27 110/106/27 116/105/27
f 113/107/28 119/108/28 98/109/28
f 119/108/28 101/110/28 98/109/28
f 106/111/29 112/112/29 109/113/29
f 112/112/29 97/114/29 109/113/29
f 115/115/30 100/116/30 103/117/30
f 100/116/30 118/118/30 103/117/30
o _gltfNode_10
v -5.157837 -0.141830 1.875003
v -5.157837 -0.141830 1.875003
v -5.157837 -0.141830 1.875003
v -4.207838 -0.141830 1.875003
v -4.207838 -0.141830 1.875003
v -4.207838 -0.141830 1.875003
v -4.207839 0.270670 0.100000
v -4.207839 0.270670 0.100000
v -4.207839 0.270670 0.100000
v -5.157838 0.270670 0.100001
v -5.157838 0.270670 0.100001
v -5.157838 0.270670 0.100001
v -5.157837 0.270670 1.875003
v -5.157837 0.270670 1.875003
v -5.157837 0.270670 1.875003
v -5.157838 -0.141830 0.100001
v -5.157838 -0.141830 0.100001
v -5.157838 -0.141830 0.100001
v -4.207838 0.270670 1.875003
v -4.207838 0.270670 1.875003
v -4.207838 0.270670 1.875003
v -4.207839 -0.141830 0.100000
v -4.207839 -0.141830 0.100000
v -4.207839 -0.141830 0.100000
vn -0.0000 -0.0000 1.0000
vn -0.0000 -0.0000 -1.0000
vn -0.0000 1.0000 -0.0000
vn -0.0000 -1.0000 -0.0000
vn -1.0000 -0.0000 -0.0000
vn 1.0000 -0.0000 -0.0000
vt 0.707062 0.550805
vt 0.707062 0.562470
vt 0.736263 0.550805
vt 0.736263 0.562470
vt 0.791057 0.550805
vt 0.791057 0.562470
vt 0.820258 0.550805
vt 0.820258 0.562470
vt 0.790975 0.550745
vt 0.790975 0.521515
vt 0.736345 0.550745
vt 0.736345 0.521515
vt 0.845686 0.521515
vt 0.845686 0.550745
vt 0.791057 0.521515
vt 0.791057 0.550745
vt 0.820340 0.550805
vt 0.820340 0.562470
vt 0.874970 0.550805
vt 0.874970 0.562470
vt 0.736345 0.550805
vt 0.736345 0.562470
vt 0.790975 0.550805
vt 0.790975 0.562470
s 0
usemtl material_0
f 135/119/31 123/120/31 141/121/31
f 123/120/31 126/122/31 141/121/31
f 129/123/32 144/124/32 132/125/32
f 144/124/32 138/126/32 132/125/32
f 128/127/33 131/128/33 140/129/33
f 131/128/33 134/130/33 140/129/33
f 137/131/34 143/132/34 122/133/34
f 143/132/34 125/134/34 122/133/34
f 130/135/35 136/136/35 133/137/35
f 136/136/35 121/138/35 133/137/35
f 139/139/36 124/140/36 127/141/36
f 124/140/36 142/142/36 127/141/36
o _gltfNode_16
v 4.029502 2.865421 1.824953
v 4.029502 2.865421 1.824953
v 4.029502 2.865421 1.824953
v 4.029502 2.865421 1.224953
v 4.029502 2.865421 1.224953
v 4.029502 2.865421 1.224953
v 0.958962 2.242998 1.224953
v 0.958962 2.242998 1.224953
v 0.958962 2.242998 1.224953
v 0.958962 2.242998 1.824953
v 0.958962 2.242998 1.824953
v 0.958962 2.242998 1.824953
v 3.799892 3.419749 1.824953
v 3.799892 3.419749 1.824953
v 3.799892 3.419749 1.824953
v 1.188572 1.688670 1.824953
v 1.188572 1.688670 1.824953
v 1.188572 1.688670 1.824953
v 3.799892 3.419749 1.224953
v 3.799892 3.419749 1.224953
v 3.799892 3.419749 1.224953
v 1.188572 1.688670 1.224953
v 1.188572 1.688670 1.224953
v 1.188572 1.688670 1.224953
vn 0.9239 0.3827 -0.0000
vn -0.9239 -0.3827 -0.0000
vn -0.3827 0.9239 -0.0000
vn 0.3827 -0.9239 -0.0000
vn -0.0000 -0.0000 1.0000
vn -0.0000 -0.0000 -1.0000
vt 0.345662 0.562525
vt 0.345662 0.580047
vt 0.328180 0.562525
vt 0.328180 0.580047
vt 0.232357 0.562525
vt 0.232357 0.580047
vt 0.214874 0.562525
vt 0.214874 0.580047
vt 0.232467 0.562474
vt 0.232467 0.544952
vt 0.328069 0.562474
vt 0.328069 0.544952
vt 0.328180 0.544952
vt 0.328180 0.562474
vt 0.423781 0.544952
vt 0.423781 0.562474
vt 0.441375 0.562525
vt 0.441375 0.580047
vt 0.345773 0.562525
vt 0.345773 0.580047
vt 0.328069 0.562525
vt 0.328069 0.580047
vt 0.232467 0.562525
vt 0.232467 0.580047
s 0
usemtl material_0
f 159/143/37 147/144/37 165/145/37
f 147/144/37 150/146/37 165/145/37
f 153/147/38 168/148/38 156/149/38
f 168/148/38 162/150/38 156/149/38
f 152/151/39 155/152/39 164/153/39
f 155/152/39 158/154/39 164/153/39
f 161/155/40 167/156/40 146/157/40
f 167/156/40 149/158/40 146/157/40
f 154/159/41 160/160/41 157/161/41
f 160/160/41 145/162/41 157/161/41
f 163/163/42 148/164/42 151/165/42
f 148/164/42 166/166/42 151/165/42
o _gltfNode_18
v 4.540672 0.357956 1.824953
v 4.540672 0.357956 1.824953
v 4.540672 0.357956 1.824953
v 4.540672 0.357956 1.224953
v 4.540672 0.357956 1.224953
v 4.540672 0.357956 1.224953
v 3.918250 3.428496 1.224953
v 3.918250 3.428496 1.224953
v 3.918250 3.428496 1.224953
v 3.918250 3.428496 1.824953
v 3.918250 3.428496 1.824953
v 3.918250 3.428496 1.824953
v 5.095000 0.587566 1.824953
v 5.095000 0.587566 1.824953
v 5.095000 0.587566 1.824953
v 3.363922 3.198887 1.824953
v 3.363922 3.198887 1.824953
v 3.363922 3.198887 1.824953
v 5.095000 0.587566 1.224953
v 5.095000 0.587566 1.224953
v 5.095000 0.587566 1.224953
v 3.363922 3.198887 1.224953
v 3.363922 3.198887 1.224953
v 3.363922 3.198887 1.224953
vn 0.3827 -0.9239 -0.0000
vn -0.3827 0.9239 -0.0000
vn 0.9239 0.3827 -0.0000
vn -0.9239 -0.3827 -0.0000
vn -0.0000 -0.0000 1.0000
vn -0.0000 -0.0000 -1.0000
vt 0.572225 0.595729
vt 0.572225 0.613251
vt 0.554743 0.595729
vt 0.554743 0.613251
vt 0.458920 0.595729
vt 0.458920 0.613251
vt 0.441437 0.595729
vt 0.441437 0.613251
vt 0.459030 0.595678
vt 0.459030 0.578156
vt 0.554632 0.595678
vt 0.554632 0.578156
vt 0.554743 0.578156
vt 0.554743 0.595678
vt 0.650344 0.578156
vt 0.650344 0.595678
vt 0.667938 0.595729
vt 0.667938 0.613251
vt 0.572336 0.595729
vt 0.572336 0.613251
vt 0.554632 0.595729
vt 0.554632 0.613251
vt 0.459030 0.595729
vt 0.459030 0.613251
s 0
usemtl material_0
f 183/167/43 171/168/43 189/169/43
f 171/168/43 174/170/43 189/169/43
f 177/171/44 192/172/44 180/173/44
f 192/172/44 186/174/44 180/173/44
f 176/175/45 179/176/45 188/177/45
f 179/176/45 182/178/45 188/177/45
f 185/179/46 191/180/46 170/181/46
f 191/180/46 173/182/46 170/181/46
f 178/183/47 184/184/47 181/185/47
f 184/184/47 169/186/47 181/185/47
f 187/187/48 172/188/48 175/189/48
f 172/188/48 190/190/48 175/189/48
o _gltfNode_20
v 3.482626 2.422470 1.950000
v 3.482626 2.422470 1.950000
v 3.482626 2.422470 1.950000
v 3.482626 2.422470 1.100000
v 3.482626 2.422470 1.100000
v 3.482626 2.422470 1.100000
v 4.043778 3.615529 1.100000
v 4.043778 3.615529 1.100000
v 4.043778 3.615529 1.100000
v 4.043778 3.615529 1.950000
v 4.043778 3.615529 1.950000
v 4.043778 3.615529 1.950000
v 4.383410 2.795586 1.950000
v 4.383410 2.795586 1.950000
v 4.383410 2.795586 1.950000
v 3.142995 3.242413 1.950000
v 3.142995 3.242413 1.950000
v 3.142995 3.242413 1.950000
v 4.383410 2.795586 1.100000
v 4.383410 2.795586 1.100000
v 4.383410 2.795586 1.100000
v 3.142995 3.242413 1.100000
v 3.142995 3.242413 1.100000
v 3.142995 3.242413 1.100000
vn 0.3827 -0.9239 -0.0000
vn -0.3827 0.9239 -0.0000
vn 0.9239 0.3827 -0.0000
vn -0.9239 -0.3827 -0.0000
vn -0.0000 -0.0000 1.0000
vn -0.0000 -0.0000 -1.0000
vt 0.292939 0.761737
vt 0.292939 0.790985
vt 0.267604 0.761737
vt 0.267604 0.790985
vt 0.240209 0.761737
vt 0.240209 0.790985
vt 0.214874 0.761737
vt 0.214874 0.790985
vt 0.240260 0.761684
vt 0.240260 0.736359
vt 0.267552 0.761684
vt 0.267552 0.736359
vt 0.267604 0.736359
vt 0.267604 0.761684
vt 0.294895 0.736359
vt 0.294895 0.761684
vt 0.320282 0.761737
vt 0.320282 0.790985
vt 0.292990 0.761737
vt 0.292990 0.790985
vt 0.267552 0.761737
vt 0.267552 0.790985
vt 0.240260 0.761737
vt 0.240260 0.790985
s 0
usemtl material_0
f 207/191/49 195/192/49 213/193/49
f 195/192/49 198/194/49 213/193/49
f 201/195/50 216/196/50 204/197/50
f 216/196/50 210/198/50 204/197/50
f 200/199/51 203/200/51 212/201/51
f 203/200/51 206/202/51 212/201/51
f 209/203/52 215/204/52 194/205/52
f 215/204/52 197/206/52 194/205/52
f 202/207/53 208/208/53 205/209/53
f 208/208/53 193/210/53 205/209/53
f 211/211/54 196/212/54 199/213/54
f 196/212/54 214/214/54 199/213/54
o _gltfNode_22
v 5.095338 0.233170 0.225004
v 5.095338 0.233170 0.225004
v 5.095338 0.233170 0.225004
v 4.270339 0.233170 0.225004
v 4.270339 0.233170 0.225004
v 4.270339 0.233170 0.225004
v 4.270338 0.833170 1.875000
v 4.270338 0.833170 1.875000
v 4.270338 0.833170 1.875000
v 5.095338 0.833170 1.875000
v 5.095338 0.833170 1.875000
v 5.095338 0.833170 1.875000
v 5.095338 0.833170 0.225004
v 5.095338 0.833170 0.225004
v 5.095338 0.833170 0.225004
v 5.095338 0.233170 1.875000
v 5.095338 0.233170 1.875000
v 5.095338 0.233170 1.875000
v 4.270339 0.833170 0.225004
v 4.270339 0.833170 0.225004
v 4.270339 0.833170 0.225004
v 4.270338 0.233170 1.875000
v 4.270338 0.233170 1.875000
v 4.270338 0.233170 1.875000
vn -0.0000 -0.0000 -1.0000
vn -0.0000 -0.0000 1.0000
vn -0.0000 1.0000 -0.0000
vn -0.0000 -1.0000 -0.0000
vn 1.0000 -0.0000 -0.0000
vn -1.0000 -0.0000 -0.0000
vt 0.820253 0.115258
vt 0.820253 0.132782
vt 0.794960 0.115258
vt 0.794960 0.132782
vt 0.744075 0.115258
vt 0.744075 0.132782
vt 0.718781 0.115258
vt 0.718781 0.132782
vt 0.744149 0.115196
vt 0.744149 0.089874
vt 0.794885 0.115196
vt 0.794885 0.089874
vt 0.794960 0.089874
vt 0.794960 0.115196
vt 0.845696 0.089874
vt 0.845696 0.115196
vt 0.871064 0.115258
vt 0.871064 0.132782
vt 0.820328 0.115258
vt 0.820328 0.132782
vt 0.794885 0.115258
vt 0.794885 0.132782
vt 0.744149 0.115258
vt 0.744149 0.132782
s 0
usemtl material_0
f 231/215/55 219/216/55 237/217/55
f 219/216/55 222/218/55 237/217/55
f 225/219/56 240/220/56 228/221/56
f 240/220/56 234/222/56 228/221/56
f 224/223/57 227/224/57 236/225/57
f 227/224/57 230/226/57 236/225/57
f 233/227/58 239/228/58 218/229/58
f 239/228/58 221/230/58 218/229/58
f 226/231/59 232/232/59 229/233/59
f 232/232/59 217/234/59 229/233/59
f 235/235/60 220/236/60 223/237/60
f 220/236/60 238/238/60 223/237/60
o _gltfNode_24
v 5.157838 -0.141830 0.099998
v 5.157838 -0.141830 0.099998
v 5.157838 -0.141830 0.099998
v 4.207839 -0.141830 0.099998
v 4.207839 -0.141830 0.099998
v 4.207839 -0.141830 0.099998
v 4.207838 0.270670 1.875000
v 4.207838 0.270670 1.875000
v 4.207838 0.270670 1.875000
v 5.157837 0.270670 1.875000
v 5.157837 0.270670 1.875000
v 5.157837 0.270670 1.875000
v 5.157838 0.270670 0.099998
v 5.157838 0.270670 0.099998
v 5.157838 0.270670 0.099998
v 5.157837 -0.141830 1.875000
v 5.157837 -0.141830 1.875000
v 5.157837 -0.141830 1.875000
v 4.207839 0.270670 0.099998
v 4.207839 0.270670 0.099998
v 4.207839 0.270670 0.099998
v 4.207838 -0.141830 1.875000
v 4.207838 -0.141830 1.875000
v 4.207838 -0.141830 1.875000
vn -0.0000 -0.0000 -1.0000
vn -0.0000 -0.0000 1.0000
vn -0.0000 1.0000 -0.0000
vn -0.0000 -1.0000 -0.0000
vn 1.0000 -0.0000 -0.0000
vn -1.0000 -0.0000 -0.0000
vt 0.820258 0.550805
vt 0.820258 0.562470
vt 0.791057 0.550805
vt 0.791057 0.562470
vt 0.736263 0.550805
vt 0.736263 0.562470
vt 0.707062 0.550805
vt 0.707062 0.562470
vt 0.736345 0.550745
vt 0.736345 0.521515
vt 0.790975 0.550745
vt 0.790975 0.521515
vt 0.791057 0.521515
vt 0.791057 0.550745
vt 0.845686 0.521515
vt 0.845686 0.550745
vt 0.874970 0.550805
vt 0.874970 0.562470
vt 0.820340 0.550805
vt 0.820340 0.562470
vt 0.790975 0.550805
vt 0.790975 0.562470
vt 0.736345 0.550805
vt 0.736345 0.562470
s 0
usemtl material_0
f 255/239/61 243/240/61 261/241/61
f 243/240/61 246/242/61 261/241/61
f 249/243/62 264/244/62 252/245/62
f 264/244/62 258/246/62 252/245/62
f 248/247/63 251/248/63 260/249/63
f 251/248/63 254/250/63 260/249/63
f 257/251/64 263/252/64 242/253/64
f 263/252/64 245/254/64 242/253/64
f 250/255/65 256/256/65 253/257/65
f 256/256/65 241/258/65 253/257/65
f 259/259/66 244/260/66 247/261/66
f 244/260/66 262/262/66 247/261/66
o _gltfNode_30
v 1.887505 1.200000 1.562494
v 1.887505 1.200000 1.562494
v 1.887505 1.200000 1.562494
v 1.887505 1.200000 0.250000
v 1.887505 1.200000 0.250000
v 1.887505 1.200000 0.250000
v -2.012500 3.599995 0.250000
v -2.012500 3.599995 0.250000
v -2.012500 3.599995 0.250000
v -2.012500 3.599995 1.562494
v -2.012500 3.599995 1.562494
v -2.012500 3.599995 1.562494
v 1.887505 3.599995 1.562494
v 1.887505 3.599995 1.562494
v 1.887505 3.599995 1.562494
v -2.012500 1.200000 1.562494
v -2.012500 1.200000 1.562494
v -2.012500 1.200000 1.562494
v 1.887505 3.599995 0.250000
v 1.887505 3.599995 0.250000
v 1.887505 3.599995 0.250000
v -2.012500 1.200000 0.250000
v -2.012500 1.200000 0.250000
v -2.012500 1.200000 0.250000
vn 1.0000 -0.0000 -0.0000
vn -1.0000 -0.0000 -0.0000
vn -0.0000 1.0000 -0.0000
vn -0.0000 -1.0000 -0.0000
vn -0.0000 -0.0000 1.0000
vn -0.0000 -0.0000 -1.0000
vt 0.000031 0.212923
vt 0.000031 0.287079
vt 0.041045 0.212923
vt 0.041045 0.287079
vt 0.162188 0.212923
vt 0.162188 0.287079
vt 0.203044 0.212923
vt 0.203044 0.287079
vt 0.162030 0.212867
vt 0.162030 0.171906
vt 0.041045 0.212867
vt 0.041045 0.171906
vt 0.283173 0.171906
vt 0.283173 0.212867
vt 0.162188 0.171906
vt 0.162188 0.212867
vt 0.203203 0.212923
vt 0.203203 0.287079
vt 0.324187 0.212923
vt 0.324187 0.287079
vt 0.162030 0.212923
vt 0.162030 0.287079
s 0
usemtl material_0
f 279/263/67 267/264/67 285/265/67
f 267/264/67 270/266/67 285/265/67
f 273/267/68 288/268/68 276/269/68
f 288/268/68 282/270/68 276/269/68
f 272/271/69 275/272/69 284/273/69
f 275/272/69 278/274/69 284/273/69
f 281/275/70 287/276/70 266/277/70
f 287/276/70 269/278/70 266/277/70
f 274/279/71 280/280/71 277/281/71
f 280/280/71 265/282/71 277/281/71
f 283/265/72 268/266/72 271/283/72
f 268/266/72 286/284/72 271/283/72
o _gltfNode_32
v 1.512506 1.146480 2.504883
v 1.512506 1.146480 2.504883
v 1.512506 1.146480 2.504883
v 1.512506 1.374392 1.212328
v 1.512506 1.374392 1.212328
v 1.512506 1.374392 1.212328
v -1.637500 3.553284 1.596525
v -1.637500 3.553284 1.596525
v -1.637500 3.553284 1.596525
v -1.637500 3.325372 2.889080
v -1.637500 3.325372 2.889080
v -1.637500 3.325372 2.889080
v 1.512506 3.325372 2.889080
v 1.512506 3.325372 2.889080
v 1.512506 3.325372 2.889080
v -1.637500 1.146480 2.504883
v -1.637500 1.146480 2.504883
v -1.637500 1.146480 2.504883
v 1.512506 3.553284 1.596525
v 1.512506 3.553284 1.596525
v 1.512506 3.553284 1.596525
v -1.637500 1.374392 1.212328
v -1.637500 1.374392 1.212328
v -1.637500 1.374392 1.212328
vn 1.0000 -0.0000 -0.0000
vn -1.0000 -0.0000 -0.0000
vn -0.0000 0.9848 0.1736
vn -0.0000 -0.9848 -0.1736
vn -0.0000 -0.1736 0.9848
vn -0.0000 0.1736 -0.9848
vt 0.250031 0.328153
vt 0.250031 0.396454
vt 0.290939 0.328153
vt 0.290939 0.396454
vt 0.388740 0.328153
vt 0.388740 0.396454
vt 0.429648 0.328153
vt 0.429648 0.396454
vt 0.388605 0.328099
vt 0.388605 0.287140
vt 0.291075 0.328099
vt 0.291075 0.287140
vt 0.486270 0.287140
vt 0.486270 0.328099
vt 0.388740 0.287140
vt 0.388740 0.328099
vt 0.429784 0.328153
vt 0.429784 0.396454
vt 0.527314 0.328153
vt 0.527314 0.396454
vt 0.291075 0.328153
vt 0.291075 0.396454
vt 0.388605 0.328153
vt 0.388605 0.396454
s 0
usemtl material_0
f 303/285/73 291/286/73 309/287/73
f 291/286/73 294/288/73 309/287/73
f 297/289/74 312/290/74 300/291/74
f 312/290/74 306/292/74 300/291/74
f 296/293/75 299/294/75 308/295/75
f 299/294/75 302/296/75 308/295/75
f 305/297/76 311/298/76 290/299/76
f 311/298/76 293/300/76 290/299/76
f 298/301/77 304/302/77 301/303/77
f 304/302/77 289/304/77 301/303/77
f 307/305/78 292/306/78 295/307/78
f 292/306/78 310/308/78 295/307/78
o _gltfNode_34
v 1.325001 1.208180 3.594659
v 1.325001 1.208180 3.594659
v 1.325001 1.208180 3.594659
v 1.325001 1.392681 2.548301
v 1.325001 1.392681 2.548301
v 1.325001 1.392681 2.548301
v -1.450000 3.079170 2.845674
v -1.450000 3.079170 2.845674
v -1.450000 3.079170 2.845674
v -1.450000 2.894669 3.892032
v -1.450000 2.894669 3.892032
v -1.450000 2.894669 3.892032
v 1.325001 2.894669 3.892032
v 1.325001 2.894669 3.892032
v 1.325001 2.894669 3.892032
v -1.450000 1.208180 3.594659
v -1.450000 1.208180 3.594659
v -1.450000 1.208180 3.594659
v 1.325001 3.079170 2.845674
v 1.325001 3.079170 2.845674
v 1.325001 3.079170 2.845674
v -1.450000 1.392681 2.548301
v -1.450000 1.392681 2.548301
v -1.450000 1.392681 2.548301
vn 1.0000 -0.0000 -0.0000
vn -1.0000 -0.0000 -0.0000
vn -0.0000 0.9848 0.1736
vn -0.0000 -0.9848 -0.1736
vn -0.0000 -0.1736 0.9848
vn -0.0000 0.1736 -0.9848
vt 0.480499 0.429699
vt 0.480499 0.482392
vt 0.513666 0.429699
vt 0.513666 0.482392
vt 0.599667 0.429699
vt 0.599667 0.482392
vt 0.632834 0.429699
vt 0.632834 0.482392
vt 0.599551 0.429657
vt 0.599551 0.396515
vt 0.513666 0.429657
vt 0.513666 0.396515
vt 0.685552 0.396515
vt 0.685552 0.429657
vt 0.599667 0.396515
vt 0.599667 0.429657
vt 0.718719 0.429699
vt 0.718719 0.482392
vt 0.599551 0.429699
vt 0.599551 0.482392
s 0
usemtl material_0
f 327/309/79 315/310/79 333/311/79
f 315/310/79 318/312/79 333/311/79
f 321/313/80 336/314/80 324/315/80
f 336/314/80 330/316/80 324/315/80
f 320/317/81 323/318/81 332/319/81
f 323/318/81 326/320/81 332/319/81
f 329/321/82 335/322/82 314/323/82
f 335/322/82 317/324/82 314/323/82
f 322/315/83 328/316/83 325/325/83
f 328/316/83 313/326/83 325/325/83
f 331/311/84 316/312/84 319/327/84
f 316/312/84 334/328/84 319/327/84
o _gltfNode_36
v 1.012496 1.251742 4.427374
v 1.012496 1.251742 4.427374
v 1.012496 1.251742 4.427374
v 1.012496 1.403684 3.565668
v 1.012496 1.403684 3.565668
v 1.012496 1.403684 3.565668
v -1.137500 2.720865 3.797922
v -1.137500 2.720865 3.797922
v -1.137500 2.720865 3.797922
v -1.137500 2.568923 4.659628
v -1.137500 2.568923 4.659628
v -1.137500 2.568923 4.659628
v 1.012496 2.568923 4.659628
v 1.012496 2.568923 4.659628
v 1.012496 2.568923 4.659628
v -1.137500 1.251742 4.427374
v -1.137500 1.251742 4.427374
v -1.137500 1.251742 4.427374
v 1.012496 2.720865 3.797922
v 1.012496 2.720865 3.797922
v 1.012496 2.720865 3.797922
v -1.137500 1.403684 3.565668
v -1.137500 1.403684 3.565668
v -1.137500 1.403684 3.565668
vn 1.0000 -0.0000 -0.0000
vn -1.0000 -0.0000 -0.0000
vn -0.0000 0.9848 0.1736
vn -0.0000 -0.9848 -0.1736
vn -0.0000 -0.1736 0.9848
vn -0.0000 0.1736 -0.9848
vt 0.000031 0.584030
vt 0.000031 0.624969
vt 0.027318 0.584030
vt 0.027318 0.624969
vt 0.093796 0.584030
vt 0.093796 0.624969
vt 0.121083 0.584030
vt 0.121083 0.624969
vt 0.093704 0.583964
vt 0.093704 0.556671
vt 0.027409 0.583964
vt 0.027409 0.556671
vt 0.160091 0.556671
vt 0.160091 0.583964
vt 0.093796 0.556671
vt 0.093796 0.583964
vt 0.187469 0.584030
vt 0.187469 0.624969
vt 0.027409 0.584030
vt 0.027409 0.624969
vt 0.093704 0.584030
vt 0.093704 0.624969
s 0
usemtl material_0
f 351/329/85 339/330/85 357/331/85
f 339/330/85 342/332/85 357/331/85
f 345/333/86 360/334/86 348/335/86
f 360/334/86 354/336/86 348/335/86
f 344/337/87 347/338/87 356/339/87
f 347/338/87 350/340/87 356/339/87
f 353/341/88 359/342/88 338/343/88
f 359/342/88 341/344/88 338/343/88
f 346/335/89 352/336/89 349/345/89
f 352/336/89 337/346/89 349/345/89
f 355/347/90 340/348/90 343/349/90
f 340/348/90 358/350/90 343/349/90
o _gltfNode_43
v -2.887191 1.712232 -1.425047
v -2.887191 1.712232 -1.425047
v -2.887191 1.712232 -1.425047
v -2.887191 1.712232 -2.025047
v -2.887191 1.712232 -2.025047
v -2.887191 1.712232 -2.025047
v -5.498509 3.443314 -2.025047
v -5.498509 3.443314 -2.025047
v -5.498509 3.443314 -2.025047
v -5.498509 3.443314 -1.425047
v -5.498509 3.443314 -1.425047
v -5.498509 3.443314 -1.425047
v -2.657580 2.266560 -1.425047
v -2.657580 2.266560 -1.425047
v -2.657580 2.266560 -1.425047
v -5.728119 2.888986 -1.425047
v -5.728119 2.888986 -1.425047
v -5.728119 2.888986 -1.425047
v -2.657580 2.266560 -2.025047
v -2.657580 2.266560 -2.025047
v -2.657580 2.266560 -2.025047
v -5.728119 2.888986 -2.025047
v -5.728119 2.888986 -2.025047
v -5.728119 2.888986 -2.025047
vn 0.9239 -0.3827 -0.0000
vn -0.9239 0.3827 -0.0000
vn 0.3827 0.9239 -0.0000
vn -0.3827 -0.9239 -0.0000
vn -0.0000 -0.0000 1.0000
vn -0.0000 -0.0000 -1.0000
vt 0.492218 0.121119
vt 0.492218 0.138641
vt 0.509701 0.121119
vt 0.509701 0.138641
vt 0.605524 0.121119
vt 0.605524 0.138641
vt 0.623006 0.121119
vt 0.623006 0.138641
vt 0.605413 0.121068
vt 0.605413 0.103546
vt 0.509811 0.121068
vt 0.509811 0.103546
vt 0.701125 0.103546
vt 0.701125 0.121068
vt 0.605524 0.103546
vt 0.605524 0.121068
vt 0.623117 0.121119
vt 0.623117 0.138641
vt 0.718719 0.121119
vt 0.718719 0.138641
vt 0.509811 0.121119
vt 0.509811 0.138641
vt 0.605413 0.121119
vt 0.605413 0.138641
s 0
usemtl material_0
f 375/351/91 363/352/91 381/353/91
f 363/352/91 366/354/91 381/353/91
f 369/355/92 384/356/92 372/357/92
f 384/356/92 378/358/92 372/357/92
f 368/359/93 371/360/93 380/361/93
f 371/360/93 374/362/93 380/361/93
f 377/363/94 383/364/94 362/365/94
f 383/364/94 365/366/94 362/365/94
f 370/367/95 376/368/95 373/369/95
f 376/368/95 361/370/95 373/369/95
f 379/371/96 364/372/96 367/373/96
f 364/372/96 382/374/96 367/373/96
o _gltfNode_45
v -5.036571 3.425585 -1.425047
v -5.036571 3.425585 -1.425047
v -5.036571 3.425585 -1.425047
v -5.036571 3.425585 -2.025047
v -5.036571 3.425585 -2.025047
v -5.036571 3.425585 -2.025047
v -5.636575 0.350585 -2.025047
v -5.636575 0.350585 -2.025047
v -5.636575 0.350585 -2.025047
v -5.636575 0.350585 -1.425047
v -5.636575 0.350585 -1.425047
v -5.636575 0.350585 -1.425047
v -5.636571 3.425585 -1.425047
v -5.636571 3.425585 -1.425047
v -5.636571 3.425585 -1.425047
v -5.036575 0.350585 -1.425047
v -5.036575 0.350585 -1.425047
v -5.036575 0.350585 -1.425047
v -5.636571 3.425585 -2.025047
v -5.636571 3.425585 -2.025047
v -5.636571 3.425585 -2.025047
v -5.036575 0.350585 -2.025047
v -5.036575 0.350585 -2.025047
v -5.036575 0.350585 -2.025047
vn -0.0000 1.0000 -0.0000
vn -0.0000 -1.0000 -0.0000
vn -1.0000 -0.0000 -0.0000
vn 1.0000 -0.0000 -0.0000
vn -0.0000 -0.0000 1.0000
vn -0.0000 -0.0000 -1.0000
vt 0.527374 0.361354
vt 0.527374 0.378876
vt 0.544857 0.361354
vt 0.544857 0.378876
vt 0.640680 0.361354
vt 0.640680 0.378876
vt 0.658162 0.361354
vt 0.658162 0.378876
vt 0.640569 0.361303
vt 0.640569 0.343781
vt 0.544967 0.361303
vt 0.544967 0.343781
vt 0.736281 0.343781
vt 0.736281 0.361303
vt 0.640680 0.343781
vt 0.640680 0.361303
vt 0.658273 0.361354
vt 0.658273 0.378876
vt 0.753875 0.361354
vt 0.753875 0.378876
vt 0.544967 0.361354
vt 0.544967 0.378876
vt 0.640569 0.361354
vt 0.640569 0.378876
s 0
usemtl material_0
f 399/375/97 387/376/97 405/377/97
f 387/376/97 390/378/97 405/377/97
f 393/379/98 408/380/98 396/381/98
f 408/380/98 402/382/98 396/381/98
f 392/383/99 395/384/99 404/385/99
f 395/384/99 398/386/99 404/385/99
f 401/387/100 407/388/100 386/389/100
f 407/388/100 389/390/100 386/389/100
f 394/391/101 400/392/101 397/393/101
f 400/392/101 385/394/101 397/393/101
f 403/395/102 388/396/102 391/397/102
f 388/396/102 406/398/102 391/397/102
o _gltfNode_47
v -4.911618 3.550823 -1.300001
v -4.911618 3.550823 -1.300001
v -4.911618 3.550823 -1.300001
v -4.911618 3.550823 -2.150000
v -4.911618 3.550823 -2.150000
v -4.911618 3.550823 -2.150000
v -5.761619 2.600825 -2.150000
v -5.761619 2.600825 -2.150000
v -5.761619 2.600825 -2.150000
v -5.761619 2.600825 -1.300001
v -5.761619 2.600825 -1.300001
v -5.761619 2.600825 -1.300001
v -5.761617 3.550825 -1.300001
v -5.761617 3.550825 -1.300001
v -5.761617 3.550825 -1.300001
v -4.911619 2.600824 -1.300001
v -4.911619 2.600824 -1.300001
v -4.911619 2.600824 -1.300001
v -5.761617 3.550825 -2.150000
v -5.761617 3.550825 -2.150000
v -5.761617 3.550825 -2.150000
v -4.911619 2.600824 -2.150000
v -4.911619 2.600824 -2.150000
v -4.911619 2.600824 -2.150000
vn -0.0000 1.0000 -0.0000
vn -0.0000 -1.0000 -0.0000
vn -1.0000 -0.0000 -0.0000
vn 1.0000 -0.0000 -0.0000
vn -0.0000 -0.0000 1.0000
vn -0.0000 -0.0000 -1.0000
vt 0.410187 0.794956
vt 0.410187 0.812469
vt 0.427755 0.794956
vt 0.427755 0.812469
vt 0.449295 0.794956
vt 0.449295 0.812469
vt 0.466711 0.794956
vt 0.466711 0.812469
vt 0.449143 0.794887
vt 0.449143 0.777374
vt 0.427755 0.794887
vt 0.427755 0.777374
vt 0.470683 0.777374
vt 0.470683 0.794887
vt 0.449295 0.777374
vt 0.449295 0.794887
vt 0.466864 0.794956
vt 0.466864 0.812469
vt 0.488251 0.794956
vt 0.488251 0.812469
vt 0.449143 0.794956
vt 0.449143 0.812469
s 0
usemtl material_0
f 423/399/103 411/400/103 429/401/103
f 411/400/103 414/402/103 429/401/103
f 417/403/104 432/404/104 420/405/104
f 432/404/104 426/406/104 420/405/104
f 416/407/105 419/408/105 428/409/105
f 419/408/105 422/410/105 428/409/105
f 425/411/106 431/412/106 410/413/106
f 431/412/106 413/414/106 410/413/106
f 418/415/107 424/416/107 421/417/107
f 424/416/107 409/418/107 421/417/107
f 427/401/108 412/402/108 415/419/108
f 412/402/108 430/420/108 415/419/108
o _gltfNode_49
v -5.299118 0.013323 -1.125000
v -5.299118 0.013323 -1.125000
v -5.299118 0.013323 -1.125000
v -5.299118 0.013323 -2.325000
v -5.299118 0.013323 -2.325000
v -5.299118 0.013323 -2.325000
v -6.574121 0.988324 -2.325000
v -6.574121 0.988324 -2.325000
v -6.574121 0.988324 -2.325000
v -6.574121 0.988324 -1.125000
v -6.574121 0.988324 -1.125000
v -6.574121 0.988324 -1.125000
v -5.299118 0.988324 -1.125000
v -5.299118 0.988324 -1.125000
v -5.299118 0.988324 -1.125000
v -6.574121 0.013323 -1.125000
v -6.574121 0.013323 -1.125000
v -6.574121 0.013323 -1.125000
v -5.299118 0.988324 -2.325000
v -5.299118 0.988324 -2.325000
v -5.299118 0.988324 -2.325000
v -6.574121 0.013323 -2.325000
v -6.574121 0.013323 -2.325000
v -6.574121 0.013323 -2.325000
vn 1.0000 -0.0000 -0.0000
vn -1.0000 -0.0000 -0.0000
vn -0.0000 1.0000 -0.0000
vn -0.0000 -1.0000 -0.0000
vn -0.0000 -0.0000 1.0000
vn -0.0000 -0.0000 -1.0000
vt 0.324249 0.736359
vt 0.324249 0.765594
vt 0.361297 0.736359
vt 0.361297 0.765594
vt 0.400428 0.736359
vt 0.400428 0.765594
vt 0.437475 0.736359
vt 0.437475 0.765594
vt 0.400353 0.736295
vt 0.400353 0.699249
vt 0.361371 0.736295
vt 0.361371 0.699249
vt 0.439410 0.699249
vt 0.439410 0.736295
vt 0.400428 0.699249
vt 0.400428 0.736295
vt 0.437550 0.736359
vt 0.437550 0.765594
vt 0.476532 0.736359
vt 0.476532 0.765594
vt 0.361371 0.736359
vt 0.361371 0.765594
vt 0.400353 0.736359
vt 0.400353 0.765594
s 0
usemtl material_0
f 447/421/109 435/422/109 453/423/109
f 435/422/109 438/424/109 453/423/109
f 441/425/110 456/426/110 444/427/110
f 456/426/110 450/428/110 444/427/110
f 440/429/111 443/430/111 452/431/111
f 443/430/111 446/432/111 452/431/111
f 449/433/112 455/434/112 434/435/112
f 455/434/112 437/436/112 434/435/112
f 442/437/113 448/438/113 445/439/113
f 448/438/113 433/440/113 445/439/113
f 451/441/114 436/442/114 439/443/114
f 436/442/114 454/444/114 439/443/114
o _gltfNode_51
v -6.674741 0.014137 -1.820769
v -6.674741 0.014137 -1.820769
v -6.674741 0.014137 -1.820769
v -6.474310 0.014137 -2.304652
v -6.474310 0.014137 -2.304652
v -6.474310 0.014137 -2.304652
v -7.349830 1.054753 -2.667304
v -7.349830 1.054753 -2.667304
v -7.349830 1.054753 -2.667304
v -7.550261 1.054753 -2.183422
v -7.550261 1.054753 -2.183422
v -7.550261 1.054753 -2.183422
v -6.463050 0.567310 -1.733085
v -6.463050 0.567310 -1.733085
v -6.463050 0.567310 -1.733085
v -7.761951 0.501580 -2.271106
v -7.761951 0.501580 -2.271106
v -7.761951 0.501580 -2.271106
v -6.262619 0.567310 -2.216967
v -6.262619 0.567310 -2.216967
v -6.262619 0.567310 -2.216967
v -7.561521 0.501580 -2.754989
v -7.561521 0.501580 -2.754989
v -7.561521 0.501580 -2.754989
vn 0.8536 -0.3827 0.3536
vn -0.8536 0.3827 -0.3536
vn 0.3536 0.9239 0.1464
vn -0.3536 -0.9239 -0.1464
vn -0.3827 -0.0000 0.9239
vn 0.3827 -0.0000 -0.9239
vt 0.492218 0.154333
vt 0.492218 0.171844
vt 0.507834 0.154333
vt 0.507834 0.171844
vt 0.546982 0.154333
vt 0.546982 0.171844
vt 0.562384 0.154333
vt 0.562384 0.171844
vt 0.546768 0.154268
vt 0.546768 0.138702
vt 0.507834 0.154268
vt 0.507834 0.138702
vt 0.585916 0.138702
vt 0.585916 0.154268
vt 0.546982 0.138702
vt 0.546982 0.154268
vt 0.562598 0.154333
vt 0.562598 0.171844
vt 0.601532 0.154333
vt 0.601532 0.171844
vt 0.546768 0.154333
vt 0.546768 0.171844
s 0
usemtl material_0
f 471/445/115 459/446/115 477/447/115
f 459/446/115 462/448/115 477/447/115
f 465/449/116 480/450/116 468/451/116
f 480/450/116 474/452/116 468/451/116
f 464/453/117 467/454/117 476/455/117
f 467/454/117 470/456/117 476/455/117
f 473/457/118 479/458/118 458/459/118
f 479/458/118 461/460/118 458/459/118
f 466/461/119 472/462/119 469/463/119
f 472/462/119 457/464/119 469/463/119
f 475/447/120 460/448/120 463/465/120
f 460/448/120 478/466/120 463/465/120
o _gltfNode_53
v -7.281098 0.598715 -2.152421
v -7.281098 0.598715 -2.152421
v -7.281098 0.598715 -2.152421
v -7.137592 0.598715 -2.498877
v -7.137592 0.598715 -2.498877
v -7.137592 0.598715 -2.498877
v -8.068519 0.227484 -2.884479
v -8.068519 0.227484 -2.884479
v -8.068519 0.227484 -2.884479
v -8.212026 0.227484 -2.538023
v -8.212026 0.227484 -2.538023
v -8.212026 0.227484 -2.538023
v -7.575075 0.916913 -2.274191
v -7.575075 0.916913 -2.274191
v -7.575075 0.916913 -2.274191
v -7.918048 -0.090715 -2.416254
v -7.918048 -0.090715 -2.416254
v -7.918048 -0.090715 -2.416254
v -7.431569 0.916913 -2.620646
v -7.431569 0.916913 -2.620646
v -7.431569 0.916913 -2.620646
v -7.774542 -0.090715 -2.762710
v -7.774542 -0.090715 -2.762710
v -7.774542 -0.090715 -2.762710
vn 0.6533 0.7071 0.2706
vn -0.6533 -0.7071 -0.2706
vn -0.6533 0.7071 -0.2706
vn 0.6533 -0.7071 0.2706
vn -0.3827 -0.0000 0.9239
vn 0.3827 -0.0000 -0.9239
vt 0.214874 0.802744
vt 0.214874 0.816376
vt 0.226584 0.802744
vt 0.226584 0.816376
vt 0.255939 0.802744
vt 0.255939 0.816376
vt 0.267489 0.802744
vt 0.267489 0.816376
vt 0.255779 0.802695
vt 0.255779 0.791046
vt 0.226584 0.802695
vt 0.226584 0.791046
vt 0.285134 0.791046
vt 0.285134 0.802695
vt 0.255939 0.791046
vt 0.255939 0.802695
vt 0.267649 0.802744
vt 0.267649 0.816376
vt 0.296844 0.802744
vt 0.296844 0.816376
vt 0.255779 0.802744
vt 0.255779 0.816376
s 0
usemtl material_0
f 495/467/121 483/468/121 501/469/121
f 483/468/121 486/470/121 501/469/121
f 489/471/122 504/472/122 492/473/122
f 504/472/122 498/474/122 492/473/122
f 488/475/123 491/476/123 500/477/123
f 491/476/123 494/478/123 500/477/123
f 497/479/124 503/480/124 482/481/124
f 503/480/124 485/482/124 482/481/124
f 490/483/125 496/484/125 493/485/125
f 496/484/125 481/486/125 493/485/125
f 499/469/126 484/470/126 487/487/126
f 484/470/126 502/488/126 487/487/126
o _gltfNode_58
v -6.210957 0.014136 -2.062952
v -6.210957 0.014136 -2.062952
v -6.210957 0.014136 -2.062952
v -5.687206 0.014136 -2.062952
v -5.687206 0.014136 -2.062952
v -5.687206 0.014136 -2.062952
v -5.687205 1.054750 -3.010609
v -5.687205 1.054750 -3.010609
v -5.687205 1.054750 -3.010609
v -6.210955 1.054751 -3.010609
v -6.210955 1.054751 -3.010609
v -6.210955 1.054751 -3.010609
v -6.210956 0.567310 -1.833820
v -6.210956 0.567310 -1.833820
v -6.210956 0.567310 -1.833820
v -6.210956 0.501578 -3.239741
v -6.210956 0.501578 -3.239741
v -6.210956 0.501578 -3.239741
v -5.687206 0.567309 -1.833820
v -5.687206 0.567309 -1.833820
v -5.687206 0.567309 -1.833820
v -5.687205 0.501577 -3.239740
v -5.687205 0.501577 -3.239740
v -5.687205 0.501577 -3.239740
vn -0.0000 -0.3827 0.9239
vn -0.0000 0.3827 -0.9239
vn -0.0000 0.9239 0.3827
vn -0.0000 -0.9239 -0.3827
vn -1.0000 -0.0000 -0.0000
vn 1.0000 -0.0000 -0.0000
vt 0.492218 0.154333
vt 0.492218 0.171844
vt 0.507834 0.154333
vt 0.507834 0.171844
vt 0.546982 0.154333
vt 0.546982 0.171844
vt 0.562384 0.154333
vt 0.562384 0.171844
vt 0.546768 0.154268
vt 0.546768 0.138702
vt 0.507834 0.154268
vt 0.507834 0.138702
vt 0.585916 0.138702
vt 0.585916 0.154268
vt 0.546982 0.138702
vt 0.546982 0.154268
vt 0.562598 0.154333
vt 0.562598 0.171844
vt 0.601532 0.154333
vt 0.601532 0.171844
vt 0.546768 0.154333
vt 0.546768 0.171844
s 0
usemtl material_0
f 519/489/127 507/490/127 525/491/127
f 507/490/127 510/492/127 525/491/127
f 513/493/128 528/494/128 516/495/128
f 528/494/128 522/496/128 516/495/128
f 512/497/129 515/498/129 524/499/129
f 515/498/129 518/500/129 524/499/129
f 521/501/130 527/502/130 506/503/130
f 527/502/130 509/504/130 506/503/130
f 514/505/131 520/506/131 517/507/131
f 520/506/131 505/508/131 517/507/131
f 523/491/132 508/492/132 511/509/132
f 508/492/132 526/510/132 511/509/132
o _gltfNode_60
v -6.136592 0.598714 -2.750071
v -6.136592 0.598714 -2.750071
v -6.136592 0.598714 -2.750071
v -5.761591 0.598713 -2.750071
v -5.761591 0.598713 -2.750071
v -5.761591 0.598713 -2.750071
v -5.761591 0.227481 -3.757698
v -5.761591 0.227481 -3.757698
v -5.761591 0.227481 -3.757698
v -6.136592 0.227481 -3.757698
v -6.136592 0.227481 -3.757698
v -6.136592 0.227481 -3.757698
v -6.136591 0.916911 -3.068269
v -6.136591 0.916911 -3.068269
v -6.136591 0.916911 -3.068269
v -6.136592 -0.090717 -3.439499
v -6.136592 -0.090717 -3.439499
v -6.136592 -0.090717 -3.439499
v -5.761591 0.916911 -3.068269
v -5.761591 0.916911 -3.068269
v -5.761591 0.916911 -3.068269
v -5.761592 -0.090717 -3.439499
v -5.761592 -0.090717 -3.439499
v -5.761592 -0.090717 -3.439499
vn -0.0000 0.7071 0.7071
vn -0.0000 -0.7071 -0.7071
vn -0.0000 0.7071 -0.7071
vn -0.0000 -0.7071 0.7071
vn -1.0000 -0.0000 -0.0000
vn 1.0000 -0.0000 -0.0000
vt 0.214874 0.802744
vt 0.214874 0.816376
vt 0.226584 0.802744
vt 0.226584 0.816376
vt 0.255939 0.802744
vt 0.255939 0.816376
vt 0.267489 0.802744
vt 0.267489 0.816376
vt 0.255779 0.802695
vt 0.255779 0.791046
vt 0.226584 0.802695
vt 0.226584 0.791046
vt 0.285134 0.791046
vt 0.285134 0.802695
vt 0.255939 0.791046
vt 0.255939 0.802695
vt 0.267649 0.802744
vt 0.267649 0.816376
vt 0.296844 0.802744
vt 0.296844 0.816376
vt 0.255779 0.802744
vt 0.255779 0.816376
s 0
usemtl material_0
f 543/511/133 531/512/133 549/513/133
f 531/512/133 534/514/133 549/513/133
f 537/515/134 552/516/134 540/517/134
f 552/516/134 546/518/134 540/517/134
f 536/519/135 539/520/135 548/521/135
f 539/520/135 542/522/135 548/521/135
f 545/523/136 551/524/136 530/525/136
f 551/524/136 533/526/136 530/525/136
f 538/527/137 544/528/137 541/529/137
f 544/528/137 529/530/137 541/529/137
f 547/513/138 532/514/138 535/531/138
f 532/514/138 550/532/138 535/531/138
o _gltfNode_65
v -6.574575 0.014137 -1.425665
v -6.574575 0.014137 -1.425665
v -6.574575 0.014137 -1.425665
v -6.574575 0.014137 -1.949416
v -6.574575 0.014137 -1.949416
v -6.574575 0.014137 -1.949416
v -7.522231 1.054753 -1.949416
v -7.522231 1.054753 -1.949416
v -7.522231 1.054753 -1.949416
v -7.522231 1.054753 -1.425665
v -7.522231 1.054753 -1.425665
v -7.522231 1.054753 -1.425665
v -6.345443 0.567310 -1.425665
v -6.345443 0.567310 -1.425665
v -6.345443 0.567310 -1.425665
v -7.751363 0.501580 -1.425665
v -7.751363 0.501580 -1.425665
v -7.751363 0.501580 -1.425665
v -6.345443 0.567310 -1.949416
v -6.345443 0.567310 -1.949416
v -6.345443 0.567310 -1.949416
v -7.751363 0.501580 -1.949416
v -7.751363 0.501580 -1.949416
v -7.751363 0.501580 -1.949416
vn 0.9239 -0.3827 -0.0000
vn -0.9239 0.3827 -0.0000
vn 0.3827 0.9239 -0.0000
vn -0.3827 -0.9239 -0.0000
vn -0.0000 -0.0000 1.0000
vn -0.0000 -0.0000 -1.0000
vt 0.492218 0.154333
vt 0.492218 0.171844
vt 0.507834 0.154333
vt 0.507834 0.171844
vt 0.546982 0.154333
vt 0.546982 0.171844
vt 0.562384 0.154333
vt 0.562384 0.171844
vt 0.546768 0.154268
vt 0.546768 0.138702
vt 0.507834 0.154268
vt 0.507834 0.138702
vt 0.585916 0.138702
vt 0.585916 0.154268
vt 0.546982 0.138702
vt 0.546982 0.154268
vt 0.562598 0.154333
vt 0.562598 0.171844
vt 0.601532 0.154333
vt 0.601532 0.171844
vt 0.546768 0.154333
vt 0.546768 0.171844
s 0
usemtl material_0
f 567/533/139 555/534/139 573/535/139
f 555/534/139 558/536/139 573/535/139
f 561/537/140 576/538/140 564/539/140
f 576/538/140 570/540/140 564/539/140
f 560/541/141 563/542/141 572/543/141
f 563/542/141 566/544/141 572/543/141
f 569/545/142 575/546/142 554/547/142
f 575/546/142 557/548/142 554/547/142
f 562/549/143 568/550/143 565/551/143
f 568/550/143 553/552/143 565/551/143
f 571/535/144 556/536/144 559/553/144
f 556/536/144 574/554/144 559/553/144
o _gltfNode_67
v -7.261694 0.598715 -1.500029
v -7.261694 0.598715 -1.500029
v -7.261694 0.598715 -1.500029
v -7.261694 0.598715 -1.875030
v -7.261694 0.598715 -1.875030
v -7.261694 0.598715 -1.875030
v -8.269321 0.227484 -1.875030
v -8.269321 0.227484 -1.875030
v -8.269321 0.227484 -1.875030
v -8.269321 0.227484 -1.500029
v -8.269321 0.227484 -1.500029
v -8.269321 0.227484 -1.500029
v -7.579892 0.916913 -1.500029
v -7.579892 0.916913 -1.500029
v -7.579892 0.916913 -1.500029
v -7.951124 -0.090714 -1.500029
v -7.951124 -0.090714 -1.500029
v -7.951124 -0.090714 -1.500029
v -7.579892 0.916913 -1.875030
v -7.579892 0.916913 -1.875030
v -7.579892 0.916913 -1.875030
v -7.951124 -0.090714 -1.875030
v -7.951124 -0.090714 -1.875030
v -7.951124 -0.090714 -1.875030
vn 0.7071 0.7071 -0.0000
vn -0.7071 -0.7071 -0.0000
vn -0.7071 0.7071 -0.0000
vn 0.7071 -0.7071 -0.0000
vn -0.0000 -0.0000 1.0000
vn -0.0000 -0.0000 -1.0000
vt 0.214874 0.802744
vt 0.214874 0.816376
vt 0.226584 0.802744
vt 0.226584 0.816376
vt 0.255939 0.802744
vt 0.255939 0.816376
vt 0.267489 0.802744
vt 0.267489 0.816376
vt 0.255779 0.802695
vt 0.255779 0.791046
vt 0.226584 0.802695
vt 0.226584 0.791046
vt 0.285134 0.791046
vt 0.285134 0.802695
vt 0.255939 0.791046
vt 0.255939 0.802695
vt 0.267649 0.802744
vt 0.267649 0.816376
vt 0.296844 0.802744
vt 0.296844 0.816376
vt 0.255779 0.802744
vt 0.255779 0.816376
s 0
usemtl material_0
f 591/555/145 579/556/145 597/557/145
f 579/556/145 582/558/145 597/557/145
f 585/559/146 600/560/146 588/561/146
f 600/560/146 594/562/146 588/561/146
f 584/563/147 587/564/147 596/565/147
f 587/564/147 590/566/147 596/565/147
f 593/567/148 599/568/148 578/569/148
f 599/568/148 581/570/148 578/569/148
f 586/571/149 592/572/149 589/573/149
f 592/572/149 577/574/149 589/573/149
f 595/557/150 580/558/150 583/575/150
f 580/558/150 598/576/150 583/575/150
o _gltfNode_72
v -6.474341 0.014137 -1.132923
v -6.474341 0.014137 -1.132923
v -6.474341 0.014137 -1.132923
v -6.674772 0.014137 -1.616806
v -6.674772 0.014137 -1.616806
v -6.674772 0.014137 -1.616806
v -7.550292 1.054753 -1.254154
v -7.550292 1.054753 -1.254154
v -7.550292 1.054753 -1.254154
v -7.349861 1.054753 -0.770271
v -7.349861 1.054753 -0.770271
v -7.349861 1.054753 -0.770271
v -6.262650 0.567310 -1.220608
v -6.262650 0.567310 -1.220608
v -6.262650 0.567310 -1.220608
v -7.561552 0.501580 -0.682586
v -7.561552 0.501580 -0.682586
v -7.561552 0.501580 -0.682586
v -6.463081 0.567310 -1.704491
v -6.463081 0.567310 -1.704491
v -6.463081 0.567310 -1.704491
v -7.761982 0.501580 -1.166469
v -7.761982 0.501580 -1.166469
v -7.761982 0.501580 -1.166469
vn 0.8536 -0.3827 -0.3536
vn -0.8536 0.3827 0.3536
vn 0.3536 0.9239 -0.1464
vn -0.3536 -0.9239 0.1464
vn 0.3827 -0.0000 0.9239
vn -0.3827 -0.0000 -0.9239
vt 0.492218 0.154333
vt 0.492218 0.171844
vt 0.507834 0.154333
vt 0.507834 0.171844
vt 0.546982 0.154333
vt 0.546982 0.171844
vt 0.562384 0.154333
vt 0.562384 0.171844
vt 0.546768 0.154268
vt 0.546768 0.138702
vt 0.507834 0.154268
vt 0.507834 0.138702
vt 0.585916 0.138702
vt 0.585916 0.154268
vt 0.546982 0.138702
vt 0.546982 0.154268
vt 0.562598 0.154333
vt 0.562598 0.171844
vt 0.601532 0.154333
vt 0.601532 0.171844
vt 0.546768 0.154333
vt 0.546768 0.171844
s 0
usemtl material_0
f 615/577/151 603/578/151 621/579/151
f 603/578/151 606/580/151 621/579/151
f 609/581/152 624/582/152 612/583/152
f 624/582/152 618/584/152 612/583/152
f 608/585/153 611/586/153 620/587/153
f 611/586/153 614/588/153 620/587/153
f 617/589/154 623/590/154 602/591/154
f 623/590/154 605/592/154 602/591/154
f 610/593/155 616/594/155 613/595/155
f 616/594/155 601/596/155 613/595/155
f 619/579/156 604/580/156 607/597/156
f 604/580/156 622/598/156 607/597/156
o _gltfNode_74
v -7.137615 0.598715 -0.938678
v -7.137615 0.598715 -0.938678
v -7.137615 0.598715 -0.938678
v -7.281121 0.598715 -1.285133
v -7.281121 0.598715 -1.285133
v -7.281121 0.598715 -1.285133
v -8.212049 0.227484 -0.899531
v -8.212049 0.227484 -0.899531
v -8.212049 0.227484 -0.899531
v -8.068542 0.227484 -0.553076
v -8.068542 0.227484 -0.553076
v -8.068542 0.227484 -0.553076
v -7.431592 0.916913 -0.816909
v -7.431592 0.916913 -0.816909
v -7.431592 0.916913 -0.816909
v -7.774565 -0.090715 -0.674845
v -7.774565 -0.090715 -0.674845
v -7.774565 -0.090715 -0.674845
v -7.575098 0.916913 -1.163364
v -7.575098 0.916913 -1.163364
v -7.575098 0.916913 -1.163364
v -7.918071 -0.090715 -1.021301
v -7.918071 -0.090715 -1.021301
v -7.918071 -0.090715 -1.021301
vn 0.6533 0.7071 -0.2706
vn -0.6533 -0.7071 0.2706
vn -0.6533 0.7071 0.2706
vn 0.6533 -0.7071 -0.2706
vn 0.3827 -0.0000 0.9239
vn -0.3827 -0.0000 -0.9239
vt 0.214874 0.802744
vt 0.214874 0.816376
vt 0.226584 0.802744
vt 0.226584 0.816376
vt 0.255939 0.802744
vt 0.255939 0.816376
vt 0.267489 0.802744
vt 0.267489 0.816376
vt 0.255779 0.802695
vt 0.255779 0.791046
vt 0.226584 0.802695
vt 0.226584 0.791046
vt 0.285134 0.791046
vt 0.285134 0.802695
vt 0.255939 0.791046
vt 0.255939 0.802695
vt 0.267649 0.802744
vt 0.267649 0.816376
vt 0.296844 0.802744
vt 0.296844 0.816376
vt 0.255779 0.802744
vt 0.255779 0.816376
s 0
usemtl material_0
f 639/599/157 627/600/157 645/601/157
f 627/600/157 630/602/157 645/601/157
f 633/603/158 648/604/158 636/605/158
f 648/604/158 642/606/158 636/605/158
f 632/607/159 635/608/159 644/609/159
f 635/608/159 638/610/159 644/609/159
f 641/611/160 647/612/160 626/613/160
f 647/612/160 629/614/160 626/613/160
f 634/615/161 640/616/161 637/617/161
f 640/616/161 625/618/161 637/617/161
f 643/601/162 628/602/162 631/619/162
f 628/602/162 646/620/162 631/619/162
o _gltfNode_83
v 5.727674 2.888802 -1.425047
v 5.727674 2.888802 -1.425047
v 5.727674 2.888802 -1.425047
v 5.727674 2.888802 -2.025047
v 5.727674 2.888802 -2.025047
v 5.727674 2.888802 -2.025047
v 2.657135 2.266376 -2.025047
v 2.657135 2.266376 -2.025047
v 2.657135 2.266376 -2.025047
v 2.657135 2.266376 -1.425047
v 2.657135 2.266376 -1.425047
v 2.657135 2.266376 -1.425047
v 5.498064 3.443129 -1.425047
v 5.498064 3.443129 -1.425047
v 5.498064 3.443129 -1.425047
v 2.886745 1.712048 -1.425047
v 2.886745 1.712048 -1.425047
v 2.886745 1.712048 -1.425047
v 5.498064 3.443129 -2.025047
v 5.498064 3.443129 -2.025047
v 5.498064 3.443129 -2.025047
v 2.886745 1.712048 -2.025047
v 2.886745 1.712048 -2.025047
v 2.886745 1.712048 -2.025047
vn 0.9239 0.3827 -0.0000
vn -0.9239 -0.3827 -0.0000
vn -0.3827 0.9239 -0.0000
vn 0.3827 -0.9239 -0.0000
vn -0.0000 -0.0000 1.0000
vn -0.0000 -0.0000 -1.0000
vt 0.623006 0.121119
vt 0.623006 0.138641
vt 0.605524 0.121119
vt 0.605524 0.138641
vt 0.509701 0.121119
vt 0.509701 0.138641
vt 0.492218 0.121119
vt 0.492218 0.138641
vt 0.509811 0.121068
vt 0.509811 0.103546
vt 0.605413 0.121068
vt 0.605413 0.103546
vt 0.605524 0.103546
vt 0.605524 0.121068
vt 0.701125 0.103546
vt 0.701125 0.121068
vt 0.718719 0.121119
vt 0.718719 0.138641
vt 0.623117 0.121119
vt 0.623117 0.138641
vt 0.605413 0.121119
vt 0.605413 0.138641
vt 0.509811 0.121119
vt 0.509811 0.138641
s 0
usemtl material_0
f 663/621/163 651/622/163 669/623/163
f 651/622/163 654/624/163 669/623/163
f 657/625/164 672/626/164 660/627/164
f 672/626/164 666/628/164 660/627/164
f 656/629/165 659/630/165 668/631/165
f 659/630/165 662/632/165 668/631/165
f 665/633/166 671/634/166 650/635/166
f 671/634/166 653/636/166 650/635/166
f 658/637/167 664/638/167 661/639/167
f 664/638/167 649/640/167 661/639/167
f 667/641/168 652/642/168 655/643/168
f 652/642/168 670/644/168 655/643/168
o _gltfNode_85
v 5.036575 0.351066 -1.425047
v 5.036575 0.351066 -1.425047
v 5.036575 0.351066 -1.425047
v 5.036575 0.351066 -2.025047
v 5.036575 0.351066 -2.025047
v 5.036575 0.351066 -2.025047
v 5.636571 3.426067 -2.025047
v 5.636571 3.426067 -2.025047
v 5.636571 3.426067 -2.025047
v 5.636571 3.426067 -1.425047
v 5.636571 3.426067 -1.425047
v 5.636571 3.426067 -1.425047
v 5.636575 0.351067 -1.425047
v 5.636575 0.351067 -1.425047
v 5.636575 0.351067 -1.425047
v 5.036571 3.426066 -1.425047
v 5.036571 3.426066 -1.425047
v 5.036571 3.426066 -1.425047
v 5.636575 0.351067 -2.025047
v 5.636575 0.351067 -2.025047
v 5.636575 0.351067 -2.025047
v 5.036571 3.426066 -2.025047
v 5.036571 3.426066 -2.025047
v 5.036571 3.426066 -2.025047
vn -0.0000 -1.0000 -0.0000
vn -0.0000 1.0000 -0.0000
vn 1.0000 -0.0000 -0.0000
vn -1.0000 -0.0000 -0.0000
vn -0.0000 -0.0000 1.0000
vn -0.0000 -0.0000 -1.0000
vt 0.658162 0.361354
vt 0.658162 0.378876
vt 0.640680 0.361354
vt 0.640680 0.378876
vt 0.544857 0.361354
vt 0.544857 0.378876
vt 0.527374 0.361354
vt 0.527374 0.378876
vt 0.544967 0.361303
vt 0.544967 0.343781
vt 0.640569 0.361303
vt 0.640569 0.343781
vt 0.640680 0.343781
vt 0.640680 0.361303
vt 0.736281 0.343781
vt 0.736281 0.361303
vt 0.753875 0.361354
vt 0.753875 0.378876
vt 0.658273 0.361354
vt 0.658273 0.378876
vt 0.640569 0.361354
vt 0.640569 0.378876
vt 0.544967 0.361354
vt 0.544967 0.378876
s 0
usemtl material_0
f 687/645/169 675/646/169 693/647/169
f 675/646/169 678/648/169 693/647/169
f 681/649/170 696/650/170 684/651/170
f 696/650/170 690/652/170 684/651/170
f 680/653/171 683/654/171 692/655/171
f 683/654/171 686/656/171 692/655/171
f 689/657/172 695/658/172 674/659/172
f 695/658/172 677/660/172 674/659/172
f 682/661/173 688/662/173 685/663/173
f 688/662/173 673/664/173 685/663/173
f 691/665/174 676/666/174 679/667/174
f 676/666/174 694/668/174 679/667/174
o _gltfNode_87
v 4.911619 2.600825 -1.300001
v 4.911619 2.600825 -1.300001
v 4.911619 2.600825 -1.300001
v 4.911619 2.600825 -2.150000
v 4.911619 2.600825 -2.150000
v 4.911619 2.600825 -2.150000
v 5.761617 3.550825 -2.150000
v 5.761617 3.550825 -2.150000
v 5.761617 3.550825 -2.150000
v 5.761617 3.550825 -1.300001
v 5.761617 3.550825 -1.300001
v 5.761617 3.550825 -1.300001
v 5.761619 2.600826 -1.300001
v 5.761619 2.600826 -1.300001
v 5.761619 2.600826 -1.300001
v 4.911618 3.550824 -1.300001
v 4.911618 3.550824 -1.300001
v 4.911618 3.550824 -1.300001
v 5.761619 2.600826 -2.150000
v 5.761619 2.600826 -2.150000
v 5.761619 2.600826 -2.150000
v 4.911618 3.550824 -2.150000
v 4.911618 3.550824 -2.150000
v 4.911618 3.550824 -2.150000
vn -0.0000 -1.0000 -0.0000
vn -0.0000 1.0000 -0.0000
vn 1.0000 -0.0000 -0.0000
vn -1.0000 -0.0000 -0.0000
vn -0.0000 -0.0000 1.0000
vn -0.0000 -0.0000 -1.0000
vt 0.466711 0.794956
vt 0.466711 0.812469
vt 0.449295 0.794956
vt 0.449295 0.812469
vt 0.427755 0.794956
vt 0.427755 0.812469
vt 0.410187 0.794956
vt 0.410187 0.812469
vt 0.427755 0.794887
vt 0.427755 0.777374
vt 0.449143 0.794887
vt 0.449143 0.777374
vt 0.449295 0.777374
vt 0.449295 0.794887
vt 0.470683 0.777374
vt 0.470683 0.794887
vt 0.488251 0.794956
vt 0.488251 0.812469
vt 0.466864 0.794956
vt 0.466864 0.812469
vt 0.449143 0.794956
vt 0.449143 0.812469
s 0
usemtl material_0
f 711/669/175 699/670/175 717/671/175
f 699/670/175 702/672/175 717/671/175
f 705/673/176 720/674/176 708/675/176
f 720/674/176 714/676/176 708/675/176
f 704/677/177 707/678/177 716/679/177
f 707/678/177 710/680/177 716/679/177
f 713/681/178 719/682/178 698/683/178
f 719/682/178 701/684/178 698/683/178
f 706/685/179 712/686/179 709/687/179
f 712/686/179 697/688/179 709/687/179
f 715/689/180 700/690/180 703/673/180
f 700/690/180 718/674/180 703/673/180
o _gltfNode_89
v 6.574125 0.013323 -1.125000
v 6.574125 0.013323 -1.125000
v 6.574125 0.013323 -1.125000
v 6.574125 0.013323 -2.325000
v 6.574125 0.013323 -2.325000
v 6.574125 0.013323 -2.325000
v 5.299121 0.988324 -2.325000
v 5.299121 0.988324 -2.325000
v 5.299121 0.988324 -2.325000
v 5.299121 0.988324 -1.125000
v 5.299121 0.988324 -1.125000
v 5.299121 0.988324 -1.125000
v 6.574125 0.988324 -1.125000
v 6.574125 0.988324 -1.125000
v 6.574125 0.988324 -1.125000
v 5.299121 0.013323 -1.125000
v 5.299121 0.013323 -1.125000
v 5.299121 0.013323 -1.125000
v 6.574125 0.988324 -2.325000
v 6.574125 0.988324 -2.325000
v 6.574125 0.988324 -2.325000
v 5.299121 0.013323 -2.325000
v 5.299121 0.013323 -2.325000
v 5.299121 0.013323 -2.325000
vn 1.0000 -0.0000 -0.0000
vn -1.0000 -0.0000 -0.0000
vn -0.0000 1.0000 -0.0000
vn -0.0000 -1.0000 -0.0000
vn -0.0000 -0.0000 1.0000
vn -0.0000 -0.0000 -1.0000
vt 0.437475 0.736359
vt 0.437475 0.765594
vt 0.400428 0.736359
vt 0.400428 0.765594
vt 0.361297 0.736359
vt 0.361297 0.765594
vt 0.324249 0.736359
vt 0.324249 0.765594
vt 0.361371 0.736295
vt 0.361371 0.699249
vt 0.400353 0.736295
vt 0.400353 0.699249
vt 0.400428 0.699249
vt 0.400428 0.736295
vt 0.439410 0.699249
vt 0.439410 0.736295
vt 0.476532 0.736359
vt 0.476532 0.765594
vt 0.437550 0.736359
vt 0.437550 0.765594
vt 0.400353 0.736359
vt 0.400353 0.765594
vt 0.361371 0.736359
vt 0.361371 0.765594
s 0
usemtl material_0
f 735/691/181 723/692/181 741/693/181
f 723/692/181 726/694/181 741/693/181
f 729/695/182 744/696/182 732/697/182
f 744/696/182 738/698/182 732/697/182
f 728/699/183 731/700/183 740/701/183
f 731/700/183 734/702/183 740/701/183
f 737/703/184 743/704/184 722/705/184
f 743/704/184 725/706/184 722/705/184
f 730/707/185 736/708/185 733/709/185
f 736/708/185 721/710/185 733/709/185
f 739/711/186 724/712/186 727/713/186
f 724/712/186 742/714/186 727/713/186
o _gltfNode_91
v 7.761777 0.501502 -2.271034
v 7.761777 0.501502 -2.271034
v 7.761777 0.501502 -2.271034
v 7.561347 0.501502 -2.754917
v 7.561347 0.501502 -2.754917
v 7.561347 0.501502 -2.754917
v 6.262446 0.567232 -2.216895
v 6.262446 0.567232 -2.216895
v 6.262446 0.567232 -2.216895
v 6.462876 0.567232 -1.733013
v 6.462876 0.567232 -1.733013
v 6.462876 0.567232 -1.733013
v 7.550086 1.054675 -2.183350
v 7.550086 1.054675 -2.183350
v 7.550086 1.054675 -2.183350
v 6.674567 0.014059 -1.820697
v 6.674567 0.014059 -1.820697
v 6.674567 0.014059 -1.820697
v 7.349656 1.054675 -2.667232
v 7.349656 1.054675 -2.667232
v 7.349656 1.054675 -2.667232
v 6.474136 0.014059 -2.304580
v 6.474136 0.014059 -2.304580
v 6.474136 0.014059 -2.304580
vn 0.8536 0.3827 -0.3536
vn -0.8536 -0.3827 0.3536
vn -0.3536 0.9239 0.1464
vn 0.3536 -0.9239 -0.1464
vn 0.3827 -0.0000 0.9239
vn -0.3827 -0.0000 -0.9239
vt 0.562384 0.154333
vt 0.562384 0.171844
vt 0.546982 0.154333
vt 0.546982 0.171844
vt 0.507834 0.154333
vt 0.507834 0.171844
vt 0.492218 0.154333
vt 0.492218 0.171844
vt 0.507834 0.154268
vt 0.507834 0.138702
vt 0.546768 0.154268
vt 0.546768 0.138702
vt 0.546982 0.138702
vt 0.546982 0.154268
vt 0.585916 0.138702
vt 0.585916 0.154268
vt 0.601532 0.154333
vt 0.601532 0.171844
vt 0.562598 0.154333
vt 0.562598 0.171844
vt 0.546768 0.154333
vt 0.546768 0.171844
s 0
usemtl material_0
f 759/715/187 747/716/187 765/717/187
f 747/716/187 750/718/187 765/717/187
f 753/719/188 768/720/188 756/721/188
f 768/720/188 762/722/188 756/721/188
f 752/723/189 755/724/189 764/725/189
f 755/724/189 758/726/189 764/725/189
f 761/727/190 767/728/190 746/729/190
f 767/728/190 749/730/190 746/729/190
f 754/731/191 760/732/191 757/733/191
f 760/732/191 745/734/191 757/733/191
f 763/735/192 748/736/192 751/719/192
f 748/736/192 766/720/192 751/719/192
o _gltfNode_93
v 7.917948 -0.090606 -2.416213
v 7.917948 -0.090606 -2.416213
v 7.917948 -0.090606 -2.416213
v 7.774442 -0.090606 -2.762668
v 7.774442 -0.090606 -2.762668
v 7.774442 -0.090606 -2.762668
v 7.431469 0.917022 -2.620605
v 7.431469 0.917022 -2.620605
v 7.431469 0.917022 -2.620605
v 7.574975 0.917022 -2.274149
v 7.574975 0.917022 -2.274149
v 7.574975 0.917022 -2.274149
v 8.211926 0.227592 -2.537982
v 8.211926 0.227592 -2.537982
v 8.211926 0.227592 -2.537982
v 7.280998 0.598823 -2.152380
v 7.280998 0.598823 -2.152380
v 7.280998 0.598823 -2.152380
v 8.068419 0.227592 -2.884437
v 8.068419 0.227592 -2.884437
v 8.068419 0.227592 -2.884437
v 7.137492 0.598823 -2.498835
v 7.137492 0.598823 -2.498835
v 7.137492 0.598823 -2.498835
vn 0.6533 -0.7071 -0.2706
vn -0.6533 0.7071 0.2706
vn 0.6533 0.7071 -0.2706
vn -0.6533 -0.7071 0.2706
vn 0.3827 -0.0000 0.9239
vn -0.3827 -0.0000 -0.9239
vt 0.267489 0.802744
vt 0.267489 0.816376
vt 0.255939 0.802744
vt 0.255939 0.816376
vt 0.226584 0.802744
vt 0.226584 0.816376
vt 0.214874 0.802744
vt 0.214874 0.816376
vt 0.226584 0.802695
vt 0.226584 0.791046
vt 0.255779 0.802695
vt 0.255779 0.791046
vt 0.255939 0.791046
vt 0.255939 0.802695
vt 0.285134 0.791046
vt 0.285134 0.802695
vt 0.296844 0.802744
vt 0.296844 0.816376
vt 0.267649 0.802744
vt 0.267649 0.816376
vt 0.255779 0.802744
vt 0.255779 0.816376
s 0
usemtl material_0
f 783/737/193 771/738/193 789/739/193
f 771/738/193 774/740/193 789/739/193
f 777/741/194 792/742/194 780/743/194
f 792/742/194 786/744/194 780/743/194
f 776/745/195 779/746/195 788/747/195
f 779/746/195 782/748/195 788/747/195
f 785/749/196 791/750/196 770/751/196
f 791/750/196 773/752/196 770/751/196
f 778/753/197 784/754/197 781/755/197
f 784/754/197 769/756/197 781/755/197
f 787/757/198 772/758/198 775/741/198
f 772/758/198 790/742/198 775/741/198
o _gltfNode_98
v 6.210956 0.501500 -3.239552
v 6.210956 0.501500 -3.239552
v 6.210956 0.501500 -3.239552
v 5.687205 0.501499 -3.239552
v 5.687205 0.501499 -3.239552
v 5.687205 0.501499 -3.239552
v 5.687206 0.567231 -1.833632
v 5.687206 0.567231 -1.833632
v 5.687206 0.567231 -1.833632
v 6.210956 0.567232 -1.833632
v 6.210956 0.567232 -1.833632
v 6.210956 0.567232 -1.833632
v 6.210955 1.054673 -3.010421
v 6.210955 1.054673 -3.010421
v 6.210955 1.054673 -3.010421
v 6.210957 0.014059 -2.062764
v 6.210957 0.014059 -2.062764
v 6.210957 0.014059 -2.062764
v 5.687205 1.054673 -3.010421
v 5.687205 1.054673 -3.010421
v 5.687205 1.054673 -3.010421
v 5.687206 0.014058 -2.062764
v 5.687206 0.014058 -2.062764
v 5.687206 0.014058 -2.062764
vn -0.0000 0.3827 -0.9239
vn -0.0000 -0.3827 0.9239
vn -0.0000 0.9239 0.3827
vn -0.0000 -0.9239 -0.3827
vn 1.0000 -0.0000 -0.0000
vn -1.0000 -0.0000 -0.0000
vt 0.562384 0.154333
vt 0.562384 0.171844
vt 0.546982 0.154333
vt 0.546982 0.171844
vt 0.507834 0.154333
vt 0.507834 0.171844
vt 0.492218 0.154333
vt 0.492218 0.171844
vt 0.507834 0.154268
vt 0.507834 0.138702
vt 0.546768 0.154268
vt 0.546768 0.138702
vt 0.546982 0.138702
vt 0.546982 0.154268
vt 0.585916 0.138702
vt 0.585916 0.154268
vt 0.601532 0.154333
vt 0.601532 0.171844
vt 0.562598 0.154333
vt 0.562598 0.171844
vt 0.546768 0.154333
vt 0.546768 0.171844
s 0
usemtl material_0
f 807/759/199 795/760/199 813/761/199
f 795/760/199 798/762/199 813/761/199
f 801/763/200 816/764/200 804/765/200
f 816/764/200 810/766/200 804/765/200
f 800/767/201 803/768/201 812/769/201
f 803/768/201 806/770/201 812/769/201
f 809/771/202 815/772/202 794/773/202
f 815/772/202 797/774/202 794/773/202
f 802/775/203 808/776/203 805/777/203
f 808/776/203 793/778/203 805/777/203
f 811/779/204 796/780/204 799/763/204
f 796/780/204 814/764/204 799/763/204
o _gltfNode_100
v 6.136592 -0.090608 -3.439391
v 6.136592 -0.090608 -3.439391
v 6.136592 -0.090608 -3.439391
v 5.761592 -0.090609 -3.439391
v 5.761592 -0.090609 -3.439391
v 5.761592 -0.090609 -3.439391
v 5.761591 0.917020 -3.068161
v 5.761591 0.917020 -3.068161
v 5.761591 0.917020 -3.068161
v 6.136591 0.917020 -3.068161
v 6.136591 0.917020 -3.068161
v 6.136591 0.917020 -3.068161
v 6.136592 0.227590 -3.757590
v 6.136592 0.227590 -3.757590
v 6.136592 0.227590 -3.757590
v 6.136592 0.598822 -2.749962
v 6.136592 0.598822 -2.749962
v 6.136592 0.598822 -2.749962
v 5.761591 0.227589 -3.757590
v 5.761591 0.227589 -3.757590
v 5.761591 0.227589 -3.757590
v 5.761591 0.598822 -2.749962
v 5.761591 0.598822 -2.749962
v 5.761591 0.598822 -2.749962
vn -0.0000 -0.7071 -0.7071
vn -0.0000 0.7071 0.7071
vn -0.0000 0.7071 -0.7071
vn -0.0000 -0.7071 0.7071
vn 1.0000 -0.0000 -0.0000
vn -1.0000 -0.0000 -0.0000
vt 0.267489 0.802744
vt 0.267489 0.816376
vt 0.255939 0.802744
vt 0.255939 0.816376
vt 0.226584 0.802744
vt 0.226584 0.816376
vt 0.214874 0.802744
vt 0.214874 0.816376
vt 0.226584 0.802695
vt 0.226584 0.791046
vt 0.255779 0.802695
vt 0.255779 0.791046
vt 0.255939 0.791046
vt 0.255939 0.802695
vt 0.285134 0.791046
vt 0.285134 0.802695
vt 0.296844 0.802744
vt 0.296844 0.816376
vt 0.267649 0.802744
vt 0.267649 0.816376
vt 0.255779 0.802744
vt 0.255779 0.816376
s 0
usemtl material_0
f 831/781/205 819/782/205 837/783/205
f 819/782/205 822/784/205 837/783/205
f 825/785/206 840/786/206 828/787/206
f 840/786/206 834/788/206 828/787/206
f 824/789/207 827/790/207 836/791/207
f 827/790/207 830/792/207 836/791/207
f 833/793/208 839/794/208 818/795/208
f 839/794/208 821/796/208 818/795/208
f 826/797/209 832/798/209 829/799/209
f 832/798/209 817/800/209 829/799/209
f 835/801/210 820/802/210 823/785/210
f 820/802/210 838/786/210 823/785/210
o _gltfNode_105
v 7.751175 0.501502 -1.425665
v 7.751175 0.501502 -1.425665
v 7.751175 0.501502 -1.425665
v 7.751175 0.501502 -1.949416
v 7.751175 0.501502 -1.949416
v 7.751175 0.501502 -1.949416
v 6.345255 0.567232 -1.949416
v 6.345255 0.567232 -1.949416
v 6.345255 0.567232 -1.949416
v 6.345255 0.567232 -1.425665
v 6.345255 0.567232 -1.425665
v 6.345255 0.567232 -1.425665
v 7.522043 1.054675 -1.425665
v 7.522043 1.054675 -1.425665
v 7.522043 1.054675 -1.425665
v 6.574388 0.014059 -1.425665
v 6.574388 0.014059 -1.425665
v 6.574388 0.014059 -1.425665
v 7.522043 1.054675 -1.949416
v 7.522043 1.054675 -1.949416
v 7.522043 1.054675 -1.949416
v 6.574388 0.014059 -1.949416
v 6.574388 0.014059 -1.949416
v 6.574388 0.014059 -1.949416
vn 0.9239 0.3827 -0.0000
vn -0.9239 -0.3827 -0.0000
vn -0.3827 0.9239 -0.0000
vn 0.3827 -0.9239 -0.0000
vn -0.0000 -0.0000 1.0000
vn -0.0000 -0.0000 -1.0000
vt 0.562384 0.154333
vt 0.562384 0.171844
vt 0.546982 0.154333
vt 0.546982 0.171844
vt 0.507834 0.154333
vt 0.507834 0.171844
vt 0.492218 0.154333
vt 0.492218 0.171844
vt 0.507834 0.154268
vt 0.507834 0.138702
vt 0.546768 0.154268
vt 0.546768 0.138702
vt 0.546982 0.138702
vt 0.546982 0.154268
vt 0.585916 0.138702
vt 0.585916 0.154268
vt 0.601532 0.154333
vt 0.601532 0.171844
vt 0.562598 0.154333
vt 0.562598 0.171844
vt 0.546768 0.154333
vt 0.546768 0.171844
s 0
usemtl material_0
f 855/803/211 843/804/211 861/805/211
f 843/804/211 846/806/211 861/805/211
f 849/807/212 864/808/212 852/809/212
f 864/808/212 858/810/212 852/809/212
f 848/811/213 851/812/213 860/813/213
f 851/812/213 854/814/213 860/813/213
f 857/815/214 863/816/214 842/817/214
f 863/816/214 845/818/214 842/817/214
f 850/819/215 856/820/215 853/821/215
f 856/820/215 841/822/215 853/821/215
f 859/823/216 844/824/216 847/807/216
f 844/824/216 862/808/216 847/807/216
o _gltfNode_107
v 7.951015 -0.090606 -1.500029
v 7.951015 -0.090606 -1.500029
v 7.951015 -0.090606 -1.500029
v 7.951015 -0.090606 -1.875030
v 7.951015 -0.090606 -1.875030
v 7.951015 -0.090606 -1.875030
v 7.579783 0.917022 -1.875030
v 7.579783 0.917022 -1.875030
v 7.579783 0.917022 -1.875030
v 7.579783 0.917022 -1.500029
v 7.579783 0.917022 -1.500029
v 7.579783 0.917022 -1.500029
v 8.269214 0.227592 -1.500029
v 8.269214 0.227592 -1.500029
v 8.269214 0.227592 -1.500029
v 7.261585 0.598823 -1.500029
v 7.261585 0.598823 -1.500029
v 7.261585 0.598823 -1.500029
v 8.269214 0.227592 -1.875030
v 8.269214 0.227592 -1.875030
v 8.269214 0.227592 -1.875030
v 7.261585 0.598823 -1.875030
v 7.261585 0.598823 -1.875030
v 7.261585 0.598823 -1.875030
vn 0.7071 -0.7071 -0.0000
vn -0.7071 0.7071 -0.0000
vn 0.7071 0.7071 -0.0000
vn -0.7071 -0.7071 -0.0000
vn -0.0000 -0.0000 1.0000
vn -0.0000 -0.0000 -1.0000
vt 0.267489 0.802744
vt 0.267489 0.816376
vt 0.255939 0.802744
vt 0.255939 0.816376
vt 0.226584 0.802744
vt 0.226584 0.816376
vt 0.214874 0.802744
vt 0.214874 0.816376
vt 0.226584 0.802695
vt 0.226584 0.791046
vt 0.255779 0.802695
vt 0.255779 0.791046
vt 0.255939 0.791046
vt 0.255939 0.802695
vt 0.285134 0.791046
vt 0.285134 0.802695
vt 0.296844 0.802744
vt 0.296844 0.816376
vt 0.267649 0.802744
vt 0.267649 0.816376
vt 0.255779 0.802744
vt 0.255779 0.816376
s 0
usemtl material_0
f 879/825/217 867/826/217 885/827/217
f 867/826/217 870/828/217 885/827/217
f 873/829/218 888/830/218 876/831/218
f 888/830/218 882/832/218 876/831/218
f 872/833/219 875/834/219 884/835/219
f 875/834/219 878/836/219 884/835/219
f 881/837/220 887/838/220 866/839/220
f 887/838/220 869/840/220 866/839/220
f 874/841/221 880/842/221 877/843/221
f 880/842/221 865/844/221 877/843/221
f 883/845/222 868/846/222 871/829/222
f 868/846/222 886/830/222 871/829/222
o _gltfNode_112
v 7.561378 0.501502 -0.682658
v 7.561378 0.501502 -0.682658
v 7.561378 0.501502 -0.682658
v 7.761808 0.501502 -1.166541
v 7.761808 0.501502 -1.166541
v 7.761808 0.501502 -1.166541
v 6.462907 0.567232 -1.704563
v 6.462907 0.567232 -1.704563
v 6.462907 0.567232 -1.704563
v 6.262477 0.567232 -1.220680
v 6.262477 0.567232 -1.220680
v 6.262477 0.567232 -1.220680
v 7.349688 1.054675 -0.770343
v 7.349688 1.054675 -0.770343
v 7.349688 1.054675 -0.770343
v 6.474168 0.014059 -1.132995
v 6.474168 0.014059 -1.132995
v 6.474168 0.014059 -1.132995
v 7.550118 1.054675 -1.254225
v 7.550118 1.054675 -1.254225
v 7.550118 1.054675 -1.254225
v 6.674598 0.014059 -1.616878
v 6.674598 0.014059 -1.616878
v 6.674598 0.014059 -1.616878
vn 0.8536 0.3827 0.3536
vn -0.8536 -0.3827 -0.3536
vn -0.3536 0.9239 -0.1464
vn 0.3536 -0.9239 0.1464
vn -0.3827 -0.0000 0.9239
vn 0.3827 -0.0000 -0.9239
vt 0.562384 0.154333
vt 0.562384 0.171844
vt 0.546982 0.154333
vt 0.546982 0.171844
vt 0.507834 0.154333
vt 0.507834 0.171844
vt 0.492218 0.154333
vt 0.492218 0.171844
vt 0.507834 0.154268
vt 0.507834 0.138702
vt 0.546768 0.154268
vt 0.546768 0.138702
vt 0.546982 0.138702
vt 0.546982 0.154268
vt 0.585916 0.138702
vt 0.585916 0.154268
vt 0.601532 0.154333
vt 0.601532 0.171844
vt 0.562598 0.154333
vt 0.562598 0.171844
vt 0.546768 0.154333
vt 0.546768 0.171844
s 0
usemtl material_0
f 903/847/223 891/848/223 909/849/223
f 891/848/223 894/850/223 909/849/223
f 897/851/224 912/852/224 900/853/224
f 912/852/224 906/854/224 900/853/224
f 896/855/225 899/856/225 908/857/225
f 899/856/225 902/858/225 908/857/225
f 905/859/226 911/860/226 890/861/226
f 911/860/226 893/862/226 890/861/226
f 898/863/227 904/864/227 901/865/227
f 904/864/227 889/866/227 901/865/227
f 907/867/228 892/868/228 895/851/228
f 892/868/228 910/852/228 895/851/228
o _gltfNode_114
v 7.774465 -0.090606 -0.674887
v 7.774465 -0.090606 -0.674887
v 7.774465 -0.090606 -0.674887
v 7.917971 -0.090606 -1.021342
v 7.917971 -0.090606 -1.021342
v 7.917971 -0.090606 -1.021342
v 7.574998 0.917022 -1.163406
v 7.574998 0.917022 -1.163406
v 7.574998 0.917022 -1.163406
v 7.431491 0.917022 -0.816950
v 7.431491 0.917022 -0.816950
v 7.431491 0.917022 -0.816950
v 8.068441 0.227592 -0.553118
v 8.068441 0.227592 -0.553118
v 8.068441 0.227592 -0.553118
v 7.137515 0.598823 -0.938719
v 7.137515 0.598823 -0.938719
v 7.137515 0.598823 -0.938719
v 8.211948 0.227592 -0.899573
v 8.211948 0.227592 -0.899573
v 8.211948 0.227592 -0.899573
v 7.281021 0.598823 -1.285175
v 7.281021 0.598823 -1.285175
v 7.281021 0.598823 -1.285175
vn 0.6533 -0.7071 0.2706
vn -0.6533 0.7071 -0.2706
vn 0.6533 0.7071 0.2706
vn -0.6533 -0.7071 -0.2706
vn -0.3827 -0.0000 0.9239
vn 0.3827 -0.0000 -0.9239
vt 0.267489 0.802744
vt 0.267489 0.816376
vt 0.255939 0.802744
vt 0.255939 0.816376
vt 0.226584 0.802744
vt 0.226584 0.816376
vt 0.214874 0.802744
vt 0.214874 0.816376
vt 0.226584 0.802695
vt 0.226584 0.791046
vt 0.255779 0.802695
vt 0.255779 0.791046
vt 0.255939 0.791046
vt 0.255939 0.802695
vt 0.285134 0.791046
vt 0.285134 0.802695
vt 0.296844 0.802744
vt 0.296844 0.816376
vt 0.267649 0.802744
vt 0.267649 0.816376
vt 0.255779 0.802744
vt 0.255779 0.816376
s 0
usemtl material_0
f 927/869/229 915/870/229 933/871/229
f 915/870/229 918/872/229 933/871/229
f 921/873/230 936/874/230 924/875/230
f 936/874/230 930/876/230 924/875/230
f 920/877/231 923/878/231 932/879/231
f 923/878/231 926/880/231 932/879/231
f 929/881/232 935/882/232 914/883/232
f 935/882/232 917/884/232 914/883/232
f 922/885/233 928/886/233 925/887/233
f 928/886/233 913/888/233 925/887/233
f 931/889/234 916/890/234 919/873/234
f 916/890/234 934/874/234 919/873/234
o _gltfNode_123
v 2.356976 1.064615 0.299902
v 2.356976 1.064615 0.299902
v 2.356976 1.064615 0.299902
v 2.356976 1.064615 -2.977187
v 2.356976 1.064615 -2.977187
v 2.356976 1.064615 -2.977187
v -2.356979 3.358575 -2.977187
v -2.356979 3.358575 -2.977187
v -2.356979 3.358575 -2.977187
v -2.356979 3.358575 0.299902
v -2.356979 3.358575 0.299902
v -2.356979 3.358575 0.299902
v 2.356976 3.358575 0.299902
v 2.356976 3.358575 0.299902
v 2.356976 3.358575 0.299902
v -2.356979 1.064615 0.299902
v -2.356979 1.064615 0.299902
v -2.356979 1.064615 0.299902
v 2.356976 3.358575 -2.977187
v 2.356976 3.358575 -2.977187
v 2.356976 3.358575 -2.977187
v -2.356979 1.064615 -2.977187
v -2.356979 1.064615 -2.977187
v -2.356979 1.064615 -2.977187
vn 1.0000 -0.0000 -0.0000
vn -1.0000 -0.0000 -0.0000
vn -0.0000 1.0000 -0.0000
vn -0.0000 -1.0000 -0.0000
vn -0.0000 -0.0000 1.0000
vn -0.0000 -0.0000 -1.0000
vt 0.000031 0.101596
vt 0.000031 0.171844
vt 0.101508 0.101596
vt 0.101508 0.171844
vt 0.246124 0.101596
vt 0.246124 0.171844
vt 0.347601 0.101596
vt 0.347601 0.171844
vt 0.246064 0.101533
vt 0.246064 0.000031
vt 0.101568 0.101533
vt 0.101568 0.000031
vt 0.390620 0.000031
vt 0.390620 0.101533
vt 0.246124 0.000031
vt 0.246124 0.101533
vt 0.347661 0.101596
vt 0.347661 0.171844
vt 0.492157 0.101596
vt 0.492157 0.171844
vt 0.101568 0.101596
vt 0.101568 0.171844
vt 0.246064 0.101596
vt 0.246064 0.171844
s 0
usemtl material_0
f 951/891/235 939/892/235 957/893/235
f 939/892/235 942/894/235 957/893/235
f 945/895/236 960/896/236 948/897/236
f 960/896/236 954/898/236 948/897/236
f 944/899/237 947/900/237 956/901/237
f 947/900/237 950/902/237 956/901/237
f 953/903/238 959/904/238 938/905/238
f 959/904/238 941/906/238 938/905/238
f 946/907/239 952/908/239 949/909/239
f 952/908/239 937/910/239 949/909/239
f 955/911/240 940/912/240 943/913/240
f 940/912/240 958/914/240 943/913/240
o _gltfNode_125
v -1.827605 1.291490 0.362920
v -1.827605 1.291490 0.362920
v -1.827605 1.291490 0.362920
v -1.827605 1.291490 -2.624271
v -1.827605 1.291490 -2.624271
v -1.827605 1.291490 -2.624271
v -2.924167 3.459403 -2.624271
v -2.924167 3.459403 -2.624271
v -2.924167 3.459403 -2.624271
v -2.924167 3.459403 0.362920
v -2.924167 3.459403 0.362920
v -2.924167 3.459403 0.362920
v -1.827605 3.459403 0.362920
v -1.827605 3.459403 0.362920
v -1.827605 3.459403 0.362920
v -2.924167 1.291490 0.362920
v -2.924167 1.291490 0.362920
v -2.924167 1.291490 0.362920
v -1.827605 3.459403 -2.624271
v -1.827605 3.459403 -2.624271
v -1.827605 3.459403 -2.624271
v -2.924167 1.291490 -2.624271
v -2.924167 1.291490 -2.624271
v -2.924167 1.291490 -2.624271
vn 1.0000 -0.0000 -0.0000
vn -1.0000 -0.0000 -0.0000
vn -0.0000 1.0000 -0.0000
vn -0.0000 -1.0000 -0.0000
vn -0.0000 -0.0000 1.0000
vn -0.0000 -0.0000 -1.0000
vt 0.000031 0.378920
vt 0.000031 0.445282
vt 0.091728 0.378920
vt 0.091728 0.445282
vt 0.125061 0.378920
vt 0.125061 0.445282
vt 0.216758 0.378920
vt 0.216758 0.445282
vt 0.124939 0.378842
vt 0.124939 0.287140
vt 0.091850 0.378842
vt 0.091850 0.287140
vt 0.158150 0.287140
vt 0.158150 0.378842
vt 0.125061 0.287140
vt 0.125061 0.378842
vt 0.216880 0.378920
vt 0.216880 0.445282
vt 0.249969 0.378920
vt 0.249969 0.445282
vt 0.091850 0.378920
vt 0.091850 0.445282
vt 0.124939 0.378920
vt 0.124939 0.445282
s 0
usemtl material_0
f 975/915/241 963/916/241 981/917/241
f 963/916/241 966/918/241 981/917/241
f 969/919/242 984/920/242 972/921/242
f 984/920/242 978/922/242 972/921/242
f 968/923/243 971/924/243 980/925/243
f 971/924/243 974/926/243 980/925/243
f 977/927/244 983/928/244 962/929/244
f 983/928/244 965/930/244 962/929/244
f 970/931/245 976/932/245 973/933/245
f 976/932/245 961/934/245 973/933/245
f 979/935/246 964/936/246 967/937/246
f 964/936/246 982/938/246 967/937/246
o _gltfNode_127
v 2.924166 1.291490 0.362920
v 2.924166 1.291490 0.362920
v 2.924166 1.291490 0.362920
v 2.924166 1.291490 -2.624271
v 2.924166 1.291490 -2.624271
v 2.924166 1.291490 -2.624271
v 1.827604 3.459403 -2.624271
v 1.827604 3.459403 -2.624271
v 1.827604 3.459403 -2.624271
v 1.827604 3.459403 0.362920
v 1.827604 3.459403 0.362920
v 1.827604 3.459403 0.362920
v 2.924166 3.459403 0.362920
v 2.924166 3.459403 0.362920
v 2.924166 3.459403 0.362920
v 1.827604 1.291490 0.362920
v 1.827604 1.291490 0.362920
v 1.827604 1.291490 0.362920
v 2.924166 3.459403 -2.624271
v 2.924166 3.459403 -2.624271
v 2.924166 3.459403 -2.624271
v 1.827604 1.291490 -2.624271
v 1.827604 1.291490 -2.624271
v 1.827604 1.291490 -2.624271
vn 1.0000 -0.0000 -0.0000
vn -1.0000 -0.0000 -0.0000
vn -0.0000 1.0000 -0.0000
vn -0.0000 -1.0000 -0.0000
vn -0.0000 -0.0000 1.0000
vn -0.0000 -0.0000 -1.0000
vt 0.216758 0.378920
vt 0.216758 0.445282
vt 0.125061 0.378920
vt 0.125061 0.445282
vt 0.091728 0.378920
vt 0.091728 0.445282
vt 0.000031 0.378920
vt 0.000031 0.445282
vt 0.091850 0.378842
vt 0.091850 0.287140
vt 0.124939 0.378842
vt 0.124939 0.287140
vt 0.125061 0.287140
vt 0.125061 0.378842
vt 0.158150 0.287140
vt 0.158150 0.378842
vt 0.249969 0.378920
vt 0.249969 0.445282
vt 0.216880 0.378920
vt 0.216880 0.445282
vt 0.124939 0.378920
vt 0.124939 0.445282
vt 0.091850 0.378920
vt 0.091850 0.445282
s 0
usemtl material_0
f 999/939/247 987/940/247 1005/941/247
f 987/940/247 990/942/247 1005/941/247
f 993/943/248 1008/944/248 996/945/248
f 1008/944/248 1002/946/248 996/945/248
f 992/947/249 995/948/249 1004/949/249
f 995/948/249 998/950/249 1004/949/249
f 1001/951/250 1007/952/250 986/953/250
f 1007/952/250 989/954/250 986/953/250
f 994/955/251 1000/956/251 997/957/251
f 1000/956/251 985/958/251 997/957/251
f 1003/959/252 988/960/252 991/961/252
f 988/960/252 1006/962/252 991/961/252
o _gltfNode_130
v 0.087499 2.270551 -5.339485
v 0.087499 2.270551 -5.339485
v 0.087499 2.270551 -5.339485
v 0.087499 2.258565 -5.489005
v 0.087499 2.258565 -5.489005
v 0.087499 2.258565 -5.489005
v -0.212500 2.482845 -5.506985
v -0.212500 2.482845 -5.506985
v -0.212500 2.482845 -5.506985
v -0.212500 2.494831 -5.357465
v -0.212500 2.494831 -5.357465
v -0.212500 2.494831 -5.357465
v 0.087499 2.494831 -5.357465
v 0.087499 2.494831 -5.357465
v 0.087499 2.494831 -5.357465
v -0.212500 2.270551 -5.339485
v -0.212500 2.270551 -5.339485
v -0.212500 2.270551 -5.339485
v 0.087499 2.482845 -5.506985
v 0.087499 2.482845 -5.506985
v 0.087499 2.482845 -5.506985
v -0.212500 2.258565 -5.489005
v -0.212500 2.258565 -5.489005
v -0.212500 2.258565 -5.489005
vn 1.0000 -0.0000 -0.0000
vn -1.0000 -0.0000 -0.0000
vn -0.0000 0.9968 -0.0799
vn -0.0000 -0.9968 0.0799
vn -0.0000 0.0799 0.9968
vn -0.0000 -0.0799 -0.9968
vt 0.187531 0.574240
vt 0.187531 0.580048
vt 0.191396 0.574240
vt 0.191396 0.580048
vt 0.199311 0.574240
vt 0.199311 0.580048
vt 0.203177 0.574240
vt 0.203177 0.580048
vt 0.199127 0.574164
vt 0.199127 0.570343
vt 0.191396 0.574164
vt 0.191396 0.570343
vt 0.207042 0.570343
vt 0.207042 0.574164
vt 0.199311 0.570343
vt 0.199311 0.574164
vt 0.210908 0.574240
vt 0.210908 0.580048
vt 0.199127 0.574240
vt 0.199127 0.580048
s 0
usemtl material_0
f 1023/963/253 1011/964/253 1029/965/253
f 1011/964/253 1014/966/253 1029/965/253
f 1017/967/254 1032/968/254 1020/969/254
f 1032/968/254 1026/970/254 1020/969/254
f 1016/971/255 1019/972/255 1028/973/255
f 1019/972/255 1022/974/255 1028/973/255
f 1025/975/256 1031/976/256 1010/977/256
f 1031/976/256 1013/978/256 1010/977/256
f 1018/969/257 1024/970/257 1021/979/257
f 1024/970/257 1009/980/257 1021/979/257
f 1027/965/258 1012/966/258 1015/981/258
f 1012/966/258 1030/982/258 1015/981/258
o _gltfNode_132
v -1.447529 1.758443 -4.012757
v -1.447529 1.758443 -4.012757
v -1.447529 1.758443 -4.012757
v -1.467684 1.740034 -4.242391
v -1.467684 1.740034 -4.242391
v -1.467684 1.740034 -4.242391
v -1.710506 2.184062 -4.256675
v -1.710506 2.184062 -4.256675
v -1.710506 2.184062 -4.256675
v -1.690352 2.202471 -4.027041
v -1.690352 2.202471 -4.027041
v -1.690352 2.202471 -4.027041
v -1.447529 2.200774 -4.048218
v -1.447529 2.200774 -4.048218
v -1.447529 2.200774 -4.048218
v -1.690352 1.760141 -3.991581
v -1.690352 1.760141 -3.991581
v -1.690352 1.760141 -3.991581
v -1.467684 2.182365 -4.277852
v -1.467684 2.182365 -4.277852
v -1.467684 2.182365 -4.277852
v -1.710506 1.741732 -4.221215
v -1.710506 1.741732 -4.221215
v -1.710506 1.741732 -4.221215
vn 0.9962 -0.0070 -0.0869
vn -0.9962 0.0070 0.0869
vn -0.0000 0.9968 -0.0799
vn -0.0000 -0.9968 0.0799
vn 0.0872 0.0796 0.9930
vn -0.0872 -0.0796 -0.9930
vt 0.201202 0.589877
vt 0.201202 0.601532
vt 0.207012 0.589877
vt 0.207012 0.601532
vt 0.212913 0.589877
vt 0.212913 0.601532
vt 0.218723 0.589877
vt 0.218723 0.601532
vt 0.212867 0.589808
vt 0.212867 0.584015
vt 0.207058 0.589808
vt 0.207058 0.584015
vt 0.218723 0.584015
vt 0.218723 0.589808
vt 0.212913 0.584015
vt 0.212913 0.589808
vt 0.218769 0.589877
vt 0.218769 0.601532
vt 0.224578 0.589877
vt 0.224578 0.601532
vt 0.207058 0.589877
vt 0.207058 0.601532
vt 0.212867 0.589877
vt 0.212867 0.601532
s 0
usemtl material_0
f 1047/983/259 1035/984/259 1053/985/259
f 1035/984/259 1038/986/259 1053/985/259
f 1041/987/260 1056/988/260 1044/989/260
f 1056/988/260 1050/990/260 1044/989/260
f 1040/991/261 1043/992/261 1052/993/261
f 1043/992/261 1046/994/261 1052/993/261
f 1049/995/262 1055/996/262 1034/997/262
f 1055/996/262 1037/998/262 1034/997/262
f 1042/999/263 1048/1000/263 1045/1001/263
f 1048/1000/263 1033/1002/263 1045/1001/263
f 1051/1003/264 1036/1004/264 1039/1005/264
f 1036/1004/264 1054/1006/264 1039/1005/264
o _gltfNode_135
v -1.658250 1.790010 -4.401557
v -1.658250 1.790010 -4.401557
v -1.658250 1.790010 -4.401557
v -1.765030 1.773619 -4.606023
v -1.765030 1.773619 -4.606023
v -1.765030 1.773619 -4.606023
v -1.981239 2.224943 -4.529292
v -1.981239 2.224943 -4.529292
v -1.981239 2.224943 -4.529292
v -1.874459 2.241335 -4.324827
v -1.874459 2.241335 -4.324827
v -1.874459 2.241335 -4.324827
v -1.658250 2.232341 -4.437018
v -1.658250 2.232341 -4.437018
v -1.658250 2.232341 -4.437018
v -1.874459 1.799004 -4.289366
v -1.874459 1.799004 -4.289366
v -1.874459 1.799004 -4.289366
v -1.765030 2.215949 -4.641483
v -1.765030 2.215949 -4.641483
v -1.765030 2.215949 -4.641483
v -1.981239 1.782613 -4.493832
v -1.981239 1.782613 -4.493832
v -1.981239 1.782613 -4.493832
vn 0.8870 -0.0369 -0.4603
vn -0.8870 0.0369 0.4603
vn -0.0000 0.9968 -0.0799
vn -0.0000 -0.9968 0.0799
vn 0.4617 0.0709 0.8842
vn -0.4617 -0.0709 -0.8842
vt 0.201202 0.589877
vt 0.201202 0.601532
vt 0.207012 0.589877
vt 0.207012 0.601532
vt 0.212913 0.589877
vt 0.212913 0.601532
vt 0.218723 0.589877
vt 0.218723 0.601532
vt 0.212867 0.589808
vt 0.212867 0.584015
vt 0.207058 0.589808
vt 0.207058 0.584015
vt 0.218723 0.584015
vt 0.218723 0.589808
vt 0.212913 0.584015
vt 0.212913 0.589808
vt 0.218769 0.589877
vt 0.218769 0.601532
vt 0.224578 0.589877
vt 0.224578 0.601532
vt 0.207058 0.589877
vt 0.207058 0.601532
vt 0.212867 0.589877
vt 0.212867 0.601532
s 0
usemtl material_0
f 1071/1007/265 1059/1008/265 1077/1009/265
f 1059/1008/265 1062/1010/265 1077/1009/265
f 1065/1011/266 1080/1012/266 1068/1013/266
f 1080/1012/266 1074/1014/266 1068/1013/266
f 1064/1015/267 1067/1016/267 1076/1017/267
f 1067/1016/267 1070/1018/267 1076/1017/267
f 1073/1019/268 1079/1020/268 1058/1021/268
f 1079/1020/268 1061/1022/268 1058/1021/268
f 1066/1023/269 1072/1024/269 1069/1025/269
f 1072/1024/269 1057/1026/269 1069/1025/269
f 1075/1027/270 1060/1028/270 1063/1029/270
f 1060/1028/270 1078/1030/270 1063/1029/270
o _gltfNode_138
v -1.864257 1.752336 -4.871504
v -1.864257 1.752336 -4.871504
v -1.864257 1.752336 -4.871504
v -1.971036 1.735945 -5.075970
v -1.971036 1.735945 -5.075970
v -1.971036 1.735945 -5.075970
v -2.187245 2.187269 -4.999239
v -2.187245 2.187269 -4.999239
v -2.187245 2.187269 -4.999239
v -2.080465 2.203660 -4.794773
v -2.080465 2.203660 -4.794773
v -2.080465 2.203660 -4.794773
v -1.864257 2.194666 -4.906964
v -1.864257 2.194666 -4.906964
v -1.864257 2.194666 -4.906964
v -2.080465 1.761330 -4.759313
v -2.080465 1.761330 -4.759313
v -2.080465 1.761330 -4.759313
v -1.971036 2.178275 -5.111430
v -1.971036 2.178275 -5.111430
v -1.971036 2.178275 -5.111430
v -2.187245 1.744939 -4.963778
v -2.187245 1.744939 -4.963778
v -2.187245 1.744939 -4.963778
vn 0.8870 -0.0369 -0.4603
vn -0.8870 0.0369 0.4603
vn -0.0000 0.9968 -0.0799
vn -0.0000 -0.9968 0.0799
vn 0.4617 0.0709 0.8842
vn -0.4617 -0.0709 -0.8842
vt 0.201202 0.589877
vt 0.201202 0.601532
vt 0.207012 0.589877
vt 0.207012 0.601532
vt 0.212913 0.589877
vt 0.212913 0.601532
vt 0.218723 0.589877
vt 0.218723 0.601532
vt 0.212867 0.589808
vt 0.212867 0.584015
vt 0.207058 0.589808
vt 0.207058 0.584015
vt 0.218723 0.584015
vt 0.218723 0.589808
vt 0.212913 0.584015
vt 0.212913 0.589808
vt 0.218769 0.589877
vt 0.218769 0.601532
vt 0.224578 0.589877
vt 0.224578 0.601532
vt 0.207058 0.589877
vt 0.207058 0.601532
vt 0.212867 0.589877
vt 0.212867 0.601532
s 0
usemtl material_0
f 1095/1031/271 1083/1032/271 1101/1033/271
f 1083/1032/271 1086/1034/271 1101/1033/271
f 1089/1035/272 1104/1036/272 1092/1037/272
f 1104/1036/272 1098/1038/272 1092/1037/272
f 1088/1039/273 1091/1040/273 1100/1041/273
f 1091/1040/273 1094/1042/273 1100/1041/273
f 1097/1043/274 1103/1044/274 1082/1045/274
f 1103/1044/274 1085/1046/274 1082/1045/274
f 1090/1047/275 1096/1048/275 1093/1049/275
f 1096/1048/275 1081/1050/275 1093/1049/275
f 1099/1051/276 1084/1052/276 1087/1053/276
f 1084/1052/276 1102/1054/276 1087/1053/276
o _gltfNode_141
v -1.605497 1.694236 -4.853218
v -1.605497 1.694236 -4.853218
v -1.605497 1.694236 -4.853218
v -1.460870 1.680463 -5.025027
v -1.460870 1.680463 -5.025027
v -1.460870 1.680463 -5.025027
v -1.642806 2.104364 -5.212162
v -1.642806 2.104364 -5.212162
v -1.642806 2.104364 -5.212162
v -1.787433 2.118138 -5.040353
v -1.787433 2.118138 -5.040353
v -1.787433 2.118138 -5.040353
v -1.605497 2.130337 -4.888179
v -1.605497 2.130337 -4.888179
v -1.605497 2.130337 -4.888179
v -1.787433 1.682037 -5.005392
v -1.787433 1.682037 -5.005392
v -1.787433 1.682037 -5.005392
v -1.460870 2.116564 -5.059988
v -1.460870 2.116564 -5.059988
v -1.460870 2.116564 -5.059988
v -1.642806 1.668264 -5.177201
v -1.642806 1.668264 -5.177201
v -1.642806 1.668264 -5.177201
vn 0.7660 0.0514 0.6407
vn -0.7660 -0.0514 -0.6407
vn -0.0000 0.9968 -0.0799
vn -0.0000 -0.9968 0.0799
vn -0.6428 0.0612 0.7636
vn 0.6428 -0.0612 -0.7636
vt 0.201202 0.589877
vt 0.201202 0.601532
vt 0.207012 0.589877
vt 0.207012 0.601532
vt 0.212913 0.589877
vt 0.212913 0.601532
vt 0.218723 0.589877
vt 0.218723 0.601532
vt 0.212867 0.589808
vt 0.212867 0.584015
vt 0.207058 0.589808
vt 0.207058 0.584015
vt 0.218723 0.584015
vt 0.218723 0.589808
vt 0.212913 0.584015
vt 0.212913 0.589808
vt 0.218769 0.589877
vt 0.218769 0.601532
vt 0.224578 0.589877
vt 0.224578 0.601532
vt 0.207058 0.589877
vt 0.207058 0.601532
vt 0.212867 0.589877
vt 0.212867 0.601532
s 0
usemtl material_0
f 1119/1055/277 1107/1056/277 1125/1057/277
f 1107/1056/277 1110/1058/277 1125/1057/277
f 1113/1059/278 1128/1060/278 1116/1061/278
f 1128/1060/278 1122/1062/278 1116/1061/278
f 1112/1063/279 1115/1064/279 1124/1065/279
f 1115/1064/279 1118/1066/279 1124/1065/279
f 1121/1067/280 1127/1068/280 1106/1069/280
f 1127/1068/280 1109/1070/280 1106/1069/280
f 1114/1071/281 1120/1072/281 1117/1073/281
f 1120/1072/281 1105/1074/281 1117/1073/281
f 1123/1075/282 1108/1076/282 1111/1077/282
f 1108/1076/282 1126/1078/282 1111/1077/282
o _gltfNode_144
v -1.408744 1.616721 -4.998909
v -1.408744 1.616721 -4.998909
v -1.408744 1.616721 -4.998909
v -1.178374 1.618332 -4.978818
v -1.178374 1.618332 -4.978818
v -1.178374 1.618332 -4.978818
v -1.157130 2.041258 -5.256324
v -1.157130 2.041258 -5.256324
v -1.157130 2.041258 -5.256324
v -1.387500 2.039647 -5.276414
v -1.387500 2.039647 -5.276414
v -1.387500 2.039647 -5.276414
v -1.408744 2.059052 -5.034369
v -1.408744 2.059052 -5.034369
v -1.408744 2.059052 -5.034369
v -1.387500 1.597317 -5.240954
v -1.387500 1.597317 -5.240954
v -1.387500 1.597317 -5.240954
v -1.178374 2.060662 -5.014278
v -1.178374 2.060662 -5.014278
v -1.178374 2.060662 -5.014278
v -1.157130 1.598928 -5.220864
v -1.157130 1.598928 -5.220864
v -1.157130 1.598928 -5.220864
vn -0.0872 0.0796 0.9930
vn 0.0872 -0.0796 -0.9930
vn -0.0000 0.9968 -0.0799
vn -0.0000 -0.9968 0.0799
vn -0.9962 -0.0070 -0.0869
vn 0.9962 0.0070 0.0869
vt 0.201202 0.589877
vt 0.201202 0.601532
vt 0.207012 0.589877
vt 0.207012 0.601532
vt 0.212913 0.589877
vt 0.212913 0.601532
vt 0.218723 0.589877
vt 0.218723 0.601532
vt 0.212867 0.589808
vt 0.212867 0.584015
vt 0.207058 0.589808
vt 0.207058 0.584015
vt 0.218723 0.584015
vt 0.218723 0.589808
vt 0.212913 0.584015
vt 0.212913 0.589808
vt 0.218769 0.589877
vt 0.218769 0.601532
vt 0.224578 0.589877
vt 0.224578 0.601532
vt 0.207058 0.589877
vt 0.207058 0.601532
vt 0.212867 0.589877
vt 0.212867 0.601532
s 0
usemtl material_0
f 1143/1079/283 1131/1080/283 1149/1081/283
f 1131/1080/283 1134/1082/283 1149/1081/283
f 1137/1083/284 1152/1084/284 1140/1085/284
f 1152/1084/284 1146/1086/284 1140/1085/284
f 1136/1087/285 1139/1088/285 1148/1089/285
f 1139/1088/285 1142/1090/285 1148/1089/285
f 1145/1091/286 1151/1092/286 1130/1093/286
f 1151/1092/286 1133/1094/286 1130/1093/286
f 1138/1095/287 1144/1096/287 1141/1097/287
f 1144/1096/287 1129/1098/287 1141/1097/287
f 1147/1099/288 1132/1100/288 1135/1101/288
f 1132/1100/288 1150/1102/288 1135/1101/288
o _gltfNode_147
v -0.973143 1.551161 -5.034577
v -0.973143 1.551161 -5.034577
v -0.973143 1.551161 -5.034577
v -0.742773 1.552772 -5.014487
v -0.742773 1.552772 -5.014487
v -0.742773 1.552772 -5.014487
v -0.721529 1.975698 -5.291993
v -0.721529 1.975698 -5.291993
v -0.721529 1.975698 -5.291993
v -0.951899 1.974088 -5.312083
v -0.951899 1.974088 -5.312083
v -0.951899 1.974088 -5.312083
v -0.973143 1.993492 -5.070037
v -0.973143 1.993492 -5.070037
v -0.973143 1.993492 -5.070037
v -0.951899 1.531757 -5.276623
v -0.951899 1.531757 -5.276623
v -0.951899 1.531757 -5.276623
v -0.742773 1.995102 -5.049947
v -0.742773 1.995102 -5.049947
v -0.742773 1.995102 -5.049947
v -0.721529 1.533368 -5.256533
v -0.721529 1.533368 -5.256533
v -0.721529 1.533368 -5.256533
vn -0.0872 0.0796 0.9930
vn 0.0872 -0.0796 -0.9930
vn -0.0000 0.9968 -0.0799
vn -0.0000 -0.9968 0.0799
vn -0.9962 -0.0070 -0.0869
vn 0.9962 0.0070 0.0869
vt 0.201202 0.589877
vt 0.201202 0.601532
vt 0.207012 0.589877
vt 0.207012 0.601532
vt 0.212913 0.589877
vt 0.212913 0.601532
vt 0.218723 0.589877
vt 0.218723 0.601532
vt 0.212867 0.589808
vt 0.212867 0.584015
vt 0.207058 0.589808
vt 0.207058 0.584015
vt 0.218723 0.584015
vt 0.218723 0.589808
vt 0.212913 0.584015
vt 0.212913 0.589808
vt 0.218769 0.589877
vt 0.218769 0.601532
vt 0.224578 0.589877
vt 0.224578 0.601532
vt 0.207058 0.589877
vt 0.207058 0.601532
vt 0.212867 0.589877
vt 0.212867 0.601532
s 0
usemtl material_0
f 1167/1103/289 1155/1104/289 1173/1105/289
f 1155/1104/289 1158/1106/289 1173/1105/289
f 1161/1107/290 1176/1108/290 1164/1109/290
f 1176/1108/290 1170/1110/290 1164/1109/290
f 1160/1111/291 1163/1112/291 1172/1113/291
f 1163/1112/291 1166/1114/291 1172/1113/291
f 1169/1115/292 1175/1116/292 1154/1117/292
f 1175/1116/292 1157/1118/292 1154/1117/292
f 1162/1119/293 1168/1120/293 1165/1121/293
f 1168/1120/293 1153/1122/293 1165/1121/293
f 1171/1123/294 1156/1124/294 1159/1125/294
f 1156/1124/294 1174/1126/294 1159/1125/294
o _gltfNode_150
v -0.598124 1.551125 -5.034591
v -0.598124 1.551125 -5.034591
v -0.598124 1.551125 -5.034591
v -0.367753 1.552736 -5.014501
v -0.367753 1.552736 -5.014501
v -0.367753 1.552736 -5.014501
v -0.346509 1.975662 -5.292007
v -0.346509 1.975662 -5.292007
v -0.346509 1.975662 -5.292007
v -0.576880 1.974051 -5.312097
v -0.576880 1.974051 -5.312097
v -0.576880 1.974051 -5.312097
v -0.598124 1.993455 -5.070052
v -0.598124 1.993455 -5.070052
v -0.598124 1.993455 -5.070052
v -0.576880 1.531721 -5.276637
v -0.576880 1.531721 -5.276637
v -0.576880 1.531721 -5.276637
v -0.367753 1.995066 -5.049961
v -0.367753 1.995066 -5.049961
v -0.367753 1.995066 -5.049961
v -0.346509 1.533332 -5.256546
v -0.346509 1.533332 -5.256546
v -0.346509 1.533332 -5.256546
vn -0.0872 0.0796 0.9930
vn 0.0872 -0.0796 -0.9930
vn -0.0000 0.9968 -0.0799
vn -0.0000 -0.9968 0.0799
vn -0.9962 -0.0070 -0.0869
vn 0.9962 0.0070 0.0869
vt 0.201202 0.589877
vt 0.201202 0.601532
vt 0.207012 0.589877
vt 0.207012 0.601532
vt 0.212913 0.589877
vt 0.212913 0.601532
vt 0.218723 0.589877
vt 0.218723 0.601532
vt 0.212867 0.589808
vt 0.212867 0.584015
vt 0.207058 0.589808
vt 0.207058 0.584015
vt 0.218723 0.584015
vt 0.218723 0.589808
vt 0.212913 0.584015
vt 0.212913 0.589808
vt 0.218769 0.589877
vt 0.218769 0.601532
vt 0.224578 0.589877
vt 0.224578 0.601532
vt 0.207058 0.589877
vt 0.207058 0.601532
vt 0.212867 0.589877
vt 0.212867 0.601532
s 0
usemtl material_0
f 1191/1127/295 1179/1128/295 1197/1129/295
f 1179/1128/295 1182/1130/295 1197/1129/295
f 1185/1131/296 1200/1132/296 1188/1133/296
f 1200/1132/296 1194/1134/296 1188/1133/296
f 1184/1135/297 1187/1136/297 1196/1137/297
f 1187/1136/297 1190/1138/297 1196/1137/297
f 1193/1139/298 1199/1140/298 1178/1141/298
f 1199/1140/298 1181/1142/298 1178/1141/298
f 1186/1143/299 1192/1144/299 1189/1145/299
f 1192/1144/299 1177/1146/299 1189/1145/299
f 1195/1147/300 1180/1148/300 1183/1149/300
f 1180/1148/300 1198/1150/300 1183/1149/300
o _gltfNode_154
v 1.565323 1.760141 -3.991585
v 1.565323 1.760141 -3.991585
v 1.565323 1.760141 -3.991585
v 1.585478 1.741732 -4.221218
v 1.585478 1.741732 -4.221218
v 1.585478 1.741732 -4.221218
v 1.342656 2.182364 -4.277855
v 1.342656 2.182364 -4.277855
v 1.342656 2.182364 -4.277855
v 1.322501 2.200773 -4.048221
v 1.322501 2.200773 -4.048221
v 1.322501 2.200773 -4.048221
v 1.565323 2.202471 -4.027045
v 1.565323 2.202471 -4.027045
v 1.565323 2.202471 -4.027045
v 1.322501 1.758443 -4.012761
v 1.322501 1.758443 -4.012761
v 1.322501 1.758443 -4.012761
v 1.585478 2.184062 -4.256679
v 1.585478 2.184062 -4.256679
v 1.585478 2.184062 -4.256679
v 1.342656 1.740034 -4.242394
v 1.342656 1.740034 -4.242394
v 1.342656 1.740034 -4.242394
vn 0.9962 0.0070 0.0869
vn -0.9962 -0.0070 -0.0869
vn -0.0000 0.9968 -0.0799
vn -0.0000 -0.9968 0.0799
vn -0.0872 0.0796 0.9930
vn 0.0872 -0.0796 -0.9930
vt 0.218723 0.589877
vt 0.218723 0.601532
vt 0.212913 0.589877
vt 0.212913 0.601532
vt 0.207012 0.589877
vt 0.207012 0.601532
vt 0.201202 0.589877
vt 0.201202 0.601532
vt 0.207058 0.589808
vt 0.207058 0.584015
vt 0.212867 0.589808
vt 0.212867 0.584015
vt 0.212913 0.584015
vt 0.212913 0.589808
vt 0.218723 0.584015
vt 0.218723 0.589808
vt 0.224578 0.589877
vt 0.224578 0.601532
vt 0.218769 0.589877
vt 0.218769 0.601532
vt 0.212867 0.589877
vt 0.212867 0.601532
vt 0.207058 0.589877
vt 0.207058 0.601532
s 0
usemtl material_0
f 1215/1151/301 1203/1152/301 1221/1153/301
f 1203/1152/301 1206/1154/301 1221/1153/301
f 1209/1155/302 1224/1156/302 1212/1157/302
f 1224/1156/302 1218/1158/302 1212/1157/302
f 1208/1159/303 1211/1160/303 1220/1161/303
f 1211/1160/303 1214/1162/303 1220/1161/303
f 1217/1163/304 1223/1164/304 1202/1165/304
f 1223/1164/304 1205/1166/304 1202/1165/304
f 1210/1167/305 1216/1168/305 1213/1169/305
f 1216/1168/305 1201/1170/305 1213/1169/305
f 1219/1171/306 1204/1172/306 1207/1173/306
f 1204/1172/306 1222/1174/306 1207/1173/306
o _gltfNode_157
v 1.749469 1.799004 -4.289366
v 1.749469 1.799004 -4.289366
v 1.749469 1.799004 -4.289366
v 1.856249 1.782613 -4.493832
v 1.856249 1.782613 -4.493832
v 1.856249 1.782613 -4.493832
v 1.640040 2.215949 -4.641484
v 1.640040 2.215949 -4.641484
v 1.640040 2.215949 -4.641484
v 1.533260 2.232341 -4.437018
v 1.533260 2.232341 -4.437018
v 1.533260 2.232341 -4.437018
v 1.749469 2.241335 -4.324827
v 1.749469 2.241335 -4.324827
v 1.749469 2.241335 -4.324827
v 1.533260 1.790010 -4.401557
v 1.533260 1.790010 -4.401557
v 1.533260 1.790010 -4.401557
v 1.856249 2.224943 -4.529292
v 1.856249 2.224943 -4.529292
v 1.856249 2.224943 -4.529292
v 1.640040 1.773619 -4.606023
v 1.640040 1.773619 -4.606023
v 1.640040 1.773619 -4.606023
vn 0.8870 0.0369 0.4603
vn -0.8870 -0.0369 -0.4603
vn -0.0000 0.9968 -0.0799
vn -0.0000 -0.9968 0.0799
vn -0.4617 0.0709 0.8842
vn 0.4617 -0.0709 -0.8842
vt 0.218723 0.589877
vt 0.218723 0.601532
vt 0.212913 0.589877
vt 0.212913 0.601532
vt 0.207012 0.589877
vt 0.207012 0.601532
vt 0.201202 0.589877
vt 0.201202 0.601532
vt 0.207058 0.589808
vt 0.207058 0.584015
vt 0.212867 0.589808
vt 0.212867 0.584015
vt 0.212913 0.584015
vt 0.212913 0.589808
vt 0.218723 0.584015
vt 0.218723 0.589808
vt 0.224578 0.589877
vt 0.224578 0.601532
vt 0.218769 0.589877
vt 0.218769 0.601532
vt 0.212867 0.589877
vt 0.212867 0.601532
vt 0.207058 0.589877
vt 0.207058 0.601532
s 0
usemtl material_0
f 1239/1175/307 1227/1176/307 1245/1177/307
f 1227/1176/307 1230/1178/307 1245/1177/307
f 1233/1179/308 1248/1180/308 1236/1181/308
f 1248/1180/308 1242/1182/308 1236/1181/308
f 1232/1183/309 1235/1184/309 1244/1185/309
f 1235/1184/309 1238/1186/309 1244/1185/309
f 1241/1187/310 1247/1188/310 1226/1189/310
f 1247/1188/310 1229/1190/310 1226/1189/310
f 1234/1191/311 1240/1192/311 1237/1193/311
f 1240/1192/311 1225/1194/311 1237/1193/311
f 1243/1195/312 1228/1196/312 1231/1197/312
f 1228/1196/312 1246/1198/312 1231/1197/312
o _gltfNode_160
v 1.955475 1.761330 -4.759313
v 1.955475 1.761330 -4.759313
v 1.955475 1.761330 -4.759313
v 2.062255 1.744939 -4.963778
v 2.062255 1.744939 -4.963778
v 2.062255 1.744939 -4.963778
v 1.846046 2.178275 -5.111430
v 1.846046 2.178275 -5.111430
v 1.846046 2.178275 -5.111430
v 1.739266 2.194666 -4.906964
v 1.739266 2.194666 -4.906964
v 1.739266 2.194666 -4.906964
v 1.955475 2.203660 -4.794773
v 1.955475 2.203660 -4.794773
v 1.955475 2.203660 -4.794773
v 1.739266 1.752336 -4.871504
v 1.739266 1.752336 -4.871504
v 1.739266 1.752336 -4.871504
v 2.062255 2.187269 -4.999239
v 2.062255 2.187269 -4.999239
v 2.062255 2.187269 -4.999239
v 1.846046 1.735945 -5.075970
v 1.846046 1.735945 -5.075970
v 1.846046 1.735945 -5.075970
vn 0.8870 0.0369 0.4603
vn -0.8870 -0.0369 -0.4603
vn -0.0000 0.9968 -0.0799
vn -0.0000 -0.9968 0.0799
vn -0.4617 0.0709 0.8842
vn 0.4617 -0.0709 -0.8842
vt 0.218723 0.589877
vt 0.218723 0.601532
vt 0.212913 0.589877
vt 0.212913 0.601532
vt 0.207012 0.589877
vt 0.207012 0.601532
vt 0.201202 0.589877
vt 0.201202 0.601532
vt 0.207058 0.589808
vt 0.207058 0.584015
vt 0.212867 0.589808
vt 0.212867 0.584015
vt 0.212913 0.584015
vt 0.212913 0.589808
vt 0.218723 0.584015
vt 0.218723 0.589808
vt 0.224578 0.589877
vt 0.224578 0.601532
vt 0.218769 0.589877
vt 0.218769 0.601532
vt 0.212867 0.589877
vt 0.212867 0.601532
vt 0.207058 0.589877
vt 0.207058 0.601532
s 0
usemtl material_0
f 1263/1199/313 1251/1200/313 1269/1201/313
f 1251/1200/313 1254/1202/313 1269/1201/313
f 1257/1203/314 1272/1204/314 1260/1205/314
f 1272/1204/314 1266/1206/314 1260/1205/314
f 1256/1207/315 1259/1208/315 1268/1209/315
f 1259/1208/315 1262/1210/315 1268/1209/315
f 1265/1211/316 1271/1212/316 1250/1213/316
f 1271/1212/316 1253/1214/316 1250/1213/316
f 1258/1215/317 1264/1216/317 1261/1217/317
f 1264/1216/317 1249/1218/317 1261/1217/317
f 1267/1219/318 1252/1220/318 1255/1221/318
f 1252/1220/318 1270/1222/318 1255/1221/318
o _gltfNode_163
v 1.662443 1.682037 -5.005393
v 1.662443 1.682037 -5.005393
v 1.662443 1.682037 -5.005393
v 1.517816 1.668264 -5.177201
v 1.517816 1.668264 -5.177201
v 1.517816 1.668264 -5.177201
v 1.335880 2.116564 -5.059988
v 1.335880 2.116564 -5.059988
v 1.335880 2.116564 -5.059988
v 1.480507 2.130337 -4.888179
v 1.480507 2.130337 -4.888179
v 1.480507 2.130337 -4.888179
v 1.662443 2.118138 -5.040353
v 1.662443 2.118138 -5.040353
v 1.662443 2.118138 -5.040353
v 1.480507 1.694236 -4.853218
v 1.480507 1.694236 -4.853218
v 1.480507 1.694236 -4.853218
v 1.517816 2.104364 -5.212162
v 1.517816 2.104364 -5.212162
v 1.517816 2.104364 -5.212162
v 1.335880 1.680463 -5.025027
v 1.335880 1.680463 -5.025027
v 1.335880 1.680463 -5.025027
vn 0.7660 -0.0514 -0.6407
vn -0.7660 0.0514 0.6407
vn -0.0000 0.9968 -0.0799
vn -0.0000 -0.9968 0.0799
vn 0.6428 0.0612 0.7636
vn -0.6428 -0.0612 -0.7636
vt 0.218723 0.589877
vt 0.218723 0.601532
vt 0.212913 0.589877
vt 0.212913 0.601532
vt 0.207012 0.589877
vt 0.207012 0.601532
vt 0.201202 0.589877
vt 0.201202 0.601532
vt 0.207058 0.589808
vt 0.207058 0.584015
vt 0.212867 0.589808
vt 0.212867 0.584015
vt 0.212913 0.584015
vt 0.212913 0.589808
vt 0.218723 0.584015
vt 0.218723 0.589808
vt 0.224578 0.589877
vt 0.224578 0.601532
vt 0.218769 0.589877
vt 0.218769 0.601532
vt 0.212867 0.589877
vt 0.212867 0.601532
vt 0.207058 0.589877
vt 0.207058 0.601532
s 0
usemtl material_0
f 1287/1223/319 1275/1224/319 1293/1225/319
f 1275/1224/319 1278/1226/319 1293/1225/319
f 1281/1227/320 1296/1228/320 1284/1229/320
f 1296/1228/320 1290/1230/320 1284/1229/320
f 1280/1231/321 1283/1232/321 1292/1233/321
f 1283/1232/321 1286/1234/321 1292/1233/321
f 1289/1235/322 1295/1236/322 1274/1237/322
f 1295/1236/322 1277/1238/322 1274/1237/322
f 1282/1239/323 1288/1240/323 1285/1241/323
f 1288/1240/323 1273/1242/323 1285/1241/323
f 1291/1243/324 1276/1244/324 1279/1245/324
f 1276/1244/324 1294/1246/324 1279/1245/324
o _gltfNode_166
v 1.262510 1.597317 -5.240954
v 1.262510 1.597317 -5.240954
v 1.262510 1.597317 -5.240954
v 1.032140 1.598928 -5.220863
v 1.032140 1.598928 -5.220863
v 1.032140 1.598928 -5.220863
v 1.053384 2.060662 -5.014278
v 1.053384 2.060662 -5.014278
v 1.053384 2.060662 -5.014278
v 1.283754 2.059052 -5.034369
v 1.283754 2.059052 -5.034369
v 1.283754 2.059052 -5.034369
v 1.262510 2.039647 -5.276414
v 1.262510 2.039647 -5.276414
v 1.262510 2.039647 -5.276414
v 1.283754 1.616721 -4.998908
v 1.283754 1.616721 -4.998908
v 1.283754 1.616721 -4.998908
v 1.032140 2.041258 -5.256324
v 1.032140 2.041258 -5.256324
v 1.032140 2.041258 -5.256324
v 1.053384 1.618332 -4.978818
v 1.053384 1.618332 -4.978818
v 1.053384 1.618332 -4.978818
vn -0.0872 -0.0796 -0.9930
vn 0.0872 0.0796 0.9930
vn -0.0000 0.9968 -0.0799
vn -0.0000 -0.9968 0.0799
vn 0.9962 -0.0070 -0.0869
vn -0.9962 0.0070 0.0869
vt 0.218723 0.589877
vt 0.218723 0.601532
vt 0.212913 0.589877
vt 0.212913 0.601532
vt 0.207012 0.589877
vt 0.207012 0.601532
vt 0.201202 0.589877
vt 0.201202 0.601532
vt 0.207058 0.589808
vt 0.207058 0.584015
vt 0.212867 0.589808
vt 0.212867 0.584015
vt 0.212913 0.584015
vt 0.212913 0.589808
vt 0.218723 0.584015
vt 0.218723 0.589808
vt 0.224578 0.589877
vt 0.224578 0.601532
vt 0.218769 0.589877
vt 0.218769 0.601532
vt 0.212867 0.589877
vt 0.212867 0.601532
vt 0.207058 0.589877
vt 0.207058 0.601532
s 0
usemtl material_0
f 1311/1247/325 1299/1248/325 1317/1249/325
f 1299/1248/325 1302/1250/325 1317/1249/325
f 1305/1251/326 1320/1252/326 1308/1253/326
f 1320/1252/326 1314/1254/326 1308/1253/326
f 1304/1255/327 1307/1256/327 1316/1257/327
f 1307/1256/327 1310/1258/327 1316/1257/327
f 1313/1259/328 1319/1260/328 1298/1261/328
f 1319/1260/328 1301/1262/328 1298/1261/328
f 1306/1263/329 1312/1264/329 1309/1265/329
f 1312/1264/329 1297/1266/329 1309/1265/329
f 1315/1267/330 1300/1268/330 1303/1269/330
f 1300/1268/330 1318/1270/330 1303/1269/330
o _gltfNode_169
v 0.826909 1.531757 -5.276623
v 0.826909 1.531757 -5.276623
v 0.826909 1.531757 -5.276623
v 0.596539 1.533368 -5.256532
v 0.596539 1.533368 -5.256532
v 0.596539 1.533368 -5.256532
v 0.617783 1.995102 -5.049947
v 0.617783 1.995102 -5.049947
v 0.617783 1.995102 -5.049947
v 0.848153 1.993492 -5.070037
v 0.848153 1.993492 -5.070037
v 0.848153 1.993492 -5.070037
v 0.826909 1.974088 -5.312083
v 0.826909 1.974088 -5.312083
v 0.826909 1.974088 -5.312083
v 0.848153 1.551161 -5.034577
v 0.848153 1.551161 -5.034577
v 0.848153 1.551161 -5.034577
v 0.596539 1.975698 -5.291993
v 0.596539 1.975698 -5.291993
v 0.596539 1.975698 -5.291993
v 0.617783 1.552772 -5.014486
v 0.617783 1.552772 -5.014486
v 0.617783 1.552772 -5.014486
vn -0.0872 -0.0796 -0.9930
vn 0.0872 0.0796 0.9930
vn -0.0000 0.9968 -0.0799
vn -0.0000 -0.9968 0.0799
vn 0.9962 -0.0070 -0.0869
vn -0.9962 0.0070 0.0869
vt 0.218723 0.589877
vt 0.218723 0.601532
vt 0.212913 0.589877
vt 0.212913 0.601532
vt 0.207012 0.589877
vt 0.207012 0.601532
vt 0.201202 0.589877
vt 0.201202 0.601532
vt 0.207058 0.589808
vt 0.207058 0.584015
vt 0.212867 0.589808
vt 0.212867 0.584015
vt 0.212913 0.584015
vt 0.212913 0.589808
vt 0.218723 0.584015
vt 0.218723 0.589808
vt 0.224578 0.589877
vt 0.224578 0.601532
vt 0.218769 0.589877
vt 0.218769 0.601532
vt 0.212867 0.589877
vt 0.212867 0.601532
vt 0.207058 0.589877
vt 0.207058 0.601532
s 0
usemtl material_0
f 1335/1271/331 1323/1272/331 1341/1273/331
f 1323/1272/331 1326/1274/331 1341/1273/331
f 1329/1275/332 1344/1276/332 1332/1277/332
f 1344/1276/332 1338/1278/332 1332/1277/332
f 1328/1279/333 1331/1280/333 1340/1281/333
f 1331/1280/333 1334/1282/333 1340/1281/333
f 1337/1283/334 1343/1284/334 1322/1285/334
f 1343/1284/334 1325/1286/334 1322/1285/334
f 1330/1287/335 1336/1288/335 1333/1289/335
f 1336/1288/335 1321/1290/335 1333/1289/335
f 1339/1291/336 1324/1292/336 1327/1293/336
f 1324/1292/336 1342/1294/336 1327/1293/336
o _gltfNode_172
v 0.451893 1.531724 -5.276599
v 0.451893 1.531724 -5.276599
v 0.451893 1.531724 -5.276599
v 0.221522 1.533335 -5.256508
v 0.221522 1.533335 -5.256508
v 0.221522 1.533335 -5.256508
v 0.242767 1.995069 -5.049923
v 0.242767 1.995069 -5.049923
v 0.242767 1.995069 -5.049923
v 0.473137 1.993459 -5.070014
v 0.473137 1.993459 -5.070014
v 0.473137 1.993459 -5.070014
v 0.451893 1.974054 -5.312059
v 0.451893 1.974054 -5.312059
v 0.451893 1.974054 -5.312059
v 0.473137 1.551128 -5.034553
v 0.473137 1.551128 -5.034553
v 0.473137 1.551128 -5.034553
v 0.221522 1.975665 -5.291969
v 0.221522 1.975665 -5.291969
v 0.221522 1.975665 -5.291969
v 0.242767 1.552739 -5.014462
v 0.242767 1.552739 -5.014462
v 0.242767 1.552739 -5.014462
vn -0.0872 -0.0796 -0.9930
vn 0.0872 0.0796 0.9930
vn -0.0000 0.9968 -0.0799
vn -0.0000 -0.9968 0.0799
vn 0.9962 -0.0070 -0.0869
vn -0.9962 0.0070 0.0869
vt 0.218723 0.589877
vt 0.218723 0.601532
vt 0.212913 0.589877
vt 0.212913 0.601532
vt 0.207012 0.589877
vt 0.207012 0.601532
vt 0.201202 0.589877
vt 0.201202 0.601532
vt 0.207058 0.589808
vt 0.207058 0.584015
vt 0.212867 0.589808
vt 0.212867 0.584015
vt 0.212913 0.584015
vt 0.212913 0.589808
vt 0.218723 0.584015
vt 0.218723 0.589808
vt 0.224578 0.589877
vt 0.224578 0.601532
vt 0.218769 0.589877
vt 0.218769 0.601532
vt 0.212867 0.589877
vt 0.212867 0.601532
vt 0.207058 0.589877
vt 0.207058 0.601532
s 0
usemtl material_0
f 1359/1295/337 1347/1296/337 1365/1297/337
f 1347/1296/337 1350/1298/337 1365/1297/337
f 1353/1299/338 1368/1300/338 1356/1301/338
f 1368/1300/338 1362/1302/338 1356/1301/338
f 1352/1303/339 1355/1304/339 1364/1305/339
f 1355/1304/339 1358/1306/339 1364/1305/339
f 1361/1307/340 1367/1308/340 1346/1309/340
f 1367/1308/340 1349/1310/340 1346/1309/340
f 1354/1311/341 1360/1312/341 1357/1313/341
f 1360/1312/341 1345/1314/341 1357/1313/341
f 1363/1315/342 1348/1316/342 1351/1317/342
f 1348/1316/342 1366/1318/342 1351/1317/342
o _gltfNode_175
v 0.077842 1.594891 -5.270775
v 0.077842 1.594891 -5.270775
v 0.077842 1.594891 -5.270775
v -0.152528 1.596502 -5.250685
v -0.152528 1.596502 -5.250685
v -0.152528 1.596502 -5.250685
v -0.131284 2.058236 -5.044099
v -0.131284 2.058236 -5.044099
v -0.131284 2.058236 -5.044099
v 0.099087 2.056626 -5.064190
v 0.099087 2.056626 -5.064190
v 0.099087 2.056626 -5.064190
v 0.077842 2.037222 -5.306235
v 0.077842 2.037222 -5.306235
v 0.077842 2.037222 -5.306235
v 0.099087 1.614295 -5.028729
v 0.099087 1.614295 -5.028729
v 0.099087 1.614295 -5.028729
v -0.152528 2.038832 -5.286145
v -0.152528 2.038832 -5.286145
v -0.152528 2.038832 -5.286145
v -0.131284 1.615906 -5.008639
v -0.131284 1.615906 -5.008639
v -0.131284 1.615906 -5.008639
vn -0.0872 -0.0796 -0.9930
vn 0.0872 0.0796 0.9930
vn -0.0000 0.9968 -0.0799
vn -0.0000 -0.9968 0.0799
vn 0.9962 -0.0070 -0.0869
vn -0.9962 0.0070 0.0869
vt 0.218723 0.589877
vt 0.218723 0.601532
vt 0.212913 0.589877
vt 0.212913 0.601532
vt 0.207012 0.589877
vt 0.207012 0.601532
vt 0.201202 0.589877
vt 0.201202 0.601532
vt 0.207058 0.589808
vt 0.207058 0.584015
vt 0.212867 0.589808
vt 0.212867 0.584015
vt 0.212913 0.584015
vt 0.212913 0.589808
vt 0.218723 0.584015
vt 0.218723 0.589808
vt 0.224578 0.589877
vt 0.224578 0.601532
vt 0.218769 0.589877
vt 0.218769 0.601532
vt 0.212867 0.589877
vt 0.212867 0.601532
vt 0.207058 0.589877
vt 0.207058 0.601532
s 0
usemtl material_0
f 1383/1319/343 1371/1320/343 1389/1321/343
f 1371/1320/343 1374/1322/343 1389/1321/343
f 1377/1323/344 1392/1324/344 1380/1325/344
f 1392/1324/344 1386/1326/344 1380/1325/344
f 1376/1327/345 1379/1328/345 1388/1329/345
f 1379/1328/345 1382/1330/345 1388/1329/345
f 1385/1331/346 1391/1332/346 1370/1333/346
f 1391/1332/346 1373/1334/346 1370/1333/346
f 1378/1335/347 1384/1336/347 1381/1337/347
f 1384/1336/347 1369/1338/347 1381/1337/347
f 1387/1339/348 1372/1340/348 1375/1341/348
f 1372/1340/348 1390/1342/348 1375/1341/348
o _gltfNode_180
v 0.680316 1.556448 -3.476396
v 0.680316 1.556448 -3.476396
v 0.680316 1.556448 -3.476396
v 0.946978 1.522999 -3.893633
v 0.946978 1.522999 -3.893633
v 0.946978 1.522999 -3.893633
v 0.761433 2.161081 -4.063371
v 0.761433 2.161081 -4.063371
v 0.761433 2.161081 -4.063371
v 0.494771 2.194529 -3.646135
v 0.494771 2.194529 -3.646135
v 0.494771 2.194529 -3.646135
v 0.680316 2.203975 -3.528307
v 0.680316 2.203975 -3.528307
v 0.680316 2.203975 -3.528307
v 0.494771 1.547002 -3.594224
v 0.494771 1.547002 -3.594224
v 0.494771 1.547002 -3.594224
v 0.946978 2.170527 -3.945543
v 0.946978 2.170527 -3.945543
v 0.946978 2.170527 -3.945543
v 0.761433 1.513553 -4.011461
v 0.761433 1.513553 -4.011461
v 0.761433 1.513553 -4.011461
vn 0.8434 0.0429 0.5356
vn -0.8434 -0.0429 -0.5356
vn -0.0000 0.9968 -0.0799
vn -0.0000 -0.9968 0.0799
vn -0.5373 0.0674 0.8407
vn 0.5373 -0.0674 -0.8407
vt 0.441437 0.558637
vt 0.441437 0.578094
vt 0.455023 0.558637
vt 0.455023 0.578094
vt 0.460976 0.558637
vt 0.460976 0.578094
vt 0.474562 0.558637
vt 0.474562 0.578094
vt 0.460900 0.558572
vt 0.460900 0.544952
vt 0.455099 0.558572
vt 0.455099 0.544952
vt 0.466776 0.544952
vt 0.466776 0.558572
vt 0.460976 0.544952
vt 0.460976 0.558572
vt 0.474638 0.558637
vt 0.474638 0.578094
vt 0.480438 0.558637
vt 0.480438 0.578094
vt 0.455099 0.558637
vt 0.455099 0.578094
vt 0.460900 0.558637
vt 0.460900 0.578094
s 0
usemtl material_0
f 1407/1343/349 1395/1344/349 1413/1345/349
f 1395/1344/349 1398/1346/349 1413/1345/349
f 1401/1347/350 1416/1348/350 1404/1349/350
f 1416/1348/350 1410/1350/350 1404/1349/350
f 1400/1351/351 1403/1352/351 1412/1353/351
f 1403/1352/351 1406/1354/351 1412/1353/351
f 1409/1355/352 1415/1356/352 1394/1357/352
f 1415/1356/352 1397/1358/352 1394/1357/352
f 1402/1359/353 1408/1360/353 1405/1361/353
f 1408/1360/353 1393/1362/353 1405/1361/353
f 1411/1363/354 1396/1364/354 1399/1365/354
f 1396/1364/354 1414/1366/354 1399/1365/354
o _gltfNode_182
v 0.927827 1.524196 -3.878701
v 0.927827 1.524196 -3.878701
v 0.927827 1.524196 -3.878701
v 0.997352 1.460692 -4.670842
v 0.997352 1.460692 -4.670842
v 0.997352 1.460692 -4.670842
v 0.778190 2.106688 -4.741865
v 0.778190 2.106688 -4.741865
v 0.778190 2.106688 -4.741865
v 0.708664 2.170191 -3.949724
v 0.708664 2.170191 -3.949724
v 0.708664 2.170191 -3.949724
v 0.927827 2.171724 -3.930611
v 0.927827 2.171724 -3.930611
v 0.927827 2.171724 -3.930611
v 0.708664 1.522664 -3.897814
v 0.708664 1.522664 -3.897814
v 0.708664 1.522664 -3.897814
v 0.997352 2.108220 -4.722752
v 0.997352 2.108220 -4.722752
v 0.997352 2.108220 -4.722752
v 0.778190 1.459160 -4.689955
v 0.778190 1.459160 -4.689955
v 0.778190 1.459160 -4.689955
vn 0.9962 0.0070 0.0869
vn -0.9962 -0.0070 -0.0869
vn -0.0000 0.9968 -0.0799
vn -0.0000 -0.9968 0.0799
vn -0.0872 0.0796 0.9930
vn 0.0872 -0.0796 -0.9930
vt 0.796906 0.156270
vt 0.796906 0.175751
vt 0.820273 0.156270
vt 0.820273 0.175751
vt 0.826230 0.156270
vt 0.826230 0.175751
vt 0.849597 0.156270
vt 0.849597 0.175751
vt 0.826115 0.156186
vt 0.826115 0.132843
vt 0.820388 0.156186
vt 0.820388 0.132843
vt 0.831957 0.132843
vt 0.831957 0.156186
vt 0.826230 0.132843
vt 0.826230 0.156186
vt 0.855438 0.156270
vt 0.855438 0.175751
vt 0.820388 0.156270
vt 0.820388 0.175751
vt 0.826115 0.156270
vt 0.826115 0.175751
s 0
usemtl material_0
f 1431/1367/355 1419/1368/355 1437/1369/355
f 1419/1368/355 1422/1370/355 1437/1369/355
f 1425/1371/356 1440/1372/356 1428/1373/356
f 1440/1372/356 1434/1374/356 1428/1373/356
f 1424/1375/357 1427/1376/357 1436/1377/357
f 1427/1376/357 1430/1378/357 1436/1377/357
f 1433/1379/358 1439/1380/358 1418/1381/358
f 1439/1380/358 1421/1382/358 1418/1381/358
f 1426/1373/359 1432/1374/359 1429/1383/359
f 1432/1374/359 1417/1384/359 1429/1383/359
f 1435/1385/360 1420/1386/360 1423/1387/360
f 1420/1386/360 1438/1388/360 1423/1387/360
o _gltfNode_184
v 0.990963 1.464398 -4.624613
v 0.990963 1.464398 -4.624613
v 0.990963 1.464398 -4.624613
v 0.757618 1.445752 -4.857212
v 0.757618 1.445752 -4.857212
v 0.757618 1.445752 -4.857212
v 0.602054 2.105710 -4.754056
v 0.602054 2.105710 -4.754056
v 0.602054 2.105710 -4.754056
v 0.835400 2.124357 -4.521457
v 0.835400 2.124357 -4.521457
v 0.835400 2.124357 -4.521457
v 0.990963 2.111926 -4.676523
v 0.990963 2.111926 -4.676523
v 0.990963 2.111926 -4.676523
v 0.835400 1.476830 -4.469547
v 0.835400 1.476830 -4.469547
v 0.835400 1.476830 -4.469547
v 0.757618 2.093279 -4.909122
v 0.757618 2.093279 -4.909122
v 0.757618 2.093279 -4.909122
v 0.602054 1.458183 -4.702146
v 0.602054 1.458183 -4.702146
v 0.602054 1.458183 -4.702146
vn 0.7071 -0.0565 -0.7048
vn -0.7071 0.0565 0.7048
vn -0.0000 0.9968 -0.0799
vn -0.0000 -0.9968 0.0799
vn 0.7071 0.0565 0.7048
vn -0.7071 -0.0565 -0.7048
vt 0.214874 0.455126
vt 0.214874 0.474579
vt 0.224579 0.455126
vt 0.224579 0.474579
vt 0.230499 0.455126
vt 0.230499 0.474579
vt 0.240204 0.455126
vt 0.240204 0.474579
vt 0.230438 0.455069
vt 0.230438 0.445343
vt 0.224640 0.455069
vt 0.224640 0.445343
vt 0.236297 0.445343
vt 0.236297 0.455069
vt 0.230499 0.445343
vt 0.230499 0.455069
vt 0.240265 0.455126
vt 0.240265 0.474579
vt 0.246063 0.455126
vt 0.246063 0.474579
vt 0.224640 0.455126
vt 0.224640 0.474579
vt 0.230438 0.455126
vt 0.230438 0.474579
s 0
usemtl material_0
f 1455/1389/361 1443/1390/361 1461/1391/361
f 1443/1390/361 1446/1392/361 1461/1391/361
f 1449/1393/362 1464/1394/362 1452/1395/362
f 1464/1394/362 1458/1396/362 1452/1395/362
f 1448/1397/363 1451/1398/363 1460/1399/363
f 1451/1398/363 1454/1400/363 1460/1399/363
f 1457/1401/364 1463/1402/364 1442/1403/364
f 1463/1402/364 1445/1404/364 1442/1403/364
f 1450/1405/365 1456/1406/365 1453/1407/365
f 1456/1406/365 1441/1408/365 1453/1407/365
f 1459/1409/366 1444/1410/366 1447/1411/366
f 1444/1410/366 1462/1412/366 1447/1411/366
o _gltfNode_186
v 0.762367 1.458936 -4.693019
v 0.762367 1.458936 -4.693019
v 0.762367 1.458936 -4.693019
v 0.762367 1.445751 -4.857491
v 0.762367 1.445751 -4.857491
v 0.762367 1.445751 -4.857491
v -0.887630 2.093771 -4.909441
v -0.887630 2.093771 -4.909441
v -0.887630 2.093771 -4.909441
v -0.887630 2.106956 -4.744969
v -0.887630 2.106956 -4.744969
v -0.887630 2.106956 -4.744969
v 0.762367 2.106956 -4.744969
v 0.762367 2.106956 -4.744969
v 0.762367 2.106956 -4.744969
v -0.887630 1.458936 -4.693019
v -0.887630 1.458936 -4.693019
v -0.887630 1.458936 -4.693019
v 0.762367 2.093771 -4.909441
v 0.762367 2.093771 -4.909441
v 0.762367 2.093771 -4.909441
v -0.887630 1.445751 -4.857491
v -0.887630 1.445751 -4.857491
v -0.887630 1.445751 -4.857491
vn 1.0000 -0.0000 -0.0000
vn -1.0000 -0.0000 -0.0000
vn -0.0000 0.9968 -0.0799
vn -0.0000 -0.9968 0.0799
vn -0.0000 0.0799 0.9968
vn -0.0000 -0.0799 -0.9968
vt 0.718781 0.443372
vt 0.718781 0.462860
vt 0.722632 0.443372
vt 0.722632 0.462860
vt 0.773545 0.443372
vt 0.773545 0.462860
vt 0.777396 0.443372
vt 0.777396 0.462860
vt 0.773331 0.443327
vt 0.773331 0.439484
vt 0.722632 0.443327
vt 0.722632 0.439484
vt 0.824245 0.439484
vt 0.824245 0.443327
vt 0.773545 0.439484
vt 0.773545 0.443327
vt 0.828095 0.443372
vt 0.828095 0.462860
vt 0.773331 0.443372
vt 0.773331 0.462860
s 0
usemtl material_0
f 1479/1413/367 1467/1414/367 1485/1415/367
f 1467/1414/367 1470/1416/367 1485/1415/367
f 1473/1417/368 1488/1418/368 1476/1419/368
f 1488/1418/368 1482/1420/368 1476/1419/368
f 1472/1421/369 1475/1422/369 1484/1423/369
f 1475/1422/369 1478/1424/369 1484/1423/369
f 1481/1425/370 1487/1426/370 1466/1427/370
f 1487/1426/370 1469/1428/370 1466/1427/370
f 1474/1419/371 1480/1420/371 1477/1429/371
f 1480/1420/371 1465/1430/371 1477/1429/371
f 1483/1415/372 1468/1416/372 1471/1431/372
f 1468/1416/372 1486/1432/372 1471/1431/372
o _gltfNode_188
v -0.960425 1.476828 -4.469572
v -0.960425 1.476828 -4.469572
v -0.960425 1.476828 -4.469572
v -0.727079 1.458181 -4.702171
v -0.727079 1.458181 -4.702171
v -0.727079 1.458181 -4.702171
v -0.882642 2.093277 -4.909147
v -0.882642 2.093277 -4.909147
v -0.882642 2.093277 -4.909147
v -1.115988 2.111924 -4.676548
v -1.115988 2.111924 -4.676548
v -1.115988 2.111924 -4.676548
v -0.960425 2.124355 -4.521482
v -0.960425 2.124355 -4.521482
v -0.960425 2.124355 -4.521482
v -1.115988 1.464396 -4.624637
v -1.115988 1.464396 -4.624637
v -1.115988 1.464396 -4.624637
v -0.727079 2.105708 -4.754081
v -0.727079 2.105708 -4.754081
v -0.727079 2.105708 -4.754081
v -0.882642 1.445750 -4.857236
v -0.882642 1.445750 -4.857236
v -0.882642 1.445750 -4.857236
vn 0.7071 0.0565 0.7048
vn -0.7071 -0.0565 -0.7048
vn -0.0000 0.9968 -0.0799
vn -0.0000 -0.9968 0.0799
vn -0.7071 0.0565 0.7048
vn 0.7071 -0.0565 -0.7048
vt 0.214874 0.484423
vt 0.214874 0.503876
vt 0.224579 0.484423
vt 0.224579 0.503876
vt 0.230499 0.484423
vt 0.230499 0.503876
vt 0.240204 0.484423
vt 0.240204 0.503876
vt 0.230438 0.484366
vt 0.230438 0.474640
vt 0.224640 0.484366
vt 0.224640 0.474640
vt 0.236297 0.474640
vt 0.236297 0.484366
vt 0.230499 0.474640
vt 0.230499 0.484366
vt 0.240265 0.484423
vt 0.240265 0.503876
vt 0.246063 0.484423
vt 0.246063 0.503876
vt 0.224640 0.484423
vt 0.224640 0.503876
vt 0.230438 0.484423
vt 0.230438 0.503876
s 0
usemtl material_0
f 1503/1433/373 1491/1434/373 1509/1435/373
f 1491/1434/373 1494/1436/373 1509/1435/373
f 1497/1437/374 1512/1438/374 1500/1439/374
f 1512/1438/374 1506/1440/374 1500/1439/374
f 1496/1441/375 1499/1442/375 1508/1443/375
f 1499/1442/375 1502/1444/375 1508/1443/375
f 1505/1445/376 1511/1446/376 1490/1447/376
f 1511/1446/376 1493/1448/376 1490/1447/376
f 1498/1449/377 1504/1450/377 1501/1451/377
f 1504/1450/377 1489/1452/377 1501/1451/377
f 1507/1453/378 1492/1454/378 1495/1455/378
f 1492/1454/378 1510/1456/378 1495/1455/378
o _gltfNode_190
v -0.833699 1.522664 -3.897810
v -0.833699 1.522664 -3.897810
v -0.833699 1.522664 -3.897810
v -0.903225 1.459160 -4.689952
v -0.903225 1.459160 -4.689952
v -0.903225 1.459160 -4.689952
v -1.122387 2.108220 -4.722749
v -1.122387 2.108220 -4.722749
v -1.122387 2.108220 -4.722749
v -1.052861 2.171724 -3.930608
v -1.052861 2.171724 -3.930608
v -1.052861 2.171724 -3.930608
v -0.833699 2.170192 -3.949721
v -0.833699 2.170192 -3.949721
v -0.833699 2.170192 -3.949721
v -1.052861 1.524196 -3.878698
v -1.052861 1.524196 -3.878698
v -1.052861 1.524196 -3.878698
v -0.903225 2.106688 -4.741862
v -0.903225 2.106688 -4.741862
v -0.903225 2.106688 -4.741862
v -1.122387 1.460693 -4.670839
v -1.122387 1.460693 -4.670839
v -1.122387 1.460693 -4.670839
vn 0.9962 -0.0070 -0.0869
vn -0.9962 0.0070 0.0869
vn -0.0000 0.9968 -0.0799
vn -0.0000 -0.9968 0.0799
vn 0.0872 0.0796 0.9930
vn -0.0872 -0.0796 -0.9930
vt 0.796906 0.199239
vt 0.796906 0.218720
vt 0.820273 0.199239
vt 0.820273 0.218720
vt 0.826230 0.199239
vt 0.826230 0.218720
vt 0.849597 0.199239
vt 0.849597 0.218720
vt 0.826115 0.199155
vt 0.826115 0.175812
vt 0.820388 0.199155
vt 0.820388 0.175812
vt 0.831957 0.175812
vt 0.831957 0.199155
vt 0.826230 0.175812
vt 0.826230 0.199155
vt 0.855438 0.199239
vt 0.855438 0.218720
vt 0.820388 0.199239
vt 0.820388 0.218720
vt 0.826115 0.199239
vt 0.826115 0.218720
s 0
usemtl material_0
f 1527/1457/379 1515/1458/379 1533/1459/379
f 1515/1458/379 1518/1460/379 1533/1459/379
f 1521/1461/380 1536/1462/380 1524/1463/380
f 1536/1462/380 1530/1464/380 1524/1463/380
f 1520/1465/381 1523/1466/381 1532/1467/381
f 1523/1466/381 1526/1468/381 1532/1467/381
f 1529/1469/382 1535/1470/382 1514/1471/382
f 1535/1470/382 1517/1472/382 1514/1471/382
f 1522/1463/383 1528/1464/383 1525/1473/383
f 1528/1464/383 1513/1474/383 1525/1473/383
f 1531/1475/384 1516/1476/384 1519/1477/384
f 1516/1476/384 1534/1478/384 1519/1477/384
o _gltfNode_192
v -0.619800 1.547003 -3.594206
v -0.619800 1.547003 -3.594206
v -0.619800 1.547003 -3.594206
v -0.886462 1.513554 -4.011442
v -0.886462 1.513554 -4.011442
v -0.886462 1.513554 -4.011442
v -1.072008 2.170528 -3.945525
v -1.072008 2.170528 -3.945525
v -1.072008 2.170528 -3.945525
v -0.805346 2.203977 -3.528288
v -0.805346 2.203977 -3.528288
v -0.805346 2.203977 -3.528288
v -0.619800 2.194531 -3.646116
v -0.619800 2.194531 -3.646116
v -0.619800 2.194531 -3.646116
v -0.805346 1.556449 -3.476378
v -0.805346 1.556449 -3.476378
v -0.805346 1.556449 -3.476378
v -0.886462 2.161082 -4.063353
v -0.886462 2.161082 -4.063353
v -0.886462 2.161082 -4.063353
v -1.072008 1.523000 -3.893614
v -1.072008 1.523000 -3.893614
v -1.072008 1.523000 -3.893614
vn 0.8434 -0.0429 -0.5356
vn -0.8434 0.0429 0.5356
vn -0.0000 0.9968 -0.0799
vn -0.0000 -0.9968 0.0799
vn 0.5373 0.0674 0.8407
vn -0.5373 -0.0674 -0.8407
vt 0.324249 0.664106
vt 0.324249 0.683563
vt 0.337835 0.664106
vt 0.337835 0.683563
vt 0.343788 0.664106
vt 0.343788 0.683563
vt 0.357374 0.664106
vt 0.357374 0.683563
vt 0.343712 0.664041
vt 0.343712 0.650421
vt 0.337911 0.664041
vt 0.337911 0.650421
vt 0.349589 0.650421
vt 0.349589 0.664041
vt 0.343788 0.650421
vt 0.343788 0.664041
vt 0.357450 0.664106
vt 0.357450 0.683563
vt 0.363250 0.664106
vt 0.363250 0.683563
vt 0.337911 0.664106
vt 0.337911 0.683563
vt 0.343712 0.664106
vt 0.343712 0.683563
s 0
usemtl material_0
f 1551/1479/385 1539/1480/385 1557/1481/385
f 1539/1480/385 1542/1482/385 1557/1481/385
f 1545/1483/386 1560/1484/386 1548/1485/386
f 1560/1484/386 1554/1486/386 1548/1485/386
f 1544/1487/387 1547/1488/387 1556/1489/387
f 1547/1488/387 1550/1490/387 1556/1489/387
f 1553/1491/388 1559/1492/388 1538/1493/388
f 1559/1492/388 1541/1494/388 1538/1493/388
f 1546/1495/389 1552/1496/389 1549/1497/389
f 1552/1496/389 1537/1498/389 1549/1497/389
f 1555/1499/390 1540/1500/390 1543/1501/390
f 1540/1500/390 1558/1502/390 1543/1501/390
o _gltfNode_195
v 1.288077 0.540976 -3.100671
v 1.288077 0.540976 -3.100671
v 1.288077 0.540976 -3.100671
v 1.772916 0.480160 -3.859282
v 1.772916 0.480160 -3.859282
v 1.772916 0.480160 -3.859282
v 1.435559 0.961387 -4.113470
v 1.435559 0.961387 -4.113470
v 1.435559 0.961387 -4.113470
v 0.950720 1.022203 -3.354859
v 0.950720 1.022203 -3.354859
v 0.950720 1.022203 -3.354859
v 1.288077 1.039377 -3.140626
v 1.288077 1.039377 -3.140626
v 1.288077 1.039377 -3.140626
v 0.950720 0.523801 -3.314904
v 0.950720 0.523801 -3.314904
v 0.950720 0.523801 -3.314904
v 1.772916 0.978562 -3.899237
v 1.772916 0.978562 -3.899237
v 1.772916 0.978562 -3.899237
v 1.435559 0.462986 -4.073514
v 1.435559 0.462986 -4.073514
v 1.435559 0.462986 -4.073514
vn 0.8434 0.0429 0.5356
vn -0.8434 -0.0429 -0.5356
vn -0.0000 0.9968 -0.0799
vn -0.0000 -0.9968 0.0799
vn -0.5373 0.0674 0.8407
vn 0.5373 -0.0674 -0.8407
vt 0.617218 0.726623
vt 0.617218 0.742157
vt 0.644563 0.726623
vt 0.644563 0.742157
vt 0.656326 0.726623
vt 0.656326 0.742157
vt 0.683519 0.726623
vt 0.683519 0.742157
vt 0.656174 0.726539
vt 0.656174 0.699249
vt 0.644563 0.726539
vt 0.644563 0.699249
vt 0.667937 0.699249
vt 0.667937 0.726539
vt 0.656326 0.699249
vt 0.656326 0.726539
vt 0.683672 0.726623
vt 0.683672 0.742157
vt 0.695282 0.726623
vt 0.695282 0.742157
vt 0.656174 0.726623
vt 0.656174 0.742157
s 0
usemtl material_0
f 1575/1503/391 1563/1504/391 1581/1505/391
f 1563/1504/391 1566/1506/391 1581/1505/391
f 1569/1507/392 1584/1508/392 1572/1509/392
f 1584/1508/392 1578/1510/392 1572/1509/392
f 1568/1511/393 1571/1512/393 1580/1513/393
f 1571/1512/393 1574/1514/393 1580/1513/393
f 1577/1515/394 1583/1516/394 1562/1517/394
f 1583/1516/394 1565/1518/394 1562/1517/394
f 1570/1519/395 1576/1520/395 1573/1521/395
f 1576/1520/395 1561/1522/395 1573/1521/395
f 1579/1505/396 1564/1506/396 1567/1523/396
f 1564/1506/396 1582/1524/396 1567/1523/396
o _gltfNode_197
v -1.075773 0.523804 -3.314870
v -1.075773 0.523804 -3.314870
v -1.075773 0.523804 -3.314870
v -1.560612 0.462989 -4.073481
v -1.560612 0.462989 -4.073481
v -1.560612 0.462989 -4.073481
v -1.897969 0.978564 -3.899203
v -1.897969 0.978564 -3.899203
v -1.897969 0.978564 -3.899203
v -1.413130 1.039380 -3.140593
v -1.413130 1.039380 -3.140593
v -1.413130 1.039380 -3.140593
v -1.075773 1.022205 -3.354826
v -1.075773 1.022205 -3.354826
v -1.075773 1.022205 -3.354826
v -1.413130 0.540979 -3.100637
v -1.413130 0.540979 -3.100637
v -1.413130 0.540979 -3.100637
v -1.560612 0.961390 -4.113436
v -1.560612 0.961390 -4.113436
v -1.560612 0.961390 -4.113436
v -1.897969 0.480163 -3.859248
v -1.897969 0.480163 -3.859248
v -1.897969 0.480163 -3.859248
vn 0.8434 -0.0429 -0.5356
vn -0.8434 0.0429 0.5356
vn -0.0000 0.9968 -0.0799
vn -0.0000 -0.9968 0.0799
vn 0.5373 0.0674 0.8407
vn -0.5373 -0.0674 -0.8407
vt 0.753937 0.347717
vt 0.753937 0.363251
vt 0.781282 0.347717
vt 0.781282 0.363251
vt 0.793045 0.347717
vt 0.793045 0.363251
vt 0.820238 0.347717
vt 0.820238 0.363251
vt 0.792893 0.347633
vt 0.792893 0.320343
vt 0.781282 0.347633
vt 0.781282 0.320343
vt 0.804656 0.320343
vt 0.804656 0.347633
vt 0.793045 0.320343
vt 0.793045 0.347633
vt 0.820391 0.347717
vt 0.820391 0.363251
vt 0.832001 0.347717
vt 0.832001 0.363251
vt 0.792893 0.347717
vt 0.792893 0.363251
s 0
usemtl material_0
f 1599/1525/397 1587/1526/397 1605/1527/397
f 1587/1526/397 1590/1528/397 1605/1527/397
f 1593/1529/398 1608/1530/398 1596/1531/398
f 1608/1530/398 1602/1532/398 1596/1531/398
f 1592/1533/399 1595/1534/399 1604/1535/399
f 1595/1534/399 1598/1536/399 1604/1535/399
f 1601/1537/400 1607/1538/400 1586/1539/400
f 1607/1538/400 1589/1540/400 1586/1539/400
f 1594/1541/401 1600/1542/401 1597/1543/401
f 1600/1542/401 1585/1544/401 1597/1543/401
f 1603/1527/402 1588/1528/402 1591/1545/402
f 1588/1528/402 1606/1546/402 1591/1545/402
o _gltfNode_199
v 1.738096 0.482336 -3.832138
v 1.738096 0.482336 -3.832138
v 1.738096 0.482336 -3.832138
v 1.864506 0.366875 -5.272392
v 1.864506 0.366875 -5.272392
v 1.864506 0.366875 -5.272392
v 1.466028 0.862491 -5.347098
v 1.466028 0.862491 -5.347098
v 1.466028 0.862491 -5.347098
v 1.339617 0.977952 -3.906844
v 1.339617 0.977952 -3.906844
v 1.339617 0.977952 -3.906844
v 1.738096 0.980738 -3.872093
v 1.738096 0.980738 -3.872093
v 1.738096 0.980738 -3.872093
v 1.339617 0.479550 -3.866889
v 1.339617 0.479550 -3.866889
v 1.339617 0.479550 -3.866889
v 1.864506 0.865277 -5.312347
v 1.864506 0.865277 -5.312347
v 1.864506 0.865277 -5.312347
v 1.466028 0.364089 -5.307143
v 1.466028 0.364089 -5.307143
v 1.466028 0.364089 -5.307143
vn 0.9962 0.0070 0.0869
vn -0.9962 -0.0070 -0.0869
vn -0.0000 0.9968 -0.0799
vn -0.0000 -0.9968 0.0799
vn -0.0872 0.0796 0.9930
vn 0.0872 -0.0796 -0.9930
vt 0.617218 0.787132
vt 0.617218 0.802704
vt 0.662075 0.787132
vt 0.662075 0.802704
vt 0.673856 0.787132
vt 0.673856 0.802704
vt 0.718712 0.787132
vt 0.718712 0.802704
vt 0.673800 0.787073
vt 0.673800 0.742218
vt 0.662130 0.787073
vt 0.662130 0.742218
vt 0.685526 0.742218
vt 0.685526 0.787073
vt 0.673856 0.742218
vt 0.673856 0.787073
vt 0.718768 0.787132
vt 0.718768 0.802704
vt 0.730438 0.787132
vt 0.730438 0.802704
vt 0.662130 0.787132
vt 0.662130 0.802704
vt 0.673800 0.787132
vt 0.673800 0.802704
s 0
usemtl material_0
f 1623/1547/403 1611/1548/403 1629/1549/403
f 1611/1548/403 1614/1550/403 1629/1549/403
f 1617/1551/404 1632/1552/404 1620/1553/404
f 1632/1552/404 1626/1554/404 1620/1553/404
f 1616/1555/405 1619/1556/405 1628/1557/405
f 1619/1556/405 1622/1558/405 1628/1557/405
f 1625/1559/406 1631/1560/406 1610/1561/406
f 1631/1560/406 1613/1562/406 1610/1561/406
f 1618/1563/407 1624/1564/407 1621/1565/407
f 1624/1564/407 1609/1566/407 1621/1565/407
f 1627/1567/408 1612/1568/408 1615/1569/408
f 1612/1568/408 1630/1570/408 1615/1569/408
o _gltfNode_201
v -1.464680 0.479551 -3.866883
v -1.464680 0.479551 -3.866883
v -1.464680 0.479551 -3.866883
v -1.591090 0.364090 -5.307137
v -1.591090 0.364090 -5.307137
v -1.591090 0.364090 -5.307137
v -1.989569 0.865277 -5.312342
v -1.989569 0.865277 -5.312342
v -1.989569 0.865277 -5.312342
v -1.863159 0.980738 -3.872088
v -1.863159 0.980738 -3.872088
v -1.863159 0.980738 -3.872088
v -1.464680 0.977952 -3.906838
v -1.464680 0.977952 -3.906838
v -1.464680 0.977952 -3.906838
v -1.863159 0.482337 -3.832132
v -1.863159 0.482337 -3.832132
v -1.863159 0.482337 -3.832132
v -1.591090 0.862491 -5.347093
v -1.591090 0.862491 -5.347093
v -1.591090 0.862491 -5.347093
v -1.989569 0.366876 -5.272387
v -1.989569 0.366876 -5.272387
v -1.989569 0.366876 -5.272387
vn 0.9962 -0.0070 -0.0869
vn -0.9962 0.0070 0.0869
vn -0.0000 0.9968 -0.0799
vn -0.0000 -0.9968 0.0799
vn 0.0872 0.0796 0.9930
vn -0.0872 -0.0796 -0.9930
vt 0.730499 0.787132
vt 0.730499 0.802704
vt 0.775356 0.787132
vt 0.775356 0.802704
vt 0.787137 0.787132
vt 0.787137 0.802704
vt 0.831993 0.787132
vt 0.831993 0.802704
vt 0.787081 0.787073
vt 0.787081 0.742218
vt 0.775411 0.787073
vt 0.775411 0.742218
vt 0.798807 0.742218
vt 0.798807 0.787073
vt 0.787137 0.742218
vt 0.787137 0.787073
vt 0.832049 0.787132
vt 0.832049 0.802704
vt 0.843719 0.787132
vt 0.843719 0.802704
vt 0.775411 0.787132
vt 0.775411 0.802704
vt 0.787081 0.787132
vt 0.787081 0.802704
s 0
usemtl material_0
f 1647/1571/409 1635/1572/409 1653/1573/409
f 1635/1572/409 1638/1574/409 1653/1573/409
f 1641/1575/410 1656/1576/410 1644/1577/410
f 1656/1576/410 1650/1578/410 1644/1577/410
f 1640/1579/411 1643/1580/411 1652/1581/411
f 1643/1580/411 1646/1582/411 1652/1581/411
f 1649/1583/412 1655/1584/412 1634/1585/412
f 1655/1584/412 1637/1586/412 1634/1585/412
f 1642/1587/413 1648/1588/413 1645/1589/413
f 1648/1588/413 1633/1590/413 1645/1589/413
f 1651/1591/414 1636/1592/414 1639/1593/414
f 1636/1592/414 1654/1594/414 1639/1593/414
o _gltfNode_203
v 1.852888 0.249013 -5.178354
v 1.852888 0.249013 -5.178354
v 1.852888 0.249013 -5.178354
v 1.428624 0.215110 -5.601261
v 1.428624 0.215110 -5.601261
v 1.428624 0.215110 -5.601261
v 1.145781 0.736113 -5.359278
v 1.145781 0.736113 -5.359278
v 1.145781 0.736113 -5.359278
v 1.570045 0.770016 -4.936370
v 1.570045 0.770016 -4.936370
v 1.570045 0.770016 -4.936370
v 1.852888 0.747414 -5.218309
v 1.852888 0.747414 -5.218309
v 1.852888 0.747414 -5.218309
v 1.570045 0.271615 -4.896415
v 1.570045 0.271615 -4.896415
v 1.570045 0.271615 -4.896415
v 1.428624 0.713511 -5.641216
v 1.428624 0.713511 -5.641216
v 1.428624 0.713511 -5.641216
v 1.145781 0.237712 -5.319322
v 1.145781 0.237712 -5.319322
v 1.145781 0.237712 -5.319322
vn 0.7071 -0.0565 -0.7048
vn -0.7071 0.0565 0.7048
vn -0.0000 0.9968 -0.0799
vn -0.0000 -0.9968 0.0799
vn 0.7071 0.0565 0.7048
vn -0.7071 -0.0565 -0.7048
vt 0.488312 0.820341
vt 0.488312 0.835907
vt 0.505837 0.820341
vt 0.505837 0.835907
vt 0.517636 0.820341
vt 0.517636 0.835907
vt 0.535161 0.820341
vt 0.535161 0.835907
vt 0.517521 0.820276
vt 0.517521 0.802765
vt 0.505837 0.820276
vt 0.505837 0.802765
vt 0.529319 0.802765
vt 0.529319 0.820276
vt 0.517636 0.802765
vt 0.517636 0.820276
vt 0.546844 0.820341
vt 0.546844 0.835907
vt 0.517521 0.820341
vt 0.517521 0.835907
s 0
usemtl material_0
f 1671/1595/415 1659/1596/415 1677/1597/415
f 1659/1596/415 1662/1598/415 1677/1597/415
f 1665/1599/416 1680/1600/416 1668/1601/416
f 1680/1600/416 1674/1602/416 1668/1601/416
f 1664/1603/417 1667/1604/417 1676/1605/417
f 1667/1604/417 1670/1606/417 1676/1605/417
f 1673/1607/418 1679/1608/418 1658/1609/418
f 1679/1608/418 1661/1610/418 1658/1609/418
f 1666/1601/419 1672/1602/419 1669/1611/419
f 1672/1602/419 1657/1612/419 1669/1611/419
f 1675/1597/420 1660/1598/420 1663/1613/420
f 1660/1598/420 1678/1614/420 1663/1613/420
o _gltfNode_205
v 1.437494 0.239084 -5.302700
v 1.437494 0.239084 -5.302700
v 1.437494 0.239084 -5.302700
v 1.437494 0.215111 -5.601740
v 1.437494 0.215111 -5.601740
v 1.437494 0.215111 -5.601740
v -1.562500 0.713512 -5.641695
v -1.562500 0.713512 -5.641695
v -1.562500 0.713512 -5.641695
v -1.562500 0.737486 -5.342655
v -1.562500 0.737486 -5.342655
v -1.562500 0.737486 -5.342655
v 1.437494 0.737486 -5.342655
v 1.437494 0.737486 -5.342655
v 1.437494 0.737486 -5.342655
v -1.562500 0.239084 -5.302700
v -1.562500 0.239084 -5.302700
v -1.562500 0.239084 -5.302700
v 1.437494 0.713512 -5.641695
v 1.437494 0.713512 -5.641695
v 1.437494 0.713512 -5.641695
v -1.562500 0.215111 -5.601740
v -1.562500 0.215111 -5.601740
v -1.562500 0.215111 -5.601740
vn 1.0000 -0.0000 -0.0000
vn -1.0000 -0.0000 -0.0000
vn -0.0000 0.9968 -0.0799
vn -0.0000 -0.9968 0.0799
vn -0.0000 0.0799 0.9968
vn -0.0000 -0.0799 -0.9968
vt 0.324249 0.248076
vt 0.324249 0.263642
vt 0.331987 0.248076
vt 0.331987 0.263642
vt 0.425831 0.248076
vt 0.425831 0.263642
vt 0.433568 0.248076
vt 0.433568 0.263642
vt 0.425731 0.248019
vt 0.425731 0.240265
vt 0.332086 0.248019
vt 0.332086 0.240265
vt 0.519476 0.240265
vt 0.519476 0.248019
vt 0.425831 0.240265
vt 0.425831 0.248019
vt 0.433667 0.248076
vt 0.433667 0.263642
vt 0.527313 0.248076
vt 0.527313 0.263642
vt 0.332086 0.248076
vt 0.332086 0.263642
vt 0.425731 0.248076
vt 0.425731 0.263642
s 0
usemtl material_0
f 1695/1615/421 1683/1616/421 1701/1617/421
f 1683/1616/421 1686/1618/421 1701/1617/421
f 1689/1619/422 1704/1620/422 1692/1621/422
f 1704/1620/422 1698/1622/422 1692/1621/422
f 1688/1623/423 1691/1624/423 1700/1625/423
f 1691/1624/423 1694/1626/423 1700/1625/423
f 1697/1627/424 1703/1628/424 1682/1629/424
f 1703/1628/424 1685/1630/424 1682/1629/424
f 1690/1631/425 1696/1632/425 1693/1633/425
f 1696/1632/425 1681/1634/425 1693/1633/425
f 1699/1635/426 1684/1636/426 1687/1637/426
f 1684/1636/426 1702/1638/426 1687/1637/426
o _gltfNode_207
v 1.437494 0.456211 -3.376391
v 1.437494 0.456211 -3.376391
v 1.437494 0.456211 -3.376391
v 1.437494 0.301384 -5.307694
v 1.437494 0.301384 -5.307694
v 1.437494 0.301384 -5.307694
v -1.562500 0.550584 -5.327672
v -1.562500 0.550584 -5.327672
v -1.562500 0.550584 -5.327672
v -1.562500 0.705411 -3.396368
v -1.562500 0.705411 -3.396368
v -1.562500 0.705411 -3.396368
v 1.437494 0.705411 -3.396368
v 1.437494 0.705411 -3.396368
v 1.437494 0.705411 -3.396368
v -1.562500 0.456211 -3.376391
v -1.562500 0.456211 -3.376391
v -1.562500 0.456211 -3.376391
v 1.437494 0.550584 -5.327672
v 1.437494 0.550584 -5.327672
v 1.437494 0.550584 -5.327672
v -1.562500 0.301384 -5.307694
v -1.562500 0.301384 -5.307694
v -1.562500 0.301384 -5.307694
vn 1.0000 -0.0000 -0.0000
vn -1.0000 -0.0000 -0.0000
vn -0.0000 0.9968 -0.0799
vn -0.0000 -0.9968 0.0799
vn -0.0000 0.0799 0.9968
vn -0.0000 -0.0799 -0.9968
vt 0.324249 0.232464
vt 0.324249 0.240204
vt 0.384689 0.232464
vt 0.384689 0.240204
vt 0.478590 0.232464
vt 0.478590 0.240204
vt 0.539031 0.232464
vt 0.539031 0.240204
vt 0.478440 0.232397
vt 0.478440 0.171906
vt 0.384840 0.232397
vt 0.384840 0.171906
vt 0.572190 0.171906
vt 0.572190 0.232397
vt 0.478590 0.171906
vt 0.478590 0.232397
vt 0.632781 0.232464
vt 0.632781 0.240204
vt 0.384840 0.232464
vt 0.384840 0.240204
vt 0.478440 0.232464
vt 0.478440 0.240204
s 0
usemtl material_0
f 1719/1639/427 1707/1640/427 1725/1641/427
f 1707/1640/427 1710/1642/427 1725/1641/427
f 1713/1643/428 1728/1644/428 1716/1645/428
f 1728/1644/428 1722/1646/428 1716/1645/428
f 1712/1647/429 1715/1648/429 1724/1649/429
f 1715/1648/429 1718/1650/429 1724/1649/429
f 1721/1651/430 1727/1652/430 1706/1653/430
f 1727/1652/430 1709/1654/430 1706/1653/430
f 1714/1645/431 1720/1646/431 1717/1655/431
f 1720/1646/431 1705/1656/431 1717/1655/431
f 1723/1657/432 1708/1658/432 1711/1659/432
f 1708/1658/432 1726/1660/432 1711/1659/432
o _gltfNode_209
v -1.695090 0.271612 -4.896460
v -1.695090 0.271612 -4.896460
v -1.695090 0.271612 -4.896460
v -1.270825 0.237708 -5.319367
v -1.270825 0.237708 -5.319367
v -1.270825 0.237708 -5.319367
v -1.553668 0.713508 -5.641261
v -1.553668 0.713508 -5.641261
v -1.553668 0.713508 -5.641261
v -1.977933 0.747411 -5.218353
v -1.977933 0.747411 -5.218353
v -1.977933 0.747411 -5.218353
v -1.695090 0.770013 -4.936415
v -1.695090 0.770013 -4.936415
v -1.695090 0.770013 -4.936415
v -1.977933 0.249009 -5.178398
v -1.977933 0.249009 -5.178398
v -1.977933 0.249009 -5.178398
v -1.270825 0.736110 -5.359322
v -1.270825 0.736110 -5.359322
v -1.270825 0.736110 -5.359322
v -1.553668 0.215106 -5.601305
v -1.553668 0.215106 -5.601305
v -1.553668 0.215106 -5.601305
vn 0.7071 0.0565 0.7048
vn -0.7071 -0.0565 -0.7048
vn -0.0000 0.9968 -0.0799
vn -0.0000 -0.9968 0.0799
vn -0.7071 0.0565 0.7048
vn 0.7071 -0.0565 -0.7048
vt 0.546906 0.820341
vt 0.546906 0.835907
vt 0.564431 0.820341
vt 0.564431 0.835907
vt 0.576230 0.820341
vt 0.576230 0.835907
vt 0.593755 0.820341
vt 0.593755 0.835907
vt 0.576115 0.820276
vt 0.576115 0.802765
vt 0.564431 0.820276
vt 0.564431 0.802765
vt 0.587913 0.802765
vt 0.587913 0.820276
vt 0.576230 0.802765
vt 0.576230 0.820276
vt 0.605438 0.820341
vt 0.605438 0.835907
vt 0.576115 0.820341
vt 0.576115 0.835907
s 0
usemtl material_0
f 1743/1661/433 1731/1662/433 1749/1663/433
f 1731/1662/433 1734/1664/433 1749/1663/433
f 1737/1665/434 1752/1666/434 1740/1667/434
f 1752/1666/434 1746/1668/434 1740/1667/434
f 1736/1669/435 1739/1670/435 1748/1671/435
f 1739/1670/435 1742/1672/435 1748/1671/435
f 1745/1673/436 1751/1674/436 1730/1675/436
f 1751/1674/436 1733/1676/436 1730/1675/436
f 1738/1667/437 1744/1668/437 1741/1677/437
f 1744/1668/437 1729/1678/437 1741/1677/437
f 1747/1663/438 1732/1664/438 1735/1679/438
f 1732/1664/438 1750/1680/438 1735/1679/438
o _gltfNode_211
v 1.337500 0.808666 -2.890501
v 1.337500 0.808666 -2.890501
v 1.337500 0.808666 -2.890501
v 1.337500 0.732751 -3.837463
v 1.337500 0.732751 -3.837463
v 1.337500 0.732751 -3.837463
v 0.937500 2.875871 -4.009271
v 0.937500 2.875871 -4.009271
v 0.937500 2.875871 -4.009271
v 0.937500 2.951786 -3.062309
v 0.937500 2.951786 -3.062309
v 0.937500 2.951786 -3.062309
v 1.337500 2.951786 -3.062309
v 1.337500 2.951786 -3.062309
v 1.337500 2.951786 -3.062309
v 0.937500 0.808666 -2.890501
v 0.937500 0.808666 -2.890501
v 0.937500 0.808666 -2.890501
v 1.337500 2.875871 -4.009271
v 1.337500 2.875871 -4.009271
v 1.337500 2.875871 -4.009271
v 0.937500 0.732751 -3.837463
v 0.937500 0.732751 -3.837463
v 0.937500 0.732751 -3.837463
vn 1.0000 -0.0000 -0.0000
vn -1.0000 -0.0000 -0.0000
vn -0.0000 0.9968 -0.0799
vn -0.0000 -0.9968 0.0799
vn -0.0000 0.0799 0.9968
vn -0.0000 -0.0799 -0.9968
vt 0.722687 0.253935
vt 0.722687 0.320282
vt 0.751919 0.253935
vt 0.751919 0.320282
vt 0.763692 0.253935
vt 0.763692 0.320282
vt 0.792924 0.253935
vt 0.792924 0.320282
vt 0.763652 0.253889
vt 0.763652 0.224640
vt 0.751999 0.253889
vt 0.751999 0.224640
vt 0.775345 0.224640
vt 0.775345 0.253889
vt 0.763692 0.224640
vt 0.763692 0.253889
vt 0.793004 0.253935
vt 0.793004 0.320282
vt 0.804657 0.253935
vt 0.804657 0.320282
vt 0.751999 0.253935
vt 0.751999 0.320282
vt 0.763652 0.253935
vt 0.763652 0.320282
s 0
usemtl material_0
f 1767/1681/439 1755/1682/439 1773/1683/439
f 1755/1682/439 1758/1684/439 1773/1683/439
f 1761/1685/440 1776/1686/440 1764/1687/440
f 1776/1686/440 1770/1688/440 1764/1687/440
f 1760/1689/441 1763/1690/441 1772/1691/441
f 1763/1690/441 1766/1692/441 1772/1691/441
f 1769/1693/442 1775/1694/442 1754/1695/442
f 1775/1694/442 1757/1696/442 1754/1695/442
f 1762/1697/443 1768/1698/443 1765/1699/443
f 1768/1698/443 1753/1700/443 1765/1699/443
f 1771/1701/444 1756/1702/444 1759/1703/444
f 1756/1702/444 1774/1704/444 1759/1703/444
o _gltfNode_213
v 0.937496 0.569086 -2.918243
v 0.937496 0.569086 -2.918243
v 0.937496 0.569086 -2.918243
v 0.937496 0.531318 -3.063410
v 0.937496 0.531318 -3.063410
v 0.937496 0.531318 -3.063410
v -1.062500 2.321711 -3.529220
v -1.062500 2.321711 -3.529220
v -1.062500 2.321711 -3.529220
v -1.062500 2.359479 -3.384053
v -1.062500 2.359479 -3.384053
v -1.062500 2.359479 -3.384053
v 0.937496 2.359479 -3.384053
v 0.937496 2.359479 -3.384053
v 0.937496 2.359479 -3.384053
v -1.062500 0.569086 -2.918243
v -1.062500 0.569086 -2.918243
v -1.062500 0.569086 -2.918243
v 0.937496 2.321711 -3.529220
v 0.937496 2.321711 -3.529220
v 0.937496 2.321711 -3.529220
v -1.062500 0.531318 -3.063410
v -1.062500 0.531318 -3.063410
v -1.062500 0.531318 -3.063410
vn 1.0000 -0.0000 -0.0000
vn -1.0000 -0.0000 -0.0000
vn -0.0000 0.9678 -0.2518
vn -0.0000 -0.9678 0.2518
vn -0.0000 0.2518 0.9678
vn -0.0000 -0.2518 -0.9678
vt 0.718781 0.382837
vt 0.718781 0.439423
vt 0.722607 0.382837
vt 0.722607 0.439423
vt 0.785189 0.382837
vt 0.785189 0.439423
vt 0.789015 0.382837
vt 0.789015 0.439423
vt 0.785124 0.382778
vt 0.785124 0.378937
vt 0.722672 0.382778
vt 0.722672 0.378937
vt 0.847641 0.378937
vt 0.847641 0.382778
vt 0.785189 0.378937
vt 0.785189 0.382778
vt 0.789080 0.382837
vt 0.789080 0.439423
vt 0.851532 0.382837
vt 0.851532 0.439423
vt 0.722672 0.382837
vt 0.722672 0.439423
vt 0.785124 0.382837
vt 0.785124 0.439423
s 0
usemtl material_0
f 1791/1705/445 1779/1706/445 1797/1707/445
f 1779/1706/445 1782/1708/445 1797/1707/445
f 1785/1709/446 1800/1710/446 1788/1711/446
f 1800/1710/446 1794/1712/446 1788/1711/446
f 1784/1713/447 1787/1714/447 1796/1715/447
f 1787/1714/447 1790/1716/447 1796/1715/447
f 1793/1717/448 1799/1718/448 1778/1719/448
f 1799/1718/448 1781/1720/448 1778/1719/448
f 1786/1721/449 1792/1722/449 1789/1723/449
f 1792/1722/449 1777/1724/449 1789/1723/449
f 1795/1725/450 1780/1726/450 1783/1727/450
f 1780/1726/450 1798/1728/450 1783/1727/450
o _gltfNode_215
v -1.062500 0.808666 -2.890501
v -1.062500 0.808666 -2.890501
v -1.062500 0.808666 -2.890501
v -1.062500 0.732751 -3.837463
v -1.062500 0.732751 -3.837463
v -1.062500 0.732751 -3.837463
v -1.462500 2.875871 -4.009271
v -1.462500 2.875871 -4.009271
v -1.462500 2.875871 -4.009271
v -1.462500 2.951786 -3.062309
v -1.462500 2.951786 -3.062309
v -1.462500 2.951786 -3.062309
v -1.062500 2.951786 -3.062309
v -1.062500 2.951786 -3.062309
v -1.062500 2.951786 -3.062309
v -1.462500 0.808666 -2.890501
v -1.462500 0.808666 -2.890501
v -1.462500 0.808666 -2.890501
v -1.062500 2.875871 -4.009271
v -1.062500 2.875871 -4.009271
v -1.062500 2.875871 -4.009271
v -1.462500 0.732751 -3.837463
v -1.462500 0.732751 -3.837463
v -1.462500 0.732751 -3.837463
vn 1.0000 -0.0000 -0.0000
vn -1.0000 -0.0000 -0.0000
vn -0.0000 0.9968 -0.0799
vn -0.0000 -0.9968 0.0799
vn -0.0000 0.0799 0.9968
vn -0.0000 -0.0799 -0.9968
vt 0.132843 0.765654
vt 0.132843 0.832001
vt 0.162075 0.765654
vt 0.162075 0.832001
vt 0.173848 0.765654
vt 0.173848 0.832001
vt 0.203080 0.765654
vt 0.203080 0.832001
vt 0.173808 0.765608
vt 0.173808 0.736359
vt 0.162155 0.765608
vt 0.162155 0.736359
vt 0.185501 0.736359
vt 0.185501 0.765608
vt 0.173848 0.736359
vt 0.173848 0.765608
vt 0.203160 0.765654
vt 0.203160 0.832001
vt 0.214813 0.765654
vt 0.214813 0.832001
vt 0.162155 0.765654
vt 0.162155 0.832001
vt 0.173808 0.765654
vt 0.173808 0.832001
s 0
usemtl material_0
f 1815/1729/451 1803/1730/451 1821/1731/451
f 1803/1730/451 1806/1732/451 1821/1731/451
f 1809/1733/452 1824/1734/452 1812/1735/452
f 1824/1734/452 1818/1736/452 1812/1735/452
f 1808/1737/453 1811/1738/453 1820/1739/453
f 1811/1738/453 1814/1740/453 1820/1739/453
f 1817/1741/454 1823/1742/454 1802/1743/454
f 1823/1742/454 1805/1744/454 1802/1743/454
f 1810/1745/455 1816/1746/455 1813/1747/455
f 1816/1746/455 1801/1748/455 1813/1747/455
f 1819/1749/456 1804/1750/456 1807/1751/456
f 1804/1750/456 1822/1752/456 1807/1751/456
o _gltfNode_217
v 1.250001 0.605783 -3.074883
v 1.250001 0.605783 -3.074883
v 1.250001 0.605783 -3.074883
v 1.250001 0.580811 -3.386384
v 1.250001 0.580811 -3.386384
v 1.250001 0.580811 -3.386384
v -1.375000 0.830011 -3.406362
v -1.375000 0.830011 -3.406362
v -1.375000 0.830011 -3.406362
v -1.375000 0.854983 -3.094861
v -1.375000 0.854983 -3.094861
v -1.375000 0.854983 -3.094861
v 1.250001 0.854983 -3.094861
v 1.250001 0.854983 -3.094861
v 1.250001 0.854983 -3.094861
v -1.375000 0.605783 -3.074883
v -1.375000 0.605783 -3.074883
v -1.375000 0.605783 -3.074883
v 1.250001 0.830011 -3.406362
v 1.250001 0.830011 -3.406362
v 1.250001 0.830011 -3.406362
v -1.375000 0.580811 -3.386384
v -1.375000 0.580811 -3.386384
v -1.375000 0.580811 -3.386384
vn 1.0000 -0.0000 -0.0000
vn -1.0000 -0.0000 -0.0000
vn -0.0000 0.9968 -0.0799
vn -0.0000 -0.9968 0.0799
vn -0.0000 0.0799 0.9968
vn -0.0000 -0.0799 -0.9968
vt 0.324249 0.273466
vt 0.324249 0.281219
vt 0.333932 0.273466
vt 0.333932 0.281219
vt 0.416060 0.273466
vt 0.416060 0.281219
vt 0.425743 0.273466
vt 0.425743 0.281219
vt 0.415971 0.273406
vt 0.415971 0.263702
vt 0.334022 0.273406
vt 0.334022 0.263702
vt 0.498009 0.263702
vt 0.498009 0.273406
vt 0.416060 0.263702
vt 0.416060 0.273406
vt 0.425833 0.273466
vt 0.425833 0.281219
vt 0.507782 0.273466
vt 0.507782 0.281219
vt 0.334022 0.273466
vt 0.334022 0.281219
vt 0.415971 0.273466
vt 0.415971 0.281219
s 0
usemtl material_0
f 1839/1753/457 1827/1754/457 1845/1755/457
f 1827/1754/457 1830/1756/457 1845/1755/457
f 1833/1757/458 1848/1758/458 1836/1759/458
f 1848/1758/458 1842/1760/458 1836/1759/458
f 1832/1761/459 1835/1762/459 1844/1763/459
f 1835/1762/459 1838/1764/459 1844/1763/459
f 1841/1765/460 1847/1766/460 1826/1767/460
f 1847/1766/460 1829/1768/460 1826/1767/460
f 1834/1769/461 1840/1770/461 1837/1771/461
f 1840/1770/461 1825/1772/461 1837/1771/461
f 1843/1773/462 1828/1774/462 1831/1775/462
f 1828/1774/462 1846/1776/462 1831/1775/462
o _gltfNode_219
v 0.680316 0.881530 -3.422287
v 0.680316 0.881530 -3.422287
v 0.680316 0.881530 -3.422287
v 0.946978 0.848081 -3.839523
v 0.946978 0.848081 -3.839523
v 0.946978 0.848081 -3.839523
v 0.761433 1.112755 -3.979326
v 0.761433 1.112755 -3.979326
v 0.761433 1.112755 -3.979326
v 0.494771 1.146204 -3.562090
v 0.494771 1.146204 -3.562090
v 0.494771 1.146204 -3.562090
v 0.680316 1.155650 -3.444262
v 0.680316 1.155650 -3.444262
v 0.680316 1.155650 -3.444262
v 0.494771 0.872084 -3.540114
v 0.494771 0.872084 -3.540114
v 0.494771 0.872084 -3.540114
v 0.946978 1.122201 -3.861499
v 0.946978 1.122201 -3.861499
v 0.946978 1.122201 -3.861499
v 0.761433 0.838635 -3.957351
v 0.761433 0.838635 -3.957351
v 0.761433 0.838635 -3.957351
vn 0.8434 0.0429 0.5356
vn -0.8434 -0.0429 -0.5356
vn -0.0000 0.9968 -0.0799
vn -0.0000 -0.9968 0.0799
vn -0.5373 0.0674 0.8407
vn 0.5373 -0.0674 -0.8407
vt 0.574249 0.791041
vt 0.574249 0.798797
vt 0.587835 0.791041
vt 0.587835 0.798797
vt 0.593788 0.791041
vt 0.593788 0.798797
vt 0.607374 0.791041
vt 0.607374 0.798797
vt 0.593712 0.790999
vt 0.593712 0.777374
vt 0.587911 0.790999
vt 0.587911 0.777374
vt 0.599589 0.777374
vt 0.599589 0.790999
vt 0.593788 0.777374
vt 0.593788 0.790999
vt 0.607450 0.791041
vt 0.607450 0.798797
vt 0.613250 0.791041
vt 0.613250 0.798797
vt 0.587911 0.791041
vt 0.587911 0.798797
vt 0.593712 0.791041
vt 0.593712 0.798797
s 0
usemtl material_0
f 1863/1777/463 1851/1778/463 1869/1779/463
f 1851/1778/463 1854/1780/463 1869/1779/463
f 1857/1781/464 1872/1782/464 1860/1783/464
f 1872/1782/464 1866/1784/464 1860/1783/464
f 1856/1785/465 1859/1786/465 1868/1787/465
f 1859/1786/465 1862/1788/465 1868/1787/465
f 1865/1789/466 1871/1790/466 1850/1791/466
f 1871/1790/466 1853/1792/466 1850/1791/466
f 1858/1793/467 1864/1794/467 1861/1795/467
f 1864/1794/467 1849/1796/467 1861/1795/467
f 1867/1797/468 1852/1798/468 1855/1799/468
f 1852/1798/468 1870/1800/468 1855/1799/468
o _gltfNode_221
v -0.619800 0.872085 -3.540096
v -0.619800 0.872085 -3.540096
v -0.619800 0.872085 -3.540096
v -0.886462 0.838637 -3.957332
v -0.886462 0.838637 -3.957332
v -0.886462 0.838637 -3.957332
v -1.072008 1.122203 -3.861480
v -1.072008 1.122203 -3.861480
v -1.072008 1.122203 -3.861480
v -0.805346 1.155651 -3.444243
v -0.805346 1.155651 -3.444243
v -0.805346 1.155651 -3.444243
v -0.619800 1.146205 -3.562071
v -0.619800 1.146205 -3.562071
v -0.619800 1.146205 -3.562071
v -0.805346 0.881531 -3.422268
v -0.805346 0.881531 -3.422268
v -0.805346 0.881531 -3.422268
v -0.886462 1.112756 -3.979308
v -0.886462 1.112756 -3.979308
v -0.886462 1.112756 -3.979308
v -1.072008 0.848082 -3.839504
v -1.072008 0.848082 -3.839504
v -1.072008 0.848082 -3.839504
vn 0.8434 -0.0429 -0.5356
vn -0.8434 0.0429 0.5356
vn -0.0000 0.9968 -0.0799
vn -0.0000 -0.9968 0.0799
vn 0.5373 0.0674 0.8407
vn -0.5373 -0.0674 -0.8407
vt 0.082062 0.806666
vt 0.082062 0.814422
vt 0.095647 0.806666
vt 0.095647 0.814422
vt 0.101601 0.806666
vt 0.101601 0.814422
vt 0.115186 0.806666
vt 0.115186 0.814422
vt 0.101524 0.806624
vt 0.101524 0.792999
vt 0.095724 0.806624
vt 0.095724 0.792999
vt 0.107401 0.792999
vt 0.107401 0.806624
vt 0.101601 0.792999
vt 0.101601 0.806624
vt 0.115263 0.806666
vt 0.115263 0.814422
vt 0.121063 0.806666
vt 0.121063 0.814422
vt 0.095724 0.806666
vt 0.095724 0.814422
vt 0.101524 0.806666
vt 0.101524 0.814422
s 0
usemtl material_0
f 1887/1801/469 1875/1802/469 1893/1803/469
f 1875/1802/469 1878/1804/469 1893/1803/469
f 1881/1805/470 1896/1806/470 1884/1807/470
f 1896/1806/470 1890/1808/470 1884/1807/470
f 1880/1809/471 1883/1810/471 1892/1811/471
f 1883/1810/471 1886/1812/471 1892/1811/471
f 1889/1813/472 1895/1814/472 1874/1815/472
f 1895/1814/472 1877/1816/472 1874/1815/472
f 1882/1817/473 1888/1818/473 1885/1819/473
f 1888/1818/473 1873/1820/473 1885/1819/473
f 1891/1821/474 1876/1822/474 1879/1823/474
f 1876/1822/474 1894/1824/474 1879/1823/474
o _gltfNode_223
v 0.927805 0.849342 -3.824855
v 0.927805 0.849342 -3.824855
v 0.927805 0.849342 -3.824855
v 0.997300 0.785866 -4.616655
v 0.997300 0.785866 -4.616655
v 0.997300 0.785866 -4.616655
v 0.778262 1.058330 -4.657722
v 0.778262 1.058330 -4.657722
v 0.778262 1.058330 -4.657722
v 0.708766 1.121807 -3.865923
v 0.708766 1.121807 -3.865923
v 0.708766 1.121807 -3.865923
v 0.927805 1.123338 -3.846821
v 0.927805 1.123338 -3.846821
v 0.927805 1.123338 -3.846821
v 0.708766 0.847811 -3.843957
v 0.708766 0.847811 -3.843957
v 0.708766 0.847811 -3.843957
v 0.997300 1.059862 -4.638620
v 0.997300 1.059862 -4.638620
v 0.997300 1.059862 -4.638620
v 0.778262 0.784334 -4.635757
v 0.778262 0.784334 -4.635757
v 0.778262 0.784334 -4.635757
vn 0.9962 0.0070 0.0869
vn -0.9962 -0.0070 -0.0869
vn -0.0000 0.9968 -0.0799
vn -0.0000 -0.9968 0.0799
vn -0.0872 0.0796 0.9930
vn 0.0872 -0.0796 -0.9930
vt 0.605499 0.826203
vt 0.605499 0.833954
vt 0.628866 0.826203
vt 0.628866 0.833954
vt 0.634823 0.826203
vt 0.634823 0.833954
vt 0.658190 0.826203
vt 0.658190 0.833954
vt 0.634708 0.826141
vt 0.634708 0.802765
vt 0.628981 0.826141
vt 0.628981 0.802765
vt 0.640550 0.802765
vt 0.640550 0.826141
vt 0.634823 0.802765
vt 0.634823 0.826141
vt 0.664032 0.826203
vt 0.664032 0.833954
vt 0.628981 0.826203
vt 0.628981 0.833954
vt 0.634708 0.826203
vt 0.634708 0.833954
s 0
usemtl material_0
f 1911/1825/475 1899/1826/475 1917/1827/475
f 1899/1826/475 1902/1828/475 1917/1827/475
f 1905/1829/476 1920/1830/476 1908/1831/476
f 1920/1830/476 1914/1832/476 1908/1831/476
f 1904/1833/477 1907/1834/477 1916/1835/477
f 1907/1834/477 1910/1836/477 1916/1835/477
f 1913/1837/478 1919/1838/478 1898/1839/478
f 1919/1838/478 1901/1840/478 1898/1839/478
f 1906/1831/479 1912/1832/479 1909/1841/479
f 1912/1832/479 1897/1842/479 1909/1841/479
f 1915/1843/480 1900/1844/480 1903/1845/480
f 1900/1844/480 1918/1846/480 1903/1845/480
o _gltfNode_225
v -0.833767 0.847811 -3.843957
v -0.833767 0.847811 -3.843957
v -0.833767 0.847811 -3.843957
v -0.903262 0.784334 -4.635757
v -0.903262 0.784334 -4.635757
v -0.903262 0.784334 -4.635757
v -1.122301 1.059862 -4.638620
v -1.122301 1.059862 -4.638620
v -1.122301 1.059862 -4.638620
v -1.052805 1.123338 -3.846821
v -1.052805 1.123338 -3.846821
v -1.052805 1.123338 -3.846821
v -0.833767 1.121807 -3.865923
v -0.833767 1.121807 -3.865923
v -0.833767 1.121807 -3.865923
v -1.052805 0.849342 -3.824855
v -1.052805 0.849342 -3.824855
v -1.052805 0.849342 -3.824855
v -0.903262 1.058330 -4.657722
v -0.903262 1.058330 -4.657722
v -0.903262 1.058330 -4.657722
v -1.122301 0.785866 -4.616655
v -1.122301 0.785866 -4.616655
v -1.122301 0.785866 -4.616655
vn 0.9962 -0.0070 -0.0869
vn -0.9962 0.0070 0.0869
vn -0.0000 0.9968 -0.0799
vn -0.0000 -0.9968 0.0799
vn 0.0872 0.0796 0.9930
vn -0.0872 -0.0796 -0.9930
vt 0.664093 0.826203
vt 0.664093 0.833954
vt 0.687460 0.826203
vt 0.687460 0.833954
vt 0.693417 0.826203
vt 0.693417 0.833954
vt 0.716784 0.826203
vt 0.716784 0.833954
vt 0.693302 0.826141
vt 0.693302 0.802765
vt 0.687575 0.826141
vt 0.687575 0.802765
vt 0.699144 0.802765
vt 0.699144 0.826141
vt 0.693417 0.802765
vt 0.693417 0.826141
vt 0.722625 0.826203
vt 0.722625 0.833954
vt 0.687575 0.826203
vt 0.687575 0.833954
vt 0.693302 0.826203
vt 0.693302 0.833954
s 0
usemtl material_0
f 1935/1847/481 1923/1848/481 1941/1849/481
f 1923/1848/481 1926/1850/481 1941/1849/481
f 1929/1851/482 1944/1852/482 1932/1853/482
f 1944/1852/482 1938/1854/482 1932/1853/482
f 1928/1855/483 1931/1856/483 1940/1857/483
f 1931/1856/483 1934/1858/483 1940/1857/483
f 1937/1859/484 1943/1860/484 1922/1861/484
f 1943/1860/484 1925/1862/484 1922/1861/484
f 1930/1853/485 1936/1854/485 1933/1863/485
f 1936/1854/485 1921/1864/485 1933/1863/485
f 1939/1865/486 1924/1866/486 1927/1867/486
f 1924/1866/486 1942/1868/486 1927/1867/486
o _gltfNode_227
v 0.990963 0.789481 -4.570503
v 0.990963 0.789481 -4.570503
v 0.990963 0.789481 -4.570503
v 0.757618 0.770834 -4.803102
v 0.757618 0.770834 -4.803102
v 0.757618 0.770834 -4.803102
v 0.602054 1.057385 -4.670012
v 0.602054 1.057385 -4.670012
v 0.602054 1.057385 -4.670012
v 0.835400 1.076032 -4.437412
v 0.835400 1.076032 -4.437412
v 0.835400 1.076032 -4.437412
v 0.990963 1.063601 -4.592478
v 0.990963 1.063601 -4.592478
v 0.990963 1.063601 -4.592478
v 0.835400 0.801912 -4.415437
v 0.835400 0.801912 -4.415437
v 0.835400 0.801912 -4.415437
v 0.757618 1.044954 -4.825078
v 0.757618 1.044954 -4.825078
v 0.757618 1.044954 -4.825078
v 0.602054 0.783265 -4.648036
v 0.602054 0.783265 -4.648036
v 0.602054 0.783265 -4.648036
vn 0.7071 -0.0565 -0.7048
vn -0.7071 0.0565 0.7048
vn -0.0000 0.9968 -0.0799
vn -0.0000 -0.9968 0.0799
vn 0.7071 0.0565 0.7048
vn -0.7071 -0.0565 -0.7048
vt 0.636749 0.388707
vt 0.636749 0.396454
vt 0.646454 0.388707
vt 0.646454 0.396454
vt 0.652374 0.388707
vt 0.652374 0.396454
vt 0.662079 0.388707
vt 0.662079 0.396454
vt 0.652313 0.388638
vt 0.652313 0.378937
vt 0.646515 0.388638
vt 0.646515 0.378937
vt 0.658172 0.378937
vt 0.658172 0.388638
vt 0.652374 0.378937
vt 0.652374 0.388638
vt 0.662140 0.388707
vt 0.662140 0.396454
vt 0.667938 0.388707
vt 0.667938 0.396454
vt 0.646515 0.388707
vt 0.646515 0.396454
vt 0.652313 0.388707
vt 0.652313 0.396454
s 0
usemtl material_0
f 1959/1869/487 1947/1870/487 1965/1871/487
f 1947/1870/487 1950/1872/487 1965/1871/487
f 1953/1873/488 1968/1874/488 1956/1875/488
f 1968/1874/488 1962/1876/488 1956/1875/488
f 1952/1877/489 1955/1878/489 1964/1879/489
f 1955/1878/489 1958/1880/489 1964/1879/489
f 1961/1881/490 1967/1882/490 1946/1883/490
f 1967/1882/490 1949/1884/490 1946/1883/490
f 1954/1885/491 1960/1886/491 1957/1887/491
f 1960/1886/491 1945/1888/491 1957/1887/491
f 1963/1889/492 1948/1890/492 1951/1891/492
f 1948/1890/492 1966/1892/492 1951/1891/492
o _gltfNode_229
v 0.762367 0.784017 -4.638910
v 0.762367 0.784017 -4.638910
v 0.762367 0.784017 -4.638910
v 0.762367 0.770832 -4.803382
v 0.762367 0.770832 -4.803382
v 0.762367 0.770832 -4.803382
v -0.887630 1.045051 -4.825365
v -0.887630 1.045051 -4.825365
v -0.887630 1.045051 -4.825365
v -0.887630 1.058236 -4.660893
v -0.887630 1.058236 -4.660893
v -0.887630 1.058236 -4.660893
v 0.762367 1.058236 -4.660893
v 0.762367 1.058236 -4.660893
v 0.762367 1.058236 -4.660893
v -0.887630 0.784017 -4.638910
v -0.887630 0.784017 -4.638910
v -0.887630 0.784017 -4.638910
v 0.762367 1.045051 -4.825365
v 0.762367 1.045051 -4.825365
v 0.762367 1.045051 -4.825365
v -0.887630 0.770832 -4.803382
v -0.887630 0.770832 -4.803382
v -0.887630 0.770832 -4.803382
vn 1.0000 -0.0000 -0.0000
vn -1.0000 -0.0000 -0.0000
vn -0.0000 0.9968 -0.0799
vn -0.0000 -0.9968 0.0799
vn -0.0000 0.0799 0.9968
vn -0.0000 -0.0799 -0.9968
vt 0.527374 0.382838
vt 0.527374 0.390595
vt 0.531225 0.382838
vt 0.531225 0.390595
vt 0.582138 0.382838
vt 0.582138 0.390595
vt 0.585989 0.382838
vt 0.585989 0.390595
vt 0.581924 0.382792
vt 0.581924 0.378937
vt 0.531225 0.382792
vt 0.531225 0.378937
vt 0.632838 0.378937
vt 0.632838 0.382792
vt 0.582138 0.378937
vt 0.582138 0.382792
vt 0.636688 0.382838
vt 0.636688 0.390595
vt 0.581924 0.382838
vt 0.581924 0.390595
s 0
usemtl material_0
f 1983/1893/493 1971/1894/493 1989/1895/493
f 1971/1894/493 1974/1896/493 1989/1895/493
f 1977/1897/494 1992/1898/494 1980/1899/494
f 1992/1898/494 1986/1900/494 1980/1899/494
f 1976/1901/495 1979/1902/495 1988/1903/495
f 1979/1902/495 1982/1904/495 1988/1903/495
f 1985/1905/496 1991/1906/496 1970/1907/496
f 1991/1906/496 1973/1908/496 1970/1907/496
f 1978/1899/497 1984/1900/497 1981/1909/497
f 1984/1900/497 1969/1910/497 1981/1909/497
f 1987/1895/498 1972/1896/498 1975/1911/498
f 1972/1896/498 1990/1912/498 1975/1911/498
o _gltfNode_231
v 0.762367 0.882959 -3.404722
v 0.762367 0.882959 -3.404722
v 0.762367 0.882959 -3.404722
v 0.762367 0.784018 -4.638909
v 0.762367 0.784018 -4.638909
v 0.762367 0.784018 -4.638909
v -0.887630 0.846318 -4.643904
v -0.887630 0.846318 -4.643904
v -0.887630 0.846318 -4.643904
v -0.887630 0.945259 -3.409716
v -0.887630 0.945259 -3.409716
v -0.887630 0.945259 -3.409716
v 0.762367 0.945259 -3.409716
v 0.762367 0.945259 -3.409716
v 0.762367 0.945259 -3.409716
v -0.887630 0.882959 -3.404722
v -0.887630 0.882959 -3.404722
v -0.887630 0.882959 -3.404722
v 0.762367 0.846318 -4.643904
v 0.762367 0.846318 -4.643904
v 0.762367 0.846318 -4.643904
v -0.887630 0.784018 -4.638909
v -0.887630 0.784018 -4.638909
v -0.887630 0.784018 -4.638909
vn 1.0000 -0.0000 -0.0000
vn -1.0000 -0.0000 -0.0000
vn -0.0000 0.9968 -0.0799
vn -0.0000 -0.9968 0.0799
vn -0.0000 0.0799 0.9968
vn -0.0000 -0.0799 -0.9968
vt 0.707062 0.519567
vt 0.707062 0.521453
vt 0.744146 0.519567
vt 0.744146 0.521453
vt 0.794965 0.519567
vt 0.794965 0.521453
vt 0.831963 0.519567
vt 0.831963 0.521453
vt 0.794879 0.519491
vt 0.794879 0.482452
vt 0.744146 0.519491
vt 0.744146 0.482452
vt 0.845698 0.482452
vt 0.845698 0.519491
vt 0.794965 0.482452
vt 0.794965 0.519491
vt 0.832049 0.519567
vt 0.832049 0.521453
vt 0.882782 0.519567
vt 0.882782 0.521453
vt 0.794879 0.519567
vt 0.794879 0.521453
s 0
usemtl material_0
f 2007/1913/499 1995/1914/499 2013/1915/499
f 1995/1914/499 1998/1916/499 2013/1915/499
f 2001/1917/500 2016/1918/500 2004/1919/500
f 2016/1918/500 2010/1920/500 2004/1919/500
f 2000/1921/501 2003/1922/501 2012/1923/501
f 2003/1922/501 2006/1924/501 2012/1923/501
f 2009/1925/502 2015/1926/502 1994/1927/502
f 2015/1926/502 1997/1928/502 1994/1927/502
f 2002/1929/503 2008/1930/503 2005/1931/503
f 2008/1930/503 1993/1932/503 2005/1931/503
f 2011/1915/504 1996/1916/504 1999/1933/504
f 1996/1916/504 2014/1934/504 1999/1933/504
o _gltfNode_233
v -0.960425 0.801910 -4.415462
v -0.960425 0.801910 -4.415462
v -0.960425 0.801910 -4.415462
v -0.727079 0.783263 -4.648061
v -0.727079 0.783263 -4.648061
v -0.727079 0.783263 -4.648061
v -0.882642 1.044952 -4.825102
v -0.882642 1.044952 -4.825102
v -0.882642 1.044952 -4.825102
v -1.115988 1.063599 -4.592503
v -1.115988 1.063599 -4.592503
v -1.115988 1.063599 -4.592503
v -0.960425 1.076030 -4.437437
v -0.960425 1.076030 -4.437437
v -0.960425 1.076030 -4.437437
v -1.115988 0.789479 -4.570527
v -1.115988 0.789479 -4.570527
v -1.115988 0.789479 -4.570527
v -0.727079 1.057383 -4.670036
v -0.727079 1.057383 -4.670036
v -0.727079 1.057383 -4.670036
v -0.882642 0.770832 -4.803126
v -0.882642 0.770832 -4.803126
v -0.882642 0.770832 -4.803126
vn 0.7071 0.0565 0.7048
vn -0.7071 -0.0565 -0.7048
vn -0.0000 0.9968 -0.0799
vn -0.0000 -0.9968 0.0799
vn -0.7071 0.0565 0.7048
vn 0.7071 -0.0565 -0.7048
vt 0.667999 0.388707
vt 0.667999 0.396454
vt 0.677704 0.388707
vt 0.677704 0.396454
vt 0.683624 0.388707
vt 0.683624 0.396454
vt 0.693329 0.388707
vt 0.693329 0.396454
vt 0.683563 0.388638
vt 0.683563 0.378937
vt 0.677765 0.388638
vt 0.677765 0.378937
vt 0.689422 0.378937
vt 0.689422 0.388638
vt 0.683624 0.378937
vt 0.683624 0.388638
vt 0.693390 0.388707
vt 0.693390 0.396454
vt 0.699188 0.388707
vt 0.699188 0.396454
vt 0.677765 0.388707
vt 0.677765 0.396454
vt 0.683563 0.388707
vt 0.683563 0.396454
s 0
usemtl material_0
f 2031/1935/505 2019/1936/505 2037/1937/505
f 2019/1936/505 2022/1938/505 2037/1937/505
f 2025/1939/506 2040/1940/506 2028/1941/506
f 2040/1940/506 2034/1942/506 2028/1941/506
f 2024/1943/507 2027/1944/507 2036/1945/507
f 2027/1944/507 2030/1946/507 2036/1945/507
f 2033/1947/508 2039/1948/508 2018/1949/508
f 2039/1948/508 2021/1950/508 2018/1949/508
f 2026/1951/509 2032/1952/509 2029/1953/509
f 2032/1952/509 2017/1954/509 2029/1953/509
f 2035/1955/510 2020/1956/510 2023/1957/510
f 2020/1956/510 2038/1958/510 2023/1957/510
o _gltfNode_235
v 0.707500 0.891698 -3.295706
v 0.707500 0.891698 -3.295706
v 0.707500 0.891698 -3.295706
v 0.707500 0.871920 -3.542414
v 0.707500 0.871920 -3.542414
v 0.707500 0.871920 -3.542414
v 0.487500 1.776518 -3.614933
v 0.487500 1.776518 -3.614933
v 0.487500 1.776518 -3.614933
v 0.487500 1.796296 -3.368225
v 0.487500 1.796296 -3.368225
v 0.487500 1.796296 -3.368225
v 0.707500 1.796296 -3.368225
v 0.707500 1.796296 -3.368225
v 0.707500 1.796296 -3.368225
v 0.487500 0.891698 -3.295706
v 0.487500 0.891698 -3.295706
v 0.487500 0.891698 -3.295706
v 0.707500 1.776518 -3.614933
v 0.707500 1.776518 -3.614933
v 0.707500 1.776518 -3.614933
v 0.487500 0.871920 -3.542414
v 0.487500 0.871920 -3.542414
v 0.487500 0.871920 -3.542414
vn 1.0000 -0.0000 -0.0000
vn -1.0000 -0.0000 -0.0000
vn -0.0000 0.9968 -0.0799
vn -0.0000 -0.9968 0.0799
vn -0.0000 0.0799 0.9968
vn -0.0000 -0.0799 -0.9968
vt 0.214874 0.509774
vt 0.214874 0.537079
vt 0.220684 0.509774
vt 0.220684 0.537079
vt 0.226585 0.509774
vt 0.226585 0.537079
vt 0.232395 0.509774
vt 0.232395 0.537079
vt 0.226539 0.509709
vt 0.226539 0.503937
vt 0.220730 0.509709
vt 0.220730 0.503937
vt 0.232395 0.503937
vt 0.232395 0.509709
vt 0.226585 0.503937
vt 0.226585 0.509709
vt 0.232441 0.509774
vt 0.232441 0.537079
vt 0.238250 0.509774
vt 0.238250 0.537079
vt 0.220730 0.509774
vt 0.220730 0.537079
vt 0.226539 0.509774
vt 0.226539 0.537079
s 0
usemtl material_0
f 2055/1959/511 2043/1960/511 2061/1961/511
f 2043/1960/511 2046/1962/511 2061/1961/511
f 2049/1963/512 2064/1964/512 2052/1965/512
f 2064/1964/512 2058/1966/512 2052/1965/512
f 2048/1967/513 2051/1968/513 2060/1969/513
f 2051/1968/513 2054/1970/513 2060/1969/513
f 2057/1971/514 2063/1972/514 2042/1973/514
f 2063/1972/514 2045/1974/514 2042/1973/514
f 2050/1975/515 2056/1976/515 2053/1977/515
f 2056/1976/515 2041/1978/515 2053/1977/515
f 2059/1979/516 2044/1980/516 2047/1981/516
f 2044/1980/516 2062/1982/516 2047/1981/516
o _gltfNode_237
v 0.487500 0.896991 -3.321952
v 0.487500 0.896991 -3.321952
v 0.487500 0.896991 -3.321952
v 0.487500 0.876218 -3.401794
v 0.487500 0.876218 -3.401794
v 0.487500 0.876218 -3.401794
v -0.612500 1.860936 -3.657990
v -0.612500 1.860936 -3.657990
v -0.612500 1.860936 -3.657990
v -0.612500 1.881709 -3.578147
v -0.612500 1.881709 -3.578147
v -0.612500 1.881709 -3.578147
v 0.487500 1.881709 -3.578147
v 0.487500 1.881709 -3.578147
v 0.487500 1.881709 -3.578147
v -0.612500 0.896991 -3.321952
v -0.612500 0.896991 -3.321952
v -0.612500 0.896991 -3.321952
v 0.487500 1.860936 -3.657990
v 0.487500 1.860936 -3.657990
v 0.487500 1.860936 -3.657990
v -0.612500 0.876218 -3.401794
v -0.612500 0.876218 -3.401794
v -0.612500 0.876218 -3.401794
vn 1.0000 -0.0000 -0.0000
vn -1.0000 -0.0000 -0.0000
vn -0.0000 0.9678 -0.2518
vn -0.0000 -0.9678 0.2518
vn -0.0000 0.2518 0.9678
vn -0.0000 -0.2518 -0.9678
vt 0.367218 0.582055
vt 0.367218 0.613251
vt 0.369143 0.582055
vt 0.369143 0.613251
vt 0.402412 0.582055
vt 0.402412 0.613251
vt 0.404200 0.582055
vt 0.404200 0.613251
vt 0.402275 0.581990
vt 0.402275 0.580109
vt 0.369143 0.581990
vt 0.369143 0.580109
vt 0.435545 0.580109
vt 0.435545 0.581990
vt 0.402412 0.580109
vt 0.402412 0.581990
vt 0.404337 0.582055
vt 0.404337 0.613251
vt 0.437469 0.582055
vt 0.437469 0.613251
vt 0.402275 0.582055
vt 0.402275 0.613251
s 0
usemtl material_0
f 2079/1983/517 2067/1984/517 2085/1985/517
f 2067/1984/517 2070/1986/517 2085/1985/517
f 2073/1987/518 2088/1988/518 2076/1989/518
f 2088/1988/518 2082/1990/518 2076/1989/518
f 2072/1991/519 2075/1992/519 2084/1993/519
f 2075/1992/519 2078/1994/519 2084/1993/519
f 2081/1995/520 2087/1996/520 2066/1997/520
f 2087/1996/520 2069/1998/520 2066/1997/520
f 2074/1999/521 2080/2000/521 2077/2001/521
f 2080/2000/521 2065/2002/521 2077/2001/521
f 2083/1985/522 2068/1986/522 2071/2003/522
f 2068/1986/522 2086/2004/522 2071/2003/522
o _gltfNode_239
v -0.612500 0.891698 -3.295706
v -0.612500 0.891698 -3.295706
v -0.612500 0.891698 -3.295706
v -0.612500 0.871920 -3.542414
v -0.612500 0.871920 -3.542414
v -0.612500 0.871920 -3.542414
v -0.832500 1.776518 -3.614933
v -0.832500 1.776518 -3.614933
v -0.832500 1.776518 -3.614933
v -0.832500 1.796296 -3.368225
v -0.832500 1.796296 -3.368225
v -0.832500 1.796296 -3.368225
v -0.612500 1.796296 -3.368225
v -0.612500 1.796296 -3.368225
v -0.612500 1.796296 -3.368225
v -0.832500 0.891698 -3.295706
v -0.832500 0.891698 -3.295706
v -0.832500 0.891698 -3.295706
v -0.612500 1.776518 -3.614933
v -0.612500 1.776518 -3.614933
v -0.612500 1.776518 -3.614933
v -0.832500 0.871920 -3.542414
v -0.832500 0.871920 -3.542414
v -0.832500 0.871920 -3.542414
vn 1.0000 -0.0000 -0.0000
vn -1.0000 -0.0000 -0.0000
vn -0.0000 0.9968 -0.0799
vn -0.0000 -0.9968 0.0799
vn -0.0000 0.0799 0.9968
vn -0.0000 -0.0799 -0.9968
vt 0.601593 0.144539
vt 0.601593 0.171844
vt 0.607403 0.144539
vt 0.607403 0.171844
vt 0.613304 0.144539
vt 0.613304 0.171844
vt 0.619114 0.144539
vt 0.619114 0.171844
vt 0.613258 0.144474
vt 0.613258 0.138702
vt 0.607449 0.144474
vt 0.607449 0.138702
vt 0.619114 0.138702
vt 0.619114 0.144474
vt 0.613304 0.138702
vt 0.613304 0.144474
vt 0.619160 0.144539
vt 0.619160 0.171844
vt 0.624969 0.144539
vt 0.624969 0.171844
vt 0.607449 0.144539
vt 0.607449 0.171844
vt 0.613258 0.144539
vt 0.613258 0.171844
s 0
usemtl material_0
f 2103/2005/523 2091/2006/523 2109/2007/523
f 2091/2006/523 2094/2008/523 2109/2007/523
f 2097/2009/524 2112/2010/524 2100/2011/524
f 2112/2010/524 2106/2012/524 2100/2011/524
f 2096/2013/525 2099/2014/525 2108/2015/525
f 2099/2014/525 2102/2016/525 2108/2015/525
f 2105/2017/526 2111/2018/526 2090/2019/526
f 2111/2018/526 2093/2020/526 2090/2019/526
f 2098/2021/527 2104/2022/527 2101/2023/527
f 2104/2022/527 2089/2024/527 2101/2023/527
f 2107/2025/528 2092/2026/528 2095/2027/528
f 2092/2026/528 2110/2028/528 2095/2027/528
o _gltfNode_242
v 1.690313 0.970612 -3.802889
v 1.690313 0.970612 -3.802889
v 1.690313 0.970612 -3.802889
v 1.710468 0.952203 -4.032522
v 1.710468 0.952203 -4.032522
v 1.710468 0.952203 -4.032522
v 1.467646 1.392836 -4.089159
v 1.467646 1.392836 -4.089159
v 1.467646 1.392836 -4.089159
v 1.447491 1.411245 -3.859525
v 1.447491 1.411245 -3.859525
v 1.447491 1.411245 -3.859525
v 1.690313 1.412942 -3.838349
v 1.690313 1.412942 -3.838349
v 1.690313 1.412942 -3.838349
v 1.447491 0.968914 -3.824065
v 1.447491 0.968914 -3.824065
v 1.447491 0.968914 -3.824065
v 1.710468 1.394533 -4.067983
v 1.710468 1.394533 -4.067983
v 1.710468 1.394533 -4.067983
v 1.467646 0.950505 -4.053699
v 1.467646 0.950505 -4.053699
v 1.467646 0.950505 -4.053699
vn 0.9962 0.0070 0.0869
vn -0.9962 -0.0070 -0.0869
vn -0.0000 0.9968 -0.0799
vn -0.0000 -0.9968 0.0799
vn -0.0872 0.0796 0.9930
vn 0.0872 -0.0796 -0.9930
vt 0.218723 0.589877
vt 0.218723 0.601532
vt 0.212913 0.589877
vt 0.212913 0.601532
vt 0.207012 0.589877
vt 0.207012 0.601532
vt 0.201202 0.589877
vt 0.201202 0.601532
vt 0.207058 0.589808
vt 0.207058 0.584015
vt 0.212867 0.589808
vt 0.212867 0.584015
vt 0.212913 0.584015
vt 0.212913 0.589808
vt 0.218723 0.584015
vt 0.218723 0.589808
vt 0.224578 0.589877
vt 0.224578 0.601532
vt 0.218769 0.589877
vt 0.218769 0.601532
vt 0.212867 0.589877
vt 0.212867 0.601532
vt 0.207058 0.589877
vt 0.207058 0.601532
s 0
usemtl material_0
f 2127/2029/529 2115/2030/529 2133/2031/529
f 2115/2030/529 2118/2032/529 2133/2031/529
f 2121/2033/530 2136/2034/530 2124/2035/530
f 2136/2034/530 2130/2036/530 2124/2035/530
f 2120/2037/531 2123/2038/531 2132/2039/531
f 2123/2038/531 2126/2040/531 2132/2039/531
f 2129/2041/532 2135/2042/532 2114/2043/532
f 2135/2042/532 2117/2044/532 2114/2043/532
f 2122/2045/533 2128/2046/533 2125/2047/533
f 2128/2046/533 2113/2048/533 2125/2047/533
f 2131/2049/534 2116/2050/534 2119/2051/534
f 2116/2050/534 2134/2052/534 2119/2051/534
o _gltfNode_245
v 1.690313 0.878345 -4.171695
v 1.690313 0.878345 -4.171695
v 1.690313 0.878345 -4.171695
v 1.710468 0.859936 -4.401329
v 1.710468 0.859936 -4.401329
v 1.710468 0.859936 -4.401329
v 1.467646 1.300569 -4.457965
v 1.467646 1.300569 -4.457965
v 1.467646 1.300569 -4.457965
v 1.447491 1.318978 -4.228332
v 1.447491 1.318978 -4.228332
v 1.447491 1.318978 -4.228332
v 1.690313 1.320676 -4.207155
v 1.690313 1.320676 -4.207155
v 1.690313 1.320676 -4.207155
v 1.447491 0.876648 -4.192871
v 1.447491 0.876648 -4.192871
v 1.447491 0.876648 -4.192871
v 1.710468 1.302267 -4.436789
v 1.710468 1.302267 -4.436789
v 1.710468 1.302267 -4.436789
v 1.467646 0.858239 -4.422505
v 1.467646 0.858239 -4.422505
v 1.467646 0.858239 -4.422505
vn 0.9962 0.0070 0.0869
vn -0.9962 -0.0070 -0.0869
vn -0.0000 0.9968 -0.0799
vn -0.0000 -0.9968 0.0799
vn -0.0872 0.0796 0.9930
vn 0.0872 -0.0796 -0.9930
vt 0.218723 0.589877
vt 0.218723 0.601532
vt 0.212913 0.589877
vt 0.212913 0.601532
vt 0.207012 0.589877
vt 0.207012 0.601532
vt 0.201202 0.589877
vt 0.201202 0.601532
vt 0.207058 0.589808
vt 0.207058 0.584015
vt 0.212867 0.589808
vt 0.212867 0.584015
vt 0.212913 0.584015
vt 0.212913 0.589808
vt 0.218723 0.584015
vt 0.218723 0.589808
vt 0.224578 0.589877
vt 0.224578 0.601532
vt 0.218769 0.589877
vt 0.218769 0.601532
vt 0.212867 0.589877
vt 0.212867 0.601532
vt 0.207058 0.589877
vt 0.207058 0.601532
s 0
usemtl material_0
f 2151/2053/535 2139/2054/535 2157/2055/535
f 2139/2054/535 2142/2056/535 2157/2055/535
f 2145/2057/536 2160/2058/536 2148/2059/536
f 2160/2058/536 2154/2060/536 2148/2059/536
f 2144/2061/537 2147/2062/537 2156/2063/537
f 2147/2062/537 2150/2064/537 2156/2063/537
f 2153/2065/538 2159/2066/538 2138/2067/538
f 2159/2066/538 2141/2068/538 2138/2067/538
f 2146/2069/539 2152/2070/539 2149/2071/539
f 2152/2070/539 2137/2072/539 2149/2071/539
f 2155/2073/540 2140/2074/540 2143/2075/540
f 2140/2074/540 2158/2076/540 2143/2075/540
o _gltfNode_248
v 1.752813 0.786079 -4.540501
v 1.752813 0.786079 -4.540501
v 1.752813 0.786079 -4.540501
v 1.772968 0.767670 -4.770135
v 1.772968 0.767670 -4.770135
v 1.772968 0.767670 -4.770135
v 1.530146 1.208302 -4.826771
v 1.530146 1.208302 -4.826771
v 1.530146 1.208302 -4.826771
v 1.509991 1.226712 -4.597137
v 1.509991 1.226712 -4.597137
v 1.509991 1.226712 -4.597137
v 1.752813 1.228409 -4.575961
v 1.752813 1.228409 -4.575961
v 1.752813 1.228409 -4.575961
v 1.509991 0.784381 -4.561677
v 1.509991 0.784381 -4.561677
v 1.509991 0.784381 -4.561677
v 1.772968 1.210000 -4.805595
v 1.772968 1.210000 -4.805595
v 1.772968 1.210000 -4.805595
v 1.530146 0.765972 -4.791311
v 1.530146 0.765972 -4.791311
v 1.530146 0.765972 -4.791311
vn 0.9962 0.0070 0.0869
vn -0.9962 -0.0070 -0.0869
vn -0.0000 0.9968 -0.0799
vn -0.0000 -0.9968 0.0799
vn -0.0872 0.0796 0.9930
vn 0.0872 -0.0796 -0.9930
vt 0.218723 0.589877
vt 0.218723 0.601532
vt 0.212913 0.589877
vt 0.212913 0.601532
vt 0.207012 0.589877
vt 0.207012 0.601532
vt 0.201202 0.589877
vt 0.201202 0.601532
vt 0.207058 0.589808
vt 0.207058 0.584015
vt 0.212867 0.589808
vt 0.212867 0.584015
vt 0.212913 0.584015
vt 0.212913 0.589808
vt 0.218723 0.584015
vt 0.218723 0.589808
vt 0.224578 0.589877
vt 0.224578 0.601532
vt 0.218769 0.589877
vt 0.218769 0.601532
vt 0.212867 0.589877
vt 0.212867 0.601532
vt 0.207058 0.589877
vt 0.207058 0.601532
s 0
usemtl material_0
f 2175/2077/541 2163/2078/541 2181/2079/541
f 2163/2078/541 2166/2080/541 2181/2079/541
f 2169/2081/542 2184/2082/542 2172/2083/542
f 2184/2082/542 2178/2084/542 2172/2083/542
f 2168/2085/543 2171/2086/543 2180/2087/543
f 2171/2086/543 2174/2088/543 2180/2087/543
f 2177/2089/544 2183/2090/544 2162/2091/544
f 2183/2090/544 2165/2092/544 2162/2091/544
f 2170/2093/545 2176/2094/545 2173/2095/545
f 2176/2094/545 2161/2096/545 2173/2095/545
f 2179/2097/546 2164/2098/546 2167/2099/546
f 2164/2098/546 2182/2100/546 2167/2099/546
o _gltfNode_251
v 1.752813 0.756112 -4.914302
v 1.752813 0.756112 -4.914302
v 1.752813 0.756112 -4.914302
v 1.772968 0.737703 -5.143935
v 1.772968 0.737703 -5.143935
v 1.772968 0.737703 -5.143935
v 1.530146 1.178336 -5.200572
v 1.530146 1.178336 -5.200572
v 1.530146 1.178336 -5.200572
v 1.509991 1.196745 -4.970938
v 1.509991 1.196745 -4.970938
v 1.509991 1.196745 -4.970938
v 1.752813 1.198443 -4.949762
v 1.752813 1.198443 -4.949762
v 1.752813 1.198443 -4.949762
v 1.509991 0.754415 -4.935478
v 1.509991 0.754415 -4.935478
v 1.509991 0.754415 -4.935478
v 1.772968 1.180033 -5.179396
v 1.772968 1.180033 -5.179396
v 1.772968 1.180033 -5.179396
v 1.530146 0.736006 -5.165112
v 1.530146 0.736006 -5.165112
v 1.530146 0.736006 -5.165112
vn 0.9962 0.0070 0.0869
vn -0.9962 -0.0070 -0.0869
vn -0.0000 0.9968 -0.0799
vn -0.0000 -0.9968 0.0799
vn -0.0872 0.0796 0.9930
vn 0.0872 -0.0796 -0.9930
vt 0.218723 0.589877
vt 0.218723 0.601532
vt 0.212913 0.589877
vt 0.212913 0.601532
vt 0.207012 0.589877
vt 0.207012 0.601532
vt 0.201202 0.589877
vt 0.201202 0.601532
vt 0.207058 0.589808
vt 0.207058 0.584015
vt 0.212867 0.589808
vt 0.212867 0.584015
vt 0.212913 0.584015
vt 0.212913 0.589808
vt 0.218723 0.584015
vt 0.218723 0.589808
vt 0.224578 0.589877
vt 0.224578 0.601532
vt 0.218769 0.589877
vt 0.218769 0.601532
vt 0.212867 0.589877
vt 0.212867 0.601532
vt 0.207058 0.589877
vt 0.207058 0.601532
s 0
usemtl material_0
f 2199/2101/547 2187/2102/547 2205/2103/547
f 2187/2102/547 2190/2104/547 2205/2103/547
f 2193/2105/548 2208/2106/548 2196/2107/548
f 2208/2106/548 2202/2108/548 2196/2107/548
f 2192/2109/549 2195/2110/549 2204/2111/549
f 2195/2110/549 2198/2112/549 2204/2111/549
f 2201/2113/550 2207/2114/550 2186/2115/550
f 2207/2114/550 2189/2116/550 2186/2115/550
f 2194/2117/551 2200/2118/551 2197/2119/551
f 2200/2118/551 2185/2120/551 2197/2119/551
f 2203/2121/552 2188/2122/552 2191/2123/552
f 2188/2122/552 2206/2124/552 2191/2123/552
o _gltfNode_254
v 1.610613 0.725187 -5.300068
v 1.610613 0.725187 -5.300068
v 1.610613 0.725187 -5.300068
v 1.461968 0.711031 -5.476649
v 1.461968 0.711031 -5.476649
v 1.461968 0.711031 -5.476649
v 1.275245 1.165881 -5.355931
v 1.275245 1.165881 -5.355931
v 1.275245 1.165881 -5.355931
v 1.423890 1.180037 -5.179350
v 1.423890 1.180037 -5.179350
v 1.423890 1.180037 -5.179350
v 1.610613 1.167517 -5.335528
v 1.610613 1.167517 -5.335528
v 1.610613 1.167517 -5.335528
v 1.423890 0.737707 -5.143889
v 1.423890 0.737707 -5.143889
v 1.423890 0.737707 -5.143889
v 1.461968 1.153361 -5.512110
v 1.461968 1.153361 -5.512110
v 1.461968 1.153361 -5.512110
v 1.275245 0.723551 -5.320471
v 1.275245 0.723551 -5.320471
v 1.275245 0.723551 -5.320471
vn 0.7660 -0.0514 -0.6407
vn -0.7660 0.0514 0.6407
vn -0.0000 0.9968 -0.0799
vn -0.0000 -0.9968 0.0799
vn 0.6428 0.0612 0.7636
vn -0.6428 -0.0612 -0.7636
vt 0.218723 0.589877
vt 0.218723 0.601532
vt 0.212913 0.589877
vt 0.212913 0.601532
vt 0.207012 0.589877
vt 0.207012 0.601532
vt 0.201202 0.589877
vt 0.201202 0.601532
vt 0.207058 0.589808
vt 0.207058 0.584015
vt 0.212867 0.589808
vt 0.212867 0.584015
vt 0.212913 0.584015
vt 0.212913 0.589808
vt 0.218723 0.584015
vt 0.218723 0.589808
vt 0.224578 0.589877
vt 0.224578 0.601532
vt 0.218769 0.589877
vt 0.218769 0.601532
vt 0.212867 0.589877
vt 0.212867 0.601532
vt 0.207058 0.589877
vt 0.207058 0.601532
s 0
usemtl material_0
f 2223/2125/553 2211/2126/553 2229/2127/553
f 2211/2126/553 2214/2128/553 2229/2127/553
f 2217/2129/554 2232/2130/554 2220/2131/554
f 2232/2130/554 2226/2132/554 2220/2131/554
f 2216/2133/555 2219/2134/555 2228/2135/555
f 2219/2134/555 2222/2136/555 2228/2135/555
f 2225/2137/556 2231/2138/556 2210/2139/556
f 2231/2138/556 2213/2140/556 2210/2139/556
f 2218/2141/557 2224/2142/557 2221/2143/557
f 2224/2142/557 2209/2144/557 2221/2143/557
f 2227/2145/558 2212/2146/558 2215/2147/558
f 2212/2146/558 2230/2148/558 2215/2147/558
o _gltfNode_257
v 1.264383 0.702240 -5.586305
v 1.264383 0.702240 -5.586305
v 1.264383 0.702240 -5.586305
v 1.034012 0.703851 -5.566215
v 1.034012 0.703851 -5.566215
v 1.034012 0.703851 -5.566215
v 1.055257 1.165585 -5.359629
v 1.055257 1.165585 -5.359629
v 1.055257 1.165585 -5.359629
v 1.285627 1.163974 -5.379720
v 1.285627 1.163974 -5.379720
v 1.285627 1.163974 -5.379720
v 1.264383 1.144570 -5.621765
v 1.264383 1.144570 -5.621765
v 1.264383 1.144570 -5.621765
v 1.285627 0.721644 -5.344259
v 1.285627 0.721644 -5.344259
v 1.285627 0.721644 -5.344259
v 1.034012 1.146181 -5.601675
v 1.034012 1.146181 -5.601675
v 1.034012 1.146181 -5.601675
v 1.055257 0.723255 -5.324169
v 1.055257 0.723255 -5.324169
v 1.055257 0.723255 -5.324169
vn -0.0872 -0.0796 -0.9930
vn 0.0872 0.0796 0.9930
vn -0.0000 0.9968 -0.0799
vn -0.0000 -0.9968 0.0799
vn 0.9962 -0.0070 -0.0869
vn -0.9962 0.0070 0.0869
vt 0.218723 0.589877
vt 0.218723 0.601532
vt 0.212913 0.589877
vt 0.212913 0.601532
vt 0.207012 0.589877
vt 0.207012 0.601532
vt 0.201202 0.589877
vt 0.201202 0.601532
vt 0.207058 0.589808
vt 0.207058 0.584015
vt 0.212867 0.589808
vt 0.212867 0.584015
vt 0.212913 0.584015
vt 0.212913 0.589808
vt 0.218723 0.584015
vt 0.218723 0.589808
vt 0.224578 0.589877
vt 0.224578 0.601532
vt 0.218769 0.589877
vt 0.218769 0.601532
vt 0.212867 0.589877
vt 0.212867 0.601532
vt 0.207058 0.589877
vt 0.207058 0.601532
s 0
usemtl material_0
f 2247/2149/559 2235/2150/559 2253/2151/559
f 2235/2150/559 2238/2152/559 2253/2151/559
f 2241/2153/560 2256/2154/560 2244/2155/560
f 2256/2154/560 2250/2156/560 2244/2155/560
f 2240/2157/561 2243/2158/561 2252/2159/561
f 2243/2158/561 2246/2160/561 2252/2159/561
f 2249/2161/562 2255/2162/562 2234/2163/562
f 2255/2162/562 2237/2164/562 2234/2163/562
f 2242/2165/563 2248/2166/563 2245/2167/563
f 2248/2166/563 2233/2168/563 2245/2167/563
f 2251/2169/564 2236/2170/564 2239/2171/564
f 2236/2170/564 2254/2172/564 2239/2171/564
o _gltfNode_260
v 0.951883 0.639940 -5.581310
v 0.951883 0.639940 -5.581310
v 0.951883 0.639940 -5.581310
v 0.721512 0.641550 -5.561220
v 0.721512 0.641550 -5.561220
v 0.721512 0.641550 -5.561220
v 0.742757 1.103285 -5.354634
v 0.742757 1.103285 -5.354634
v 0.742757 1.103285 -5.354634
v 0.973127 1.101674 -5.374725
v 0.973127 1.101674 -5.374725
v 0.973127 1.101674 -5.374725
v 0.951883 1.082270 -5.616770
v 0.951883 1.082270 -5.616770
v 0.951883 1.082270 -5.616770
v 0.973127 0.659344 -5.339264
v 0.973127 0.659344 -5.339264
v 0.973127 0.659344 -5.339264
v 0.721512 1.083881 -5.596680
v 0.721512 1.083881 -5.596680
v 0.721512 1.083881 -5.596680
v 0.742757 0.660954 -5.319174
v 0.742757 0.660954 -5.319174
v 0.742757 0.660954 -5.319174
vn -0.0872 -0.0796 -0.9930
vn 0.0872 0.0796 0.9930
vn -0.0000 0.9968 -0.0799
vn -0.0000 -0.9968 0.0799
vn 0.9962 -0.0070 -0.0869
vn -0.9962 0.0070 0.0869
vt 0.218723 0.589877
vt 0.218723 0.601532
vt 0.212913 0.589877
vt 0.212913 0.601532
vt 0.207012 0.589877
vt 0.207012 0.601532
vt 0.201202 0.589877
vt 0.201202 0.601532
vt 0.207058 0.589808
vt 0.207058 0.584015
vt 0.212867 0.589808
vt 0.212867 0.584015
vt 0.212913 0.584015
vt 0.212913 0.589808
vt 0.218723 0.584015
vt 0.218723 0.589808
vt 0.224578 0.589877
vt 0.224578 0.601532
vt 0.218769 0.589877
vt 0.218769 0.601532
vt 0.212867 0.589877
vt 0.212867 0.601532
vt 0.207058 0.589877
vt 0.207058 0.601532
s 0
usemtl material_0
f 2271/2173/565 2259/2174/565 2277/2175/565
f 2259/2174/565 2262/2176/565 2277/2175/565
f 2265/2177/566 2280/2178/566 2268/2179/566
f 2280/2178/566 2274/2180/566 2268/2179/566
f 2264/2181/567 2267/2182/567 2276/2183/567
f 2267/2182/567 2270/2184/567 2276/2183/567
f 2273/2185/568 2279/2186/568 2258/2187/568
f 2279/2186/568 2261/2188/568 2258/2187/568
f 2266/2189/569 2272/2190/569 2269/2191/569
f 2272/2190/569 2257/2192/569 2269/2191/569
f 2275/2193/570 2260/2194/570 2263/2195/570
f 2260/2194/570 2278/2196/570 2263/2195/570
o _gltfNode_263
v 0.576883 0.577640 -5.576316
v 0.576883 0.577640 -5.576316
v 0.576883 0.577640 -5.576316
v 0.346512 0.579250 -5.556225
v 0.346512 0.579250 -5.556225
v 0.346512 0.579250 -5.556225
v 0.367757 1.040985 -5.349640
v 0.367757 1.040985 -5.349640
v 0.367757 1.040985 -5.349640
v 0.598127 1.039374 -5.369730
v 0.598127 1.039374 -5.369730
v 0.598127 1.039374 -5.369730
v 0.576883 1.019970 -5.611776
v 0.576883 1.019970 -5.611776
v 0.576883 1.019970 -5.611776
v 0.598127 0.597044 -5.334270
v 0.598127 0.597044 -5.334270
v 0.598127 0.597044 -5.334270
v 0.346512 1.021580 -5.591686
v 0.346512 1.021580 -5.591686
v 0.346512 1.021580 -5.591686
v 0.367757 0.598654 -5.314179
v 0.367757 0.598654 -5.314179
v 0.367757 0.598654 -5.314179
vn -0.0872 -0.0796 -0.9930
vn 0.0872 0.0796 0.9930
vn -0.0000 0.9968 -0.0799
vn -0.0000 -0.9968 0.0799
vn 0.9962 -0.0070 -0.0869
vn -0.9962 0.0070 0.0869
vt 0.218723 0.589877
vt 0.218723 0.601532
vt 0.212913 0.589877
vt 0.212913 0.601532
vt 0.207012 0.589877
vt 0.207012 0.601532
vt 0.201202 0.589877
vt 0.201202 0.601532
vt 0.207058 0.589808
vt 0.207058 0.584015
vt 0.212867 0.589808
vt 0.212867 0.584015
vt 0.212913 0.584015
vt 0.212913 0.589808
vt 0.218723 0.584015
vt 0.218723 0.589808
vt 0.224578 0.589877
vt 0.224578 0.601532
vt 0.218769 0.589877
vt 0.218769 0.601532
vt 0.212867 0.589877
vt 0.212867 0.601532
vt 0.207058 0.589877
vt 0.207058 0.601532
s 0
usemtl material_0
f 2295/2197/571 2283/2198/571 2301/2199/571
f 2283/2198/571 2286/2200/571 2301/2199/571
f 2289/2201/572 2304/2202/572 2292/2203/572
f 2304/2202/572 2298/2204/572 2292/2203/572
f 2288/2205/573 2291/2206/573 2300/2207/573
f 2291/2206/573 2294/2208/573 2300/2207/573
f 2297/2209/574 2303/2210/574 2282/2211/574
f 2303/2210/574 2285/2212/574 2282/2211/574
f 2290/2213/575 2296/2214/575 2293/2215/575
f 2296/2214/575 2281/2216/575 2293/2215/575
f 2299/2217/576 2284/2218/576 2287/2219/576
f 2284/2218/576 2302/2220/576 2287/2219/576
o _gltfNode_266
v 0.264383 0.515339 -5.571321
v 0.264383 0.515339 -5.571321
v 0.264383 0.515339 -5.571321
v 0.034012 0.516950 -5.551231
v 0.034012 0.516950 -5.551231
v 0.034012 0.516950 -5.551231
v 0.055257 0.978684 -5.344646
v 0.055257 0.978684 -5.344646
v 0.055257 0.978684 -5.344646
v 0.285627 0.977074 -5.364736
v 0.285627 0.977074 -5.364736
v 0.285627 0.977074 -5.364736
v 0.264383 0.957670 -5.606781
v 0.264383 0.957670 -5.606781
v 0.264383 0.957670 -5.606781
v 0.285627 0.534744 -5.329276
v 0.285627 0.534744 -5.329276
v 0.285627 0.534744 -5.329276
v 0.034012 0.959280 -5.586691
v 0.034012 0.959280 -5.586691
v 0.034012 0.959280 -5.586691
v 0.055257 0.536354 -5.309185
v 0.055257 0.536354 -5.309185
v 0.055257 0.536354 -5.309185
vn -0.0872 -0.0796 -0.9930
vn 0.0872 0.0796 0.9930
vn -0.0000 0.9968 -0.0799
vn -0.0000 -0.9968 0.0799
vn 0.9962 -0.0070 -0.0869
vn -0.9962 0.0070 0.0869
vt 0.218723 0.589877
vt 0.218723 0.601532
vt 0.212913 0.589877
vt 0.212913 0.601532
vt 0.207012 0.589877
vt 0.207012 0.601532
vt 0.201202 0.589877
vt 0.201202 0.601532
vt 0.207058 0.589808
vt 0.207058 0.584015
vt 0.212867 0.589808
vt 0.212867 0.584015
vt 0.212913 0.584015
vt 0.212913 0.589808
vt 0.218723 0.584015
vt 0.218723 0.589808
vt 0.224578 0.589877
vt 0.224578 0.601532
vt 0.218769 0.589877
vt 0.218769 0.601532
vt 0.212867 0.589877
vt 0.212867 0.601532
vt 0.207058 0.589877
vt 0.207058 0.601532
s 0
usemtl material_0
f 2319/2221/577 2307/2222/577 2325/2223/577
f 2307/2222/577 2310/2224/577 2325/2223/577
f 2313/2225/578 2328/2226/578 2316/2227/578
f 2328/2226/578 2322/2228/578 2316/2227/578
f 2312/2229/579 2315/2230/579 2324/2231/579
f 2315/2230/579 2318/2232/579 2324/2231/579
f 2321/2233/580 2327/2234/580 2306/2235/580
f 2327/2234/580 2309/2236/580 2306/2235/580
f 2314/2237/581 2320/2238/581 2317/2239/581
f 2320/2238/581 2305/2240/581 2317/2239/581
f 2323/2241/582 2308/2242/582 2311/2243/582
f 2308/2242/582 2326/2244/582 2311/2243/582
o _gltfNode_270
v -1.447539 0.968915 -3.824062
v -1.447539 0.968915 -3.824062
v -1.447539 0.968915 -3.824062
v -1.467694 0.950506 -4.053695
v -1.467694 0.950506 -4.053695
v -1.467694 0.950506 -4.053695
v -1.710516 1.394534 -4.067979
v -1.710516 1.394534 -4.067979
v -1.710516 1.394534 -4.067979
v -1.690362 1.412943 -3.838346
v -1.690362 1.412943 -3.838346
v -1.690362 1.412943 -3.838346
v -1.447539 1.411245 -3.859522
v -1.447539 1.411245 -3.859522
v -1.447539 1.411245 -3.859522
v -1.690362 0.970612 -3.802885
v -1.690362 0.970612 -3.802885
v -1.690362 0.970612 -3.802885
v -1.467694 1.392836 -4.089156
v -1.467694 1.392836 -4.089156
v -1.467694 1.392836 -4.089156
v -1.710516 0.952203 -4.032519
v -1.710516 0.952203 -4.032519
v -1.710516 0.952203 -4.032519
vn 0.9962 -0.0070 -0.0869
vn -0.9962 0.0070 0.0869
vn -0.0000 0.9968 -0.0799
vn -0.0000 -0.9968 0.0799
vn 0.0872 0.0796 0.9930
vn -0.0872 -0.0796 -0.9930
vt 0.201202 0.589877
vt 0.201202 0.601532
vt 0.207012 0.589877
vt 0.207012 0.601532
vt 0.212913 0.589877
vt 0.212913 0.601532
vt 0.218723 0.589877
vt 0.218723 0.601532
vt 0.212867 0.589808
vt 0.212867 0.584015
vt 0.207058 0.589808
vt 0.207058 0.584015
vt 0.218723 0.584015
vt 0.218723 0.589808
vt 0.212913 0.584015
vt 0.212913 0.589808
vt 0.218769 0.589877
vt 0.218769 0.601532
vt 0.224578 0.589877
vt 0.224578 0.601532
vt 0.207058 0.589877
vt 0.207058 0.601532
vt 0.212867 0.589877
vt 0.212867 0.601532
s 0
usemtl material_0
f 2343/2245/583 2331/2246/583 2349/2247/583
f 2331/2246/583 2334/2248/583 2349/2247/583
f 2337/2249/584 2352/2250/584 2340/2251/584
f 2352/2250/584 2346/2252/584 2340/2251/584
f 2336/2253/585 2339/2254/585 2348/2255/585
f 2339/2254/585 2342/2256/585 2348/2255/585
f 2345/2257/586 2351/2258/586 2330/2259/586
f 2351/2258/586 2333/2260/586 2330/2259/586
f 2338/2261/587 2344/2262/587 2341/2263/587
f 2344/2262/587 2329/2264/587 2341/2263/587
f 2347/2265/588 2332/2266/588 2335/2267/588
f 2332/2266/588 2350/2268/588 2335/2267/588
o _gltfNode_273
v -1.447539 0.876648 -4.192868
v -1.447539 0.876648 -4.192868
v -1.447539 0.876648 -4.192868
v -1.467694 0.858239 -4.422502
v -1.467694 0.858239 -4.422502
v -1.467694 0.858239 -4.422502
v -1.710516 1.302267 -4.436786
v -1.710516 1.302267 -4.436786
v -1.710516 1.302267 -4.436786
v -1.690362 1.320676 -4.207152
v -1.690362 1.320676 -4.207152
v -1.690362 1.320676 -4.207152
v -1.447539 1.318978 -4.228328
v -1.447539 1.318978 -4.228328
v -1.447539 1.318978 -4.228328
v -1.690362 0.878346 -4.171692
v -1.690362 0.878346 -4.171692
v -1.690362 0.878346 -4.171692
v -1.467694 1.300569 -4.457962
v -1.467694 1.300569 -4.457962
v -1.467694 1.300569 -4.457962
v -1.710516 0.859937 -4.401325
v -1.710516 0.859937 -4.401325
v -1.710516 0.859937 -4.401325
vn 0.9962 -0.0070 -0.0869
vn -0.9962 0.0070 0.0869
vn -0.0000 0.9968 -0.0799
vn -0.0000 -0.9968 0.0799
vn 0.0872 0.0796 0.9930
vn -0.0872 -0.0796 -0.9930
vt 0.201202 0.589877
vt 0.201202 0.601532
vt 0.207012 0.589877
vt 0.207012 0.601532
vt 0.212913 0.589877
vt 0.212913 0.601532
vt 0.218723 0.589877
vt 0.218723 0.601532
vt 0.212867 0.589808
vt 0.212867 0.584015
vt 0.207058 0.589808
vt 0.207058 0.584015
vt 0.218723 0.584015
vt 0.218723 0.589808
vt 0.212913 0.584015
vt 0.212913 0.589808
vt 0.218769 0.589877
vt 0.218769 0.601532
vt 0.224578 0.589877
vt 0.224578 0.601532
vt 0.207058 0.589877
vt 0.207058 0.601532
vt 0.212867 0.589877
vt 0.212867 0.601532
s 0
usemtl material_0
f 2367/2269/589 2355/2270/589 2373/2271/589
f 2355/2270/589 2358/2272/589 2373/2271/589
f 2361/2273/590 2376/2274/590 2364/2275/590
f 2376/2274/590 2370/2276/590 2364/2275/590
f 2360/2277/591 2363/2278/591 2372/2279/591
f 2363/2278/591 2366/2280/591 2372/2279/591
f 2369/2281/592 2375/2282/592 2354/2283/592
f 2375/2282/592 2357/2284/592 2354/2283/592
f 2362/2285/593 2368/2286/593 2365/2287/593
f 2368/2286/593 2353/2288/593 2365/2287/593
f 2371/2289/594 2356/2290/594 2359/2291/594
f 2356/2290/594 2374/2292/594 2359/2291/594
o _gltfNode_276
v -1.510039 0.784382 -4.561674
v -1.510039 0.784382 -4.561674
v -1.510039 0.784382 -4.561674
v -1.530194 0.765972 -4.791307
v -1.530194 0.765972 -4.791307
v -1.530194 0.765972 -4.791307
v -1.773016 1.210000 -4.805592
v -1.773016 1.210000 -4.805592
v -1.773016 1.210000 -4.805592
v -1.752862 1.228409 -4.575958
v -1.752862 1.228409 -4.575958
v -1.752862 1.228409 -4.575958
v -1.510039 1.226712 -4.597134
v -1.510039 1.226712 -4.597134
v -1.510039 1.226712 -4.597134
v -1.752862 0.786079 -4.540498
v -1.752862 0.786079 -4.540498
v -1.752862 0.786079 -4.540498
v -1.530194 1.208303 -4.826768
v -1.530194 1.208303 -4.826768
v -1.530194 1.208303 -4.826768
v -1.773016 0.767670 -4.770131
v -1.773016 0.767670 -4.770131
v -1.773016 0.767670 -4.770131
vn 0.9962 -0.0070 -0.0869
vn -0.9962 0.0070 0.0869
vn -0.0000 0.9968 -0.0799
vn -0.0000 -0.9968 0.0799
vn 0.0872 0.0796 0.9930
vn -0.0872 -0.0796 -0.9930
vt 0.201202 0.589877
vt 0.201202 0.601532
vt 0.207012 0.589877
vt 0.207012 0.601532
vt 0.212913 0.589877
vt 0.212913 0.601532
vt 0.218723 0.589877
vt 0.218723 0.601532
vt 0.212867 0.589808
vt 0.212867 0.584015
vt 0.207058 0.589808
vt 0.207058 0.584015
vt 0.218723 0.584015
vt 0.218723 0.589808
vt 0.212913 0.584015
vt 0.212913 0.589808
vt 0.218769 0.589877
vt 0.218769 0.601532
vt 0.224578 0.589877
vt 0.224578 0.601532
vt 0.207058 0.589877
vt 0.207058 0.601532
vt 0.212867 0.589877
vt 0.212867 0.601532
s 0
usemtl material_0
f 2391/2293/595 2379/2294/595 2397/2295/595
f 2379/2294/595 2382/2296/595 2397/2295/595
f 2385/2297/596 2400/2298/596 2388/2299/596
f 2400/2298/596 2394/2300/596 2388/2299/596
f 2384/2301/597 2387/2302/597 2396/2303/597
f 2387/2302/597 2390/2304/597 2396/2303/597
f 2393/2305/598 2399/2306/598 2378/2307/598
f 2399/2306/598 2381/2308/598 2378/2307/598
f 2386/2309/599 2392/2310/599 2389/2311/599
f 2392/2310/599 2377/2312/599 2389/2311/599
f 2395/2313/600 2380/2314/600 2383/2315/600
f 2380/2314/600 2398/2316/600 2383/2315/600
o _gltfNode_279
v -1.510039 0.754415 -4.935474
v -1.510039 0.754415 -4.935474
v -1.510039 0.754415 -4.935474
v -1.530194 0.736006 -5.165108
v -1.530194 0.736006 -5.165108
v -1.530194 0.736006 -5.165108
v -1.773016 1.180034 -5.179392
v -1.773016 1.180034 -5.179392
v -1.773016 1.180034 -5.179392
v -1.752862 1.198443 -4.949759
v -1.752862 1.198443 -4.949759
v -1.752862 1.198443 -4.949759
v -1.510039 1.196745 -4.970935
v -1.510039 1.196745 -4.970935
v -1.510039 1.196745 -4.970935
v -1.752862 0.756113 -4.914299
v -1.752862 0.756113 -4.914299
v -1.752862 0.756113 -4.914299
v -1.530194 1.178336 -5.200569
v -1.530194 1.178336 -5.200569
v -1.530194 1.178336 -5.200569
v -1.773016 0.737703 -5.143932
v -1.773016 0.737703 -5.143932
v -1.773016 0.737703 -5.143932
vn 0.9962 -0.0070 -0.0869
vn -0.9962 0.0070 0.0869
vn -0.0000 0.9968 -0.0799
vn -0.0000 -0.9968 0.0799
vn 0.0872 0.0796 0.9930
vn -0.0872 -0.0796 -0.9930
vt 0.201202 0.589877
vt 0.201202 0.601532
vt 0.207012 0.589877
vt 0.207012 0.601532
vt 0.212913 0.589877
vt 0.212913 0.601532
vt 0.218723 0.589877
vt 0.218723 0.601532
vt 0.212867 0.589808
vt 0.212867 0.584015
vt 0.207058 0.589808
vt 0.207058 0.584015
vt 0.218723 0.584015
vt 0.218723 0.589808
vt 0.212913 0.584015
vt 0.212913 0.589808
vt 0.218769 0.589877
vt 0.218769 0.601532
vt 0.224578 0.589877
vt 0.224578 0.601532
vt 0.207058 0.589877
vt 0.207058 0.601532
vt 0.212867 0.589877
vt 0.212867 0.601532
s 0
usemtl material_0
f 2415/2317/601 2403/2318/601 2421/2319/601
f 2403/2318/601 2406/2320/601 2421/2319/601
f 2409/2321/602 2424/2322/602 2412/2323/602
f 2424/2322/602 2418/2324/602 2412/2323/602
f 2408/2325/603 2411/2326/603 2420/2327/603
f 2411/2326/603 2414/2328/603 2420/2327/603
f 2417/2329/604 2423/2330/604 2402/2331/604
f 2423/2330/604 2405/2332/604 2402/2331/604
f 2410/2333/605 2416/2334/605 2413/2335/605
f 2416/2334/605 2401/2336/605 2413/2335/605
f 2419/2337/606 2404/2338/606 2407/2339/606
f 2404/2338/606 2422/2340/606 2407/2339/606
o _gltfNode_282
v -1.423929 0.737705 -5.143914
v -1.423929 0.737705 -5.143914
v -1.423929 0.737705 -5.143914
v -1.275284 0.723549 -5.320496
v -1.275284 0.723549 -5.320496
v -1.275284 0.723549 -5.320496
v -1.462008 1.153359 -5.512135
v -1.462008 1.153359 -5.512135
v -1.462008 1.153359 -5.512135
v -1.610652 1.167515 -5.335553
v -1.610652 1.167515 -5.335553
v -1.610652 1.167515 -5.335553
v -1.423929 1.180035 -5.179374
v -1.423929 1.180035 -5.179374
v -1.423929 1.180035 -5.179374
v -1.610652 0.725185 -5.300092
v -1.610652 0.725185 -5.300092
v -1.610652 0.725185 -5.300092
v -1.275284 1.165879 -5.355956
v -1.275284 1.165879 -5.355956
v -1.275284 1.165879 -5.355956
v -1.462008 0.711029 -5.476674
v -1.462008 0.711029 -5.476674
v -1.462008 0.711029 -5.476674
vn 0.7660 0.0514 0.6407
vn -0.7660 -0.0514 -0.6407
vn -0.0000 0.9968 -0.0799
vn -0.0000 -0.9968 0.0799
vn -0.6428 0.0612 0.7636
vn 0.6428 -0.0612 -0.7636
vt 0.201202 0.589877
vt 0.201202 0.601532
vt 0.207012 0.589877
vt 0.207012 0.601532
vt 0.212913 0.589877
vt 0.212913 0.601532
vt 0.218723 0.589877
vt 0.218723 0.601532
vt 0.212867 0.589808
vt 0.212867 0.584015
vt 0.207058 0.589808
vt 0.207058 0.584015
vt 0.218723 0.584015
vt 0.218723 0.589808
vt 0.212913 0.584015
vt 0.212913 0.589808
vt 0.218769 0.589877
vt 0.218769 0.601532
vt 0.224578 0.589877
vt 0.224578 0.601532
vt 0.207058 0.589877
vt 0.207058 0.601532
vt 0.212867 0.589877
vt 0.212867 0.601532
s 0
usemtl material_0
f 2439/2341/607 2427/2342/607 2445/2343/607
f 2427/2342/607 2430/2344/607 2445/2343/607
f 2433/2345/608 2448/2346/608 2436/2347/608
f 2448/2346/608 2442/2348/608 2436/2347/608
f 2432/2349/609 2435/2350/609 2444/2351/609
f 2435/2350/609 2438/2352/609 2444/2351/609
f 2441/2353/610 2447/2354/610 2426/2355/610
f 2447/2354/610 2429/2356/610 2426/2355/610
f 2434/2357/611 2440/2358/611 2437/2359/611
f 2440/2358/611 2425/2360/611 2437/2359/611
f 2443/2361/612 2428/2362/612 2431/2363/612
f 2428/2362/612 2446/2364/612 2431/2363/612
o _gltfNode_285
v -1.285634 0.721641 -5.344297
v -1.285634 0.721641 -5.344297
v -1.285634 0.721641 -5.344297
v -1.055263 0.723252 -5.324207
v -1.055263 0.723252 -5.324207
v -1.055263 0.723252 -5.324207
v -1.034019 1.146178 -5.601713
v -1.034019 1.146178 -5.601713
v -1.034019 1.146178 -5.601713
v -1.264390 1.144567 -5.621803
v -1.264390 1.144567 -5.621803
v -1.264390 1.144567 -5.621803
v -1.285634 1.163971 -5.379758
v -1.285634 1.163971 -5.379758
v -1.285634 1.163971 -5.379758
v -1.264390 0.702237 -5.586343
v -1.264390 0.702237 -5.586343
v -1.264390 0.702237 -5.586343
v -1.055263 1.165582 -5.359667
v -1.055263 1.165582 -5.359667
v -1.055263 1.165582 -5.359667
v -1.034019 0.703847 -5.566253
v -1.034019 0.703847 -5.566253
v -1.034019 0.703847 -5.566253
vn -0.0872 0.0796 0.9930
vn 0.0872 -0.0796 -0.9930
vn -0.0000 0.9968 -0.0799
vn -0.0000 -0.9968 0.0799
vn -0.9962 -0.0070 -0.0869
vn 0.9962 0.0070 0.0869
vt 0.201202 0.589877
vt 0.201202 0.601532
vt 0.207012 0.589877
vt 0.207012 0.601532
vt 0.212913 0.589877
vt 0.212913 0.601532
vt 0.218723 0.589877
vt 0.218723 0.601532
vt 0.212867 0.589808
vt 0.212867 0.584015
vt 0.207058 0.589808
vt 0.207058 0.584015
vt 0.218723 0.584015
vt 0.218723 0.589808
vt 0.212913 0.584015
vt 0.212913 0.589808
vt 0.218769 0.589877
vt 0.218769 0.601532
vt 0.224578 0.589877
vt 0.224578 0.601532
vt 0.207058 0.589877
vt 0.207058 0.601532
vt 0.212867 0.589877
vt 0.212867 0.601532
s 0
usemtl material_0
f 2463/2365/613 2451/2366/613 2469/2367/613
f 2451/2366/613 2454/2368/613 2469/2367/613
f 2457/2369/614 2472/2370/614 2460/2371/614
f 2472/2370/614 2466/2372/614 2460/2371/614
f 2456/2373/615 2459/2374/615 2468/2375/615
f 2459/2374/615 2462/2376/615 2468/2375/615
f 2465/2377/616 2471/2378/616 2450/2379/616
f 2471/2378/616 2453/2380/616 2450/2379/616
f 2458/2381/617 2464/2382/617 2461/2383/617
f 2464/2382/617 2449/2384/617 2461/2383/617
f 2467/2385/618 2452/2386/618 2455/2387/618
f 2452/2386/618 2470/2388/618 2455/2387/618
o _gltfNode_288
v -0.973134 0.659341 -5.339303
v -0.973134 0.659341 -5.339303
v -0.973134 0.659341 -5.339303
v -0.742763 0.660951 -5.319212
v -0.742763 0.660951 -5.319212
v -0.742763 0.660951 -5.319212
v -0.721519 1.083878 -5.596718
v -0.721519 1.083878 -5.596718
v -0.721519 1.083878 -5.596718
v -0.951890 1.082267 -5.616808
v -0.951890 1.082267 -5.616808
v -0.951890 1.082267 -5.616808
v -0.973134 1.101671 -5.374763
v -0.973134 1.101671 -5.374763
v -0.973134 1.101671 -5.374763
v -0.951890 0.639937 -5.581348
v -0.951890 0.639937 -5.581348
v -0.951890 0.639937 -5.581348
v -0.742763 1.103282 -5.354672
v -0.742763 1.103282 -5.354672
v -0.742763 1.103282 -5.354672
v -0.721519 0.641547 -5.561258
v -0.721519 0.641547 -5.561258
v -0.721519 0.641547 -5.561258
vn -0.0872 0.0796 0.9930
vn 0.0872 -0.0796 -0.9930
vn -0.0000 0.9968 -0.0799
vn -0.0000 -0.9968 0.0799
vn -0.9962 -0.0070 -0.0869
vn 0.9962 0.0070 0.0869
vt 0.201202 0.589877
vt 0.201202 0.601532
vt 0.207012 0.589877
vt 0.207012 0.601532
vt 0.212913 0.589877
vt 0.212913 0.601532
vt 0.218723 0.589877
vt 0.218723 0.601532
vt 0.212867 0.589808
vt 0.212867 0.584015
vt 0.207058 0.589808
vt 0.207058 0.584015
vt 0.218723 0.584015
vt 0.218723 0.589808
vt 0.212913 0.584015
vt 0.212913 0.589808
vt 0.218769 0.589877
vt 0.218769 0.601532
vt 0.224578 0.589877
vt 0.224578 0.601532
vt 0.207058 0.589877
vt 0.207058 0.601532
vt 0.212867 0.589877
vt 0.212867 0.601532
s 0
usemtl material_0
f 2487/2389/619 2475/2390/619 2493/2391/619
f 2475/2390/619 2478/2392/619 2493/2391/619
f 2481/2393/620 2496/2394/620 2484/2395/620
f 2496/2394/620 2490/2396/620 2484/2395/620
f 2480/2397/621 2483/2398/621 2492/2399/621
f 2483/2398/621 2486/2400/621 2492/2399/621
f 2489/2401/622 2495/2402/622 2474/2403/622
f 2495/2402/622 2477/2404/622 2474/2403/622
f 2482/2405/623 2488/2406/623 2485/2407/623
f 2488/2406/623 2473/2408/623 2485/2407/623
f 2491/2409/624 2476/2410/624 2479/2411/624
f 2476/2410/624 2494/2412/624 2479/2411/624
o _gltfNode_291
v -0.598134 0.597041 -5.334308
v -0.598134 0.597041 -5.334308
v -0.598134 0.597041 -5.334308
v -0.367763 0.598651 -5.314218
v -0.367763 0.598651 -5.314218
v -0.367763 0.598651 -5.314218
v -0.346519 1.021577 -5.591724
v -0.346519 1.021577 -5.591724
v -0.346519 1.021577 -5.591724
v -0.576890 1.019967 -5.611814
v -0.576890 1.019967 -5.611814
v -0.576890 1.019967 -5.611814
v -0.598134 1.039371 -5.369769
v -0.598134 1.039371 -5.369769
v -0.598134 1.039371 -5.369769
v -0.576890 0.577637 -5.576354
v -0.576890 0.577637 -5.576354
v -0.576890 0.577637 -5.576354
v -0.367763 1.040982 -5.349678
v -0.367763 1.040982 -5.349678
v -0.367763 1.040982 -5.349678
v -0.346519 0.579247 -5.556263
v -0.346519 0.579247 -5.556263
v -0.346519 0.579247 -5.556263
vn -0.0872 0.0796 0.9930
vn 0.0872 -0.0796 -0.9930
vn -0.0000 0.9968 -0.0799
vn -0.0000 -0.9968 0.0799
vn -0.9962 -0.0070 -0.0869
vn 0.9962 0.0070 0.0869
vt 0.201202 0.589877
vt 0.201202 0.601532
vt 0.207012 0.589877
vt 0.207012 0.601532
vt 0.212913 0.589877
vt 0.212913 0.601532
vt 0.218723 0.589877
vt 0.218723 0.601532
vt 0.212867 0.589808
vt 0.212867 0.584015
vt 0.207058 0.589808
vt 0.207058 0.584015
vt 0.218723 0.584015
vt 0.218723 0.589808
vt 0.212913 0.584015
vt 0.212913 0.589808
vt 0.218769 0.589877
vt 0.218769 0.601532
vt 0.224578 0.589877
vt 0.224578 0.601532
vt 0.207058 0.589877
vt 0.207058 0.601532
vt 0.212867 0.589877
vt 0.212867 0.601532
s 0
usemtl material_0
f 2511/2413/625 2499/2414/625 2517/2415/625
f 2499/2414/625 2502/2416/625 2517/2415/625
f 2505/2417/626 2520/2418/626 2508/2419/626
f 2520/2418/626 2514/2420/626 2508/2419/626
f 2504/2421/627 2507/2422/627 2516/2423/627
f 2507/2422/627 2510/2424/627 2516/2423/627
f 2513/2425/628 2519/2426/628 2498/2427/628
f 2519/2426/628 2501/2428/628 2498/2427/628
f 2506/2429/629 2512/2430/629 2509/2431/629
f 2512/2430/629 2497/2432/629 2509/2431/629
f 2515/2433/630 2500/2434/630 2503/2435/630
f 2500/2434/630 2518/2436/630 2503/2435/630
o _gltfNode_294
v -0.285634 0.534741 -5.329314
v -0.285634 0.534741 -5.329314
v -0.285634 0.534741 -5.329314
v -0.055263 0.536351 -5.309223
v -0.055263 0.536351 -5.309223
v -0.055263 0.536351 -5.309223
v -0.034019 0.959277 -5.586730
v -0.034019 0.959277 -5.586730
v -0.034019 0.959277 -5.586730
v -0.264390 0.957667 -5.606820
v -0.264390 0.957667 -5.606820
v -0.264390 0.957667 -5.606820
v -0.285634 0.977071 -5.364774
v -0.285634 0.977071 -5.364774
v -0.285634 0.977071 -5.364774
v -0.264390 0.515336 -5.571360
v -0.264390 0.515336 -5.571360
v -0.264390 0.515336 -5.571360
v -0.055263 0.978681 -5.344684
v -0.055263 0.978681 -5.344684
v -0.055263 0.978681 -5.344684
v -0.034019 0.516947 -5.551269
v -0.034019 0.516947 -5.551269
v -0.034019 0.516947 -5.551269
vn -0.0872 0.0796 0.9930
vn 0.0872 -0.0796 -0.9930
vn -0.0000 0.9968 -0.0799
vn -0.0000 -0.9968 0.0799
vn -0.9962 -0.0070 -0.0869
vn 0.9962 0.0070 0.0869
vt 0.201202 0.589877
vt 0.201202 0.601532
vt 0.207012 0.589877
vt 0.207012 0.601532
vt 0.212913 0.589877
vt 0.212913 0.601532
vt 0.218723 0.589877
vt 0.218723 0.601532
vt 0.212867 0.589808
vt 0.212867 0.584015
vt 0.207058 0.589808
vt 0.207058 0.584015
vt 0.218723 0.584015
vt 0.218723 0.589808
vt 0.212913 0.584015
vt 0.212913 0.589808
vt 0.218769 0.589877
vt 0.218769 0.601532
vt 0.224578 0.589877
vt 0.224578 0.601532
vt 0.207058 0.589877
vt 0.207058 0.601532
vt 0.212867 0.589877
vt 0.212867 0.601532
s 0
usemtl material_0
f 2535/2437/631 2523/2438/631 2541/2439/631
f 2523/2438/631 2526/2440/631 2541/2439/631
f 2529/2441/632 2544/2442/632 2532/2443/632
f 2544/2442/632 2538/2444/632 2532/2443/632
f 2528/2445/633 2531/2446/633 2540/2447/633
f 2531/2446/633 2534/2448/633 2540/2447/633
f 2537/2449/634 2543/2450/634 2522/2451/634
f 2543/2450/634 2525/2452/634 2522/2451/634
f 2530/2453/635 2536/2454/635 2533/2455/635
f 2536/2454/635 2521/2456/635 2533/2455/635
f 2539/2457/636 2524/2458/636 2527/2459/636
f 2524/2458/636 2542/2460/636 2527/2459/636
o _gltfNode_300
v -0.995447 1.667504 -4.981170
v -0.995447 1.667504 -4.981170
v -0.995447 1.667504 -4.981170
v -1.050530 1.665563 -5.326803
v -1.050530 1.665563 -5.326803
v -1.050530 1.665563 -5.326803
v -1.732637 2.546433 -5.223043
v -1.732637 2.546433 -5.223043
v -1.732637 2.546433 -5.223043
v -1.677554 2.548373 -4.877410
v -1.677554 2.548373 -4.877410
v -1.677554 2.548373 -4.877410
v -0.784138 2.119209 -5.017382
v -0.784138 2.119209 -5.017382
v -0.784138 2.119209 -5.017382
v -1.888864 2.096668 -4.841198
v -1.888864 2.096668 -4.841198
v -1.888864 2.096668 -4.841198
v -0.839220 2.117268 -5.363015
v -0.839220 2.117268 -5.363015
v -0.839220 2.117268 -5.363015
v -1.943946 2.094728 -5.186831
v -1.943946 2.094728 -5.186831
v -1.943946 2.094728 -5.186831
vn 0.8925 -0.4287 -0.1398
vn -0.8925 0.4287 0.1398
vn 0.4226 0.9034 -0.0724
vn -0.4226 -0.9034 0.0724
vn 0.1574 0.0055 0.9875
vn -0.1574 -0.0055 -0.9875
vt 0.296906 0.800811
vt 0.296906 0.816376
vt 0.306531 0.800811
vt 0.306531 0.816376
vt 0.337971 0.800811
vt 0.337971 0.816376
vt 0.347596 0.800811
vt 0.347596 0.816376
vt 0.337811 0.800761
vt 0.337811 0.791046
vt 0.306691 0.800761
vt 0.306691 0.791046
vt 0.369091 0.791046
vt 0.369091 0.800761
vt 0.337971 0.791046
vt 0.337971 0.800761
vt 0.347756 0.800811
vt 0.347756 0.816376
vt 0.378876 0.800811
vt 0.378876 0.816376
vt 0.306691 0.800811
vt 0.306691 0.816376
vt 0.337811 0.800811
vt 0.337811 0.816376
s 0
usemtl material_0
f 2559/2461/637 2547/2462/637 2565/2463/637
f 2547/2462/637 2550/2464/637 2565/2463/637
f 2553/2465/638 2568/2466/638 2556/2467/638
f 2568/2466/638 2562/2468/638 2556/2467/638
f 2552/2469/639 2555/2470/639 2564/2471/639
f 2555/2470/639 2558/2472/639 2564/2471/639
f 2561/2473/640 2567/2474/640 2546/2475/640
f 2567/2474/640 2549/2476/640 2546/2475/640
f 2554/2477/641 2560/2478/641 2557/2479/641
f 2560/2478/641 2545/2480/641 2557/2479/641
f 2563/2481/642 2548/2482/642 2551/2483/642
f 2548/2482/642 2566/2484/642 2551/2483/642
o _gltfNode_302
v 0.067725 1.922195 -4.998756
v 0.067725 1.922195 -4.998756
v 0.067725 1.922195 -4.998756
v 0.067725 1.894226 -5.347638
v 0.067725 1.894226 -5.347638
v 0.067725 1.894226 -5.347638
v -1.138827 2.138098 -5.367188
v -1.138827 2.138098 -5.367188
v -1.138827 2.138098 -5.367188
v -1.138827 2.166066 -5.018307
v -1.138827 2.166066 -5.018307
v -1.138827 2.166066 -5.018307
v -0.040495 2.408782 -5.037765
v -0.040495 2.408782 -5.037765
v -0.040495 2.408782 -5.037765
v -1.030607 1.679479 -4.979299
v -1.030607 1.679479 -4.979299
v -1.030607 1.679479 -4.979299
v -0.040495 2.380814 -5.386646
v -0.040495 2.380814 -5.386646
v -0.040495 2.380814 -5.386646
v -1.030607 1.651510 -5.328180
v -1.030607 1.651510 -5.328180
v -1.030607 1.651510 -5.328180
vn 0.9763 0.2157 -0.0173
vn -0.9763 -0.2157 0.0173
vn -0.2164 0.9732 -0.0780
vn 0.2164 -0.9732 0.0780
vn -0.0000 0.0799 0.9968
vn -0.0000 -0.0799 -0.9968
vt 0.320343 0.775421
vt 0.320343 0.790986
vt 0.330007 0.775421
vt 0.330007 0.790986
vt 0.365322 0.775421
vt 0.365322 0.790986
vt 0.374986 0.775421
vt 0.374986 0.790986
vt 0.365146 0.775371
vt 0.365146 0.765656
vt 0.330182 0.775371
vt 0.330182 0.765656
vt 0.400286 0.765656
vt 0.400286 0.775371
vt 0.365322 0.765656
vt 0.365322 0.775371
vt 0.410126 0.775421
vt 0.410126 0.790986
vt 0.330182 0.775421
vt 0.330182 0.790986
vt 0.365146 0.775421
vt 0.365146 0.790986
s 0
usemtl material_0
f 2583/2485/643 2571/2486/643 2589/2487/643
f 2571/2486/643 2574/2488/643 2589/2487/643
f 2577/2489/644 2592/2490/644 2580/2491/644
f 2592/2490/644 2586/2492/644 2580/2491/644
f 2576/2493/645 2579/2494/645 2588/2495/645
f 2579/2494/645 2582/2496/645 2588/2495/645
f 2585/2497/646 2591/2498/646 2570/2499/646
f 2591/2498/646 2573/2500/646 2570/2499/646
f 2578/2491/647 2584/2492/647 2581/2501/647
f 2584/2492/647 2569/2502/647 2581/2501/647
f 2587/2503/648 2572/2504/648 2575/2505/648
f 2572/2504/648 2590/2506/648 2575/2505/648
o _gltfNode_304
v 0.907445 1.679073 -4.979266
v 0.907445 1.679073 -4.979266
v 0.907445 1.679073 -4.979266
v 0.907445 1.651104 -5.328147
v 0.907445 1.651104 -5.328147
v 0.907445 1.651104 -5.328147
v -0.022129 2.367029 -5.385541
v -0.022129 2.367029 -5.385541
v -0.022129 2.367029 -5.385541
v -0.022129 2.394998 -5.036660
v -0.022129 2.394998 -5.036660
v -0.022129 2.394998 -5.036660
v 1.015665 2.165660 -5.018274
v 1.015665 2.165660 -5.018274
v 1.015665 2.165660 -5.018274
v -0.130349 1.908411 -4.997652
v -0.130349 1.908411 -4.997652
v -0.130349 1.908411 -4.997652
v 1.015665 2.137691 -5.367156
v 1.015665 2.137691 -5.367156
v 1.015665 2.137691 -5.367156
v -0.130349 1.880442 -5.346533
v -0.130349 1.880442 -5.346533
v -0.130349 1.880442 -5.346533
vn 0.9763 -0.2157 0.0173
vn -0.9763 0.2157 -0.0173
vn 0.2164 0.9732 -0.0780
vn -0.2164 -0.9732 0.0780
vn -0.0000 0.0799 0.9968
vn -0.0000 -0.0799 -0.9968
vt 0.488312 0.787139
vt 0.488312 0.802704
vt 0.498059 0.787139
vt 0.498059 0.802704
vt 0.531334 0.787139
vt 0.531334 0.802704
vt 0.540914 0.787139
vt 0.540914 0.802704
vt 0.531166 0.787089
vt 0.531166 0.777374
vt 0.498059 0.787089
vt 0.498059 0.777374
vt 0.564441 0.777374
vt 0.564441 0.787089
vt 0.531334 0.777374
vt 0.531334 0.787089
vt 0.541082 0.787139
vt 0.541082 0.802704
vt 0.574189 0.787139
vt 0.574189 0.802704
vt 0.531166 0.787139
vt 0.531166 0.802704
s 0
usemtl material_0
f 2607/2507/649 2595/2508/649 2613/2509/649
f 2595/2508/649 2598/2510/649 2613/2509/649
f 2601/2511/650 2616/2512/650 2604/2513/650
f 2616/2512/650 2610/2514/650 2604/2513/650
f 2600/2515/651 2603/2516/651 2612/2517/651
f 2603/2516/651 2606/2518/651 2612/2517/651
f 2609/2519/652 2615/2520/652 2594/2521/652
f 2615/2520/652 2597/2522/652 2594/2521/652
f 2602/2523/653 2608/2524/653 2605/2525/653
f 2608/2524/653 2593/2526/653 2605/2525/653
f 2611/2509/654 2596/2510/654 2599/2527/654
f 2596/2510/654 2614/2528/654 2599/2527/654
o _gltfNode_306
v 1.765544 2.097476 -4.840935
v 1.765544 2.097476 -4.840935
v 1.765544 2.097476 -4.840935
v 1.820626 2.095535 -5.186568
v 1.820626 2.095535 -5.186568
v 1.820626 2.095535 -5.186568
v 0.715901 2.118076 -5.362752
v 0.715901 2.118076 -5.362752
v 0.715901 2.118076 -5.362752
v 0.660818 2.120016 -5.017118
v 0.660818 2.120016 -5.017118
v 0.660818 2.120016 -5.017118
v 1.554235 2.549181 -4.877147
v 1.554235 2.549181 -4.877147
v 1.554235 2.549181 -4.877147
v 0.872127 1.668311 -4.980906
v 0.872127 1.668311 -4.980906
v 0.872127 1.668311 -4.980906
v 1.609317 2.547240 -5.222780
v 1.609317 2.547240 -5.222780
v 1.609317 2.547240 -5.222780
v 0.927210 1.666371 -5.326540
v 0.927210 1.666371 -5.326540
v 0.927210 1.666371 -5.326540
vn 0.8925 0.4287 0.1398
vn -0.8925 -0.4287 -0.1398
vn -0.4226 0.9034 -0.0724
vn 0.4226 -0.9034 0.0724
vn -0.1574 0.0055 0.9875
vn 0.1574 -0.0055 -0.9875
vt 0.000031 0.802764
vt 0.000031 0.818329
vt 0.009655 0.802764
vt 0.009655 0.818329
vt 0.041096 0.802764
vt 0.041096 0.818329
vt 0.050720 0.802764
vt 0.050720 0.818329
vt 0.040935 0.802714
vt 0.040935 0.792999
vt 0.009816 0.802714
vt 0.009816 0.792999
vt 0.072215 0.792999
vt 0.072215 0.802714
vt 0.041096 0.792999
vt 0.041096 0.802714
vt 0.050881 0.802764
vt 0.050881 0.818329
vt 0.082001 0.802764
vt 0.082001 0.818329
vt 0.009816 0.802764
vt 0.009816 0.818329
vt 0.040935 0.802764
vt 0.040935 0.818329
s 0
usemtl material_0
f 2631/2529/655 2619/2530/655 2637/2531/655
f 2619/2530/655 2622/2532/655 2637/2531/655
f 2625/2533/656 2640/2534/656 2628/2535/656
f 2640/2534/656 2634/2536/656 2628/2535/656
f 2624/2537/657 2627/2538/657 2636/2539/657
f 2627/2538/657 2630/2540/657 2636/2539/657
f 2633/2541/658 2639/2542/658 2618/2543/658
f 2639/2542/658 2621/2544/658 2618/2543/658
f 2626/2545/659 2632/2546/659 2629/2547/659
f 2632/2546/659 2617/2548/659 2629/2547/659
f 2635/2549/660 2620/2550/660 2623/2551/660
f 2620/2550/660 2638/2552/660 2623/2551/660
o _gltfNode_308
v 2.035131 2.098677 -4.666316
v 2.035131 2.098677 -4.666316
v 2.035131 2.098677 -4.666316
v 2.205568 2.154310 -4.966910
v 2.205568 2.154310 -4.966910
v 2.205568 2.154310 -4.966910
v 1.623540 2.557310 -5.222332
v 1.623540 2.557310 -5.222332
v 1.623540 2.557310 -5.222332
v 1.453104 2.501677 -4.921738
v 1.453104 2.501677 -4.921738
v 1.453104 2.501677 -4.921738
v 1.929940 2.586525 -4.635670
v 1.929940 2.586525 -4.635670
v 1.929940 2.586525 -4.635670
v 1.558296 2.013829 -4.952383
v 1.558296 2.013829 -4.952383
v 1.558296 2.013829 -4.952383
v 2.100375 2.642158 -4.936265
v 2.100375 2.642158 -4.936265
v 2.100375 2.642158 -4.936265
v 1.728732 2.069462 -5.252977
v 1.728732 2.069462 -5.252977
v 1.728732 2.069462 -5.252977
vn 0.8477 0.1508 0.5086
vn -0.8477 -0.1508 -0.5086
vn -0.2104 0.9757 0.0613
vn 0.2104 -0.9757 -0.0613
vn -0.4870 -0.1590 0.8588
vn 0.4870 0.1590 -0.8588
vt 0.722687 0.812530
vt 0.722687 0.828095
vt 0.732415 0.812530
vt 0.732415 0.828095
vt 0.750054 0.812530
vt 0.750054 0.828095
vt 0.759782 0.812530
vt 0.759782 0.828095
vt 0.749947 0.812480
vt 0.749947 0.802765
vt 0.732415 0.812480
vt 0.732415 0.802765
vt 0.767585 0.802765
vt 0.767585 0.812480
vt 0.750054 0.802765
vt 0.750054 0.812480
vt 0.777313 0.812530
vt 0.777313 0.828095
vt 0.749947 0.812530
vt 0.749947 0.828095
s 0
usemtl material_0
f 2655/2553/661 2643/2554/661 2661/2555/661
f 2643/2554/661 2646/2556/661 2661/2555/661
f 2649/2557/662 2664/2558/662 2652/2559/662
f 2664/2558/662 2658/2560/662 2652/2559/662
f 2648/2561/663 2651/2562/663 2660/2563/663
f 2651/2562/663 2654/2564/663 2660/2563/663
f 2657/2565/664 2663/2566/664 2642/2567/664
f 2663/2566/664 2645/2568/664 2642/2567/664
f 2650/2559/665 2656/2560/665 2653/2569/665
f 2656/2560/665 2641/2570/665 2653/2569/665
f 2659/2555/666 2644/2556/666 2647/2571/666
f 2644/2556/666 2662/2572/666 2647/2571/666
o _gltfNode_310
v -0.351571 1.711314 -3.062548
v -0.351571 1.711314 -3.062548
v -0.351571 1.711314 -3.062548
v -1.491614 1.978665 -5.042145
v -1.491614 1.978665 -5.042145
v -1.491614 1.978665 -5.042145
v -2.054117 2.586417 -4.636123
v -2.054117 2.586417 -4.636123
v -2.054117 2.586417 -4.636123
v -0.914073 2.319065 -2.656526
v -0.914073 2.319065 -2.656526
v -0.914073 2.319065 -2.656526
v -0.257099 2.202164 -3.050663
v -0.257099 2.202164 -3.050663
v -0.257099 2.202164 -3.050663
v -1.008545 1.828215 -2.668411
v -1.008545 1.828215 -2.668411
v -1.008545 1.828215 -2.668411
v -1.397143 2.469516 -5.030260
v -1.397143 2.469516 -5.030260
v -1.397143 2.469516 -5.030260
v -2.148588 2.095566 -4.648008
v -2.148588 2.095566 -4.648008
v -2.148588 2.095566 -4.648008
vn 0.8477 -0.1508 -0.5086
vn -0.8477 0.1508 0.5086
vn 0.1889 0.9817 0.0238
vn -0.1889 -0.9817 -0.0238
vn 0.4957 -0.1162 0.8607
vn -0.4957 0.1162 -0.8607
vt 0.148468 0.720733
vt 0.148468 0.736298
vt 0.218700 0.720733
vt 0.218700 0.736298
vt 0.242233 0.720733
vt 0.242233 0.736298
vt 0.312466 0.720733
vt 0.312466 0.736298
vt 0.242142 0.720691
vt 0.242142 0.650421
vt 0.218792 0.720691
vt 0.218792 0.650421
vt 0.265583 0.650421
vt 0.265583 0.720691
vt 0.242233 0.650421
vt 0.242233 0.720691
vt 0.312557 0.720733
vt 0.312557 0.736298
vt 0.335907 0.720733
vt 0.335907 0.736298
vt 0.218792 0.720733
vt 0.218792 0.736298
vt 0.242142 0.720733
vt 0.242142 0.736298
s 0
usemtl material_0
f 2679/2573/667 2667/2574/667 2685/2575/667
f 2667/2574/667 2670/2576/667 2685/2575/667
f 2673/2577/668 2688/2578/668 2676/2579/668
f 2688/2578/668 2682/2580/668 2676/2579/668
f 2672/2581/669 2675/2582/669 2684/2583/669
f 2675/2582/669 2678/2584/669 2684/2583/669
f 2681/2585/670 2687/2586/670 2666/2587/670
f 2687/2586/670 2669/2588/670 2666/2587/670
f 2674/2589/671 2680/2590/671 2677/2591/671
f 2680/2590/671 2665/2592/671 2677/2591/671
f 2683/2593/672 2668/2594/672 2671/2595/672
f 2668/2594/672 2686/2596/672 2671/2595/672
o _gltfNode_312
v -1.681696 2.013546 -4.953339
v -1.681696 2.013546 -4.953339
v -1.681696 2.013546 -4.953339
v -1.852131 2.069179 -5.253933
v -1.852131 2.069179 -5.253933
v -1.852131 2.069179 -5.253933
v -2.223775 2.641874 -4.937220
v -2.223775 2.641874 -4.937220
v -2.223775 2.641874 -4.937220
v -2.053339 2.586241 -4.636626
v -2.053339 2.586241 -4.636626
v -2.053339 2.586241 -4.636626
v -1.576503 2.501394 -4.922693
v -1.576503 2.501394 -4.922693
v -1.576503 2.501394 -4.922693
v -2.158531 2.098393 -4.667271
v -2.158531 2.098393 -4.667271
v -2.158531 2.098393 -4.667271
v -1.746939 2.557027 -5.223288
v -1.746939 2.557027 -5.223288
v -1.746939 2.557027 -5.223288
v -2.328967 2.154026 -4.967865
v -2.328967 2.154026 -4.967865
v -2.328967 2.154026 -4.967865
vn 0.8477 -0.1508 -0.5086
vn -0.8477 0.1508 0.5086
vn 0.2104 0.9757 0.0613
vn -0.2104 -0.9757 -0.0613
vn 0.4870 -0.1590 0.8588
vn -0.4870 0.1590 -0.8588
vt 0.777374 0.812530
vt 0.777374 0.828095
vt 0.787102 0.812530
vt 0.787102 0.828095
vt 0.804741 0.812530
vt 0.804741 0.828095
vt 0.814469 0.812530
vt 0.814469 0.828095
vt 0.804634 0.812480
vt 0.804634 0.802765
vt 0.787102 0.812480
vt 0.787102 0.802765
vt 0.822272 0.802765
vt 0.822272 0.812480
vt 0.804741 0.802765
vt 0.804741 0.812480
vt 0.832000 0.812530
vt 0.832000 0.828095
vt 0.804634 0.812530
vt 0.804634 0.828095
s 0
usemtl material_0
f 2703/2597/673 2691/2598/673 2709/2599/673
f 2691/2598/673 2694/2600/673 2709/2599/673
f 2697/2601/674 2712/2602/674 2700/2603/674
f 2712/2602/674 2706/2604/674 2700/2603/674
f 2696/2605/675 2699/2606/675 2708/2607/675
f 2699/2606/675 2702/2608/675 2708/2607/675
f 2705/2609/676 2711/2610/676 2690/2611/676
f 2711/2610/676 2693/2612/676 2690/2611/676
f 2698/2603/677 2704/2604/677 2701/2613/677
f 2704/2604/677 2689/2614/677 2701/2613/677
f 2707/2599/678 2692/2600/678 2695/2615/678
f 2692/2600/678 2710/2616/678 2695/2615/678
o _gltfNode_314
v 1.008542 1.828215 -2.668411
v 1.008542 1.828215 -2.668411
v 1.008542 1.828215 -2.668411
v 2.148585 2.095566 -4.648008
v 2.148585 2.095566 -4.648008
v 2.148585 2.095566 -4.648008
v 1.397140 2.469516 -5.030260
v 1.397140 2.469516 -5.030260
v 1.397140 2.469516 -5.030260
v 0.257096 2.202164 -3.050663
v 0.257096 2.202164 -3.050663
v 0.257096 2.202164 -3.050663
v 0.914070 2.319065 -2.656526
v 0.914070 2.319065 -2.656526
v 0.914070 2.319065 -2.656526
v 0.351568 1.711314 -3.062548
v 0.351568 1.711314 -3.062548
v 0.351568 1.711314 -3.062548
v 2.054114 2.586417 -4.636123
v 2.054114 2.586417 -4.636123
v 2.054114 2.586417 -4.636123
v 1.491611 1.978665 -5.042145
v 1.491611 1.978665 -5.042145
v 1.491611 1.978665 -5.042145
vn 0.8477 0.1508 0.5086
vn -0.8477 -0.1508 -0.5086
vn -0.1889 0.9817 0.0238
vn 0.1889 -0.9817 -0.0238
vn -0.4957 -0.1162 0.8607
vn 0.4957 0.1162 -0.8607
vt 0.312466 0.720733
vt 0.312466 0.736298
vt 0.242233 0.720733
vt 0.242233 0.736298
vt 0.218700 0.720733
vt 0.218700 0.736298
vt 0.148468 0.720733
vt 0.148468 0.736298
vt 0.218792 0.720691
vt 0.218792 0.650421
vt 0.242142 0.720691
vt 0.242142 0.650421
vt 0.242233 0.650421
vt 0.242233 0.720691
vt 0.265583 0.650421
vt 0.265583 0.720691
vt 0.335907 0.720733
vt 0.335907 0.736298
vt 0.312557 0.720733
vt 0.312557 0.736298
vt 0.242142 0.720733
vt 0.242142 0.736298
vt 0.218792 0.720733
vt 0.218792 0.736298
s 0
usemtl material_0
f 2727/2617/679 2715/2618/679 2733/2619/679
f 2715/2618/679 2718/2620/679 2733/2619/679
f 2721/2621/680 2736/2622/680 2724/2623/680
f 2736/2622/680 2730/2624/680 2724/2623/680
f 2720/2625/681 2723/2626/681 2732/2627/681
f 2723/2626/681 2726/2628/681 2732/2627/681
f 2729/2629/682 2735/2630/682 2714/2631/682
f 2735/2630/682 2717/2632/682 2714/2631/682
f 2722/2633/683 2728/2634/683 2725/2635/683
f 2728/2634/683 2713/2636/683 2725/2635/683
f 2731/2637/684 2716/2638/684 2719/2639/684
f 2716/2638/684 2734/2640/684 2719/2639/684
o _gltfNode_317
v 0.536260 3.186412 -2.248512
v 0.536260 3.186412 -2.248512
v 0.536260 3.186412 -2.248512
v 0.536260 2.537626 -3.517256
v 0.536260 2.537626 -3.517256
v 0.536260 2.537626 -3.517256
v -0.662559 3.870515 -4.198843
v -0.662559 3.870515 -4.198843
v -0.662559 3.870515 -4.198843
v -0.662559 4.519300 -2.930099
v -0.662559 4.519300 -2.930099
v -0.662559 4.519300 -2.930099
v 0.536260 4.519300 -2.930099
v 0.536260 4.519300 -2.930099
v 0.536260 4.519300 -2.930099
v -0.662559 3.186412 -2.248512
v -0.662559 3.186412 -2.248512
v -0.662559 3.186412 -2.248512
v 0.536260 3.870515 -4.198843
v 0.536260 3.870515 -4.198843
v 0.536260 3.870515 -4.198843
v -0.662559 2.537626 -3.517256
v -0.662559 2.537626 -3.517256
v -0.662559 2.537626 -3.517256
vn 1.0000 -0.0000 -0.0000
vn -1.0000 -0.0000 -0.0000
vn -0.0000 0.8903 -0.4553
vn -0.0000 -0.8903 0.4553
vn -0.0000 0.4553 0.8903
vn -0.0000 -0.4553 -0.8903
vt 0.000031 0.668014
vt 0.000031 0.714814
vt 0.042968 0.668014
vt 0.042968 0.714814
vt 0.080117 0.668014
vt 0.080117 0.714814
vt 0.123054 0.668014
vt 0.123054 0.714814
vt 0.080039 0.667927
vt 0.080039 0.625031
vt 0.042968 0.667927
vt 0.042968 0.625031
vt 0.117189 0.625031
vt 0.117189 0.667927
vt 0.080117 0.625031
vt 0.080117 0.667927
vt 0.160126 0.668014
vt 0.160126 0.714814
vt 0.080039 0.668014
vt 0.080039 0.714814
s 0
usemtl material_0
f 2751/2641/685 2739/2642/685 2757/2643/685
f 2739/2642/685 2742/2644/685 2757/2643/685
f 2745/2645/686 2760/2646/686 2748/2647/686
f 2760/2646/686 2754/2648/686 2748/2647/686
f 2744/2649/687 2747/2650/687 2756/2651/687
f 2747/2650/687 2750/2652/687 2756/2651/687
f 2753/2653/688 2759/2654/688 2738/2655/688
f 2759/2654/688 2741/2656/688 2738/2655/688
f 2746/2647/689 2752/2648/689 2749/2657/689
f 2752/2648/689 2737/2658/689 2749/2657/689
f 2755/2643/690 2740/2644/690 2743/2659/690
f 2740/2644/690 2758/2660/690 2743/2659/690
o _gltfNode_319
v 0.461247 3.364911 -1.409158
v 0.461247 3.364911 -1.409158
v 0.461247 3.364911 -1.409158
v 0.461247 3.251038 -2.829604
v 0.461247 3.251038 -2.829604
v 0.461247 3.251038 -2.829604
v -0.587571 4.522549 -2.931538
v -0.587571 4.522549 -2.931538
v -0.587571 4.522549 -2.931538
v -0.587571 4.636422 -1.511091
v -0.587571 4.636422 -1.511091
v -0.587571 4.636422 -1.511091
v 0.461247 4.636422 -1.511091
v 0.461247 4.636422 -1.511091
v 0.461247 4.636422 -1.511091
v -0.587571 3.364911 -1.409158
v -0.587571 3.364911 -1.409158
v -0.587571 3.364911 -1.409158
v 0.461247 4.522549 -2.931538
v 0.461247 4.522549 -2.931538
v 0.461247 4.522549 -2.931538
v -0.587571 3.251038 -2.829604
v -0.587571 3.251038 -2.829604
v -0.587571 3.251038 -2.829604
vn 1.0000 -0.0000 -0.0000
vn -1.0000 -0.0000 -0.0000
vn -0.0000 0.9968 -0.0799
vn -0.0000 -0.9968 0.0799
vn -0.0000 0.0799 0.9968
vn -0.0000 -0.0799 -0.9968
vt 0.695343 0.621123
vt 0.695343 0.660126
vt 0.738254 0.621123
vt 0.738254 0.660126
vt 0.769567 0.621123
vt 0.769567 0.660126
vt 0.812478 0.621123
vt 0.812478 0.660126
vt 0.769495 0.621083
vt 0.769495 0.578156
vt 0.738326 0.621083
vt 0.738326 0.578156
vt 0.800736 0.578156
vt 0.800736 0.621083
vt 0.769567 0.578156
vt 0.769567 0.621083
vt 0.812551 0.621123
vt 0.812551 0.660126
vt 0.843719 0.621123
vt 0.843719 0.660126
vt 0.738326 0.621123
vt 0.738326 0.660126
vt 0.769495 0.621123
vt 0.769495 0.660126
s 0
usemtl material_0
f 2775/2661/691 2763/2662/691 2781/2663/691
f 2763/2662/691 2766/2664/691 2781/2663/691
f 2769/2665/692 2784/2666/692 2772/2667/692
f 2784/2666/692 2778/2668/692 2772/2667/692
f 2768/2669/693 2771/2670/693 2780/2671/693
f 2771/2670/693 2774/2672/693 2780/2671/693
f 2777/2673/694 2783/2674/694 2762/2675/694
f 2783/2674/694 2765/2676/694 2762/2675/694
f 2770/2677/695 2776/2678/695 2773/2679/695
f 2776/2678/695 2761/2680/695 2773/2679/695
f 2779/2681/696 2764/2682/696 2767/2683/696
f 2764/2682/696 2782/2684/696 2767/2683/696
o _gltfNode_321
v 0.388622 3.124252 -0.502171
v 0.388622 3.124252 -0.502171
v 0.388622 3.124252 -0.502171
v 0.388622 3.562628 -1.858069
v 0.388622 3.562628 -1.858069
v 0.388622 3.562628 -1.858069
v -0.514921 4.633072 -1.511984
v -0.514921 4.633072 -1.511984
v -0.514921 4.633072 -1.511984
v -0.514921 4.194696 -0.156085
v -0.514921 4.194696 -0.156085
v -0.514921 4.194696 -0.156085
v 0.388622 4.194696 -0.156085
v 0.388622 4.194696 -0.156085
v 0.388622 4.194696 -0.156085
v -0.514921 3.124252 -0.502171
v -0.514921 3.124252 -0.502171
v -0.514921 3.124252 -0.502171
v 0.388622 4.633072 -1.511984
v 0.388622 4.633072 -1.511984
v 0.388622 4.633072 -1.511984
v -0.514921 3.562628 -1.858069
v -0.514921 3.562628 -1.858069
v -0.514921 3.562628 -1.858069
vn 1.0000 -0.0000 -0.0000
vn -1.0000 -0.0000 -0.0000
vn -0.0000 0.9515 0.3076
vn -0.0000 -0.9515 -0.3076
vn -0.0000 -0.3076 0.9515
vn -0.0000 0.3076 -0.9515
vt 0.476593 0.742228
vt 0.476593 0.777313
vt 0.519511 0.742228
vt 0.519511 0.777313
vt 0.546909 0.742228
vt 0.546909 0.777313
vt 0.589827 0.742228
vt 0.589827 0.777313
vt 0.546841 0.742152
vt 0.546841 0.699249
vt 0.519579 0.742152
vt 0.519579 0.699249
vt 0.574171 0.699249
vt 0.574171 0.742152
vt 0.546909 0.699249
vt 0.546909 0.742152
vt 0.589896 0.742228
vt 0.589896 0.777313
vt 0.617157 0.742228
vt 0.617157 0.777313
vt 0.519579 0.742228
vt 0.519579 0.777313
vt 0.546841 0.742228
vt 0.546841 0.777313
s 0
usemtl material_0
f 2799/2685/697 2787/2686/697 2805/2687/697
f 2787/2686/697 2790/2688/697 2805/2687/697
f 2793/2689/698 2808/2690/698 2796/2691/698
f 2808/2690/698 2802/2692/698 2796/2691/698
f 2792/2693/699 2795/2694/699 2804/2695/699
f 2795/2694/699 2798/2696/699 2804/2695/699
f 2801/2697/700 2807/2698/700 2786/2699/700
f 2807/2698/700 2789/2700/700 2786/2699/700
f 2794/2701/701 2800/2702/701 2797/2703/701
f 2800/2702/701 2785/2704/701 2797/2703/701
f 2803/2705/702 2788/2706/702 2791/2707/702
f 2788/2706/702 2806/2708/702 2791/2707/702
o _gltfNode_326
v -0.471254 3.043597 -2.492773
v -0.471254 3.043597 -2.492773
v -0.471254 3.043597 -2.492773
v -0.157532 2.428342 -3.739238
v -0.157532 2.428342 -3.739238
v -0.157532 2.428342 -3.739238
v -1.522270 3.348743 -4.537038
v -1.522270 3.348743 -4.537038
v -1.522270 3.348743 -4.537038
v -1.835992 3.963998 -3.290573
v -1.835992 3.963998 -3.290573
v -1.835992 3.963998 -3.290573
v -0.844697 4.304074 -3.208936
v -0.844697 4.304074 -3.208936
v -0.844697 4.304074 -3.208936
v -1.462548 2.703521 -2.574410
v -1.462548 2.703521 -2.574410
v -1.462548 2.703521 -2.574410
v -0.530975 3.688819 -4.455401
v -0.530975 3.688819 -4.455401
v -0.530975 3.688819 -4.455401
v -1.148827 2.088266 -3.820875
v -1.148827 2.088266 -3.820875
v -1.148827 2.088266 -3.820875
vn 0.9430 0.3235 0.0777
vn -0.9430 -0.3235 -0.0777
vn -0.2495 0.8420 -0.4784
vn 0.2495 -0.8420 0.4784
vn -0.2202 0.4318 0.8747
vn 0.2202 -0.4318 -0.8747
vt 0.687531 0.043014
vt 0.687531 0.089813
vt 0.730442 0.043014
vt 0.730442 0.089813
vt 0.761755 0.043014
vt 0.761755 0.089813
vt 0.804666 0.043014
vt 0.804666 0.089813
vt 0.761683 0.042926
vt 0.761683 0.000031
vt 0.730514 0.042926
vt 0.730514 0.000031
vt 0.792924 0.000031
vt 0.792924 0.042926
vt 0.761755 0.000031
vt 0.761755 0.042926
vt 0.804739 0.043014
vt 0.804739 0.089813
vt 0.835907 0.043014
vt 0.835907 0.089813
vt 0.730514 0.043014
vt 0.730514 0.089813
vt 0.761683 0.043014
vt 0.761683 0.089813
s 0
usemtl material_0
f 2823/2709/703 2811/2710/703 2829/2711/703
f 2811/2710/703 2814/2712/703 2829/2711/703
f 2817/2713/704 2832/2714/704 2820/2715/704
f 2832/2714/704 2826/2716/704 2820/2715/704
f 2816/2717/705 2819/2718/705 2828/2719/705
f 2819/2718/705 2822/2720/705 2828/2719/705
f 2825/2721/706 2831/2722/706 2810/2723/706
f 2831/2722/706 2813/2724/706 2810/2723/706
f 2818/2725/707 2824/2726/707 2821/2727/707
f 2824/2726/707 2809/2728/707 2821/2727/707
f 2827/2729/708 2812/2730/708 2815/2731/708
f 2812/2730/708 2830/2732/708 2815/2731/708
o _gltfNode_328
v -0.668725 3.189127 -1.667044
v -0.668725 3.189127 -1.667044
v -0.668725 3.189127 -1.667044
v -0.514917 3.079856 -3.079502
v -0.514917 3.079856 -3.079502
v -0.514917 3.079856 -3.079502
v -1.765090 3.991712 -3.286182
v -1.765090 3.991712 -3.286182
v -1.765090 3.991712 -3.286182
v -1.918898 4.100984 -1.873724
v -1.918898 4.100984 -1.873724
v -1.918898 4.100984 -1.873724
v -1.070172 4.392150 -1.803829
v -1.070172 4.392150 -1.803829
v -1.070172 4.392150 -1.803829
v -1.517452 2.897962 -1.736940
v -1.517452 2.897962 -1.736940
v -1.517452 2.897962 -1.736940
v -0.916364 4.282878 -3.216287
v -0.916364 4.282878 -3.216287
v -0.916364 4.282878 -3.216287
v -1.363643 2.788690 -3.149398
v -1.363643 2.788690 -3.149398
v -1.363643 2.788690 -3.149398
vn 0.9430 0.3235 0.0777
vn -0.9430 -0.3235 -0.0777
vn -0.3147 0.9431 -0.1072
vn 0.3147 -0.9431 0.1072
vn -0.1079 0.0767 0.9912
vn 0.1079 -0.0767 -0.9912
vt 0.695343 0.703154
vt 0.695343 0.742157
vt 0.738261 0.703154
vt 0.738261 0.742157
vt 0.765659 0.703154
vt 0.765659 0.742157
vt 0.808577 0.703154
vt 0.808577 0.742157
vt 0.765591 0.703114
vt 0.765591 0.660187
vt 0.738329 0.703114
vt 0.738329 0.660187
vt 0.792921 0.660187
vt 0.792921 0.703114
vt 0.765659 0.660187
vt 0.765659 0.703114
vt 0.808646 0.703154
vt 0.808646 0.742157
vt 0.835907 0.703154
vt 0.835907 0.742157
vt 0.738329 0.703154
vt 0.738329 0.742157
vt 0.765591 0.703154
vt 0.765591 0.742157
s 0
usemtl material_0
f 2847/2733/709 2835/2734/709 2853/2735/709
f 2835/2734/709 2838/2736/709 2853/2735/709
f 2841/2737/710 2856/2738/710 2844/2739/710
f 2856/2738/710 2850/2740/710 2844/2739/710
f 2840/2741/711 2843/2742/711 2852/2743/711
f 2843/2742/711 2846/2744/711 2852/2743/711
f 2849/2745/712 2855/2746/712 2834/2747/712
f 2855/2746/712 2837/2748/712 2834/2747/712
f 2842/2749/713 2848/2750/713 2845/2751/713
f 2848/2750/713 2833/2752/713 2845/2751/713
f 2851/2753/714 2836/2754/714 2839/2755/714
f 2836/2754/714 2854/2756/714 2839/2755/714
o _gltfNode_330
v -0.734414 2.938889 -0.762123
v -0.734414 2.938889 -0.762123
v -0.734414 2.938889 -0.762123
v -0.763935 3.352236 -2.125541
v -0.763935 3.352236 -2.125541
v -0.763935 3.352236 -2.125541
v -1.844779 4.122846 -1.868512
v -1.844779 4.122846 -1.868512
v -1.844779 4.122846 -1.868512
v -1.815257 3.709499 -0.505095
v -1.815257 3.709499 -0.505095
v -1.815257 3.709499 -0.505095
v -1.107985 3.952137 -0.446848
v -1.107985 3.952137 -0.446848
v -1.107985 3.952137 -0.446848
v -1.441686 2.696250 -0.820370
v -1.441686 2.696250 -0.820370
v -1.441686 2.696250 -0.820370
v -1.137506 4.365484 -1.810266
v -1.137506 4.365484 -1.810266
v -1.137506 4.365484 -1.810266
v -1.471207 3.109597 -2.183787
v -1.471207 3.109597 -2.183787
v -1.471207 3.109597 -2.183787
vn 0.9430 0.3235 0.0777
vn -0.9430 -0.3235 -0.0777
vn -0.3321 0.9007 0.2802
vn 0.3321 -0.9007 -0.2802
vn 0.0207 -0.2901 0.9568
vn -0.0207 0.2901 -0.9568
vt 0.000031 0.757853
vt 0.000031 0.792938
vt 0.042962 0.757853
vt 0.042962 0.792938
vt 0.066439 0.757853
vt 0.066439 0.792938
vt 0.109370 0.757853
vt 0.109370 0.792938
vt 0.066374 0.757777
vt 0.066374 0.714874
vt 0.043027 0.757777
vt 0.043027 0.714874
vt 0.089785 0.714874
vt 0.089785 0.757777
vt 0.066439 0.714874
vt 0.066439 0.757777
vt 0.109435 0.757853
vt 0.109435 0.792938
vt 0.132782 0.757853
vt 0.132782 0.792938
vt 0.043027 0.757853
vt 0.043027 0.792938
vt 0.066374 0.757853
vt 0.066374 0.792938
s 0
usemtl material_0
f 2871/2757/715 2859/2758/715 2877/2759/715
f 2859/2758/715 2862/2760/715 2877/2759/715
f 2865/2761/716 2880/2762/716 2868/2763/716
f 2880/2762/716 2874/2764/716 2868/2763/716
f 2864/2765/717 2867/2766/717 2876/2767/717
f 2867/2766/717 2870/2768/717 2876/2767/717
f 2873/2769/718 2879/2770/718 2858/2771/718
f 2879/2770/718 2861/2772/718 2858/2771/718
f 2866/2773/719 2872/2774/719 2869/2775/719
f 2872/2774/719 2857/2776/719 2869/2775/719
f 2875/2777/720 2860/2778/720 2863/2779/720
f 2860/2778/720 2878/2780/720 2863/2779/720
o _gltfNode_335
v 1.461323 2.703941 -2.574309
v 1.461323 2.703941 -2.574309
v 1.461323 2.703941 -2.574309
v 1.147602 2.088686 -3.820774
v 1.147602 2.088686 -3.820774
v 1.147602 2.088686 -3.820774
v 0.529750 3.689239 -4.455300
v 0.529750 3.689239 -4.455300
v 0.529750 3.689239 -4.455300
v 0.843472 4.304494 -3.208835
v 0.843472 4.304494 -3.208835
v 0.843472 4.304494 -3.208835
v 1.834766 3.964419 -3.290472
v 1.834766 3.964419 -3.290472
v 1.834766 3.964419 -3.290472
v 0.470029 3.044017 -2.492672
v 0.470029 3.044017 -2.492672
v 0.470029 3.044017 -2.492672
v 1.521045 3.349164 -4.536937
v 1.521045 3.349164 -4.536937
v 1.521045 3.349164 -4.536937
v 0.156307 2.428762 -3.739137
v 0.156307 2.428762 -3.739137
v 0.156307 2.428762 -3.739137
vn 0.9430 -0.3235 -0.0777
vn -0.9430 0.3235 0.0777
vn 0.2495 0.8420 -0.4784
vn -0.2495 -0.8420 0.4784
vn 0.2202 0.4318 0.8747
vn -0.2202 -0.4318 -0.8747
vt 0.804666 0.043014
vt 0.804666 0.089813
vt 0.761755 0.043014
vt 0.761755 0.089813
vt 0.730442 0.043014
vt 0.730442 0.089813
vt 0.687531 0.043014
vt 0.687531 0.089813
vt 0.730514 0.042926
vt 0.730514 0.000031
vt 0.761683 0.042926
vt 0.761683 0.000031
vt 0.761755 0.000031
vt 0.761755 0.042926
vt 0.792924 0.000031
vt 0.792924 0.042926
vt 0.835907 0.043014
vt 0.835907 0.089813
vt 0.804739 0.043014
vt 0.804739 0.089813
vt 0.761683 0.043014
vt 0.761683 0.089813
vt 0.730514 0.043014
vt 0.730514 0.089813
s 0
usemtl material_0
f 2895/2781/721 2883/2782/721 2901/2783/721
f 2883/2782/721 2886/2784/721 2901/2783/721
f 2889/2785/722 2904/2786/722 2892/2787/722
f 2904/2786/722 2898/2788/722 2892/2787/722
f 2888/2789/723 2891/2790/723 2900/2791/723
f 2891/2790/723 2894/2792/723 2900/2791/723
f 2897/2793/724 2903/2794/724 2882/2795/724
f 2903/2794/724 2885/2796/724 2882/2795/724
f 2890/2797/725 2896/2798/725 2893/2799/725
f 2896/2798/725 2881/2800/725 2893/2799/725
f 2899/2801/726 2884/2802/726 2887/2803/726
f 2884/2802/726 2902/2804/726 2887/2803/726
o _gltfNode_337
v 1.516203 2.898390 -1.736837
v 1.516203 2.898390 -1.736837
v 1.516203 2.898390 -1.736837
v 1.362395 2.789118 -3.149295
v 1.362395 2.789118 -3.149295
v 1.362395 2.789118 -3.149295
v 0.915116 4.283306 -3.216184
v 0.915116 4.283306 -3.216184
v 0.915116 4.283306 -3.216184
v 1.068924 4.392578 -1.803726
v 1.068924 4.392578 -1.803726
v 1.068924 4.392578 -1.803726
v 1.917650 4.101412 -1.873622
v 1.917650 4.101412 -1.873622
v 1.917650 4.101412 -1.873622
v 0.667477 3.189556 -1.666942
v 0.667477 3.189556 -1.666942
v 0.667477 3.189556 -1.666942
v 1.763842 3.992140 -3.286080
v 1.763842 3.992140 -3.286080
v 1.763842 3.992140 -3.286080
v 0.513669 3.080284 -3.079399
v 0.513669 3.080284 -3.079399
v 0.513669 3.080284 -3.079399
vn 0.9430 -0.3235 -0.0777
vn -0.9430 0.3235 0.0777
vn 0.3147 0.9431 -0.1072
vn -0.3147 -0.9431 0.1072
vn 0.1079 0.0767 0.9912
vn -0.1079 -0.0767 -0.9912
vt 0.808577 0.703154
vt 0.808577 0.742157
vt 0.765659 0.703154
vt 0.765659 0.742157
vt 0.738261 0.703154
vt 0.738261 0.742157
vt 0.695343 0.703154
vt 0.695343 0.742157
vt 0.738329 0.703114
vt 0.738329 0.660187
vt 0.765591 0.703114
vt 0.765591 0.660187
vt 0.765659 0.660187
vt 0.765659 0.703114
vt 0.792921 0.660187
vt 0.792921 0.703114
vt 0.835907 0.703154
vt 0.835907 0.742157
vt 0.808646 0.703154
vt 0.808646 0.742157
vt 0.765591 0.703154
vt 0.765591 0.742157
vt 0.738329 0.703154
vt 0.738329 0.742157
s 0
usemtl material_0
f 2919/2805/727 2907/2806/727 2925/2807/727
f 2907/2806/727 2910/2808/727 2925/2807/727
f 2913/2809/728 2928/2810/728 2916/2811/728
f 2928/2810/728 2922/2812/728 2916/2811/728
f 2912/2813/729 2915/2814/729 2924/2815/729
f 2915/2814/729 2918/2816/729 2924/2815/729
f 2921/2817/730 2927/2818/730 2906/2819/730
f 2927/2818/730 2909/2820/730 2906/2819/730
f 2914/2821/731 2920/2822/731 2917/2823/731
f 2920/2822/731 2905/2824/731 2917/2823/731
f 2923/2825/732 2908/2826/732 2911/2827/732
f 2908/2826/732 2926/2828/732 2911/2827/732
o _gltfNode_339
v 1.440462 2.696671 -0.820269
v 1.440462 2.696671 -0.820269
v 1.440462 2.696671 -0.820269
v 1.469983 3.110018 -2.183686
v 1.469983 3.110018 -2.183686
v 1.469983 3.110018 -2.183686
v 1.136282 4.365904 -1.810165
v 1.136282 4.365904 -1.810165
v 1.136282 4.365904 -1.810165
v 1.106761 3.952557 -0.446747
v 1.106761 3.952557 -0.446747
v 1.106761 3.952557 -0.446747
v 1.814033 3.709919 -0.504994
v 1.814033 3.709919 -0.504994
v 1.814033 3.709919 -0.504994
v 0.733190 2.939309 -0.762022
v 0.733190 2.939309 -0.762022
v 0.733190 2.939309 -0.762022
v 1.843554 4.123266 -1.868411
v 1.843554 4.123266 -1.868411
v 1.843554 4.123266 -1.868411
v 0.762711 3.352656 -2.125440
v 0.762711 3.352656 -2.125440
v 0.762711 3.352656 -2.125440
vn 0.9430 -0.3235 -0.0777
vn -0.9430 0.3235 0.0777
vn 0.3321 0.9007 0.2802
vn -0.3321 -0.9007 -0.2802
vn -0.0207 -0.2901 0.9568
vn 0.0207 0.2901 -0.9568
vt 0.109370 0.757853
vt 0.109370 0.792938
vt 0.066439 0.757853
vt 0.066439 0.792938
vt 0.042962 0.757853
vt 0.042962 0.792938
vt 0.000031 0.757853
vt 0.000031 0.792938
vt 0.043027 0.757777
vt 0.043027 0.714874
vt 0.066374 0.757777
vt 0.066374 0.714874
vt 0.066439 0.714874
vt 0.066439 0.757777
vt 0.089785 0.714874
vt 0.089785 0.757777
vt 0.132782 0.757853
vt 0.132782 0.792938
vt 0.109435 0.757853
vt 0.109435 0.792938
vt 0.066374 0.757853
vt 0.066374 0.792938
vt 0.043027 0.757853
vt 0.043027 0.792938
s 0
usemtl material_0
f 2943/2829/733 2931/2830/733 2949/2831/733
f 2931/2830/733 2934/2832/733 2949/2831/733
f 2937/2833/734 2952/2834/734 2940/2835/734
f 2952/2834/734 2946/2836/734 2940/2835/734
f 2936/2837/735 2939/2838/735 2948/2839/735
f 2939/2838/735 2942/2840/735 2948/2839/735
f 2945/2841/736 2951/2842/736 2930/2843/736
f 2951/2842/736 2933/2844/736 2930/2843/736
f 2938/2845/737 2944/2846/737 2941/2847/737
f 2944/2846/737 2929/2848/737 2941/2847/737
f 2947/2849/738 2932/2850/738 2935/2851/738
f 2932/2850/738 2950/2852/738 2935/2851/738
o _gltfNode_345
v 0.537500 2.236584 -2.791119
v 0.537500 2.236584 -2.791119
v 0.537500 2.236584 -2.791119
v 0.537500 2.038805 -5.258205
v 0.537500 2.038805 -5.258205
v 0.537500 2.038805 -5.258205
v -0.662500 2.699187 -5.311146
v -0.662500 2.699187 -5.311146
v -0.662500 2.699187 -5.311146
v -0.662500 2.896966 -2.844060
v -0.662500 2.896966 -2.844060
v -0.662500 2.896966 -2.844060
v 0.537500 2.896966 -2.844060
v 0.537500 2.896966 -2.844060
v 0.537500 2.896966 -2.844060
v -0.662500 2.236584 -2.791119
v -0.662500 2.236584 -2.791119
v -0.662500 2.236584 -2.791119
v 0.537500 2.699187 -5.311146
v 0.537500 2.699187 -5.311146
v 0.537500 2.699187 -5.311146
v -0.662500 2.038805 -5.258205
v -0.662500 2.038805 -5.258205
v -0.662500 2.038805 -5.258205
vn 1.0000 -0.0000 -0.0000
vn -1.0000 -0.0000 -0.0000
vn -0.0000 0.9968 -0.0799
vn -0.0000 -0.9968 0.0799
vn -0.0000 0.0799 0.9968
vn -0.0000 -0.0799 -0.9968
vt 0.480499 0.558611
vt 0.480499 0.578094
vt 0.556626 0.558611
vt 0.556626 0.578094
vt 0.593805 0.558611
vt 0.593805 0.578094
vt 0.669932 0.558611
vt 0.669932 0.578094
vt 0.593694 0.558564
vt 0.593694 0.482452
vt 0.556626 0.558564
vt 0.556626 0.482452
vt 0.630872 0.482452
vt 0.630872 0.558564
vt 0.593805 0.482452
vt 0.593805 0.558564
vt 0.707000 0.558611
vt 0.707000 0.578094
vt 0.593694 0.558611
vt 0.593694 0.578094
s 0
usemtl material_0
f 2967/2853/739 2955/2854/739 2973/2855/739
f 2955/2854/739 2958/2856/739 2973/2855/739
f 2961/2857/740 2976/2858/740 2964/2859/740
f 2976/2858/740 2970/2860/740 2964/2859/740
f 2960/2861/741 2963/2862/741 2972/2863/741
f 2963/2862/741 2966/2864/741 2972/2863/741
f 2969/2865/742 2975/2866/742 2954/2867/742
f 2975/2866/742 2957/2868/742 2954/2867/742
f 2962/2859/743 2968/2860/743 2965/2869/743
f 2968/2860/743 2953/2870/743 2965/2869/743
f 2971/2855/744 2956/2856/744 2959/2871/744
f 2956/2856/744 2974/2872/744 2959/2871/744
o _gltfNode_347
v 0.537500 2.122032 -3.660499
v 0.537500 2.122032 -3.660499
v 0.537500 2.122032 -3.660499
v 0.537500 2.652697 -5.301849
v 0.537500 2.652697 -5.301849
v 0.537500 2.652697 -5.301849
v -0.662500 3.223601 -5.117270
v -0.662500 3.223601 -5.117270
v -0.662500 3.223601 -5.117270
v -0.662500 2.692936 -3.475920
v -0.662500 2.692936 -3.475920
v -0.662500 2.692936 -3.475920
v 0.537500 2.692936 -3.475920
v 0.537500 2.692936 -3.475920
v 0.537500 2.692936 -3.475920
v -0.662500 2.122032 -3.660499
v -0.662500 2.122032 -3.660499
v -0.662500 2.122032 -3.660499
v 0.537500 3.223601 -5.117270
v 0.537500 3.223601 -5.117270
v 0.537500 3.223601 -5.117270
v -0.662500 2.652697 -5.301849
v -0.662500 2.652697 -5.301849
v -0.662500 2.652697 -5.301849
vn 1.0000 -0.0000 -0.0000
vn -1.0000 -0.0000 -0.0000
vn -0.0000 0.9515 0.3076
vn -0.0000 -0.9515 -0.3076
vn -0.0000 -0.3076 0.9515
vn -0.0000 0.3076 -0.9515
vt 0.187531 0.632858
vt 0.187531 0.650360
vt 0.240182 0.632858
vt 0.240182 0.650360
vt 0.277388 0.632858
vt 0.277388 0.650360
vt 0.330039 0.632858
vt 0.330039 0.650360
vt 0.277300 0.632789
vt 0.277300 0.580109
vt 0.240269 0.632789
vt 0.240269 0.580109
vt 0.314419 0.580109
vt 0.314419 0.632789
vt 0.277388 0.580109
vt 0.277388 0.632789
vt 0.330127 0.632858
vt 0.330127 0.650360
vt 0.367157 0.632858
vt 0.367157 0.650360
vt 0.240269 0.632858
vt 0.240269 0.650360
vt 0.277300 0.632858
vt 0.277300 0.650360
s 0
usemtl material_0
f 2991/2873/745 2979/2874/745 2997/2875/745
f 2979/2874/745 2982/2876/745 2997/2875/745
f 2985/2877/746 3000/2878/746 2988/2879/746
f 3000/2878/746 2994/2880/746 2988/2879/746
f 2984/2881/747 2987/2882/747 2996/2883/747
f 2987/2882/747 2990/2884/747 2996/2883/747
f 2993/2885/748 2999/2886/748 2978/2887/748
f 2999/2886/748 2981/2888/748 2978/2887/748
f 2986/2889/749 2992/2890/749 2989/2891/749
f 2992/2890/749 2977/2892/749 2989/2891/749
f 2995/2893/750 2980/2894/750 2983/2895/750
f 2980/2894/750 2998/2896/750 2983/2895/750
o _gltfNode_349
v 0.461247 1.621800 -3.208828
v 0.461247 1.621800 -3.208828
v 0.461247 1.621800 -3.208828
v 0.461247 3.229509 -5.096772
v 0.461247 3.229509 -5.096772
v 0.461247 3.229509 -5.096772
v -0.587571 4.086029 -4.367389
v -0.587571 4.086029 -4.367389
v -0.587571 4.086029 -4.367389
v -0.587571 2.478319 -2.479445
v -0.587571 2.478319 -2.479445
v -0.587571 2.478319 -2.479445
v 0.461247 2.478319 -2.479445
v 0.461247 2.478319 -2.479445
v 0.461247 2.478319 -2.479445
v -0.587571 1.621800 -3.208828
v -0.587571 1.621800 -3.208828
v -0.587571 1.621800 -3.208828
v 0.461247 4.086029 -4.367389
v 0.461247 4.086029 -4.367389
v 0.461247 4.086029 -4.367389
v -0.587571 3.229509 -5.096772
v -0.587571 3.229509 -5.096772
v -0.587571 3.229509 -5.096772
vn 1.0000 -0.0000 -0.0000
vn -1.0000 -0.0000 -0.0000
vn -0.0000 0.7614 0.6483
vn -0.0000 -0.7614 -0.6483
vn -0.0000 -0.6483 0.7614
vn -0.0000 0.6483 -0.7614
vt 0.000031 0.521496
vt 0.000031 0.556610
vt 0.076102 0.521496
vt 0.076102 0.556610
vt 0.107475 0.521496
vt 0.107475 0.556610
vt 0.183546 0.521496
vt 0.183546 0.556610
vt 0.107370 0.521442
vt 0.107370 0.445343
vt 0.076207 0.521442
vt 0.076207 0.445343
vt 0.138638 0.445343
vt 0.138638 0.521442
vt 0.107475 0.445343
vt 0.107475 0.521442
vt 0.183651 0.521496
vt 0.183651 0.556610
vt 0.214814 0.521496
vt 0.214814 0.556610
vt 0.076207 0.521496
vt 0.076207 0.556610
vt 0.107370 0.521496
vt 0.107370 0.556610
s 0
usemtl material_0
f 3015/2897/751 3003/2898/751 3021/2899/751
f 3003/2898/751 3006/2900/751 3021/2899/751
f 3009/2901/752 3024/2902/752 3012/2903/752
f 3024/2902/752 3018/2904/752 3012/2903/752
f 3008/2905/753 3011/2906/753 3020/2907/753
f 3011/2906/753 3014/2908/753 3020/2907/753
f 3017/2909/754 3023/2910/754 3002/2911/754
f 3023/2910/754 3005/2912/754 3002/2911/754
f 3010/2913/755 3016/2914/755 3013/2915/755
f 3016/2914/755 3001/2916/755 3013/2915/755
f 3019/2917/756 3004/2918/756 3007/2919/756
f 3004/2918/756 3022/2920/756 3007/2919/756
o _gltfNode_351
v -0.362500 2.381219 -5.210415
v -0.362500 2.381219 -5.210415
v -0.362500 2.381219 -5.210415
v -0.362500 2.369232 -5.359935
v -0.362500 2.369232 -5.359935
v -0.362500 2.369232 -5.359935
v -0.587500 2.593512 -5.377915
v -0.587500 2.593512 -5.377915
v -0.587500 2.593512 -5.377915
v -0.587500 2.605499 -5.228395
v -0.587500 2.605499 -5.228395
v -0.587500 2.605499 -5.228395
v -0.362500 2.605499 -5.228395
v -0.362500 2.605499 -5.228395
v -0.362500 2.605499 -5.228395
v -0.587500 2.381219 -5.210415
v -0.587500 2.381219 -5.210415
v -0.587500 2.381219 -5.210415
v -0.362500 2.593512 -5.377915
v -0.362500 2.593512 -5.377915
v -0.362500 2.593512 -5.377915
v -0.587500 2.369232 -5.359935
v -0.587500 2.369232 -5.359935
v -0.587500 2.369232 -5.359935
vn 1.0000 -0.0000 -0.0000
vn -1.0000 -0.0000 -0.0000
vn -0.0000 0.9968 -0.0799
vn -0.0000 -0.9968 0.0799
vn -0.0000 0.0799 0.9968
vn -0.0000 -0.0799 -0.9968
vt 0.507843 0.267599
vt 0.507843 0.273407
vt 0.511676 0.267599
vt 0.511676 0.273407
vt 0.517655 0.267599
vt 0.517655 0.273407
vt 0.521487 0.267599
vt 0.521487 0.273407
vt 0.517501 0.267523
vt 0.517501 0.263702
vt 0.511676 0.267523
vt 0.511676 0.263702
vt 0.523481 0.263702
vt 0.523481 0.267523
vt 0.517655 0.263702
vt 0.517655 0.267523
vt 0.527313 0.267599
vt 0.527313 0.273407
vt 0.517501 0.267599
vt 0.517501 0.273407
s 0
usemtl material_0
f 3039/2921/757 3027/2922/757 3045/2923/757
f 3027/2922/757 3030/2924/757 3045/2923/757
f 3033/2925/758 3048/2926/758 3036/2927/758
f 3048/2926/758 3042/2928/758 3036/2927/758
f 3032/2929/759 3035/2930/759 3044/2931/759
f 3035/2930/759 3038/2932/759 3044/2931/759
f 3041/2933/760 3047/2934/760 3026/2935/760
f 3047/2934/760 3029/2936/760 3026/2935/760
f 3034/2927/761 3040/2928/761 3037/2937/761
f 3040/2928/761 3025/2938/761 3037/2937/761
f 3043/2923/762 3028/2924/762 3031/2939/762
f 3028/2924/762 3046/2940/762 3031/2939/762
o _gltfNode_353
v -0.377516 2.388963 -5.301334
v -0.377516 2.388963 -5.301334
v -0.377516 2.388963 -5.301334
v -0.377516 2.379374 -5.420950
v -0.377516 2.379374 -5.420950
v -0.377516 2.379374 -5.420950
v -0.572515 2.573750 -5.436533
v -0.572515 2.573750 -5.436533
v -0.572515 2.573750 -5.436533
v -0.572515 2.583339 -5.316917
v -0.572515 2.583339 -5.316917
v -0.572515 2.583339 -5.316917
v -0.377516 2.583339 -5.316917
v -0.377516 2.583339 -5.316917
v -0.377516 2.583339 -5.316917
v -0.572515 2.388963 -5.301334
v -0.572515 2.388963 -5.301334
v -0.572515 2.388963 -5.301334
v -0.377516 2.573750 -5.436533
v -0.377516 2.573750 -5.436533
v -0.377516 2.573750 -5.436533
v -0.572515 2.379374 -5.420950
v -0.572515 2.379374 -5.420950
v -0.572515 2.379374 -5.420950
vn 1.0000 -0.0000 -0.0000
vn -1.0000 -0.0000 -0.0000
vn -0.0000 0.9968 -0.0799
vn -0.0000 -0.9968 0.0799
vn -0.0000 0.0799 0.9968
vn -0.0000 -0.0799 -0.9968
vt 0.507843 0.277365
vt 0.507843 0.283173
vt 0.511676 0.277365
vt 0.511676 0.283173
vt 0.517655 0.277365
vt 0.517655 0.283173
vt 0.521487 0.277365
vt 0.521487 0.283173
vt 0.517501 0.277289
vt 0.517501 0.273468
vt 0.511676 0.277289
vt 0.511676 0.273468
vt 0.523481 0.273468
vt 0.523481 0.277289
vt 0.517655 0.273468
vt 0.517655 0.277289
vt 0.527313 0.277365
vt 0.527313 0.283173
vt 0.517501 0.277365
vt 0.517501 0.283173
s 0
usemtl material_0
f 3063/2941/763 3051/2942/763 3069/2943/763
f 3051/2942/763 3054/2944/763 3069/2943/763
f 3057/2945/764 3072/2946/764 3060/2947/764
f 3072/2946/764 3066/2948/764 3060/2947/764
f 3056/2949/765 3059/2950/765 3068/2951/765
f 3059/2950/765 3062/2952/765 3068/2951/765
f 3065/2953/766 3071/2954/766 3050/2955/766
f 3071/2954/766 3053/2956/766 3050/2955/766
f 3058/2947/767 3064/2948/767 3061/2957/767
f 3064/2948/767 3049/2958/767 3061/2957/767
f 3067/2943/768 3052/2944/768 3055/2959/768
f 3052/2944/768 3070/2960/768 3055/2959/768
o _gltfNode_355
v 0.462500 2.381219 -5.210415
v 0.462500 2.381219 -5.210415
v 0.462500 2.381219 -5.210415
v 0.462500 2.369232 -5.359935
v 0.462500 2.369232 -5.359935
v 0.462500 2.369232 -5.359935
v 0.237500 2.593512 -5.377915
v 0.237500 2.593512 -5.377915
v 0.237500 2.593512 -5.377915
v 0.237500 2.605499 -5.228395
v 0.237500 2.605499 -5.228395
v 0.237500 2.605499 -5.228395
v 0.462500 2.605499 -5.228395
v 0.462500 2.605499 -5.228395
v 0.462500 2.605499 -5.228395
v 0.237500 2.381219 -5.210415
v 0.237500 2.381219 -5.210415
v 0.237500 2.381219 -5.210415
v 0.462500 2.593512 -5.377915
v 0.462500 2.593512 -5.377915
v 0.462500 2.593512 -5.377915
v 0.237500 2.369232 -5.359935
v 0.237500 2.369232 -5.359935
v 0.237500 2.369232 -5.359935
vn 1.0000 -0.0000 -0.0000
vn -1.0000 -0.0000 -0.0000
vn -0.0000 0.9968 -0.0799
vn -0.0000 -0.9968 0.0799
vn -0.0000 0.0799 0.9968
vn -0.0000 -0.0799 -0.9968
vt 0.521487 0.267599
vt 0.521487 0.273407
vt 0.517655 0.267599
vt 0.517655 0.273407
vt 0.511676 0.267599
vt 0.511676 0.273407
vt 0.507843 0.267599
vt 0.507843 0.273407
vt 0.511676 0.267523
vt 0.511676 0.263702
vt 0.517501 0.267523
vt 0.517501 0.263702
vt 0.517655 0.263702
vt 0.517655 0.267523
vt 0.523481 0.263702
vt 0.523481 0.267523
vt 0.527313 0.267599
vt 0.527313 0.273407
vt 0.517501 0.267599
vt 0.517501 0.273407
s 0
usemtl material_0
f 3087/2961/769 3075/2962/769 3093/2963/769
f 3075/2962/769 3078/2964/769 3093/2963/769
f 3081/2965/770 3096/2966/770 3084/2967/770
f 3096/2966/770 3090/2968/770 3084/2967/770
f 3080/2969/771 3083/2970/771 3092/2971/771
f 3083/2970/771 3086/2972/771 3092/2971/771
f 3089/2973/772 3095/2974/772 3074/2975/772
f 3095/2974/772 3077/2976/772 3074/2975/772
f 3082/2977/773 3088/2978/773 3085/2961/773
f 3088/2978/773 3073/2962/773 3085/2961/773
f 3091/2979/774 3076/2980/774 3079/2965/774
f 3076/2980/774 3094/2966/774 3079/2965/774
o _gltfNode_357
v 0.447484 2.388963 -5.301334
v 0.447484 2.388963 -5.301334
v 0.447484 2.388963 -5.301334
v 0.447484 2.379374 -5.420950
v 0.447484 2.379374 -5.420950
v 0.447484 2.379374 -5.420950
v 0.252485 2.573750 -5.436533
v 0.252485 2.573750 -5.436533
v 0.252485 2.573750 -5.436533
v 0.252485 2.583339 -5.316917
v 0.252485 2.583339 -5.316917
v 0.252485 2.583339 -5.316917
v 0.447484 2.583339 -5.316917
v 0.447484 2.583339 -5.316917
v 0.447484 2.583339 -5.316917
v 0.252485 2.388963 -5.301334
v 0.252485 2.388963 -5.301334
v 0.252485 2.388963 -5.301334
v 0.447484 2.573750 -5.436533
v 0.447484 2.573750 -5.436533
v 0.447484 2.573750 -5.436533
v 0.252485 2.379374 -5.420950
v 0.252485 2.379374 -5.420950
v 0.252485 2.379374 -5.420950
vn 1.0000 -0.0000 -0.0000
vn -1.0000 -0.0000 -0.0000
vn -0.0000 0.9968 -0.0799
vn -0.0000 -0.9968 0.0799
vn -0.0000 0.0799 0.9968
vn -0.0000 -0.0799 -0.9968
vt 0.521487 0.277365
vt 0.521487 0.283173
vt 0.517655 0.277365
vt 0.517655 0.283173
vt 0.511676 0.277365
vt 0.511676 0.283173
vt 0.507843 0.277365
vt 0.507843 0.283173
vt 0.511676 0.277289
vt 0.511676 0.273468
vt 0.517501 0.277289
vt 0.517501 0.273468
vt 0.517655 0.273468
vt 0.517655 0.277289
vt 0.523481 0.273468
vt 0.523481 0.277289
vt 0.527313 0.277365
vt 0.527313 0.283173
vt 0.517501 0.277365
vt 0.517501 0.283173
s 0
usemtl material_0
f 3111/2981/775 3099/2982/775 3117/2983/775
f 3099/2982/775 3102/2984/775 3117/2983/775
f 3105/2985/776 3120/2986/776 3108/2987/776
f 3120/2986/776 3114/2988/776 3108/2987/776
f 3104/2989/777 3107/2990/777 3116/2991/777
f 3107/2990/777 3110/2992/777 3116/2991/777
f 3113/2993/778 3119/2994/778 3098/2995/778
f 3119/2994/778 3101/2996/778 3098/2995/778
f 3106/2997/779 3112/2998/779 3109/2981/779
f 3112/2998/779 3097/2982/779 3109/2981/779
f 3115/2999/780 3100/3000/780 3103/2985/780
f 3100/3000/780 3118/2986/780 3103/2985/780
o _gltfNode_361
v -0.355345 2.106727 -3.341239
v -0.355345 2.106727 -3.341239
v -0.355345 2.106727 -3.341239
v -0.680936 2.200680 -5.185364
v -0.680936 2.200680 -5.185364
v -0.680936 2.200680 -5.185364
v -1.419542 3.092887 -5.009503
v -1.419542 3.092887 -5.009503
v -1.419542 3.092887 -5.009503
v -1.093951 2.998934 -3.165378
v -1.093951 2.998934 -3.165378
v -1.093951 2.998934 -3.165378
v -0.355345 3.005560 -3.295446
v -0.355345 3.005560 -3.295446
v -0.355345 3.005560 -3.295446
v -1.093951 2.100100 -3.211172
v -1.093951 2.100100 -3.211172
v -1.093951 2.100100 -3.211172
v -0.680936 3.099514 -5.139571
v -0.680936 3.099514 -5.139571
v -0.680936 3.099514 -5.139571
v -1.419542 2.194053 -5.055297
v -1.419542 2.194053 -5.055297
v -1.419542 2.194053 -5.055297
vn 0.9848 0.0088 -0.1734
vn -0.9848 -0.0088 0.1734
vn -0.0000 0.9987 0.0509
vn -0.0000 -0.9987 -0.0509
vn 0.1736 -0.0501 0.9835
vn -0.1736 0.0501 -0.9835
vt 0.367218 0.671920
vt 0.367218 0.699189
vt 0.425784 0.671920
vt 0.425784 0.699189
vt 0.449259 0.671920
vt 0.449259 0.699189
vt 0.507745 0.671920
vt 0.507745 0.699189
vt 0.449179 0.671836
vt 0.449179 0.613312
vt 0.425784 0.671836
vt 0.425784 0.613312
vt 0.472653 0.613312
vt 0.472653 0.671836
vt 0.449259 0.613312
vt 0.449259 0.671836
vt 0.507825 0.671920
vt 0.507825 0.699189
vt 0.531220 0.671920
vt 0.531220 0.699189
vt 0.449179 0.671920
vt 0.449179 0.699189
s 0
usemtl material_0
f 3135/3001/781 3123/3002/781 3141/3003/781
f 3123/3002/781 3126/3004/781 3141/3003/781
f 3129/3005/782 3144/3006/782 3132/3007/782
f 3144/3006/782 3138/3008/782 3132/3007/782
f 3128/3009/783 3131/3010/783 3140/3011/783
f 3131/3010/783 3134/3012/783 3140/3011/783
f 3137/3013/784 3143/3014/784 3122/3015/784
f 3143/3014/784 3125/3016/784 3122/3015/784
f 3130/3017/785 3136/3018/785 3133/3019/785
f 3136/3018/785 3121/3020/785 3133/3019/785
f 3139/3003/786 3124/3004/786 3127/3021/786
f 3124/3004/786 3142/3022/786 3127/3021/786
o _gltfNode_363
v -0.208041 1.758663 -2.954611
v -0.208041 1.758663 -2.954611
v -0.208041 1.758663 -2.954611
v -0.593072 2.787016 -5.088672
v -0.593072 2.787016 -5.088672
v -0.593072 2.787016 -5.088672
v -1.266887 3.661310 -4.545800
v -1.266887 3.661310 -4.545800
v -1.266887 3.661310 -4.545800
v -0.881855 2.632956 -2.411738
v -0.881855 2.632956 -2.411738
v -0.881855 2.632956 -2.411738
v -0.143250 2.639583 -2.541806
v -0.143250 2.639583 -2.541806
v -0.143250 2.639583 -2.541806
v -0.946646 1.752036 -2.824543
v -0.946646 1.752036 -2.824543
v -0.946646 1.752036 -2.824543
v -0.528281 3.667936 -4.675867
v -0.528281 3.667936 -4.675867
v -0.528281 3.667936 -4.675867
v -1.331678 2.780390 -4.958604
v -1.331678 2.780390 -4.958604
v -1.331678 2.780390 -4.958604
vn 0.9848 0.0088 -0.1734
vn -0.9848 -0.0088 0.1734
vn 0.0665 0.9035 0.4234
vn -0.0665 -0.9035 -0.4234
vn 0.1604 -0.4285 0.8892
vn -0.1604 0.4285 -0.8892
vt 0.492218 0.074273
vt 0.492218 0.103485
vt 0.566332 0.074273
vt 0.566332 0.103485
vt 0.589891 0.074273
vt 0.589891 0.103485
vt 0.664005 0.074273
vt 0.664005 0.103485
vt 0.589796 0.074172
vt 0.589796 0.000031
vt 0.566427 0.074172
vt 0.566427 0.000031
vt 0.613261 0.000031
vt 0.613261 0.074172
vt 0.589891 0.000031
vt 0.589891 0.074172
vt 0.664100 0.074273
vt 0.664100 0.103485
vt 0.687469 0.074273
vt 0.687469 0.103485
vt 0.566427 0.074273
vt 0.566427 0.103485
vt 0.589796 0.074273
vt 0.589796 0.103485
s 0
usemtl material_0
f 3159/3023/787 3147/3024/787 3165/3025/787
f 3147/3024/787 3150/3026/787 3165/3025/787
f 3153/3027/788 3168/3028/788 3156/3029/788
f 3168/3028/788 3162/3030/788 3156/3029/788
f 3152/3031/789 3155/3032/789 3164/3033/789
f 3155/3032/789 3158/3034/789 3164/3033/789
f 3161/3035/790 3167/3036/790 3146/3037/790
f 3167/3036/790 3149/3038/790 3146/3037/790
f 3154/3039/791 3160/3040/791 3157/3041/791
f 3160/3040/791 3145/3042/791 3157/3041/791
f 3163/3043/792 3148/3044/792 3151/3045/792
f 3148/3044/792 3166/3046/792 3151/3045/792
o _gltfNode_366
v 0.968951 2.100100 -3.211172
v 0.968951 2.100100 -3.211172
v 0.968951 2.100100 -3.211172
v 1.294541 2.194053 -5.055297
v 1.294541 2.194053 -5.055297
v 1.294541 2.194053 -5.055297
v 0.555936 3.099514 -5.139571
v 0.555936 3.099514 -5.139571
v 0.555936 3.099514 -5.139571
v 0.230345 3.005560 -3.295446
v 0.230345 3.005560 -3.295446
v 0.230345 3.005560 -3.295446
v 0.968950 2.998934 -3.165378
v 0.968950 2.998934 -3.165378
v 0.968950 2.998934 -3.165378
v 0.230345 2.106727 -3.341239
v 0.230345 2.106727 -3.341239
v 0.230345 2.106727 -3.341239
v 1.294541 3.092887 -5.009503
v 1.294541 3.092887 -5.009503
v 1.294541 3.092887 -5.009503
v 0.555936 2.200680 -5.185364
v 0.555936 2.200680 -5.185364
v 0.555936 2.200680 -5.185364
vn 0.9848 -0.0088 0.1734
vn -0.9848 0.0088 -0.1734
vn -0.0000 0.9987 0.0509
vn -0.0000 -0.9987 -0.0509
vn -0.1736 -0.0501 0.9835
vn 0.1736 0.0501 -0.9835
vt 0.531281 0.671920
vt 0.531281 0.699189
vt 0.589847 0.671920
vt 0.589847 0.699189
vt 0.613322 0.671920
vt 0.613322 0.699189
vt 0.671808 0.671920
vt 0.671808 0.699189
vt 0.613242 0.671836
vt 0.613242 0.613312
vt 0.589847 0.671836
vt 0.589847 0.613312
vt 0.636716 0.613312
vt 0.636716 0.671836
vt 0.613322 0.613312
vt 0.613322 0.671836
vt 0.671888 0.671920
vt 0.671888 0.699189
vt 0.695283 0.671920
vt 0.695283 0.699189
vt 0.613242 0.671920
vt 0.613242 0.699189
s 0
usemtl material_0
f 3183/3047/793 3171/3048/793 3189/3049/793
f 3171/3048/793 3174/3050/793 3189/3049/793
f 3177/3051/794 3192/3052/794 3180/3053/794
f 3192/3052/794 3186/3054/794 3180/3053/794
f 3176/3055/795 3179/3056/795 3188/3057/795
f 3179/3056/795 3182/3058/795 3188/3057/795
f 3185/3059/796 3191/3060/796 3170/3061/796
f 3191/3060/796 3173/3062/796 3170/3061/796
f 3178/3063/797 3184/3064/797 3181/3065/797
f 3184/3064/797 3169/3066/797 3181/3065/797
f 3187/3049/798 3172/3050/798 3175/3067/798
f 3172/3050/798 3190/3068/798 3175/3067/798
o _gltfNode_368
v 0.821530 1.752037 -2.824564
v 0.821530 1.752037 -2.824564
v 0.821530 1.752037 -2.824564
v 1.206561 2.780391 -4.958625
v 1.206561 2.780391 -4.958625
v 1.206561 2.780391 -4.958625
v 0.403165 3.667938 -4.675888
v 0.403165 3.667938 -4.675888
v 0.403165 3.667938 -4.675888
v 0.018133 2.639584 -2.541826
v 0.018133 2.639584 -2.541826
v 0.018133 2.639584 -2.541826
v 0.756739 2.632957 -2.411759
v 0.756739 2.632957 -2.411759
v 0.756739 2.632957 -2.411759
v 0.082924 1.758664 -2.954631
v 0.082924 1.758664 -2.954631
v 0.082924 1.758664 -2.954631
v 1.141770 3.661311 -4.545820
v 1.141770 3.661311 -4.545820
v 1.141770 3.661311 -4.545820
v 0.467956 2.787017 -5.088693
v 0.467956 2.787017 -5.088693
v 0.467956 2.787017 -5.088693
vn 0.9848 -0.0088 0.1734
vn -0.9848 0.0088 -0.1734
vn -0.0665 0.9035 0.4234
vn 0.0665 -0.9035 -0.4234
vn -0.1604 -0.4285 0.8892
vn 0.1604 0.4285 -0.8892
vt 0.527374 0.314508
vt 0.527374 0.343720
vt 0.601488 0.314508
vt 0.601488 0.343720
vt 0.625047 0.314508
vt 0.625047 0.343720
vt 0.699161 0.314508
vt 0.699161 0.343720
vt 0.624952 0.314407
vt 0.624952 0.240265
vt 0.601583 0.314407
vt 0.601583 0.240265
vt 0.648417 0.240265
vt 0.648417 0.314407
vt 0.625047 0.240265
vt 0.625047 0.314407
vt 0.699256 0.314508
vt 0.699256 0.343720
vt 0.722625 0.314508
vt 0.722625 0.343720
vt 0.601583 0.314508
vt 0.601583 0.343720
vt 0.624952 0.314508
vt 0.624952 0.343720
s 0
usemtl material_0
f 3207/3069/799 3195/3070/799 3213/3071/799
f 3195/3070/799 3198/3072/799 3213/3071/799
f 3201/3073/800 3216/3074/800 3204/3075/800
f 3216/3074/800 3210/3076/800 3204/3075/800
f 3200/3077/801 3203/3078/801 3212/3079/801
f 3203/3078/801 3206/3080/801 3212/3079/801
f 3209/3081/802 3215/3082/802 3194/3083/802
f 3215/3082/802 3197/3084/802 3194/3083/802
f 3202/3085/803 3208/3086/803 3205/3087/803
f 3208/3086/803 3193/3088/803 3205/3087/803
f 3211/3089/804 3196/3090/804 3199/3091/804
f 3196/3090/804 3214/3092/804 3199/3091/804
